SimulationID,AdjustedLatency,AdjustedNetworkCost
979bcf2d-198f-4892-becd-27b912940189,0.5863563395042,225.77999999999997
b436e34e-beb8-444d-85ea-0eee92903241,0.58541540719655,209.77999999999997
b9f8be5d-1709-43e7-9399-08ba4aeebe7f,0.5843917941022,267.7800000000001
ed8d6268-a5c7-40df-9b89-a048bda9af13,0.58537118909405,242.77999999999997
b89a742f-656d-43a9-8e78-50add95373c7,0.585780306199,223.77999999999997
23daffe8-7b11-462e-94f5-79e465566dde,0.58496938048235,216.77999999999997
a18cb703-69cb-4635-a433-e4cbc853b63f,0.58297607945145,253.77999999999997
ad6ed8b5-d8b0-4c64-a444-65a51571c388,0.58681538161155,287.78
5a37d41a-de11-47b1-913f-ef1133dfa3f0,0.5852153533104,250.78
d16c85a1-1c91-4d50-8964-670b7992a499,0.5811324830782,296.78000000000003
2af5708d-1a26-43be-ae8d-4abb7009050d,0.58596912455515,209.77999999999997
ec5085a6-986d-44c7-ab52-d5a99796923d,0.58736341191605,242.78
c527f555-9c71-433d-9aa5-5e0d0ad5ae4c,0.5836185015848,246.78
39abd212-dcff-421e-b9f4-00af3f52134a,0.5798143124449,221.77999999999997
fce0ab0d-8aa1-4b46-be8c-61f581ed66ed,0.58031687899125,242.77999999999997
f0a5f9ac-decf-4efc-8e3e-e7bf6a486a02,0.58563997545705,236.78
3670a5aa-4d4b-4d16-91ef-42d23e28141c,0.5863563395042,225.77999999999997
a393af49-6c8a-4e5f-a342-7189ecbf6107,0.58541540719655,209.77999999999997
4e3415bc-6762-49ed-be1a-e3b276679d29,0.5843917941022,267.7800000000001
72895541-24a1-44d4-9c0f-92e83fad8c17,0.58537118909405,242.77999999999997
4ad2904e-6d3f-4a28-963c-025aac1b4025,0.585780306199,223.77999999999997
3de16e20-17c3-440d-997c-9ed21c09cf09,0.58496938048235,216.77999999999997
59b7dc97-d5cc-46b0-beca-2852c0ef4b30,0.58476762414665,248.77999999999997
8f0de1c9-f197-4f71-b78b-6a83bd60a879,0.58681538161155,287.78
fd9df576-b37e-477a-a0ac-a0434d29480e,0.5852153533104,250.78
ecdb4c69-c65d-43fc-8ccd-b593e5d3435b,0.5811324830782,296.78000000000003
06ddbe0b-6156-442a-8653-d186f9258a6c,0.58596912455515,209.77999999999997
9bd8105c-2531-4b1c-ae30-cdc4a10df06a,0.58736341191605,242.78
a9a68c67-0291-4d02-ac54-c70eaa654614,0.5836185015848,246.78
3c23e94e-be6b-4780-b2f2-dc79905e5547,0.5798143124449,221.77999999999997
a1f67e79-bc61-4a26-aced-9d23226359e2,0.58031687899125,242.77999999999997
17259360-8a54-475e-bdd7-ec9b57b6c31d,0.58563997545705,236.78
74cb7646-3efb-4933-8de2-a69d57b356c8,0.5863563395042,225.77999999999997
4e36621f-be08-4062-b64c-7de55557a032,0.58541540719655,209.77999999999997
5edf3010-8648-4746-bc4a-170e2bccd805,0.5843917941022,267.7800000000001
d0b36548-fe0b-4415-8e72-77c4aa5585f7,0.58537118909405,242.77999999999997
d824c779-23ee-469c-bdba-ab6ccf6609d8,0.58649707554275,220.77999999999997
33932502-9ed9-4e04-95b8-ec94099fea74,0.58496938048235,216.77999999999997
0c767fef-4f2d-4c2d-b4f5-5e59f35cd72e,0.58476762414665,248.77999999999997
6c782632-9097-4ce6-a560-a32f1ffa68dd,0.5871390897608,284.78
1f031583-6218-4479-a91f-798c0b6fdaa0,0.5799861975344,247.78
aeb5f376-9f75-4dea-9324-f63fb135ced3,0.5800204307518,286.78000000000003
6041282a-b7bd-48a3-be6d-d73133f58e2a,0.58439023982535,206.77999999999997
225c02a4-a2bd-4525-bc07-1410aa3d9e42,0.58736341191605,242.78
d0f78bec-96d0-4b1b-b064-c935af42ff68,0.58542511707505,241.77999999999997
26c02418-dda4-43aa-9e40-fadb24342a14,0.58250653915095,222.77999999999997
349fe2b4-114a-470e-82a0-629a59c538f1,0.58031687899125,242.77999999999997
5b2af795-55a8-420a-a68c-7e036c0d71fb,0.5842698137474,237.78
bda489db-48de-49d6-b6bc-d798b20a63c4,0.58821617019185,217.77999999999997
6897d49d-ad46-4d7d-998b-a8c58b88e99b,0.58541540719655,209.77999999999997
01e5a6f1-cd38-4a5e-a97b-23549a5afd55,0.5843917941022,267.7800000000001
caf04815-00ec-41fa-acb3-b25d08b95b7e,0.5863012809177,232.77999999999997
1f02a46c-8bc9-4ebe-8286-3212140b9a5d,0.58649707554275,220.77999999999997
30679053-822b-4b57-a9c9-618d5708bfe9,0.58496938048235,216.77999999999997
7a4ea426-e685-4170-9c30-718b47280b28,0.58476762414665,248.77999999999997
8ee44f91-354c-4453-a528-22418c9ea4be,0.58409692785845,279.78
c43ebdeb-6236-49d6-8b2b-b67f675127ee,0.58346810111365,241.78
0d0888ef-d4c9-444f-9718-6fd29622b0f0,0.5800204307518,286.78000000000003
7edcaa67-255d-480b-967a-823e976f1aec,0.58439023982535,206.77999999999997
b8882945-b319-456d-8e81-4dc32c7724b3,0.58736341191605,242.78
32518d3f-7ac1-4cd0-9cfa-8fe7404e1550,0.58542511707505,241.77999999999997
13873536-7866-4370-996f-3f5afb5698a0,0.58250653915095,222.77999999999997
9e80bc1d-9241-4439-b6cc-ef5e479751dc,0.58031687899125,242.77999999999997
d8f25ab9-2770-4749-a682-bcb004c97152,0.58208904780825,241.78
6f346672-7284-4d49-9a19-f82dcc3d98c5,0.58821617019185,217.77999999999997
e9c377f2-ab87-47d7-8f2a-92d5d73b1534,0.58541540719655,209.77999999999997
3734589d-65e7-4e9f-b58a-1454d79b24b7,0.58672695246835,264.7800000000001
ce34745b-7fb3-4d28-836d-3393572ccf50,0.58600997878335,235.77999999999997
0906571d-35d5-4a77-b62f-3dd5b96dc38f,0.58649707554275,220.77999999999997
d9181f60-9fc3-4775-b4d1-16b7015d521c,0.58496938048235,216.77999999999997
e6399c03-a151-4203-b732-2ae89f299de2,0.58476762414665,248.77999999999997
2d88b30f-2df9-4f4d-a99d-0f9acecf73e3,0.5851397036835,282.78
e85b155d-da82-41a3-8f77-233bf62ac31e,0.58489700685255,231.77999999999997
351884a1-2af0-4750-8422-4496aae7b9c8,0.5837595755693,283.78000000000003
610074c8-dc31-41c5-b517-6decf94c80e3,0.58424161284665,201.77999999999997
7c57a47a-3d7a-4e3d-9236-b286e8ba6e93,0.58736341191605,242.78
64801bae-d11b-40e3-9702-31c9b203cb3e,0.58542511707505,241.77999999999997
c8934a3c-7df7-47e5-87c2-53a365344866,0.58250653915095,222.77999999999997
2708a9b8-a704-4812-8ba3-9f81411559fd,0.58031687899125,242.77999999999997
5ac32cf3-18e9-4c3e-af0e-e2fa0780ef34,0.58208904780825,241.78
dce5d4b8-8f0e-49b1-bdd5-572d33c2860a,0.58821617019185,217.77999999999997
771e88be-c96c-4e9b-a6e9-3d22fdb17a21,0.5831101745767,210.77999999999997
bf9d2905-2f94-4cfa-8f2e-a0091647f670,0.58569365056905,265.7800000000001
2cc907ab-9c36-48b0-a713-5c7a6f551a33,0.58600997878335,235.77999999999997
a69bb58c-4c64-4081-98e8-cf52d9e18085,0.5857465962343,215.77999999999997
17b09c19-9cae-4783-b5d6-a5af38ccfc0a,0.58496938048235,216.77999999999997
c49bb084-eb35-4d94-9fe3-c72512959aca,0.5846266706378,243.77999999999997
da9218ce-71c0-4de2-b0c3-e01fc3bc977a,0.5851397036835,282.78
309768a2-b785-4ffe-a2e7-2da8f6e4d31d,0.58398952437815,226.77999999999997
e1765ff3-eeac-4369-868d-d9ecc2a0f68f,0.58084730833375,286.78000000000003
9901203f-4b32-4dd3-8117-f38076f78fb5,0.5842509974166,202.77999999999997
65223b13-752a-459d-a35d-553230a89219,0.5847583723889,238.78
44d07d95-ad14-4e1c-bb2d-13a23c36c833,0.58632789968495,239.77999999999997
c693fc4b-0b17-401b-a618-eb57b417265c,0.58397800682735,217.77999999999997
cb0e8a29-cc1e-4ff7-8cd3-ee4dce0a12c2,0.58404235650045,237.77999999999997
56f982c8-8ed7-423a-b8bb-bf00e69bc7b2,0.58208904780825,241.78
346403da-7265-4d19-81aa-b9d05f6f21e5,0.5868748523352,214.77999999999997
89745f0d-816c-4afc-aed4-910d3fe98905,0.5825571739994,205.77999999999997
fc5afab4-423c-4d07-8a02-072ae5c2ce39,0.58569365056905,265.7800000000001
42521690-96f3-4f7f-89f5-c73c99a5e1bf,0.58600997878335,235.77999999999997
84cf3b07-38f3-4fe3-b955-d282297155aa,0.5866646746798,213.77999999999997
6744a169-72af-41d6-8d78-576703108050,0.5818750490303,216.77999999999997
66eb239d-408c-4204-8479-e03191256db2,0.5810371830771,244.77999999999997
c632099c-868a-4128-b4f7-7b57b85bd466,0.5851397036835,282.78
73fc3c16-fe65-4a65-b944-5d51f3283ab1,0.58236770561115,222.77999999999997
d55a7c02-7b7b-40a6-bff7-b3f2e62c3095,0.58084730833375,286.78000000000003
4a09c549-86cc-4bf9-aab3-b0911076812d,0.5842509974166,202.77999999999997
55b8710f-d9e1-4d6c-a9b1-66da24f0610c,0.5847583723889,238.78
33e9ad9c-0984-47fe-9578-d2df2a2be861,0.58632789968495,239.77999999999997
6003cb7b-0326-4e0c-9dad-960252f04823,0.58397800682735,217.77999999999997
8f4668b7-7674-4a6c-8472-f366a0baf9db,0.58404235650045,237.77999999999997
4672f7bf-82b2-4781-807d-4b217a0ae0ed,0.58208904780825,241.78
04bf1e4f-506a-4b71-b0a3-83ab562972b3,0.5843072266,215.77999999999997
f0e1b773-7559-48d4-b10d-df643702aa6b,0.5825571739994,205.77999999999997
c270ab8c-b5fc-4452-966b-955da5ce0b5c,0.58569365056905,265.7800000000001
603149b8-2018-4248-9412-b2e02a971150,0.58811667004395,238.78
36fd0f8a-e957-4a9c-b27c-f4e8711db9c1,0.5850894917702,208.77999999999997
20125e26-f72d-422f-8181-95290a832ece,0.5818750490303,216.77999999999997
6d8ffa76-0b5c-43f2-9f69-a2cae74e27d7,0.5820456912068,234.77999999999997
6159c520-7c57-4ae5-bc58-cf8dd2cfe60b,0.5851397036835,282.78
10b2f0d4-5fe6-4273-b727-cfd170d17ac0,0.58236770561115,222.77999999999997
834a075a-b4d4-477a-bfce-8a6db3958c77,0.58084730833375,286.78000000000003
eefe166d-467b-4fd6-b08b-9339bb1f2e22,0.5842509974166,202.77999999999997
ef981a8e-fad4-4d61-99fe-90debaa2fa25,0.5836319015495,239.78
614423e1-4f25-4438-8c80-10530435fd3f,0.5845648694138,229.77999999999997
9c3decc9-7774-42be-b6a4-2ba050931359,0.58397800682735,217.77999999999997
dfec40b4-66ba-487f-9531-408ae290789c,0.58340787532065,228.77999999999997
762602c6-555c-4dc0-b75e-ed3997ab0b8e,0.58208904780825,241.78
378c067a-0ce5-4c7a-af0e-f8255b1ab3ba,0.5859787163322,218.77999999999997
4649edc3-30e4-4b57-a38e-2a40fed70bca,0.5825571739994,205.77999999999997
5bfa588d-f342-41a6-8c9d-0727397ebdcf,0.58569365056905,265.7800000000001
67eb90b6-bf92-40e0-95f8-2c1a296b333e,0.58600997878335,235.77999999999997
7247961d-e2c3-48d5-9794-b38f41b00823,0.5850894917702,208.77999999999997
81ae2756-7d64-4f70-a209-e4487f9ea433,0.5809848999413,220.77999999999997
591d5810-662c-4a11-b29e-47e2aa75cc1c,0.57846249885335,219.77999999999997
4048e63e-7fe2-453e-a805-664fe06be29d,0.5851397036835,282.78
d7148024-b10b-4f75-b796-2e0ec72a32b3,0.58250666205535,213.77999999999997
c7911716-daad-4461-b38a-06c53e450e47,0.58084730833375,286.78000000000003
9bd4df52-adcd-4421-beda-d71ee065f0cd,0.5842509974166,202.77999999999997
a9b22180-60f9-4bcc-b337-05ad07b5246a,0.5836319015495,239.78
c64668ce-8179-4963-8116-9d1cff386a2a,0.58464435303755,227.77999999999997
445b1ab9-f85f-4469-b108-324482bffd65,0.58397800682735,217.77999999999997
2ac54520-c1f6-49fb-9d66-ef0dda4eca12,0.58604193355765,225.77999999999997
37da5eec-b9d8-432e-956a-69dcdc318801,0.58208904780825,241.78
a213a44c-f1d5-4899-bab7-6adef90dac6e,0.5859787163322,218.77999999999997
ca993ba2-5d83-4d9b-b0fc-f05f33aac423,0.5853598761967,204.77999999999997
de4e4ad4-16da-484f-976d-25a3f5c6d1da,0.58569365056905,265.7800000000001
f3bed8b3-e615-41bf-b412-9e10f674c333,0.58600997878335,235.77999999999997
521311ed-4e49-4605-979c-a390718f765f,0.58296622851455,208.77999999999997
962813ee-c9cd-4b7c-aedb-ced667c6d877,0.5809848999413,220.77999999999997
c7939aea-4310-4889-85a2-4d051ba9b570,0.58215678589025,218.77999999999997
315c7bf9-572b-42a5-9e6f-c47cc1604bcb,0.5851397036835,282.78
496367b7-2113-4594-b471-d6e16ccb1d8c,0.58055783377635,221.77999999999997
57f2e85e-d6e1-4522-8e64-e03f19bd85f0,0.58084730833375,286.78000000000003
18aeaa14-36d0-4d26-a706-6fa0ef40e947,0.5842509974166,202.77999999999997
6d34947f-1023-4ddb-8a91-915cc10a250b,0.5836319015495,239.78
019cd9f1-cd2b-453d-aa42-a8082836a5db,0.5832249859316,227.77999999999997
d4ef7c37-8680-4801-91b3-9593746a0f6c,0.58397800682735,217.77999999999997
4b50afea-d277-495d-a145-79d7da58c14e,0.58268164873185,226.77999999999997
42ea5d97-ee83-4faa-8022-f8b0b28f8d9c,0.58208904780825,241.78
04971707-b130-46c2-b7ad-a80926e1c5fa,0.5859787163322,218.77999999999997
b623cf70-3c57-4b7b-9b68-45defd97bde6,0.5853598761967,204.77999999999997
9364cd18-519c-4c34-937e-e0e7e6c18dee,0.58569365056905,265.7800000000001
535a50e0-f555-4c35-b002-d4c92810d9ca,0.58600997878335,235.77999999999997
316b7023-8fa9-49ff-8067-076e625d84a7,0.58327777862195,200.77999999999997
13bc0751-b292-4612-b6a3-3c504f293268,0.5809848999413,220.77999999999997
eca11f6e-2272-4904-b91b-f81b899b0758,0.5855162396531,223.77999999999997
f562ae13-2b9d-43df-bdd4-dbe673fe8766,0.5851397036835,282.78
a2bb7fe2-2b76-40d2-81ab-0b69e45dd3d8,0.58055783377635,221.77999999999997
418359aa-e5cf-43a5-98e7-9e9f0dc0c59f,0.58084730833375,286.78000000000003
f509f951-babd-400c-9a6b-fdab934693dd,0.5842509974166,202.77999999999997
7cf3c123-ad8e-4e61-89cc-885ed6e7f346,0.5836319015495,239.78
43ab74f6-f730-4f24-be2d-d7d58d5a11fd,0.58419337049385,231.77999999999997
b33838e3-2703-4601-b78a-945140adcafc,0.5812150575237,215.77999999999997
90123e79-ba5e-4adb-826b-be0bb8eab686,0.58449193945145,218.77999999999997
4e6a604f-0207-4084-a7dd-a211040cd36a,0.58208904780825,241.78
6b56599b-831b-4cc5-b1c6-f40759fdec93,0.5859787163322,218.77999999999997
b90d2208-1750-4d1a-a005-2ea6ef59b60d,0.5825571739994,205.77999999999997
d149ee9e-2a42-4366-a6c2-904da29fe2fc,0.58569365056905,265.7800000000001
8e74e290-9ee7-4aa0-ad7e-627ed0269955,0.58600997878335,235.77999999999997
d7e8faa7-8fe2-40fe-89e8-5fa2ddb5fc33,0.58321150476975,199.77999999999997
d58d3702-b9d9-4e5b-8b49-020c21c5e563,0.5809848999413,220.77999999999997
a999dbe0-2a53-4e31-8389-0ff9a5f4fc6c,0.5855162396531,223.77999999999997
7336e4d7-d4e3-484a-acfc-3e03bb48b9c6,0.5851397036835,282.78
8f952cac-189f-414b-849e-524cc7c26120,0.58055783377635,221.77999999999997
0a5deb0c-2da3-4d91-8b52-a91fbc2202bd,0.58084730833375,286.78000000000003
035d4611-8f2a-4171-9404-5736002179f2,0.5842509974166,202.77999999999997
65bf4c3d-c68d-4b0a-83b2-2264c3520b1c,0.58440126466135,240.78
f6cde07e-0dbf-4472-acdf-33565db71cae,0.58419337049385,231.77999999999997
1ba9d90f-3a35-400c-9e32-6676be30cddf,0.5837890670347,207.77999999999997
7ad6e157-cd41-4d9b-91c8-53d6112df5bd,0.5846033685741,207.77999999999997
fccd2290-9321-42eb-8a34-42e15db868b9,0.58208904780825,241.78
1a0fb61e-4930-4dd4-a476-593aa7211c7a,0.5859787163322,218.77999999999997
795fe8f0-8570-4f66-aeb0-debb30ba7a18,0.58039894806485,206.77999999999997
5bcec88d-b3ac-4077-a97e-90b894def6a0,0.58569365056905,265.7800000000001
e73a1cac-8e77-4f99-ad3d-b77e00db237e,0.58600997878335,235.77999999999997
414bd473-dc27-477e-931b-8d023dfc8f22,0.58444918557115,202.77999999999997
a907d453-56d2-4684-bfde-88bee419257a,0.5809848999413,220.77999999999997
64a2e8d0-5f9a-45a4-9a33-0e12f049970b,0.5855162396531,223.77999999999997
a1421733-ae6c-4a12-a891-0d322b21bdb5,0.58409692785845,279.78
a5f7d00b-ab87-4ce2-86a7-6c9a37733fcf,0.58055783377635,221.77999999999997
29edc71a-1f89-4168-9ecb-605839ca1d9f,0.58084730833375,286.78000000000003
44efe9d6-1c0d-47c9-b6b6-af819735862a,0.5842509974166,202.77999999999997
ecc2b605-323b-4ffd-8300-34dd475a6c92,0.58440126466135,240.78
d28e2ff3-d01c-499f-a927-d5331382f2f9,0.58419337049385,231.77999999999997
aae971b3-d138-469e-ba64-b8b4dcae1826,0.5829465308214,205.77999999999997
621dd568-7529-459b-8323-fa5ea4c49877,0.58246261699285,201.77999999999997
14f0ad83-49ed-483b-9dbd-fc8f61ec0283,0.58208904780825,241.78
697fc527-2805-4e9f-a0af-6c6b9f86625b,0.5859787163322,218.77999999999997
b9c00a21-f9ce-423a-adb8-22cc0f207d9c,0.5808945309859,194.77999999999997
84cb09e4-efc4-4db7-aa62-02d40907ec3a,0.58569365056905,265.7800000000001
36629558-1f35-4177-85c8-9db22d45bb4a,0.58600997878335,235.77999999999997
53479fcf-d410-45f9-95fa-a97eddd2fbb6,0.58444918557115,202.77999999999997
5fb86f20-86e3-448a-9c4a-8aebcde30e1a,0.5809848999413,220.77999999999997
7fde1c38-0a0b-4ce5-89da-acd72039d0d5,0.5855162396531,223.77999999999997
3ee637f8-47b5-47de-a286-160cdcf042ec,0.58421040919515,280.78
b77bf43a-c8f0-41ea-99eb-8d66077d7f3b,0.58055783377635,221.77999999999997
8346aae1-f736-441d-bf23-5b1a072eb5e4,0.58084730833375,286.78000000000003
586432fc-e0d5-46a5-9e75-ba90d8436405,0.5842509974166,202.77999999999997
c2345f4b-1641-41af-b7e7-f084898473ac,0.58440126466135,240.78
9c2a9f46-4c81-464f-baff-16d06efe5ce2,0.58419337049385,231.77999999999997
ef6d7196-a317-4318-ab1a-378a6239cd8c,0.5829465308214,205.77999999999997
e52f55a3-56a3-47a5-ad0b-186c56ef5a8d,0.5818371055949,204.77999999999997
097e08a4-19ca-4b46-ba56-9c47e02015f2,0.58208904780825,241.78
cd8473fa-7d21-43c9-8fcd-1ce690eb026a,0.5859787163322,218.77999999999997
e79ce795-3950-45ef-b6ba-118ecba206f6,0.58166163977695,195.77999999999997
e3fc646f-6fa4-45df-aa21-051a114db935,0.58569365056905,265.7800000000001
97141d25-3e02-4f66-87f5-571fd7e400e5,0.58600997878335,235.77999999999997
4933941c-30a9-411f-806e-e85996818b85,0.58444918557115,202.77999999999997
3c91625a-d350-4dde-aa8d-6363f655df65,0.5835034027097,217.77999999999997
02336fa5-3c78-4410-9fe9-90b94bf4928a,0.5855162396531,223.77999999999997
327d8338-8c64-4631-836a-6796872ef78d,0.5859615941592,275.78
63839074-23a3-4c4a-8a7f-bbd3fd6f3c14,0.58055783377635,221.77999999999997
a3369bc2-5c61-45e3-bc42-ea72dc7b95ad,0.58084730833375,286.78000000000003
2119b13d-2c8f-4aa8-996b-3a2cc85b260a,0.5842509974166,202.77999999999997
dd169207-9da7-48bc-b844-03bcb6a4d7bb,0.58440126466135,240.78
65058c10-77c3-4fca-90f1-23a2cc7321bb,0.58419337049385,231.77999999999997
337d16c1-d89f-4754-816f-c03e45c9d97c,0.58475755389145,187.77999999999997
8c46e3d7-d174-4102-9810-c43c1c87d67a,0.5818371055949,204.77999999999997
01c054e2-190c-43b2-aab8-7173df258202,0.58208904780825,241.78
423e2ed1-d342-4553-bce3-cf19c27a4c5d,0.5859787163322,218.77999999999997
4291e86d-19b6-473a-b48d-04a91e993d36,0.58258447631145,197.77999999999997
7fe743db-ae8c-4c89-ba10-891f7b1d5439,0.58569365056905,265.7800000000001
7980e142-943e-4d9d-860b-8dc096a02bc3,0.58600997878335,235.77999999999997
21debb8e-adff-43b0-be43-698fcf28905e,0.58444918557115,202.77999999999997
6578a178-b8fb-407e-8834-cdd8744b0e6c,0.5809848999413,220.77999999999997
c10962ab-22f0-4d67-8170-d4e805e9fa8c,0.5855162396531,223.77999999999997
174849e9-4311-47fd-8c5c-1cfdaa9b3b01,0.582732229091,270.78000000000003
9e40943a-c444-4a7b-9439-351ccba63b9f,0.58055783377635,221.77999999999997
58ace5fe-c474-4a4f-bf1b-127453f23d0e,0.58084730833375,286.78000000000003
74b3a1b0-0996-48aa-a613-74407ecc42ec,0.5842509974166,202.77999999999997
7f7b4006-2a9d-4af2-b1a0-134d7ca11637,0.58440126466135,240.78
66f5184e-a4e6-419e-84a3-7ec44a816400,0.58419337049385,231.77999999999997
1eb9bd97-8855-4cc8-bfcc-7606f754021c,0.58029834018215,181.77999999999997
095fd1ac-bdbb-449b-8104-1cb48ebe988e,0.5818371055949,204.77999999999997
df2dcc1e-059e-468e-bf57-6ad89ccd2dc0,0.58208904780825,241.78
4a599e5d-5693-401d-b998-c798925c4d76,0.5859787163322,218.77999999999997
30b488ac-452b-4d0d-9d82-17c6adf3fbbd,0.58166163977695,195.77999999999997
eff973c6-157c-46b2-9806-ccba92dee28e,0.58569365056905,265.7800000000001
40eae20f-a9de-483c-b6ec-e23d5d700b44,0.58600997878335,235.77999999999997
bbd412a2-25a3-4022-8108-fe1335d66020,0.58444918557115,202.77999999999997
6d9d5cbd-153c-433a-8897-13b95dda52ca,0.5809848999413,220.77999999999997
c1a19b34-c66f-4e95-9a31-655d63e6564c,0.5855162396531,223.77999999999997
9943396e-985c-4a40-8e50-4cb9b95b3fc3,0.5858379887134,265.78000000000003
25ee7e61-42ea-4995-b5f7-824732542e54,0.58055783377635,221.77999999999997
8b1d7812-3580-43e1-b1a4-aeeb3b238dee,0.58084730833375,286.78000000000003
06ff91fe-809d-48b7-80fa-a94cf7dd3cc1,0.5842509974166,202.77999999999997
ef940bb7-1937-42b5-9b49-1b62814d3067,0.58440126466135,240.78
4897d762-784e-49c2-987f-f850253d44a0,0.58419337049385,231.77999999999997
64305992-0165-469c-a717-968f5e28b1fc,0.58187618628595,178.77999999999997
0fb2dd7a-71f4-4970-937d-5282fe0b5469,0.5818371055949,204.77999999999997
313e709f-4d64-4aa3-970d-75799f2c7e5d,0.58208904780825,241.78
9a08ab6d-dece-4963-9d2f-a3554a104eef,0.5859787163322,218.77999999999997
e07060ad-8c2b-4223-b65b-b1f2c85000d3,0.58386583163235,196.77999999999997
fd3fadfb-b027-474c-8fed-f5fdb3dde164,0.58569365056905,265.7800000000001
36ab2252-522d-4dfb-bdce-51adedb06ba5,0.58600997878335,235.77999999999997
10da7bf6-fea8-4076-a205-8c1f468d3a77,0.58444918557115,202.77999999999997
64e6b66b-c0e4-4f37-9e36-bdca61955f26,0.5809848999413,220.77999999999997
35fbc2b9-0bb7-4873-b953-761cc3c0367c,0.58215678589025,218.77999999999997
d785b3ab-e6cc-4b2d-bbde-fca43af7dea7,0.5826136971473,260.78000000000003
94e14d9a-e15b-4138-a57b-06fc3534c463,0.58055783377635,221.77999999999997
e2a2917e-085a-4608-bd6f-4f49fcaaf925,0.58084730833375,286.78000000000003
4f38ac01-a60f-48eb-8da0-cd22be8c389c,0.5842509974166,202.77999999999997
d19e7a42-f2ff-4992-be53-5ba89a6e48df,0.58440126466135,240.78
a6bf9e45-0659-4b51-be7b-94c925ba94ec,0.58419337049385,231.77999999999997
f281a77f-d567-48df-a240-9054ae645213,0.5829759172541,180.77999999999997
74f60621-fcc8-4188-81e8-84b522cac405,0.5818371055949,204.77999999999997
711fe9e6-4328-47b0-99c7-5a2a5272a3d2,0.58208904780825,241.78
19e02806-a61c-4ba1-8c95-38e2b71cc6dd,0.5859787163322,218.77999999999997
57ad8c8c-5026-4c8b-be0e-ba9130e9c4cc,0.58386583163235,196.77999999999997
5b769b16-da98-48aa-934e-7c0ba8c2b2a5,0.58569365056905,265.7800000000001
ec3f3be0-ca14-4d82-8361-8590fd200d3c,0.58600997878335,235.77999999999997
9fee57c5-c530-484a-a875-f12af81ac73e,0.58444918557115,202.77999999999997
d0771dd1-ee01-4b5f-821e-81b97c314bea,0.5809848999413,220.77999999999997
500843ef-83dd-4d74-b3ab-cae3c7bc72bd,0.5855162396531,223.77999999999997
e5463305-d80f-4dfd-91b0-fa0e6fd49cb8,0.58562121808505,250.78
adaf0c2b-0a78-4ce2-9c35-2c7cacc4650b,0.58055783377635,221.77999999999997
6c91fe48-7d81-4103-8e8d-0a9f3fb6ef70,0.58084730833375,286.78000000000003
d738bdda-ded8-450b-aff1-64a2b948ff5a,0.5842509974166,202.77999999999997
7a23cafa-4854-4d3f-83de-ac9b7a3cb15c,0.58440126466135,240.78
8a7dd27d-f713-4cfd-a74d-65ff13d8b878,0.58419337049385,231.77999999999997
73a8076c-34de-4476-9df9-c3b97af5cfdd,0.5829759172541,180.77999999999997
6479bf49-3228-453f-81b9-b8e033ac76a1,0.5818371055949,204.77999999999997
ba77af43-4548-44ae-961f-13d9788f88b8,0.58208904780825,241.78
ddd40cb6-3afc-47ed-ac48-d56cf9dd6239,0.5859787163322,218.77999999999997
869bd86d-b7a7-4e04-91c4-3eb99111ea1c,0.58386583163235,196.77999999999997
1abb7d1a-717c-4f3b-8ef6-a5c408c7722e,0.58569365056905,265.7800000000001
48d8f286-f399-45bd-bcb6-140a4c07f92b,0.58600997878335,235.77999999999997
18afe9f2-4457-4904-867b-4ed7ec49372f,0.58444918557115,202.77999999999997
3eb91ac1-0c5c-4387-9d13-7fcea4045102,0.5809848999413,220.77999999999997
b377ce06-dbd6-4a39-ac5d-dd3e024f1f23,0.58215678589025,218.77999999999997
a596250e-32e3-4440-976a-b39e88b6bb16,0.58496574598165,237.77999999999997
e280c9f1-79ef-49b8-876b-684cfff1e485,0.58055783377635,221.77999999999997
ead4adf2-21ba-42b0-b2d7-c80bd82dc018,0.58084730833375,286.78000000000003
4001d12c-ccc2-43bc-8bcb-954ee22d2d12,0.5842509974166,202.77999999999997
5d3d6b16-308f-442b-bd0c-91e6ec45a0fc,0.58440126466135,240.78
4cef85b6-1f1f-4f6f-8d24-ecef83763582,0.58419337049385,231.77999999999997
29caa124-21f3-4dc1-943b-7110a0ea3695,0.5829759172541,180.77999999999997
4db04e8d-ca1f-43e5-9870-d853d7fd0528,0.5818371055949,204.77999999999997
bedd9f05-5f9d-45ae-b76c-eaf27abddbe2,0.58208904780825,241.78
49c2dc5a-62f9-47b4-9822-14ce44256a44,0.5859787163322,218.77999999999997
1ef45787-26ae-4399-8b43-7ce01031b91a,0.58166163977695,195.77999999999997
d21fc41d-b228-47bf-84d7-e394293fa30d,0.58569365056905,265.7800000000001
89af8296-46db-45bf-97a4-b6962247c621,0.58600997878335,235.77999999999997
c52f70f0-d91d-4187-a466-c468cd9da359,0.58444918557115,202.77999999999997
3d45a284-e7ac-4a62-8281-4d022af870ca,0.5809848999413,220.77999999999997
0b0adc23-a1d1-4a75-b00c-9e2c9d915014,0.5855162396531,223.77999999999997
f4be5a14-6b73-42b5-8daa-1bdaf0876281,0.5853731593186,235.77999999999997
e965a0fb-c772-44f5-b5cc-26fe77e07b37,0.58055783377635,221.77999999999997
a3a6a38b-3779-4764-9348-74f6aaeb8e76,0.58084730833375,286.78000000000003
85d1a953-5b70-4491-af3a-f190bddf3c54,0.5842509974166,202.77999999999997
117a1f14-65ca-4a22-af79-5377e9ac9514,0.58440126466135,240.78
da22672b-fb12-43a9-8ee0-f66ea0f6bfb7,0.58419337049385,231.77999999999997
99970b2b-bc9a-47a9-86f1-1d29b08f8d7e,0.5829759172541,180.77999999999997
660a4dcd-46ab-4255-95f6-677b58da9453,0.5818371055949,204.77999999999997
71d400f0-b465-450e-a67a-10d977088cbb,0.58208904780825,241.78
9fa5f45a-5060-415a-9b29-01cc20ae81b9,0.5859787163322,218.77999999999997
6ba0cbcd-baf8-46cc-b1db-00d99422b1d0,0.58386583163235,196.77999999999997
0e059f61-f699-4317-996b-f06ca26842ff,0.58569365056905,265.7800000000001
483eca44-6716-4504-b703-a59b7e0dac2c,0.58600997878335,235.77999999999997
cf13cbfd-d0f2-468a-8ed4-029000338543,0.58444918557115,202.77999999999997
4ac255c0-a66e-4c5e-870d-3468f80606d6,0.5809848999413,220.77999999999997
f7140159-da45-4ff7-904f-b259162902c9,0.5855162396531,223.77999999999997
f3a3eb13-1394-4452-a3ce-7e1ac25f2fb6,0.5843258189009,219.77999999999997
909ebab6-d7f4-4372-acb0-7785f0a187cf,0.58055783377635,221.77999999999997
607b1c7d-7b9c-442b-997a-645be9bb1bc1,0.58084730833375,286.78000000000003
1816de67-8072-4f96-8c17-a61b5c1401b5,0.5842509974166,202.77999999999997
7836880e-10d2-4d4d-b89a-113e6504b9fa,0.58440126466135,240.78
ec37b968-f010-40c3-aaf9-7249218ac648,0.58419337049385,231.77999999999997
c6802bc7-04fe-4378-8420-5dfd3a9d03c1,0.5829759172541,180.77999999999997
8861a421-1721-482d-8b72-8e8e390fb251,0.5818371055949,204.77999999999997
7b9e4866-b2a8-415e-b6db-b074512c6eae,0.58208904780825,241.78
82a73f42-cb16-4856-b4bb-284dbf3aa82a,0.5859787163322,218.77999999999997
28bdd57b-f8c4-416d-b32d-985ef8b3c9b6,0.58386583163235,196.77999999999997
3b8c5f8c-ff8e-440a-8304-13bda744c444,0.58569365056905,265.7800000000001
7fe2acf6-8b63-42c0-8b20-d7f0c98c323f,0.58600997878335,235.77999999999997
00e885d7-e34b-4cbc-b953-5987313b512e,0.58444918557115,202.77999999999997
8f9cf70f-e92f-4a54-8105-321691a76b67,0.5809848999413,220.77999999999997
baddbcfe-b94c-4d78-934b-e6d60c9c634b,0.5855162396531,223.77999999999997
e18e3c4c-a6b4-46e2-a9a4-94abc145588d,0.5873386412501,220.77999999999997
199711c4-93b3-44a0-ae12-b81a3472efcd,0.58055783377635,221.77999999999997
7cf7ca10-ebcd-4b89-814a-1948d7775147,0.58084730833375,286.78000000000003
39ac0989-6cc6-4b5a-bf7d-df1bcaad24d8,0.5842509974166,202.77999999999997
cb2365d3-b528-4891-84da-8b02035ef8d8,0.58440126466135,240.78
9f9ddc73-2865-4d95-8dde-a6b295b1780b,0.58419337049385,231.77999999999997
c868698f-041b-43b3-86be-d3e0cbd474ed,0.5829759172541,180.77999999999997
842a2731-5ff0-4636-84a4-8ef221d390a1,0.5818371055949,204.77999999999997
aef65023-cdb5-448e-a311-9bc10ea8f075,0.58208904780825,241.78
74068e1e-bd33-47c5-af9b-36d099b7780b,0.5859787163322,218.77999999999997
09e8e048-465c-4f28-af8f-c438ce78e5ee,0.58386583163235,196.77999999999997
653c0774-71b3-42e9-b85c-5671e7763f81,0.58569365056905,265.7800000000001
4d9bc225-cc9c-401f-afac-ee31dfa51645,0.58600997878335,235.77999999999997
c7a87b45-c988-4f8b-b7f1-c57c4649960a,0.58444918557115,202.77999999999997
31e6c39d-79be-445b-a8a6-23d5383f1d1b,0.5809848999413,220.77999999999997
1bedbccb-1944-4d38-8492-a72837f057c2,0.5855162396531,223.77999999999997
8080a414-8a61-46d5-b1ab-1c17961cff86,0.5873386412501,220.77999999999997
b8ee2d5e-af71-44f6-9ad8-c5d36f1fe94a,0.58055783377635,221.77999999999997
604c49fc-5d63-493a-a413-2ac02524a2b7,0.58084730833375,286.78000000000003
421a598b-cfa4-48ef-aee3-cd1dca35beb8,0.5842509974166,202.77999999999997
2ffe6a7f-0b95-4003-8afd-0596e5fceda1,0.58440126466135,240.78
7e9ead83-166a-4269-8f6a-f98708cdfc1e,0.58419337049385,231.77999999999997
e13086c4-626f-448d-851f-f32cf28d1a44,0.5829759172541,180.77999999999997
65c57028-e809-4dfd-bb98-0410bd0d7c7a,0.5818371055949,204.77999999999997
53fb9746-6b72-43fc-8ea6-c9e99acd6f28,0.58208904780825,241.78
248bb557-9c3e-4310-8306-59457ea9c2fe,0.5859787163322,218.77999999999997
8614e190-419f-485d-b25b-8c89dac88ee7,0.58386583163235,196.77999999999997
6c7d6f07-9d44-4931-b0a6-8a53a2281202,0.58569365056905,265.7800000000001
fa1f9939-9498-416d-864b-936e3b1ab5e7,0.58600997878335,235.77999999999997
70875f5d-82d2-4e02-912f-d07ca7e435cf,0.58444918557115,202.77999999999997
7b11637b-e00e-4e64-864a-446840736c0b,0.5809848999413,220.77999999999997
8a5d2e03-09a9-40c2-86be-93020fb22b81,0.58215678589025,218.77999999999997
837324db-7c3a-4c06-903f-b34240e714bc,0.5873386412501,220.77999999999997
8a17dda0-8062-454e-a618-940aa56e933b,0.58055783377635,221.77999999999997
a9102452-19e6-45a3-a94e-2e507ac49a8c,0.58084730833375,286.78000000000003
87de203d-df59-43cd-ae8f-ddf4e5438cfe,0.5842509974166,202.77999999999997
82fbacd9-9bc4-4fcd-83df-33c6cb4de86f,0.58440126466135,240.78
5dc7edf2-0762-427a-b7b4-3327512146ad,0.58419337049385,231.77999999999997
a20aef89-8e0a-4a98-b278-9626649f489f,0.5829759172541,180.77999999999997
1c324394-e1cd-447b-8424-77a0ae260f40,0.5818371055949,204.77999999999997
f34ab498-b92d-4f25-8220-96972067d5d6,0.58208904780825,241.78
0b32906b-e8bc-4708-9ed3-f94e91f1736e,0.5859787163322,218.77999999999997
ecdc4ed5-5a95-45dd-a39e-9ad439a25a0d,0.58166163977695,195.77999999999997
bafd0415-9fdf-474e-a809-a9f070180591,0.58569365056905,265.7800000000001
80a75837-7328-469e-9791-a834fc4161de,0.58600997878335,235.77999999999997
e618c1e1-1b67-43c5-a87f-2f74379c9f93,0.58444918557115,202.77999999999997
1830b649-ece3-4212-8888-40a90eecb189,0.5809848999413,220.77999999999997
18741093-c9ed-4f8b-a39d-1ae7d8bd8489,0.58215678589025,218.77999999999997
ab9890cf-1535-485e-8b96-632be3deb27d,0.5873386412501,220.77999999999997
6ef33ece-87ee-4a2c-a2b0-fce2340f730b,0.58055783377635,221.77999999999997
05b9a554-05cf-4abc-a677-56246f462c58,0.58084730833375,286.78000000000003
eece2dc9-a3d3-4894-91a1-394aa5241921,0.5842509974166,202.77999999999997
4509f435-8248-45b6-8a8d-a7a035c15c7d,0.58440126466135,240.78
15741db9-c046-4913-9b17-bac931218a71,0.58419337049385,231.77999999999997
c6338ce5-6b09-4f02-82bf-0a9b650a95fe,0.5829759172541,180.77999999999997
71b0b5a6-b2a7-47f1-a8e0-bcaa414fb497,0.5818371055949,204.77999999999997
5c57fb8a-4888-4650-8342-f666441b22b3,0.58208904780825,241.78
d5f671e1-99b7-462b-9f89-95f966ac8ffa,0.5859787163322,218.77999999999997
8fdb3ccb-2312-4358-acf7-89d923b68ba7,0.58258447631145,197.77999999999997
acef8c1b-4739-4192-8964-fec570de5ab9,0.58569365056905,265.7800000000001
6bbd7396-503d-4bbf-bb5a-8715234daebd,0.58600997878335,235.77999999999997
56dbc1e8-f731-43e8-a34c-3ef8866a18ab,0.58444918557115,202.77999999999997
e6811958-6d3f-47b0-98d0-8d1208257cd1,0.5809848999413,220.77999999999997
5d823e49-c9a4-4572-adbf-90bdc6fba185,0.58215678589025,218.77999999999997
05d07a19-a8c8-4643-bf86-2047903ea17e,0.5873386412501,220.77999999999997
d6a90df8-f819-4f4e-b07d-479e348940cc,0.58055783377635,221.77999999999997
46fbc159-8ccd-4ec1-81f1-ba396ee345c5,0.58084730833375,286.78000000000003
d268dfaf-b90b-47c3-87ac-bd42d386fe14,0.5842509974166,202.77999999999997
37d09f74-5c7a-4fd2-ba24-17b122445e99,0.58440126466135,240.78
899417a5-d595-4e5f-8aa4-2bd3b72f4720,0.58419337049385,231.77999999999997
12a8ccba-cc82-43d9-b6a9-0fb3688c2027,0.5829759172541,180.77999999999997
63d035a3-684a-4510-8cd3-1ce44c7c4593,0.5818371055949,204.77999999999997
82c299d6-0de3-4bb6-ad63-22f181e6a386,0.58208904780825,241.78
995c1e1b-3eee-481c-bdaa-354a3a67dbe3,0.5859787163322,218.77999999999997
39934638-8005-436e-bd90-c39953e0181a,0.58386583163235,196.77999999999997
fbf74310-7637-4a66-bf17-218695e75f6e,0.58569365056905,265.7800000000001
36bae986-bf93-4363-875f-4cf194ee446f,0.58600997878335,235.77999999999997
698e034a-9908-4d7c-8a8d-528d6935b3be,0.58444918557115,202.77999999999997
238aa72d-c7e6-478c-b551-40d5b1178c6e,0.5809848999413,220.77999999999997
e1d38e60-bdcb-4b83-8875-61fad6f99836,0.5855162396531,223.77999999999997
0802c04d-d790-4393-a746-7f6cd85ce487,0.5873386412501,220.77999999999997
fc0d0dd9-b203-4f51-84a7-062f8358d02c,0.58055783377635,221.77999999999997
80290b55-586c-42f6-b504-1b90c4fe7e51,0.58084730833375,286.78000000000003
81f173b3-018d-4a30-8fdd-7bc715ae31e3,0.5842509974166,202.77999999999997
8b3c5a1a-3748-46da-b1f0-126714c977f6,0.58440126466135,240.78
35cee7c0-1216-4d95-8409-4ec13e16010d,0.58419337049385,231.77999999999997
080f0831-8168-4c77-8c40-55df1e13e44c,0.5829759172541,180.77999999999997
c55c3931-1b2f-4ada-a727-24dee1de1701,0.5818371055949,204.77999999999997
760561cb-c195-4b65-b7b7-6f9b477fb35e,0.58208904780825,241.78
c6723447-5734-4bf9-b55e-8190a452820a,0.5859787163322,218.77999999999997
372227a1-566a-446b-9dcb-0c2d299c0b80,0.58386583163235,196.77999999999997
b5ccab56-4b86-4e69-8ce3-5662a2515e37,0.58569365056905,265.7800000000001
cb71d759-ac64-462a-ae7e-e31c543e57fa,0.58600997878335,235.77999999999997
e352310b-f427-4464-9a60-1e5ae0ecb6d5,0.58444918557115,202.77999999999997
2b5c596c-f4e9-48c1-89f9-bd077dab40a5,0.5809848999413,220.77999999999997
45ced49e-69e4-4ae1-ac4a-ff705652c606,0.5855162396531,223.77999999999997
e9bb0304-6412-4454-95f9-22a75d5b74c8,0.5873386412501,220.77999999999997
12a95d65-a3f3-4c0f-ba82-06a59dc377ee,0.58055783377635,221.77999999999997
6769b4f1-36ae-4264-8579-18ad5c5adec9,0.58084730833375,286.78000000000003
156e4ba6-6874-4e80-a269-eceefcead4dd,0.5842509974166,202.77999999999997
4a5c69bf-be24-472c-8ab0-f737e2d60a3c,0.58440126466135,240.78
a9a0515b-d7e7-49e6-a3ca-504fdbe4cde3,0.58419337049385,231.77999999999997
42ff100a-a0c9-4efb-96ca-26f3838e25dd,0.5829759172541,180.77999999999997
0816d43b-9e6d-41bd-abdf-7f3fef24a691,0.5818371055949,204.77999999999997
5a9a3930-b18b-4075-b752-0fee99086174,0.58208904780825,241.78
f44a10e5-0987-41bf-8759-c4c167c79aab,0.5859787163322,218.77999999999997
589eaaf4-3e1a-4f49-a9ca-0bd2300c13ab,0.58258447631145,197.77999999999997
3acd6941-8d04-4c63-b829-6b11f2e821b9,0.58569365056905,265.7800000000001
b1f9c192-4efc-4b28-b22a-71ccb988dc27,0.58600997878335,235.77999999999997
ce5c7d04-0745-48cd-92b5-e16ca67aa294,0.58444918557115,202.77999999999997
1c3a9f8d-2a83-4e68-a18c-d715c1ffa20a,0.5809848999413,220.77999999999997
77c96942-5a2a-46f2-abfb-4f91ba81e270,0.5855162396531,223.77999999999997
4fd47f28-2bad-4331-a6b3-6ab44ac00080,0.5873386412501,220.77999999999997
24d9760e-75d1-4b27-b9b7-a55ab7ad225d,0.58055783377635,221.77999999999997
2bb818bf-10c0-42bb-9564-8ff2b13eccab,0.58084730833375,286.78000000000003
128654b3-1556-43cc-b204-e8c5eb8c2fd0,0.5842509974166,202.77999999999997
9f327401-c2af-4ebf-803c-f86f5d105187,0.58440126466135,240.78
95fcff1e-f0c7-4776-bc92-fae548e77c3d,0.58419337049385,231.77999999999997
febaa991-c61f-413b-ae75-50f7f5aaf58f,0.5829759172541,180.77999999999997
cbc9da81-bf8e-4e98-8bcd-d2fd69da262f,0.5818371055949,204.77999999999997
7d472378-56b3-45bd-a27b-903364379f2d,0.58208904780825,241.78
0cfe02aa-9029-4615-884b-91ecfb72f0dd,0.5859787163322,218.77999999999997
5facefa1-ac70-48ce-bed8-2124d2caf6c1,0.58386583163235,196.77999999999997
6fda5eb6-ed87-4ff1-a380-b2a96b1a6e1f,0.58569365056905,265.7800000000001
5888674b-bbe7-4781-a862-5f33bccb5b54,0.58600997878335,235.77999999999997
037c3c8b-228c-4757-b181-40dee3cb94ca,0.58444918557115,202.77999999999997
a0f2a021-45bb-4622-882d-5d73c0d9a1aa,0.5809848999413,220.77999999999997
490e1f9f-5c14-4593-9403-976c193178c5,0.58215678589025,218.77999999999997
1cf93303-ab46-4da7-ab96-f343e4a8d7e1,0.5873386412501,220.77999999999997
c5830eaa-def5-4376-8922-46b745921ff5,0.58055783377635,221.77999999999997
62424db3-f57a-4900-98a9-3dafde0a8fe9,0.58084730833375,286.78000000000003
1ddc7bae-cdc9-4644-822f-b0008c2cbf50,0.5842509974166,202.77999999999997
4dc90024-dbf6-43a3-9a60-fe58bf27156b,0.58440126466135,240.78
4c92f29f-7d41-400c-8bf4-93903214278e,0.58419337049385,231.77999999999997
19cb2f87-b922-4ab8-b82d-d62bb490939c,0.5829759172541,180.77999999999997
7e41f10c-f3b5-4b74-b3e4-037486c3b45d,0.5818371055949,204.77999999999997
3749d23a-fd1f-4d46-bea6-68ecdd2aeeec,0.58208904780825,241.78
6da5a83c-1fd8-4c54-a99e-e29ac33de134,0.5859787163322,218.77999999999997
d1f013de-89c5-4439-a205-97ddb829f84d,0.58166163977695,195.77999999999997
ba7ddc84-ee01-4db3-b4ca-2ccb88b59202,0.58569365056905,265.7800000000001
738b4df8-cf74-4855-ba1c-1cb625cc73bc,0.58600997878335,235.77999999999997
f9351b52-56de-4ee0-b6a4-6edf08e2fb50,0.58444918557115,202.77999999999997
dbe8781c-4ab7-46d4-9f97-5cf814918ecf,0.5809848999413,220.77999999999997
74fc1dbe-0a33-4645-b81a-a145eda1d4b5,0.58215678589025,218.77999999999997
c49a482d-d3c7-417e-8c9f-848fc646083b,0.5873386412501,220.77999999999997
d46bf809-1657-40f8-8e91-bdfc4bc0e87f,0.58055783377635,221.77999999999997
994ecb3c-474b-424b-b3c0-4948cf0616cc,0.58084730833375,286.78000000000003
8e74c3da-1ace-45d2-bbdb-54debb4bc3d0,0.5842509974166,202.77999999999997
d080073e-2ae9-4719-bd08-004d208d24f1,0.58440126466135,240.78
a3c5c02d-ddf2-42e1-b88e-cdabc15bdf28,0.58419337049385,231.77999999999997
6ee055b8-512a-42ba-90e8-bd3682cf904f,0.5829759172541,180.77999999999997
925f7597-cd0f-4305-827a-1c1fce897123,0.5818371055949,204.77999999999997
72174eeb-bda3-4d9f-b3d4-0b0ade088d61,0.58208904780825,241.78
f2ad047c-66a9-428b-ab4c-1a661ada6c77,0.5859787163322,218.77999999999997
e7b8fbda-6c55-488c-8961-249645ba4c02,0.58386583163235,196.77999999999997
03cdb14a-4d43-4ee1-bd7b-16f452e2a77b,0.58569365056905,265.7800000000001
43fb0d85-6f10-46b4-891a-127303d67adb,0.58600997878335,235.77999999999997
620b8f1d-0873-473c-9d79-ac90265eeb24,0.58444918557115,202.77999999999997
ca67f034-9f4c-4ec1-8a88-3e49d3b022b9,0.5809848999413,220.77999999999997
9d42ed38-2be0-4079-b91c-cfc68470265d,0.58215678589025,218.77999999999997
26da9eeb-abc0-4b65-a1be-3fc23e2be125,0.5873386412501,220.77999999999997
1c7e1350-5ce2-474f-9881-3c2f17358a8c,0.58055783377635,221.77999999999997
cfea8b87-eaa9-4b6e-8679-3c7c4c003510,0.58084730833375,286.78000000000003
22b8324b-b898-4fb4-ab5f-fb13853b788c,0.5842509974166,202.77999999999997
a9ba1e1d-94c2-4c57-9437-75863f06cb0a,0.58440126466135,240.78
73c5acef-3a1d-4c3e-8351-fe8df5c65198,0.58419337049385,231.77999999999997
aa5b8894-41e2-4a8a-a6e1-feb9e4107131,0.5829759172541,180.77999999999997
d403f30b-e4d6-47eb-b257-b1bbfc0950a9,0.5818371055949,204.77999999999997
5d9de369-768f-452e-9153-76fab64103c6,0.58208904780825,241.78
f0a89a06-b014-41c1-9f15-02093bf1e110,0.5859787163322,218.77999999999997
257a7625-153b-4da9-9a4e-a71e41dbc7d1,0.58386583163235,196.77999999999997
67162408-36da-4c4d-a96a-31edba6396e6,0.58569365056905,265.7800000000001
4f125164-b596-4dc0-ba45-8141734ea7ea,0.58600997878335,235.77999999999997
da022979-3a27-48e7-ac5c-23ad125f6b36,0.58444918557115,202.77999999999997
78ff593c-e05d-4d83-ba83-aa18d10192e9,0.5809848999413,220.77999999999997
9ab89d25-f0ff-44df-bf6c-7446746fdefa,0.5855162396531,223.77999999999997
49d588ef-6a23-427a-8088-76c6e304de91,0.5873386412501,220.77999999999997
fda148cf-845c-4e98-9083-7d920023ca46,0.58055783377635,221.77999999999997
3ac95446-e095-4c63-870e-b308b80cfeb5,0.58084730833375,286.78000000000003
046b86eb-867b-4851-a1b8-68f03973db33,0.5842509974166,202.77999999999997
0621a843-8231-432e-be4c-896a36dca81e,0.58440126466135,240.78
bfae1ab5-8d70-4bf4-b9b2-9e4c255f3556,0.58419337049385,231.77999999999997
e654a86f-c573-4eec-8801-745fe0203902,0.5829759172541,180.77999999999997
930094f9-0612-4136-a503-b4572a826ab7,0.5818371055949,204.77999999999997
1122e65b-2f5d-48f5-8212-487c029f6c21,0.58208904780825,241.78
55de4e07-e7b6-4211-a92c-d1771d65c3ea,0.5859787163322,218.77999999999997
1fa11d8a-6d71-434d-aaf5-da211c80a6c1,0.58258447631145,197.77999999999997
9ab0aee9-ac1e-428a-8e51-ba1ef1ac5c5a,0.58569365056905,265.7800000000001
539f716d-7a49-4f8b-baf9-e0e57ba5a2a4,0.58600997878335,235.77999999999997
81c7c334-2459-49d3-8925-b3567c148bc0,0.58444918557115,202.77999999999997
eb02efb7-8f8d-422e-8880-8f5b677d43cc,0.5809848999413,220.77999999999997
be121d27-8e50-4055-98e6-5f8dbb8f068c,0.5855162396531,223.77999999999997
fae7cef5-18fe-43b0-b68a-72ca2d393a7e,0.5873386412501,220.77999999999997
d627f2a1-6aec-4c46-8ca1-174e656a2079,0.58055783377635,221.77999999999997
99f1de07-015a-442e-b716-cec15298c9ab,0.58084730833375,286.78000000000003
f875fac0-240d-4a46-9846-4c4d05c474a6,0.5842509974166,202.77999999999997
8d9d2b9c-b8a3-4af2-8e62-ee9d33a4be7a,0.58440126466135,240.78
317efe5c-8561-414b-8ca2-52a29abcb97b,0.58419337049385,231.77999999999997
a487755b-b0eb-4811-8067-eaf69adac887,0.5829759172541,180.77999999999997
839d0dbe-33b0-4051-8b02-00a382ab4f00,0.5818371055949,204.77999999999997
6aead811-9bb2-4455-865d-096e523e3057,0.58208904780825,241.78
d5db5e1e-a470-461b-884c-8ba9b76349c6,0.5859787163322,218.77999999999997
56f7a152-1ff9-4ab6-8016-55b0a852daa0,0.58258447631145,197.77999999999997
2b23bae0-8993-421f-b116-b3ba627dc760,0.58569365056905,265.7800000000001
44458e9b-2b16-4011-bb45-22585fb63b05,0.58600997878335,235.77999999999997
e182afd1-ab6e-4efb-9fd7-2672ea7a7565,0.58444918557115,202.77999999999997
0a7f71cc-9cf3-4da5-b37d-9475db2fa1f2,0.5809848999413,220.77999999999997
7571cfae-31a8-4e8e-ad9d-561aab03f4ac,0.5855162396531,223.77999999999997
61652fa8-ed65-43d4-be5b-3b9cb6aff73d,0.5873386412501,220.77999999999997
9b9d409e-c084-44dd-a022-934563759168,0.58055783377635,221.77999999999997
a443f348-9c3f-4b37-b022-ab35f53c6604,0.58084730833375,286.78000000000003
17d7fa6b-2f9b-4dd8-af4c-137e929e9c28,0.5842509974166,202.77999999999997
31c9a241-5c60-407d-8359-1db3316c2e26,0.58440126466135,240.78
4101dbec-3db1-4b0b-981b-45379b98dd9c,0.58419337049385,231.77999999999997
e82a20f7-6112-49bd-be01-44ac9fe7c938,0.5829759172541,180.77999999999997
46875431-fcb6-4669-9857-37b3bc58cc55,0.5818371055949,204.77999999999997
4df9317d-8ffb-4432-a05b-aae1267776d8,0.58208904780825,241.78
1d615109-6159-4afe-b787-1a15e4b91c6f,0.5859787163322,218.77999999999997
36992888-0507-43bc-b7d4-14041a278ae8,0.58166163977695,195.77999999999997
284066b2-b067-4a61-976f-54ccb63add4a,0.58569365056905,265.7800000000001
5217ce41-ac72-4417-938b-814fafb9d03f,0.58600997878335,235.77999999999997
15970234-50e9-4779-9908-624665bb7c71,0.58444918557115,202.77999999999997
917b76b2-1a1d-4a95-90da-71fe13c2e458,0.5809848999413,220.77999999999997
9f2c0142-1e8c-4b64-a519-9c918d88b15d,0.5855162396531,223.77999999999997
980e6b08-6f42-45b7-bb39-37167a188be9,0.5873386412501,220.77999999999997
b16d47c3-6b18-4185-b31d-0e35b217dfed,0.58055783377635,221.77999999999997
7a90ec23-5324-4845-9ba1-3d731058fc53,0.58084730833375,286.78000000000003
fff0f8fc-20b5-4090-8e92-4e9766e1b2c5,0.5842509974166,202.77999999999997
4ff21ab1-7fb7-4313-aec4-a2671b99fc93,0.58440126466135,240.78
d08a09c2-d6ee-4d8e-a642-1ef658c2d4c7,0.58419337049385,231.77999999999997
80206f58-87f1-44fc-89c9-880160b492ce,0.5829759172541,180.77999999999997
b6f785cb-b25f-4da2-90e9-a8fa61c6cb4c,0.5818371055949,204.77999999999997
241b0cf4-9773-4781-9bde-4c99c8c32898,0.58208904780825,241.78
a6690c1e-6187-4aca-abd3-f51b5a46debd,0.5859787163322,218.77999999999997
3fed1bbd-b2d5-4955-a783-a7918e1176dd,0.58166163977695,195.77999999999997
b1555c19-2e11-4335-a67a-f90661b927b8,0.58569365056905,265.7800000000001
1c15a64d-5a3e-4f98-82c3-c97e210be090,0.58600997878335,235.77999999999997
ab039d02-2bd0-4aac-9f9c-77d73904a8f7,0.58444918557115,202.77999999999997
9d28f92b-65b6-45c1-ad6a-db7479997cb2,0.5809848999413,220.77999999999997
669c69f7-85d8-42d0-b5fe-171916ffd675,0.58215678589025,218.77999999999997
f58fc9f5-81e3-47ac-9a77-0628242c0a0c,0.5873386412501,220.77999999999997
5529eb20-7e2a-48fa-91a2-2187af110e76,0.58055783377635,221.77999999999997
08fb9db5-e167-4dd5-bcd2-dbfe76d3efde,0.58084730833375,286.78000000000003
93a69efe-fb08-48ac-bb6a-ac1d225bf4d9,0.5842509974166,202.77999999999997
242b54b9-8036-49c9-948c-8da6239b8083,0.58440126466135,240.78
43268cb4-bfa0-4872-b7a8-27ebb34a6c77,0.58419337049385,231.77999999999997
a278bbdf-383d-4981-a9a9-2ae3c974f71c,0.5829759172541,180.77999999999997
2e533882-da3d-41d0-99b3-01552588cdf8,0.5818371055949,204.77999999999997
e821a334-58c2-43eb-859b-26ddbd7c4ec2,0.58208904780825,241.78
64f54742-fc90-48ba-8992-97fe6f769e8c,0.5859787163322,218.77999999999997
93f94f1d-0ade-4415-a413-44c7dd903403,0.58386583163235,196.77999999999997
1405e047-8d54-4f32-abb4-bd17081254fb,0.58569365056905,265.7800000000001
6019f99f-b244-48f6-87ff-e2d133dbed68,0.58600997878335,235.77999999999997
266eb424-811a-4583-ab00-9b0fac4d30e9,0.58444918557115,202.77999999999997
cfa928c3-5372-4fc5-bad4-a355b819d1f5,0.5809848999413,220.77999999999997
eff25c9c-5b26-495b-907b-aa6d4250a642,0.58215678589025,218.77999999999997
00eb6551-e79f-4a4f-be4a-aedb4f6954bc,0.5873386412501,220.77999999999997
b124be63-245c-4307-a9d7-91b080bbc0a2,0.58055783377635,221.77999999999997
63378ec7-0ff8-4985-9056-bade3663c20c,0.58084730833375,286.78000000000003
a15a9065-1a76-47bd-9dc6-abbab37342a5,0.5842509974166,202.77999999999997
312026f3-1b59-406d-93d0-d40eb8f7149f,0.58440126466135,240.78
97ce44fc-7901-418a-8516-4480808ef23d,0.58419337049385,231.77999999999997
a7b2b0f6-895d-4365-9ea1-027269af48f7,0.5829759172541,180.77999999999997
c91f1e16-fb39-4eb0-b9b2-411a48e95c8b,0.5818371055949,204.77999999999997
8c10d09d-e2f6-4181-b6c7-bbbbcb384f54,0.58208904780825,241.78
d3126bfa-931d-48f9-898f-8be4459d4359,0.5859787163322,218.77999999999997
411dd9ac-dbef-493f-b383-f69baa3821c2,0.58386583163235,196.77999999999997
442639fc-2194-4ebd-96be-e56b7e4d7933,0.58569365056905,265.7800000000001
c854ea8f-b8a3-4274-a3c0-92e0c205d055,0.58600997878335,235.77999999999997
fac77128-173e-4781-a2d1-5db0567855c2,0.58444918557115,202.77999999999997
5d5dafc8-4009-4bea-ba6d-663c4cd02b06,0.5809848999413,220.77999999999997
edead627-d572-4515-a0c3-454d8d35fb76,0.5855162396531,223.77999999999997
08791718-80ac-4c69-82b8-3d2e2488f46c,0.5873386412501,220.77999999999997
e058be25-be04-4a58-9c03-8c5773dc0775,0.58055783377635,221.77999999999997
dec599c9-769e-466f-877d-e3919ac6990f,0.58084730833375,286.78000000000003
b4e7c06e-7240-45c7-bcba-7f3b3abb4935,0.5842509974166,202.77999999999997
ef357e8a-bab7-49db-84e6-6611ef095098,0.58440126466135,240.78
a939acf4-6e2e-4e6c-a751-44cd83fec90f,0.58419337049385,231.77999999999997
59db3058-ed11-4eb6-ab83-921112961e5a,0.5829759172541,180.77999999999997
e6003ad5-fad3-4d1f-8ade-534d0f671fa6,0.5818371055949,204.77999999999997
972e9bd8-09c5-4645-96f4-c66ce2bfdd4a,0.58208904780825,241.78
3762ae45-e25f-4311-856d-e11476559ff1,0.5859787163322,218.77999999999997
3d35c2dc-cd18-4597-a4a7-61f969945fac,0.58258447631145,197.77999999999997
47416621-0763-495b-86af-06001c3398e6,0.58569365056905,265.7800000000001
18ac13cd-13ea-4757-93df-724fdac8d701,0.58600997878335,235.77999999999997
70d9c87c-d55a-48f9-bae0-301dd78b01d6,0.58444918557115,202.77999999999997
026a3059-4b55-41b2-a633-2cd9c7b780a5,0.5809848999413,220.77999999999997
a90b4cc1-1470-4966-b83a-3cbd557c5442,0.5855162396531,223.77999999999997
57770b1c-e026-475d-847a-fa19ff2fb9db,0.5873386412501,220.77999999999997
2b9e693b-be0b-47cd-897a-b9b5b9383f99,0.58055783377635,221.77999999999997
05222a46-3e48-40bf-97fe-000c5fc5b300,0.58084730833375,286.78000000000003
39fbb641-8ac2-4986-abf7-05053f026b56,0.5842509974166,202.77999999999997
19513a2c-1f50-417b-8d73-047af12dac48,0.58440126466135,240.78
a3cd887c-a77b-4634-bb83-0353b0f27c30,0.58419337049385,231.77999999999997
481e2dc9-684f-4829-8c01-5c06a7f7c922,0.5829759172541,180.77999999999997
d78fb225-4d5e-4dcc-b898-11853e9216b5,0.5818371055949,204.77999999999997
6f60d89d-1e91-4508-b16f-39bd672355ef,0.58208904780825,241.78
01249bc4-e809-474e-8681-3b064eebe752,0.5859787163322,218.77999999999997
63073c59-ae35-4783-a02e-2a985efdd428,0.58386583163235,196.77999999999997
47af10ba-a755-4d04-b382-f4e056c34699,0.58569365056905,265.7800000000001
458c5026-6f84-434e-b5d8-7947ebd6a300,0.58600997878335,235.77999999999997
9ea7bdb0-b5ca-4700-bdb1-4c73f3b7da92,0.58444918557115,202.77999999999997
0f045495-d1a3-4018-897c-5bdf5837b105,0.5809848999413,220.77999999999997
523beeaf-2a84-4141-b1ae-afcaaaf3ed02,0.5855162396531,223.77999999999997
34ed2c8e-3986-4130-972f-8b20af701373,0.5873386412501,220.77999999999997
10b3fe2f-4127-40fb-8c6c-e13bcb516a03,0.58055783377635,221.77999999999997
bf4a208a-a236-4af0-8946-ea8b9bbddd70,0.58084730833375,286.78000000000003
b3ba89ae-a11b-4c4c-8032-cbdb379d74da,0.5842509974166,202.77999999999997
b07c1bf7-6c87-440b-aec3-9fc5ccf0656d,0.58440126466135,240.78
1e712460-4657-4d33-8c63-36cac6bf783b,0.58419337049385,231.77999999999997
924fedc2-c3c4-4e9c-9735-062a1ac2da07,0.5829759172541,180.77999999999997
401bfd5d-b186-4d5b-96e3-fa9bb9220209,0.5818371055949,204.77999999999997
d0337547-3905-4dc1-a340-c57a4df7163f,0.58208904780825,241.78
327d23fa-baf4-4531-b19d-e9c18dd0cf31,0.5859787163322,218.77999999999997
e6f02060-caff-42f4-8ec8-f65be23f8ffb,0.58258447631145,197.77999999999997
e4664575-c8d5-4fb8-b25e-1f646a49853d,0.58569365056905,265.7800000000001
07fa819a-7da5-4e61-ba6a-b15447715507,0.58600997878335,235.77999999999997
275aa274-7b46-4c67-b271-86b70f0b152a,0.58444918557115,202.77999999999997
c444487b-5573-4dac-9218-7046e745aefe,0.5809848999413,220.77999999999997
704ba4ab-0845-498c-8942-2ecb086afc31,0.58215678589025,218.77999999999997
e75ef5b3-1611-4c59-a660-5bb3154e0ff7,0.5873386412501,220.77999999999997
b5e66a0a-ff99-4f0c-accf-2876b8db1890,0.58055783377635,221.77999999999997
49e68d1e-9ff4-4d8b-a9a5-5840716ec1bb,0.58084730833375,286.78000000000003
cdcc9721-c199-473f-93bf-d55e3a3211bd,0.5842509974166,202.77999999999997
92edddc5-a721-4648-aed3-f26b7541379c,0.58440126466135,240.78
090b0899-8464-4e8f-9a37-fcf1d59d8625,0.58419337049385,231.77999999999997
92b9e898-9d92-4441-afe3-9fc60b706bec,0.5829759172541,180.77999999999997
fabfc976-3dee-41e0-82c1-04dfbb37f457,0.5818371055949,204.77999999999997
c67e5e9e-fc78-4965-b551-7d256e97ed82,0.58208904780825,241.78
15753a6f-80a4-4ace-9533-e19d75ab8ca9,0.5859787163322,218.77999999999997
d5c5bc76-1133-49ee-8dfe-2eeea1b18966,0.58386583163235,196.77999999999997
ab216d6f-95ff-42ab-841b-dcc91b489a87,0.58569365056905,265.7800000000001
b7c32bde-6492-4378-93db-64866c6d8ded,0.58600997878335,235.77999999999997
a39a9b9f-d568-48a1-b7fb-5264f1d95e21,0.58444918557115,202.77999999999997
781171aa-489c-468c-a828-77bd01da21bd,0.5809848999413,220.77999999999997
9043db1f-151d-4494-87cc-dab4317c7a9b,0.5855162396531,223.77999999999997
1313823a-7f41-41c6-a148-a758ef7d6c1c,0.5873386412501,220.77999999999997
9760692b-a3da-4990-936f-939634023e41,0.58055783377635,221.77999999999997
3f7c18fb-2b83-4e40-9c0c-f0a5034d9fc4,0.58084730833375,286.78000000000003
158218ae-46b7-442a-a8e8-0daf756cc236,0.5842509974166,202.77999999999997
58bf047c-f3e0-4c7a-9b96-5baecb2d2080,0.58440126466135,240.78
efb45e03-1a57-4fad-be36-d278cc18060c,0.58419337049385,231.77999999999997
03057512-6c89-40db-b24a-24811d747a63,0.5829759172541,180.77999999999997
2031d171-c51f-4e71-9b60-2c2c287a8398,0.5818371055949,204.77999999999997
07df4dc5-0269-4966-98de-176c6c6ffa4a,0.58208904780825,241.78
76c3e5aa-74bb-40b8-9ee9-afda889c2262,0.5859787163322,218.77999999999997
16411707-6138-41d5-bd9e-3a71fcfdb470,0.58386583163235,196.77999999999997
68ec1ffd-b602-4074-a518-68f0e15d8353,0.58569365056905,265.7800000000001
3d2ac033-78dc-4705-b2ec-0f50dd030f65,0.58600997878335,235.77999999999997
4493c903-9b4a-47bc-9361-516a1d7025fa,0.58444918557115,202.77999999999997
40f83232-220a-4ed0-8f14-ccedb0ec7500,0.5809848999413,220.77999999999997
f33db9aa-f629-4a0e-a42e-96f39e2281f5,0.5855162396531,223.77999999999997
81ae0a90-c094-4b79-98be-a56c84ebd4e7,0.5873386412501,220.77999999999997
4bc67cbb-7e25-46d2-b9f8-134de54ebec6,0.58055783377635,221.77999999999997
a90cd209-4aff-49fc-8315-55f797920df4,0.58084730833375,286.78000000000003
1e7b36d9-ec90-49aa-b982-f55aa1a362cb,0.5842509974166,202.77999999999997
3d916d6c-099b-4254-b601-6284522c22c7,0.58440126466135,240.78
214d2f26-4880-4ae3-8c76-6619b82f054c,0.58419337049385,231.77999999999997
7f78bc7e-077b-46d9-8427-0f221f7a911d,0.5829759172541,180.77999999999997
31882e0a-89e1-4b1a-8a2c-a5cfac058c3e,0.5818371055949,204.77999999999997
8a22f895-098a-42ff-a60d-27d3e258a193,0.58208904780825,241.78
9466c46a-a8e9-4b3f-beb2-dc91aa9e2c4c,0.5859787163322,218.77999999999997
929b0b55-88ff-422f-b308-2fd30faf1c3a,0.58386583163235,196.77999999999997
fc27367d-c57c-4594-b294-2fd08209b63d,0.58569365056905,265.7800000000001
d52a03b0-4bca-40af-81ec-36e1a81b9fb7,0.58600997878335,235.77999999999997
a1afe96d-5e75-496e-9ae0-76da6347fad7,0.58444918557115,202.77999999999997
4448bf7e-2ab0-4563-a151-8a693cff1991,0.5809848999413,220.77999999999997
8564f62a-1423-4c46-ad2a-a6eb59737302,0.5855162396531,223.77999999999997
c218fcfa-64b1-455e-a26e-7d648c189097,0.5873386412501,220.77999999999997
62ee1e3b-255c-4848-a403-35e3f61e64cd,0.58055783377635,221.77999999999997
3dfcc207-5d7a-478b-b480-a0de87e469ca,0.58084730833375,286.78000000000003
2b873c14-59d9-445f-89c5-b550fe6f9c0c,0.5842509974166,202.77999999999997
b1c71b82-8804-40ce-bd23-d39b0c366824,0.58440126466135,240.78
faa02c7c-abb7-48b3-9a29-b2b1e88c69cb,0.58419337049385,231.77999999999997
8c1acce7-caa9-4acc-b2e1-fba703b5fdde,0.5829759172541,180.77999999999997
3652f0d9-c507-4ad2-895e-95d293ed8527,0.5818371055949,204.77999999999997
dba93e1a-6114-459a-b314-1bb118a3c587,0.58208904780825,241.78
98bfa7a8-71e7-40cc-b9a4-88cfa058a144,0.5859787163322,218.77999999999997
7179998d-14ef-4791-92ea-78707a167b75,0.58258447631145,197.77999999999997
f0147d85-baf6-43b1-9662-855e8fecc383,0.58569365056905,265.7800000000001
2d9246d7-3667-4865-9ad6-d46ea9a1e08a,0.58600997878335,235.77999999999997
1f0d31fe-4d7b-4ebf-8525-0997a7c11369,0.58444918557115,202.77999999999997
bf57df78-4b3d-4803-9ac5-661ee766efc7,0.5809848999413,220.77999999999997
65e18d35-21bf-4ce9-b946-7875293d6da8,0.58215678589025,218.77999999999997
03d2a2a5-7096-443c-b96b-1e77605baa5d,0.5873386412501,220.77999999999997
640b0c7a-51c0-4923-bb2d-64ee8de746ca,0.58055783377635,221.77999999999997
c76938ee-c160-4754-a4a8-72f52113d16d,0.58084730833375,286.78000000000003
cab66d17-48bd-40bc-9d05-43759cfa3f1f,0.5842509974166,202.77999999999997
1f4bfc52-70c8-4d57-9fea-84e2556c74b9,0.58440126466135,240.78
9a7c0f53-8749-490e-a80e-1fbf1a8c156b,0.58419337049385,231.77999999999997
15122b94-bd60-44ef-b083-4cffe84d743d,0.5829759172541,180.77999999999997
9b66a45f-fc61-4af0-88bb-ec3d37e47359,0.5818371055949,204.77999999999997
bf4c76f3-52bf-4296-9135-e452e4112edb,0.58208904780825,241.78
3f30ad59-8cd6-4b14-a1c6-08a3e58737e1,0.5859787163322,218.77999999999997
68259aec-1979-49a1-9fe4-918570c3547e,0.58386583163235,196.77999999999997
08659a1b-04b8-4a87-99bf-aae9b542ec99,0.58569365056905,265.7800000000001
605fc301-2260-4c09-85b0-f0a2779c05c7,0.58600997878335,235.77999999999997
5d11272a-5a70-4219-974d-949f980bd8f1,0.58444918557115,202.77999999999997
cca46cc5-1256-4bef-ab9d-72d4a765a7e9,0.5809848999413,220.77999999999997
4b75908b-8238-417b-b60a-1ec7a6c73b6d,0.5855162396531,223.77999999999997
d9b8daa3-0a92-40e5-9edd-900c57c80e9a,0.5873386412501,220.77999999999997
7858d241-a0d5-4ff8-ac29-a3261abbdc28,0.58055783377635,221.77999999999997
4b67f40b-246e-4cf2-a1bb-ef9f076aaaa3,0.58084730833375,286.78000000000003
7e3e88d6-532f-49b4-988b-70d4f18c85a0,0.5842509974166,202.77999999999997
ec90bf28-5b71-4ddf-8fa2-c59e279a0d9a,0.58440126466135,240.78
f1c52436-c075-4600-af1a-b451f0d99afc,0.58419337049385,231.77999999999997
f36918fb-1706-464f-81db-e3c63261dcf3,0.5829759172541,180.77999999999997
1423f0d1-d1af-4ce8-bc71-bcb4e2f50a27,0.5818371055949,204.77999999999997
dfbf6516-1e1f-4dd1-b079-1ba179047831,0.58208904780825,241.78
c836ed54-ab90-4ccb-bfce-23fbc5480aca,0.5859787163322,218.77999999999997
4a51d683-7fe4-41bc-abc1-b9e91c125e15,0.58386583163235,196.77999999999997
fea5bcdb-b758-459c-b881-8a7bd3a12c5e,0.58569365056905,265.7800000000001
e0f04f47-3652-48da-a1d4-16e77ab5a17e,0.58600997878335,235.77999999999997
589ae653-bd64-455c-910a-05f2fcb992dd,0.58444918557115,202.77999999999997
cf3b25b0-1394-468d-b06b-2116f72abc20,0.5809848999413,220.77999999999997
b52b696e-1bcc-47d8-8136-e7a59b923ee8,0.5855162396531,223.77999999999997
5ae297a4-b413-4e4c-9108-2437be63cdd0,0.5873386412501,220.77999999999997
202cf89b-125b-4fab-bb21-9ad545d501f7,0.58055783377635,221.77999999999997
2d5f9a03-3c70-4135-91be-79f4c6fd06df,0.58084730833375,286.78000000000003
065a47b4-b497-4542-93a3-7b36d2990a35,0.5842509974166,202.77999999999997
1e8e1e21-d98a-4a64-bbc2-dcc54a08e947,0.58440126466135,240.78
b31f3627-be42-4c5e-b0e2-0e10fb8ca1e5,0.58419337049385,231.77999999999997
f27eb942-b99d-450e-a487-65aefe7943da,0.5829759172541,180.77999999999997
0980cb74-7a91-4b96-b50e-3d90d431afba,0.5818371055949,204.77999999999997
b8e5374a-b88e-4a77-98cd-1ed2f0734d43,0.58208904780825,241.78
e46aa1b6-479f-4828-bb36-5244a24179b9,0.5859787163322,218.77999999999997
7a94a892-26d9-43d6-b639-9e3b7e8f07c3,0.58258447631145,197.77999999999997
2d323234-ecab-4d24-b890-2a7e278e89ca,0.58569365056905,265.7800000000001
73139571-5f67-4b5c-be55-7e9a0d3c5440,0.58600997878335,235.77999999999997
ee91102a-9c37-4038-bd65-73d2f522078b,0.58444918557115,202.77999999999997
8ec0b4c1-2fe1-4a2c-9850-c22a81020d1a,0.5809848999413,220.77999999999997
1653fcee-9c7c-418e-ac46-4c194dfc8f15,0.5855162396531,223.77999999999997
26d33d17-39d8-449c-aa8d-32dab08e0f8a,0.5873386412501,220.77999999999997
91791c5b-947f-4baf-a436-b8c4efaf2415,0.58055783377635,221.77999999999997
4855bfd2-acb2-45cf-8670-1acc22f0b1c0,0.58084730833375,286.78000000000003
e018e8a7-978b-46fe-9e43-384f401e1439,0.5842509974166,202.77999999999997
35cd3ff3-09ff-40ce-acaa-d3966863a72a,0.58440126466135,240.78
db7d8036-eac0-4e20-aa8f-4ce2fdaf12c4,0.58419337049385,231.77999999999997
c874f957-1bd8-46b1-a1a2-b6035db7b15c,0.5829759172541,180.77999999999997
ad4c1995-4b7d-455a-ad3c-8088820d200e,0.5818371055949,204.77999999999997
2ba3e790-9d21-4800-8836-78322571b746,0.58208904780825,241.78
4990616b-2307-4494-b8f7-2a412c921b86,0.5859787163322,218.77999999999997
04e7294b-cbe6-4b25-bb37-b425487b0719,0.58386583163235,196.77999999999997
56d53e57-5e6b-424a-a5d5-8816a9699e8e,0.58569365056905,265.7800000000001
90864f61-362a-402a-8f39-3677a7f7d2b7,0.58600997878335,235.77999999999997
ea24fd38-f677-4c5f-83b0-cab8cf3647ff,0.58444918557115,202.77999999999997
87a71268-a4a8-4d1b-af4e-61afe9baf6d8,0.5809848999413,220.77999999999997
60bbd681-1edf-4299-971d-3c51f7824043,0.5855162396531,223.77999999999997
cad9bef3-6ff7-4c75-bb0c-8b070ca51fb7,0.5873386412501,220.77999999999997
c1693de1-926c-4003-b2bb-7bd15c665f13,0.58055783377635,221.77999999999997
afb6d4d4-96dd-44f0-b53b-1ddf9da3693b,0.58084730833375,286.78000000000003
5fc1effe-60b6-4ca3-86b6-2ad1cace5902,0.5842509974166,202.77999999999997
c8b2ce2c-71d3-4f8b-a607-d2cd5c460dbe,0.58440126466135,240.78
85681be1-0c12-4e65-907c-ada1c24719b4,0.58419337049385,231.77999999999997
c1a06bd4-16f9-497b-840b-5e5047e4671b,0.5829759172541,180.77999999999997
a0d04e68-23b5-4f4d-b4df-2a871f626142,0.5818371055949,204.77999999999997
d8a09bce-eec5-430f-8c85-cd00fea006d7,0.58208904780825,241.78
f2ef8455-e856-46fe-8166-2b2b73ae2695,0.5859787163322,218.77999999999997
10360be2-783f-4a8a-a680-c86a7a61fa4a,0.58386583163235,196.77999999999997
ef88a9b9-0c54-49b9-866d-b3921062a2c3,0.58569365056905,265.7800000000001
1d641bf4-83ef-47d1-97f7-415bc2c90f8e,0.58600997878335,235.77999999999997
f7532c36-95bf-405c-80ad-29ec0c826382,0.58444918557115,202.77999999999997
32e34fe1-37fe-43b4-8773-bd1a2002f215,0.5809848999413,220.77999999999997
2afa4dd4-5f82-4b48-bd8e-3e143a0bd741,0.5855162396531,223.77999999999997
7d17dbae-4e49-4066-b059-bedd58d46841,0.5873386412501,220.77999999999997
5be3c60a-c227-442f-ae62-bfe8e431dcdd,0.58055783377635,221.77999999999997
96a958b2-2980-4a7c-b548-abcc245d8cd3,0.58084730833375,286.78000000000003
5d1a6bd3-e5d4-4a68-a497-852610d8a2f4,0.5842509974166,202.77999999999997
e25cb295-3620-4d39-9e97-868d6454dddc,0.58440126466135,240.78
643cdad7-9e24-4332-8387-b3fc6167c692,0.58419337049385,231.77999999999997
aed6547c-62a8-44ca-a6df-deb7cffbf7c9,0.5829759172541,180.77999999999997
24f3a3b3-db1b-404e-918f-dac0e27ff04a,0.5818371055949,204.77999999999997
8e5b6abd-c35f-43ef-8ea4-0da202d16b40,0.58208904780825,241.78
809ec737-897f-404c-9686-ee16b860eea5,0.5859787163322,218.77999999999997
ba37ac0f-ffe2-421f-91de-e0ed6da243f8,0.58258447631145,197.77999999999997
f2d0a0eb-5bb5-409f-822c-bc977a507bfa,0.58569365056905,265.7800000000001
8472f122-3d24-45e0-9c0a-dd1dd8f23326,0.58600997878335,235.77999999999997
ad904fbe-8cc0-4a99-b8be-fe256be3c85e,0.58444918557115,202.77999999999997
7a5e1232-b1d8-4ad2-9047-ca97606e43eb,0.5809848999413,220.77999999999997
15aea4e8-3b1c-4aae-95df-8e16c92160d3,0.58215678589025,218.77999999999997
6448b2d8-4cd5-4318-8d8c-78e6d0238b7a,0.5873386412501,220.77999999999997
af292502-afb3-47ae-8df8-3ecb199096dd,0.58055783377635,221.77999999999997
23160a9c-b137-4122-8440-3cfb7559eb9c,0.58084730833375,286.78000000000003
0d2076db-5b34-48b6-add4-5ae016bfb0d0,0.5842509974166,202.77999999999997
6b7ad585-19fd-489d-8292-645ff15b508b,0.58440126466135,240.78
f9a35fdb-920e-4711-b319-286680899094,0.58419337049385,231.77999999999997
11363fa0-36f7-4602-81af-5bbc42573f1e,0.5829759172541,180.77999999999997
c1101670-70ea-4ed0-b4f1-525a86a7cd7b,0.5818371055949,204.77999999999997
18872662-225e-42c8-aa67-592b5b182093,0.58208904780825,241.78
ffe9a285-4c20-42fe-8a4e-5208a78e1fe9,0.5859787163322,218.77999999999997
78af09df-6927-4329-88ea-4dfdfbc790f9,0.58166163977695,195.77999999999997
134c1ddc-4ed8-47a5-94aa-c1995bba49d1,0.58569365056905,265.7800000000001
1197d31c-78bf-4948-b494-081dfd96766b,0.58600997878335,235.77999999999997
235f4f1a-3e85-4f86-8773-52e222625cb3,0.58444918557115,202.77999999999997
c3abbe84-50f2-4bdd-a6a1-0055bb9958a7,0.5809848999413,220.77999999999997
bd1bcb7a-55b3-489e-8383-2c00c7df7db2,0.5855162396531,223.77999999999997
6aef3e62-b4aa-474a-908c-d54c1879c76e,0.5873386412501,220.77999999999997
2cdc5e13-030d-4fb1-9e88-fd5b53d24641,0.58055783377635,221.77999999999997
86289038-96c4-4a55-8278-b992ca26c3e3,0.58084730833375,286.78000000000003
2dd481ca-c803-4ca9-a8f4-4e03dad43982,0.5842509974166,202.77999999999997
f98b0e9f-b71b-4aa4-892a-01c91929b013,0.58440126466135,240.78
68fcf4fd-911d-40c6-8438-28da285323b2,0.58419337049385,231.77999999999997
cee36f5c-688f-4e28-b19b-2aef5d13c218,0.5829759172541,180.77999999999997
e8a42f56-7e76-422d-b118-c856bfeee068,0.5818371055949,204.77999999999997
2bb6a859-5e1a-4d77-9ccf-0e10b791154a,0.58208904780825,241.78
2f7cfb2b-3061-4a3a-a23a-3a26848dddea,0.5859787163322,218.77999999999997
54487d81-7271-4704-9d98-a0ab6ff66063,0.58386583163235,196.77999999999997
3046e23e-f08f-4f57-8822-b7d9dd7fc3cb,0.58569365056905,265.7800000000001
fe0152b0-2091-4c48-a052-30d830115f08,0.58600997878335,235.77999999999997
3bb77828-c5db-4efc-ad22-d9b7cce9ce36,0.58444918557115,202.77999999999997
2e9b7d69-9809-4143-82d6-5a89d007f12c,0.5809848999413,220.77999999999997
222edc3b-15d2-4691-9ff9-44e507aad951,0.5855162396531,223.77999999999997
2559b3fb-cad5-49ed-8987-9466b3be0849,0.5873386412501,220.77999999999997
a34c2125-f837-48cc-b05f-86d0512a4b7f,0.58055783377635,221.77999999999997
3715e6c8-9bd0-4e27-bd70-732a4c1f1dc0,0.58084730833375,286.78000000000003
3955a547-2dea-495f-801d-442414d0d9e2,0.5842509974166,202.77999999999997
768c6214-0aa9-4c46-b066-340a105b8841,0.58440126466135,240.78
e9f30c5a-c8df-4749-9ee1-d33329f3dc17,0.58419337049385,231.77999999999997
21bf94cc-5762-4807-a313-249cb1fefa85,0.5829759172541,180.77999999999997
041d0bbb-e5d4-40a0-8cfb-4b8b85c3d59a,0.5818371055949,204.77999999999997
be74a018-4aa9-4dbb-8669-d8f803bbefed,0.58208904780825,241.78
7ae7b0e9-bff4-4b8b-b5a6-8af26b06d104,0.5859787163322,218.77999999999997
4d57bff4-1648-4e47-9d9e-d00c63aeca4a,0.58386583163235,196.77999999999997
7336a121-9f0a-4e55-831c-d89a8f950e70,0.58569365056905,265.7800000000001
68d8a31f-1689-466c-b86e-54dc469045c1,0.58600997878335,235.77999999999997
4d2fb8d7-61a1-4db6-95b7-3dd0c1adf03a,0.58444918557115,202.77999999999997
0f21b4fe-7bfa-4266-8e76-57b546289afc,0.5809848999413,220.77999999999997
712dbccf-d837-4e89-a34d-fd4df2dceff1,0.5855162396531,223.77999999999997
13d15fd0-4a8b-4598-b2cd-ca872cbe6999,0.5873386412501,220.77999999999997
0f4bbdec-f736-43df-a327-ec0600b26e27,0.58055783377635,221.77999999999997
9f84bab8-adee-40d5-a41a-bc6661dac70b,0.58084730833375,286.78000000000003
b577c128-6cb8-4919-9a61-96e7d4268ca9,0.5842509974166,202.77999999999997
5633c5cd-39a1-41c7-959c-922f03080f07,0.58440126466135,240.78
97e5fa86-2aa0-422b-8d52-2c82f413a5c5,0.58419337049385,231.77999999999997
82f3d0b2-61f3-4f1c-9fbb-f7f6dc997582,0.5829759172541,180.77999999999997
cf989d29-8f68-40e8-8f98-b1458ac9bdde,0.5818371055949,204.77999999999997
5f83df87-eb7a-462f-9169-375a5270ea86,0.58208904780825,241.78
47096da4-3f20-4e1e-b28f-5d3056783563,0.5859787163322,218.77999999999997
c15bf071-cbd2-40c0-9445-0494f2b566fc,0.58386583163235,196.77999999999997
f52d5621-7271-4e94-a700-afdb29583ad8,0.58569365056905,265.7800000000001
1b449a2c-c25d-4233-80b3-5ede6f2f588e,0.58600997878335,235.77999999999997
44a44623-01d2-4d44-b22f-c5cc0b9d32ef,0.58444918557115,202.77999999999997
665d3d09-9242-4651-bd1c-b897a6bd2146,0.5809848999413,220.77999999999997
74d76b4d-b52d-4d73-afd3-49396b9f5c22,0.58215678589025,218.77999999999997
f1febee9-6f6a-4924-85eb-b03b01c8b4f1,0.5873386412501,220.77999999999997
67656bc5-342e-44d1-a05d-349a2cb8cf78,0.58055783377635,221.77999999999997
d770ac94-5226-4214-87a7-e502727a5226,0.58084730833375,286.78000000000003
03d77f41-de79-4c2a-9ed9-95c6143eba15,0.5842509974166,202.77999999999997
1ab6de5d-185d-4986-9077-a35f588602bf,0.58440126466135,240.78
252ef300-09b7-446f-9df4-f49272b4b996,0.58419337049385,231.77999999999997
b4f38ae4-e258-4eae-9f3c-da75eeba978b,0.5829759172541,180.77999999999997
771af144-8770-476c-9863-1122d4bc6b68,0.5818371055949,204.77999999999997
3735db34-4261-46a7-bf60-67fc4962d002,0.58208904780825,241.78
bddacc2c-adc7-4635-94bf-3eeaf79658b9,0.5859787163322,218.77999999999997
b424a5cd-45b6-4e27-b608-7c7de94e1016,0.58258447631145,197.77999999999997
c1bcf9bb-e8c9-4b17-9c9e-a4f4ac70d881,0.58569365056905,265.7800000000001
59db02e9-fd45-4481-9f6b-65cc12270743,0.58600997878335,235.77999999999997
7493bf40-1b9d-424d-9bcc-25b3fae62260,0.58444918557115,202.77999999999997
276b17d7-cc9b-4012-8381-909235a97d39,0.5809848999413,220.77999999999997
5dd5c998-8540-4768-a734-9ebb89b0cfc9,0.5855162396531,223.77999999999997
76ffbccf-316f-414f-86ff-62db595674dc,0.5873386412501,220.77999999999997
efd78378-cbb2-4b4f-a520-01355ba10ebf,0.58055783377635,221.77999999999997
cfd03458-868a-44ea-bc9c-c98ad853c9bf,0.58084730833375,286.78000000000003
43e68112-32de-4544-90bb-1cc072063325,0.5842509974166,202.77999999999997
8c15f33d-504b-4e3b-813b-116c69f17b15,0.58440126466135,240.78
ae8b2ff7-7ab8-4f2b-8641-b72d041dae21,0.58419337049385,231.77999999999997
003d46f6-b35a-4802-b33e-38ca16b3a02a,0.5829759172541,180.77999999999997
b4fe8c37-fec2-4dce-9aec-6da79d4ce4bf,0.5818371055949,204.77999999999997
74fc8a09-3de9-4287-979d-4202bc51dada,0.58208904780825,241.78
687dde62-cc23-4a67-962f-8a76f2521dca,0.5859787163322,218.77999999999997
bac99496-57a2-440d-9f5b-e33f337c16f3,0.58386583163235,196.77999999999997
483429a2-e9a1-46f0-8947-cf91454546ad,0.58569365056905,265.7800000000001
3e8c3cb4-32b1-4c51-93f3-209c0ed75609,0.58600997878335,235.77999999999997
6e309c68-5713-418e-8c01-79be8900cdd1,0.58444918557115,202.77999999999997
5ab9b43d-c151-4a50-bdc8-61e089fc8b50,0.5809848999413,220.77999999999997
29e6d073-4dd7-4ff8-8640-100214861f8b,0.58215678589025,218.77999999999997
1916ab54-a538-4560-b95a-4be8a491e8e2,0.5873386412501,220.77999999999997
bf1b5303-c71b-4629-a8ab-3952fd809678,0.58055783377635,221.77999999999997
03684be9-2726-4f7c-a7e2-b79c9e5a49fa,0.58084730833375,286.78000000000003
90f8b74c-c186-4c62-b514-b28072de91e4,0.5842509974166,202.77999999999997
fd3ec5b3-0b59-49dc-a20d-e1eb002ef327,0.58440126466135,240.78
1844714d-3f2c-4ec6-b2a4-ba7027c0a66b,0.58419337049385,231.77999999999997
b4caa05d-c972-4267-9c27-783ffd4105db,0.5829759172541,180.77999999999997
d7a080d8-7448-48ac-a33a-1149e14d5e41,0.5818371055949,204.77999999999997
ff5cf9c9-c21f-41e3-a84a-9fa88572ed6a,0.58208904780825,241.78
a0ce824b-795d-48c7-829f-39ac91af5950,0.5859787163322,218.77999999999997
c5dde68e-6264-4016-a59f-d6d890893cd2,0.58166163977695,195.77999999999997
ad7b6eae-d916-44f3-b533-056c544619fc,0.58569365056905,265.7800000000001
9edd3b9e-fc65-449c-9f9e-e603b5632878,0.58600997878335,235.77999999999997
c0dd96b5-ba0d-46b5-96d8-783e66aa3024,0.58444918557115,202.77999999999997
776f216e-9d5f-4edd-bec2-371e38eb05a7,0.5809848999413,220.77999999999997
2c0b6a1d-77b8-415a-b76f-1a5b1047265e,0.58215678589025,218.77999999999997
da656d80-e228-449f-8003-c1eee3251315,0.5873386412501,220.77999999999997
ae1b65c1-92f3-4be6-88ac-c06b9253c9e2,0.58055783377635,221.77999999999997
8502443c-80e0-4bde-a83e-472963e8260d,0.58084730833375,286.78000000000003
fff88f76-56d3-4f35-a661-6f321e8039d9,0.5842509974166,202.77999999999997
9f568a03-26c9-4a00-a461-e56cfacd1fe6,0.58440126466135,240.78
e8bb54e1-b945-4f88-9af5-0ae19ed0c363,0.58419337049385,231.77999999999997
04ba9350-6484-4a7a-8bce-00e149310e92,0.5829759172541,180.77999999999997
74206316-5e54-4be8-ac4c-6917b8256e2a,0.5818371055949,204.77999999999997
b79a2628-1f36-4faf-b770-0ecb3e807e69,0.58208904780825,241.78
6ce4ed64-b14a-435d-90c6-ab6d39007b0f,0.5859787163322,218.77999999999997
bdf6eb49-01c8-4c21-892a-cbaaa28eaf3e,0.58258447631145,197.77999999999997
8f616b1f-a501-43ec-a810-5b39faca2adf,0.58569365056905,265.7800000000001
de213214-0ef2-4014-956e-31388f722ec1,0.58600997878335,235.77999999999997
91f31de9-d5c9-48f9-b0b3-e8c540680735,0.58444918557115,202.77999999999997
edd4b382-ee79-413d-94f8-886977a44a9a,0.5809848999413,220.77999999999997
13b7c274-8c62-457a-b94d-80086985a991,0.58215678589025,218.77999999999997
dc1852db-e71a-4637-9ddc-07596ab80114,0.5873386412501,220.77999999999997
75d4669d-0c60-40cc-b501-6f6181800e72,0.58055783377635,221.77999999999997
0ce24596-0023-4cb5-903d-d1298d05886a,0.58084730833375,286.78000000000003
10df5cf2-1229-473e-8916-aa3b2a489393,0.5842509974166,202.77999999999997
4994a656-d1c3-4728-90f0-64fc8d57a4e7,0.58440126466135,240.78
76a178bf-ca71-41bb-9518-dd904dc214ba,0.58419337049385,231.77999999999997
6d112fe0-0b38-454b-8d82-415b214338be,0.5829759172541,180.77999999999997
9bc93dc5-119a-4fc0-b0d8-0c3428406560,0.5818371055949,204.77999999999997
2fb003dc-d071-4b3f-8b48-5de423280d02,0.58208904780825,241.78
b17ab7e9-f007-486e-986e-3b0bb662bcc6,0.5859787163322,218.77999999999997
8d32c5f4-1b3a-485f-a22b-f1fe7aaa1900,0.58386583163235,196.77999999999997
3db8deb8-8d80-4116-82a9-66c850cde317,0.58569365056905,265.7800000000001
25a79508-8130-415d-8e99-4c16b013ff41,0.58600997878335,235.77999999999997
e7478efa-ed34-4e35-815d-ab1dc378cea1,0.58444918557115,202.77999999999997
395a64f4-895e-45d5-b49c-df1d238a5013,0.5809848999413,220.77999999999997
28fcbfea-863a-40d4-8732-254b46c058f5,0.5855162396531,223.77999999999997
d35e7298-1c9d-48d4-8c35-e1b121321d61,0.5873386412501,220.77999999999997
69f22af7-cfcd-42fa-addf-8ab2ddf51b08,0.58055783377635,221.77999999999997
1a15e73c-c33c-4f44-a1f5-11ff68c6eb7a,0.58084730833375,286.78000000000003
b742b963-1288-49c0-ae53-6201a2824e52,0.5842509974166,202.77999999999997
87fb68dd-fa02-480a-9a82-fa2d8647dd83,0.58440126466135,240.78
da0a7afa-6b30-49eb-80f5-e3de969ddff9,0.58419337049385,231.77999999999997
58fae111-cc9e-4991-b05f-5b5ff02391ac,0.5829759172541,180.77999999999997
e8ee84db-3466-4932-9819-d78b162ef0d6,0.5818371055949,204.77999999999997
e6d3ba75-2b95-4039-a4e8-6956bc2ee359,0.58208904780825,241.78
1048dd9d-036e-4dca-981f-f010f99c343e,0.5859787163322,218.77999999999997
79d1b1d3-3ef2-4427-9f8d-9539e5620e8f,0.58166163977695,195.77999999999997
7807b43b-f32a-4b38-9816-d24154398cc6,0.58569365056905,265.7800000000001
f8cc2fac-0ebb-491c-9ea9-f65818a49e4b,0.58600997878335,235.77999999999997
1b5b101b-0a0e-4cc9-af5f-7767cd5e0a4c,0.58444918557115,202.77999999999997
1aab65e4-a477-4f38-99b3-6bef9115642e,0.5809848999413,220.77999999999997
ba72168d-2434-499b-895c-91d3961b9768,0.5855162396531,223.77999999999997
77b7b2da-4389-4230-ace9-17e2509ff10d,0.5873386412501,220.77999999999997
7edcad12-099a-4731-ba3d-7e21c0550568,0.58055783377635,221.77999999999997
292305f5-78c6-4fe3-bb0f-7d22f5fbac20,0.58084730833375,286.78000000000003
ad89491c-d144-4f99-9f5e-858e2bbed97d,0.5842509974166,202.77999999999997
c054ee4a-5ff9-48d2-9479-84a90298576c,0.58440126466135,240.78
35cbc4ca-20d1-49dd-b11d-95594abb338f,0.58419337049385,231.77999999999997
ae58a5b3-bcff-4e74-b363-8ae2e77b226f,0.5829759172541,180.77999999999997
ef0fcfa5-995a-4a24-a22e-370e19ef4d78,0.5818371055949,204.77999999999997
c0f52909-c8dd-422a-ac8b-f9117cb96d28,0.58208904780825,241.78
3ea344a0-3851-4b16-a328-81d29b4ab861,0.5859787163322,218.77999999999997
038291d2-6e56-45ed-b5dc-f42722efaec5,0.58386583163235,196.77999999999997
6644fdf1-49f8-42f2-b662-3d3e0ceca508,0.58569365056905,265.7800000000001
41e096a1-c534-4a2d-a1c5-3eface5f18ca,0.58600997878335,235.77999999999997
1d6d0773-c190-429b-a5bc-609670fba9c1,0.58444918557115,202.77999999999997
b5d6a805-5224-43b7-8680-099b6d029839,0.5809848999413,220.77999999999997
f2b7b370-d71c-482e-8d37-fda1c5195854,0.58215678589025,218.77999999999997
eb088b57-ef92-4d05-8f97-4923aa54aedc,0.5873386412501,220.77999999999997
ccb4eb8d-3f7c-42e0-b083-e5fffa1a3e92,0.58055783377635,221.77999999999997
21e94215-0b78-42f1-b75e-54d74f973bd0,0.58084730833375,286.78000000000003
c6c2878c-1941-41ac-9649-a6a9fa22d9e3,0.5842509974166,202.77999999999997
f26f3673-192e-488f-bf87-0f31fe639e9d,0.58440126466135,240.78
3f0a9aab-34b0-4c8f-914c-cd357f58b315,0.58419337049385,231.77999999999997
bdc7fbf5-afb4-42a7-8add-871abac47d47,0.5829759172541,180.77999999999997
ea9d3bdc-4653-49f2-a1f6-08d22dffe5b8,0.5818371055949,204.77999999999997
9d6d8944-ead9-4e9a-a806-9109dece2857,0.58208904780825,241.78
37c7f6b3-f6c2-4018-83e9-26b2b0aee7e6,0.5859787163322,218.77999999999997
597c1709-dfc8-470e-8692-87c7b4066de7,0.58166163977695,195.77999999999997
0a45a305-feb1-4fff-bf6a-4cef1202bbff,0.58569365056905,265.7800000000001
5e62d30b-6f65-49fc-ac14-f579c32cc9e2,0.58600997878335,235.77999999999997
794988e3-763f-455d-9673-72276af4882f,0.58444918557115,202.77999999999997
31eebecb-fd24-499e-8e77-59f36fbb02bf,0.5809848999413,220.77999999999997
4facd4e5-e45a-4a06-9ec6-bdaa7659fc85,0.5855162396531,223.77999999999997
007a4fd5-3b3b-41dd-ad20-e73ab6254a45,0.5873386412501,220.77999999999997
d2ec2955-f2be-41f1-b97f-400aa0686dc8,0.58055783377635,221.77999999999997
0999ab79-0b5c-4d95-9cd3-87e2adb6da63,0.58084730833375,286.78000000000003
c226ea00-64a1-4678-b85f-4e6d70fdb0e1,0.5842509974166,202.77999999999997
2f053152-d480-41f4-bfd6-7fc539146aca,0.58440126466135,240.78
a021a5de-2217-45d0-a72d-64c895694a20,0.58419337049385,231.77999999999997
44e8d922-5cf8-4dfd-9d14-10d5efc733c0,0.5829759172541,180.77999999999997
770974bf-53f2-455e-b0dd-2ce97fa957fe,0.5818371055949,204.77999999999997
34d72e73-e4db-41d5-86ff-0fb5a367ae00,0.58208904780825,241.78
9339c057-a28b-490e-88bf-9c44d26995b8,0.5859787163322,218.77999999999997
cb1f3858-30eb-4569-930e-bfcd320935cc,0.58258447631145,197.77999999999997
ef9960ce-b68c-4d76-8a3c-b6ae1e22f948,0.58569365056905,265.7800000000001
c02048eb-4c36-4982-af25-98948aaf0afd,0.58600997878335,235.77999999999997
d69bf798-e43d-4af5-8feb-5e5c5386d767,0.58444918557115,202.77999999999997
f0431e48-08f3-4a07-a1b3-91ca142d54cb,0.5809848999413,220.77999999999997
e0e2c619-32ea-48aa-9297-47e3e00f6aa2,0.58215678589025,218.77999999999997
1e1bd659-c86b-46d5-93a3-e49cc65925a7,0.5873386412501,220.77999999999997
883fffba-e1f6-4085-9bbe-fa960db742ef,0.58055783377635,221.77999999999997
ad7d5155-3efc-4af1-bc76-3017336df259,0.58084730833375,286.78000000000003
a42ed3f3-ff7a-4111-be06-46855e849db8,0.5842509974166,202.77999999999997
a179a965-9211-4f30-8192-83ba58598469,0.58440126466135,240.78
bd296f4a-69fc-488a-a130-e893b671b8e3,0.58419337049385,231.77999999999997
4cb54a66-07da-4df6-b375-67a05258d44e,0.5829759172541,180.77999999999997
dd3c13ee-3f37-45a3-bd69-c0ca21697495,0.5818371055949,204.77999999999997
4f0b2672-3105-468c-b05d-2471ee6bc328,0.58208904780825,241.78
1a741e6f-e3eb-4ec1-bbcc-cf137d733488,0.5859787163322,218.77999999999997
121946e6-f5b9-405a-9698-d73fab4f0f97,0.58386583163235,196.77999999999997
5d0f8e44-35fe-4f60-b9a5-c28471a03a6f,0.58569365056905,265.7800000000001
a7993394-3e19-4a52-940f-dcfc5243ceb1,0.58600997878335,235.77999999999997
61e16ae0-2100-4249-8d80-ba9cadb454e5,0.58444918557115,202.77999999999997
41c63bed-9a8b-440d-9ce0-b5953122d034,0.5809848999413,220.77999999999997
9b828936-3064-4ef5-b7d1-fcd67038e33a,0.5855162396531,223.77999999999997
fc3e8c9e-bf69-4a35-b9f5-5b00d24c44fb,0.5873386412501,220.77999999999997
5924793e-bf56-42f1-a042-3e5481ac7ffe,0.58055783377635,221.77999999999997
bc2e5452-25c4-4386-adf2-a42ce72f014b,0.58084730833375,286.78000000000003
f08ba163-cf73-4d29-80bc-5341e4530147,0.5842509974166,202.77999999999997
337845b6-9909-4a49-bdd4-52680190002f,0.58440126466135,240.78
0c5c4764-fead-448e-813e-f5c64a467286,0.58419337049385,231.77999999999997
308aa680-d838-4c3f-a3c2-f93761ec13f3,0.5829759172541,180.77999999999997
2a56e221-9de4-4c87-a408-8adbc1676cb8,0.5818371055949,204.77999999999997
b0045bb9-4f62-4cce-b3d2-f1e7296a334a,0.58208904780825,241.78
ec667b35-2c8b-4148-b565-ae20da269ce0,0.5859787163322,218.77999999999997
2da68752-cc2f-431e-baef-7f7af08b2117,0.58166163977695,195.77999999999997
c30defb3-f042-4719-a7e1-b756cc2ac6f4,0.58569365056905,265.7800000000001
bfb217f4-9009-47c8-93ee-cab737a4c80b,0.58600997878335,235.77999999999997
ecda1775-0e87-4477-b772-c144df5a7433,0.58444918557115,202.77999999999997
a028780f-b4bc-440d-9bcf-d171a95505d3,0.5809848999413,220.77999999999997
949fa081-9778-415c-9a6c-34b8f1ccab8f,0.58215678589025,218.77999999999997
d1689177-b8e6-492a-ae17-7ff788af327a,0.5873386412501,220.77999999999997
c0bd1922-62eb-4db2-9117-663e2dcefecf,0.58055783377635,221.77999999999997
dd0a1f17-430a-485a-b7e5-8eb79b9c1da9,0.58084730833375,286.78000000000003
8c3bee6f-40b5-4b99-9908-e3fec99f3984,0.5842509974166,202.77999999999997
5d78c7af-350b-4992-a46f-27170f9965b8,0.58440126466135,240.78
7bdd67f4-7c87-431d-ae8e-6bb11fed873a,0.58419337049385,231.77999999999997
fac0acd3-abb3-4ca4-9a3a-f700187cdd44,0.5829759172541,180.77999999999997
7baf2aa3-467f-4256-939a-ae1df95b1cdb,0.5818371055949,204.77999999999997
21bb7811-e81f-47c2-b328-876660f73fcb,0.58208904780825,241.78
77e90610-116a-4c02-bee5-c4e6773f621e,0.5859787163322,218.77999999999997
a14d8372-6e45-4870-94e8-ef5067f7cecb,0.58386583163235,196.77999999999997
4c7248cb-74a0-416a-85bf-78f9bb308df5,0.58569365056905,265.7800000000001
1e6a00b7-568d-400c-9c3a-c736ab606321,0.58600997878335,235.77999999999997
50e593af-07ba-43b7-a986-990c2321ccfd,0.58444918557115,202.77999999999997
dff0e33f-5904-4c6f-b17f-477576e083c2,0.5809848999413,220.77999999999997
21f78189-7113-471c-b191-41e5d2c73d86,0.5855162396531,223.77999999999997
f178f3cc-2c43-4d8c-af20-e51edd42243e,0.5873386412501,220.77999999999997
6190e0db-7b75-419a-b5d6-6ee27af00442,0.58055783377635,221.77999999999997
3534e480-6083-4260-9000-3c6358977656,0.58084730833375,286.78000000000003
8465ba97-0865-4b76-808f-6cd16b4c9691,0.5842509974166,202.77999999999997
740fc101-0f8d-45d6-a558-d100ca48f76f,0.58440126466135,240.78
645bb6a2-8277-479c-a4dd-e260b3764e4b,0.58419337049385,231.77999999999997
ca3e5d7d-bb97-46fa-a649-c7014a794aa7,0.5829759172541,180.77999999999997
830ab600-a1d6-42ce-bc35-d07ddf72d106,0.5818371055949,204.77999999999997
59c110f0-54ff-4da9-b98c-efa2882d4cf4,0.58208904780825,241.78
1022bfe4-41c9-4f75-ac2a-084030b638b6,0.5859787163322,218.77999999999997
3df99e06-5c4f-4391-824d-fd06b3867c32,0.58166163977695,195.77999999999997
a00209c3-0242-4ecf-a5e6-a313031694b1,0.58569365056905,265.7800000000001
8ad75097-1e49-49c1-9288-0bac67dd4fd3,0.58600997878335,235.77999999999997
8c98d84a-7ef9-4e6f-84cc-3847c9cf4ba7,0.58444918557115,202.77999999999997
7576bd61-deaa-4f90-b1b1-9cd598282614,0.5809848999413,220.77999999999997
ea8f1577-a329-44a8-864d-c80722091eb9,0.5855162396531,223.77999999999997
a06f6ce8-7a5d-4c73-80d9-b28e7fc95f6f,0.5873386412501,220.77999999999997
a48fc75c-2398-49a4-8396-7cd792c42da2,0.58055783377635,221.77999999999997
a60f5fa3-4c0d-43f0-9033-cbf95118482d,0.58084730833375,286.78000000000003
0249e0a2-4f45-4e91-b4d8-a70723d76cd4,0.5842509974166,202.77999999999997
13d83911-bc44-4781-a0ff-649d27306e2a,0.58440126466135,240.78
915daa4b-fbef-4162-a9b8-c50d9e56f28b,0.58419337049385,231.77999999999997
78d694f6-f627-40e8-ae93-744bde0943d8,0.5829759172541,180.77999999999997
41df9cd0-81dd-4873-ac3a-56d1690b877b,0.5818371055949,204.77999999999997
f55f6ba7-423b-46fe-ab84-5767a9f77eb6,0.58208904780825,241.78
7478e9c5-809f-4df1-a67c-3a691bddcc35,0.5859787163322,218.77999999999997
71d84cfe-521b-4bdb-805e-7b593eba6d31,0.58386583163235,196.77999999999997
1f5a7dda-ff95-4874-aa6a-9d3c9250f1a4,0.58569365056905,265.7800000000001
c52a98a6-43f8-46fb-ace0-8235c1d2dcae,0.58600997878335,235.77999999999997
936452d8-b540-4c17-a1b0-d1af2f2e16f6,0.58444918557115,202.77999999999997
bd294da3-aa5b-42bd-a83e-6c49db073b3e,0.5809848999413,220.77999999999997
10f36bb4-669f-4c7a-8c12-1daea72cb5f3,0.5855162396531,223.77999999999997
22233a6b-6e23-44d6-a092-3a498f2f1ea1,0.5873386412501,220.77999999999997
de3c50c0-793e-4487-ab8a-f72f3356ef35,0.58055783377635,221.77999999999997
105090f8-3b15-4d11-b77e-c526ecaf0f1e,0.58084730833375,286.78000000000003
7e5ff652-01b1-4d79-afcd-b8dd8da91702,0.5842509974166,202.77999999999997
be432f68-52b8-47e6-b8ac-2e8edc650a99,0.58440126466135,240.78
76d66d5b-4012-4fc1-a9f2-3c8a24f0a867,0.58419337049385,231.77999999999997
832ad975-5786-4a53-9414-f120b25ac9f0,0.5829759172541,180.77999999999997
b36f222d-b083-4865-88f6-ab7eebb536ff,0.5818371055949,204.77999999999997
f3fc1dc8-d4a1-4a9b-bbfc-e76b8664b1fa,0.58208904780825,241.78
2d2d8034-bac5-4bc5-b733-0a30dfbbfe7a,0.5859787163322,218.77999999999997
64b158cb-a0d0-44ed-9e1d-f367a1f56dbd,0.58258447631145,197.77999999999997
4bcd1f46-c229-41c2-95c4-291ec0d18219,0.58569365056905,265.7800000000001
6559ff94-e5ac-40c5-86f8-7412a39e62b8,0.58600997878335,235.77999999999997
502282cd-814f-4032-bf5a-76b18d8616e8,0.58444918557115,202.77999999999997
4e27a369-f421-4f35-80c7-d8f3251e60ea,0.5809848999413,220.77999999999997
98802142-7fbf-46ac-b345-965cc27615b0,0.5855162396531,223.77999999999997
deb3182a-a9b5-4999-8b41-b176cbb2b3a6,0.5873386412501,220.77999999999997
0275e378-0ff8-4d25-a7de-7a20392a6811,0.58055783377635,221.77999999999997
ba2eb7ba-7c18-44ff-a9db-a08f87632515,0.58084730833375,286.78000000000003
8ce3550e-8f13-46ac-8aaa-1fae2acbf890,0.5842509974166,202.77999999999997
2ef4d518-0150-41da-be22-46c52328a252,0.58440126466135,240.78
f9b634b0-f0ca-4295-9b57-c446fd6387a4,0.58419337049385,231.77999999999997
676e424d-d1e1-4d9e-9c33-4c8c5b25a968,0.5829759172541,180.77999999999997
475dc915-2b6a-423a-941e-e7c3f1609aa6,0.5818371055949,204.77999999999997
d0c7ea49-2be1-4242-baff-bc3f08fbf50f,0.58208904780825,241.78
2dd7736d-e150-4b22-8b43-2ac464eda56e,0.5859787163322,218.77999999999997
01a11046-6573-4809-aa02-6ec24c05a7d2,0.58166163977695,195.77999999999997
c8ba8536-9571-476e-8b56-195682f3f694,0.58569365056905,265.7800000000001
d1b0cad5-23d1-4bfb-8962-87e58f94fa45,0.58600997878335,235.77999999999997
8598927a-e965-453e-9778-8118a6f421d3,0.58444918557115,202.77999999999997
c54301b9-815a-4e41-98ce-450a32052748,0.5809848999413,220.77999999999997
4bc349d9-4150-4cbf-9512-4bd09c04c6c5,0.58215678589025,218.77999999999997
de8cc841-6798-4914-a2b9-d0b76b8cd1e2,0.5873386412501,220.77999999999997
e8aab31c-6e32-432d-9bc7-ab2cf0489e7e,0.58055783377635,221.77999999999997
b449a67d-bec8-4ced-93a2-e1d3d82843c2,0.58084730833375,286.78000000000003
9911c991-71af-4bd0-a23f-fa0e4fab9bb6,0.5842509974166,202.77999999999997
b0a66e75-6868-4d0c-836a-07543b663a79,0.58440126466135,240.78
80de6ac4-a08f-4a6c-bb5b-f540625f8975,0.58419337049385,231.77999999999997
049e70ee-cb5a-40ef-9648-0c5527fd0c11,0.5829759172541,180.77999999999997
fececdbe-3459-4b2c-b232-8c8e52d5902a,0.5818371055949,204.77999999999997
f885219d-d91d-48a6-8bb6-74cdb8b37c3c,0.58208904780825,241.78
f2b05ab9-bbae-4c7b-9fbf-cbfd31ffff0d,0.5859787163322,218.77999999999997
1d92b8ad-d517-47b2-a304-797f5cf300f4,0.58386583163235,196.77999999999997
15ab0b10-5d5d-46b3-b860-b4cb5951b48a,0.58569365056905,265.7800000000001
38e0f54b-0196-421c-8b1f-d4b5c88ab702,0.58600997878335,235.77999999999997
47cebdc2-21c2-49ae-8b60-56d03c1d8d98,0.58444918557115,202.77999999999997
eebcda15-b20c-4cf5-86ee-4dd576db2e4b,0.5809848999413,220.77999999999997
43f6cd83-5638-4e2e-9db4-7e0a1433023b,0.5855162396531,223.77999999999997
85b68b21-19ec-4d2d-9835-bfeb8a473910,0.5873386412501,220.77999999999997
ed1b285c-7999-49fe-859b-eff52e55e556,0.58055783377635,221.77999999999997
7d824aad-85b9-49ff-a236-2bbd86eac5dc,0.58084730833375,286.78000000000003
d6d71af6-2d9f-4979-88d9-c40b51fccef0,0.5842509974166,202.77999999999997
6042441b-c7c5-45c6-97f7-f11517eff38f,0.58440126466135,240.78
a17cca24-c63d-4ce9-a7fa-1ca5d6e46e59,0.58419337049385,231.77999999999997
29b3e227-9f4b-472b-85ae-0f2a4f8dea36,0.5829759172541,180.77999999999997
0786a19f-a03a-443c-8a2c-628a19928d8f,0.5818371055949,204.77999999999997
aedb7aa6-7fde-44de-b13d-83345b39e41c,0.58208904780825,241.78
b449e1a1-b848-4a3a-a9d0-4ae8dd505dde,0.5859787163322,218.77999999999997
a403f3ad-6f49-432a-afc7-a2a04fc70b07,0.58386583163235,196.77999999999997
d5c30f56-cbd8-49b0-b816-1fe64758ce0f,0.58569365056905,265.7800000000001
cd542f38-1231-4b89-ab67-21c7c554c7b5,0.58600997878335,235.77999999999997
b5235e09-ab3a-4648-9abb-63e52f80f696,0.58444918557115,202.77999999999997
80d1d6c8-4dde-4267-937d-693b1cf5e100,0.5809848999413,220.77999999999997
efd81ab2-a821-4053-b535-8b7345970919,0.5855162396531,223.77999999999997
7bf8b6f7-3a8e-4ec7-9508-3ac1f9166662,0.5873386412501,220.77999999999997
2e7c2a75-1396-407b-8a1f-0ade4257406d,0.58055783377635,221.77999999999997
bb722c8b-7fb8-4ba1-973c-7c224f73b02d,0.58084730833375,286.78000000000003
4d357b0b-57fc-482b-ab8d-a58c7e188569,0.5842509974166,202.77999999999997
d1aa677c-c479-4751-b4f0-ce68b1a0025b,0.58440126466135,240.78
a999a1f7-6bbf-4199-bd47-ff4360e8b126,0.58419337049385,231.77999999999997
78021fde-8fb5-4f06-8e6e-196573dbdf1c,0.5829759172541,180.77999999999997
81f10a0d-b22e-4231-b779-305c3cb318e7,0.5818371055949,204.77999999999997
f48a34f9-b59f-4bf4-bc2a-c96b7ce762f3,0.58208904780825,241.78
48282562-6f13-468e-b196-70695ad631be,0.5859787163322,218.77999999999997
cd5acead-6e42-4d30-881a-515d24503deb,0.58166163977695,195.77999999999997
c1a1f36f-5a19-4e34-b021-f8761f7dc65e,0.58569365056905,265.7800000000001
bc8bbb05-d7ca-4209-a384-46861e185f40,0.58600997878335,235.77999999999997
e671b346-e726-4b35-b9c5-248b5ad28a45,0.58444918557115,202.77999999999997
e8806641-94b7-4d7a-a284-a377215ee5d3,0.5809848999413,220.77999999999997
5f8873d4-c39f-4da1-9637-17543f09d294,0.58215678589025,218.77999999999997
64045f90-0438-4e8b-a53d-697af6b6caf8,0.5873386412501,220.77999999999997
eb626724-232e-4583-a668-a5c4a7d6eaa3,0.58055783377635,221.77999999999997
f16aefd9-2af3-4086-8da2-403b3d3b49f0,0.58084730833375,286.78000000000003
548f24d2-9d9b-4b38-8a3d-5aa1143ef62d,0.5842509974166,202.77999999999997
9afc913c-c4cf-407c-99c5-0a505a20a348,0.58440126466135,240.78
e4278176-eee5-45fc-a37a-7af7100bf9f3,0.58419337049385,231.77999999999997
55b29628-baa5-4c27-8404-6304dc741e11,0.5829759172541,180.77999999999997
9acd36bd-ebba-4f57-a6d6-8e0398f40496,0.5818371055949,204.77999999999997
32eb3579-7111-4c7b-a0f2-04ca436b54cc,0.58208904780825,241.78
d521ac97-3153-4d4c-a341-7eeed3c701bf,0.5859787163322,218.77999999999997
12183b5e-04df-40ab-9574-b2517d63c7d0,0.58166163977695,195.77999999999997
7de2ff80-9f78-4e11-9816-1d0c1887ba86,0.58569365056905,265.7800000000001
51360678-5ad7-4b24-8325-8b287f6e785e,0.58600997878335,235.77999999999997
c312505a-d7e1-467f-9b33-fa7e395295c6,0.58444918557115,202.77999999999997
0a17eb2a-9931-401a-aeb7-f4a449ec4316,0.5809848999413,220.77999999999997
6f3dbf24-3a32-414a-b736-ded439e3c40f,0.5855162396531,223.77999999999997
b531141f-3d33-4825-9a18-665de258582f,0.5873386412501,220.77999999999997
d7022a51-36da-4077-80de-b0030097d1fd,0.58055783377635,221.77999999999997
9ac0b4fd-2cbd-41b0-be98-7ec79c9f1e22,0.58084730833375,286.78000000000003
76f8b70f-81c6-40e2-8a91-14a08a1f71d2,0.5842509974166,202.77999999999997
3dba0813-ee58-4115-9fa5-77fde484524d,0.58440126466135,240.78
3cd31ab3-0d8c-4be5-b4cb-326ddb529196,0.58419337049385,231.77999999999997
e7ff8c15-a874-4d50-bc72-ac69c466ff9d,0.5829759172541,180.77999999999997
c049a6a8-a4fb-4b19-b00b-d64e26cbed24,0.5818371055949,204.77999999999997
5e945a1f-9ba2-4f8d-8311-824b174162c4,0.58208904780825,241.78
856bd3f6-22c4-4028-95c3-9bdeae0d4343,0.5859787163322,218.77999999999997
fc84fc0f-b375-4dac-a680-424c85ed296f,0.58386583163235,196.77999999999997
e81a6d96-80e6-4644-a3b8-99f388f5df57,0.58569365056905,265.7800000000001
426b506e-6bba-4515-8431-7af10fe44a9b,0.58600997878335,235.77999999999997
094b432a-1c6b-42f6-ad65-e1d7535acb19,0.58444918557115,202.77999999999997
b0d88025-1cf8-436a-8cba-4296b9c8d3c3,0.5809848999413,220.77999999999997
b71d7501-a493-47d9-8f9a-220ed1f8960d,0.5855162396531,223.77999999999997
0cd64da2-9275-4a89-8162-ba60fd49022f,0.5873386412501,220.77999999999997
fb2c99b1-9be3-4161-adee-6ef6fa1f787b,0.58055783377635,221.77999999999997
27fed68d-405a-4f60-b47e-0b2c4d104976,0.58084730833375,286.78000000000003
1743bc32-0351-4ac7-bac6-9ca8c6235f03,0.5842509974166,202.77999999999997
57ebddbc-5f50-4dd7-9d81-d8cc4521518a,0.58440126466135,240.78
fe3cf1d0-e8e3-4070-9be9-cd5e0b86ab04,0.58419337049385,231.77999999999997
c21a497a-70d5-422c-95b3-9f1109bff838,0.5829759172541,180.77999999999997
53d15bd1-946d-4414-9590-6b94be1f1ad8,0.5818371055949,204.77999999999997
6dd47536-700f-4b84-8a62-4689eed24dc5,0.58208904780825,241.78
d30e1025-ad12-40c7-b0ab-43d166effb2d,0.5859787163322,218.77999999999997
e7753e29-1bf5-4f89-9096-b5c4301a4343,0.58386583163235,196.77999999999997
e741fd3b-0320-4cf4-832a-31f315e044b0,0.58569365056905,265.7800000000001
4d85e49d-59cd-4351-8344-5886b86382cd,0.58600997878335,235.77999999999997
2d2ccb8c-0179-457a-8ffc-b474ae386ee6,0.58444918557115,202.77999999999997
b9b1bf1f-10db-48b0-a4b9-29eb8a16335c,0.5809848999413,220.77999999999997
c75f615f-9ece-4567-af2b-325d15270403,0.5855162396531,223.77999999999997
24857c33-3527-494d-972a-b6bd662f0f5a,0.5873386412501,220.77999999999997
a6e3bd65-2ae9-492c-851d-e1fa80ff1102,0.58055783377635,221.77999999999997
f135e32a-e6c3-4cad-8df9-60601652c125,0.58084730833375,286.78000000000003
4a602c75-d012-4d12-92a0-2977381ab214,0.5842509974166,202.77999999999997
dbb81b44-9db6-4814-a27a-4b287c6cf257,0.58440126466135,240.78
3e99cb92-220c-4222-9d16-1727df8f4685,0.58419337049385,231.77999999999997
647370ec-285f-40d1-9011-6d17a6e8f786,0.5829759172541,180.77999999999997
0b9cb781-2293-49eb-8158-18f1c7296f84,0.5818371055949,204.77999999999997
8905f84c-6e90-46af-aea8-34b81484de23,0.58208904780825,241.78
d477b305-43e6-453c-90af-eae2bd543ed4,0.5859787163322,218.77999999999997
a57f6829-4bea-4308-830e-8ac45893dbe5,0.58386583163235,196.77999999999997
7b55b2f9-ba63-4a75-8d54-e7a9452ef149,0.58569365056905,265.7800000000001
b6eb2497-5c5b-4047-903b-da6d3daa0b22,0.58600997878335,235.77999999999997
aa4eb475-37c1-46ba-afad-e9d075ab4a77,0.58444918557115,202.77999999999997
10ba13ff-9d2d-4ed6-bdce-a67ff306f9f9,0.5809848999413,220.77999999999997
e81d4d0d-b749-4993-843a-ef195d84eedf,0.58215678589025,218.77999999999997
6e49e8b4-0dc8-4670-9082-e40bb41e251d,0.5873386412501,220.77999999999997
9a3b8308-3de8-4633-a787-3ecba29e09d1,0.58055783377635,221.77999999999997
f6a51624-f0b0-4d64-9192-6a67b3d91e22,0.58084730833375,286.78000000000003
1a54fbad-de57-4479-a29e-9cc6d1494b42,0.5842509974166,202.77999999999997
9def0484-8d20-4a84-b2e0-87e5956417ec,0.58440126466135,240.78
0ce895f8-6484-4065-b9ea-529c9081cf5e,0.58419337049385,231.77999999999997
c97eff38-3940-4cf9-ab0e-eeef4b0c49e2,0.5829759172541,180.77999999999997
5e8f8f28-d44a-400d-808d-1ef45a6289a5,0.5818371055949,204.77999999999997
3ca61725-e2e2-4b0d-8c7b-5f3014717eaf,0.58208904780825,241.78
7513a8a3-8d67-4df2-9ded-e0344e2b6d46,0.5859787163322,218.77999999999997
58a41676-eb58-44d4-9738-f57f7e35e664,0.58386583163235,196.77999999999997
9df39a2f-f2a1-4592-b479-41ddcc395e18,0.58569365056905,265.7800000000001
d9c35e1e-1f64-4ce4-b780-1da1e12e3e9c,0.58600997878335,235.77999999999997
5820de4f-5e61-4421-9a21-51062d331483,0.58444918557115,202.77999999999997
a915a611-2169-42e8-816b-8e80b2da55f3,0.5809848999413,220.77999999999997
d06564dd-a029-4b46-95f4-1e5837c55f09,0.58215678589025,218.77999999999997
bc1ed85b-3727-4c2b-b338-54d91b1d9776,0.5873386412501,220.77999999999997
d75770d4-913a-44fe-8ad4-dea79ca54660,0.58055783377635,221.77999999999997
316824b8-b1fa-4d5a-ac8a-9b615860708b,0.58084730833375,286.78000000000003
dd1b3616-9375-4096-99b2-c56014dd0009,0.5842509974166,202.77999999999997
184bba5c-8196-44ca-a95c-a6db1e45ac27,0.58440126466135,240.78
35855fdd-7d59-4b3b-a88e-148c7013690f,0.58419337049385,231.77999999999997
6ca937ed-c4d5-4b9a-8c92-e254c0e35dd4,0.5829759172541,180.77999999999997
70e4df6b-2100-468d-8df4-b4e112ba6562,0.5818371055949,204.77999999999997
3b1bc36e-fb47-46c5-86e2-fa64d04e0ae3,0.58208904780825,241.78
31cd0391-7204-4bf1-a97a-c3b714d26533,0.5859787163322,218.77999999999997
6606f7b6-cf05-491b-aca5-7529034f963c,0.58386583163235,196.77999999999997
7dd65fd7-cdf5-4297-9a11-3bdeeb1f4562,0.58569365056905,265.7800000000001
bd174f9b-aa31-4d04-b513-782d30c0bbd2,0.58600997878335,235.77999999999997
3b83379e-3834-490f-867b-8df8be56519d,0.58444918557115,202.77999999999997
d3baf210-4b82-4551-bd8a-aed852f91723,0.5809848999413,220.77999999999997
5040e9bf-b03a-4d10-9ed4-3c6c3789725c,0.58215678589025,218.77999999999997
ef2908ca-998c-4bb0-9c3a-27b3675a735c,0.5873386412501,220.77999999999997
01e97b7f-1044-4e6d-8d12-9d361a22a235,0.58055783377635,221.77999999999997
48f55356-e116-482d-adc0-12e871b438f3,0.58084730833375,286.78000000000003
947dec61-6755-46d8-8530-da61465810c3,0.5842509974166,202.77999999999997
26ec0723-2d14-4e18-919c-fd7fdeab6491,0.58440126466135,240.78
f2c75ee5-2466-4125-aa23-a216255bfb0d,0.58419337049385,231.77999999999997
5de1b0a0-d8c7-4b3b-8408-85c426f1eb2b,0.5829759172541,180.77999999999997
7716645d-22f2-4356-897b-42ca1103039e,0.5818371055949,204.77999999999997
5cb96edb-39e9-4b57-ba63-f72678112d8f,0.58208904780825,241.78
adf157f9-32df-48b3-9f6b-a32d48fc8bef,0.5859787163322,218.77999999999997
1d8fcbe2-d3c1-446b-8860-3fa457b747d3,0.58166163977695,195.77999999999997
43a85418-1991-405e-93f6-3b35ca3e1a59,0.58569365056905,265.7800000000001
30d9a9d2-5bfd-4e99-a438-73713a13be47,0.58600997878335,235.77999999999997
439e8486-e32d-49ef-9670-ac12131d98a6,0.58444918557115,202.77999999999997
558df8c3-78b8-4722-9336-9b7e407db3bb,0.5809848999413,220.77999999999997
2bc8e9ef-84c7-4b07-ba37-c51206af5100,0.5855162396531,223.77999999999997
12c8429f-5f12-4d2c-a97b-bfec957f9ccb,0.5873386412501,220.77999999999997
7e17f82e-c4fe-4755-94bc-1b15c5bc183f,0.58055783377635,221.77999999999997
4970b784-137a-4d9f-bfc9-cd9734ee9494,0.58084730833375,286.78000000000003
75993e04-8f61-410b-b8b9-3cc1c00cb446,0.5842509974166,202.77999999999997
fe9e9f68-3eff-4df6-b805-bc212d811799,0.58440126466135,240.78
bf32cd69-1c0f-4db9-a0e9-4eb737372337,0.58419337049385,231.77999999999997
c22461d4-ec07-42e6-9030-6ee111a5f13f,0.5829759172541,180.77999999999997
68238e70-4dc8-483f-9298-2ca574b8250b,0.5818371055949,204.77999999999997
a96a2ae3-2f91-49c8-b2a4-dabdf6332d06,0.58208904780825,241.78
531ade33-6408-4a8d-8108-a7331dd5511c,0.5859787163322,218.77999999999997
bd4a9bc9-034c-4403-982b-fd75239938e5,0.58386583163235,196.77999999999997
873a70a9-8477-4fa4-b88a-103f5cfe8dbf,0.58569365056905,265.7800000000001
76c809e0-f124-43e9-a1bc-e3b94deabef6,0.58600997878335,235.77999999999997
fc8a9812-b5f4-48a2-ba28-db38f47aa5a5,0.58444918557115,202.77999999999997
f04f91b9-863a-4f3e-bdfe-b1c0927c0bcd,0.5809848999413,220.77999999999997
65a2e616-2b76-487e-bc2a-1b7f560eb5d5,0.58215678589025,218.77999999999997
29546942-826e-4e6b-8993-2af3c7a93695,0.5873386412501,220.77999999999997
8b5f16b5-4251-4a0f-9388-908620f16f1b,0.58055783377635,221.77999999999997
ca94efce-01f3-4473-9b1c-d4dbb2c3a35c,0.58084730833375,286.78000000000003
04dc9b1a-b3b4-4481-a85e-ceb0c1eaec58,0.5842509974166,202.77999999999997
4392cb66-6870-4341-83d3-a217d999468d,0.58440126466135,240.78
07f39fe7-e6d4-4cfd-8358-156f294c2bf9,0.58419337049385,231.77999999999997
67056670-82cb-4d1b-a670-d31c2698a318,0.5829759172541,180.77999999999997
c2ce3f1f-f0be-480b-b4fd-0f2fd0a7c665,0.5818371055949,204.77999999999997
5fe508bf-19c8-49a1-acec-2b8ec2de7ee9,0.58208904780825,241.78
0d9523aa-9ac3-4156-ac10-628254063022,0.5859787163322,218.77999999999997
a387f140-5b3c-40c4-a1f8-f9182d96c3ab,0.58386583163235,196.77999999999997
42037cd2-3176-4161-8556-d6f7d6b6fc40,0.58569365056905,265.7800000000001
b9a0416a-f233-46b8-95d0-5607769473d4,0.58600997878335,235.77999999999997
5b091409-0113-4afb-9ed8-085ee6a93c2a,0.58444918557115,202.77999999999997
98474acf-04f7-4dc2-93a2-3bfebbf4d004,0.5809848999413,220.77999999999997
a1a3df19-d1c8-434f-9ef0-91139b4df8ef,0.5855162396531,223.77999999999997
6a0fe29f-1be1-4deb-a729-ce8091fc98a5,0.5873386412501,220.77999999999997
5ee577de-633f-421a-8e71-3f45385266cc,0.58055783377635,221.77999999999997
8c8cc701-957f-497c-a87b-4988e2f05515,0.58084730833375,286.78000000000003
763fa2c0-1b84-4b88-ad48-927b46b4ac82,0.5842509974166,202.77999999999997
abb2024f-6c41-4850-9330-6589dec8b24d,0.58440126466135,240.78
2a9fd00b-21fb-46bf-894d-12a9e35154c1,0.58419337049385,231.77999999999997
b225ae89-9f83-4830-995b-7aaa4922a6f6,0.5829759172541,180.77999999999997
a3cdb47e-857f-4c29-997a-15ba206afcdf,0.5818371055949,204.77999999999997
44bb2a4c-d56f-4c2a-8858-c723ddafcf40,0.58208904780825,241.78
75da75dc-0aab-4a9a-873b-39237804c76c,0.5859787163322,218.77999999999997
7bd0c23e-0430-4f6e-aa2e-8c548e6cb22a,0.58258447631145,197.77999999999997
d87fd998-090f-4da4-bbd6-8e6b6324ceab,0.58569365056905,265.7800000000001
2d89aa4f-b577-4c13-9178-a79e7133fa82,0.58600997878335,235.77999999999997
93e10708-858b-46ca-bf1d-59951b7a7c1e,0.58444918557115,202.77999999999997
d23aeb82-de8b-478c-bafa-57e2d049d5a8,0.5809848999413,220.77999999999997
b4ce6aa2-1ea8-40bb-a137-475983fbb786,0.58215678589025,218.77999999999997
851a0a1d-9804-44b6-8a74-7b80d9f982cd,0.5873386412501,220.77999999999997
b149def6-398f-4525-a231-8ab12f944c4d,0.58055783377635,221.77999999999997
3f47cae8-44ac-4680-874a-83c3c602c449,0.58084730833375,286.78000000000003
04e36980-8091-4aa9-8e93-46bd6aa0b509,0.5842509974166,202.77999999999997
ec957b20-3de6-4b2e-b1b3-92c0bd84aef4,0.58440126466135,240.78
1c0c3c01-6ffd-48b0-9d35-24c205eca4d3,0.58419337049385,231.77999999999997
5541df74-e0cd-4ca9-b413-70ca51ecb38a,0.5829759172541,180.77999999999997
d1f1e2c8-1807-4086-a3dd-da4cba861d44,0.5818371055949,204.77999999999997
71bd83c8-f645-43c6-b049-6e19ce3fdc74,0.58208904780825,241.78
51ccef0c-8e3c-48ee-8694-532b69173f4c,0.5859787163322,218.77999999999997
4c34e075-f9e0-4f4e-9673-243bde3f88b8,0.58386583163235,196.77999999999997
14a11325-91fb-4f52-a7da-1df415ee213a,0.58569365056905,265.7800000000001
f7a1c733-2a24-410a-afb1-459351e632ee,0.58600997878335,235.77999999999997
d7f0726d-69e1-44dd-9ba2-fb7eb3c3b78c,0.58444918557115,202.77999999999997
a013f98c-3e37-4918-b0ce-4b63e951c3eb,0.5809848999413,220.77999999999997
a1e9bb42-4eaf-41f4-8a46-d8304a9c4c65,0.5855162396531,223.77999999999997
5bc10f72-3a50-44c3-ad92-4a4bcaf4abc2,0.5873386412501,220.77999999999997
8c3f4a42-6e8e-46c0-ba02-3f216062b0db,0.58055783377635,221.77999999999997
4cb58819-4fa0-4480-b70e-83af2b26a287,0.58084730833375,286.78000000000003
493dff5c-ed5d-4f7e-a3cd-8b7b08688e09,0.5842509974166,202.77999999999997
7a5ea166-711e-403b-af6e-f9e9e94f2233,0.58440126466135,240.78
32cca117-3a3a-486b-8005-263fe925a1c8,0.58419337049385,231.77999999999997
9bc3beaa-018a-4c2e-a46b-b80c607c3d46,0.5829759172541,180.77999999999997
b926e51d-b3ab-40c4-b43d-eca51c54b4bd,0.5818371055949,204.77999999999997
b89c1d1a-cc26-4cff-9e36-e6e9d334795f,0.58208904780825,241.78
e2f51cce-9c8e-48c4-8096-cf2faaa388b1,0.5859787163322,218.77999999999997
9fd870af-f961-49b9-bbd0-d9259ec159fc,0.58386583163235,196.77999999999997
f2c60f98-1207-4aa0-9481-89ef238b18ac,0.58569365056905,265.7800000000001
15dcb2db-1825-4f2e-9728-c6fbf2a97ddd,0.58600997878335,235.77999999999997
ad7a56da-b56c-4e3a-a722-048e404aea79,0.58444918557115,202.77999999999997
8c1677f7-4fec-4f9c-8d5f-b899e6dea805,0.5809848999413,220.77999999999997
58da178a-8e10-4eca-a5a6-ecce919bb511,0.5855162396531,223.77999999999997
5827bdac-4a84-45e9-a45c-0ae72ebb0a2e,0.5873386412501,220.77999999999997
15235ebb-2a3e-4bec-8510-c5673a5c232a,0.58055783377635,221.77999999999997
6b23169c-b93c-4885-aeee-11162d516bec,0.58084730833375,286.78000000000003
de3c78ad-1b93-41bd-8a0a-b56951626ad0,0.5842509974166,202.77999999999997
87ee8c9f-7b6f-4535-b963-f6f0728272fe,0.58440126466135,240.78
1cc7f0b7-f7e9-46fd-a677-1c26fdde4736,0.58419337049385,231.77999999999997
b89d3e0b-67c0-46f1-8822-6d11bb8b533d,0.5829759172541,180.77999999999997
aa27c5de-2c85-45a3-b063-1264b088330d,0.5818371055949,204.77999999999997
c0e8c77f-8acb-43ad-ab6c-14f0e9000d2b,0.58208904780825,241.78
6039d47d-b5a4-4977-858a-10563cde1fdb,0.5859787163322,218.77999999999997
a8424005-c830-48c0-b4c8-605e4635d266,0.58166163977695,195.77999999999997
b71f8908-cdc5-49c8-92e1-f5e803642e48,0.58569365056905,265.7800000000001
3a11269a-743f-40a2-852d-874101f373e7,0.58600997878335,235.77999999999997
45c26645-60f1-442a-8018-22bb65e93f7e,0.58444918557115,202.77999999999997
58158fdf-24d3-45b1-98a0-efe12d6a2c07,0.5809848999413,220.77999999999997
bf24dbf4-f4bf-45ea-a205-796f4301abf7,0.58215678589025,218.77999999999997
f136bd2c-3fd7-42fb-9239-99efa59149bf,0.5873386412501,220.77999999999997
fc5569b7-1f93-4a57-b3fd-587872556cd2,0.58055783377635,221.77999999999997
0ac9c38a-a8bd-4637-a2c2-febbae52a071,0.58084730833375,286.78000000000003
70b50c74-ea80-4bf1-a648-966e971a0ac3,0.5842509974166,202.77999999999997
bcef684d-4fa2-4375-a57e-219663e561a4,0.58440126466135,240.78
b513a2fa-aa72-4f42-a5a9-161b537e479d,0.58419337049385,231.77999999999997
0556646c-6683-458d-9290-dc18e7035358,0.5829759172541,180.77999999999997
e731ca44-c33d-4100-a66e-e55fe208f7e2,0.5818371055949,204.77999999999997
8c740854-3fc6-4fa2-8135-0c8ca1c899ef,0.58208904780825,241.78
5eca13ee-b010-48f8-8aca-fdc84c4a81f3,0.5859787163322,218.77999999999997
378910d7-a979-4806-a1bf-754ef7af31d8,0.58386583163235,196.77999999999997
69ddfabe-312b-4b70-aee6-76c52c88653d,0.58569365056905,265.7800000000001
475469f2-a7c3-4571-b524-eae4a5f430fd,0.58600997878335,235.77999999999997
bdb98f66-b55c-4855-9840-4997235646a3,0.58444918557115,202.77999999999997
4a205ae2-365a-4aba-b404-d0562361a913,0.5809848999413,220.77999999999997
ee35ebb8-c98e-44d7-bb8c-d843d7513a67,0.5855162396531,223.77999999999997
cc0a4cb5-ff19-4641-b672-ff120ad24070,0.5873386412501,220.77999999999997
26444210-0388-4fec-851b-5fd74878f163,0.58055783377635,221.77999999999997
191e06b8-887e-414d-80fc-7961cfc97cce,0.58084730833375,286.78000000000003
996a24a7-b992-484f-a1a2-477f2f915b3a,0.5842509974166,202.77999999999997
eae491bb-cc82-4d4c-8522-17c4a4764690,0.58440126466135,240.78
528f364b-151d-424f-a0b9-d8077be83e2f,0.58419337049385,231.77999999999997
f4bb45d5-5afb-447b-a813-7c58ffd10e47,0.5829759172541,180.77999999999997
0ee96bac-69aa-40f4-90ea-6cc1b8f1e298,0.5818371055949,204.77999999999997
ccb3ba65-7e31-4f21-9538-a0035386dbc3,0.58208904780825,241.78
96e25cb5-83f2-49d0-b894-b63efab6d05e,0.5859787163322,218.77999999999997
59f6196e-ec3a-4dac-8669-5f40bc20136c,0.58258447631145,197.77999999999997
0618e53e-773d-43a5-9243-70b58ab41823,0.58569365056905,265.7800000000001
212e7e4c-0a69-415d-831b-a1ea55aab829,0.58600997878335,235.77999999999997
572d3d9b-35a1-40db-9f0f-572fe07e15f9,0.58444918557115,202.77999999999997
b44f559f-1927-4ab8-a2ac-d7e3797fae65,0.5809848999413,220.77999999999997
42ec0b96-d494-4ceb-98a7-14b726460567,0.5855162396531,223.77999999999997
da5e0e32-9df6-4363-8bfe-d6b499bfd453,0.5873386412501,220.77999999999997
867a570f-b36f-4ffd-890e-24fa5dc93bfe,0.58055783377635,221.77999999999997
aa726c57-0463-4e1f-a8d5-b035c8d0882f,0.58084730833375,286.78000000000003
d33d2701-efe8-41bd-9630-2f19eb023123,0.5842509974166,202.77999999999997
7c212180-eb4a-4724-944e-6a763273daad,0.58440126466135,240.78
675da31e-f4bf-4a97-a6e6-461ac7d4fe71,0.58419337049385,231.77999999999997
0a642b4e-3bff-4c4b-b369-64c080d4cca9,0.5829759172541,180.77999999999997
7fe9621f-1e51-46c1-9bb1-f2c7a812c9f2,0.5818371055949,204.77999999999997
a1ea9fe3-7eb3-468b-a559-dc755309c257,0.58208904780825,241.78
b7d58d75-22d5-46c7-b10f-7b6383ade731,0.5859787163322,218.77999999999997
e224eb35-3a09-41c3-854a-9509272caee6,0.58166163977695,195.77999999999997
cf30a399-e0a9-40cc-b746-d118ec7595a6,0.58569365056905,265.7800000000001
ab059f64-b914-4d83-b413-cb5d6658fbb0,0.58600997878335,235.77999999999997
dbbb0796-7756-45f7-90d3-d23cb4a1f002,0.58444918557115,202.77999999999997
e3b50238-8670-4697-b59a-03410c2084bf,0.5809848999413,220.77999999999997
a3edfe80-897c-42c6-b3e1-2ec6bd1b5293,0.58215678589025,218.77999999999997
1cb138bc-9106-4e3d-8308-b62b87da0139,0.5873386412501,220.77999999999997
7fe45372-6b94-43b0-9d44-1b85ee9029c1,0.58055783377635,221.77999999999997
7cc48028-2af7-425e-b745-cb62d7b8ccf4,0.58084730833375,286.78000000000003
2d55e175-fbe2-42e2-890e-73cb8b9fb9f2,0.5842509974166,202.77999999999997
ff6d5e2e-cb63-4b22-954d-5eb18bce1ef4,0.58440126466135,240.78
c09ceb65-109f-4c18-b37d-4f8b49ba099b,0.58419337049385,231.77999999999997
569a232f-4f2f-4f9d-a68e-292b52fefc0e,0.5829759172541,180.77999999999997
71a1d5c9-5d1e-4de6-acba-3a83900689f8,0.5818371055949,204.77999999999997
2d9423b8-e056-46ec-a530-f6b6a7a4ae0a,0.58208904780825,241.78
f10485b8-b969-4e16-ae05-0158f7ca2405,0.5859787163322,218.77999999999997
d0bd018c-97a8-44ee-a114-1d81b875b048,0.58258447631145,197.77999999999997
d0262f63-645a-4f0d-8110-c7fcacd4fde4,0.58569365056905,265.7800000000001
cf4b8575-dd29-4626-a05b-e5ee8dfd5240,0.58600997878335,235.77999999999997
5ef62bca-c426-4437-b310-3a25fef23a22,0.58444918557115,202.77999999999997
0503c4be-11b7-4c6b-a8f5-2610d4fdbd4a,0.5809848999413,220.77999999999997
7f5b107d-bb04-4f98-95e5-59bb09924943,0.58215678589025,218.77999999999997
71ff6cb4-2224-475c-acb2-adb12b85eb06,0.5873386412501,220.77999999999997
d43ff7de-6171-434f-80d3-7d8fd540aeef,0.58055783377635,221.77999999999997
4d55f4da-ac60-4899-8e71-ce9890903fca,0.58084730833375,286.78000000000003
ea990cbd-1cfa-4c91-936a-4e793a81e577,0.5842509974166,202.77999999999997
d0b12c7c-9d55-4ecb-9afa-3af034fd6136,0.58440126466135,240.78
ad397322-d71d-45d7-b03a-9617c8a44fce,0.58419337049385,231.77999999999997
41eb10aa-2756-407c-8bf9-e8cc48a8e328,0.5829759172541,180.77999999999997
eb9009e2-71bd-4591-b51f-3f479a94798d,0.5818371055949,204.77999999999997
ca1ff050-4dd6-41ee-a1af-4f0d67d49eca,0.58208904780825,241.78
ea6c82e1-8f45-46ec-9fba-1884d68695de,0.5859787163322,218.77999999999997
f1431a08-e917-43c3-9970-95f0c4b48da8,0.58386583163235,196.77999999999997
f44b2fba-91fe-4175-8f3f-93919e7223e5,0.58569365056905,265.7800000000001
106f5bd8-63ce-4989-9636-1509bc0364d3,0.58600997878335,235.77999999999997
baf32fbf-f3fc-48d9-b5d2-bfd143c8e60b,0.58444918557115,202.77999999999997
1a546029-fb89-46f6-b031-5122fe2323b2,0.5809848999413,220.77999999999997
02d23b78-0c77-42da-a483-97d37ba3a160,0.58215678589025,218.77999999999997
c758ddee-1a6c-4dcb-a282-ffeda998159d,0.5873386412501,220.77999999999997
66d400c4-c2de-4b2f-994d-aff5b1993778,0.58055783377635,221.77999999999997
8441c7e0-adac-4354-b254-ecf0f9e598ee,0.58084730833375,286.78000000000003
f3bc224e-d9a6-4534-8f95-69a1cdce1494,0.5842509974166,202.77999999999997
b3220faa-636b-4bed-9048-54fddc356f33,0.58440126466135,240.78
6f86453d-a9d9-4a51-8417-7f8ec71d9b1a,0.58419337049385,231.77999999999997
3549b95e-6861-4504-ab22-d143e81ab1b5,0.5829759172541,180.77999999999997
2ecb334d-d28e-491c-b555-e3b3e8618d58,0.5818371055949,204.77999999999997
21b15a16-cbca-4b56-85cd-185416885cbd,0.58208904780825,241.78
9303f031-fb37-483b-b1a0-3da13305446f,0.5859787163322,218.77999999999997
02d52912-e959-49ca-b9eb-93b3e7875ee1,0.58386583163235,196.77999999999997
55819687-5e92-41ba-84c7-a587dc833ac5,0.58569365056905,265.7800000000001
339d9c5e-9c78-482b-b850-ecfe673cda84,0.58600997878335,235.77999999999997
6b4a1fb6-df45-47e9-903b-cf1a49da306b,0.58444918557115,202.77999999999997
25c2810a-8f3a-4fbf-b48c-95521cc1ab9f,0.5809848999413,220.77999999999997
f28fb9db-b706-4ac2-bcb1-4ff28e595bed,0.58215678589025,218.77999999999997
0e2dfa8e-cdf4-4f92-9ecb-dc288c27bcc5,0.5873386412501,220.77999999999997
158c6947-9d47-438c-b3c7-dc2894eed225,0.58055783377635,221.77999999999997
e8285d76-d2b6-4cba-9a26-18756e28265c,0.58084730833375,286.78000000000003
1a46cbf1-5920-4c39-8ddd-14bbe7aec86a,0.5842509974166,202.77999999999997
2f09ec6f-d5a3-4f99-a682-a43cb2e76336,0.58440126466135,240.78
72547a23-1c03-48ac-a486-48c6ef2a6a0f,0.58419337049385,231.77999999999997
9a1b120f-d6f7-4730-98e4-bd4e48c251a0,0.5829759172541,180.77999999999997
36be71ff-69b8-4134-885b-bcc4d84513dc,0.5818371055949,204.77999999999997
dc235263-7941-4673-8ad8-5ab102ce1137,0.58208904780825,241.78
f921067c-4383-417b-b36c-1977a0110af0,0.5859787163322,218.77999999999997
cb6f49c3-94c4-4e97-a386-1bef5b4ba6dc,0.58386583163235,196.77999999999997
bae50832-5458-4a72-bd7c-3fa43eb2df2f,0.58569365056905,265.7800000000001
a275588d-3584-45df-8e92-776626bbda45,0.58600997878335,235.77999999999997
af61c02b-c853-461a-80cd-d1be840dc678,0.58444918557115,202.77999999999997
6fc3c7ef-e815-4c78-88ec-1754b073985f,0.5809848999413,220.77999999999997
07ce4837-b0ba-47a3-954f-1869243d3519,0.5855162396531,223.77999999999997
418aac0d-ec93-400f-b219-f0f1381555b5,0.5873386412501,220.77999999999997
fce8b667-db06-4e62-baac-a3c6c99f9f14,0.58055783377635,221.77999999999997
f1e7229d-6f6d-4ebb-b2b9-9fe0c4674166,0.58084730833375,286.78000000000003
35f58870-e1b7-4544-ac48-ec9a25c087e6,0.5842509974166,202.77999999999997
72ea619f-3a15-4abf-8cae-8a69e81fa51b,0.58440126466135,240.78
653de115-6594-4dd7-a870-e4ca6568e0b1,0.58419337049385,231.77999999999997
503b65bd-edd7-48ab-854d-1d27fbc33849,0.5829759172541,180.77999999999997
cfa75613-0432-4c06-a9c5-5fd0621eefe3,0.5818371055949,204.77999999999997
56721e7f-7f41-4beb-8828-965b1addf546,0.58208904780825,241.78
275435d2-25ac-4582-8045-70c4e8566b44,0.5859787163322,218.77999999999997
c0b12f61-3ac1-4045-8a34-4332f7f59db0,0.58386583163235,196.77999999999997
bac223bb-9dac-44dc-858a-8407fe70af41,0.58569365056905,265.7800000000001
714fe02c-d688-4fe9-9276-ad94fb9b089a,0.58600997878335,235.77999999999997
52a23740-45b7-4f94-9413-fbc50b752dbd,0.58444918557115,202.77999999999997
f33b5233-ce5e-4a05-8265-68aa67c452f0,0.5809848999413,220.77999999999997
a1d5641b-4cf1-493d-9ddb-5028e3058faf,0.5855162396531,223.77999999999997
7b1e2752-13ad-4fdb-a7ba-9f88d92de506,0.5873386412501,220.77999999999997
f844caa3-22fa-44d4-8e1a-7cf331ae9414,0.58055783377635,221.77999999999997
f1ba4b97-24ed-4134-ae93-81c0fc7d5f46,0.58084730833375,286.78000000000003
546f4f1f-1161-4f0c-81ee-2bcf16923f00,0.5842509974166,202.77999999999997
e47c2ec9-d818-4ed2-8f8d-06c3feab4394,0.58440126466135,240.78
61470625-4a08-47d0-a259-c591e9d7ad2b,0.58419337049385,231.77999999999997
6a42ead6-b3a9-4efe-bbfa-38588534e15d,0.5829759172541,180.77999999999997
a107ee01-dcd1-4478-a2a9-c7e0f111846b,0.5818371055949,204.77999999999997
c241cd2f-550c-4ccb-9fcb-3e509c2c6dbf,0.58208904780825,241.78
fa8901f3-2a03-46e6-bcd2-d2aa899dda64,0.5859787163322,218.77999999999997
5d92e88e-b9b8-49c5-af1c-755f3864cd71,0.58258447631145,197.77999999999997
6c53ea67-6682-4317-8094-7adcddf47bbc,0.58569365056905,265.7800000000001
d0207bf5-a462-4c7f-85d0-56013d0a48e2,0.58600997878335,235.77999999999997
46f220e9-a117-4b01-ae08-9edf4493f17f,0.58444918557115,202.77999999999997
3257235e-5350-4634-812a-aeaf89efc8b3,0.5809848999413,220.77999999999997
4cd93c29-cc07-45cd-ac0a-ee768f5e7ba8,0.58215678589025,218.77999999999997
9798847e-e6d4-401c-bd1b-fc17c5738dba,0.5873386412501,220.77999999999997
a293c16a-35ee-4afa-a972-0580d40aa971,0.58055783377635,221.77999999999997
f847edba-4b48-466c-a689-dfd88c37be10,0.58084730833375,286.78000000000003
13f6850d-946d-4f0c-a46c-bdc1572d8917,0.5842509974166,202.77999999999997
ce7c8f30-e350-444a-85da-7b22cf9128f9,0.58440126466135,240.78
512f66ff-5648-419d-86da-f5ee62b3d384,0.58419337049385,231.77999999999997
738289f0-adf6-4a31-a842-c5a43fcd0edd,0.5829759172541,180.77999999999997
59824fc9-8627-4c6a-95f4-db3c38c1673b,0.5818371055949,204.77999999999997
f19c78bf-5868-4ef5-861f-7a361509108d,0.58208904780825,241.78
df0b5da2-9449-4af0-8bd2-84997327d478,0.5859787163322,218.77999999999997
77394897-a6c8-4168-9134-9832793a0ea9,0.58386583163235,196.77999999999997
74bc5617-525e-43b3-9cb6-4e9cc2baa6da,0.58569365056905,265.7800000000001
310805e2-1730-48d0-9f4d-a46653c2a9f3,0.58600997878335,235.77999999999997
f95bdecf-6bb8-4c68-ace4-5d97743100c0,0.58444918557115,202.77999999999997
5aad8495-9217-4afa-a90c-097265d37228,0.5809848999413,220.77999999999997
785affde-529d-482f-ae74-8e2e9cf88e55,0.5855162396531,223.77999999999997
e33adfaa-726e-4816-9869-5a2fdbe1b92e,0.5873386412501,220.77999999999997
746bc7d1-a784-45eb-a93e-b293a77bb7a6,0.58055783377635,221.77999999999997
e7e2fa8c-4b5c-4ee7-a4ca-9160cef18087,0.58084730833375,286.78000000000003
873b2c85-cb78-4f75-9a8e-ccc1a6f741c9,0.5842509974166,202.77999999999997
2bea42ae-4e29-41e7-b1ea-779ce9eb99e0,0.58440126466135,240.78
f87b04bf-8c85-44a9-8a50-c0e6c29bc6cd,0.58419337049385,231.77999999999997
b81f1937-3256-4cea-8866-145258d79a86,0.5829759172541,180.77999999999997
37f7cca8-46f6-4295-966e-dc46920340b3,0.5818371055949,204.77999999999997
a723ab08-7613-44d0-acf0-75ee9e2bb7fc,0.58208904780825,241.78
00ac16c3-5574-4e13-939c-f4423b0c5e9a,0.5859787163322,218.77999999999997
c7ef0d23-6c13-4f73-8afd-33c0d89a1f3b,0.58386583163235,196.77999999999997
9853eb9d-35e8-4c96-a871-6db3e2351865,0.58569365056905,265.7800000000001
f2829aca-8c12-4e52-a6ff-a5f2d0c0c2cd,0.58600997878335,235.77999999999997
6de6b9ce-75eb-4220-9f2f-dcf84820570b,0.58444918557115,202.77999999999997
c893dc85-4c4a-4236-8751-fe8810a8df4a,0.5809848999413,220.77999999999997
c9bc3620-b490-4953-960d-aa1ea4b0506b,0.58215678589025,218.77999999999997
c8d21f0d-8646-43e0-a0bf-2a7aa7f46b10,0.5873386412501,220.77999999999997
bdba0f74-4af1-498a-8021-cc7979b8f4a7,0.58055783377635,221.77999999999997
03ccca4d-9d88-4f27-b347-8d7b62275a51,0.58084730833375,286.78000000000003
9a6c2c2e-eb87-48f7-bc33-4ee135220836,0.5842509974166,202.77999999999997
f5366a73-32c8-4cd2-bbb6-248525b7dd7d,0.58440126466135,240.78
677a8ac4-0f6c-469a-96ee-c28c53db612f,0.58419337049385,231.77999999999997
56d199d5-7a7d-4601-9a03-f499164f09e1,0.5829759172541,180.77999999999997
144a071b-b326-4efb-a289-6e59afeb2747,0.5818371055949,204.77999999999997
47c28908-0a5b-4bb4-b11c-4cb12c89119b,0.58208904780825,241.78
a5d926a9-3b9d-4cce-acd6-b52f3e73b486,0.5859787163322,218.77999999999997
beccbee5-eb9b-4636-ac9d-af9783811d2e,0.58386583163235,196.77999999999997
991af0b4-d3d8-4a7f-a07f-909dea9c403e,0.58569365056905,265.7800000000001
2c8d1019-9e20-48ec-80cd-c5e220f282ce,0.58600997878335,235.77999999999997
55a41040-6c74-4a08-95d2-8bd8995eb681,0.58444918557115,202.77999999999997
87d13338-a490-4a55-8400-c9a7f5c5afdf,0.5809848999413,220.77999999999997
27e4f1ae-454b-4525-82d5-3fad99866e3e,0.5855162396531,223.77999999999997
f717a6da-a976-4699-8473-29193d222289,0.5873386412501,220.77999999999997
4b651e4c-a31f-45aa-ab79-0024c6e23b3f,0.58055783377635,221.77999999999997
638d859e-f9a9-4a5b-86ae-36f0ef428f0f,0.58084730833375,286.78000000000003
5589b199-da25-4f79-8ab6-9a33f03978c6,0.5842509974166,202.77999999999997
b5cbf462-7e85-4a30-bfe2-942ba0076984,0.58440126466135,240.78
5e2ceab7-c501-4f92-86d8-94389cbe8954,0.58419337049385,231.77999999999997
6628a129-a448-4a65-b888-3dfa5d874c24,0.5829759172541,180.77999999999997
1ae91e5d-56ee-472c-a665-a11c64d5bd1b,0.5818371055949,204.77999999999997
2d08207d-278c-4477-97c1-41382e339aec,0.58208904780825,241.78
