SimulationID,AdjustedLatency,AdjustedNetworkCost
47617fe3-2495-4a78-8718-6fb2ed5fff35,0.5836654117721,245.77999999999997
9bb4f3c7-07c1-4524-85ba-ce1a540a8f43,0.5854966338126,216.77999999999997
962383aa-4dbb-42b7-9e24-da97cf777b39,0.5837079817782,191.77999999999997
7809caa4-2036-46eb-bfac-d69535856b7f,0.5798355280545,210.78
a54b236d-97fd-483d-8731-04127756918f,0.5841411578468,169.77999999999997
e4fd5998-f7cc-43b0-b723-93a690e17fbe,0.58436283542425,247.78
401c7af1-7ec5-4fc1-9216-b3f41feecb0c,0.58210618322595,271.7800000000001
4f650f26-942b-413c-835d-5d0eac14cb6b,0.5889904507218,235.78000000000003
b92a17c4-edac-4faa-b16e-ce6af80b72c9,0.5811886845551,229.77999999999997
c397bc97-dcfa-40bd-bffd-6bbcd311fec8,0.5819675566038,235.77999999999997
56e75b9c-f7d9-4898-889b-81a5b812be7f,0.58744830857725,234.77999999999997
4b741bec-781e-4d38-a1d0-ac3210265fc3,0.5848468923991,243.77999999999997
5f994bd5-80c5-48b2-b3b1-ed51ffbf1c72,0.5850766136019,278.78
19954b38-2885-438a-bc9c-67f97d669643,0.5846915069301,219.78
0e1b9310-91c5-43c0-8cb8-33f17c99ec7c,0.58509372092595,191.77999999999997
9f0d8644-7adb-4070-a45e-980a83b740e9,0.58658219392905,223.78
3118cf59-1773-425d-91d9-62961ee35409,0.5871656822418,183.78
cac46fbe-7b91-42cf-8470-9ddc3ba2f40e,0.5854966338126,216.77999999999997
b84e013b-2e96-444d-918b-80bcdc5d6f95,0.5837079817782,191.77999999999997
b0f6208e-4846-4d61-af16-e1d3bb8bd17b,0.5798355280545,210.78
7f53c1eb-1e00-47df-91f1-81679ba45e08,0.5841411578468,169.77999999999997
c08f6629-aea5-4567-8178-4bb1a8866ff8,0.59000492419215,163.77999999999997
f9124d0b-4809-451c-aaff-d9c750147c62,0.5798355280545,210.78
bcdeabf7-9d0a-4781-b7bc-54a28f44b444,0.58540861699115,207.77999999999997
e351d0e8-c486-4204-8ebe-3ab5bc7cf789,0.5811886845551,229.77999999999997
65682f6d-25fe-4385-9ed1-6434afa3950f,0.5813983618765,250.77999999999997
d97b465f-7043-44d9-80e3-0911e0601ecd,0.58652439741015,200.77999999999997
b3a840a3-a905-4310-bf53-30626eafb69c,0.5848276368345,232.77999999999997
b55a3853-7332-490c-a3bd-1c6847f8ab9b,0.58590544156215,215.77999999999997
f81a368b-4afa-4167-b3b7-517b497b7311,0.5846915069301,219.78
b724b3c3-e59e-4084-bab8-702f6108ab40,0.58509372092595,191.77999999999997
42c6e468-ab28-4978-8efe-3cd79eaf748b,0.58658219392905,223.78
0b072d2c-e95d-4400-91be-c56607ca6279,0.5873815901235,211.77999999999997
f95818f8-836a-4896-afee-9ac9807381e4,0.582884098587,202.77999999999997
749e668f-38cc-4e89-9352-317af0ae7a39,0.58498769525055,225.77999999999997
2fb89126-dd8b-42b7-b76a-b55ab5c6de17,0.58693351825135,199.77999999999997
66b1af67-48df-479c-a7d7-b6e0d7837e79,0.5841411578468,169.77999999999997
0567bfe6-3318-450c-97f7-ac0eddc522c4,0.59000492419215,163.77999999999997
859c2c16-9ad8-4077-bb4d-943fa18b2942,0.5838279189069,272.78
535fe02a-07d4-43c7-a88b-0f0744d4b392,0.5851528220148,209.77999999999997
75737dab-f824-40fa-b929-91d09b591826,0.5815017974895,231.77999999999997
a61e75f1-9c0a-49dd-aac6-52f69a9b1fc1,0.58366650780875,186.77999999999997
33044a17-8bbc-4fdc-9023-b1d5167289ce,0.5826550624445,227.77999999999997
c7849935-53fd-49eb-a8c3-b4a57a5e758a,0.58095756350395,222.77999999999997
edd571f5-a7ee-4b9f-9ee4-ef14c0f3a999,0.5849178658951,215.77999999999997
79d33bab-41a3-4b7c-a75c-73102bb55532,0.58511358614775,238.78
6c78e34b-3b51-4921-9591-d49605916c77,0.5856244936503,212.77999999999997
c078eaa4-d534-4d2b-8a4a-f2d56d9dfeff,0.58131396481775,231.77999999999997
75742cc5-b2f7-440f-85b5-516506406231,0.5873815901235,211.77999999999997
b6d3506f-ec23-42e6-ac4b-d7fea7b468b2,0.582884098587,202.77999999999997
4f9396d7-a92a-492e-b8a9-8ee023e6515c,0.5844206214477,197.77999999999997
cea74e18-8902-4463-a3f4-7bc092d0e68f,0.58693351825135,199.77999999999997
d1b7b0a8-0ce8-4a7a-a6be-1eec126eeb4c,0.5841411578468,169.77999999999997
ff664fa3-573a-423d-a5da-52824c4a9dd0,0.59000492419215,163.77999999999997
9297770e-47df-4ea0-9882-66e3b8e9e8db,0.5870766408167,168.77999999999997
9f95fec2-825b-4bb0-9221-c8c7bf4af996,0.5851528220148,209.77999999999997
b43cc454-a6d2-4d88-8a03-efadbbb3f775,0.5859175644627,203.77999999999997
816faac4-da55-446d-8ff3-34f39e50e46d,0.58366650780875,186.77999999999997
2680f165-d6c8-4047-b4c4-8ea6f32c9ee0,0.5838393086257,183.77999999999997
64db89e0-4633-453d-9c36-404038d57ebe,0.58326834843425,225.78
035f3dfd-500c-4a95-aa9f-74189fccb8e7,0.5847378357536,211.77999999999997
6ccd76d5-9214-48bc-8ab9-68ccb49967b5,0.5869967679525,237.78
bdc0e91d-bafe-4cbf-a013-f8c590601ef0,0.5856244936503,212.77999999999997
814522bf-07dd-4edb-896c-070ee990fe76,0.5851610274121,194.77999999999997
75d3a4a9-b487-45e7-a85d-65d57987b86d,0.58534361054515,240.78
c768ecd4-a33a-4b6f-8864-026c2431f12b,0.58098277212845,235.77999999999997
6e961891-f443-4947-a997-ee32683bf160,0.58619872259475,266.7800000000001
5e4fa47a-7545-4280-b14a-2b79062ea9ed,0.5871914067081,233.78
3e6f77b8-cecb-4ee7-9eb4-e990daa7ebce,0.5841411578468,169.77999999999997
acfe65d0-6d94-49ed-a6ae-350a609d798b,0.59000492419215,163.77999999999997
2c650410-d4b4-4629-99e4-af15f0303aa5,0.5822986445203,212.77999999999997
f4cad2ff-b3ee-4560-9254-2bd189f04928,0.58374985099245,245.78
9df94037-919e-45dd-bf56-aad31bac4f87,0.58551089307985,210.77999999999997
814227c0-7a09-45d6-a6e1-74b5e279e79a,0.58235680590025,257.78000000000003
f1819e4d-8110-47ea-9a7c-9c81296ef270,0.57927695508255,229.77999999999997
0df32bb4-03b8-408b-8825-e033a7e24b68,0.58561124727595,283.78
2501a235-f5a1-4372-b407-5d141aa5e697,0.5813436062018,239.78
47352890-81e6-43a7-a438-cf46ada1b56c,0.5844860802843,245.78000000000003
1bbcb5e1-10ff-4514-8476-a6898edcc3a3,0.58458235564085,214.78
59ee2efc-002c-467c-8ed0-5cb776e3e6e8,0.58076515234085,237.78
bb94f13e-3847-48e6-9846-6a5e4cf20fb4,0.5848771746415,240.78
896cd68c-d0c2-447e-b2c8-943ed857c566,0.58098277212845,235.77999999999997
8ef5b55c-c4ac-4897-823e-4cccecba36d6,0.58941945466055,241.78
9bd078f6-9b62-493c-a261-b0538172209f,0.58098277212845,235.77999999999997
4d95a20e-ac4e-4773-9949-22fa30df3dfc,0.5841411578468,169.77999999999997
a4a95677-0441-4e24-9c29-41fb652afa5e,0.59000492419215,163.77999999999997
f260c201-97df-4a80-bdbb-cc5364802ac9,0.5822986445203,212.77999999999997
25626742-1638-4300-8310-370a3fdb2c31,0.5846491919402,254.78
5944f593-7e98-4b83-bf75-983ee69361ef,0.58551089307985,210.77999999999997
2102761a-18cd-496e-abae-b84b1ee2a8d8,0.58433488774545,237.78
1cf93aad-fbda-4aac-9fe8-8f0577cd3054,0.57927695508255,229.77999999999997
30181ac8-4b51-498c-8c5e-771774b331f1,0.58836362321925,202.77999999999997
32523ba4-e6ab-41c4-baf4-301d1a678fda,0.5832436225865,246.78
a828fa89-9dc3-4381-89f1-773351c588c0,0.5880884422621,152.77999999999997
edec5f18-6d41-4345-9e34-e8be3c5d50c6,0.58458235564085,214.78
d30f1d29-fccd-401e-b7bc-40723ff8f287,0.58076515234085,237.78
b502a8b8-738f-4848-a44b-0cc47c85c92e,0.58534348854885,194.77999999999997
7d1aad01-012f-42f9-bba3-a26ffe6759f5,0.58552194136935,236.77999999999997
d775a8c5-6abf-4d1d-ad96-425a65d884cc,0.584196729472,230.78
dac28714-33e0-4b6e-808f-68837a31c825,0.5824944906795,272.78
e95a432d-4afa-4010-ba47-3aab92140aeb,0.5823988162873,263.78000000000003
b8970eab-6c61-425e-9113-fb49395df60f,0.59000492419215,163.77999999999997
f438946b-e79b-42d4-a838-3e474ba2d06c,0.5862556369893,244.77999999999997
111999ef-e437-41f8-a8df-dedc9fcef595,0.57928274224615,283.78
5dfb229c-0d94-4d24-a196-0ef659e0d201,0.5840603541318,205.77999999999997
b02079c4-4f98-4b04-852d-a2b0eb5a9130,0.5862128563579,245.77999999999997
c60005e6-2163-4dc8-80b2-39c3b2bebef0,0.5849564292215,263.78000000000003
79b4671f-bc06-404b-9691-ef57df91d903,0.58399186557855,248.78
163721f8-2f0c-4b15-8c06-49afb6978123,0.58280147853185,217.77999999999997
6118ada2-c6d2-444f-abdd-5bb4f9ef0c4e,0.5880884422621,152.77999999999997
debd6706-32ca-48a9-ae81-0da6af2ad1ca,0.5860975626155,269.78000000000003
67e33c98-bc39-4bb6-bdf8-21dcc3cc116f,0.5861614925263,220.77999999999997
65131707-1ab6-45f3-a9a6-1b13bde34626,0.58534348854885,194.77999999999997
1ac3274a-384c-41ba-8408-37709f33b5b0,0.58552194136935,236.77999999999997
db6285f0-c99a-4f42-bc8d-304fd930dd2e,0.584196729472,230.78
d7d7fe2c-7231-4bdf-9f6f-e43a6bb7480c,0.5858133598621,256.78
519cc0ea-eacc-443d-8565-741ec746ec7b,0.58180140966895,242.78
847cf17f-8dd0-4978-aba0-3ebe34ce917c,0.59000492419215,163.77999999999997
16492e00-1adc-40cd-975b-4531ec5aaba9,0.58182344433045,243.77999999999997
0b9c6977-3071-4e5a-b899-2cf251aa096b,0.5828651075464,208.77999999999997
7f8cdb10-77c7-4886-9c7d-6a7d9a691e2a,0.5840603541318,205.77999999999997
4417e7c7-e171-4699-85ab-9ef44c1cb0b9,0.58514712486655,240.78
f9ae0a67-e116-4976-a72a-3a9f2121ab32,0.5841357406993,249.77999999999997
08932d32-2067-4597-a7f8-f21d8556a782,0.5828676071943,196.77999999999997
33180a7e-50f0-4ebc-a268-a7b504e32d4f,0.58280147853185,217.77999999999997
edc94e9b-32e3-44f3-95b4-52de255ce14a,0.5880884422621,152.77999999999997
a855c6f7-3a8a-4086-9f76-34e43585ef0c,0.5843683436109,255.77999999999997
0f169a78-91de-4823-a506-875028e20062,0.5861614925263,220.77999999999997
ebb4d7fd-82e8-4191-b3f3-6521c030fccc,0.5866173296441,267.78000000000003
ea92b122-41e5-4f70-8519-3cdc9656b447,0.58602509567775,257.78000000000003
6799cfc2-4f7a-4e3a-994a-bca0e862c788,0.58478974350445,231.78
7fddd30f-91d9-4f98-8ce0-1bc94408d8af,0.5848118339638,236.77999999999997
d0097c72-b915-4693-a047-65023bac19e8,0.5862286229078,218.77999999999997
a4222d68-a967-4db8-9107-2ab8c4ca84fa,0.59000492419215,163.77999999999997
b22fd779-a82c-4fac-bde5-2474e10fbbf8,0.58687606593565,244.77999999999997
07461da2-7fc3-4352-88ec-728cda88d387,0.5844423746906,259.78000000000003
0e83f45e-e768-4dd0-b4b9-3110e19e0ef8,0.5833488444938,228.77999999999997
73dbacf3-385a-452d-9d2f-c7fcdacdc6b4,0.58659663597705,229.77999999999997
2c06e085-1094-47f4-82f4-3811b67f351a,0.5848217691515,222.77999999999997
547ec8a1-5dff-44de-aeda-c0608faad577,0.5824503706794,206.77999999999997
42683d31-d20f-420e-b2cc-d940c6e0de4b,0.5828237458533,234.78
7938e73b-d91c-4964-b7fc-924b3317a657,0.5880884422621,152.77999999999997
4e14b453-188b-41ca-a5b9-013d6fb8ba86,0.5847273059521,221.77999999999997
55d721c6-bff4-4c5c-a4df-cd6b0cb3e23e,0.5845046542823,250.77999999999997
0c61c55f-b9a7-4a63-a0fe-933892be6650,0.58478974350445,231.78
6c7e95d6-f264-4c6e-b92b-1e3111c7d372,0.5866173296441,267.78000000000003
717caedf-6ccb-4434-8e5a-a8781eb3b73f,0.585295312972,290.78
6110b948-b290-437b-a03b-db381d51f000,0.58273994519095,243.78
0620a3aa-36fa-45ac-9f81-e26047fc715d,0.5862286229078,218.77999999999997
e31e8f0c-b588-414b-920a-2548d11223e2,0.59000492419215,163.77999999999997
689efa56-604f-40b3-b8ef-dcc5a229c3a8,0.5804686872134,260.78000000000003
8beff627-a09d-4a8f-9488-37f8c49ac60d,0.5866173296441,267.78000000000003
d3e6dced-da63-4575-9daa-cb73a6f5342d,0.5833488444938,228.77999999999997
3d2090af-30d3-493b-982e-a22faa9b2d2b,0.58659663597705,229.77999999999997
0012ea67-bbb9-4164-8f44-9793255cea53,0.5848217691515,222.77999999999997
2780bee7-e17b-4e51-9dc5-d088dcb9e2fd,0.5824503706794,206.77999999999997
02622ff9-b588-403e-8c29-9db131143948,0.5869581069848,266.78000000000003
43322e25-5238-40cb-94b2-6db3d4f4ad6e,0.5880884422621,152.77999999999997
08819a5b-6568-4b0d-b9f9-aedbded1b10e,0.5847273059521,221.77999999999997
28217db7-90dd-43ed-9d88-fa5c02f584fe,0.5866173296441,267.78000000000003
48671d4f-228a-4cce-bb6b-f1b33ce32bf0,0.58433420953315,267.78000000000003
063d5895-e4d4-4da1-963b-22b185cdc3e4,0.58411920210265,226.78
2ebdca64-d594-4515-a6d0-e9191bc03ea9,0.5855775762405,221.77999999999997
c226045f-5f1f-4458-a71b-aec785759ca9,0.5842650146585,241.77999999999997
9b8662df-d260-41d7-bdc2-09460b476a14,0.58253888901205,228.77999999999997
05bf26df-cffd-4e38-ae64-8d02e56918de,0.59000492419215,163.77999999999997
95307849-edce-460c-9c7e-d273036e8894,0.58249613384625,232.78
fd68c0c5-80b4-479e-b048-20a50a9afe62,0.58159383221105,233.78
2eec5d3e-1e1b-4fe5-b4db-f857e22ec067,0.5882782057585,194.77999999999997
f72c1813-3b9d-4a2b-95a1-36cd37966fb8,0.58498460318795,239.77999999999997
5344a13c-f341-45b1-87b5-7f89486507d9,0.58486485565715,267.78000000000003
ef1a0ed1-9473-4ded-9bde-0aa863424131,0.5802762726151,250.78
7a562540-4178-4042-86ee-4b1d1ba31450,0.585221383358,232.77999999999997
a4822207-0fea-4810-9b26-71d1d0bda2c8,0.5880884422621,152.77999999999997
f2810e9b-4a5d-4713-bf0b-037251f51e9a,0.5836544555575,244.77999999999997
9583784e-c731-4da4-9249-efecb2aa587a,0.5847038072991,188.77999999999997
db9a84cf-2ff3-448e-8247-84ab1883ceb9,0.58812463775755,221.77999999999997
bd7c9f72-acfd-4260-a71e-920569486bd7,0.58411920210265,226.78
51676186-540c-47ac-97d9-8891941fc435,0.5855775762405,221.77999999999997
880abe0b-ef37-47c8-b0b5-fa8eff1c3fa6,0.5890435846327,220.77999999999997
2208039d-e524-4db6-905b-3b74a03f7bb1,0.58253888901205,228.77999999999997
2842b1b7-3687-4ed6-ab39-ce57bc3923c9,0.59000492419215,163.77999999999997
8bf863c6-3538-48ca-a9bb-8fb0c6e0eb6e,0.58249613384625,232.78
a294cd51-3fe5-48a9-8c5c-5d98dede2704,0.58610606804455,268.78000000000003
62b28a6b-6b95-436e-af22-503f30d2afb3,0.5882782057585,194.77999999999997
618d70d2-ec17-43de-8f0b-9389e20a772b,0.5855775762405,221.77999999999997
e5317848-035a-444d-90a0-8771d1812ec5,0.5855775762405,221.77999999999997
398d9141-7717-4758-ad41-809cbb42f1df,0.585762852499,201.77999999999997
90048f6c-93de-48e1-9631-3307856a9821,0.5855682207438,236.77999999999997
8fa56f54-2bb9-4a4f-a26e-e26deb4da353,0.5880884422621,152.77999999999997
422235c7-1a72-42c4-8c4d-7293ddc7e8f2,0.58411920210265,226.78
ca516f73-a0d2-4dde-a4cb-ae1e5ca7349f,0.5847038072991,188.77999999999997
6b823e5d-e56e-4cf2-a23a-fbd671a39e31,0.58358454921995,214.77999999999997
45822a38-a837-4d4b-ac85-b13fddd8498b,0.57954419938045,243.78
3f795331-3dba-4c57-bfa6-188afea877cf,0.5833437749482,263.78000000000003
6260fbaa-6e5a-43f5-909d-a9224aeba75e,0.58267150910365,217.77999999999997
6c57bcf8-4064-474c-893c-f6d42235f4d9,0.58604856972485,262.78000000000003
771db5c1-fa46-48f8-bb83-4cf9a9dd05d3,0.59000492419215,163.77999999999997
d8120670-817f-44fa-8680-621d9cad80c3,0.58083355148705,241.77999999999997
985b259c-bffd-447d-9a2a-c8829acfdafe,0.584043643601,256.78000000000003
b937b3d8-fd09-4deb-91df-0515b3fb5180,0.5888829422037,255.77999999999997
564b9946-c22f-45be-9ae7-4a45920e358a,0.58341303885995,216.77999999999997
0e61caa2-4695-4061-a622-611faa845344,0.5828793292685,237.78000000000003
86c3e69b-b13d-403c-abae-686c294db6bc,0.5851607911825,196.77999999999997
fcd38347-0777-46a6-bad8-156eb93601f3,0.58312126912505,213.77999999999997
01615cd0-bebf-43c8-8dd2-8ea9827a6cb8,0.5880884422621,152.77999999999997
b0642e9e-c387-4579-85d0-602ed336c9af,0.58510767619945,201.77999999999997
66852398-fa35-4e26-a7cc-ba5013673c5b,0.5844511719328,206.78
239a02c8-edb4-470a-bc9e-f0e75db6c9c5,0.58358454921995,214.77999999999997
deb1691c-7212-4374-a63d-0714fa90e753,0.58358454921995,214.77999999999997
7e6fd97c-d68c-4f00-ac51-30e787f6872d,0.59035455248665,181.77999999999997
c71db3da-e8ad-474d-b96e-03bd30c8019c,0.5870744663402,210.77999999999997
79cb94a6-dc3a-4fb8-b298-3b60c29a4ac3,0.58419222741585,233.78
f9b1845b-05c1-4356-90c9-0e9ab4b4bcfd,0.59000492419215,163.77999999999997
05b29a57-abf1-440b-baaf-f21bd298224a,0.5829789909839,254.78
190497c3-f7d1-43e4-ad00-e4b2a4273379,0.5833437749482,263.78000000000003
6d77ee87-016d-41f8-ab72-2dbc7561796e,0.58358454921995,214.77999999999997
751ef74f-f186-4e3b-ba8b-1315067ef0c5,0.58341303885995,216.77999999999997
908834d2-7d01-4cfb-8614-e080b1705737,0.58762789829865,230.77999999999997
45ccbe9d-84cf-417f-9cda-22f88dbbd29a,0.5851607911825,196.77999999999997
2e970be5-69bf-4040-a992-200c3040e153,0.58312126912505,213.77999999999997
244a965a-a8c2-4836-96ee-176c4574c604,0.5880884422621,152.77999999999997
c8ca8efc-a207-4efa-add3-6237ab8a7e09,0.58510767619945,201.77999999999997
1463a70d-c1bf-49ed-b3ef-a15d2821ff1f,0.5844511719328,206.78
41afe6a1-f2b2-4973-94e7-2ab229519f7e,0.5809977660159,203.77999999999997
9d21b98a-51e5-43f0-859b-25a59fc6b573,0.5848063938529,199.77999999999997
b6d9aa9b-dbaf-4042-bd1f-d7837ebc58d2,0.5844054093243,251.78
9c9ecc39-24b6-4335-b77f-1d022e337279,0.58390717540705,221.77999999999997
faf7ad30-1e1f-4338-abe2-808cf7d0c867,0.58168530389575,246.78
4227914f-a54e-4b5d-8c92-b74c15812159,0.59000492419215,163.77999999999997
0900abdf-e16d-4024-bb64-8f6f67b1adf3,0.58198312957675,191.77999999999997
d5951b2b-42a8-45c7-a310-7885c5ae0e69,0.5828098217877,233.78
58250600-7e8b-4b44-a306-c6c9956766e0,0.58299673414485,250.77999999999997
4263d443-a0ba-44c7-a63f-461e7d715c01,0.58509494531455,277.78
8a9b7473-9ba5-46f6-82aa-5f59f009ac95,0.58297398324735,219.78
a5e011bb-bb67-4b09-9397-4ba39cbdae7b,0.5854314255903,220.77999999999997
a0ae6818-9f7c-4651-b6ea-b49e62f79652,0.58435947077135,211.77999999999997
a002b361-71ed-44de-8d2e-1afd14cb3e38,0.5880884422621,152.77999999999997
fae193a7-cdaa-4fbd-8a64-dc537707b9a2,0.5827371760752,234.78000000000003
77aaa07f-428e-4518-abd1-8f835011a71c,0.58193612170375,282.78
62f3d8a9-a81e-405a-86c3-d4d3a6786153,0.5809977660159,203.77999999999997
266c3134-be30-4418-8efc-7385dbe17717,0.5848063938529,199.77999999999997
93715627-9ffe-4f0a-8c70-5268c9ae9677,0.5856574649443,191.77999999999997
036ba3b6-5798-459f-9a8a-bddc8b31be8a,0.58390717540705,221.77999999999997
6b19aeca-f000-4d09-af5f-52abd4b77a3a,0.5809977660159,203.77999999999997
318e2d0e-99c5-4dde-8bea-9157c4e5d7c5,0.59000492419215,163.77999999999997
3cd8a3a1-df67-4f2f-8071-8083e989d206,0.58198312957675,191.77999999999997
0f85546a-93fe-4ae3-acf7-0c387b47f936,0.5832174206428,217.78
ac4b9421-f835-4ee6-8d84-a9972ee1d305,0.5841676843648,243.78
4c45e361-8350-4cc5-82fc-29a91b6920ef,0.5856260840943,193.77999999999997
dce3c9da-1ddf-4e01-ae75-93911407bace,0.58297398324735,219.78
988ad3f5-3033-4346-93bc-802942623531,0.58258158813895,207.78
89b12145-eb2d-4a2d-89e4-3b44c73cabdf,0.58435947077135,211.77999999999997
280c037e-22ac-4d05-8278-d9898713cdea,0.5880884422621,152.77999999999997
07ed75ed-0cd9-49d7-8d13-07a0e0192f97,0.58672151490375,211.77999999999997
6a54d57a-1eb4-43e8-8f33-525c565ea03f,0.5831562336929,232.78000000000003
8de1e1c6-0bdb-4b25-8f01-3ca0c68848c8,0.5864289168373,230.78
8b8a8236-52c4-4b4b-8167-7d399ed5e3e6,0.58517598896405,238.78
036725cb-a321-44f5-8ec0-1ec28bae72fb,0.5830902880254,250.77999999999997
8c63d6ad-663f-4c4a-bd0b-cb2561f41cd5,0.58679287151245,214.77999999999997
992c8133-3fc4-49b9-81d7-561b9f325b9c,0.5807807998676,238.78
4aacbf5b-1f75-4015-921a-ee480e3ef077,0.59000492419215,163.77999999999997
a23b0bcb-b777-4ee4-85d5-57b8835842b1,0.58475265594605,243.77999999999997
37521fa9-53e4-4746-aae0-7b65568a3ab2,0.5863663374673,216.77999999999997
6dfa864e-8815-45d7-b0aa-37f0f2a3f714,0.58244346250755,241.78
ed7fa3d0-3973-4bc1-a569-ee32bc3d0633,0.58089553221375,230.78
121454ee-975b-4f16-b578-390cb76cef33,0.58707557703955,267.78000000000003
147d6fa7-680b-4a31-80f8-9d591a882c3e,0.58632226984385,270.78000000000003
26c19320-a748-4abb-82ef-37199d4d9390,0.5896166737852,181.77999999999997
3298b8a8-31ff-4993-9ab0-ea1c91c5c68e,0.5880884422621,152.77999999999997
2d8a01b8-f8ed-48f2-bca9-765ba345f45b,0.58505482787775,257.78000000000003
c8625e34-27dd-4ea4-a489-08c685091534,0.5834955408975,248.77999999999997
8a35c18a-d5d3-48e9-8454-8a17ddd9c009,0.5864289168373,230.78
77634826-4dd8-4594-8e0f-d00e275cc053,0.5845792235386,214.77999999999997
5f5a6b37-8f72-4139-be3d-4ebed20302bd,0.58243065902545,237.77999999999997
15122b70-822e-45f7-859c-6d6de1f61774,0.58679287151245,214.77999999999997
1072b287-82fa-4e6b-9548-52ae353bfac4,0.5807807998676,238.78
47abaf43-4d13-4354-ac02-cd68baf93230,0.59000492419215,163.77999999999997
fd87e13d-3463-49a2-946f-7c669df68964,0.58733469747135,212.77999999999997
b7f810b3-bcd0-4c90-91f5-aba8f76fc281,0.5863663374673,216.77999999999997
bf19a144-f8df-4035-95fa-b044d4131067,0.5834485671349,217.78
b6db0647-1724-4a66-996d-7652ddf74297,0.58089553221375,230.78
080446d4-ff6d-4e48-b0ab-3dccedbdae46,0.58416819691675,280.78
1c547258-6007-4348-8b16-8f19912077d2,0.582320307303,258.78
a1d87d6a-d5bd-4ef9-a674-5e826c163dde,0.5896166737852,181.77999999999997
22d1f20a-f0c0-4aef-bc9c-166330fe0022,0.5880884422621,152.77999999999997
970a8693-9cdd-4a8a-947f-ce4628bf39d2,0.5864289168373,230.78
282fff48-5766-43eb-9aa8-7fa769d9a4a7,0.58691934914455,215.77999999999997
938333d8-8d6b-405f-8e2b-acd8b1878409,0.58372871019795,212.77999999999997
5352fbbf-021c-4488-b39d-22f971bda197,0.58351443425025,240.78
60a31329-cd82-4565-a5ba-be092254e13b,0.5842002570436,260.78
dd32181d-125c-443a-8209-94d68de2e475,0.5858344992513,243.78
df2b728d-8810-4632-9a57-df95587e2755,0.5836071023472,245.78
5565d0de-25a4-4b4d-ad89-34a68566a6d0,0.59000492419215,163.77999999999997
9cf22ed4-bf0a-4d38-8498-3697148453c7,0.5825078045703,249.77999999999997
82034b1d-d729-4422-b38f-edc12222104d,0.58620877066115,248.77999999999997
1e052dff-7880-437b-8596-87815214cb2a,0.5853437272861,270.78000000000003
bb389e7f-b58d-4f34-8c56-9b783d760c1d,0.5817357714684,240.77999999999997
ab0a1543-565a-4946-b0c4-14293d9cc9ea,0.58758115075385,187.77999999999997
ff09a28f-3aaa-4138-9d4e-3781999d73c3,0.58473078492135,223.77999999999997
c58b71aa-c052-4916-8001-c5d9fbfd49f3,0.5857593964567,207.77999999999997
b67b61e7-2c45-4ed5-a02f-a7d20c5dea2a,0.5880884422621,152.77999999999997
e2f34a2e-c120-4ffb-b35a-8ff7de1b312f,0.58432365753225,215.77999999999997
253ab65b-ebfb-415b-9d29-a5ef55969bd2,0.5817542959636,260.78000000000003
bcde4d1f-f25b-4ab0-9d65-f0b806bc5669,0.58372871019795,212.77999999999997
5da051c2-c539-4ee8-9704-45c329a6d377,0.58849847118195,189.77999999999997
638dd32c-cad7-4c2f-b111-6dd1219c4b90,0.5897654033094,262.78000000000003
b3e8576f-0fdd-41b0-bb2c-9196e7127c29,0.5842002570436,260.78
2f902b79-ab3b-4dc5-8089-9eb242ef2cb9,0.58579416420115,259.78000000000003
7fb50f22-93b6-43be-833f-ddfcf5c0c9ae,0.59000492419215,163.77999999999997
e4244774-892b-4293-b57a-0ca4f2134ca7,0.59043254574765,217.77999999999997
f5fedccd-febf-44b0-bbbb-4226f332245a,0.5842002570436,260.78
4f71ebd8-1846-47a9-b1d2-825092e4767d,0.5824405303138,237.78000000000003
d1ca5399-ba1c-4491-8634-b59cea914329,0.5817357714684,240.77999999999997
788dd35c-2d46-4628-b828-fd14ccd5c717,0.58758115075385,187.77999999999997
74cc0792-cd89-4f36-ad8c-47556c4e583f,0.58473078492135,223.77999999999997
863ed822-4b03-48c0-b08d-63d06ed91897,0.5857593964567,207.77999999999997
a20a7723-2608-404e-b111-748149a082f9,0.5880884422621,152.77999999999997
242a08b7-7e2b-4e91-9289-4bfe364ab3eb,0.58432365753225,215.77999999999997
5aa8c3f7-cef3-4639-b522-6d5e0747a293,0.5807489964929,254.78
94bb7cb1-b83d-41c9-a08c-1834019b841d,0.5826033648995,225.77999999999997
ed74f931-5ae9-440a-a205-fb0a706d6c6e,0.5818085629401,266.78000000000003
55b1b506-96a5-4acf-ad30-de4270261066,0.58293394174715,248.77999999999997
4ec54d57-3f2d-4e76-bbd8-c77aabb9aab4,0.58476511412715,241.78
720e4468-2d5b-49c5-a80b-33827a68bb15,0.58461319200155,242.77999999999997
33262170-4b0b-4d7b-8da3-106b7c67f3e0,0.59000492419215,163.77999999999997
f279c961-463d-4adc-befc-b38ae1e6f693,0.5848803433556,252.77999999999997
1c440467-ebe7-4d11-8fcb-2742854496ed,0.5874721160679,245.78
c3a074ee-3f80-41d2-af29-e2221cca0c6b,0.586119750362,232.77999999999997
e7733895-3eb3-4941-ba60-7db8c4fb5b45,0.58502242823055,287.78
02263ee4-87fb-488f-9cb0-fe6be5248664,0.5848011486506,192.77999999999997
34f19516-cf98-40f3-b4fe-da4be33d8ff4,0.58612101389685,203.77999999999997
d7ec70e5-e968-4bda-b1bf-5692ac031ab7,0.5859831125768,275.78
a64c904a-9687-4139-a82f-893530477ab4,0.5880884422621,152.77999999999997
e829715a-ac34-4ee5-9d89-18e2862c9e7c,0.5883860969131,175.77999999999997
6ca0637a-88fa-4d5a-9957-45b7f86c1ef4,0.58296709147545,214.78000000000003
2526608e-cae1-4191-82cd-6c222edec998,0.5826033648995,225.77999999999997
60d9c78b-f56e-4f26-b4af-da81a069f368,0.5832528654883,269.78000000000003
af922568-3f3b-4f89-bdfe-28b73e9d05dd,0.58443263684105,235.77999999999997
fbde0aa9-386b-43d6-a814-8beaab69fa5d,0.584932758303,220.77999999999997
97540c4d-ee57-4a13-ab92-acc9d84b0554,0.5818085629401,266.78000000000003
e7fae6e5-4a79-44a6-9eb5-15404fb2b22a,0.59000492419215,163.77999999999997
95e47384-778a-4b89-a7a5-67a32dc795bb,0.5854430273913,269.78000000000003
ea08fc9f-f72c-475d-adad-826e55162dc2,0.5867082934478,241.77999999999997
28b30b30-18b5-424f-bf24-6ba21d475e58,0.586119750362,232.77999999999997
d2b6719b-c782-4083-9a09-d2ba656a2598,0.5849712548275,251.78
8372fb91-bee0-473f-b35c-eec38ddbe75e,0.5848011486506,192.77999999999997
245f21f3-bf71-4154-9384-8b282367273a,0.58612101389685,203.77999999999997
d919b620-c8c7-48f5-9f42-6f2140edf209,0.58187009676815,265.78000000000003
36ce1ac1-30f3-41e0-9738-8700ba99cbf3,0.5880884422621,152.77999999999997
72e17788-b223-47a1-949d-bef409a47812,0.5883860969131,175.77999999999997
be56aa8c-2f67-45a9-aa69-23c5d6afefc9,0.58296709147545,214.78000000000003
b543c673-62c6-450a-bd8e-b9b999214fe1,0.58630386711795,257.78000000000003
ee9b0d6e-ce68-472d-af8d-13e72755b591,0.58289102429275,274.78
e1556236-b92f-4c5a-ac25-94267050faaf,0.5856605263023,219.77999999999997
f1581d45-dd41-4db6-b347-3fdf4fbb83bf,0.58314473358055,249.78
6e6f8623-1e41-4f5c-8eee-3f353f936e14,0.58341814886415,222.78
38ca0972-54d6-4c09-9d50-b18bb18b6fd6,0.59000492419215,163.77999999999997
6fc244e4-965f-4bc0-a831-16aa5005021a,0.5843201272671,271.78000000000003
e3d2c0c6-8103-489d-9a86-ac7495ebccaf,0.58215766927985,276.78
6154ec2c-f7be-4d1c-83dd-4637f1bcabcf,0.58526751512235,217.77999999999997
f0925845-ccb9-4f60-9cd8-646c96f4fd74,0.5840210899717,259.78000000000003
2e09514c-1f62-45cd-97b5-6e02a709f86e,0.58574331553035,247.78
2ffe98a4-5509-430f-8828-7eb453579a8e,0.5829101147231,243.77999999999997
b7219188-9cda-40c6-8bc3-48e8f7f2ae62,0.58073690081295,308.78
1326a26e-da4c-4f99-8951-66042a40a327,0.5880884422621,152.77999999999997
0ffb80d1-1b12-4ccd-9d91-2d8f28b45df8,0.586547513761,225.77999999999997
ed6477b5-e75d-4f91-af5a-a2757da0b06e,0.58310402707555,246.77999999999997
a7d63fe9-096f-452c-a9ba-202554b1cf4e,0.58630386711795,257.78000000000003
c9fa48e0-aa9c-45dd-9ad0-7d42d052e6dc,0.58289102429275,274.78
be69ec57-4ae4-45de-8550-a43d657afc39,0.5856605263023,219.77999999999997
ab830da4-982f-4b49-8e00-f3d92db7cbc1,0.5831333276055,246.78
37e6dfb9-57da-43c5-a91b-23c062afe6a8,0.58341814886415,222.78
fa0bc707-6b76-49a1-b149-14a0495875fd,0.59000492419215,163.77999999999997
a4e38fe7-a91b-4c63-a03b-970cd4b0fc19,0.5823703060622,215.78
a060acbe-389f-4fbc-b05f-2c6cee915688,0.58509295461115,179.77999999999997
daa29375-b32a-4f4c-98b3-d3e658f624d7,0.58526751512235,217.77999999999997
c2858b63-7b18-4285-96f4-ad0d83bec420,0.58654990030695,203.78
5542422e-6793-4376-b60c-6b22c7f7be1b,0.58348536232395,232.78
44150a44-8012-4dff-9d69-b6ce89974cb2,0.5829101147231,243.77999999999997
d080ca63-3fd5-45c4-b085-9344be5c3801,0.58919790026465,224.77999999999997
aa67d760-79b3-4fee-a91c-817a22b8fbd1,0.5880884422621,152.77999999999997
b7b1e7d2-15fc-4831-bef6-0368df210bc7,0.586547513761,225.77999999999997
d1f130ac-7f81-46e2-a1f1-416e61066f60,0.58310402707555,246.77999999999997
606cdfc5-4f89-429d-b9b2-8e9ea9a6a6b0,0.58369773849905,213.77999999999997
0665f1ac-e059-45d5-a7aa-5128c9c3a76c,0.58255197446085,261.78
cd48b7e6-fb6f-4d74-acd0-4412f3292917,0.58199329722865,252.77999999999997
4f404ec7-51b2-4c11-a99d-21a9f7b67e31,0.58425803907495,251.78000000000003
7fa9b66e-3c61-497a-bae4-afd5bbcb538a,0.58432337244025,254.78
5cce3d16-8f89-4f5c-ae72-5ae8f4195155,0.59000492419215,163.77999999999997
ce7b86df-1c76-4fb9-9c35-f657ca73d9f1,0.58366275431415,257.78000000000003
4ed4367c-5998-4f5e-b17b-a332e841cb20,0.5840629455456,234.78
b5665d70-0f34-4823-914a-aedaeef57f6b,0.5856793852035,266.7800000000001
c3c2e1c1-8e8a-4da1-8cc9-e4a8cc7bb6fd,0.5829319619895,241.77999999999997
fe5854f3-72e2-4d39-9776-634011a8ea5e,0.5855862433694,231.78
98767488-60c6-4317-9964-442134246119,0.58096879955975,277.78
f7603817-cbaa-45f0-bc39-3ec242f477d1,0.58301944213385,232.78
872df31c-669a-42d1-a889-86f167b94e4b,0.5880884422621,152.77999999999997
28db2e1e-d43f-422a-9bae-b342d45c54bd,0.5827846636032,196.77999999999997
c78ce26d-08d2-4722-a9ac-f90295d0609c,0.5852841186185,268.78000000000003
178a56bc-1f93-4907-9634-503fa463b0a9,0.58369773849905,213.77999999999997
4675328c-3f73-4752-94eb-bfd62577e3f2,0.58688339572185,215.77999999999997
c1fb0a91-f769-4287-9feb-6b2b5334b821,0.58353110042875,210.77999999999997
382397f1-daad-4680-bc18-b1e4cdad63a0,0.58430826416345,259.78000000000003
05608dcc-a654-47f6-b3e9-e5678384be8b,0.58240720245345,254.78
a3ea887b-35ad-4a7d-a0ed-f03967078a33,0.59000492419215,163.77999999999997
184d9d3c-b520-49a9-a0f2-2a3be185ba4d,0.5836994376269,250.78
51f3b4a6-51b1-4689-a175-c6fde5d2c17d,0.5840629455456,234.78
9f3a1145-d58e-4049-8899-13d4f9742b33,0.58477122842635,275.78
22bbd3c2-a72d-4ddf-965a-a4c8e9dde989,0.5829319619895,241.77999999999997
bc385df8-24d4-43a0-87e5-2b052476daf4,0.5855862433694,231.78
59bd38be-ea91-4c49-8717-dbea4217d72f,0.5827285990689,258.78000000000003
d1874e6b-078e-4e31-997c-9058e3f2b082,0.58301944213385,232.78
6fa7fcf3-2fdb-4053-9940-f603ad24955d,0.5880884422621,152.77999999999997
31c01d71-b393-4843-8b61-03b761f31463,0.5827846636032,196.77999999999997
6eeaa265-59c7-4a51-a6ef-4d333b665aa6,0.58255197446085,261.78
a1096f57-257f-4445-851c-e24585c7a2d3,0.5837695813146,199.77999999999997
2e9c1a4f-76ed-4540-8f58-63c734816ed5,0.58043270539875,237.77999999999997
984fef26-1410-4c81-9c3f-5367f35c316e,0.58523458692495,244.78
393c5dcd-2ed2-49e3-8170-43f9735c3710,0.58667933588665,200.77999999999997
77ee4c01-6ffa-4b5e-958c-4bc4434ca103,0.58654534780515,299.78
f455ba8d-5416-4e3f-ac04-8843ecc34f2f,0.59000492419215,163.77999999999997
bf7463ae-3a21-450c-a3f6-e0eb89347b85,0.5826360326185,240.78
d0fdadb2-5562-4c76-bbd1-cce003ec9d76,0.5904989781315,229.77999999999997
08ad7d4f-39e3-46e3-94ad-99c2d92dfd46,0.58527956959045,272.78
959a6bf8-b606-467d-b6dc-586936ac8ddc,0.58609667194185,244.78
e34f3926-9fee-4eec-80cf-396b00a336fd,0.5837066415579,202.77999999999997
bcaa95e6-b8c7-490f-8152-6e528b8f5004,0.58426235897535,231.78
b66be9c2-3d0c-42ef-86c2-17fe394dc6af,0.58542121599785,240.77999999999997
47a6e466-b7f1-46fe-b034-74233fe1f9ef,0.5880884422621,152.77999999999997
37a6556f-d25d-45fe-8c2b-615af5eed286,0.5863878968892,242.78
b3f01f67-f565-40a6-977a-ebf1b6b7cee5,0.5824011156201,252.77999999999997
43a1cbeb-7186-4c05-98b6-c44ad645dd72,0.5837695813146,199.77999999999997
4d973cc3-92cc-41ff-8563-a9a9194f8400,0.58043270539875,237.77999999999997
13a95636-ebf8-4e52-a64b-823f17be0446,0.5862404197278,212.77999999999997
4c36f62b-4eb2-48ac-9dbe-e0dd74513a62,0.58667933588665,200.77999999999997
fe0a314e-e179-465f-a0e7-f2ddcd606e56,0.5808213278273,232.77999999999997
7bb5af91-2e58-4892-a32e-02c10d14b4f1,0.59000492419215,163.77999999999997
f419b184-5e29-44ee-9085-8820d559cedc,0.5849476863309,196.77999999999997
e6199d9d-ef05-4ac0-b472-e5d4eca914cc,0.5904989781315,229.77999999999997
694ee50c-d505-4ef3-be1d-b9f2f04a0f38,0.58271601122795,256.78
0ffdfb28-5d17-4dc0-999b-cedcd8b04573,0.5834075234383,253.77999999999997
a43d55b7-d4b2-4c1d-a803-1575492f1815,0.5837066415579,202.77999999999997
45cc1f88-0282-4693-94f4-147d2c1ca6ea,0.58426235897535,231.78
bf3866d2-4efd-4142-8713-3f2fcbc179f5,0.5867096382735,263.78000000000003
b85aea20-5a07-49bc-9813-ecddba486234,0.5880884422621,152.77999999999997
6e09c84f-33d6-4444-b1fc-8d598db490c5,0.58667933588665,200.77999999999997
b72af77a-ff83-434f-874b-4d6b03857077,0.5800361742827,256.78000000000003
108d8d65-0134-46ed-94ba-9052b8417030,0.5838091565056,255.78
30928ee9-9e82-44ff-b044-375ef5971a5f,0.5863832967495,261.78
5a46cf58-277e-412f-81f5-5db485278774,0.5836288294564,211.77999999999997
e9c381fe-be0e-488a-b94c-82074031caee,0.58610476449805,220.78000000000003
46c2c6da-61b5-4358-8498-b4327cb9e96d,0.583732616382,236.78000000000003
fc989943-aac1-4312-9433-da61980cd50a,0.59000492419215,163.77999999999997
571a1fc9-556c-4fa8-a396-60ec3593816d,0.58450507450965,236.78
6b4512c7-5023-46d9-be50-01835bbe45ad,0.5835422300951,235.78000000000003
763d9dab-97aa-4ded-9da6-48b323c90958,0.58268055328785,228.77999999999997
ea18de55-c7fe-4827-8ffa-a2181fa6a039,0.5823061599806,238.78
052ddc8e-e206-4978-bd31-7f287283e0c4,0.5860673021776,265.78000000000003
0871a5f0-f32f-48bb-9ce9-176b49c294b2,0.5859466191063,225.77999999999997
adf3f542-97d4-4de6-a419-328f316a2550,0.5839247573154,232.78
a8aa7e48-f0da-43e3-a4c7-89d4ba1186ad,0.5880884422621,152.77999999999997
7f21c10c-c6e9-41a0-a309-916a422e15ac,0.5847104621138,216.77999999999997
7e69da05-10f3-417a-97a8-ac0cd7779fd4,0.5832024666439,259.78
3cec15d7-132c-4ee6-af5a-9e46bea4c17c,0.58148438479285,261.78
5445a9c0-5232-49c2-a89c-ec59aace2e0f,0.58462092663195,250.78
7c2546d8-f0e3-4cab-ae82-d7854da9f8fd,0.5836288294564,211.77999999999997
9b3ca4b4-8afb-4c4a-9b09-9afac931377b,0.58610476449805,220.78000000000003
fd9a022d-f35c-4490-8675-ed9f4531b961,0.5817881335837,253.78
439d4315-b0a3-4336-8ce8-890c68594e8a,0.59000492419215,163.77999999999997
23b5cd03-42d0-483a-b992-ed1f0c9931b9,0.58647797044175,211.78
a2f7e372-50e3-4be8-bcbd-9977e7c5fef7,0.58590989337615,249.78
22b646f6-9c38-4ccb-9386-3384a8ca3101,0.58268055328785,228.77999999999997
e03fa45a-e184-41a2-a0a1-09e5f7af40d3,0.5863832967495,261.78
343733e6-3629-4ad6-ac13-0d6a7ec9b873,0.58246353211015,226.77999999999997
8f698525-d807-4581-93b0-65cf969fcb47,0.5859466191063,225.77999999999997
8e6e42a9-b56e-4651-8d26-b1b89a4ad8e1,0.5839247573154,232.78
f6a1958d-cc01-4dc0-8904-4b9d37664c3d,0.5880884422621,152.77999999999997
86043a39-1f6e-406e-b031-6bcdf3eefb27,0.5847104621138,216.77999999999997
6b4e4b23-ddb5-4de7-975f-4d5f739b960f,0.5823219292704,248.77999999999997
52d9376e-e72d-4270-b731-c540801a86f4,0.58531591902745,209.77999999999997
c73349d2-42af-41de-85d8-c7bf2e8b6017,0.58616084680855,214.77999999999997
65834626-e4fb-477c-ba54-f18da9c416ec,0.5859733204238,227.77999999999997
9e51a510-4efd-4f55-8891-7e2f395e8da6,0.5826905208238,251.78000000000003
e72f3bcc-9a9a-4ab6-9fc7-3ff7663bd152,0.58588248661685,248.77999999999997
de0765a2-4cc0-40f4-9fe0-591ca776684e,0.59000492419215,163.77999999999997
d90a2182-c5a0-41b7-9ddb-f9c4570b24b3,0.5886770483429,300.78
0aa24d94-2b40-4f10-bc0c-274041a7fa8e,0.58667652291165,186.77999999999997
06b662a1-4301-4ba1-92de-aea8cd839a6a,0.5868675686761,287.78
44fd0268-d9c2-4884-a28d-ee144114547a,0.5835120708333,235.78
8f0d6226-68a0-475d-b65c-0a57a198d6dc,0.5846866013357,217.78
bc6e54bd-9d80-4068-984c-86ef4290336d,0.58216455097865,232.77999999999997
820050df-5172-4e50-886a-250b3e7d9a9c,0.58351001273325,237.78
4a21b809-8f80-46ea-95b3-0df18c297e1f,0.5880884422621,152.77999999999997
c1d6ba13-12ac-48ff-bdd0-bdeb2bc51ad4,0.5852978402356,244.78
cc63821f-536a-499a-ac1f-5df4d2bd67d8,0.58386994467805,246.78
5b11fc0f-7b22-40a2-bba5-b8d2b047bbcc,0.58531591902745,209.77999999999997
7a671aae-f4a0-4e1a-9416-dcaf802aec79,0.58616084680855,214.77999999999997
c08612a2-d8d1-4bed-b760-29fd640a1fd8,0.5859733204238,227.77999999999997
d74579a2-e15b-44f7-8b97-32a091d5ffc0,0.58531331268925,203.77999999999997
511ed3b4-9c02-4004-b8e0-93bdc6fbf6e6,0.58521257853345,210.77999999999997
24394447-0d71-4b47-8606-46f306e0d83f,0.59000492419215,163.77999999999997
14612051-f8c3-47ee-9896-3ec8b7acbcd0,0.5859733204238,227.77999999999997
445b4a5b-ac7b-4860-867e-3b4bc871b3bc,0.58667652291165,186.77999999999997
9e1f0436-ec89-4248-a9fa-14f5a4503835,0.5880075409307,214.77999999999997
874222c5-fa16-4241-a5b0-46f2d81d6ebf,0.58450588960085,181.77999999999997
125b4d07-25d9-4e14-9c57-d03962583f6a,0.5846866013357,217.78
23ee2a79-c74b-481e-9514-57885c9b35b2,0.58216455097865,232.77999999999997
5c392193-8bb1-4354-ae30-2e6f0a48cc20,0.58338057887285,228.78
c690c8f7-f7ff-4244-9009-20920b43e9dd,0.5880884422621,152.77999999999997
b5b71655-6530-47c5-8890-0a0bdfcdc602,0.583888506496,224.77999999999997
299cc84a-0d58-42a7-a848-d72a7f3fcd18,0.58531591902745,209.77999999999997
12544c71-251e-4287-8751-dd9df289113f,0.58734071708755,236.77999999999997
32b51f2b-50b1-4d81-9377-14e185bd5dea,0.5857155330611,253.77999999999997
3bb2fca9-79f9-4cc9-9df2-c1de2e576e4d,0.5821456297211,263.78000000000003
f5a6f404-b962-45f0-930e-70faa1b54168,0.58359439158325,251.77999999999997
51b8660e-c1e6-4d2f-b6b3-7eb41b5ed7e3,0.5826312821802,242.78
539261c1-7017-4338-a1fc-3451f5dfff98,0.59000492419215,163.77999999999997
43cee1ff-5da8-4f6b-819e-a0bc5daba281,0.58360021929505,261.78000000000003
d3b54c52-27d1-4b70-9295-dabbe3ae8886,0.58326040838865,281.78000000000003
25ae5443-2749-432d-a803-27af94fc6278,0.59018702610205,204.78
db2db7be-b077-4664-86c1-b13f8b620c27,0.5823824564707,214.77999999999997
fd87bed5-1b87-48f9-b7bc-5348159312d3,0.58282760974745,249.78
e8dadccd-f3f8-4e15-97ca-4ddc3c1afd81,0.5859147146807,232.78
9c56a56c-af84-4542-b45f-da606e627b58,0.5853801991491,250.77999999999997
99d621fb-99d1-44b8-821c-e09d4b7498d2,0.5880884422621,152.77999999999997
3828518e-c253-4c84-bb77-2e219592b692,0.58527284952845,251.78000000000003
86f99081-701b-4f3f-96e6-77362bd06672,0.58495028154995,190.78
e97acca3-e640-4027-b391-ffc7accd7f40,0.58734071708755,236.77999999999997
27dd8f06-c5c9-4999-bbb7-b5f970637846,0.58454129277895,272.78
d12e719f-863d-4a9e-8fd8-0ffcd29fa1d4,0.582794025667,257.78000000000003
2d711150-bacd-4bd5-a0f4-9943440da0b7,0.5857155330611,253.77999999999997
d73e40ec-fcf3-46e8-bb5b-c5cdba1e0a95,0.5826312821802,242.78
c2afe81e-3eb5-45b5-9f11-c92b2fbc2cbc,0.59000492419215,163.77999999999997
29a3305c-909e-40b7-99fa-267dcbfd5aad,0.58520003114925,264.78000000000003
7db06e7f-a1d3-44ff-9d64-e515bc18beb0,0.5852270584981,268.78000000000003
a9468fd0-4cd4-4e7f-b588-a28401919bcf,0.59018702610205,204.78
baefbc8f-6e17-4655-bf84-a2c370b37f99,0.5823824564707,214.77999999999997
59ec60bb-ca66-44f8-9c83-c7e8c3197598,0.58670909166195,228.77999999999997
a2fad037-04cc-449a-8f66-ff5fb913e790,0.5859147146807,232.78
e97c6496-b94b-4987-8916-86f378792368,0.5876284644888,250.77999999999997
1d2ef369-5b53-4e65-b45e-79d97b0305d8,0.5880884422621,152.77999999999997
5acb51da-66e4-4809-b704-8de5c07fd636,0.58734071708755,236.77999999999997
d1508d33-59ca-43bc-a34e-e459fe33ac73,0.58495028154995,190.78
97104c56-08ad-4801-af6a-442132ddf057,0.5831477555155,254.77999999999997
d4339027-5945-4444-b699-5750bd1c6bfd,0.5801067681803,265.78000000000003
58cfc01a-96c9-4ef2-a1d2-9106c24fd13f,0.5848643928478,257.78000000000003
d22646d6-6a54-4e4f-a3f4-79e1cf1cafed,0.58300471566135,254.77999999999997
f6ffc2af-445c-4aee-ad73-636302f7ab1c,0.58228140509905,213.78
41ef71ae-7690-4948-ae49-2d9c9f5c84fc,0.59000492419215,163.77999999999997
b78fd3d1-3e82-425a-8f0e-543fea0694c6,0.58252452657715,242.78000000000003
29578bd0-95d3-4bac-9a35-b161f211e44a,0.5853620060536,213.77999999999997
67e8a05a-c092-420a-9ad9-0084950eedc6,0.5878327144207,256.78
ba364ffc-dd01-4d88-81aa-aab46275b6ec,0.5824602137035,231.78
e6b768e2-5783-468a-9d84-be1f289b2343,0.5837329711419,262.78
a6e64aa1-ffe2-4323-ba48-6b917d956319,0.5855518611909,194.77999999999997
8f9b73ab-7149-4020-a0c6-3cfc241ed1f6,0.5835711435138,244.77999999999997
928eef85-020a-4d98-82b6-842afcee5cc9,0.5880884422621,152.77999999999997
af0d9327-8d15-4ba6-844c-7da968839340,0.5842515222744,230.77999999999997
218bcee0-bada-48b1-8622-efb8e8030a94,0.58596678391975,209.77999999999997
03e37844-667f-4e11-a265-95aaaa7db630,0.58414144526255,232.77999999999997
57a23d34-27b4-48e8-a9a9-d21fa3d13a75,0.5831477555155,254.77999999999997
70763c7a-831a-4cad-a19b-5d7e9b7121c4,0.58210550127915,247.77999999999997
eaf0f405-d3a5-45c2-8b43-0de5fe9bc952,0.58341723980965,250.77999999999997
099c63c5-7ba2-4482-9b98-96149132b7cc,0.58228140509905,213.78
3fb4f5c7-050f-432e-8bcf-307e86c872ab,0.59000492419215,163.77999999999997
321c8c6f-ac9a-4c5d-a517-6befddd50b51,0.5840572224422,272.78
d3bc00ba-0fa4-4cbd-99d5-96650eed2302,0.5853620060536,213.77999999999997
c7fec7d8-ac51-4be1-ae9e-4988ccdf89cd,0.58405499939645,280.78
a083189e-db44-4b91-aaf2-86ba9378ecee,0.5824602137035,231.78
10b322ab-8ac6-45ed-9e82-c739ecdd980b,0.5844630608278,262.78
5864aa3b-158d-4f55-ac9b-2125f78ad0a2,0.5855518611909,194.77999999999997
7d33a9e7-3204-499c-a7a4-8e2f21052e4d,0.5836700890372,219.77999999999997
58610ccd-6b3a-4d1d-b8f5-2d8b9e7e8bed,0.5880884422621,152.77999999999997
1559f469-e93d-4827-a86a-80e8b35f808d,0.5842515222744,230.77999999999997
1cc13e69-49ad-4575-8d06-ff3649cea951,0.58596678391975,209.77999999999997
206a19c8-35a2-4a0a-9d65-116d3af13f52,0.5838006705942,228.77999999999997
67ea31dc-9f4f-430b-804d-4c15c02cfd94,0.5869289268789,247.78
8bf0edc9-8ddb-45c3-9f9f-356af47c0b2c,0.585100542425,243.78
637867dc-3554-4400-9eda-36826e57b9e7,0.58386980891485,231.78
7c9c3217-4148-4a71-bcd9-b8110f712601,0.58621904225205,231.77999999999997
4a468ab3-cf13-482f-beca-2197e8e79c8b,0.59000492419215,163.77999999999997
1b33f248-37d1-4f12-8572-59a44f0e4d64,0.5835912401947,252.77999999999997
94fff2b7-fc5d-43be-b245-852de78c5518,0.5858773872048,227.78
b50cba50-69f5-4331-9f51-9e33b4bbd8fb,0.58731503688405,259.78
a775e333-daee-4ec8-847e-ef9a3aec64dd,0.5826695699485,265.78000000000003
096eb342-b2ed-45e9-86f6-8306f69edab9,0.5839362372926,206.77999999999997
bb602c51-d58a-49e5-9c5d-b3c82cf1e0e1,0.5821479229561,258.78000000000003
d7cef6ef-24a9-4417-872c-2d12b0faa6b1,0.58460796638585,261.78
c9393873-0013-461b-9284-14fc72412551,0.5880884422621,152.77999999999997
5c623ac1-8e94-4c02-883c-3b0cce4153d7,0.58718948190965,236.78
8680ad62-bb43-4e17-a5cd-726ba9070a3d,0.5816453842928,282.78
459cfd95-abad-4680-99a1-8f48303cb9a8,0.5838006705942,228.77999999999997
174959d2-f7b4-48ea-b9f6-6c7e6cd90651,0.581985344807,244.77999999999997
b3483c8a-40ab-46d9-8b46-41953a041081,0.58711807367835,228.77999999999997
7bb6154d-1a49-4310-abd2-628905b75361,0.58386980891485,231.78
24a2079b-ceb5-4034-9db3-70f888031a4a,0.58621904225205,231.77999999999997
5f59e271-233c-4bc6-812a-b7d0e07d9b90,0.59000492419215,163.77999999999997
4ea7b884-f5a7-4a94-9fb0-a6545d391a87,0.58313119643235,187.77999999999997
95c7cb0e-a4a1-45ef-86a4-87b661285430,0.5858773872048,227.78
14b7d671-ca9c-4987-af7a-d3d2e94d779f,0.5861213962235,255.77999999999997
060d0ae9-e219-4417-b713-4052b0078ab5,0.586390035042,173.77999999999997
257a0ad7-9a6d-45fa-b2b7-7811913d3fd8,0.5839362372926,206.77999999999997
1b722da6-25f0-4bfd-aeba-d0df8b83d265,0.5850506391991,220.77999999999997
607f7587-73fc-49c0-b132-010c8f2af6ec,0.5807481725952,298.78
67cddc02-75b3-44f4-a657-891e81e01884,0.5880884422621,152.77999999999997
19fc279e-d91d-40ef-878b-096ff6ca9764,0.58718948190965,236.78
3e963f30-8cf9-414a-b85d-b6b6839edc70,0.58773540740845,197.77999999999997
36871301-c445-48bd-af17-da8aa257d61e,0.58549219471405,266.78000000000003
1d33af9f-2943-40e8-afba-0111392f0c69,0.5842217272535,230.78
21486c7d-ea00-40cb-a6dd-98ecf94b79d5,0.581047306369,263.78
ff5e66dd-ec1a-426c-aa9b-22e7601195c2,0.5848991750183,218.77999999999997
4a9c3cb8-22fe-4eda-9cca-5df1163fc398,0.58301444067945,233.77999999999997
85315bb7-0fe9-475b-9e3e-31e3306a1f6e,0.59000492419215,163.77999999999997
4224a63a-5568-4c7c-a36e-f3d7eae67516,0.5824701816402,228.78
51ae52ff-8063-48d4-b865-f67b21ff1d2c,0.586837467649,206.77999999999997
c1dea56d-44f4-445e-8743-d9e663d50326,0.58438447594685,268.78000000000003
1b90dd11-3dda-4bac-8b28-96a134f3f51f,0.5877877742894,215.78
d17fdf9c-a65d-4ca2-a36e-be717046e24d,0.5805882439084,218.77999999999997
747c6713-bd47-43e8-88ca-9f8eeac4f499,0.5865811274692,231.77999999999997
d436d8a7-70cc-46a8-84bc-048288099724,0.5879614688681,204.77999999999997
50185ada-279b-409c-81a7-3ec0af7027df,0.5880884422621,152.77999999999997
ed23e3bc-84b9-4fcf-90bc-747f3ed43f2f,0.58447919495165,223.77999999999997
2e57348e-a1fd-42b0-97eb-3d1e507d2837,0.5837652628181,214.77999999999997
e3b92299-75d3-4d38-9bce-c8e0daf9f8a9,0.58700145560735,256.78000000000003
f431c61b-a7f7-4c2e-a981-621987b182ed,0.58487348622955,212.77999999999997
c9881b9d-b512-4f50-a66c-3af93d83803a,0.5842217272535,230.78
88f2a8a5-f388-454c-9713-2293d3fc42ac,0.5848991750183,218.77999999999997
ee5a625f-abfb-4c87-92ed-2fa4488acaba,0.58549219471405,266.78000000000003
fb4c865a-b376-4976-99eb-7ed2d5cf7b23,0.59000492419215,163.77999999999997
234f2a35-71fd-4d46-9c10-3c524b8f5047,0.58549219471405,266.78000000000003
d1035166-a118-4cb3-b7ad-16f6e5d15148,0.586837467649,206.77999999999997
379225b8-9929-4f5c-82f4-682a8fb03184,0.5889959815351,191.77999999999997
4bf9cb47-9009-45b7-bf3a-3702d85b5441,0.5877877742894,215.78
53510e2c-e8e5-412e-8a61-39abd2c5a0a6,0.5805882439084,218.77999999999997
1d88ed47-beb4-4064-8b0a-7c3a4c2f75e6,0.5833581549979,249.78
d17abcfb-72ea-4498-a703-f1621b052f1f,0.5879614688681,204.77999999999997
25aea3f4-9cd6-49e7-87d8-5796894f570e,0.5880884422621,152.77999999999997
ca1156d9-5d0f-40c9-af08-1ba8fd72ad92,0.5830540437363,255.77999999999997
aca0ae13-389c-430d-b3b3-81450c7855a2,0.5837652628181,214.77999999999997
a84c5672-42b1-43a9-bbb0-4c8d2197ff9c,0.58711022006085,222.78
899dfc68-42fb-40cc-9175-e92ed403492f,0.58888379430925,174.78
4dc31bcd-9214-451b-a744-0ce2cd57389a,0.58469941356995,201.77999999999997
639613de-c44b-4e39-91de-d198db190dba,0.5848667509792,247.78
6a921309-dc7c-47c0-bcab-09490e361041,0.58480395930425,244.77999999999997
e1590a07-796d-4c5b-824c-0a4ca3988065,0.59000492419215,163.77999999999997
61c5a345-15c9-4625-8c22-2c4f9ee09513,0.58299957705465,277.78
047c8ff5-a42e-4e79-86e6-4d5d20c7eeae,0.5849738925279,236.77999999999997
f83d7a2d-aee3-403f-aca4-6c623adb07a7,0.58291427482785,261.78000000000003
c008525b-439f-466b-acea-2e96be39291d,0.58247281086385,282.78
ebcc6d9f-8ed5-4c8f-87f4-07f63a12a8ed,0.58454366420955,215.77999999999997
55ed4a70-9979-4110-9757-75538ef1f232,0.5858098098401,229.77999999999997
0775d7cd-5458-40d1-9e8e-e92b2e8f6e1e,0.586309057183,246.78000000000003
95d8547c-adf9-4d3b-bf43-1200e3c50b26,0.5880884422621,152.77999999999997
4222082e-b51d-4cc5-9511-f643f6000819,0.584723718446,226.77999999999997
80deb1e0-ef1d-4c6f-b9c8-c192b676b6b7,0.5863253157498,189.77999999999997
b523bd07-4919-4a17-9745-70b86544cbad,0.58711022006085,222.78
e0b2eb78-3a01-4576-8776-459e594df701,0.58888379430925,174.78
1dfe8bc7-901f-4189-9cbc-bc442142eec8,0.58469941356995,201.77999999999997
79608ef7-bd42-479e-a93f-890273cac68b,0.58711022006085,222.78
a1c842fa-63f4-4d63-bd65-91c0cdb82280,0.58711022006085,222.78
0cdfe833-acb5-42e1-97d3-25a096896360,0.59000492419215,163.77999999999997
d20fc981-3649-40a6-8595-e0ace67f865a,0.58815631527755,195.78
35eb9bfd-4d87-4a95-8971-09f88755741b,0.5847726449887,223.77999999999997
7e827f21-b56f-4048-9610-9058f17d31b5,0.58522922732465,197.77999999999997
2c61a9d2-a728-4949-a8a6-8488df582493,0.5851737959415,163.78
9ad19691-3d5b-4c26-9415-769b3d96cbdd,0.58454366420955,215.77999999999997
e8d3423b-56c1-4867-9f0f-da8d9981c57d,0.58451258973155,191.77999999999997
1148a603-9f64-4491-bc40-8e1cbb3ecfda,0.58740770275725,254.77999999999997
8c2af2a8-8bfb-484d-bff0-12ae3ac3302f,0.5880884422621,152.77999999999997
40ad2282-0183-4227-8c60-09ae53bf9baf,0.584723718446,226.77999999999997
e76a5ffd-5d1e-4fa8-8c51-eda5af759fb8,0.5863253157498,189.77999999999997
f6d3e3a0-a12a-4fc1-be46-599cea581d21,0.5803888122971,255.78
ecd86a24-c41e-4099-9f9b-567342011d0c,0.58492541070465,214.78000000000003
6f2ff232-a558-426d-a52e-12763e404b00,0.5822397030646,213.77999999999997
9b0a775a-2e7c-46a5-9eca-8c3c91d140bb,0.5868169642085,251.78
6eb6ab29-7dca-4d85-abc8-bdf34242d1d9,0.5852719292385,241.77999999999997
f727600b-9c68-4215-9d4b-b35b5a0fce3b,0.58318822366585,233.78
6100b7b5-40d9-4341-876c-71ce33e9cb05,0.584022451338,266.78000000000003
9c70829e-1cf7-4bc0-ba83-cab97bc1bf72,0.5843364706456,244.78
d822ca32-61d6-4e48-8d59-a30cb9daae1d,0.5873921021477,265.78000000000003
48790f4a-7545-4bcf-8075-ae0a53540d66,0.5851737959415,163.78
fe4623b7-e16a-4efb-8d7c-abdb65f1aaa7,0.5832224090459,249.77999999999997
846a5f45-7ae4-42e8-93d8-2587482a39c2,0.58263193298105,240.78000000000003
7eb1726c-acd3-4a8d-87d5-75e00e8d9af5,0.58279038515025,271.78000000000003
baf14aba-9d6b-4d80-882d-ebb352c033c7,0.5880884422621,152.77999999999997
4fccd116-29e1-4e66-ba7a-703044ee2082,0.58415123708825,265.7800000000001
c6bf989a-2b6e-4845-bbf4-8a8bb7edca1f,0.58796778780885,199.77999999999997
84253d88-c2fb-4145-96bf-2efafca71ea8,0.5841501715303,197.78000000000003
719c8256-f158-4a5d-89bb-959c98784946,0.58492541070465,214.78000000000003
3873789b-009b-46fe-8a73-5918e025c343,0.5822397030646,213.77999999999997
97e80b65-4a37-4820-a4d1-fef4e0539bdb,0.58492541070465,214.78000000000003
47f1aabc-5102-45ef-96a6-531d0c96a0a7,0.5852719292385,241.77999999999997
241cc037-caab-4b6c-a6ef-a4419b7f3988,0.58318822366585,233.78
17f9347c-0311-412b-b0a2-38c058ac8190,0.58492541070465,214.78000000000003
94701eb9-2989-4fdf-a1f5-786ebbac41f1,0.5857771368068,235.78
bc8b9e26-9a7b-4c0f-8371-431cde3285eb,0.5839518654675,213.78
6ae4e86b-398e-4fc1-ab0c-06a2d3842c11,0.5851737959415,163.78
ca4e414b-38bf-46d7-a2d4-1df190cc7f1f,0.5803888122971,255.78
a09aa26b-bd52-480b-9255-fba82848a997,0.58263193298105,240.78000000000003
773856e6-719b-4f42-986b-4a8adb42e18c,0.58112208138435,244.78
f8824cc7-b789-40d9-b9ab-5acb56cf29cb,0.5880884422621,152.77999999999997
07b64863-47ce-4b38-b0ab-02a0936071c2,0.5848481533391,238.77999999999997
3aac73da-aa05-4526-920c-75ce17fc166f,0.58796778780885,199.77999999999997
82981ed3-da1a-427b-b8d8-d206ff4c8baa,0.5802173487736,245.78
6b38c89f-e1a6-46a6-9e94-79f6eeaa8010,0.5838978093659,248.78000000000003
0664ac85-7e80-4800-b016-d460f97f795e,0.5861959194611,227.77999999999997
e4545609-9ef7-4622-ab3b-cd95c70a25f8,0.58259165798215,268.78000000000003
ac54fb45-90c9-44e8-8164-d22802d4b827,0.5829860859951,274.78
74dfc255-8a70-4094-b991-90a0025a1cd1,0.5831586674511,325.78
dd37b082-5595-4baa-b604-9ede70e0b282,0.5823261315771,239.78
6a80729f-fcd8-4c8a-9502-dc8540ef1088,0.5878354985659,225.78
588d09a9-df66-4d38-b285-84901794e91c,0.58628376928615,186.77999999999997
c77b43b0-fbd8-486d-90e2-ff5abdec4cbf,0.5851737959415,163.78
addd79cc-c1bd-44b0-a7e2-fc74e48565d6,0.58348548221265,252.78
7177224b-4a5b-4861-8868-3b7b9268751c,0.58529398811815,213.77999999999997
75c61035-72ba-46e6-bffd-5de5c89c74f4,0.58674051890535,186.77999999999997
39bbc69a-2f7e-4e4d-a903-3dfb4f07b41b,0.5880884422621,152.77999999999997
b249cb39-47ee-43db-89d6-3986693852b4,0.58468367984755,237.78
84dbc5b8-4a7a-4160-b66e-ed7ed322af16,0.589215491254,218.78
34f14485-2a40-4e71-86fc-8d5657ff932a,0.5886006288607,224.77999999999997
79e815c9-c683-41d8-8751-d25cf846e2cf,0.58503377291745,271.78000000000003
0fd56ef5-64e4-4391-a83d-211dc1a1dd2c,0.5861959194611,227.77999999999997
62145d50-3c2c-46a6-bbfb-619b37f1545d,0.5862889931805,199.77999999999997
491233f7-7528-4a79-bb44-f8b3467c503d,0.5831191046264,219.77999999999997
6368a156-1137-4b6e-92b7-a1e7cea73d22,0.58358150863605,243.77999999999997
df820ba0-eaa1-4621-b383-51b708b772f9,0.58259165798215,268.78000000000003
ede57baf-8dab-4972-ba55-a7e56c78a28a,0.5878354985659,225.78
13f0b35d-e0dc-42bf-a6be-1af3a2699691,0.58628376928615,186.77999999999997
26448c60-15ac-4431-9510-38dfafa9a5e4,0.5851737959415,163.78
d910ade4-ff65-4279-aa30-5e477c653b2e,0.58396624673415,314.78
de1ef511-6492-4fd2-aedc-257a4d95174a,0.58529398811815,213.77999999999997
3c83651d-c9d8-445b-8377-6777262a11c4,0.58674051890535,186.77999999999997
2454a8a2-efcd-4170-8b9b-9539c947e354,0.5880884422621,152.77999999999997
1c02b2e9-85f9-439e-af49-1a4dfa8ad774,0.58137028094355,269.78000000000003
cb4eb3d8-d160-4708-8064-988b37457a1a,0.589215491254,218.78
63c4b065-b5ae-49d9-9833-354c7c66b141,0.582862088523,238.78
3645c529-d3c8-4b9e-92e9-3a8863866ca9,0.58592597493415,234.78
3ad4b064-cbb1-4286-86c6-03d76c5bd5ae,0.5879200544874,212.77999999999997
e49700f5-959c-4872-9bef-0cf562dce870,0.5849278861038,203.78
7817ca45-c12f-4a7c-a332-a85ea8b96ea9,0.5867631007216,241.77999999999997
d9482055-154b-4a9f-a78f-f75bcdd1bd92,0.5817059182179,190.77999999999997
bed0df19-0a7f-48f9-9c7a-dcdabd2e2270,0.58435448394915,258.78000000000003
e7391a55-d4cd-429a-9b06-0e17786c795d,0.58586108079745,236.78
d120efa5-4633-4690-b391-905d6c4836c8,0.58572994505885,245.77999999999997
95548218-c2bd-47b2-81ea-d3ed6db26197,0.5851737959415,163.78
e6a87cb2-6d9e-4e91-91c8-f915d20e26e8,0.58447999511535,240.78
b6d8efc3-0b2c-4bb7-89a7-472f5fbb580d,0.584950152409,229.77999999999997
d95ca19e-00ce-4c31-a7ec-80a27f402e33,0.58302214860025,282.78
4b89076d-d4ea-456a-9754-4e51d5f2b979,0.5880884422621,152.77999999999997
291178ba-949b-463d-a15e-498cbb05e512,0.5867623895178,189.77999999999997
bec9688b-bf68-4467-a82d-621ef54b81ed,0.5804226636736,232.78
0612e026-971f-45e5-b38b-9ece400da5c5,0.58545841734695,226.78
6eac4387-0aba-4e1e-a250-557636d72a40,0.582862088523,238.78
c4e44e2d-f25a-4f4f-b711-11b30ce44236,0.5879200544874,212.77999999999997
a6998079-401e-4114-83ab-07f74fe0f97d,0.5849278861038,203.78
2a250fe5-cde9-405b-bd0e-d9b3354ac641,0.5820604460688,230.77999999999997
4ba1f855-fa04-49b0-9e68-5295c55e5e6f,0.5817059182179,190.77999999999997
22c907c3-405b-4c45-9d8d-843d5e75c3eb,0.5845363083092,198.78
e8adf609-9b63-4ce9-99aa-5ec184e43db1,0.582862088523,238.78
557e58d2-3fde-4aef-844d-c2defbb7085a,0.5837125275706,213.77999999999997
8a63112a-340d-4ade-9721-df4c145a05d6,0.5851737959415,163.78
2a8e52ab-afd7-4b39-84f2-b7742b12374a,0.5854922541336,258.78
7514c6f9-4ce1-4ffe-9e6f-e68ffdb607a3,0.584950152409,229.77999999999997
be9d8232-0f50-4e6c-b2ef-52d3bc490bd1,0.5879308119617,197.77999999999997
96d12457-b7ed-42e8-8691-f74ef92759c6,0.5880884422621,152.77999999999997
f0c5fad8-f902-4373-9513-eb3526e172a0,0.5867623895178,189.77999999999997
17298988-2b47-4e3b-880d-32f22365e32c,0.5804226636736,232.78
e658947c-22ac-49bf-a8a5-d58a2fbc3fbc,0.58085227018735,285.78
6af825ee-e831-4c5d-bc81-7d03f6922fa2,0.5805069429397,240.77999999999997
7e7d4fa3-42dd-4e73-bdc8-251146414755,0.5821098471346,253.77999999999997
2ed5d5d5-1595-4651-b192-3113e39125dd,0.58349855121565,250.77999999999997
f8c82407-d39a-416b-af6a-530f927bd437,0.58597116718985,230.77999999999997
2eaa8900-740e-4a77-a397-53805d3fed86,0.58392907570545,249.77999999999997
87a6548d-0b60-443f-bacc-502ed8ee08be,0.58363832030115,288.78
c5f621d6-f534-4891-b641-753474aa3c7a,0.58240332137245,242.78
e5e0df68-d784-4bcb-8588-6ddd08a7aa75,0.5843034829619,256.78000000000003
a8eae427-8c30-4722-a244-59edc9ed50df,0.5851737959415,163.78
12d88d69-4b8d-49ca-ac4a-b453c2d22be8,0.58681591066215,241.78
13f8693a-fe71-4d1d-bdf8-dc3e6c78d8d0,0.5860005850023,272.78
b1d01952-4ee9-4e7f-9847-a0a6fde73c59,0.58061679983285,255.78000000000003
e99d2309-4e48-4afc-b8f5-43f72e1c38ce,0.5880884422621,152.77999999999997
633525a6-f2cb-4cb8-9faf-d4fd70728203,0.5832216879613,214.77999999999997
920b25ee-5b06-4202-b9fa-0df41340263e,0.58563121124935,222.77999999999997
c13019a1-3c7a-4173-a8ec-76b92f14656e,0.5854331582744,272.78
e4185097-01e6-4c15-ac8e-7f69430c3557,0.5805069429397,240.77999999999997
a0d5aa27-40e6-4d20-b3ec-84cc5e30cc7c,0.5809795373696,263.78
47ace190-0e65-49f7-bd9f-0564ee1cd993,0.5854986124301,258.78
207f705a-c6d0-4f79-8236-8764aaeb2437,0.58597116718985,230.77999999999997
931b6216-8b85-4e11-ab2f-a23465eab78c,0.5868331221759,256.78
a9222505-9b5a-4842-81cd-3aa7024f8d67,0.5805069429397,240.77999999999997
cffcce42-d329-49e6-b484-4e2f48438171,0.58240332137245,242.78
61feb7c7-5a6e-424c-b002-ac141e3687ba,0.5836056675009,273.78
73b4e0fe-0dfc-4ba6-bbc4-5c05d3c17192,0.5851737959415,163.78
5fc5f1a5-281a-475a-a1e6-9f62b5941e9b,0.58681591066215,241.78
8e97cde0-26aa-49cc-bf31-db8e91077a50,0.5805069429397,240.77999999999997
011f9369-fc86-45e3-9f58-2ca24c0d9406,0.5841269049384,251.77999999999997
3b01fe00-118a-403f-a8fe-db9f5465b193,0.5880884422621,152.77999999999997
ddaa0bb6-b4c0-4498-9861-a7c40f6eab94,0.5832216879613,214.77999999999997
ff899344-1dc7-469f-8250-196d8cadeec6,0.58563121124935,222.77999999999997
b6e65e50-ad3c-4a7d-8651-2a2bce9735f9,0.58607119731595,195.77999999999997
cff37743-d254-4c37-b858-7b287442deb1,0.5832417408445,229.78
efbaa141-a54b-4834-bf5e-ef71dc9ab4f6,0.5845821081621,260.78
bd05d9cf-a62a-43aa-bb44-87cbd317704f,0.58308378909805,271.78000000000003
ee3deef8-0628-43be-93d9-6a4447c511bc,0.5839352135551,196.77999999999997
fabfeb53-6ce9-4b3c-baea-744dcb8f6567,0.58458019683975,207.77999999999997
ea5e6a16-e08f-4605-a07b-36a8a1989605,0.5870994010228,213.78
20822758-9939-4827-8208-88763e9cd159,0.58337073865515,231.77999999999997
5287da9d-0285-443b-b27e-31c27a778db2,0.5829479792182,246.78
47cde39f-bdbe-4bce-b310-6e70808957bf,0.5851737959415,163.78
0457d81e-2e32-463a-bfaf-c51ae1b06434,0.5849713950204,269.78000000000003
5cade071-07a6-48a2-986c-2f145b849c84,0.5871223238927,240.78
92761d69-2933-4469-bb08-3ceade9f2919,0.58322334661675,222.77999999999997
4f0bf4fc-b026-4edd-b71e-8022f5f6799d,0.5880884422621,152.77999999999997
7bcc7539-22bb-4a73-9217-0a03b70747ea,0.58305583053345,209.77999999999997
8ebd4ffe-84cb-4354-9396-5f79be2762ab,0.58514758948895,266.78000000000003
370a4d77-1228-4fe4-bb91-423e4dee68c6,0.58607119731595,195.77999999999997
76ea9a0e-98bd-4768-b501-08589b6a1ee9,0.58607119731595,195.77999999999997
fd75edfa-5c15-4af1-b2cd-1125e98a17b5,0.58655656812005,207.78
d4e01032-7c35-4d14-98f2-e28db5d4645a,0.58283671091755,242.77999999999997
137aecdb-3b1b-4ddc-a29f-260eed06441d,0.5839352135551,196.77999999999997
b8fb7896-f33e-4cd0-a45a-d8de9f806222,0.58458019683975,207.77999999999997
2ed5464f-5f66-4d3f-8b5c-b7907e4bb24b,0.5870994010228,213.78
c45d319d-db08-4fb9-8a02-82cc6b0794cf,0.58504286431905,182.77999999999997
d0682625-9005-49bc-8ae4-5f011630e80d,0.5853992612737,220.77999999999997
1ada91c5-ecfa-43d1-9460-177c579f21fe,0.5851737959415,163.78
26f9976c-d808-4906-bef2-f323a37c5ed7,0.5832417408445,229.78
b9bcba4b-2d36-475f-932d-1e0aaa0c841d,0.58475264035285,207.77999999999997
e4b5f45d-d2ba-4621-b2e0-bfd25f4db02b,0.58322334661675,222.77999999999997
a1d1dc32-0ea7-4b58-b373-0c9087b34324,0.5880884422621,152.77999999999997
fe09a6df-0fba-4551-a0d5-456eed7cce65,0.58305583053345,209.77999999999997
8c4bfb47-5b87-4fdc-8a5d-0409a779757c,0.58038271320155,280.78
dd57334c-1498-452c-a81d-d659be321894,0.5851071051618,206.77999999999997
b7622a2a-b8b1-4b6f-bf74-b46c80792d1b,0.5845307916307,232.78
09a78b90-a8f7-4067-8a59-10ce9d2f622c,0.58469367476975,229.77999999999997
1b6a8db8-3bf7-4970-875c-8d8d1761ad2d,0.5863994676251,220.77999999999997
f504c091-1404-440a-a31b-b9640334f414,0.58448024667785,265.78000000000003
81271f84-b248-449d-b628-955c05f3792a,0.5866966057658,223.77999999999997
67ed9e87-ae9b-466c-8fda-d33c6cf1349c,0.58354017624625,203.77999999999997
3ad541fb-24f9-4942-bc97-c11b1ea598b6,0.58192850371585,216.77999999999997
f11bf4e1-deb8-403c-9214-e2ef99443802,0.5851467351812,211.77999999999997
a56961a7-2ef6-4c54-ad88-1ba2e6d94774,0.5851737959415,163.78
40f6f969-1842-41f1-b4dd-217c45f9ebb6,0.58672259045155,212.77999999999997
72b4c1d4-00cb-4934-8abe-e82fc880e453,0.58193771697275,245.78
18112b72-192e-4e95-a811-3d220341fd59,0.58369802562605,232.78
d81963bb-1a41-4a6a-8143-c3b92db4150b,0.5880884422621,152.77999999999997
6f61836d-4116-498d-9841-0c6e61f4161f,0.5844148284394,203.77999999999997
94ce2f60-8e75-4225-8730-29593db7c448,0.58412397484405,221.77999999999997
c2597075-c5a0-4163-930e-79fd470998aa,0.5851071051618,206.77999999999997
cfbd952f-3725-47ca-9e73-33a355d0e4a1,0.5869241585086,225.78
e9d37528-9f35-4980-8c06-976e2f59a461,0.58575509338165,211.77999999999997
c70cc4a7-ce23-4979-8d85-2a793365e3f2,0.5851071051618,206.77999999999997
8a029cd2-8ee7-4153-9d5a-5ff0ff92be1a,0.5835531093661,226.78
96728699-db03-4858-8e1d-a04b5521014e,0.584592979826,259.78000000000003
ddf19dcf-f5a7-422b-a65a-b1c1bf17f39b,0.58354017624625,203.77999999999997
6dc3e77f-c5de-4cbc-bb0e-3921d3f6824e,0.58192850371585,216.77999999999997
9a0e5d66-1d75-4f03-9d93-0463d49def4c,0.5851467351812,211.77999999999997
8e1234ca-0bf2-42f6-bcbd-fc08cd662265,0.5851737959415,163.78
c156c9be-3a4f-473a-8e44-4bda6aa3306c,0.58672259045155,212.77999999999997
f63b75a0-7d19-4265-a599-5fd246fcfb6a,0.5833369182457,225.77999999999997
b945b69d-d1d3-41e5-b02a-8e4e04f0b39d,0.5837547290026,192.77999999999997
d7b7aa41-d4e1-496c-8f4f-641fb371f489,0.5880884422621,152.77999999999997
f02ee90c-c057-45c2-8b60-61001862b874,0.5844148284394,203.77999999999997
0f32d342-7846-4ae2-9b79-784024b311fc,0.58647712116385,201.77999999999997
f54e92aa-f97e-44d7-a622-b89ee8e51b2f,0.58275584822495,239.77999999999997
eab65d44-aa51-49b9-891c-8c6d8abb91a2,0.58439318024055,243.78
6fb4d3b2-05d9-4423-b550-0fc08038d4ad,0.58511937262095,238.78000000000003
ba5b275c-eefb-4668-86fe-0a6797752833,0.58555917123585,198.77999999999997
dbc0bc3f-cc1b-4478-bcd0-3661a99ed4d8,0.5875201972049,224.77999999999997
c3f5f8a6-f23b-4daa-939c-4259eb6970b5,0.58224091352435,250.78000000000003
6cc1d181-6d57-4cca-92d3-522c5ab43706,0.5864682016288,204.77999999999997
0c7efa9e-1618-4200-84e4-5568feabeccf,0.58059907402295,267.78000000000003
6f90ede7-498b-4bbe-86b8-36f11698306c,0.58665987798135,199.77999999999997
4f12a968-1713-49c3-b2d7-7de15e926973,0.5851737959415,163.78
8881b466-c924-4864-865e-1d57e9149395,0.5860751121086,262.78000000000003
07ef1be5-fcb5-414c-a042-374ddcd4d2bf,0.5863454348482,225.77999999999997
8cd5c2ba-c2e8-4db5-9720-28fac4612069,0.58423270846095,252.78
390af8f9-4bff-498c-886c-68e8b8bc4065,0.5880884422621,152.77999999999997
11f343ce-3c05-4294-acc2-632e7d2edca1,0.58424180269065,228.78
67d4b4f1-8138-41a4-ac14-4a104babca80,0.58663901441165,242.77999999999997
5922bb1b-450d-45d0-bd04-b02b33052831,0.5877164437908,222.78
9d676bcf-4a59-470d-8ded-24f2bf6ccadd,0.58426026428175,217.77999999999997
578e9f64-4404-4ebd-805e-f974b21d9ebb,0.5835825776426,251.78
888aa5f1-0f34-40cb-93dc-21c9cfb8d7e2,0.58555917123585,198.77999999999997
9a27d8ae-fded-47bb-b528-9307b8dafdab,0.5875201972049,224.77999999999997
2a38cac8-aa70-4879-949c-6ffdf1391c3e,0.5846970932449,270.78000000000003
d830098a-9ab5-4298-86e2-22904c110ce0,0.5864682016288,204.77999999999997
81ca015f-4f6f-49f8-bf22-3e8880624f01,0.58411061572315,245.77999999999997
628f6f88-c1a6-48cc-a505-69f4c68d4d55,0.58665987798135,199.77999999999997
789b3ec5-dcac-4116-819a-221396a4423d,0.5851737959415,163.78
e56d5a47-4049-458c-95af-ab1c09db692d,0.58275584822495,239.77999999999997
0d214b87-cdf7-4520-9513-d273760956f7,0.5863454348482,225.77999999999997
c9962eaa-4610-46a0-9a8c-62292b047a8f,0.5863934238454,246.77999999999997
a24de490-21a3-4535-8ed1-eab74bd81b55,0.5880884422621,152.77999999999997
6a6ca355-c4f8-4674-8bed-060e6047f661,0.58424180269065,228.78
1df1a98e-ddd1-4ec9-a705-bdff552f2907,0.58530726163335,227.77999999999997
c2b23c42-cde0-4bcc-a959-6c1c48dfa3ba,0.5819916612208,245.78000000000003
993ec717-6e2e-40d7-b004-b98354521f4c,0.58329668238035,253.78000000000003
5e083111-8369-43cf-95cf-53d5a762a9a2,0.5839490477242,250.77999999999997
99d76758-98a9-40c7-9c60-40daddcea34c,0.58500173766745,217.77999999999997
69ec6bbd-8b49-421f-aa97-d80582a79703,0.5834827330933,240.78
eadcc75d-e10d-49c2-8ff1-5935ef4c4cff,0.583869335974,218.77999999999997
9afb84fe-cabd-4395-b685-882c70938ead,0.58445264934395,245.78
61e9df45-1d04-4e6b-a2bc-89ebbc65c531,0.5837580828136,258.78000000000003
ade9a5cf-b0f9-4933-9894-fd214c96c526,0.5827328036764,279.78
601b0180-8c66-4a19-ae43-0b745983c300,0.5851737959415,163.78
d8377097-b569-48bb-8ca4-732db03242cf,0.5826063753853,232.77999999999997
b0a1fabf-89d2-4a5c-b810-76ddcbf36b89,0.58202193201245,247.78
607aba8e-5306-49f8-8bd0-cf1cb40edb36,0.5887964920533,233.77999999999997
9f62be60-4619-47e3-8d11-cd9cb1b1c281,0.5880884422621,152.77999999999997
75f272f8-8c22-4bc6-ac52-6e0f97fdcc28,0.5861155859999,233.78
4d1857e4-3f27-448e-85bb-b476e2fe13e3,0.58527957720255,232.77999999999997
a4777516-f7e0-4c8e-a2b3-5cc6ba01304d,0.58457399125735,249.78
b457ac61-9665-40c7-9f8d-579b8b31e62d,0.5819916612208,245.78000000000003
c5d69f5f-590a-4d79-8eae-9639aca7592a,0.5831903280009,250.77999999999997
96b2cd2c-27f8-4984-a87c-a7bfec94c7f6,0.58500173766745,217.77999999999997
e1437cfb-358a-4225-beef-054dc4e85897,0.5819916612208,245.78000000000003
1e8aa25a-dcc4-49ae-866b-024139c8b2b3,0.583869335974,218.77999999999997
5ddbd7b2-5c56-4935-b609-0c4438bac2b4,0.58146097316005,250.78000000000003
a82d145a-bf7f-45e2-acde-47be14cfb458,0.58329668238035,253.78000000000003
d290a0f4-71a3-40a0-9530-5511f34e2496,0.5838372933916,212.77999999999997
cae885ac-167f-430c-8ce0-96ffb04285e6,0.5851737959415,163.78
259dc654-fb62-4985-9397-9ae5434e9fae,0.5826063753853,232.77999999999997
3e77c0d7-6ee4-436c-941d-cd9b297b0d13,0.583508733909,253.78000000000003
241e0f5e-ae6d-46d9-bc74-507102019c1b,0.5887964920533,233.77999999999997
14e1ebbd-6912-4a62-bb94-2865bde2abdb,0.5880884422621,152.77999999999997
278ca330-87e1-47f6-b071-067191d5a8d2,0.5861155859999,233.78
9c23f8f9-3b86-4073-8907-8d416e855f49,0.58527957720255,232.77999999999997
31fb6a7a-014a-4134-acf0-17d4a2f69946,0.58644220121565,257.78
00b48097-8e5d-410e-951b-460190516446,0.5789652508188,255.78
7b928bea-fc74-434c-ae28-859be3c0060b,0.5847368895028,255.77999999999997
76d2d6d5-bf31-4493-abb9-13a86d6d6f43,0.5841607279733,236.77999999999997
76906186-f5e0-40a2-81cc-bf36484a9ee1,0.5832006699611,226.77999999999997
20369afa-06f2-4eb0-a8d5-df5927c1798c,0.58459573225175,228.78
f9485502-d813-4023-bec6-e9c8304736d0,0.58503688983065,216.77999999999997
1a4f3a20-11be-457a-86dc-378749e4485c,0.5872058982313,274.78000000000003
de28f45d-8eb6-4ba7-8b3f-6e0fbcfcccf5,0.58526183786945,241.78
8302a9e3-0e0b-4cb9-8ee6-a4e05e6b6fb7,0.5851737959415,163.78
53a1986c-ce43-4334-a479-cc6ab9bb8989,0.5859282843113,233.77999999999997
488bdedd-055a-47e2-a1b7-7810131d60cb,0.58589244980065,201.77999999999997
152c2d3c-4710-4dd4-a3aa-3a9d3a8a7cfb,0.584145105354,222.78
15388f79-57be-4dc0-9efb-69acf1668bb7,0.5880884422621,152.77999999999997
a477070e-9b7e-49cc-ad76-a6f242b60643,0.5803608007599,289.78
dfa36ab2-6776-4340-9e73-7508e1c1627a,0.5811751621336,239.78
1af9bff6-168f-4f4c-8fc4-36b2c4961b7d,0.5841160954819,275.78
6b4a900c-3cf7-4cbb-83d2-185686359c67,0.5789652508188,255.78
192a566f-55d1-4aa5-af42-81e97bf5bcce,0.5860833196598,246.78
cd8b5d27-5346-4f02-a710-5095fa53568b,0.5789652508188,255.78
12daa4ef-f85c-48bc-a747-29f54d650504,0.5832006699611,226.77999999999997
677f5a44-cfa4-4d55-94c0-78a49607d628,0.58459573225175,228.78
8557fd5d-0d14-4088-8c2f-bfc03ee53b89,0.58503688983065,216.77999999999997
90bb85af-05b7-4656-bb36-74b5794664c2,0.5822567867254,279.78
37ff1bc8-5940-4c6e-95ab-41a2aaa03ea1,0.5842296583105,262.78
0855a54a-ee56-4176-8ad8-69f57e9e5342,0.5851737959415,163.78
4acb6194-f449-43f3-82fd-e6f1800d32ee,0.5859282843113,233.77999999999997
993a4fc1-39f7-45f6-9fc8-321c2f1fabec,0.58589244980065,201.77999999999997
099e561b-7109-4090-b60c-70a063266ec1,0.584145105354,222.78
0927bea0-f13b-4116-b0f2-cb82040ef072,0.5880884422621,152.77999999999997
c11cc61e-bef6-44d7-b362-4ef8ea5b3735,0.5847025222302,249.77999999999997
8a48baa1-7ce7-46b8-bf24-4b21aae04a84,0.58215113694565,237.77999999999997
a688a594-6f86-4d47-a48d-e31eb02be462,0.5837736759124,249.77999999999997
0ca2d3ab-11c5-449a-a273-c3cdccc22426,0.58388165255505,248.78
3808f9c1-7bff-4104-b4cb-52f4fdaa2051,0.58077109788455,236.78
0c59d990-4fe2-49b3-a82f-fd84d3495064,0.5856351015628,218.77999999999997
96dd0184-d612-4156-abe3-3492e01eec90,0.58375912263225,240.78
ae94f7d6-5ddb-44da-a2e7-81e0679c6ccd,0.5849655599545,201.77999999999997
2f2f0b82-d5d4-4157-8063-13701bb7c983,0.5847557023669,221.77999999999997
ee585fcd-17ab-486a-88fd-5351ce9f1cc0,0.5847946787374,280.78
71cfb26b-1ffa-4dad-9b7b-0ffe57080610,0.58090137554935,266.7800000000001
2da46f1a-3aa9-4e47-af68-6a1829984b26,0.5851737959415,163.78
6c9df63a-62b2-48c1-9100-9f4d3ab45366,0.58491370362255,262.78000000000003
81362082-196b-4e8e-8f54-4f817626d430,0.5819969508336,267.78000000000003
1ee637da-bcce-40e0-ab72-647a8b894733,0.5802048175803,249.78
32e0d760-ac86-40c8-824a-371f0b9a2d06,0.5880884422621,152.77999999999997
f02abe07-f03e-4633-9c22-bb49aab2045f,0.5839318156515,221.78
837ff5b8-3450-4790-9445-392cd3744ac8,0.5845926038207,263.78
2f98bfa7-2b1d-4060-bfa2-b1bc8a749cf6,0.58315417476875,262.78000000000003
50a27a71-adf4-45e3-8109-5a771360a8a1,0.5841145233832,233.78
7275a4a1-3fe6-4ad2-b756-3cf7e1b7ba96,0.58077109788455,236.78
8676b85b-fbdb-43f8-b2e0-e6772ca8317c,0.5856351015628,218.77999999999997
f8db1c0c-5f31-4087-b1e9-c3070d602541,0.58375912263225,240.78
cdd42daf-3449-41e3-88c6-ec8ae3ce0ba3,0.5849655599545,201.77999999999997
025bd7e4-1bc7-4870-899d-b09171e345a2,0.5847557023669,221.77999999999997
4e943ceb-ce51-4497-a448-644b0136850c,0.58621373308825,216.77999999999997
6059cc5c-f8ef-4916-b6ac-51c40dc84ca1,0.58313691441255,253.77999999999997
6e15df44-c23b-4a92-94c9-4d813d7dc02c,0.5851737959415,163.78
f86ddcd2-398a-4969-9a05-a183a7b77c81,0.58019488328465,212.77999999999997
27ea90c5-0283-4367-ba3d-19265378c559,0.58388165255505,248.78
14aedaa5-ec0a-4b1e-94e9-35e695502c7e,0.58388165255505,248.78
1641643d-fa85-4c5f-b13e-22b3c6ac270e,0.5880884422621,152.77999999999997
5590ce69-aee5-409d-b100-f6d1a774488f,0.5839318156515,221.78
abf84015-b373-48f9-9449-01ae2cddb610,0.5842653750295,247.78
f561a0bc-63f1-42b2-be87-5e3aed6e6a72,0.58532188231755,259.78
03a6c0da-7a90-4676-a17d-756d9b801737,0.584404674009,250.78
1e29eb06-39cc-4f2b-a75a-5888c46c463e,0.58646569582895,251.77999999999997
eb256f16-cd17-406c-a754-17976296a1c0,0.5849570980647,244.77999999999997
1bfc7fc7-fed1-4006-8e10-1d161009553d,0.5839378161641,284.78
437f7feb-5df6-490f-a93c-a0e0da5331c3,0.58464824389815,221.77999999999997
f05f9def-3528-4ff2-8e91-9ee1f2b15952,0.58381980852705,237.77999999999997
3069cb16-e7b9-48d3-bb9c-cb4892d82af6,0.5854325063808,207.77999999999997
0f73869e-a146-4793-b8f7-199b8bd09419,0.58386845601705,281.78
520956d8-d52c-43b7-a991-e8cf3c51cae5,0.5851737959415,163.78
3f0430ee-a635-452d-b37e-b0e7cf84b6a3,0.5828099917391,246.77999999999997
c19c22e9-4a59-490c-825f-d32d321c2bb4,0.58661179054795,226.78
88dafebd-5eaa-45e5-a43c-5f596054d011,0.5837321085782,238.78
2213c1ed-91b3-4165-b5a7-19e3a7c98a63,0.5880884422621,152.77999999999997
6bcba460-e5a4-4485-9b23-bea6197dbaec,0.5826229265768,227.77999999999997
71da855f-6c4e-4a16-9d84-e27af5c5d5cd,0.5796801558278,260.78
00a377a8-b1d8-40d0-baa1-4dd6010123c4,0.584404674009,250.78
3d236aa9-3528-4afc-9151-f5a474b98658,0.5810818072213,232.77999999999997
0aa7a1d7-6f82-4651-8ea9-9214cad5ff81,0.5843163404459,275.78
86a0af24-e83b-40b0-aaca-3fc5eb566bec,0.58588642700525,236.77999999999997
e8b23c3d-f423-4374-a779-f3c9a40aae35,0.58353325707755,243.77999999999997
f54ae596-a78f-4b29-95de-77559a41cadd,0.58464824389815,221.77999999999997
d0a8945f-1c97-4cf8-8270-00998038d0d1,0.58381980852705,237.77999999999997
9024df44-0f82-4b21-a262-751f79fba7cb,0.5854325063808,207.77999999999997
99824da2-2dba-4829-b705-6ca26e2e6b23,0.58646569582895,251.77999999999997
5ac740c2-b2b7-4d37-a112-ec9f03768e09,0.5851737959415,163.78
a75a0095-a884-49f0-8ddf-07a84c4b78ea,0.58646569582895,251.77999999999997
e90768ea-4126-42d9-ba73-a6ddcec26ee5,0.58661179054795,226.78
ba86f9d6-e249-4265-9644-2fa1169fd107,0.5837321085782,238.78
bf96b449-89ec-4114-8d86-ad0cc87d9880,0.5880884422621,152.77999999999997
7f233a41-93b3-4c4d-8a08-919d54d8d08a,0.5826229265768,227.77999999999997
705d81f0-d317-48e9-9c88-c2f89a4c4b18,0.5826926846669,275.78
44487a82-3657-41ee-a366-d795edadfa69,0.58429733656305,217.77999999999997
c6b19f7c-017d-4721-a225-cda86d912311,0.5825569686502,240.77999999999997
55d99312-7cd4-4ded-8eae-00b831c048ce,0.58196689751885,207.78
1cf2d1c8-df10-4b84-9874-04324b6db56d,0.58334549334365,201.77999999999997
ddf08d3c-9046-43dc-b2ac-68bba42cea0c,0.5838698987378,198.77999999999997
bfbe823b-260a-4ffa-9e2e-df95cc08590d,0.5813071543404,254.78
5b3b3247-2299-4f78-b27f-2261d358a180,0.584038403421,206.78000000000003
dab0aec3-a059-4dc7-b5de-cbdd0374bb88,0.5813582224112,265.78000000000003
13af7514-e30f-4809-85db-fd88191977da,0.5831296977245,226.77999999999997
ea929668-81d2-4808-a10f-946edaf53250,0.5851737959415,163.78
6184b521-fb26-4d0a-b302-95687df81529,0.58367826512615,195.77999999999997
5f524116-bc73-492b-9ebe-8bc67e310e1f,0.58387643170155,244.77999999999997
7e987c0e-8e74-4504-b0fe-5835de6bfc70,0.5844853124479,219.78
571e8ea5-6685-491c-b3f4-cd14bbb988df,0.5880884422621,152.77999999999997
bbec8aa3-7b4a-40b2-95d8-d856cc2ddbb3,0.5872744275837,227.77999999999997
a20f7743-ca2b-4af5-ac39-9c673eef73f5,0.58636108824555,261.78000000000003
35d81070-9f9e-4371-8a8f-a5cce4fe5c4f,0.58429733656305,217.77999999999997
fea99863-b519-4678-a40f-74890ec74fd8,0.5825569686502,240.77999999999997
a41832d6-87f6-46f9-b445-1b3db91c2d37,0.58196689751885,207.78
dc52f4f9-9e2a-401a-8510-45fe3e13fded,0.58334549334365,201.77999999999997
3f0f4927-c92c-4b70-bc2c-4daee4b9550e,0.5838698987378,198.77999999999997
4f2fdc09-d314-4089-8438-4b7680346e32,0.5825569686502,240.77999999999997
ad4c876d-5ee2-41f2-be86-d465b0d50496,0.584038403421,206.78000000000003
71ffdc8f-e529-4b01-b0c7-a68c30015883,0.5798557781011,238.78
e4fe382b-fabf-433c-ab06-fa61a43359ca,0.5860294108612,193.77999999999997
0d948f46-445b-45d2-b425-b45bf2ae79ef,0.5851737959415,163.78
a7d3b08d-c4b4-454b-9359-5fe2f72a330a,0.58367826512615,195.77999999999997
00cfb0e0-3731-49a0-bd45-75ecf27beba1,0.58410131135425,230.77999999999997
0cb23987-5cfc-47c8-bc9c-4eee771029c1,0.584988436725,215.77999999999997
d0ee2d4c-8030-4b9f-bd8f-1e988502cf4b,0.5880884422621,152.77999999999997
d647f26d-e166-4fe8-98da-a32f3507f8d7,0.5833376719691,256.78000000000003
b32c523e-f606-4753-88eb-55ce6e71d28c,0.58515887550075,234.78
6fd13cd1-7355-4cd8-8f07-c08d9046fee1,0.5842183657933,221.77999999999997
aa783f7a-9696-4845-ba04-54e0462c37b2,0.58529610686415,223.77999999999997
6e6b3484-b70c-42bc-ba69-0f3f9a2d741c,0.58422089272885,259.78000000000003
bf11a09d-a100-4a34-9444-4d3ff98a8938,0.5847895914263,255.78
54c9cc1f-1fb1-43fd-9c2f-d4d3d2ab3850,0.5811512099316,274.78000000000003
14dea971-8d92-4b54-bb65-b9b08bbd2b20,0.5822126184695,224.78
bc44c816-7a5d-40cb-ba4c-371bbd3a2a28,0.58583014699075,228.78
b6c1c7be-7743-4614-9e98-530a17bdc580,0.5831019121266,220.78
28b52fcc-81f3-48fb-b811-262ef54ef947,0.58412335630005,214.77999999999997
750bfc4c-2686-4bc5-8c0b-9c25493a06be,0.5851737959415,163.78
1ab8c14b-3de2-4b87-b8ba-61bd1300df82,0.58526364590915,227.78
5a89c74e-b5e5-4f58-911f-a3b88ca99cb4,0.58550428884945,213.77999999999997
e9f79d98-9068-4b66-b09e-f4303ac45f5f,0.58434784175145,210.78
777946ee-e90f-4ed3-aee5-1ba152a1ef5b,0.5880884422621,152.77999999999997
3c68daf1-696f-4644-9b72-e4f70454bffa,0.58610412732025,209.77999999999997
dc73b126-47c6-461c-a4af-d3879fce018e,0.5878146471863,211.78
e472836d-5a7d-486f-91e1-35d3025edfd7,0.5865778921039,222.78
c67efbe2-b524-44ab-b201-4b172e3cd100,0.5829068040508,211.77999999999997
622602b0-376e-4d4a-944d-be66391c5f31,0.58075237630445,245.78
b6c2f034-b13a-4565-92ce-9808bc7b1615,0.58698660231655,214.77999999999997
d3eb44a9-e094-4442-ab1d-e727f2307c27,0.58315529703755,242.78
57ba4e93-7321-46c8-be6e-f4af496961e1,0.5837719189111,261.78000000000003
7914eea8-0d46-4c28-9670-735d8e35ed3f,0.5842183657933,221.77999999999997
1f47273a-2797-4321-9eb0-a41e2d1001b3,0.5831019121266,220.78
57c7eb1f-902f-4e0f-bec9-22f182941713,0.58412335630005,214.77999999999997
4d154482-e37a-4a5c-90b6-2d639f20c95a,0.5851737959415,163.78
1247de5d-c678-4d7e-82b0-2c4f20984628,0.5805961043675,230.77999999999997
1e0facb0-1b2c-4a34-ae33-03cba46a1eca,0.58550428884945,213.77999999999997
cbd74936-4893-4326-82bd-37f23c9f44ef,0.58434784175145,210.78
2f1ee890-8a17-4647-a724-221a8d36f91c,0.5880884422621,152.77999999999997
e825cd73-23e8-4738-b950-be6af8e3a268,0.58610412732025,209.77999999999997
edd2c54d-b45d-4704-9e52-177a506a2391,0.5878146471863,211.78
0fbd262d-48e4-4b90-b7c4-8b7b98c62e6d,0.5847242630481,235.77999999999997
8bf99313-9e84-4477-a578-ee99542f4787,0.5842636482671,226.77999999999997
5c4f949e-61b8-49a5-b37c-03299658c322,0.5856821366525,230.77999999999997
56f75323-ea64-419d-9169-6aa95c079b67,0.58660891436215,180.77999999999997
a15a104c-d306-48c3-9d2e-639bf82df8b3,0.5828113895173,290.78
22ef6f47-f783-45ea-8d03-fc29a00b84cc,0.58417756085125,259.78000000000003
51ef5fe1-e957-4fc4-b733-cc87b908011f,0.5843009194514,237.77999999999997
65670501-ebf9-46a5-8995-71fb4dc248a7,0.58287109436215,257.78000000000003
9a543a84-cc50-4594-b2a0-602ffcf40ca2,0.58614217924225,263.78
52333fbd-1e14-4cd9-ae35-e0311700f142,0.5851737959415,163.78
c3c25c13-8884-4a5b-8772-1d71788d65c0,0.58203531241165,274.78000000000003
c023cfd7-2cd1-4a12-8583-d9bc22e198e2,0.58701397846,244.78
c85b563f-6719-4beb-af8e-c376014fbee8,0.581556117538,261.78
92294f5b-36ae-4f02-a08c-6d3639050901,0.5880884422621,152.77999999999997
93431c74-d46b-40f9-9107-86698682eb40,0.5837618592391,271.78000000000003
2a84dae7-5e7c-4bb7-a99c-f9e0f08bec41,0.5842639513914,250.78
d11b0bf7-6d15-4b4d-9024-93c4cc9ef182,0.5847242630481,235.77999999999997
2eff86ec-49e0-47bb-9ef5-78fc474319de,0.5842636482671,226.77999999999997
cf21dd47-a5be-43e9-855c-246b28d1d962,0.5856821366525,230.77999999999997
c4da5de0-ac4b-4233-b7e1-dcacf65ce474,0.58660891436215,180.77999999999997
0eb08e44-bb1f-4acf-bf52-b05c61b7ace3,0.586456557443,228.77999999999997
3e5d40e2-b262-46b7-abb5-b6b6038982fe,0.58560676785005,198.77999999999997
6c6bc4db-9681-4c6a-9fec-e87ea0538f82,0.5843009194514,237.77999999999997
81a5fa1c-607f-47ba-9409-699f44637590,0.586877918087,224.77999999999997
faed176d-72e2-4cea-abea-bc5572ff96f2,0.5842636482671,226.77999999999997
644b8c0a-0976-49d4-ae21-bdc96065429c,0.5851737959415,163.78
5279a0e2-86f0-4408-b84b-10794d8a929b,0.5868050840157,247.78
52259fb1-6405-4f2a-a111-172846a02bbc,0.58701397846,244.78
e143612c-0ab1-4be4-bff5-12c3bf815f9e,0.58589301027315,258.78000000000003
741d4042-98db-49ff-959d-98fc3fba6ec4,0.5880884422621,152.77999999999997
cb25cc91-8327-4674-bcbb-fe0297966ef4,0.5837968032197,192.77999999999997
3ca23373-8e57-4d27-b295-cf2e6445ff43,0.5855435473193,232.77999999999997
0f0efb15-df32-45a3-a632-4e33d56d30e0,0.5813547154706,255.77999999999997
3e763750-5d57-416b-8c83-f92cf4a477d1,0.5843795258719,233.78000000000003
8af42d92-1b29-44c3-807c-45a0df9e1cbd,0.58243536384115,253.77999999999997
afb3a47b-1674-4876-97a4-612e9015abec,0.58383736985885,240.78
dfe72dcf-9a39-43da-9a70-3f3b1cb04526,0.5840778527868,218.77999999999997
bc6a8657-4d5b-4984-a342-5e6b1480111e,0.58603324924915,230.77999999999997
bc52d203-f38a-499c-bd41-94e83131b4ef,0.58633113326615,257.78000000000003
44baefa9-ccd2-4ccf-8dbb-fbdc47a4b626,0.58420105584975,269.78000000000003
68b9b70e-7a22-42d5-9caa-39e992784e02,0.58729033804705,211.77999999999997
c2c680c6-a72a-46d1-9e3b-8ea3b516fed0,0.5851737959415,163.78
237cef36-97f0-40cd-a39c-0d7fc5852922,0.58550007476295,214.77999999999997
236ca215-1092-4b7d-bd70-02b0e631d7c7,0.58685628379135,207.77999999999997
cb904661-6652-43fd-a35b-b291e06bb05c,0.5807599081536,260.78000000000003
d59b10ad-e873-462c-9635-553b598758b5,0.5880884422621,152.77999999999997
89f6bcc7-5201-41aa-ac5f-ff150093f597,0.58298824430715,231.77999999999997
2975a82c-b500-4269-9b5c-592aadfaaeaf,0.58089891324185,238.77999999999997
039ae6b2-105d-4771-b08a-69e6c5522bab,0.58218176891505,228.78
cd0e17d8-f392-484a-aa9d-f2203bb9c234,0.5868766467945,233.77999999999997
7ee4683f-200f-47b2-b762-403e4e15a746,0.5813547154706,255.77999999999997
d7004341-d041-46e4-9f46-b21067fd2686,0.584409727183,250.78000000000003
4a2d807a-90ee-4c7b-8dbc-7f28b5b03e5a,0.5840778527868,218.77999999999997
3fcc151b-f71a-4b9f-b830-84506045946b,0.58603324924915,230.77999999999997
9786652b-3aaa-481f-8935-5edc5e9d431a,0.58792166328995,223.78
3e87213a-b138-42e1-a2af-a1aa6a676831,0.58603324924915,230.77999999999997
c99ff2db-2641-43fe-93d8-160a9593660b,0.58729033804705,211.77999999999997
c4d8af71-bb62-4d50-b873-f9c7132b0f37,0.5851737959415,163.78
ca371764-9e07-4e8a-9dd1-5061d8efefe4,0.58550007476295,214.77999999999997
34f70c19-67e5-4ba2-8764-c09930cf7b71,0.58685628379135,207.77999999999997
5e36945c-ef8a-4075-8faf-c39130c97bb8,0.5813547154706,255.77999999999997
a5633f15-4b22-4766-a3d9-6bb53c1f226e,0.5880884422621,152.77999999999997
feaab814-d670-4563-92f0-3b7c86529f2b,0.58298824430715,231.77999999999997
895c9ecd-f50a-41c5-af7f-ff107cc3125f,0.5843795258719,233.78000000000003
90f73773-e897-403b-b8ab-af06eb891fad,0.5835924762026,247.78
e56f6d93-a1cf-44ff-b1b6-78526a38bd4e,0.58476020214925,218.77999999999997
4a7e40c5-e65d-4df7-bc85-66a4e5b1012c,0.5811966816735,197.77999999999997
cfa29600-c48c-4b87-985e-b7a213212f8e,0.5838891983048,271.78000000000003
97bee481-bf8d-4f97-b993-b43ea035b209,0.58333195548965,293.78
8186e2e9-bddf-4669-8f19-c56e8435b5ee,0.58052836816915,244.77999999999997
f9e81dc0-d7e1-4c8b-839d-97c07a6d4fb6,0.58415186802205,211.77999999999997
68ed6ad2-d0c3-4f59-a36a-459de4ff4280,0.58460184301345,204.78
3e40e1ae-4253-43df-849b-19160077b7c6,0.5849537283802,240.77999999999997
06b08d77-89ad-406a-9564-a66e176f1b10,0.5851737959415,163.78
2eb03b89-a5c0-4f51-9fcc-1061bcd93153,0.5835513400535,209.77999999999997
783a55f3-ff58-4ba8-8e4c-2d08e4e967ac,0.5871261447215,191.78
79950da3-ac2a-4bf9-8ca7-47f79c37bc1e,0.58446763714175,279.78
c05fa417-d987-461a-a959-52afb368979d,0.5880884422621,152.77999999999997
28e92278-0ecc-4e37-9b04-62792c223b14,0.5819548552673,241.77999999999997
8f27963d-1e36-4f52-8f83-ee22ac71d3d6,0.5825248836067,241.78
a4ba994a-f97e-46e9-836f-4e5067e89ada,0.5831253155189,241.77999999999997
46d956fb-39f2-4e6a-91c0-0e2a3b26c830,0.58476020214925,218.77999999999997
d842543e-5ea4-490a-a73d-d4985ca21034,0.5811966816735,197.77999999999997
b3fa7259-f480-46cb-a5c3-ec12b2e3e3bf,0.5848625247112,264.78000000000003
fba61e8d-f0da-4b73-9e7c-73b0a3f9eb92,0.5811966816735,197.77999999999997
6a114bbe-417a-4435-bb3d-31b8225db90b,0.5869010680238,206.77999999999997
d24e4962-af07-40a1-a017-943b9d6e0ef5,0.58415186802205,211.77999999999997
1fbbfefe-5e18-4e4b-9bcb-42edbe3a3a09,0.58460184301345,204.78
3adf9d31-7cfa-4fc8-8086-c60be72cc387,0.58034453071335,239.78
e52398dc-a7c7-4550-9e13-a4e50a08a56d,0.5851737959415,163.78
0d217868-2076-4998-9179-37f0aa253fa6,0.5835513400535,209.77999999999997
c0d097ae-8af9-4cd5-9b9d-509e8c11b423,0.5871261447215,191.78
83ba4104-4f94-4a05-902c-75d934c38fce,0.5828337149727,234.78
8206d142-4af3-4e2f-80a4-42d15526fcca,0.5880884422621,152.77999999999997
398dd906-b94f-4453-ba95-bae43d91ee07,0.58499343812495,216.77999999999997
4300b215-5d9e-41e7-8e28-73480cddf447,0.58320388258465,246.77999999999997
b4db49e6-be13-4152-b40f-cd0b6990470d,0.58398490166045,226.77999999999997
ea8ed947-7efe-4f0d-8058-47e79b883f76,0.58452815117325,228.78000000000003
037d6f57-5294-4f6b-ae53-1be473a7b179,0.5850177277121,211.78
b07af546-0fda-47f4-a527-e485ccc602d7,0.5857222072464,227.78
391b1b6e-f3e9-4216-8d4e-2a75bc2c4545,0.5839023281684,222.78000000000003
e86c4812-405e-4474-9d6a-e30af38a3864,0.58453748134205,201.77999999999997
b218f68f-3428-4c19-b7f9-753610f68e57,0.5819213049858,239.77999999999997
626b2935-bc1b-4408-8130-8221c7375285,0.58340099749275,284.78
64e488fc-5d4d-421e-8799-5e8d6937035e,0.58362699697055,221.78
2c601c9d-2c26-4482-8a30-04db6a439890,0.5851737959415,163.78
1f17c12d-6b1d-459b-a419-1f6e31d5b62b,0.58859773734745,282.78
2b09d711-4d26-41e3-80c5-3ba6ad1fc45e,0.5872756558491,295.78
ae521692-5cff-4b20-b5c4-e5924f851f31,0.5866323208917,209.77999999999997
366de983-6617-454d-b4f3-39ca3f5ae12d,0.5880884422621,152.77999999999997
09096140-6048-4c6a-b9f8-e43c3a265d35,0.58617323587675,255.77999999999997
345e9800-bb62-4754-bf51-67e33d3babca,0.5858553187445,217.77999999999997
04c6ea95-99b1-4c61-9bd1-b727de931b1b,0.5838058164267,228.78
5f7c569a-a298-4409-82f4-26f65d7c087a,0.5867002007468,241.78000000000003
b41fe79f-72cd-4264-8211-a882e764737c,0.5850177277121,211.78
bff1d01f-8042-4a19-8cd5-b1eb624751a3,0.5841052211647,226.78
1534f4f3-606f-41e5-9562-ad085ff2b8f5,0.5839023281684,222.78000000000003
5831013c-725e-4328-9cba-322f5941830d,0.58453748134205,201.77999999999997
0bad468c-4f02-48d5-88d8-82cc6b70cfc3,0.58452815117325,228.78000000000003
f66e3caf-bdef-4b3f-9808-b387358fd923,0.58398490166045,226.77999999999997
95b6f153-dd08-4ecf-b959-b4435486bb91,0.58362699697055,221.78
8628d633-5615-40a3-8356-63929212bf87,0.5851737959415,163.78
18d22230-43cd-46ee-8a0e-460f38ab580f,0.5834461404801,222.77999999999997
f7593d2e-eef6-4ef6-ac88-c029cc7f2d16,0.58752446716065,196.77999999999997
cd0b5f7e-9a28-4732-b447-3475b5de73f9,0.5866323208917,209.77999999999997
297db21e-4893-4d59-a479-a7eeec511894,0.5880884422621,152.77999999999997
c5a88d1c-5c68-4807-9e7f-cb1ff9b42031,0.58742650308185,201.77999999999997
3a1805c8-df47-4459-b698-a143f9906345,0.5858553187445,217.77999999999997
c049e6b9-cb06-487e-9863-0b79c880e8c9,0.5852226138842,225.77999999999997
358f196d-be2f-48cf-acee-31e30665c558,0.5841907512241,223.78
724cc21b-2d77-4d20-b9b5-a9a4c8ce3c38,0.5819461751652,244.78
440b2db6-7da5-4176-b8a6-fd49c16d0450,0.5811187061432,253.77999999999997
7258c1b0-1562-46b8-8df5-33a119e89a69,0.58807889493445,176.77999999999997
548dd535-290b-4503-953d-a95300d56c56,0.58382431042385,239.78
eefa77e4-f852-4ec6-95b5-06c9b0f0b1c0,0.5838113858492,256.78
10706de8-c67c-4863-afd4-ecccf35aaa91,0.5840447372344,213.77999999999997
4eb46f5b-2294-4055-b1ad-0567fa2bd274,0.5838304339763,242.78
8b3fc9db-d111-4286-b1ea-4cf03e3bb684,0.5851737959415,163.78
d26745e9-f54a-431e-9de8-ad43d128db63,0.5826790901941,235.78
5f64a1b7-aeb6-4bc9-8528-671ab1bcfefd,0.58648512202535,217.77999999999997
3162a247-5433-43c6-9e2d-e97aab521ee4,0.58519408326715,211.77999999999997
d955c57d-44a2-4181-94c1-213066c23ea9,0.5880884422621,152.77999999999997
69bee4a9-8833-4020-a8ac-8a101b7c316b,0.58201736540445,236.78
df4d2d8d-ff68-4112-8711-ca1650bc6809,0.5839080715714,219.77999999999997
0e298b28-de2c-40f4-884e-812db637c95e,0.58630348558255,216.77999999999997
1a21c2be-6d55-449d-977a-13846d6a1b0d,0.5841907512241,223.78
ebb8156b-4dcf-4f7d-87e3-50a6c4c848bb,0.58325636521045,255.78
b0464406-5d07-4dab-b880-f2b487e1cb51,0.5824939671624,207.78
22360aa5-d9ea-4243-b5d0-c01f6314ec47,0.58807889493445,176.77999999999997
478c23e8-86e1-41fd-aaa2-03429600a363,0.5819461751652,244.78
b8484efa-79c3-49cf-b0c4-7a64c4604332,0.58356913804665,243.77999999999997
32ca404c-0106-4e9d-be0f-a4b7af211966,0.5840447372344,213.77999999999997
a6c9c4dd-dab1-4cb0-9900-a83cc6342aa8,0.5841907512241,223.78
a48afdb2-9d60-437a-a4a6-112c0d3e819b,0.5851737959415,163.78
ab5fbfc3-df6b-4c44-abd9-80e657ef03e8,0.58520303482935,229.77999999999997
b32c693a-7848-4f93-8f47-7900aaaa47d3,0.58648512202535,217.77999999999997
9a146c08-9a31-4644-9f51-35862a07dbbf,0.58519408326715,211.77999999999997
1ab0e384-5af1-4781-9b9b-ca6c57b20c66,0.5880884422621,152.77999999999997
ab5feab8-3255-474c-b860-471ae5cbe88a,0.58613745130145,180.77999999999997
e3835253-1845-4483-8872-da3c90357027,0.5839080715714,219.77999999999997
1020f748-de24-4c18-88d5-320a651e99c0,0.5834352112025,211.78000000000003
ae40b830-45ca-4a99-b340-2dcef5c3b386,0.5840946410773,215.77999999999997
b7a53b6a-173e-411a-9a8d-942dcb49ef45,0.58381822256495,225.78
5dab8301-2cf0-49ee-b00a-2549a33af77e,0.58303061596995,241.77999999999997
e29838d9-ed64-4890-a0aa-7d8af8b40c24,0.5868681238581,252.77999999999997
3a630e70-2de0-44b7-9334-e620a953de4e,0.58435329151435,227.78
1631c286-ed9b-4c43-9eda-bfa3b185e124,0.5813091124906,204.77999999999997
7b05bce1-7eff-4d6c-972b-472ea4cd562f,0.58257292688835,213.78
1418bc97-4a6d-42fc-a2d1-c145b44df714,0.58101555510985,216.77999999999997
1de381f7-13e9-437b-b58e-28af2df9ea72,0.5851737959415,163.78
ccbcd702-e5e8-4fe0-bbcc-5a9cb8886529,0.5844587321532,227.78
36eb3205-cc1c-43a8-b2ab-230ac05e227a,0.58495315117125,208.77999999999997
cd68a472-2aa3-48ab-8a38-2f81be5a7dc2,0.5824933636539,282.78
7edcb6a7-e5bf-419f-9e91-b837441bc7ef,0.5880884422621,152.77999999999997
8c23cf0a-b786-4534-83e5-0e2f128302dd,0.58921159703615,223.77999999999997
8483e135-a12f-4206-ba96-d0dca56bffb8,0.5874851712876,199.77999999999997
149de299-7faf-43e8-8501-21ae87494bd2,0.5834352112025,211.78000000000003
836a358e-5eec-4401-8dfa-75f6887b7e30,0.5818058325769,216.78000000000003
9e307127-de98-4dc3-a9f1-57771391d66f,0.58634987366485,207.77999999999997
b90bf2c7-77ef-470d-937c-871aa5ae663d,0.58488074256865,222.78
3729f360-de4d-481b-b888-b8801227f367,0.58653978662225,258.78000000000003
4b554a57-5819-4d39-999b-c16d2928047f,0.58403201623845,225.78
de5a0d5d-e0ca-432b-9a61-2fd1b32321f7,0.5813091124906,204.77999999999997
cfb1d34f-6d81-4760-9efd-05aea80813c9,0.58257292688835,213.78
44c74542-dd4b-4d7f-8574-136de323e2d8,0.58101555510985,216.77999999999997
8dadb679-4252-4f33-8cc9-f8230f3dc154,0.5851737959415,163.78
5e466fa5-04c6-41a0-84ee-687d2ab3d198,0.5857709528257,206.77999999999997
c1a2052b-aba0-44f0-a98e-6a8b61bf38b1,0.58495315117125,208.77999999999997
d305f7b1-007d-41f0-907b-48507a0919e3,0.58336498965175,202.78
da7eec24-616d-46db-8c92-8bed356b3bb2,0.5880884422621,152.77999999999997
b8491af3-1748-4022-82a2-d16e0759e4bf,0.583456684151,215.77999999999997
e030be72-f6b0-4055-929f-f4dc0a964fce,0.5874851712876,199.77999999999997
300a2382-524b-41ea-809c-edb27662bd68,0.58472046832,228.78
990421ae-1d17-45f5-98c8-240d3bcbf626,0.58743394792135,217.77999999999997
fa7884c1-122c-4f3c-a133-6abb7e7888aa,0.5838050803919,232.77999999999997
74653795-ace6-49b7-a969-c248765713e0,0.58370763093215,263.78
b5752244-ecc6-4fe4-b854-93fe4c8f9c25,0.5820026095059,213.77999999999997
8f825395-4185-4126-b1af-87851f765f0b,0.58683097084325,252.78
057bd7e8-e2a8-4c85-baa5-4534b278c9f3,0.58446137958095,258.78000000000003
04ede629-5aaf-462f-94eb-76162b1659cf,0.58448731561625,203.77999999999997
fc40747e-6fd5-4d75-b2e1-631faa3e3d49,0.5843380199972,232.77999999999997
0ca5bcfc-a19d-464d-a39c-ceda2d7a6125,0.5851737959415,163.78
51ef59b5-24d1-4410-95f7-b9c037cd14c6,0.5837530878458,254.78
bbf3f6ab-daef-41d9-94cd-2693a8dfbe0c,0.5887490783603,259.78
d5963a41-e68d-436e-bdd0-524d47db2071,0.58278014813145,227.77999999999997
e523f67e-e797-4a25-b40f-bf9cefb5f65d,0.5880884422621,152.77999999999997
ac19c764-797d-4f71-a6fa-bd9c373944a6,0.58586272245015,204.77999999999997
0033e636-222a-416c-b77a-95014fb63101,0.58496937677545,235.77999999999997
777b8684-677b-47f6-8031-bd937b98b590,0.58472046832,228.78
cb938cef-66ab-44a8-9b97-dcea580b0d18,0.58743394792135,217.77999999999997
ba8e2f90-2e32-4cfe-9bcc-783a679ade1b,0.58472046832,228.78
ab8639f2-165a-4f97-a023-610f30a49b8f,0.5828970091779,198.77999999999997
2ad8da2b-2af9-4dee-87ee-9f8dbcf5a86a,0.5820026095059,213.77999999999997
bd2d87bd-e74c-42d4-b7fc-f4d71d1104d6,0.58743995302985,240.78
3d6c990f-1367-4257-9959-d2b1ab9176e0,0.5826456741476,241.77999999999997
9350ebe4-a491-42b3-a6a9-a16611e75cfa,0.58448731561625,203.77999999999997
54596f41-26b7-409a-bc5c-dda974501516,0.58472046832,228.78
af047a4b-3c49-4c3a-9af1-15cdac830d13,0.5851737959415,163.78
7d77e8f1-111e-4857-99f4-3f66e84bb29e,0.5844170914532,267.78000000000003
a6df19e9-44be-4543-a19a-1495befa773b,0.58666357120925,213.78
1a127b0e-997c-4a3d-b040-845bed1215e7,0.58278014813145,227.77999999999997
437d3404-b5ee-4602-8e66-7c0e7b35f83c,0.5880884422621,152.77999999999997
05a865a7-60c9-41cd-865f-4aaecd89b262,0.58586272245015,204.77999999999997
54931789-5a7f-4fcd-80bd-41bb8af8f0b3,0.5868541306159,212.78
d3c18f3d-ce09-49f2-afa3-23693ab5ab09,0.5805643238355,239.78
1d48656e-d1c0-4818-b014-e04a48cef4db,0.58545471497955,266.78000000000003
5271cf02-b355-45dd-9dc9-8f3fd59f1da2,0.5823431456784,248.77999999999997
308a283c-3947-48fa-8fd9-dae7d99f564c,0.58364486782675,254.77999999999997
37483db7-621a-46ed-bdc9-caf3e7b88a7f,0.5831478795674,266.78000000000003
8825b995-6bc8-4b8f-b83d-13df148e8144,0.58423114093495,194.77999999999997
0603c1f0-4ce6-4c76-b116-f19005568c97,0.5882597268729,212.78
6babc8f1-421d-4489-aed6-cbf6a61c7167,0.5828904631097,239.77999999999997
4cfc73e2-1516-4e4a-95c7-fd6382c27435,0.5866712622342,241.78
08107aaf-d84a-432d-984d-d5c9a3fa2dea,0.5851737959415,163.78
cc09966a-a27d-4cd5-b25f-f3b97b63d657,0.5809038243527,213.77999999999997
4d3e8787-e9bd-4bff-a4fe-0760d7543ffd,0.58390220498505,270.78000000000003
665f3653-9fa9-49f7-862f-a0211254ef56,0.58219624383835,219.78
3294c78b-68ca-463e-be06-65a744354b6f,0.5880884422621,152.77999999999997
8ae31c11-09ff-467e-86e9-766b83740e4a,0.5844811262433,247.78
bb13c823-7110-4f79-b55a-3085f1dde2b7,0.58530238637795,235.77999999999997
133c8c66-cdff-4481-9e5a-6d8c9591c800,0.5805643238355,239.78
161838aa-f20a-4796-8466-aed52285b997,0.58393205287475,271.78000000000003
8c4337bc-19df-4817-aa1c-67652d2c93b9,0.5874671652494,264.78000000000003
ada5c684-6e55-4f7c-a652-db1cc7ff2f30,0.58289626723835,212.78
e1cb29e5-2112-4541-89a2-d24975e8ed87,0.58392652647295,262.78
5b65024e-0194-4537-84dc-17b6ddc940ad,0.58423114093495,194.77999999999997
5a85859f-9532-4d23-9b5c-26f9be2e7900,0.5882597268729,212.78
5de0aa32-c46f-4278-80f6-a0573126c479,0.58393988332095,260.78000000000003
ac93c681-11ed-411c-ba80-172ffda4dd36,0.58580748398865,246.78
0251916c-76db-4100-a3f9-dbe4f3382ea9,0.5851737959415,163.78
29ebda32-3784-4051-991a-5e115eff790e,0.5809038243527,213.77999999999997
b5cec5b8-80a0-4719-bb38-38c5d3c8a4be,0.58559879879595,238.78
4085cabc-115e-4d20-9433-05c88f80af07,0.58219624383835,219.78
1e604bc2-3993-44a6-9f5a-3fd996583083,0.5880884422621,152.77999999999997
16570d4c-8074-499d-bb96-04ab71a35c96,0.58176142054985,252.77999999999997
f7d75aa1-e4a5-4613-b463-6b539d897f1e,0.58530238637795,235.77999999999997
76c48b9f-b715-4315-aab6-a5c61a54b99a,0.5815243743936,241.78
fbd45016-b50e-4ad1-b586-4ef9a4c467c9,0.5826487338882,271.78000000000003
a1cc4a33-4d11-4b0f-9c1c-9754a6ffaae3,0.5781322392644,269.7800000000001
6e2527c1-6df3-48cb-a973-1d8c6c8c59b5,0.58623642312165,239.78
ba48ae38-fc35-4f70-bbea-09adfe166c68,0.58635294926015,254.77999999999997
c3a9b56e-8ab7-47c4-badb-6d6ceb79ecd0,0.58257148254755,251.77999999999997
9d47ec55-8ec4-41bf-b784-e9e57465175f,0.588131836508,210.77999999999997
3e275bb9-c753-4225-9de4-59cd621eec26,0.58239904888485,220.77999999999997
aa06df48-0341-4320-bc36-08287e13fc14,0.5816862382325,256.78000000000003
9822355c-2958-46a2-9374-a8210732781a,0.5851737959415,163.78
5862e2c0-64e2-4d8b-b04a-425397703721,0.5839700703503,198.78
27b442dd-8946-4825-8868-df70dafaee3e,0.58781750134115,217.77999999999997
0e1273e5-f126-42ed-a4b4-5e31f64ed0ba,0.58515108768485,256.78
b30bf049-1b25-44cd-9e57-5c762a85f41c,0.5880884422621,152.77999999999997
3f4715ba-d169-4fd0-b762-d502a4be0543,0.58780389724685,253.77999999999997
decd0c3d-d1bd-4a14-a64e-b6bf141212b2,0.583980355866,264.7800000000001
14daa043-3694-4e48-8cc5-370bf2acd50d,0.5815243743936,241.78
28369221-cfb0-4962-ac30-bf5bd9e036cb,0.58623642312165,239.78
38c2d2d7-54fb-4333-bd82-389601352ab4,0.5781322392644,269.7800000000001
b9792131-d178-4c12-84c8-46cf78084726,0.58623642312165,239.78
76e9ccf0-7e18-4113-99dc-e7a9bdd00952,0.58476933579285,278.78
a077a992-d267-44ec-aaaf-13e0594455fd,0.58883469167565,240.78
18110de9-d773-49c3-9c2e-0f8f411629be,0.588131836508,210.77999999999997
3d01f34a-b1d8-433b-a56d-e4d8a22eb051,0.58239904888485,220.77999999999997
a7d70ace-c054-49b0-8e24-b3da5ff8b723,0.58762474790255,227.77999999999997
d9b9c6bc-d216-4355-99a8-f0fded60e401,0.5851737959415,163.78
bd3021be-ca6e-4101-8654-069b4e3d85ff,0.5839700703503,198.78
28e60cdb-1688-4922-9350-b4e42a346cbb,0.58781750134115,217.77999999999997
59f6fc7d-44d3-4ee8-8370-50a0a08831bc,0.5781322392644,269.7800000000001
b1194a79-d2d8-4fae-ad4e-216d870b945b,0.5880884422621,152.77999999999997
773f37b0-af7a-4828-bb6d-835816290d7f,0.58548400938545,256.78000000000003
53742945-cd58-4778-ba5a-583f99c75cbd,0.5850528149183,279.78
a2981162-aa7d-4d04-a780-c05309c1009e,0.5844782719544,329.78
7ea5d378-ea22-42ff-9948-2a2b40c57322,0.58439824362035,304.78000000000003
806364fb-d7d8-45ee-b0a0-c38b8f12abe7,0.58113025308925,271.78000000000003
c478e0a3-68c2-4cf8-97c2-a08274f55c2e,0.58441366077825,185.77999999999997
bcb8d638-d17c-4095-983f-17abccfed824,0.5858899180421,232.78
b5dd9a56-6cdb-4eb8-8c39-59461ca41b71,0.58461742661195,225.77999999999997
bedb35ba-093c-4f9e-b848-4620e6d21791,0.58406374858765,218.77999999999997
ebb117ee-7ae9-4737-ad3f-eb42f4ebd6a3,0.5854953770669,239.78000000000003
9cdfb8d4-1194-418c-a315-f4890a624ece,0.5842414500047,223.77999999999997
059216a1-13bc-45f9-b3a8-f04143158a5e,0.5851737959415,163.78
4f4a7c92-09ae-4112-bd65-267715861ab6,0.58418115411045,212.77999999999997
eeef9061-973e-4ac1-8f1c-7c6189a6ddce,0.58703347000595,248.78
7b66016b-2f8d-4138-8b22-93ca896fb532,0.5805334881599,292.78
6ae6fb2c-3a23-4f7e-a316-081b02eeabe5,0.5880884422621,152.77999999999997
c262bdfe-d040-4c8a-9221-3bce4e3363c6,0.58527989776245,213.77999999999997
50b95ee0-257b-4f26-8f71-508578bcda34,0.58210325079045,247.77999999999997
dd94006c-eb4c-45ee-b6fb-822c9dde4d6c,0.58151115251545,256.78000000000003
dbc55355-fd58-42c4-b3a7-1602d2f54c16,0.5819215042673,281.78000000000003
03febfaa-8264-41f5-9313-b66a5da58d3a,0.5785197853352,329.78
f6ac9d8b-d293-4b0e-a738-3b2d954784eb,0.58441366077825,185.77999999999997
da531553-c9c6-4acb-b763-d80b7bac1602,0.57995279406375,285.78000000000003
d67ed4ee-d8e2-469c-9db3-8e5059063095,0.58461742661195,225.77999999999997
29626954-af09-46a7-a536-94d9d1890f50,0.58406374858765,218.77999999999997
74985045-2ad7-4be3-8333-81a73ab7a39c,0.5806461222499,331.78
ca27c753-6a0d-40d2-bc68-c50e166b831a,0.5842414500047,223.77999999999997
83c78440-af81-4cb8-a0ab-fe1b83a58d42,0.5851737959415,163.78
12a66a08-dd97-4a6b-9991-368d6de026f1,0.58418115411045,212.77999999999997
cf7b206c-6a1e-4fc9-b5c6-7a60c0664618,0.5839990576385,278.78
bff68267-c15d-469f-aae1-3050303f9db1,0.58199444690365,268.7800000000001
4f827587-88f6-42fe-9be5-79b275f898d4,0.5880884422621,152.77999999999997
4aacd46a-f71f-4b7a-8521-3e698d8f210c,0.58527989776245,213.77999999999997
a7dec015-1755-4391-a46f-db592a0a22c9,0.58428172036115,250.78000000000003
9e3dc16e-8f38-4058-a41d-2afa54ecd1a3,0.5824110010319,247.77999999999997
6277a900-c0c7-410d-9215-f46df5adf5e6,0.58457239777465,224.78
3b4f66c6-29a9-4bb5-be9a-ffdd59fcaadd,0.5837256579778,220.77999999999997
cf5924f8-2503-400a-90bb-eb9e97bd30f3,0.5805858412104,214.77999999999997
a9291b77-44e8-4b4d-94f9-c3ac7f2f5310,0.5896322348816,251.77999999999997
d65f8144-fb21-4684-b341-d58055db3b44,0.58314468141095,221.77999999999997
b36dc0ba-f325-47c3-a380-0723d9bf3754,0.5817765465412,257.78000000000003
40ebedc4-9dcb-4169-959f-99beaeca439a,0.5831951867891,225.77999999999997
bedfb53e-57f3-4aa1-8647-baaf5c8184e3,0.5836902250614,249.78
6a7ce86f-c07b-4a1d-bc1a-82cbedecbd01,0.5851737959415,163.78
b158b7c1-a977-44a7-9999-6b0dda027d73,0.58567322292425,205.77999999999997
af858292-696a-4bc0-9a87-811b5184b763,0.58411488827175,201.77999999999997
e34560d7-f1fd-4008-8e96-c81d683c03e7,0.58619370867135,273.78
69f77916-1bcd-46c8-9cb4-b4bd7dd88d85,0.5880884422621,152.77999999999997
8aa14e63-6e0a-4614-8089-6df94572f0ca,0.5878325488964,216.77999999999997
455e09a1-2d1e-412e-a94f-6da638c1685f,0.58452962262435,235.78
535996af-2923-4984-8e22-5f2b3298fd81,0.5831586197615,231.77999999999997
6027b56d-a64c-4537-bf6d-03eebd67be5b,0.57931585480655,247.77999999999997
050b7ee6-ee98-4290-90cb-6e056ea634f3,0.5837256579778,220.77999999999997
baddb28c-ad2c-4165-9034-db4696f499fb,0.5805858412104,214.77999999999997
b6c6edb2-9668-4619-a5a3-d87e6decbcd5,0.58167326694765,243.77999999999997
245b373f-03e8-4ff7-91cd-c4df60be6a92,0.58314468141095,221.77999999999997
67859b64-ac32-4e46-b558-c1de09c663af,0.5824110010319,247.77999999999997
994ec466-edc5-42ed-adf4-64efac11d907,0.5829477776478,228.77999999999997
3e11f0eb-119b-4146-a53b-de0191902e4e,0.5853942943116,261.78000000000003
9442457b-ed00-462b-b76a-eee39d84ca0d,0.5851737959415,163.78
09b34e05-d07f-4d34-ac6b-1121ff2a2b95,0.58567322292425,205.77999999999997
c16f3c6b-9c77-49fc-a9d0-08f3add0e60e,0.58411488827175,201.77999999999997
ba2c7acc-cac8-4802-afa3-fffb7c0deb18,0.5857247932185,236.77999999999997
a80ab71f-ad7d-48f2-9435-3f598f599e78,0.5880884422621,152.77999999999997
715431c6-ac58-4236-9acc-b271760844a5,0.5878325488964,216.77999999999997
d36643e9-906d-42de-b68d-3698d0961de2,0.5846494480996,252.77999999999997
632a5d5f-310a-4e6e-bb4e-d0b049dc41c2,0.58698634252245,202.77999999999997
f47b57b8-80b1-451c-8d28-f853dadd8c81,0.58428023288145,220.78
871430ac-e5b2-496b-ade2-ff9f5d933c54,0.58395022789585,208.77999999999997
0a290975-d35a-461b-a8f7-e7ff5d0c221b,0.58519665771505,258.78000000000003
6ebcafbc-a2ce-4fc3-ba4e-e650ba292587,0.58403569393285,221.78
f19146a5-c3e3-4ce6-bd9f-79f5135d2925,0.58822629055055,201.77999999999997
69c2d1cf-37bb-44d8-bec1-86ad72dd3f33,0.585166552021,242.77999999999997
68564b9b-5576-43ba-b1d3-c123ca852420,0.5839795066071,256.78000000000003
e9d4dfa5-f897-4d7a-b94c-12b20ab8942e,0.58310690766075,222.77999999999997
7b41e292-427f-4d34-b808-64dffbaf3507,0.5851737959415,163.78
d9e679b8-7c0b-4e46-89cb-b01fdb1fde1f,0.58350927093155,240.78
0bdb46d1-1121-48c4-bc4e-d3b3ca3ea3eb,0.58294626954975,242.78
b4b13ba3-1adf-4a89-a1e8-d2c19fd513fb,0.58580656432655,265.7800000000001
a0c7e842-b9b5-4a62-b091-9622e7556360,0.5880884422621,152.77999999999997
d9725ab2-7e9f-42d0-b492-d0e81abe9ca7,0.5831721522576,224.77999999999997
b77c2fe0-348d-4574-9e85-d741370cf2bd,0.5829765158179,226.77999999999997
632ff5da-1ef5-4a34-b710-a48b325e81fe,0.58698634252245,202.77999999999997
6622530b-7f76-4971-8c08-7de5551b4083,0.58428023288145,220.78
f5444a63-e9ff-45a2-beda-82ae99ea41a1,0.58395022789585,208.77999999999997
f9bbe1a6-43f7-4749-b8dd-2412bb02b704,0.58428023288145,220.78
79f6ec8c-767e-48f1-a659-99581863a431,0.58403569393285,221.78
9c2080ed-039e-4f7a-812a-1d0469a014f4,0.58822629055055,201.77999999999997
94e06692-9b9a-47ed-a6e9-29cd801d4ff9,0.5850636410543,230.77999999999997
f8802210-3ad9-4d47-9229-20904cb9f4a0,0.5842268432694,247.78
e5254351-801a-4198-8dab-3b0304114e35,0.58310690766075,222.77999999999997
97b685a5-1f77-46f5-9089-f4fffc593fde,0.5851737959415,163.78
51886f3a-e4b1-4745-b972-7214cd8b63f8,0.58675546790595,220.78
1bf26914-2331-41ba-88ca-30eb55caf032,0.58698634252245,202.77999999999997
d60dbc91-c3dc-45ff-8838-0a84142727b7,0.58315248876935,226.77999999999997
c7f10a5c-34aa-464d-a377-3dd0030649b3,0.5880884422621,152.77999999999997
f02f4864-f99b-43d4-8d9f-a404fbeaf580,0.5841745781149,249.78
e69a2ce0-e912-45a6-9ee3-4d9473c35897,0.5861473113751,223.77999999999997
a64a3884-4768-4098-a159-a15f346f1e24,0.58313772059775,245.77999999999997
4f3fdde0-3e64-49ef-b92e-b98edadc11e9,0.58566061678175,252.78
28a5000c-3282-4ec2-a5de-5027932a2b08,0.58553243926085,258.78
75786938-5d5e-435c-b5d6-f1460fd06418,0.5838800916819,244.78000000000003
c54405eb-d97b-4b55-a6ac-305562a3657a,0.58347770485095,222.77999999999997
97407ac7-52d0-4147-9df6-73dd604d03da,0.5855393236008,191.77999999999997
cc5c9a03-38db-4c2c-b453-2e14c7257ef6,0.58409851963525,251.78
5217905b-3c9a-4c44-9c82-3e2b268ae021,0.58776900038085,231.78
7530a1ed-b384-4957-8d80-2b3bfcc21b8d,0.5830553624424,224.77999999999997
13a49838-4f13-4397-aff0-ab095628de46,0.5851737959415,163.78
00d16c30-81d7-47e5-afa5-53b2686fe84f,0.58466603023585,270.78000000000003
4bd27577-1a85-451f-b4d0-4037ef1a01a3,0.5834252517772,256.78000000000003
52b19855-0f70-46df-bc9d-0640622da7b7,0.5853505475503,214.77999999999997
70db4259-86ef-4ffe-a8ad-be535ede398d,0.5880884422621,152.77999999999997
325ae9cf-645a-4f0c-ab62-1c7da725c6d9,0.5833931258582,255.77999999999997
47ec7dc9-c1b6-4a35-bd2e-22385bdcd651,0.5851601016548,256.78
e8fe7e6b-5ebc-4a12-a461-a552b74c2578,0.58433797848195,252.78
21362bff-2c88-4013-a3e2-2d84e291aec7,0.58234478145355,247.77999999999997
39a0bca7-b3bf-4b77-9ab3-9f1d4a5a4eb8,0.5869228336446,227.77999999999997
0f534588-9d7d-47bc-a1e2-436ba28f4b84,0.5838800916819,244.78000000000003
e78bb619-0745-4cde-b480-36fc8a0c5c4a,0.58347770485095,222.77999999999997
d5c4bc33-631e-4c09-b501-536b78905103,0.5855393236008,191.77999999999997
ce9b3c62-6d18-4e91-9a1e-43503826872d,0.583547707776,287.78
f44e6de2-97d4-45d4-abf5-5570dd0c3d21,0.58776900038085,231.78
ae50fb77-2a22-4d81-a461-d0de3b45568d,0.5830553624424,224.77999999999997
9971e047-920d-4c57-9769-0158003d08c2,0.5851737959415,163.78
1581a1b2-531a-4145-971a-2c44cd8bdbe9,0.58553795033315,258.78
94f4cf47-d9af-4c9e-adb0-52cc6a62fb6f,0.58563580220445,240.77999999999997
d70194e9-b5a6-4d3e-ab3d-66740edbbcdb,0.5853505475503,214.77999999999997
283608d9-851c-4039-8cf5-2ebb5b012383,0.5880884422621,152.77999999999997
66e2a394-63d9-45af-b412-875db8a98dd5,0.5853753424424,237.77999999999997
0e9d5365-0a48-4b89-9a56-5c12591e71d0,0.58598441123125,242.78
2de26214-6ddf-46a0-8af2-01a33d6806ef,0.58201514558425,227.77999999999997
14481a3a-466d-4540-baca-7ef425207283,0.58369397522175,236.78000000000003
5f050794-b6eb-4613-9ab2-d78de33dcbac,0.5828553211781,264.78000000000003
93c58df8-7466-4064-90f9-551a48d3679b,0.5812983600229,244.78
6e541130-c61a-4b3c-899e-168ece0156e9,0.58158228294365,256.78000000000003
65ef6926-09b8-45cf-a2be-78ffc4ccddc0,0.5890378586163,262.78000000000003
409815c8-5195-40c4-acac-5e82d960e308,0.5849601020429,228.78
0397bdc1-98de-4093-8c97-fecb699242a9,0.58367762117815,245.77999999999997
05d15ed5-932e-4957-b842-0329cc392c9a,0.5846925978199,228.78
fa2717d4-e0c8-44a5-85f8-023821bf438a,0.5851737959415,163.78
572b8259-2468-48be-8112-30eee9c68a8c,0.583248793924,255.77999999999997
0f9993c6-bfdf-495f-8941-288835fdc916,0.58465269501115,219.78000000000003
3f008085-e031-44ad-8c48-05200e126371,0.5830500351966,258.78000000000003
081e0081-b225-43df-8db9-a8287d41427d,0.5880884422621,152.77999999999997
732ccabf-38d6-4aba-bd9d-cbf5c299542a,0.58367184902315,248.78
a660fb00-3397-4c44-82a9-40cf516fdae4,0.583645986323,281.78
1d45d7a5-df3a-4aa9-bbb2-0fd69469dd39,0.58201514558425,227.77999999999997
60679668-b2cb-4755-9ca6-915dc833a183,0.58369397522175,236.78000000000003
d30a1692-a520-4fe3-a203-7ea81b491151,0.5835591644441,260.78000000000003
aa59e779-dfa4-45e6-9067-209023c33f7a,0.5812983600229,244.78
e1cddfa6-24ce-466b-bc79-5b06c9702f1b,0.5860707010437,239.77999999999997
b35810ae-9d7d-4020-b502-a8ad7bcaae63,0.58365921656145,252.77999999999997
68f65f0a-10f8-4caf-9955-d9707c90457a,0.5849601020429,228.78
d22ca1a2-59d0-4cd6-aaf2-3608bec0d1cc,0.58201514558425,227.77999999999997
dc5d97ea-cde4-431d-9994-b688e349c597,0.5846925978199,228.78
23ffad9b-7828-408e-8218-94a0b68b5ba9,0.5851737959415,163.78
f44a736e-2d26-47de-9e49-ff20b237592a,0.58368514918205,223.77999999999997
7da325a8-5c6c-498b-a6d3-07488711f394,0.58465269501115,219.78000000000003
5c1b8cd1-a71e-4184-b591-8d5d44b3760b,0.58614846434485,248.78
2d9ad494-9dcf-4680-9d91-26ad908f98dc,0.5880884422621,152.77999999999997
e7e81cf7-a637-4693-bf72-84e75d5167b5,0.58295969189415,235.77999999999997
4defd774-831e-49b8-9eef-f8aae3afe083,0.58745205842425,219.78
0f0dc4d4-925a-425a-84d5-07f5186165fc,0.5874943628557,255.77999999999997
40756824-8fea-4ba4-b017-322dbba9ecb6,0.5850688389856,257.78
75217be6-6063-47a5-b6a9-b1940db5e1c0,0.58073398680415,262.78000000000003
e6c0933b-1f3f-4a75-a989-e05a53ad56ca,0.581269847069,237.77999999999997
bbd678e9-e668-45e9-bec6-131e2bc5d31d,0.5887631303285,236.77999999999997
c6bbb00d-0c47-485c-9040-661c8247bc9c,0.5849457005772,194.78
a7409968-393b-4f1d-b175-72a4794e982c,0.5827759264472,262.78000000000003
687fe9b1-73f4-43cd-aa4c-c6d5a1cf1521,0.58379275838455,216.77999999999997
a5f901a1-6cb2-43be-b4e0-3b3e8972360f,0.58389951110525,232.78
81e594b1-74a2-40fa-baa5-9111b6084544,0.5851737959415,163.78
23f884d2-b1f1-4e84-82f2-d2a3876eabf5,0.58627500806565,239.78
fffb0549-0504-4c1e-b032-89a1255c0de8,0.5837635866759,205.77999999999997
99057211-0569-44e2-9da3-5f9c5c5cc6a6,0.58768091374025,225.77999999999997
71d79a8b-31c2-4e0a-98b4-21b4ef0ef5b7,0.5880884422621,152.77999999999997
d7e4e9b8-edc3-4219-95af-328d6cfd6d86,0.5842087969209,263.78
ab53d747-4155-460c-9a7c-934801051448,0.5821850923292,218.77999999999997
f7abab23-4f00-4acb-9b07-c8e78a00b3dc,0.58376232614775,226.78
a8946087-99eb-4e51-8e8b-2b63471d8873,0.58351806951575,228.77999999999997
1da27beb-c4b5-4257-9419-d596222de9fe,0.58169217458305,250.78
577e3361-2457-4c09-889e-9b2a587170a4,0.5835656032956,253.78000000000003
f5ad1174-0827-49e0-9467-42f3d0933d2a,0.58635195975285,235.77999999999997
d4849d4e-05d2-4cf8-95a0-1bf970950fc1,0.5849457005772,194.78
d1568be9-6bb6-4f23-aa4a-f081dacbd309,0.58207279228515,277.78
d9165c41-be3f-4662-a1a0-803068bb7769,0.58379275838455,216.77999999999997
00d02ab7-e211-45c4-b362-f3f9fcdd0b30,0.58389951110525,232.78
7b497641-526e-4f22-8631-195474bf39b4,0.5851737959415,163.78
720a5fc9-3bec-4d27-af87-822f7ce38abd,0.5853697965124,241.78
1bd4b735-9aa0-4953-8191-7fc8ca1eb2f9,0.5837635866759,205.77999999999997
59e9a577-ae57-4340-8f6c-6de5c5648f54,0.58768091374025,225.77999999999997
e284a2e1-59df-495f-9837-245b896db005,0.5880884422621,152.77999999999997
8bb5a49e-fc58-43fd-b082-a444b018592a,0.58396100520845,279.78
8df44ea3-39a8-43de-8f6a-0abaccdf915a,0.5821850923292,218.77999999999997
0646fc80-1d35-45e2-8cba-9066521ced2c,0.5855932167738,199.77999999999997
8949784f-a815-4059-9928-78758016068a,0.58518169121095,271.78000000000003
041dc1ba-c067-4031-93fd-a67de1b02fdc,0.58696086147855,277.78
79c0ebda-99d2-4ba9-9a0d-94a67811e933,0.58293236706205,275.78
9dbf1eba-7c17-44bf-8bc1-bf3145ca51c2,0.586104342719,225.77999999999997
b0ed7759-9770-4b04-bdb2-6ad8243f79d5,0.587424908098,269.78000000000003
33501cfa-a0c8-4678-9f89-b1e5794666c4,0.5847040405215,256.78
84a52b19-e9c2-4e1f-8654-828a997351d7,0.5818070799913,212.77999999999997
b94eae20-b6b2-4c4a-a1a9-d9b843d09d00,0.58078775368165,255.77999999999997
a07867c2-bb2c-484d-9e27-c986a651e233,0.5851737959415,163.78
455b7a0d-b9a8-41b5-b78e-a36b512f991f,0.5830017431505,256.78000000000003
27323b35-ab6d-4381-aedb-9e0055097d9f,0.5820501751366,237.77999999999997
7c09102f-d8de-4b88-97be-c56189ebf7b8,0.5864208355435,256.78000000000003
83400275-ad88-407b-9adc-4739bae27b23,0.5880884422621,152.77999999999997
d0c30012-2410-42ed-9b17-20b01a9059ec,0.5838124931835,276.78
4ed9a067-39fd-4b88-acc6-82bc8d654397,0.5856277556089,220.77999999999997
de54c1bc-fd73-43f6-a0fc-22be37ae3c57,0.5855932167738,199.77999999999997
19eb4108-ac03-4edc-a80e-fa2e9237ad6d,0.58385672031075,242.78
db0c2a7e-7a60-44be-9684-d0b29b533a96,0.5860473876922,233.78
c04db192-fce8-4915-a231-928569602459,0.58293236706205,275.78
a36b5503-de0e-47c2-aab5-26268f9a20b9,0.586104342719,225.77999999999997
5fc0d4e6-92a0-4710-9bfe-829fc05b2170,0.5853675284918,287.78
4e212908-cc2a-4677-80fc-6af8ff32fcf0,0.58742046834805,228.78
2176a00c-a6f0-43b4-9798-be38f73f69dc,0.5818070799913,212.77999999999997
54cf32ce-7c44-4461-bd26-27932ee0fc41,0.58078775368165,255.77999999999997
1a16c719-0303-41bc-b9a5-5d380938ddd6,0.5851737959415,163.78
64a84412-65c9-4c54-b19d-8e0f8bb297ea,0.58632930195145,201.77999999999997
ecee128f-51cf-4d8c-b9e9-db578d38eed8,0.5820501751366,237.77999999999997
0da21759-7d7e-4df5-a0e4-a23e277d3d97,0.5836940072503,274.78000000000003
98736159-16fa-47f2-9081-232c7cd26464,0.5880884422621,152.77999999999997
a2c2998f-85c0-4ac3-b3bb-508a0c77137e,0.5841744822965,247.78
87ca4c5b-550d-4019-8fe5-3609a18c409a,0.5856277556089,220.77999999999997
cdfa1680-d574-42c7-882a-8ab6b028d0ea,0.584259880031,228.78
23cda1c0-33e2-4e38-80d0-5400fd17cff3,0.58577990906365,221.77999999999997
1efb9ef6-8f7e-4040-83ce-be5ec8c88a72,0.5859705245016,203.77999999999997
68ed2f2c-c2db-447d-b28c-9229eac7ad66,0.5832657975623,211.78
72f03dbb-bd0d-4de5-91a4-5af40cda6019,0.5840827626009,209.78
d38f79ea-efe3-4328-abeb-e7c0fb5d8490,0.58434977782825,250.78
e4766360-ac7c-4730-adf2-9664425eb2f3,0.58651089919385,224.77999999999997
005cfde2-c8c2-4d99-bbba-e85d667bb361,0.58509391419995,199.77999999999997
79a4e482-1364-4c68-a07b-f80ca435375b,0.5843415106769,261.78000000000003
f723d420-3848-440d-a438-5676eb1b1c97,0.5851737959415,163.78
124478de-9d65-4229-aba1-1b373218ff21,0.58489917535805,242.77999999999997
79f098b2-e14e-4992-8a4c-c48d65569b4e,0.5837593003237,207.78
930b0e21-a872-4773-b4b0-6d89793ee9d2,0.58290374975645,225.78
9a05d75e-5b77-4728-95bf-c3f0915a07b9,0.5880884422621,152.77999999999997
6f9c02a1-78e4-46a3-9031-4730609405ae,0.5811254142262,234.78
7ceb7ac3-a37c-40e1-bbe7-6764fa43dca6,0.5851536338731,220.78
1a707f1b-db60-4bfd-84b5-7f49a97074a9,0.584259880031,228.78
4b0efddd-dfb8-4cbe-b7ae-1251961cf8d1,0.58577990906365,221.77999999999997
7f30ae08-f8ba-45b6-8900-3e1fd5b9801f,0.5859705245016,203.77999999999997
c4340dce-19ca-43a6-b06a-55505cb23162,0.5832657975623,211.78
dbc523d8-ae43-46e3-81a8-04f3fa169793,0.5840827626009,209.78
2c3efe44-c681-44c8-9806-02a10497c91d,0.58434977782825,250.78
d2ce491d-42f3-4647-a81b-69263264da2b,0.5830541254254,204.77999999999997
eec036f4-32ad-49bc-9127-65eff7a3a7f1,0.58509391419995,199.77999999999997
e7e68d1d-e764-406e-879d-e0ad7e9d504a,0.5842229908467,210.78
ebe6ab39-602a-4fec-bbdc-cae7cf55c48a,0.5851737959415,163.78
197ee5da-00c2-44d8-bf82-39cae1c4921f,0.5842574604292,204.78
ba5251cf-41ca-4ecf-b53f-36ac7bead306,0.5837593003237,207.78
55773197-5d71-4ba6-b06d-8df3fee250fa,0.584259880031,228.78
400e33ad-917a-41ce-9f86-2e5727558d49,0.5880884422621,152.77999999999997
9915d605-a42e-4102-983a-b0f4d1a40607,0.5857415741763,228.77999999999997
ba881fd1-cb2f-4c0e-b7c1-46c305b3ffb6,0.5851536338731,220.78
96ed0712-9294-4f47-aae9-0af9243556c1,0.5855747075572,250.78
23a28fd3-e961-4479-bbd1-340280510d81,0.5808237977483,227.78
28b4678f-0a92-430d-8ad3-cad82c7fce2e,0.57942377887095,254.78
04dd2b55-b002-4b6b-a371-cf8702d7e6cf,0.58562706137725,269.78000000000003
48577822-aae0-49d9-b986-ead066c9b37e,0.5860923000998,288.78
264164c5-fb33-45f9-beee-b6aaa0556a96,0.5840248683903,224.77999999999997
45de5430-fe66-436c-a6dc-6a2860ee3459,0.5849216143053,229.77999999999997
f6d3a6f4-cae2-41c2-a227-3e4161d4ad54,0.5800443975135,249.77999999999997
a515a2ae-ff28-46b8-b583-af5d55fff835,0.584296806106,256.78000000000003
5a278dfc-5aa3-4137-8a8f-ac9de131214e,0.5851737959415,163.78
339b4670-897d-4fe2-8e11-8f01802c7c2e,0.5839350455103,240.78
2f847ab4-7140-4ec1-88c3-2c8d29447e55,0.58391895088685,181.77999999999997
65fe3fcb-06fa-41d0-a356-9a917c4c95a1,0.58393864091965,255.78
b0274469-db48-445c-aaeb-234816127482,0.5880884422621,152.77999999999997
bef43e42-5fa4-4689-a3a6-60d9cea772cb,0.58575302216125,255.78
63b02383-f2d9-4ec6-a343-12ff97b1a49a,0.58165770781765,283.78
cefbb792-b1b9-4448-882d-922be59b3c1c,0.58372766630625,273.78
fa2f7db8-4201-4677-8d2f-1b0bd794f711,0.5808237977483,227.78
201bc910-ffb1-4a36-b842-92fb62dabb29,0.58160252246325,236.78
3f4adb34-b2f2-41d1-99ca-a7c81ff8afbc,0.5840248683903,224.77999999999997
cb4b4895-fcd2-459d-8493-a4b7eb1ea88c,0.5856347024859,269.78000000000003
249a51ea-2424-462d-b8e2-f63dfb6ae1ca,0.5840248683903,224.77999999999997
fbb69e3c-f6b4-47ec-8b0f-53a95132fe07,0.5849216143053,229.77999999999997
2b68d3da-6de6-4d3f-a194-263fbee37d73,0.5800443975135,249.77999999999997
38db89b6-f355-4749-853b-d302f1de7c8a,0.5847339134509,289.78
f1132092-bc9d-4ba1-9d5e-d8519cad49b7,0.5851737959415,163.78
a05e09f9-324e-44b5-b16f-b260d01ca37b,0.5839350455103,240.78
fe8a1724-44ec-422f-8922-f3f7687cc686,0.58391895088685,181.77999999999997
ff6a65e2-2065-4364-8416-e0d9d0111948,0.58432246988265,256.78
e37d8da5-282f-49ac-b970-b6895c5dd6fa,0.5880884422621,152.77999999999997
c7fd9130-7ce2-473b-ad4a-42a23f5ee1f4,0.5808237977483,227.78
0cd0665d-d539-476d-9123-36bcdc00754e,0.5808237977483,227.78
0b00e9f1-9309-4a5f-b7a0-0253de65d001,0.5858738934213,210.77999999999997
74d93c5c-a260-4ce8-baa3-47559c0314b4,0.5830785599644,212.77999999999997
a9502e54-1ce8-48da-a630-e8fb364d7562,0.58272850264205,233.77999999999997
b8d164ad-b3f1-4e69-a61a-221fc7dd8928,0.58238585723155,234.77999999999997
9f0548fe-6d54-46b4-a3fa-e0e80b5a9df8,0.58873500072465,227.78
14a0176c-91cb-4d81-8e63-1dffb24c79df,0.58541879130485,208.77999999999997
a6b2d5a9-fce8-4e10-b934-923bd33d428a,0.5858136839739,247.78
03c5e979-8346-4ea3-8b44-e848a134bed9,0.58610781781705,208.77999999999997
fcf48837-3813-4cd6-afee-637855338a3f,0.58312994150195,269.78000000000003
bca2b561-d9db-4d85-a1c9-5b8684304c99,0.5851737959415,163.78
c043abdc-1bd2-4bec-97b0-b15bb6703e5e,0.5881255459248,236.77999999999997
c4da309e-4c3b-43ab-824f-dc1dc03c4355,0.5867403620637,274.78
873832e8-40d8-417e-8558-b5801178ac47,0.58303392260015,267.78000000000003
384c8825-c048-47c2-8a3b-cbfd41432a85,0.5880884422621,152.77999999999997
708c127a-a8a6-4f3b-ae64-209aa8e75c1f,0.5851690226676,219.77999999999997
2d8e379f-0bb1-4adf-beab-6d04b21eba2b,0.58409780972925,211.77999999999997
994306df-e40a-4fe8-be28-40d0d091424f,0.5858738934213,210.77999999999997
a85e09d4-f60b-4734-b210-e8c30ddd7e62,0.5830785599644,212.77999999999997
85cdd79e-7b57-4b85-8e6d-4b08f851c314,0.5830785599644,212.77999999999997
0c067ec5-12eb-4774-a3c0-5394153f22e8,0.5851886610904,243.78
60c9375c-23c5-4d6d-8bd1-0c6cfb785c88,0.5833890942604,243.77999999999997
f74a9f7f-656b-4795-880e-dc0132a65580,0.58541879130485,208.77999999999997
e19508dd-32c7-4aab-8ecd-dd6e3ce88576,0.58242819820295,262.78000000000003
ef688c60-3222-4a0c-8ecf-14f9f9d02247,0.58610781781705,208.77999999999997
cc422c6e-ea02-444e-8211-16d7198783bf,0.5828342844968,215.77999999999997
31967818-af26-43ee-8bb9-bb10b8b2c23b,0.5851737959415,163.78
76a86cee-062c-4fb0-88c5-b78dac52bcd0,0.58270515526025,240.78
63604845-6a54-4d7c-9f53-3b0ce1033b0d,0.5824357426845,223.78
29b769a1-060e-44cc-9c27-937aeffc99f8,0.58345432553785,238.78
226afd7c-2ca1-49d6-a280-74303d45cc8f,0.5880884422621,152.77999999999997
b8e05dd6-ce75-4d57-a31b-e38d80c948e6,0.5851690226676,219.77999999999997
877903b9-fd1d-4db3-b88b-3be9165bcd54,0.58409780972925,211.77999999999997
e2f65f2e-3141-425c-97a5-2764fca9406d,0.5834695443584,223.77999999999997
2bca8450-d648-478f-baea-5da4599535ca,0.58441973970525,245.77999999999997
b4584ba5-2f23-49bd-b710-bb9092d5faea,0.58245816317075,271.78000000000003
3c658fae-f928-4b83-af0c-589f48920443,0.58830233961695,206.78
4334c84c-50c1-4347-8498-0f00f7f7fed9,0.58377816361495,249.77999999999997
55428bf1-94b8-44a5-a5ef-0e86af54d575,0.5869114323728,300.78
83773fc9-17c4-4e12-87f1-48403e8e4211,0.5848444314159,229.77999999999997
aeedc044-46b3-47fc-bbbb-9bf07ef14d45,0.5863358349334,232.78
b5e7f959-e174-447e-98ae-617246904ddb,0.58339206496335,265.78000000000003
9886dde3-d025-4ed9-846f-26021b1d3dc1,0.5851737959415,163.78
aca87890-8304-4832-873b-9adf21b29133,0.5846185906234,235.77999999999997
107e79f1-c415-4185-a189-6bb2d397ea39,0.5837727910207,229.77999999999997
0b8b1c9e-be86-4298-86cd-aaef16a778dc,0.586670880396,235.78
1036a893-9622-4011-b965-f12272b60afe,0.5880884422621,152.77999999999997
1a8a8a97-9755-4a76-940e-c1f527a57551,0.58159460111845,245.78
21d6e58d-040c-4c49-b28b-bdeb8a4513f9,0.5885259372645,195.77999999999997
d25bfe30-d093-4179-a25e-4c32bf763a1c,0.5834695443584,223.77999999999997
c42dc33c-67d2-4beb-ae85-85679406a84d,0.58727008765535,215.77999999999997
a5047383-4038-4bb5-bc3d-cbe29bc28df1,0.5809743564517,257.78
8be76612-71fa-4639-920f-ac8d51627433,0.58830233961695,206.78
2105d817-d20c-441e-aa4f-f2d87c1c2b3c,0.5864670859836,255.77999999999997
500779f7-2595-405c-a972-a09646a8e6ba,0.58052079009505,237.77999999999997
f811c854-407c-4236-bd31-b17d8ec15dca,0.5848444314159,229.77999999999997
377252d6-1fea-4017-9b5e-cdd2e9d1e519,0.5863358349334,232.78
06d95d57-bc07-499a-b8b5-19e56ed33954,0.5846018819455,289.78
0f01282a-510b-4a8d-a06d-8e8afd3181d9,0.5851737959415,163.78
5cc68bf1-9551-483c-8134-07fb424c886e,0.58215635540755,253.77999999999997
cfe04429-fa1e-4947-aa81-d5de87811c6d,0.5837727910207,229.77999999999997
dfea4479-aaec-4382-adf6-34d6a7cdb226,0.58279990310575,214.77999999999997
a116302e-e68f-481e-9f36-256c2c6e13e2,0.5880884422621,152.77999999999997
b06e1ff9-0aa6-4f27-b6b4-edb7e102aed4,0.58480704075025,230.77999999999997
9f6d6af5-1b54-44d8-9483-cf48be08459b,0.5885259372645,195.77999999999997
6f21c5a9-2a80-4c40-b6d3-968af44b1a71,0.58362406335885,204.77999999999997
87fedc8b-935c-4be0-a2ae-8dfe359856f8,0.58354948482695,230.77999999999997
5f77a1c3-c4ae-43d8-9273-3fd41480f57b,0.58368437058135,245.77999999999997
e7f75c93-cdc4-4e6b-90ea-9a3afde9e3dd,0.5817570878299,257.78
c728ab25-b63e-4c13-9f3d-fcb14c22c62b,0.5875219472657,234.77999999999997
6d3f8c95-4519-448a-aa72-fdca7ab91341,0.58566246348155,227.77999999999997
ae0c0617-7afc-40eb-98b1-e4192e130054,0.5813454306932,247.77999999999997
1fb5131d-10c7-45ec-9cab-18d81da7f7a7,0.5819919194488,231.78
448d9e37-002d-4787-8b2b-3f98d154602f,0.5803708257069,261.78000000000003
d83f746e-3424-4ee8-b3e4-f57b56223669,0.5851737959415,163.78
e5425dc9-3b5b-494c-a0a7-09acbec8c622,0.5836297635183,237.77999999999997
c72326db-eac4-45dd-8450-bbecb61fff7d,0.5862561490507,217.77999999999997
78dc4d7e-5f68-4320-b922-bddc02e761e8,0.58170924876965,242.77999999999997
a58fd3c5-5c1c-47e5-a87c-34bf1d94efcc,0.5880884422621,152.77999999999997
f63ccfb5-fe3f-4dc6-8619-20947990e128,0.58852580463335,245.77999999999997
94e3432a-9291-4109-bb54-878d65948df7,0.588418497529,210.77999999999997
e8cceb8d-6cdf-4d7b-96aa-55bd367757a2,0.58362406335885,204.77999999999997
1c6f12ef-fde0-4474-a5a6-17b397ec723c,0.58354948482695,230.77999999999997
018e704a-f797-4e9e-af7b-d0dabd39b346,0.58354948482695,230.77999999999997
f54842b5-df08-4a57-9d47-4e1e400ad46f,0.5830111605796,230.77999999999997
b195786a-0051-44bf-b72b-201dfcd8edb1,0.5817570878299,257.78
c4dafbe8-1b5a-421a-ac45-8a0f4513f4f0,0.58566246348155,227.77999999999997
2ef11df0-4a3e-4005-a17f-6f2c08604657,0.58722227194255,237.77999999999997
a47bcce0-28a1-493e-926e-1c13fe3cadc0,0.5819919194488,231.78
865589d4-56c7-4cdc-b03a-6e370a414b26,0.58895116883695,236.78
6e1948f9-7963-4d68-82dd-34d264399050,0.5851737959415,163.78
6959d744-67a4-4faf-a6fe-29f23e29523a,0.58400950598385,225.77999999999997
6b21a075-253b-4022-9497-21f12f5e60db,0.5862561490507,217.77999999999997
6d700303-49b5-4642-8e79-8c438722400a,0.58354948482695,230.77999999999997
bdc92616-5c68-48f8-8589-1acee89e076e,0.5880884422621,152.77999999999997
6def27a7-19f6-4a79-b125-12a1aed312c3,0.58354948482695,230.77999999999997
28ad0c2d-2f3a-4e58-ba52-05e62b288218,0.588418497529,210.77999999999997
b374d8cb-b5e4-4cbd-b2f6-25917ad57750,0.5860369966021,283.78
136d5659-5714-4045-a9ab-05f763a5822d,0.5816165610615,232.77999999999997
345323d3-5b25-4a97-9304-a77e4ab55597,0.5815446535682,238.77999999999997
5af138b0-2d53-44d0-b30b-0c75bcdf9c26,0.58507585501665,192.77999999999997
bf53f8e1-0b70-48cc-8b9c-da5059a8462b,0.58455690641275,214.77999999999997
696ecad0-8465-4806-9764-1e6ed6f95120,0.58441248063635,229.78
598e9cd2-b9a9-44d6-bf19-16b064786ad3,0.5862395727868,231.78
aebc52e9-f339-4dbd-90e4-7d4391664e2f,0.58469189475375,231.77999999999997
51859f1e-e969-48cf-be17-abcb568775ba,0.5821832688631,206.77999999999997
c168082e-ec98-426a-b8a1-ad66e3c68574,0.5851737959415,163.78
d3610f01-f493-4e6c-b3e8-3b9a91397a7f,0.58550752245775,208.77999999999997
c75f47b2-e7e8-4383-98bf-b6ad62f80f90,0.5811947708579,231.78
ac28f5a6-7d52-46b2-b48e-83a929aa69db,0.58132368755155,237.78
94461f40-cc2b-4b7e-8c84-772f41afd734,0.5880884422621,152.77999999999997
5694aa07-d482-4612-b25f-3aca6572dc27,0.5844317072548,250.77999999999997
d02803b9-9749-41d6-ab8e-9abfaab38246,0.58755165880805,202.77999999999997
e8da6e74-cbec-46a3-b39f-e4e498bc823e,0.58606763380295,227.77999999999997
d9f13e43-86a9-4f48-b452-b5ac4248869f,0.587305312638,245.78
ef6f0941-4c7f-4ccd-9674-999a5e5e3a26,0.58147649856015,250.78
644c45f8-7f8f-4c47-be79-7f80dbc69488,0.58507585501665,192.77999999999997
7b570cde-1db9-4639-a85a-e8c1f7984663,0.58455690641275,214.77999999999997
c510e89f-248f-4eba-9c8a-a64d73dcabe5,0.58454118756055,246.78
299f4a4c-4978-4031-b645-a6a482edcad1,0.5835134153352,249.77999999999997
0b189fcb-58c6-42be-929a-a07eb7abc7b2,0.5830546787524,283.78
5b999f22-f481-4e48-86b5-8d8ab5b25d86,0.5821832688631,206.77999999999997
d17444a8-e6b0-42a2-b132-ce57cdda59df,0.5851737959415,163.78
d54affb9-c75a-41be-ad02-08342e589b96,0.58550752245775,208.77999999999997
d6d1de7e-ca4b-4710-b198-d4e9ace07601,0.5811947708579,231.78
f550e44b-d106-462c-99de-b626ea30dc5f,0.5872284544125,223.78
a16678ba-e3e7-449d-8114-9bf2e69e5c27,0.5880884422621,152.77999999999997
e892c0eb-43e4-4a8d-8332-a5124f07f68c,0.5860369966021,283.78
95afcae2-41f7-485b-a336-d037f8c887ac,0.58755165880805,202.77999999999997
cef3578b-1047-4af4-b0fb-d753ccdbc86f,0.5832300891952,200.77999999999997
81c4faf2-aa86-4c7c-b4a8-1ac3105d77d2,0.5824956644156,227.77999999999997
968aea51-b592-4fd3-8418-7a4216264eef,0.58373908282675,243.78
9d063bbd-3d7d-4df1-a0d6-a17a0c3f31c4,0.58263602577285,209.77999999999997
e4c3a4bc-196f-4e2e-97cd-405a97da2fcd,0.5827765720064,153.77999999999997
cf4aa0a9-4347-4d7d-a16d-ceb7d3a06798,0.58498886463585,255.78
105f3e3c-9dd5-43fd-bfe2-fc0258bfddf6,0.58749896199235,225.77999999999997
d0d301d9-ec13-422d-9d7d-0989cd557133,0.58060573462275,248.77999999999997
76b8a088-2756-45fb-8cb5-95e502288552,0.58436625373685,197.78
e8b6bf6a-1d9c-4552-92aa-cf943b38ca5c,0.5851737959415,163.78
96c56971-743d-42be-ae83-b44388288cd3,0.5849623037586,214.78
f95872b8-f611-4814-98fc-f6b4f29da0ce,0.583730780538,241.77999999999997
b8c97a82-e3ad-406a-b232-7d0df465dd01,0.5855926593258,241.77999999999997
40eb33ac-e32b-4d3d-8f62-525f764a799f,0.5880884422621,152.77999999999997
9e2bc025-23ef-4301-9b97-c5e973b6d2ba,0.58160058109525,212.77999999999997
282005a5-db3b-4eeb-b19b-dbe045275e1c,0.58564732517445,236.77999999999997
d28fc91e-ad87-433e-9456-f8d97d8dbafd,0.5832300891952,200.77999999999997
a5ac84f3-58a6-4d50-a4f6-b994e41d7490,0.58553855312565,254.78
51015e31-7e0a-4d90-b2e2-4bf5b8d7f0bb,0.58484431081575,203.77999999999997
39bdf0f6-5616-426c-9ec4-d782b29c641b,0.58263602577285,209.77999999999997
93f6d0fe-bf9c-4a18-9a2c-1df7fe128f2e,0.5827765720064,153.77999999999997
8caead92-9859-43e2-958f-d0e3ea02e2f4,0.58403296616605,181.77999999999997
a4abb929-f406-426a-85fa-a4ac662959a5,0.5875471195009,243.77999999999997
b05cff55-3b70-445d-909d-879dcda63e34,0.58399374420675,216.77999999999997
93d0394b-8214-4f53-bc96-b4b1c37c785a,0.58436625373685,197.78
ae1a0a2e-76b7-4af6-a9f0-0071498f111e,0.5851737959415,163.78
f0ed5b63-b5ee-415a-80e3-eba482216948,0.5849623037586,214.78
f7d89841-3157-4416-82b9-fd5104446065,0.58477283121515,256.78000000000003
800b8bfa-63cd-4048-a7dc-a966e611bdbb,0.58373908282675,243.78
aad406e8-bb46-4303-9d9f-a86b42fac4b5,0.5880884422621,152.77999999999997
f4722144-6340-48d1-9d0a-7feed36b31f9,0.58160058109525,212.77999999999997
737326bb-d1d3-462d-8ce4-7cd69377807e,0.582064657662,228.78000000000003
44d601da-af6d-40cf-8bc2-319cc7bb7f86,0.58224284956465,232.77999999999997
c5156ad2-bd18-46d0-a60e-fff24a8fa3be,0.58336272882355,240.78
59abf0ba-d972-4c33-8bc1-4055ed27a5ac,0.58477123836555,206.77999999999997
2d18cb8b-620f-4b97-8659-66500f3d1772,0.5855225457742,238.77999999999997
73e3c8b3-c679-4089-9610-86e7891b37ff,0.5827765720064,153.77999999999997
40ec200f-d0f8-4e3e-8d67-50c4f9404a95,0.582912569341,219.77999999999997
aef569da-918b-421a-ac48-2e581dd45beb,0.5845154536652,204.77999999999997
dc964853-0eec-4876-a60d-862e25119b3e,0.58690668200805,242.78
90220867-003b-4374-9094-b7cffb0c0bd0,0.58467420973525,233.77999999999997
fb54eded-f702-400a-a1ab-85eb62d28c6f,0.58345473246315,208.77999999999997
13900a29-c0df-44ee-8c28-7d8ccccca2ea,0.5865255698168,228.77999999999997
95519f9a-fc9b-47a8-aaf1-21f14e106488,0.58444975786485,187.77999999999997
2bdefcbf-db43-459d-9d49-229434764f93,0.58457032291575,253.77999999999997
da197df7-2eb5-4013-ae24-d93fbb238b3e,0.5880884422621,152.77999999999997
38dc7e6c-397c-4318-8bd9-55625c9f11f9,0.5843009137286,232.77999999999997
bcd6c01d-5d5f-4569-b3ca-7435015aec9a,0.5859743940727,237.77999999999997
86c5c1cb-ed80-4e91-b391-0dd5c35f07a0,0.58778440345675,201.77999999999997
621b5ab5-5be0-43f5-956c-acfd03a3cd47,0.58519338365695,158.78
472ac2af-ad2a-404a-bcee-b373c9567ce8,0.58477123836555,206.77999999999997
11fc1bc8-04ec-4e2b-8ad2-73a5bd20871f,0.5849152329669,210.77999999999997
0ae4eaaa-ede6-4acf-9440-3caaf03aeee3,0.5827765720064,153.77999999999997
8c014e38-c637-401b-9c0e-6d5277f7679a,0.582912569341,219.77999999999997
ee0a3390-67ff-47ad-ae49-47e37df040b2,0.5845154536652,204.77999999999997
a6b790a5-856f-4f52-b5ac-c132eb0d1308,0.58456795030395,222.77999999999997
d14c66d6-a790-4d88-8918-b3133d92c688,0.58224284956465,232.77999999999997
0d954e2b-7563-4be9-86ca-70407980fc4c,0.58345473246315,208.77999999999997
69a13f76-41bf-40d7-b5a0-c0a58eb009bd,0.5865255698168,228.77999999999997
1ae04c7f-30e6-40ca-a08b-616b5a3ae1b5,0.58444975786485,187.77999999999997
ef879e1f-ada4-4694-8701-d0c07a74cda8,0.5855225457742,238.77999999999997
495e03cf-82e6-4aa6-af86-9d2568b49df3,0.5880884422621,152.77999999999997
463dbe7b-4bd4-4423-9ce6-14d4c50de300,0.58682140126885,241.77999999999997
0b525122-3e97-454b-b53b-1a6afd33022e,0.58650043700855,181.77999999999997
31084727-f7e0-493f-ab7e-558184106461,0.5843809048809,217.77999999999997
b6c6633d-6d47-478d-a2d2-e5e6e974de6b,0.58402310186435,251.78
9c962554-298a-4fd7-8c62-f27ce0f51bac,0.58678072044215,233.78
8ee861d8-ab38-4c9c-bd65-341af229f5cf,0.58268312016245,245.78
ce37ac7b-daf4-4e09-8176-7a859a023f1a,0.5827765720064,153.77999999999997
b40f895f-baf3-4f1e-924b-3269e8060add,0.58728373898215,266.78000000000003
aa1bbefa-2640-40c5-be7d-264d92299f09,0.58461710462945,247.78
fd7b1f44-de61-4f40-9aa6-7f555a20ee3a,0.58629062238665,257.78000000000003
1e1cd562-bec8-4f7c-8aea-1a72dcfce8f1,0.5842691176815,230.77999999999997
a21f65cb-cdc7-44c1-9d70-4186fc7c9725,0.5857352326626,220.77999999999997
32faad27-141d-400c-8675-06327fdcf050,0.5826078482196,259.78
2c4b75da-700d-4346-806c-a1aff98ffc46,0.5831270414683,237.78
0e36a2f0-4e57-4b66-a272-e41c8d146b6e,0.58534283066075,230.78
13bdc4c7-a7f7-402c-867c-5d4146662009,0.5880884422621,152.77999999999997
0640e9e8-17e5-42e9-bbb5-3b5071d71677,0.58061548787105,269.78000000000003
81a7559c-a8b2-453e-a29e-74f45497c5e4,0.5840261042861,223.77999999999997
3f8efacf-68e0-4598-b59a-15e30b5aa560,0.5843809048809,217.77999999999997
fefb2a0f-4979-4e61-8bed-8f439776c17a,0.58240706804165,197.78
9dd6fcc6-3691-468b-bb81-b78fd09a1ab7,0.58678072044215,233.78
0dd95697-6f42-4ecd-9819-fcfec9874b34,0.58541757656945,195.77999999999997
fc4394e9-8230-4c52-ae9c-93bddecaced0,0.5827765720064,153.77999999999997
2b7dc4b9-d9d0-4633-ad25-d70eb8da97cd,0.5843809048809,217.77999999999997
ee34b8e1-24ad-4c74-8765-33d6de131186,0.58428071167355,251.78
b01bdbec-2bc8-4ef2-9f66-615985219505,0.5824099826488,215.77999999999997
1af9398e-6cca-452d-a75b-b2f15e9b6d26,0.5842691176815,230.77999999999997
8c2c3940-6b8b-4458-a727-d34de2ea510d,0.5857352326626,220.77999999999997
d9dd5877-1159-4115-a202-2462384a89cd,0.5816534382677,233.77999999999997
faee7576-33d5-4101-b671-34fa8f662be5,0.58313727599725,236.77999999999997
3cfb453b-b63f-42dd-8117-d3d0ee56b8bb,0.58534283066075,230.78
102f62cd-d87c-4054-8876-79bcb7cdde21,0.5880884422621,152.77999999999997
b93b0aa2-07e3-430c-a529-5c82d03ad99b,0.5843809048809,217.77999999999997
8fecbb42-039c-4cea-8785-442577e96766,0.5840261042861,223.77999999999997
2be78f68-49b1-43bf-aeae-a5e0d753c472,0.58812495981015,241.78
0fcc3f52-7ecf-4590-8497-da4fac616195,0.58604277221335,260.78
c46027c5-29db-4d62-9b1b-dbe31cc1f4f5,0.5855438377546,275.78
c0b2628a-df5b-4f31-8704-a16700c1ff3e,0.58192129761,290.78
5fe517e4-c4fe-428c-9d87-c62fc3f73f8d,0.5827765720064,153.77999999999997
23acf56c-c5a7-45e0-a839-2a779c22aecd,0.58280894827245,228.78
ed4af9e2-d206-4497-a91e-a8cdc88926a8,0.5840256509648,260.78000000000003
64039dc5-089e-4ef3-b1d2-70b5b79c5f82,0.58365051993685,266.78000000000003
a2195af5-e683-40f0-b2bf-85164bd2cad8,0.58317400233695,251.77999999999997
54395519-3045-4980-9b85-bdd36de858e8,0.5806969020472,247.78
bd10105c-17dc-458c-baf2-9417a934a677,0.5836661816745,251.77999999999997
e7ac88a9-3eaa-4d73-8a67-917540fe3281,0.58171128012045,269.78000000000003
df598fc2-6542-4d52-a95e-12f7f12d6519,0.58250731164835,231.77999999999997
cc7d4c4b-79b2-4ad7-9369-0af26233ec6c,0.5880884422621,152.77999999999997
468c5512-c846-43a5-9b84-63b6e5c4cb52,0.58717772683175,190.77999999999997
e6b6497d-d06f-4a45-bf19-f4f738b28812,0.58658487074275,238.77999999999997
fdb59a32-99f4-4589-8988-eb9d4c0de725,0.58812495981015,241.78
37560081-b654-4cf4-a24e-6287b8eb751a,0.58812495981015,241.78
89624663-92ad-427f-b3b1-88e04fb7168a,0.58812495981015,241.78
4e7dd058-253d-452b-88c5-84a1bd0e1583,0.5827765720064,153.77999999999997
4733ff58-5452-4064-af2d-85712fcee6b1,0.5827765720064,153.77999999999997
880084c0-905d-42a6-a100-fd64a8faafc2,0.58280894827245,228.78
d5db6d43-2f66-424b-9a49-f388fa30fce7,0.58742711652205,252.78
34c1680d-24a1-43e8-b705-57e598e91e56,0.58225135600195,262.78000000000003
58335aed-17d5-4ad3-84a8-2ffd147f869e,0.58488745997935,245.78
577caf84-3fd7-48f8-b6f8-a7d61511ee49,0.5806969020472,247.78
6f11c755-2c90-49c8-9697-8a991238e4a3,0.58812495981015,241.78
7d9d40ce-2b91-4acb-919c-0f73d90f8d0b,0.5858234811519,283.78
ed0082c2-7318-4aa7-b827-d2af0b53b458,0.58250731164835,231.77999999999997
647966d3-401a-4f79-b318-827984fc8352,0.5880884422621,152.77999999999997
d5825e25-e689-4f87-9d72-5344d8c19aeb,0.58717772683175,190.77999999999997
2ebae222-e3a0-466a-93d4-0ee5d4a596e6,0.58658487074275,238.77999999999997
76de28f5-a9c2-4ca9-97fa-42873198a5c2,0.5875252889125,220.78
55826e60-da31-46f8-904b-057f654baed4,0.58048521629345,214.77999999999997
dd4968d7-8cf2-4019-a6d5-369bc487e827,0.5837357824571,227.77999999999997
f9edc789-3862-45ad-a5ec-2ae55b7251ae,0.5827765720064,153.77999999999997
b90ec8bd-8f92-4179-8d77-95c077f57a7f,0.5827765720064,153.77999999999997
a3ee4801-64e1-4e20-baee-f0850cab2ac3,0.5851464021077,249.77999999999997
989b6542-6aec-4611-91dd-a9e29b1cc48d,0.5860139443796,215.78
2ecfee96-c80d-424b-9ab2-6dac59ab5fff,0.58428499972775,253.77999999999997
71642830-4c07-4e90-9d65-9618cd6e31eb,0.58242057821095,267.78000000000003
726a23e3-7db1-4cef-9758-f9054ad0dc0d,0.58780945768495,201.77999999999997
6e022416-e551-4355-9c18-7678819398b3,0.58252942749655,228.78
60a9db7c-2b6b-421a-98f2-bc0e3ec1d8ea,0.58334433928545,240.78
a84f31f4-1178-4a5b-bc75-59fd51508fcb,0.5814233642106,224.78
e086934a-0476-4cb4-94d0-aab3ad6fc9e1,0.5856906207386,253.78
68f4f074-eb43-4855-9e4a-3b0936ec1806,0.58440647166185,230.77999999999997
9d317dff-b55a-4df7-81a8-3dc6eac163e6,0.57773073504445,184.77999999999997
fa1d1073-1992-4811-bb99-4614670ec54a,0.5875252889125,220.78
2f47d277-436d-41b7-baee-f905b0e905e8,0.58048521629345,214.77999999999997
f29379a6-4e4e-42bd-a861-74b2d992f21b,0.58369423811915,225.77999999999997
44c9f05f-cfba-451e-8cde-ee29d82498e7,0.5827765720064,153.77999999999997
34d162dd-c85d-46da-bae3-85e0cbf359ed,0.5827765720064,153.77999999999997
4db215a0-72fc-4194-9f77-5557b2ee158b,0.58467129454115,165.77999999999997
058c0574-9bfc-40ab-872d-696d3af6f920,0.5860139443796,215.78
2e627115-63ad-4c2f-a0bb-3f67a32b3b36,0.58048521629345,214.77999999999997
17ac64f7-2318-4ee5-8fcf-79ecb7158e12,0.58196421569065,196.77999999999997
5f2a8389-1c61-478b-984a-97a34858bc89,0.58780945768495,201.77999999999997
33a89ad2-5e2e-4995-9afa-08b5a08bbc18,0.58494643239095,243.78
c23ffd86-1041-4673-bc92-07379584bbd1,0.5851867892127,215.77999999999997
feccdbf1-1a0a-4dfa-8fd5-ca49a1340500,0.5814233642106,224.78
d855abcb-f080-47cf-b54d-e5fcb85ca523,0.5834319840093,211.77999999999997
87aeb55e-7579-4622-85d8-8aed8db664f4,0.58256715430535,211.78000000000003
7d0f9f1a-ccc6-4383-9d1c-74e232fe6d36,0.57773073504445,184.77999999999997
33f7d285-c879-44a0-af80-48bb3e439c4c,0.58495053761545,239.78
d498ac54-536b-4cb3-a85b-9b8677f52180,0.5840136820868,281.78
07e4ffff-8c57-4d60-959a-ca6850cf075a,0.5816154516416,213.77999999999997
063345e1-f64b-4b81-a840-84e4116aa98f,0.5827765720064,153.77999999999997
8c1b3f9f-d98e-45b7-9427-db31a4a6831b,0.5827765720064,153.77999999999997
42b0241c-ef84-41dc-8a38-25378dff113c,0.58866449763595,241.78
f4e92873-2cdb-425f-b003-066f1a5db138,0.58541735086555,217.77999999999997
198a5a99-987a-419c-91c6-39d8a5158524,0.58376460267375,209.77999999999997
1506be92-9c8d-4617-aca6-a599ccece836,0.5844270128352,198.77999999999997
1f54d57d-c784-4b77-807e-ff3a818c1a63,0.5829460825397,231.77999999999997
da057a09-08ee-4611-83c5-d64b764027b3,0.5869806404325,250.78
0fb358ed-f238-49a5-b70f-37f120e007a5,0.58394802042555,236.77999999999997
136a2c1c-2f62-42bd-a473-7b83abab2599,0.58147306987995,225.78
9355b4d1-ca07-4f08-970c-da396592f15b,0.5820219494055,269.78000000000003
673d0a4c-3f33-4718-9951-7dbab32011e7,0.5847443372103,203.77999999999997
b465d90e-4ebb-4ef7-8b2c-431375c4da84,0.58365909879215,244.78
d13663b1-a962-494a-97b2-f5b849ed611c,0.58495053761545,239.78
2b6c02b3-3c59-4d69-ab39-48b006028544,0.58352230510925,254.78
58b44350-8dac-4177-a69f-2692f1c83075,0.5816154516416,213.77999999999997
bdf6f491-4542-4749-b0ad-3661af1a99a2,0.5827765720064,153.77999999999997
9e7c77f8-6cdf-4441-8576-bbff42d91484,0.5827765720064,153.77999999999997
5cbc504d-cb6f-4cef-b8f5-6e243c4351b2,0.58495053761545,239.78
9a7358ed-fc7b-4742-b907-409639e809a7,0.58541735086555,217.77999999999997
c3d8337b-93b3-44fb-8ae6-cf972e2f266a,0.58376460267375,209.77999999999997
e30cc6fd-75b4-4813-b0a9-6811e4ac0561,0.5844270128352,198.77999999999997
d9e6ea7d-064d-4215-825d-78a89bf659ac,0.5841342589714,276.78
096a6ca9-d063-40a3-b643-9a6e941f379c,0.58337832204495,204.77999999999997
556b5797-3243-4e6b-ba4d-4141086af7a1,0.5807279394324,273.78
b74a13c7-8191-4655-a3db-2ef712feae6a,0.58147306987995,225.78
34c3baef-d13c-49ee-800a-36623176916b,0.5854694220456,189.77999999999997
29effb79-692d-46d7-8ac8-9786c9714f6c,0.5847443372103,203.77999999999997
c974b600-5af8-4703-8dfa-934b9571dde2,0.5816154516416,213.77999999999997
dc41a4c5-aa94-402f-8c2e-fb0dfe42cc38,0.5814433722684,243.77999999999997
8bafc021-591f-4058-80ef-6c54ae57dc3c,0.58268246036425,216.78
8e6dadd0-e1d6-48ee-ae2a-a91a0a8860bc,0.5878993341386,254.78
58da9924-16bb-4fc0-81af-d233970ef023,0.5827765720064,153.77999999999997
5bc7253a-8350-475f-a14e-f588ad970f37,0.5827765720064,153.77999999999997
bb6b4305-5134-461f-9004-e239e7347a1a,0.5859134815237,267.78000000000003
bde55440-3d5d-486d-96e9-08030a7adbc7,0.5853428116016,198.77999999999997
5d5a4324-a7af-4eea-9d24-4495eae78ccb,0.5802550789357,239.78
60740cc8-62c1-47a8-98cd-a3862d810509,0.5842027495477,223.78
f4516fb7-c83b-46e6-ab8b-e4bf7e3e2eca,0.5867498111325,224.78
ec1b20ba-5cc1-4536-b64b-5299690a758b,0.5858577338444,247.78
69e5cb78-cec1-46b0-85cf-f59fa6896161,0.5828227397745,220.77999999999997
292fe348-4d0e-4cdc-88f8-a4525d5daead,0.58610299093525,248.78
4ea1eab0-6c05-4b37-88d3-2a9d67517ebd,0.5820392591964,239.77999999999997
c6fbde3d-54fe-468c-8840-c75668dc2e3f,0.5827082783641,238.78
df8b7c8d-332a-4340-8ca6-9b88e8a62dc2,0.5847364488278,289.78
8aeed54c-bcf1-47a2-847d-d18c9be5d32f,0.58318443316935,241.77999999999997
c890d8e4-b802-4404-9952-904c07718f99,0.58268246036425,216.78
7ea897a3-462d-4867-9096-47f2785fa3c0,0.58483068478225,236.77999999999997
c969600e-63c3-47c8-b894-a378660f2901,0.5827765720064,153.77999999999997
c73af36b-22d3-4ce1-b51c-5c32f815f06a,0.5827765720064,153.77999999999997
b430403a-361b-4cd8-9e4d-39efcf56663a,0.5827765720064,153.77999999999997
39885664-0d50-4038-9999-bdd75e941b05,0.5853428116016,198.77999999999997
2868152c-ef83-403d-aeba-965c81c1c288,0.5802550789357,239.78
6cd62e72-20be-4c77-8259-e5017eeb7ca2,0.5842027495477,223.78
0b21f087-0db1-4505-b49b-72229c7af642,0.5867498111325,224.78
789704be-847d-47a1-8b44-95935bb0f044,0.5878993341386,254.78
a1dd6c7b-553a-480b-8aa3-447899ec42bb,0.5828227397745,220.77999999999997
74692730-bfe6-4361-84d6-4dc3ce6ad9e6,0.58060920698405,232.77999999999997
560577ba-0b8e-490a-a16b-f9b59648513c,0.58533551962885,254.78
95acc108-33a1-4c21-92bb-0ca068f63d1d,0.58462914209765,210.77999999999997
1e2e773d-63d2-49c2-9a32-46e50f602a85,0.5844139514028,229.77999999999997
056efcfd-61c7-4ca3-9d77-0e752cb02271,0.58740999962295,203.77999999999997
4e610d21-0e75-4b4b-97d1-c8d7d921da4e,0.5867828516989,230.77999999999997
54f0b879-2c46-4f13-a43c-0bcff7bc6664,0.58464645683295,245.77999999999997
2a4cc4a9-560d-4e6a-8efb-fad6cb5d076e,0.5827765720064,153.77999999999997
6b7b904b-d670-4d2d-82ef-e4d39e401253,0.5827765720064,153.77999999999997
3be81bed-b3ae-40a0-9c60-36bb7b795266,0.58364428193055,245.77999999999997
cedc06f1-f50d-4e83-a3a1-3daa84674dc7,0.5855221007859,238.78
23121e3f-f03f-4467-a390-e2635efe8407,0.5862431221937,239.78
8a87d37d-6350-4267-be56-bb517b50b6d9,0.5845060574612,265.78000000000003
7b949e0b-30af-48c3-9ae7-d0a7dec7162b,0.5811776452793,274.78
b0b487f8-d2f8-4b31-8628-255469eb7704,0.58270762411405,245.78
53c31b61-6e62-4a3f-8cd6-6c6a72684025,0.5816725111192,260.78
f4af0c2f-1e2e-4f36-b444-3f3363edec4a,0.5849816903035,266.78000000000003
14fa30a2-5b30-4aa8-a1a4-d78546275702,0.58646965128605,255.78
daa71f0e-93d1-456d-b07c-3ffd14bf9258,0.5848766932869,281.78
80a5d215-d7e2-4919-82f0-320e37043a4b,0.58456629810375,248.78
48d1d9ec-b56c-473d-bedc-3234ed6efca7,0.58740999962295,203.77999999999997
0bf1dd5a-e231-4f85-a0d6-b64eec6adbd0,0.5867828516989,230.77999999999997
9c4dfc24-7b08-44fc-a9f2-b446cdca26d7,0.58366457240495,179.77999999999997
7482cf28-ae03-45fc-a2f6-1b773c6e52c7,0.5827765720064,153.77999999999997
f7c65669-66a8-4a5f-a197-037c3b53de1c,0.5827765720064,153.77999999999997
da1d3a39-bc2e-4037-be00-eeabbf081101,0.58364428193055,245.77999999999997
5339aa91-55a2-4659-ab58-862b0adbc32c,0.5855221007859,238.78
7fccd3a9-4bcc-495d-b0a5-0e556167972d,0.5862431221937,239.78
38800127-13b4-4444-8353-e7f5523a721e,0.58734510824865,208.77999999999997
a54fe386-d5ae-4bf2-9c14-94a61bee3419,0.58847768752385,189.77999999999997
08698a11-c008-4000-90eb-e2c22ebf7ff9,0.58270762411405,245.78
783bb470-654c-491a-8c5b-041d90572d4f,0.58740999962295,203.77999999999997
77da7369-e2bb-4902-bc8b-ec1cda513bd4,0.58387749698385,218.77999999999997
b28c49e9-c963-45b4-a8d7-eedddbc79540,0.5867828516989,230.77999999999997
2ca02224-82a6-485f-8d9c-4c13f91a9244,0.58207708991105,253.78
854d4090-b9e6-4d2c-b128-923910785fe5,0.5863372843675,177.77999999999997
5f215d6b-a540-47b9-bf57-2c8dad6c42f8,0.58512751443015,242.77999999999997
b1fbab40-1f3a-457d-99c4-8902f3bbaa65,0.58344781179115,253.78000000000003
b339250c-3fca-4f9c-811e-f49f02658bcf,0.58488083156935,223.78000000000003
2be56139-64d0-4ba8-8e77-317eca10b940,0.5827765720064,153.77999999999997
dc9cb165-7264-4e64-a25c-8fa911727712,0.5827765720064,153.77999999999997
1789c970-6d89-4d46-a74f-b20763890b34,0.5793893249727,219.77999999999997
d46abaf8-aa47-4631-bb8b-d597988815b2,0.58753704335675,242.78
6ee3b901-db5c-4165-8210-53762a63d3c1,0.5827401241708,233.78
0e9b9782-287c-4d05-a4ca-22b90d4d7999,0.58645369798965,249.78
13f468ca-8b52-4fad-9c08-207be5b2100d,0.5848691147216,257.78
21473547-0653-46db-bafd-8053416d1d41,0.583983569161,203.78
011dd912-c18a-44c2-9e1b-6546ad20df03,0.58360597940185,245.77999999999997
e2e6547f-d251-4d41-a7c8-1834ad04aa75,0.58638688363985,265.78000000000003
f784acb1-c4ef-4cef-9003-d765f830e471,0.5831205773245,247.77999999999997
ca479524-2a5d-4a65-94e4-16a53dd03a04,0.58444348533695,228.77999999999997
6c2950d7-6265-405f-bf88-f0d5cbaa64cc,0.58573954886495,243.77999999999997
a535171e-38cf-4518-8a58-96cc7ed81f91,0.58512751443015,242.77999999999997
3e5353ef-4303-4460-9504-f87aa9126c61,0.5843362122689,222.77999999999997
db3ce9a6-d141-47a3-bd57-5a8080ff994f,0.58488083156935,223.78000000000003
68c103a3-e569-43d2-9054-fa5035f4ceb1,0.5827765720064,153.77999999999997
c45b9906-aaaa-482e-b386-6f6f9fce7e1f,0.5827765720064,153.77999999999997
458b2691-77be-4022-8bc3-ab21b1759297,0.5793893249727,219.77999999999997
58b7a164-2773-4fa3-a39c-b6e984a48443,0.58344781179115,253.78000000000003
4fe72bb4-3812-41fd-a765-0b5c2dccaaf8,0.5827401241708,233.78
6d940b22-c01e-4ba7-acc1-19bb81413d68,0.5838794004214,240.78
2e027b38-77d2-486c-b9ca-c3666689a1aa,0.5824839790338,237.78000000000003
83da43d4-adc8-4805-958f-658eee6102b6,0.583983569161,203.78
a2937734-923f-4580-9d65-53945ce5e5fc,0.58755083497615,214.77999999999997
5420ce19-b2c1-4e1c-9cb2-662575c3ea59,0.58592716768595,188.77999999999997
c7269bb9-4956-4aa8-8f7e-073939b36711,0.58406891757775,198.77999999999997
606c36a9-3c02-4194-87d3-f5497123bdc9,0.58444348533695,228.77999999999997
d22595a0-750a-489a-bb2e-a939b0892f21,0.58214278902665,274.78
b6a8555c-993a-454b-8492-363f8267050a,0.58351294982175,263.78000000000003
01601231-74e6-4ed1-a0ec-65e3cec66977,0.5818491716576,257.78000000000003
badc39be-3077-4974-8186-e6537e9bf049,0.58194292792085,223.77999999999997
0621a9b7-789c-49e8-a8c6-f8ac40056b50,0.5827765720064,153.77999999999997
8714c2e4-0967-476c-a627-a3160936665d,0.5827765720064,153.77999999999997
e2eb8191-1872-42cd-aefb-c7c874e40c0a,0.5827552761406,262.78
5de7816e-d005-49cb-a64a-30871214e5a2,0.58501135859115,255.78
ab77d7c0-d578-495c-8a43-9dc791deffad,0.5836558666421,234.77999999999997
baffa166-ff2a-4533-b9d2-9f4a142f23e7,0.58588660488615,208.77999999999997
479456a0-ab4e-4ffe-a158-a4fecbda6444,0.58625312189525,268.78000000000003
65551efd-66e4-4763-b83a-50043a1996c9,0.5826003161658,240.77999999999997
8aeae31a-f345-402e-b2be-16033cf284d3,0.58860245196985,211.77999999999997
f61a4017-520b-4d81-886d-0b77c7462cb6,0.5845426173838,250.78
abc5a974-6cd6-4ad8-b9f5-afd17d24c5dd,0.5813468015947,255.78
15ca947c-0e79-45b3-8d48-4bac302d4d7f,0.5813157043012,263.78000000000003
259a2162-28aa-4004-b0d7-8e41b8e16381,0.5880502947103,237.77999999999997
ba7b9d1e-45c7-4429-8d85-28c8d07befdc,0.58487526426615,253.77999999999997
cc556556-01c4-4e18-98ae-67b57936bcbf,0.585675327707,214.78
ed51876b-b73d-490d-99d1-a9f8b0da5e27,0.58194292792085,223.77999999999997
5e8bdf10-f07a-4784-889a-0718f02742be,0.5827765720064,153.77999999999997
0ded038d-b0e9-48b0-83fe-9c09514442a5,0.5827765720064,153.77999999999997
3de833ec-3cf6-4ea9-86fc-4eec2b63daad,0.5882191461991,246.77999999999997
3a7ff151-746f-4950-ab5c-484b9004ee3d,0.58802800599485,225.77999999999997
142bc4af-ee36-4060-a6a1-67ec0a532184,0.5836558666421,234.77999999999997
c1ed6012-7cee-4c8d-b83b-56245f4f8b9e,0.58588660488615,208.77999999999997
b6ec41c7-11a4-4ece-a37e-902cf9b33c11,0.58168225989015,239.77999999999997
4c8f4f93-9ecb-430c-94aa-a19978566a8e,0.5826003161658,240.77999999999997
8596f7d0-9b2a-46f9-8d75-dc5b4b4b1a58,0.58860245196985,211.77999999999997
23281286-b544-4e9c-ac8d-c8da925ee262,0.58351294982175,263.78000000000003
7e855155-d727-4f9a-bf8d-9d078d10168e,0.58438540772585,266.78000000000003
aff7eec8-4a0b-4cce-a8af-3ca123acd801,0.58341670088605,265.78000000000003
55b82df9-ce33-4009-890b-80f2eedb48e2,0.5880502947103,237.77999999999997
7518e2ab-e157-418f-9342-9070f8cececd,0.58296917444155,261.78000000000003
a1e6d076-02c7-410d-9af2-c019ce188890,0.5817503896926,248.77999999999997
2e8df25b-6c42-4abf-84c3-41e88befb8e8,0.58539285512425,228.78
ef196fa8-0c8b-4582-a386-bd07ffebfc8b,0.5827765720064,153.77999999999997
014c5c2c-c31d-4fcb-8f54-7c7a7018f207,0.5827765720064,153.77999999999997
85f55b27-247a-4032-8f25-d6247aeb437c,0.5842244399647,233.77999999999997
82bffc82-f193-42eb-9f6e-46fbaa70466c,0.5813514372037,231.77999999999997
2b367d75-9382-4dd7-bbb4-1c3bb086e199,0.5826768348945,233.77999999999997
fecb12a9-8b46-413c-9743-6d06c59d98b9,0.58575647442755,233.77999999999997
a58ede01-db82-4fbb-8930-2507079ebdf5,0.5854273985833,222.78
fe846a4b-6925-4b61-96ba-850f21e8a525,0.58528083367825,259.78000000000003
5a00e302-e8cb-4212-911a-788757ffd112,0.5837642628095,239.78
d4b81166-5696-4fc3-bd2a-289389a3a9e2,0.5821957644121,224.77999999999997
8d2bcd3b-9d49-4d9e-a884-d7cca509e7d4,0.5862537911352,230.77999999999997
d45e675d-4101-41f2-a31a-763891febd99,0.5836467752623,231.77999999999997
5c758620-a63a-4593-9e25-69d1d345d2d5,0.5852065893914,239.77999999999997
c1aeb20f-bff2-4f96-8256-9f703436e3d7,0.5817503896926,248.77999999999997
7b4ff83b-28fc-4c16-b660-190b7ea1d5cb,0.58296917444155,261.78000000000003
fb517114-d3b4-4af4-b5bf-7348bb9c7a87,0.58539285512425,228.78
b07d31ff-498c-4823-8cfa-a463642f2366,0.5827765720064,153.77999999999997
cadee390-b212-4cce-9c32-b89f83631752,0.5827765720064,153.77999999999997
6fb3b36d-3e4e-4ccc-bc45-133ef9c0b421,0.58296917444155,261.78000000000003
c619e4b4-f5df-49b4-8212-f83e46c5cd3a,0.5813514372037,231.77999999999997
7ee9a777-fd87-48a1-8f1d-06df5f0031b7,0.5822812041919,248.78000000000003
b1512e56-7065-4a02-b74b-a465477a9830,0.5820757883629,263.78000000000003
7e94e24c-f301-4175-99ac-a514f83f2262,0.5854273985833,222.78
ab5d0c63-8eb9-48cd-b05c-c6a85927d768,0.58488087219645,246.77999999999997
7335b925-26d2-4b27-a90f-13f0bb4d368a,0.5809702398653,250.77999999999997
bccf54dc-b956-429f-b6dc-f6d06846e06e,0.5821957644121,224.77999999999997
e56e9f52-4916-4f2d-8643-eee80bd7d878,0.5862537911352,230.77999999999997
d067a068-ccf7-4301-94a6-6de08a6de8e1,0.5836467752623,231.77999999999997
1d84c3e0-b7bc-4ecb-8234-7bb222a1a4d6,0.58304555445495,240.77999999999997
339ed5b9-1ec8-4880-bad3-37ec7bae643e,0.5846420480949,194.77999999999997
4bb695d7-2f91-4146-8fc4-640ace82a2fe,0.58410888929355,257.78
70efa9b2-7ddb-4cba-92db-5cc0594e4d67,0.5828499736113,237.77999999999997
bf2d25ba-00da-4064-88da-59f9e287dda5,0.5827765720064,153.77999999999997
4b94841e-4693-46c4-aed1-1ca73d027d47,0.5827765720064,153.77999999999997
ed1bb6a3-11a1-47c3-8879-6835b2d03980,0.58570911121835,222.77999999999997
8a8cdf9c-3077-41eb-b669-8826402c8571,0.5867782493354,232.78
c5e2cb43-e029-43a9-a59e-94f14bfc2324,0.58335377749855,261.78000000000003
fe24b700-4fc0-484d-8c8c-cc011a9f4820,0.5853667436055,277.78
03be2d89-7986-49a7-a84c-9b295fab81f2,0.58341423432595,256.78
96a4fb2a-2daa-4be3-96fc-b8a691450039,0.58436140338275,235.77999999999997
5e9dd28b-02d0-4f6c-a82e-d1e26da40778,0.5819975654695,259.78000000000003
e3e605e7-6a8f-434c-b2eb-13639155d076,0.5844643225831,221.77999999999997
61f3a1f3-9caf-4542-85d3-2778d97f1161,0.5792376951788,182.78
db727753-7368-4817-a255-3d29482ed6d4,0.5854643504462,288.78
1d292e23-5962-4ef0-b0d7-2617df1db849,0.586319404768,253.78
bb07bed3-d279-4d5e-a44b-bcef48092152,0.5846420480949,194.77999999999997
979443e2-9308-40cd-aea9-0080ed07242c,0.5846298539919,225.77999999999997
3e0ac7b9-2112-4bb7-8961-57dedcc90c7f,0.5838869720347,221.77999999999997
01ba7ed9-e5a2-490e-885e-ae2bc629e176,0.5827765720064,153.77999999999997
3cf456de-3739-4a98-9ed3-fbfe1010dca2,0.5827765720064,153.77999999999997
c864225f-e6a5-4e2b-9d78-00805b92d617,0.58570911121835,222.77999999999997
b73d0755-3908-4468-98ab-4727846afa4f,0.5867782493354,232.78
4c2f82d9-5ad6-4520-9b19-a7541a0cd981,0.58608105722955,259.78
a510a09f-a6da-417f-bd6f-2e137dbe5254,0.58410888929355,257.78
3e596e66-b8d7-4cbd-abad-cf8d5931d52f,0.58508381337655,152.78
bc8280ee-3993-4df9-a174-75c0526a4bfd,0.58436140338275,235.77999999999997
43f2bb5c-8848-4835-a210-769199d05558,0.58659779045875,158.77999999999997
02b934e9-76d7-4e79-a375-18595cf668de,0.5844643225831,221.77999999999997
bcd67ac6-7cee-4959-9b19-2cb1d8decdc9,0.5792376951788,182.78
1563ac3a-c217-4a6a-b1b9-cc93d6954b4f,0.5828499736113,237.77999999999997
000a5c1f-48be-4e72-952f-e106c012e0a9,0.5865002163543,243.78
9e542dac-6573-4297-acbf-1ebd65f3aaf6,0.5832762991687,255.78
0347cebb-82c6-4357-b9d3-be42e0a57988,0.58581287495985,245.77999999999997
14c8e297-dca5-4f09-8b18-4a8e02293f1b,0.58807414673935,257.78000000000003
baa0b70e-067d-4efd-93eb-b9df82c56183,0.5827765720064,153.77999999999997
4e2a7ad8-1c5b-4e86-aa30-66bb6ab1278e,0.5827765720064,153.77999999999997
d181b3af-78bc-4852-8036-fd06c7466214,0.583598129356,196.77999999999997
27eaf339-9f63-42f6-9e19-a7562b30c70b,0.58717398642465,200.77999999999997
efc51d84-e9a5-4a7c-9140-2006062f812b,0.58478542421125,242.78
84aaf3d5-4239-40a1-850f-b125c051bb01,0.5833495012566,245.78
5ba4ec08-39b5-49fe-aa02-bb8da71918b3,0.5842813995067,224.77999999999997
cfec6819-118d-4ad1-8d9f-13ad2c30e80c,0.58357888580535,223.77999999999997
390b15df-4697-458a-a93d-222fc62cb2c6,0.58669542674645,212.77999999999997
f9240a6f-6e5e-4afd-a09c-e696fa84d190,0.58548266861945,268.78000000000003
ad29fe0b-dedd-4c28-a557-a348da693883,0.5819688851863,262.78000000000003
11d445b3-83b4-411a-bab4-a2f03c23d142,0.5860375113342,267.78000000000003
82345665-97c9-4488-911c-ebea95b5bd06,0.5839836688479,222.78
e98e629b-364b-4ebe-b56c-af686fbdcd9a,0.5827765720064,153.77999999999997
65e5a0a8-445a-4635-9ca9-0c48067cd6b6,0.57934717672495,241.77999999999997
641578e3-9c7e-479e-9b47-a8d774050e73,0.58451361354305,225.78
518d4283-f5ac-41b4-884f-c37ae47bf64a,0.5827765720064,153.77999999999997
356103cc-81aa-420b-9593-7f209b9c8a3a,0.5827765720064,153.77999999999997
2a2c79e4-b01e-4aef-b381-63d94f8f7d39,0.583598129356,196.77999999999997
1ec8670b-0ab3-4d9c-95f2-d533d5bc44a4,0.58717398642465,200.77999999999997
08dbde00-428a-4e84-8a7b-6baca67eee47,0.58551896536655,206.78
516c198d-e0bb-45c2-a7e8-72b340d6fb0a,0.58419846150085,231.77999999999997
535081b8-02d3-4034-993c-2b27a90a10f4,0.5842813995067,224.77999999999997
a417b4c0-0479-4b1c-a894-3c70d061f088,0.58357888580535,223.77999999999997
e5dff362-c061-4c76-85a6-33555970307f,0.58669542674645,212.77999999999997
452b0787-5cb9-4128-b12c-fcbb16160c73,0.58443045656015,247.78
bfc80cc5-1ff0-4435-8927-726d3ac25d6d,0.58323762571275,207.77999999999997
ad4c332f-1e12-4904-aa27-bd0fcfb99e1a,0.58765152643055,269.78000000000003
a1a17d77-dc11-4716-a77d-b5dabedf30c0,0.5839836688479,222.78
7eb1229b-30f4-446c-9a48-a7f75907aa7c,0.5827765720064,153.77999999999997
07ae0c6a-dbd2-4cc2-a682-d214c60bb5f6,0.58604353888805,254.77999999999997
bfc822cd-d39f-4dc1-b019-f5f366987c2b,0.58455091972455,206.77999999999997
efa08363-4bb6-46c3-8f0c-d88694350115,0.5827765720064,153.77999999999997
3abac9b9-9319-48c7-909e-7457931d68d7,0.58530184349985,220.78
1d5ecd84-b64e-4c17-9272-a6334c1c9309,0.58553632901295,197.78
07b474d9-7413-4170-b8d1-3be7f73fda01,0.5855223134154,188.77999999999997
f68bfbc5-2cdf-4fd0-ba19-ac39f5ef5fbc,0.58509351839465,250.78
2721f05a-5b66-48c3-b55a-9d1c18e1329e,0.5848745016859,252.78
46ef9262-5b1b-4480-a42d-98f23d87a558,0.5849980823583,249.78000000000003
b9b642d2-8283-414b-9599-1acec8c854ca,0.5840652709434,234.77999999999997
bdcdf967-e3ef-468f-857d-67f40a2c22bd,0.5815762667749,270.78000000000003
0b2b02c2-6854-47c0-8699-9e615d4cc73f,0.5840684613047,223.77999999999997
b17ff6ac-1192-4c2d-8b32-65811ffd9303,0.58287700641095,273.78
310a0ad3-c869-4b03-9d92-bc8460381bd2,0.5841011369167,225.77999999999997
35054988-b48d-47d8-a3f2-7910ad3163d1,0.5813851594039,255.78
470f2be1-e95f-4632-b6ed-8b5cfaf0a27d,0.5827765720064,153.77999999999997
7267ec87-879c-4934-b96a-f5414a2b1d3c,0.5827765720064,153.77999999999997
a1d3d81a-f48d-4550-9abb-90f4d71e20c9,0.58455091972455,206.77999999999997
1f588095-742d-4bd1-acf8-42967255649c,0.5827765720064,153.77999999999997
4f07e27d-d0fe-4cf1-bd2c-9e9ad802b365,0.58530184349985,220.78
b231b7b2-8d52-4705-85dd-d75567252a39,0.58553632901295,197.78
2bfb05c1-9276-4fb5-a87e-3200ba42d687,0.5855223134154,188.77999999999997
91ca3f1a-7f31-4b26-aabf-abdd019c5d3a,0.58604353888805,254.77999999999997
a79d84a3-f0e5-4dbf-be71-91925af3cd95,0.58455091972455,206.77999999999997
6220d779-42b6-4380-9192-ba7462f6fcd1,0.58339310698285,191.77999999999997
6415231d-bfb0-4ccc-860d-ad89b847f444,0.5827765720064,153.77999999999997
b9014982-4fcd-4e6f-af1a-7cc8eedef321,0.5840558155165,217.78
f635edf0-4939-41d7-b0cc-f4a2a6915d56,0.5840684613047,223.77999999999997
50df66ba-7276-4f88-8df6-13b101b1cc3a,0.58311108959655,198.77999999999997
c2436e95-20d7-4b1b-a791-f2ede4645392,0.5841011369167,225.77999999999997
ae46fa52-5b1f-4073-b64e-479bdca3139c,0.5847693917796,221.77999999999997
a2bd27c8-f871-48a1-9405-73b90149bf6c,0.5827765720064,153.77999999999997
a2227462-5533-48c5-b8ef-b58eb93f6a5e,0.5827765720064,153.77999999999997
857d11d7-6f34-404f-b138-48ffd242e859,0.584046293702,240.77999999999997
c3367c7a-06ba-4c05-af0a-2eebc243d688,0.58321701840185,285.78
ebd3dc22-cedd-4766-b740-67f7caeae5a9,0.5846028110396,238.77999999999997
8c306ab7-cc70-492c-98e5-e54588ae3dc2,0.5884025696055,191.77999999999997
c4731e40-8f1a-4ba7-9fc4-44acc56f6ad1,0.5826892070393,244.77999999999997
95408170-bb0c-4d48-baed-dcb5f99076e6,0.58612778212315,200.77999999999997
6b47d150-1905-412a-af41-ede9151f31e2,0.5852089362076,301.78
c40a8ece-b466-4d46-b675-99628aa8eedb,0.58358728386095,278.78
74b9f141-e5c1-42ca-8bd7-717efd565dc7,0.58609767917945,229.77999999999997
600217c0-b7d4-4bb1-b644-56e82b5fdb1f,0.58460927164885,218.77999999999997
7e36f4c6-ef8d-41a6-9f72-172e66be0fe8,0.584317790795,225.77999999999997
a2b94f5c-3d36-474e-8e29-d0b30275e4d1,0.580527658182,264.78000000000003
d4b7b705-9b0a-4624-89a8-fa310af5e5cf,0.5844164328444,235.77999999999997
7a1729bb-ee74-4795-8fa1-e1b693788cd5,0.58470189558395,250.77999999999997
25565c4c-f20b-4b98-993c-b1b87c7eefb7,0.5827765720064,153.77999999999997
d053bcdd-e4cd-490a-89bc-af939e3a9283,0.5827765720064,153.77999999999997
14d2dcef-3bf9-4b6a-b06f-bc8085a8e622,0.58321701840185,285.78
ac35d66d-1135-42f5-b8f5-64cd64d35bdc,0.5839908875194,200.77999999999997
0ecddc5e-d3a7-4b59-a0ed-71258862f9de,0.5827765720064,153.77999999999997
d7cf25fc-4107-46c3-89aa-5ebb229b721a,0.5884025696055,191.77999999999997
e98bfd4d-9af4-40c0-bde7-ffa946bf4cbc,0.5827765720064,153.77999999999997
ae548c12-8303-4f12-9153-d2a2cb06b0c9,0.58612778212315,200.77999999999997
650804fe-0371-4e9e-adec-2b34fb69b519,0.5827765720064,153.77999999999997
e10db7e2-855d-45a8-bdae-0113add35659,0.5845371622218,174.77999999999997
f86d3b98-285f-49fb-8196-a6d386ed152c,0.58609767917945,229.77999999999997
f19694f1-b9b0-4ccc-a591-c840ee32a9c2,0.58460927164885,218.77999999999997
5829c784-d2a1-4523-900a-e9ebc87c0ce7,0.584317790795,225.77999999999997
b6566da6-c0e3-4742-bbe8-24b0cd7e5a3f,0.5827765720064,153.77999999999997
dcfaa13b-2b0a-469b-9781-7b605038ce7f,0.5844164328444,235.77999999999997
24fbe698-c6eb-41ef-a7c5-39f6a1d1c895,0.58478046732255,200.77999999999997
3e2ea4db-b1a6-4a5d-a5d7-132f10786368,0.5827765720064,153.77999999999997
d81acc5a-0edb-4165-98b4-1d2dd6843f17,0.5827765720064,153.77999999999997
ac4d458e-9fa0-4d67-bd21-6d47d4e51292,0.58249270637215,282.78
b3c43d81-ca83-4675-9802-2db9424ffc17,0.58312663917735,242.77999999999997
a85cdd1c-6377-42b9-838d-2ef67bc7bd53,0.58304360289605,215.77999999999997
a060a259-3b74-40d7-932d-d7b26d3b39e0,0.5817288453119,237.77999999999997
5b459b47-1679-49d3-a331-7330ad0fdae8,0.5808812839393,226.77999999999997
5efb6f40-a38f-4ce5-bfdd-3a93e5d450c8,0.5846208658094,249.78
48177859-7943-4bac-a0d6-115ec76302e6,0.5852570733881,241.77999999999997
d7209b3e-a7c2-4528-ab62-8a487fea9291,0.5812239048254,229.77999999999997
61f525df-7c3a-4b3b-a3a1-a6cd7a0b60ed,0.5836935230552,271.78000000000003
f9d21eb6-4eea-490c-97cc-a2884102e617,0.58368494606155,254.78
b5eb3d0d-1448-4239-8099-0e5f17bd6a5e,0.5868978384825,238.78
9fe5ec69-812c-4174-9e1d-e98bdd766ab9,0.58362163453095,206.77999999999997
e8d117b4-d6a7-4a43-9129-f5502915e2d8,0.58279093324215,224.77999999999997
9b03929b-9b34-4892-9cdb-9896c6c79998,0.5855438511253,215.77999999999997
e78b7ada-13c3-4d84-8464-9c6bceab72c9,0.5827765720064,153.77999999999997
496c1413-fa4a-4624-8999-b5d699b50274,0.5827765720064,153.77999999999997
31dd879b-89e0-4963-a0f0-7834c58e40f1,0.58765964388335,155.77999999999997
5ad8c295-0ccb-405c-bed8-151f1d41c749,0.5837923798359,209.77999999999997
ea026e61-c51d-4d75-bc1e-b700ae05cfce,0.58304360289605,215.77999999999997
d092fa4f-4a1d-43f7-af33-2586e7e4d600,0.5827765720064,153.77999999999997
d20dc5ce-6b44-485f-a30e-1e7fea959d9b,0.5808812839393,226.77999999999997
12781a7c-cc51-4932-8e60-161ce524effe,0.5827765720064,153.77999999999997
02043a61-a437-4561-838a-d860d7aa01d3,0.58516976974,168.77999999999997
823d9729-d902-4a0a-b868-e03742ff7733,0.5812239048254,229.77999999999997
a9e77963-15de-4fcd-84c1-a476c3867187,0.58249270637215,282.78
4b4b77b6-1dc0-497a-ab67-f7d5ad664dad,0.5827765720064,153.77999999999997
0ed011df-23bd-4273-adb0-3601ab0ff2fb,0.5827765720064,153.77999999999997
e0167a54-5b09-4d97-b2a2-3d1ff1515e0d,0.58362163453095,206.77999999999997
cca15e40-c7ad-40ed-9711-502e3cd142de,0.58279093324215,224.77999999999997
0eed253b-407a-4086-a62c-50299b5094dd,0.5855438511253,215.77999999999997
d19cdfe5-9618-4687-9cb7-a6e2218ff8dd,0.5827765720064,153.77999999999997
68cacee9-5d4f-4d34-b6f2-a342da17cf96,0.5827765720064,153.77999999999997
7cd38197-7244-4f81-9fa8-f12e292d780d,0.58262311822455,201.77999999999997
49782444-2db7-43e8-9bba-04d7f2d27d44,0.5822181971363,253.78
88e7a965-e3a0-4ab5-850b-d282a27bdd2c,0.5834578659112,265.78000000000003
26e9e3ac-bc2c-4882-9ee2-e9504bdc3c8c,0.58331754065655,208.77999999999997
f0602275-1723-4b42-92e9-18b5919e19e0,0.58227895713755,232.77999999999997
3f2fc296-1ae0-47cc-9d79-93b4258d60d3,0.58546471315725,221.77999999999997
5ea0747e-73e4-4558-aa5a-e30e1e07ebf7,0.58183234066405,232.77999999999997
a54ff176-db6f-4f0d-b414-288822e81f4d,0.58590668519385,237.78
eff743ba-6fc6-4620-a587-ef02e3446c90,0.58737097164085,235.77999999999997
02609d03-81df-4000-9457-d75935017bb5,0.5849405766001,235.77999999999997
7682fc31-1221-4bdd-928a-111133852717,0.58490796582285,204.78
75f16939-c3c4-4fd7-ab6f-925769ad64f4,0.58125816389765,267.78000000000003
47d4887b-0cba-48e3-be4c-1506df77e118,0.58299074523475,250.78
addbf8d8-56fc-472b-8eb7-c10815393913,0.5834476674675,268.78000000000003
6a7d60be-31e3-450a-ba08-6957c80ef4ac,0.5827765720064,153.77999999999997
aae6a412-3cfc-4148-a04c-c59708d7e99e,0.5827765720064,153.77999999999997
d9063089-d839-4046-aa55-6334332c9823,0.58262311822455,201.77999999999997
cc6f6216-4379-4b6e-8456-91f4e93b56a2,0.5879629587361,169.78
8d218f36-a794-47d3-a5e8-2d8af9c2928b,0.5872535873173,176.77999999999997
9f6ed258-33d3-4c3f-b472-4af51740b879,0.58331754065655,208.77999999999997
79ac0805-b673-4b8f-9e30-27b410f25e66,0.58227895713755,232.77999999999997
201b4e12-375c-431c-9e98-7e596aab240b,0.58546471315725,221.77999999999997
2ccc37b9-db72-42c3-a4f0-b87ef629ef79,0.58183234066405,232.77999999999997
ec7cc892-b248-4f54-b473-8ed9e4966764,0.57989610363015,186.77999999999997
97a60ef8-7125-4051-b228-65af5f3014b9,0.5838497127681,166.77999999999997
2b27cbe1-70bc-45f3-9a47-2cbe5421bc8e,0.58547413984765,197.77999999999997
270cdf35-436f-4956-b8e0-3f37e2339e3e,0.58490796582285,204.78
70342ef7-be85-4de3-a489-5bc43cf7252d,0.58566085360625,161.78
96a4b3ea-b002-4715-81aa-a74447572a70,0.58648870008475,194.77999999999997
7a4e3013-c0d1-4fad-9e02-9a8c5fc13192,0.58561616366105,219.77999999999997
18dd6d55-40ef-4f69-9a18-a1d75fef03de,0.5827765720064,153.77999999999997
e94e537d-95cd-4250-b760-58536a0fe8ca,0.5827765720064,153.77999999999997
f9ad0901-c376-4eb8-b81f-2ffe0be1e938,0.58682728439795,221.77999999999997
96533be3-4fe7-4e9f-af9f-4ef98558e637,0.5835291612756,247.77999999999997
879738d7-27bc-46fc-9a57-05ecb2ae0bba,0.58298495024455,221.77999999999997
88d4af79-f424-4b7d-beb7-f774bca9b62c,0.5853988031569,203.77999999999997
ced11423-cd44-49da-8730-e6725884a0ad,0.58128849033065,260.78
eaffecc0-856f-4dd4-a04d-534adb6048e6,0.5852360830615,289.78
40bd030a-9e87-4467-b898-6273d6aec7ee,0.57985828679585,269.78000000000003
2ff7d5ca-18af-4366-919e-2c921ae347c1,0.5862626701505,253.78
17accb97-7942-4910-9a76-6f5449611d0f,0.58499560161495,215.77999999999997
69056f30-3873-4016-bee9-ebeb74361359,0.58345386207425,263.78000000000003
368b6d36-8585-4223-a137-572acd3bb704,0.5837377129392,238.78
466e60c4-50d4-4e22-b2da-ae722106e4f8,0.58072364944485,238.78
2efbf099-208b-462e-b14b-79f2816f8e97,0.58572844357355,293.78
754890ac-9f7d-4290-96a0-32310be10fae,0.5856457430525,240.77999999999997
37033bb0-90f7-4769-a7da-53aee688f57d,0.5827765720064,153.77999999999997
6d86c2c8-23cd-4605-a7e8-ea9bc6bf57c8,0.5827765720064,153.77999999999997
04d81274-99b4-4be5-93fc-a9b5af34dcdb,0.58682728439795,221.77999999999997
47f922dc-c7fc-45c7-b889-86f3e6743d47,0.5827765720064,153.77999999999997
fb98fdc4-12c3-468f-979f-18cc39b7942a,0.58298495024455,221.77999999999997
f1e7afa7-b252-4354-8931-963b217b1f58,0.5853988031569,203.77999999999997
182265eb-2e58-4f96-9a36-9648905009b3,0.5827765720064,153.77999999999997
50b38279-d406-4371-9fee-428c2f47fdad,0.58271977328255,203.77999999999997
2373dafe-a843-484c-acbe-c1b905114ad0,0.5880369976633,178.77999999999997
184939bb-98a6-43e9-abcd-a1c5f707a094,0.5827765720064,153.77999999999997
f82f262e-f411-43be-abde-96f2fa48e41a,0.58499560161495,215.77999999999997
da40ed4a-983e-4336-abf3-31a18e2d2fcb,0.5854216381282,175.77999999999997
053d86f4-718f-4c56-84f1-c310adf13470,0.5837377129392,238.78
c4c3be67-cd2c-46d2-af10-40426b3f3886,0.58072364944485,238.78
9c6287c5-d375-4472-b275-28e65c0b2bb4,0.5827765720064,153.77999999999997
5c33fe57-7952-4935-b2ae-8fc83d19bb65,0.58652552672965,217.78
bc246bcd-246b-45e3-b81c-e999ad8affe6,0.5827765720064,153.77999999999997
dcb2782d-2562-4241-abcb-00ded933bc3a,0.5827765720064,153.77999999999997
102702af-ee03-4137-b3a2-a0151e842126,0.58621091527455,160.77999999999997
56872b85-f52f-465c-827d-847a4bd7d4c4,0.5822715966406,234.78
3efd0796-680c-4d06-bd97-75b3a46fb210,0.586676363232,252.77999999999997
765f7c87-d7b1-4a24-8d5d-79368f055680,0.5812133244085,229.78
89c6933c-1897-4622-81fc-ccec761ad340,0.5826471972688,258.78000000000003
4c2ec259-c59b-4691-98c4-17009b636c71,0.5821164178777,270.78000000000003
74e006fe-6ec5-4d84-9b83-6362e96d2ee0,0.5826300647045,245.78
752c72a0-bb8d-4891-93f6-37534089364d,0.58257455025645,261.78000000000003
18a5a110-7161-428a-a57b-4447a9307110,0.5859845797955,221.78
e41f76b1-a792-45af-8632-95d50ff14050,0.58377287662125,230.77999999999997
752c8086-6b5a-4395-a226-1d597ab2c90b,0.58467786961625,250.78
8479ed23-0c22-4ec9-9ce2-6fdbb0accc17,0.58259508637475,237.78
4c4999e5-be32-4961-9b06-e0c74e0812cd,0.58772906215985,220.77999999999997
fb7c3913-3aea-49f9-852d-67d420959223,0.5882452060694,200.77999999999997
4215a7a3-9982-49da-aeff-bf27dd351a87,0.5827765720064,153.77999999999997
f4b63160-e260-4f39-9112-6ec9512245a6,0.5827765720064,153.77999999999997
43616b60-99cc-4e29-b762-9286f8fa8458,0.58621091527455,160.77999999999997
ab2487bf-aeea-4154-9e90-1b24f94e90d5,0.5827765720064,153.77999999999997
c2224897-96d4-450a-ac77-fa2766f9dc65,0.5827765720064,153.77999999999997
8ac8f45c-834b-4b6a-9f5c-e3af2343a1c6,0.5812133244085,229.78
312fbeec-6805-48ce-b99e-f5f2d14c2b14,0.5869760047803,177.77999999999997
475ff9ef-7cfd-4a72-965d-c9e5832f4b5e,0.58287883366825,146.78
b22aed25-02c4-4482-b890-8ef9b7f79b49,0.5827765720064,153.77999999999997
37ec80db-e55c-4cbe-b577-4af56be867a7,0.5827765720064,153.77999999999997
90f37c6a-1ee0-466f-bbd2-473a5bea48f0,0.5859845797955,221.78
dd755859-e6e0-443b-8071-c6206ea474e6,0.58377287662125,230.77999999999997
a95c2f87-462a-4964-922b-61ffbf8cebf0,0.5827765720064,153.77999999999997
0452d271-6844-4c1e-8c33-c87a25582aca,0.5837931081911,169.77999999999997
ba60c59c-c609-484d-8ada-b9508d4909fa,0.58772906215985,220.77999999999997
2eebf935-a517-4355-8dc5-1921eae9d71e,0.5882452060694,200.77999999999997
0fb7894c-0544-470a-8bfd-573035559fc5,0.5827765720064,153.77999999999997
85b895fe-ab05-4dc7-aeb6-be6c2d45f743,0.58281124628925,201.77999999999997
d22e7abb-e58c-49ff-938f-6926f0a89657,0.58542501558455,253.78
a3bb5700-3a2e-41d5-a8bb-cb0ce98b4022,0.5840655773101,246.78
1316766d-58b0-4b96-bfea-4668f7fbf131,0.58475721275555,243.77999999999997
ec2e73e7-5b3e-477e-807b-9a2c6938215e,0.58334521125725,212.77999999999997
b307c928-fd43-4d05-b14b-1a79b4c10447,0.5836322832869,231.77999999999997
fe9534d9-c819-473c-a4e8-9c9b73d5ae97,0.58287883366825,146.78
e06846dc-f17a-4423-9636-604b27f5ec42,0.5838388641896,196.77999999999997
8ff95e80-1875-4326-983d-72c3d85a5216,0.58357354378085,224.77999999999997
a9cddf49-f43a-4254-acb3-e2c753cb2574,0.5839740710123,269.78000000000003
ed9e7937-bef0-4f3f-acfb-8445dcdd900f,0.5880352906352,237.77999999999997
51ec2e13-0397-418f-94bd-9509808c70c2,0.58483946539465,221.77999999999997
e1ef1b19-25d1-432c-87b7-b70c227193be,0.5829238058726,209.77999999999997
88e9da0d-45a6-4852-b7d3-6edad443146f,0.58324730500445,222.77999999999997
955f6de0-748a-4641-b101-9bcc94ec5556,0.58020141403815,268.78000000000003
19f85b80-9693-4445-a4df-5fbf55b153f8,0.5827765720064,153.77999999999997
550c869e-3370-48d9-a777-ee0ff07c85f3,0.58281124628925,201.77999999999997
e24d9e89-8f6f-4c2e-9ed3-1d25630bfcaf,0.58566793701375,206.77999999999997
6cecf24f-d96d-41de-ab5e-4dd0cb1ce6c8,0.58285821696745,205.77999999999997
74551722-f796-4c9a-9d8a-61dcaca806c7,0.5884180557285,201.77999999999997
f7825c15-e2aa-4b7b-8964-5b21c11343d1,0.58334521125725,212.77999999999997
b9e916b1-d30f-43d4-8a7e-882396efa3e9,0.5871310756065,159.77999999999997
5a8488e1-cf0b-4a00-bb85-7588f86c0ce8,0.58287883366825,146.78
9a1fd2ab-dc6d-48bd-9210-fd8e4f33cdac,0.5838388641896,196.77999999999997
5a49ae30-aca2-4645-aa8a-8b6bfad62062,0.5852306715758,164.77999999999997
b61fee3a-60da-49da-b25d-e20672136cbc,0.5847778280772,218.78
41a15dfd-8b30-43b3-9242-8782d2719a02,0.58597029521065,194.77999999999997
4bfe6cc3-1521-4950-8c4a-c60a29a83f96,0.58483946539465,221.77999999999997
19f299e3-8751-4ddf-82d5-05bda2d09a90,0.5829238058726,209.77999999999997
fad1bfe8-54d9-4b96-ab10-f17ca0f2b665,0.58324730500445,222.77999999999997
0cd08ed0-a76d-47b6-b0a0-9812ec113bb4,0.58503079737245,169.77999999999997
1da87323-62ed-4d05-a0dc-a200ea61b932,0.5827765720064,153.77999999999997
febf6e80-27d8-48cf-b2d0-65f2d93af4e6,0.5843912022564,236.77999999999997
715e1694-e3eb-413c-adb6-6d7986c4375f,0.5838252107817,260.78000000000003
12a28435-680b-4219-b858-b720c9eacc95,0.5816898790256,246.78
61e857d8-fb91-4219-a9ce-23d96947b91d,0.5875123143856,210.77999999999997
37635d8c-2dd6-4834-9ad4-6268f5dc8d6d,0.5835069674538,264.78000000000003
4dc63e7f-5648-4cf5-8008-625b63634bc3,0.5827422648072,280.78
0484e240-a0b5-4c25-9a32-a62f212cf101,0.58287883366825,146.78
d9a7603e-1c90-4967-81ab-e984a35a1d5c,0.584001465184,198.77999999999997
6ef108c7-1ff6-44a5-8425-ec70f8c0335d,0.58869370209895,243.78
0d2032b2-5461-47b2-a7f8-f4194c310d56,0.5875660982744,232.78
26d30d37-b9ec-4c8d-98f6-9b7826668e30,0.58558946589105,207.77999999999997
c6168249-a999-42c3-ae54-a85b4a197b8f,0.5827800609751,235.77999999999997
616fb82b-6921-435e-a066-ac594cfcf295,0.58450793471975,284.78
d8953907-0db7-4752-a892-fcc5cb49da2f,0.5831796301025,245.78
f0faf883-18dc-4d0e-9f4f-08e2dd25c483,0.58508296793035,235.78
1d81499d-a605-4806-93c5-e51d2c553c3c,0.5827765720064,153.77999999999997
42119317-cfbb-4aa0-9a30-63bb6d2fe5e8,0.5843912022564,236.77999999999997
29602617-6aa3-4f60-b0cd-206fb8c0e0dc,0.58468985656725,190.77999999999997
2d84e809-be03-4725-94bd-0d9706cd12c2,0.58438343957675,217.77999999999997
d50fe462-e86a-4a37-9641-3195883d8230,0.5875123143856,210.77999999999997
6224e624-b132-4043-8951-d1fc6e6531f3,0.5857874194331,224.77999999999997
c195a849-8795-4564-a801-12b3f2256967,0.5846978535126,192.77999999999997
d8c69fb0-3851-4248-aa65-84e9b320a135,0.58287883366825,146.78
f2bb1755-a4fb-4252-8b1b-f432b3ec7a1d,0.584001465184,198.77999999999997
b9668e15-09fc-433e-83d4-6ae8d6439033,0.58494270504205,194.77999999999997
1054557e-a4e4-405b-82d1-092e81de4894,0.5875660982744,232.78
0cddd025-0eaf-427b-9e16-1c1a33e6736d,0.58558946589105,207.77999999999997
6dd750aa-8923-4760-bff1-be142e00fdfa,0.5827800609751,235.77999999999997
8a333654-05dc-40aa-9c04-c9b4dce48140,0.5827765720064,153.77999999999997
9b9259b8-3187-4dfd-9cb4-e7688cc7395e,0.5845137655481,180.77999999999997
28b33ee0-5261-41e9-99e7-c89b53bd97e9,0.58508296793035,235.78
6b76087f-9117-4ee3-ad21-c083553bacb6,0.5827765720064,153.77999999999997
45a36570-4573-47d6-8414-e0a08eb308df,0.58509641136905,214.77999999999997
5c18d71b-4519-465a-be06-134adc9ced8b,0.58569224583955,234.77999999999997
47149652-f0d7-40f5-8f1e-db11c4a4fb1b,0.58233284384015,203.77999999999997
f04a4295-a14c-4f63-91fc-c6ec5053543c,0.5842404639151,254.77999999999997
1920e998-53f2-4a29-86b8-211798d1c7bc,0.58460641092645,221.77999999999997
47c79268-348b-4efd-8506-8b0b02d141fe,0.58229590257175,253.77999999999997
3e357381-4204-47a2-94d5-85df34bdbe20,0.58287883366825,146.78
b7bbd67d-4fdf-4dc8-aa7c-0db8b5db54dc,0.5815936012099,259.78000000000003
972b182d-7ec6-46c7-a572-eab16e78e959,0.5863185556589,222.77999999999997
02f18da7-e986-4d0e-9cf3-3b7217f22fb4,0.58341535008755,261.78
e2f66c85-56fc-441c-93ef-ae9e3414fda2,0.58532091070115,233.77999999999997
7419889f-f7ee-43da-a75a-225c61e4265b,0.58113292169485,248.77999999999997
7bb08124-753d-4500-9ceb-9ff3850f2022,0.58296624764405,219.77999999999997
1592f716-f75e-4c56-8761-9836bd5f1b1e,0.5846878710779,256.78000000000003
01fd706d-63dc-46cd-ab22-c621af2bc564,0.5854744362891,236.77999999999997
f89c3bf6-6b8a-49eb-999c-4535ed9a1af9,0.5827765720064,153.77999999999997
4404001a-d619-4470-82e6-4ebdd601305e,0.58509641136905,214.77999999999997
5c2137b7-7332-45d3-b724-ccf029b29d39,0.5860189241024,195.77999999999997
874959c7-bf10-4efc-a8c6-ca3424ddd1da,0.58233284384015,203.77999999999997
b0da310b-7047-48c8-82b2-bf23ea88634a,0.5882739896625,211.77999999999997
421bbe82-a306-4dbe-b10d-3490d3cac5ce,0.58460641092645,221.77999999999997
c625e837-04b5-4e41-b2f1-5a31e0b1f0f7,0.58648350748515,196.77999999999997
8f56321b-0345-4b88-8c13-4e2686e8e12b,0.58287883366825,146.78
c7370a66-7980-4fff-97b5-db8904b97017,0.58512975012875,183.77999999999997
5eb7b610-2691-4cb1-8299-d8a8236745ff,0.5863185556589,222.77999999999997
248b68ed-cbbf-4b24-8f72-77385a9d6c9e,0.58583380520385,166.77999999999997
275768db-0ccc-4420-9683-355c795c2fe9,0.58532091070115,233.77999999999997
d90a4e3a-8166-48c6-ac0e-395e95c26600,0.58775302315515,182.77999999999997
2c0962cd-efc6-462f-9242-0a8313fe5b29,0.58296624764405,219.77999999999997
b567f2bb-c07d-4e1b-a3f5-5005b7c45169,0.58410764425275,210.77999999999997
97346ac6-97e4-4c8f-9409-601436c73691,0.5851754099942,219.77999999999997
92a91b85-3dfc-4dc2-9c51-141cdd6c59d1,0.5827765720064,153.77999999999997
2b695ff5-dbb9-43eb-a7b0-4c19175ad50f,0.58055774732125,274.78
191e87c9-6365-4916-ab4f-35afb001b124,0.58552866626675,227.77999999999997
de58501f-b964-49a8-a31b-863909800327,0.58515634341825,258.78
e8d7dc39-1d47-4ed4-bf70-b362ad799f44,0.58665814903525,221.77999999999997
af2bb562-b000-4666-a427-1b889285403a,0.5848250804992,229.78
40fe1e2f-76ee-4d82-9180-b6060a802103,0.58233334105135,214.77999999999997
c4b4921e-068a-4263-a7e9-e64dcf5a950f,0.58287883366825,146.78
ed7733b4-8b83-4b55-8bc6-a8a06ce1fc5c,0.58593475720095,245.78
73ea03fe-d4c1-45b4-9acb-f0ed464f17f4,0.5810215228428,281.78
dbe3b964-cdc1-4eb0-bbd5-b5f5cfc67ea0,0.58363163725985,241.77999999999997
48a21e57-97fb-416f-8622-6219ae323fd8,0.5843248839024,225.77999999999997
b1757457-4e94-44f0-afa2-6a58607a1af3,0.58189031011585,246.77999999999997
f35fb620-4dd6-4422-983b-930808239f3d,0.5865326310753,219.78
f9726137-1704-40aa-9e33-d809faac25e7,0.5829250492182,224.77999999999997
6a49bf47-52b4-4ea5-b499-0218e96bb8c8,0.586089084305,249.78
147c93db-83b9-4c4a-a814-2993209c7d78,0.5827765720064,153.77999999999997
36b6b0ff-9d34-41c3-9345-70c79e7f0dd4,0.582879860768,179.77999999999997
72a13ef1-6762-437e-a58a-9e55a92bfc9a,0.58552866626675,227.77999999999997
777ada89-b50d-4661-b446-e8513fe581ae,0.5827765720064,153.77999999999997
61c98443-de43-4692-857a-2163a6651549,0.58665814903525,221.77999999999997
c5413a3c-06ea-4281-9f3a-212037e028cb,0.58434307356735,240.78
dd476e74-292e-4f27-be70-7a8f62e10d80,0.58233334105135,214.77999999999997
a2e94138-e106-4d46-8d2e-068187819994,0.58287883366825,146.78
e4a2454d-6d89-4c73-9320-9024c83d2354,0.5869075384455,225.78
cd6692a8-0757-4379-bc54-eaa71e1ecd73,0.58452281252545,177.77999999999997
f2f9d79c-f3de-434d-8b98-44cd7e38376a,0.589535981586,267.78000000000003
b6f8b667-a2a8-43ae-832c-a114111b3c80,0.5843248839024,225.77999999999997
a0a8fa77-d603-42f8-b595-7fe1d9e75d10,0.5827765720064,153.77999999999997
aab071c4-56a5-40b7-9210-d0079d563e36,0.5865326310753,219.78
ece807d8-f0ab-437e-8577-aa56fa9f79af,0.5829250492182,224.77999999999997
9053d487-6b60-4e27-a2a0-a3032f3462ca,0.58055774732125,274.78
86c4151c-e04b-458b-9613-ed6713f7fed3,0.5827765720064,153.77999999999997
e6860968-32c4-4890-8d55-b65b1c18ff84,0.58159088187965,276.78000000000003
821109c7-95b7-4280-9b35-bcbd13db243b,0.5832109911805,247.78000000000003
cad07765-39d9-446c-b124-fedf17ac3427,0.5834656734781,212.77999999999997
1a10e938-760e-4f70-b91e-a630a772e9c7,0.5896022105488,224.77999999999997
8679a497-0ea0-43ec-ba57-bdef178fc064,0.58465963878255,231.78
7df0c999-681b-4977-b481-b17bc868b577,0.58375054732045,236.77999999999997
83dd163a-a820-4e4a-a02f-499c4e27c2b4,0.58287883366825,146.78
2c5a4ea2-e2f6-43d6-9b2f-d57f57d69b3d,0.58298058102015,296.78
eb2c7f15-4909-4097-a8fa-1b6e2eae8c81,0.58543115387545,236.78
92d1d92d-8676-4ba1-8d4b-44ca9d5ef49f,0.58498325546555,250.78
5c26015c-5732-4e68-9838-7051ba025b03,0.58008955195865,280.78
8b2b0c3c-2faf-4236-9db4-9986ec2dc992,0.5834704107043,191.77999999999997
20f161a0-93c8-49e9-9230-b0b39d04fe42,0.58541064006,257.78000000000003
b4e8d35d-3238-45b1-9065-c02924d43369,0.5830051852995,235.78
827d35df-eaa5-4aa9-9745-5d5bd56a5651,0.58342332476085,263.78000000000003
f5f65165-031f-4c2a-adb5-b7db9fde2a3a,0.5827765720064,153.77999999999997
13f2910b-e734-461d-a89f-51ee0cb28e89,0.5827765720064,153.77999999999997
325ec8dc-3c27-4aa3-a2c3-e4ed8a93a708,0.58084830967835,264.78000000000003
a03fa2f9-86a7-4dee-926d-293513664667,0.5834656734781,212.77999999999997
a40d48c1-3bd1-48c2-8faf-bbb92c354d1d,0.5896022105488,224.77999999999997
8fcf2baa-1fd6-46ec-93b9-9de5b0a1407b,0.58465963878255,231.78
7e803b28-1004-4ce0-98a4-608079eca07e,0.58375054732045,236.77999999999997
15cdc55b-76e2-4004-b83e-b2023cce4415,0.58287883366825,146.78
71f6ee17-f72c-4d78-b38c-30deaba01cd6,0.58300878421385,247.78
dad5dab2-6b95-460d-9903-849f717c3da1,0.5813785931568,248.78
fe866507-3d8f-42a0-ac4e-69e3707ce724,0.58677595623445,268.7800000000001
567c5cd0-a701-4956-ab00-123637c60527,0.58453247743745,212.77999999999997
87878705-ae2d-4210-bcc9-e087f3328d00,0.5834704107043,191.77999999999997
ea4c178b-579a-4194-8c28-267aadacf2e0,0.5866969077949,218.77999999999997
0ec25e00-ea07-4970-bc9d-073f30a848b7,0.5830051852995,235.78
9a483cf8-6ad8-4266-a46e-97654908adfb,0.5849689019855,196.78
7b2ec944-dc48-40cb-aa1a-4e5e6db66920,0.5827765720064,153.77999999999997
0e1d964c-3402-4965-a45a-b2fe09c66787,0.583228052215,217.78
8fc88c26-7671-488f-86be-46b58773e66f,0.58275184746445,289.78
6b893708-069c-40ed-9bb4-fd2f94988894,0.5824958892679,214.78
d5124117-4e0e-498b-b093-577d6327ac5a,0.58739726646545,211.78
1e35953f-fee3-4db5-8a7e-af34eddb0724,0.58530824136235,209.77999999999997
7e5ed48b-13f4-4034-8ae3-f0b0f9f23c4b,0.58454142395225,228.78
7f0a46a0-d3f0-4a49-a016-0090f070f48e,0.58287883366825,146.78
29d7f131-1569-4371-9770-34891c77599a,0.58442714341225,258.78
c68bd718-bef0-4cd7-944c-eeec72bd1af5,0.5848723915612,210.77999999999997
b83c9d42-daac-48e7-b211-6935f6fcebf6,0.5849025847512,222.77999999999997
78ccad2d-164f-4b11-a35b-991131352f8d,0.58340445459485,221.78
dae965e5-d2c3-49dd-8a48-668c6bb50a50,0.58604027102185,242.77999999999997
6779e2c9-14db-4c62-98ac-9c50285e706a,0.5855518316241,257.78
8c7cffe5-35a0-4179-996e-5bf7a070c25f,0.58446262920415,241.77999999999997
d72b9d4d-7ac5-41c0-9a88-acb5ab133db4,0.5838040114702,284.78
c2e04222-6054-4c16-ad4c-d73bcf61773b,0.5827765720064,153.77999999999997
c0cfd8f1-de03-4c8c-b38b-e72fd652e5b2,0.583228052215,217.78
35a51a1c-c8c5-482d-9b36-647ec75dbd2a,0.5827765720064,153.77999999999997
35df376b-231a-4e70-8a1a-0ae17a7e5960,0.5824958892679,214.78
f033b379-63c1-4ac4-a9b1-e2fa8da04ba1,0.58739726646545,211.78
31e4558c-42c9-4d48-b1d5-2ea29759d5a8,0.58530824136235,209.77999999999997
a12caa90-6b3a-49aa-9401-b2f498b6a013,0.5842374706235,235.78
99ee9202-0c93-4662-9e66-dc577b2cfe5a,0.58287883366825,146.78
24bd6d0b-ff17-496c-ae29-9b810795ceb9,0.5849050062186,178.77999999999997
f4509c96-42af-4f4a-b062-1486b50706fd,0.5848723915612,210.77999999999997
720af1d7-449a-47e3-b8cb-826edf288e13,0.5838176665733,206.77999999999997
95de3abb-b43a-4db9-98e1-1b5ba55c097f,0.58340445459485,221.78
330503fb-aac9-47cd-8910-94488b34dc6d,0.5827765720064,153.77999999999997
a5167fdf-18ae-40bf-b05c-484199bfaa4d,0.5839877759869,187.78
3500d7b7-1058-468b-97db-22a1698a16aa,0.5819784507468,251.78
4e1ca7f4-75a1-413a-9d70-54ac310fed85,0.5827765720064,153.77999999999997
b83fd796-7b95-4b23-958f-a082770529cd,0.5827765720064,153.77999999999997
4affb90e-0f7b-48ad-9233-41aa4507ba0d,0.58419682102065,227.77999999999997
0652eb5f-ff3e-4034-b5ed-301e3b4033ff,0.5852459270875,256.78
b45e3537-e446-47c0-900e-2cf00fee2668,0.582744687334,244.77999999999997
7d1ff665-a366-42a3-90ce-78d8cebbcc4a,0.5842962119739,215.78
14564df1-74de-4f94-900d-7eb207a53a1b,0.58602224061165,269.7800000000001
c230d436-c7dd-4e93-b8df-cd42d8701b7e,0.58415535917285,215.77999999999997
858db769-00c2-43dd-95fd-174f3b7237cc,0.58287883366825,146.78
00d7691f-06a4-49e5-87fb-0cd5fd73ca45,0.58604980559575,229.77999999999997
26f13692-cefd-401a-b970-5060514b4afc,0.5845652758237,227.78
a6011da8-ea35-4b44-96d0-c01703da8b65,0.5842835155612,203.77999999999997
9b4de04f-21bf-48a5-bea4-8c0140dedfd5,0.5806642120394,263.78000000000003
a2129146-cf08-49b9-b438-7379e7c0c8f7,0.58448853966595,213.77999999999997
103c3cbc-3bf9-4d8d-a41e-4575dd40caf5,0.5867783167106,182.77999999999997
c51378be-9df3-4cb2-bf71-7042e96f5104,0.58429853241785,251.77999999999997
f2a2837f-2fc1-47ad-a429-b9976b66cff8,0.58346532789585,217.77999999999997
e962b180-e997-4a08-b70c-4c9c3c4c5fbb,0.5827765720064,153.77999999999997
34a42ff9-4242-4fc5-83ea-442ed8a8ec64,0.5823724682655,172.77999999999997
faf75c02-4c7e-4980-8604-4b76c30c5316,0.58732636308915,204.77999999999997
e96730d1-a393-4f1b-9922-24b869512222,0.5834542639161,222.77999999999997
9d1db1a9-fa8a-4ce7-8fd4-107d4965a127,0.5842962119739,215.78
a6bee455-cbc7-406a-8a96-e86cd995bff1,0.58462670604605,204.78
a98854f9-973e-48bf-9577-b5fe78271525,0.58415535917285,215.77999999999997
e682bdbc-63ce-4033-af30-d64d761de761,0.58287883366825,146.78
51df2493-a9d5-44fa-bbc7-728181988027,0.58419682102065,227.77999999999997
dc3db15d-5d1a-4a2a-a9e9-f1adc69b3206,0.58419682102065,227.77999999999997
dba5aedc-e325-4eb0-8f8e-9136aa0fdfa1,0.5842835155612,203.77999999999997
d549c8c4-4c97-4533-8aa7-7a4dccdd21d9,0.58419682102065,227.77999999999997
4c783c09-7c2e-41b3-82d5-f21198bd1608,0.58448853966595,213.77999999999997
657c8430-8c6c-445e-a6d7-7274dfa0de97,0.5867783167106,182.77999999999997
5c89ab3f-338d-47f7-9a7a-4c2f483c1139,0.58347544059555,214.78000000000003
8fd035cd-a8ff-40f8-856b-ff3da2796aa7,0.58346532789585,217.77999999999997
3a28166f-4603-48d4-a356-d4bb3e38db03,0.5827765720064,153.77999999999997
e82e8547-99c8-46de-a4ef-1114775c3d12,0.58531230587215,236.78
2750d734-f2a5-4bbf-b381-c9b7fc2bbf15,0.58410186003755,233.77999999999997
c1c36686-d026-49f3-85b7-d4d6847fe6bb,0.5832358808048,210.77999999999997
cab0fa0a-2eb2-4fbd-8519-0001952ab408,0.58052481111105,204.77999999999997
7e80e02f-d696-44ba-89ce-b5c82e10b28e,0.58458986669205,258.78
e9b34714-07a1-40ec-b5ef-d9bf1565a6ad,0.5799629415514,240.77999999999997
3068fb98-bbf5-4a03-8afa-c570723425af,0.58287883366825,146.78
de3eaf96-d283-41bd-b7c0-58a9a4e88c21,0.58343709657355,238.78
70ec7825-bcc5-4a7a-9d92-3e396aca8173,0.5830488237264,192.77999999999997
ca38d900-04b7-4843-ae2c-648fe33ac155,0.58649256104305,240.77999999999997
661e4562-9794-449e-a2c1-74d6900c0fba,0.586013439637,217.77999999999997
b6247b4c-990f-4f5c-8063-f7947f59c6a7,0.5872171643313,250.78
6d439b2f-a3d3-4fa8-a699-343626950160,0.58675099199865,228.78
75fda816-a92b-4900-b0e3-fa09f2edc1ac,0.5890629830736,177.77999999999997
20725569-4cb7-4be1-ac5f-cacd6ca61f76,0.58607426300365,211.78
9d038cd9-1bd6-467b-b9c5-e92d79263d0a,0.5827765720064,153.77999999999997
3f1b99ed-2890-4094-a6d4-acbae37413a9,0.579278082687,216.77999999999997
f194d39f-334c-4fd1-b7d8-60a1d6ef2f14,0.58531230587215,236.78
e60b8f6a-fb08-4c50-877d-af81a2dd4b26,0.5832358808048,210.77999999999997
485b67de-28c9-45b9-a59f-6c2039ff3663,0.58052481111105,204.77999999999997
4f482cf4-4da3-4eeb-8b21-5483f13057ef,0.5795320396666,264.78000000000003
5f9f3f1b-da6f-4c29-a835-68500a19a62e,0.58531230587215,236.78
a289a82a-604b-4158-b059-972b2fe4b80c,0.58287883366825,146.78
e6336fec-e637-42ba-81d4-35023b9ead90,0.58477840523665,177.77999999999997
0e7ab9d4-d2da-48ca-a47d-e7999d3b9fce,0.5830488237264,192.77999999999997
25b1d689-e180-40d5-a755-a12f0e61f133,0.5848740198279,167.77999999999997
45560524-01a4-4558-9bb9-999f9e008807,0.586013439637,217.77999999999997
305dc5bc-42d7-47b9-aa62-30966b097f15,0.58462499801525,230.78
faffb19f-f0a6-4041-bca3-d388e7967714,0.5827765720064,153.77999999999997
e765a2c9-ff31-4495-967b-637be0ccdcff,0.5890629830736,177.77999999999997
136bc3ec-dda3-4fb3-9664-ed77764c22d6,0.58607426300365,211.78
b804d2b9-ce84-49e5-a26e-ac2800f9e312,0.5827765720064,153.77999999999997
29bbdffa-4524-4a7f-81b8-faa996a8af31,0.58222191310675,247.77999999999997
00bf4278-da78-4e52-918c-df8bc0f2025a,0.5844426539151,222.77999999999997
86c167c4-3105-403e-ab14-e14d930966e0,0.58630924191035,246.77999999999997
6231578e-a963-483b-8308-b5ebb800b0df,0.58511338699745,266.78000000000003
eeeed8a2-c920-41cd-99be-29b2eb8c5169,0.58527865229095,247.78
15896f54-5c76-4f9f-836c-8a8c5929f78d,0.5839265013995,191.77999999999997
556db373-5568-4eb9-b934-412e8678db32,0.58287883366825,146.78
b8303c13-b758-459f-9ae4-ae621c0e27d5,0.58493835995035,263.78
86186cda-999d-4f23-b306-fef10078cd64,0.5857014826557,223.77999999999997
0452e35f-7e79-4e96-aa01-a1d741c08d6d,0.5817322534085,195.77999999999997
bf75256a-b27f-4bd3-8d7d-ac03ea976736,0.5855077769722,238.78
73eea0a8-20d3-4aa1-822a-8efd1dabc9bd,0.58330197669795,202.77999999999997
27043536-b438-47d2-81eb-1e4074cd0fdd,0.58441793761235,237.77999999999997
faa69edb-9cb4-418a-89e7-52d1e9a3e9bc,0.58533295407805,254.78
fc495d4a-f426-4775-b3da-39a2bf7003c5,0.5813578044082,279.78
319527fa-2bd5-4f44-a105-d0b137b8136b,0.5827765720064,153.77999999999997
c519602b-447a-48d8-b29d-5b246dce9032,0.5857253131116,194.77999999999997
39f110c5-bd11-4447-bbd8-3dfc5629da3a,0.5844426539151,222.77999999999997
bc596d85-7df2-4713-b80e-2ed3d3902ff3,0.5850362568245,222.77999999999997
67bd0a4e-ead6-4255-99d5-67c5c2f2bdde,0.58222191310675,247.77999999999997
275ee8a5-86d4-43ec-9581-2758a4438186,0.5841640818632,277.78000000000003
05edce22-26cf-4a6c-9481-50328d86f9f2,0.5839265013995,191.77999999999997
331d49fc-59a1-47f2-b8b6-347787e80577,0.58287883366825,146.78
5965b4e9-71ae-48ce-b5cc-c61b494b39c4,0.5851006938672,256.78000000000003
199f0fd7-a60e-42e5-8b0b-bd40c033bb18,0.5857014826557,223.77999999999997
f8b010f2-42c1-490b-8e8c-39c063954518,0.5817322534085,195.77999999999997
21762c75-529d-4782-a43e-fc97b7b2f61d,0.58314631471545,282.78
41c1a2eb-0c41-428c-bd24-812055cf07b6,0.58330197669795,202.77999999999997
2ff1663d-29ad-4dba-ab43-c7d1571a16dd,0.58441793761235,237.77999999999997
afbdb095-c23c-4a8c-8d45-00e48e938c7a,0.58610085242105,218.77999999999997
90acf74d-6231-4f5d-8de4-5d5c9dd8dcb2,0.58464282345415,253.78
e21206ca-53dd-4df8-9e09-570cedd6bb7b,0.5827765720064,153.77999999999997
c2a4e5ae-9732-438b-a8c4-dad162da77ad,0.58180908089485,252.78
36886bc4-9442-4ed0-b7ec-367fce54bc2a,0.58600259664865,245.77999999999997
e8460870-790f-4fab-9cb8-6011a1f68daf,0.5866934492664,197.77999999999997
cc3b0fb4-67b4-4766-b800-3917a2804952,0.58387895597125,268.78000000000003
517add93-f538-429e-92b7-b3d203bb6e62,0.58410007567965,230.77999999999997
047f13e2-7683-48cb-a6ad-21e0e42be6eb,0.58184810986195,273.78
c5b0ca70-e57d-4279-afc5-13606d3b65d3,0.58287883366825,146.78
84f12a44-ef41-41f6-b804-a0cebd7ba59d,0.58459348981285,223.77999999999997
d5342f56-d917-4224-b777-1de15ca120a1,0.5839020626187,221.77999999999997
094cd090-28a0-4729-b419-1ddb3d63cb8d,0.5836283174488,271.78000000000003
e1490283-115a-4326-9145-9fc014ee8f40,0.5844469480131,230.77999999999997
bc620df1-2212-442a-9c21-0b1b380201ee,0.5835405344619,213.77999999999997
53365ba6-6397-416e-ad48-3055f06d848d,0.5840696141544,206.77999999999997
b11b1257-d504-485f-9ccc-d8a0232198ad,0.58477134525895,240.77999999999997
4b105488-0742-41fd-a720-4a0c9db34404,0.5844700526039,206.77999999999997
2d61373e-57cf-4621-a64a-5072fe14e44c,0.5827765720064,153.77999999999997
f9e39a19-6bb0-4148-979a-0f92b7ca694e,0.58180908089485,252.78
5efcbee4-3fab-4ecc-b866-049f10d90c2a,0.57991620235835,258.78
63fe1b49-1cc5-4db2-82fc-7a3273bbe13f,0.5866934492664,197.77999999999997
db7259e3-12b6-4749-ace5-86b4ff8085cd,0.5827765720064,153.77999999999997
850461a2-1d27-46c8-96b1-cc6171bbaf1a,0.58502369301815,161.77999999999997
6daafb79-56bb-49d9-9826-e8391dc7f3e0,0.58437193080875,213.78
380a4564-1ce8-4603-90bd-ba329b4c8a31,0.58287883366825,146.78
110151b6-12d4-4f92-9634-28951ba781ef,0.58459348981285,223.77999999999997
48207cba-8a30-49cb-848b-885d0483ff18,0.5839020626187,221.77999999999997
247c43ff-a092-403e-9c92-5fa70c01ebd5,0.58236441540215,217.77999999999997
b7034f43-1277-4b41-ac8f-56084382e365,0.5827765720064,153.77999999999997
fa33d302-a28f-438d-960b-2eb38487f8d6,0.5835405344619,213.77999999999997
6752daec-8af9-4616-8314-aa745924297b,0.5840696141544,206.77999999999997
0f3380b0-6403-40e7-ad1a-4f93eeebaa2a,0.5827765720064,153.77999999999997
e1b82b8e-cad9-4da9-9d35-91e7115a9a70,0.5844700526039,206.77999999999997
868b3ec4-5942-40fd-a850-4e33f23b2a5a,0.5827765720064,153.77999999999997
6e5c289e-ba51-4ec5-9317-daf3113539eb,0.58057041458395,224.77999999999997
109831af-a4ce-4adf-8cbb-658a5b38c6dd,0.5830865885961,245.78
d9149099-43ec-42f9-927c-a7589dd0b9a4,0.5793866109658,236.78
2cd400df-3800-428e-b15f-e08f341a814e,0.5853623316608,274.78000000000003
b354a8a0-5f18-4fa8-9ea5-56f7910c15ea,0.583506271339,267.78000000000003
9ee28902-8bac-4911-978b-94d3a344b2f2,0.58196444986755,268.78000000000003
f805733a-2108-4850-8554-46d6935a7294,0.58287883366825,146.78
80a3c168-12ac-480e-b439-751d75087bfd,0.58339696355215,240.77999999999997
5d25e155-7f2f-4c75-b333-5ab7793104c1,0.5849277237782,248.78
c6811064-f57b-4fb0-a045-4da92591642c,0.58517392298225,225.77999999999997
1749b6ce-b0d6-4ce2-a73b-e125e16305a9,0.58650128657495,221.78
58d16d1c-c0d1-4abf-9c88-c7c729f0971b,0.58080978624395,268.78000000000003
5edebf3b-02cb-47b7-83cb-54d443ff9021,0.58109925515125,235.78
e497775a-8275-41cf-badd-e20dd450481d,0.5849572211632,254.78
59783a90-5ebc-4c92-97ab-5fa465019912,0.58729067281035,214.78
8674fee2-3772-4ae5-905b-b564bc3f9eae,0.5827765720064,153.77999999999997
0b482c47-f845-43b2-b29f-4d9caef10e0a,0.58057041458395,224.77999999999997
9fb5d19f-1364-4053-843b-40c934a7fe79,0.58464644917435,245.78
a82fae0d-6b66-4499-8866-d20c147adbfc,0.5793866109658,236.78
4191f867-89b4-4b00-8efb-f544e986b74d,0.5827765720064,153.77999999999997
0f1c3f07-2197-460d-844f-3e1932494798,0.5853960983497,266.7800000000001
504b26ef-d9b6-4c58-8c82-7c17338ff306,0.5827765720064,153.77999999999997
97c1a442-fa63-4ede-9ffd-6a81382b42a2,0.58287883366825,146.78
1ae731c2-b994-4677-b087-ed615c3507cc,0.58380660701905,185.77999999999997
8719b9ab-64c1-46a1-99c6-6294d10e89c1,0.5846325333457,252.78000000000003
d532ea8a-e8ef-46a0-8bc4-f49ccaa01fe9,0.58517392298225,225.77999999999997
fc1a9a73-0a73-4a96-b74e-eb25b20c9ade,0.58650128657495,221.78
783ef95c-7dc3-4060-a9e4-fa89e1dba528,0.58500989716935,255.78
b6c44c11-1d2d-4159-8b0e-c1649d175701,0.58109925515125,235.78
87324408-a416-45e9-a28e-c823bdfac839,0.58480848038105,203.78
f1f2b027-e54d-41ff-be53-4578dafe5d66,0.58729067281035,214.78
b3f80fd2-ebac-4c0b-b573-69ac00439893,0.5827765720064,153.77999999999997
e9f46757-a8bc-43fd-b6b8-692047ea479a,0.58217667362585,240.77999999999997
a27d981e-9fad-4483-acd5-5cbf949cabe5,0.5859756964179,261.78000000000003
d465f935-e432-47c9-8e4d-263b84a34d7b,0.58553744038155,232.78
1046dc11-c59b-4478-b8a4-0a746d32793c,0.5836181427368,231.77999999999997
af9f18a2-ada8-4492-babc-51924525cbbc,0.5849284016003,223.78
2ad35e6d-b7a3-4682-aefc-0834d49bf2d6,0.58639170150125,239.78
347c37b0-de7f-467a-93aa-576e196f128f,0.58287883366825,146.78
857d6f2d-3564-418a-ac09-d8b85083544d,0.58530674749755,237.77999999999997
7c4393b6-2cba-403a-b553-515a857b9487,0.583245271066,224.77999999999997
2dfabaee-1fc2-40b4-a9e1-376dc4934ada,0.58447029425915,221.77999999999997
292d6214-203c-4506-bc1c-7be7f4d8c31c,0.5837280064937,228.77999999999997
a20ee166-8e49-4505-a5cd-3621b6a1d00c,0.58455631619815,233.78
cc5db802-e732-4da1-a09b-212998e055d5,0.58461074263925,195.77999999999997
6aa784bd-553c-4b14-a448-1f77a8f6820c,0.5870983087942,204.77999999999997
268fe047-ee24-4920-9013-98e4bff19552,0.58053459825345,255.78
76dd0543-9194-48fb-9106-da852a89dc1d,0.5827765720064,153.77999999999997
cbb65f70-cf2e-4c35-b0ca-a643236c86f6,0.5839301644865,189.77999999999997
dad98435-11f0-4cf4-8bd6-555203b86c3e,0.5815938702611,210.77999999999997
0e6c3ac9-5309-4dd5-94a4-568c25999a6c,0.57896083794195,207.77999999999997
5f0e903d-af7c-4f21-be3c-427f4f664a46,0.58530377237205,215.77999999999997
f14f7b43-d4f8-43ab-bd4b-75774cb917e3,0.5849284016003,223.78
c39c8784-e593-41ff-969b-0516519eeeef,0.5844502540055,167.77999999999997
e513be0a-8acd-4a72-afb7-84a35ef4e171,0.58287883366825,146.78
08c80bd8-a2ef-4660-985d-ddfb4366f6a6,0.5859639969684,214.77999999999997
06d4edd7-a28c-4414-88e9-96c7fdc7d201,0.583245271066,224.77999999999997
bc194862-2e1e-4507-9123-59b5d6676d09,0.58447029425915,221.77999999999997
9521a62e-9efd-49fd-9df8-e1117aa77c87,0.5837280064937,228.77999999999997
523f92f9-6171-4297-a70a-82a100fa9dcd,0.58217667362585,240.77999999999997
55cf1239-8297-42a0-9f0c-4714473fc38d,0.58461074263925,195.77999999999997
7319b7e6-2a3b-4f21-8bb5-295f5e237d4c,0.5870983087942,204.77999999999997
0ec1884d-02cd-4554-a426-50d3e2ad458a,0.5872057004325,238.78000000000003
c5e513ca-356a-414d-9039-c27a8f6e081e,0.5827765720064,153.77999999999997
342be0e0-3541-4c35-a95d-f847ec1bf34d,0.5815581382847,246.78
d4f7951e-e617-4b90-a7c0-aa16f407b81b,0.5825103146263,236.78
9dd21f43-7f07-4289-b1fc-af93e3ef4c89,0.5852144719234,200.77999999999997
0eb882ef-b221-416c-bf98-f8c4bb3ad6be,0.5858651808196,217.78
c85adb94-f0b8-47b6-bbe3-980ca4c3c90e,0.58515775283535,191.78
214f2b4e-ba4c-46f0-abe0-6c316b1f3464,0.5830807509762,237.78
650a181a-c010-4adb-8f92-550815cdfef9,0.58287883366825,146.78
0663a587-fcf6-4061-b57c-7fad1b317de0,0.58186734382745,241.78
e2a9bd3f-dea4-4436-ab8c-182539b37338,0.5821260645461,249.78
f614a532-8547-48a9-b3c6-a67d3e3e6bff,0.58524133533375,253.78
d300d17b-33b7-4946-a798-5d64272137bd,0.58489624010835,277.78
0d0798c4-13e9-44e1-a106-afaa33f69bc3,0.58367013121735,265.78000000000003
09791dbf-457d-4c95-ac98-03a993353c38,0.58539126114765,233.77999999999997
e035a1ee-1932-48c2-bb4b-e11d387a19cf,0.5819108105329,263.78000000000003
aebdf0d5-c551-43f8-8712-b9a19290306b,0.5882924394615,208.77999999999997
a42f158b-fec4-4167-8a74-86882caec1c0,0.5827765720064,153.77999999999997
5d24db49-e552-486e-ab4e-8000ecfbb1c4,0.5815581382847,246.78
5677f35d-b796-4179-9de9-fb6c55475cf7,0.5825103146263,236.78
554360b1-8b5c-4557-9437-280cf0defe0e,0.5852144719234,200.77999999999997
91e8dadf-a8aa-439c-9adf-24298e03832c,0.5858651808196,217.78
89f18ea2-a9e3-4a1e-8363-0de4edafdf6a,0.58515775283535,191.78
3ff89880-db44-4e9d-83f2-5e21d80263f7,0.5848077095113,232.77999999999997
5cacf177-f409-4887-8922-7bec42bb28a2,0.58287883366825,146.78
3c1d7be7-1307-4a14-82b3-674e6b37f180,0.5827765720064,153.77999999999997
2b668f3f-f4bf-43c8-840f-6b459e3b45d6,0.5825103146263,236.78
c550fbba-f9f2-43ef-9b99-fa96ad331254,0.5834448603203,192.77999999999997
de881120-0f27-4911-8186-5b2363dd1eed,0.5815581382847,246.78
95a79d02-aff5-487b-a795-c25f7e2ab5d3,0.58455217584145,181.77999999999997
128cca3f-0865-4559-9bd3-6a914874e202,0.58539126114765,233.77999999999997
faf94610-59a4-444d-985b-9ce1c3348011,0.5875215996053,173.77999999999997
5dcc7fa8-82ca-4165-9bfc-a1248ea43f3b,0.5882924394615,208.77999999999997
f17a6497-91a2-4404-885c-95f4752b2d89,0.5827765720064,153.77999999999997
a0a5065c-0602-4cf4-a288-9b16dbc663a3,0.5830863108122,272.78
b9b16073-9ec2-49ce-81b2-f39c971ef2e0,0.5830776754456,281.78
388ed3d9-4193-4567-8f8b-997f7e76358e,0.5818388947793,268.78000000000003
217e2b7f-d37d-4b07-abe2-e49e7f511684,0.5861281401586,221.77999999999997
e156be5e-cf38-4c4d-a858-b45904825877,0.5851751765259,234.78
5e5efcdb-e66c-4b07-b008-2607c393804d,0.58675967250585,246.77999999999997
3f981a2f-5683-46f1-a5ac-0bbd5b06ae5a,0.58287883366825,146.78
92424fc6-db04-4b98-b9b2-b0cf9f89e6fb,0.58460468517675,211.77999999999997
4b6c4bb0-bbbb-4b3a-80d1-7500a91fd3be,0.58267657394725,259.78000000000003
6f40ec12-ea0b-433d-bd76-b496cee518ce,0.5869571526713,207.77999999999997
6a4db69b-1cf4-4be0-9d6b-43530b94259a,0.5817972103766,213.77999999999997
0d2f8ef5-005a-4dc8-891a-a55174930bc6,0.5851809039276,257.78000000000003
2a57b04d-e83f-45b8-8810-f0e03ed1fa4c,0.5825591674194,228.77999999999997
da2650f8-e33c-4d2f-8c80-6e13362f4d65,0.58155602180625,251.77999999999997
3b597107-02a8-480d-961d-efa4736a8ad1,0.5865015094505,259.78
66fc3d16-4b59-4feb-a700-d38122ee5e7d,0.5827765720064,153.77999999999997
31a31a26-6f91-436c-ac20-90ecc673843b,0.58568470422065,221.77999999999997
d349a765-d910-40d0-9cb4-b49be0825c94,0.58201399815805,193.77999999999997
d11259ac-992c-4b4e-ad11-91bdb71e303c,0.58675967250585,246.77999999999997
a107f757-7031-4853-945c-07f68af37a03,0.5861281401586,221.77999999999997
1087ea82-042c-4aeb-8107-a940218eff1f,0.5851751765259,234.78
5ddd833f-0236-4870-97f4-080b25e4f71d,0.5818388947793,268.78000000000003
803b36ca-6a68-4fe7-9717-fc347a44d196,0.58287883366825,146.78
094299a9-e4c6-4536-84ac-6c96f9f9f156,0.58460468517675,211.77999999999997
ff4ef9e8-d7ea-43af-8583-72bd0d24dea3,0.5859692617,196.77999999999997
8e787955-8ce6-4ce1-b928-22586c5b90c9,0.5869571526713,207.77999999999997
a8f7f633-d57d-440c-85b7-e15cbe1ea78c,0.5817972103766,213.77999999999997
4df6ad11-ebaf-419b-a78f-739cbb40a88d,0.5861281401586,221.77999999999997
29dc1cd2-b5cf-437d-bb64-f34a3e8a148f,0.5825591674194,228.77999999999997
72d7d685-e900-4d18-a7a4-daafe2ac549a,0.5855817489146,231.77999999999997
67917281-a7df-4a21-b552-12c068dd8827,0.58331253646325,247.77999999999997
a65c1ae8-4b46-4b51-b65f-62199d787839,0.5827765720064,153.77999999999997
a0112e30-17b5-4efb-a0f1-c78aa3a37e8e,0.58650495528105,235.77999999999997
a96657b3-b088-46c1-93ad-b239b232d1c0,0.58508898637115,238.77999999999997
d0d08f93-53c9-4e81-9e7b-24704a5bd871,0.58255427866625,255.77999999999997
0a95d858-fcaf-443a-ab3b-bd2dffeae13b,0.58733210236715,218.78
a984793e-0f9b-4bc3-9c63-e4100298f88a,0.5870040863994,232.78
c137cdfe-91b8-4988-bd11-66b3cbe8ebb6,0.5862008857073,244.77999999999997
3c90a219-d2bb-4ac9-b282-05ea912ada91,0.58287883366825,146.78
82bfb91b-16a9-4a9b-a644-d3f4731ebdb8,0.5848040835478,248.78
2d28b5f4-85c2-49b7-b298-5144cf7f4dd9,0.5833522226991,220.77999999999997
9fce58f4-d272-44be-abce-1ea7c5968b13,0.5835905461006,253.77999999999997
07a8bad1-8641-42a4-b81d-65c385cf57fe,0.583918796939,208.77999999999997
d08cd10a-0610-4549-bbf4-c89a63d71eda,0.5870859763534,222.78
f649e920-a462-489d-8bfc-e02dfc94bc5a,0.58507611042515,233.77999999999997
b6e680da-dc51-4db8-bd6d-7316647ceac7,0.5835827214582,226.77999999999997
833f4cc3-7e23-431d-b928-5632101baf54,0.58905719558165,208.77999999999997
16414208-9c45-483a-8fb6-75a33a377d1e,0.5827765720064,153.77999999999997
b6f14ee5-2cf4-4801-af07-4c2caf80616a,0.58354056780375,209.78
57f73f30-dd0b-4930-aae7-fed92a26a3e9,0.58058786274925,255.77999999999997
b3fcd28a-2ead-4e0d-aa99-d22667bc24fe,0.58082591767845,194.77999999999997
b256ecda-a233-4b85-a2ac-7fba35c2c45e,0.58733210236715,218.78
8c0a1de6-1e56-46da-8153-e09b57a79eeb,0.58446368744,183.77999999999997
e3050e31-7b2a-44c7-bbc8-46ee7b71b75c,0.58650495528105,235.77999999999997
3940007b-4c57-4ffb-b0e3-fea9d8012d51,0.58287883366825,146.78
7131d2b9-4c9a-4755-b940-7d1a07120e8e,0.5827765720064,153.77999999999997
8ffd68a3-6a5a-4291-9292-f1119441a0dd,0.5833522226991,220.77999999999997
82c456cf-34a1-419c-bff4-db81ee660d5f,0.5863057717968,197.77999999999997
af9ac0e5-db5e-40bb-9fcb-73b2401c486c,0.583918796939,208.77999999999997
61fb6cb5-d909-4d25-bde7-6cf41f1036d4,0.5870859763534,222.78
39a5b627-ab2f-4054-b7b1-65db0ee60e14,0.58650495528105,235.77999999999997
79ea6be6-f6ca-465b-841e-1f4155f29951,0.5835827214582,226.77999999999997
e6220611-3bb6-4d78-be75-355fa8f3f99b,0.58905719558165,208.77999999999997
298f78a3-6335-4bdb-bfb4-9d4e72815d34,0.5827765720064,153.77999999999997
b538e21b-9cb7-4cfe-aaf6-cb67515efc4c,0.5829256622277,270.78000000000003
395b4235-353e-4afd-868f-4bd6fb0bcb98,0.58136806064405,258.78000000000003
ff8123a6-5f64-4b00-83c2-796a5a9d579f,0.59035328255435,231.77999999999997
0be257f4-42ff-4413-96ec-7a1420341b89,0.58520527956395,232.77999999999997
ed129490-96f9-476e-834a-8aa4dfe2c2d0,0.587687545296,210.77999999999997
dd7925e3-fe20-4f60-8056-7150980b5d0f,0.5866486392342,240.78
1b315fdb-5f1b-4055-82ef-abd6e84d0710,0.58287883366825,146.78
cf12af5f-2caa-4c94-ae3b-bfa107da8fee,0.5847696609949,241.77999999999997
dac79183-4908-4734-90f9-620c5cf1c878,0.58538608751715,237.78
5bf9b8f7-03fd-4fbc-9e42-9e2ea7441b31,0.58597449980655,247.78000000000003
eddbbafa-7ab6-4aa8-ac1f-21702b202013,0.58196801859145,223.77999999999997
43f89539-0f68-4136-a789-f8398f26f5c4,0.5884897255091,223.78
be55aeda-3589-42a1-958a-c964fa8881b3,0.5817231277099,253.77999999999997
e58d8359-b7ed-4b9f-b24f-3bb759ff00a2,0.58358604579415,248.78
a8fbf2a9-7cc9-4f80-b6df-9e580e7f5a19,0.5825389361835,224.77999999999997
dc9b58a7-8e22-4ece-b3c2-95caf7b0d736,0.5827765720064,153.77999999999997
57029ef8-81f2-475b-8727-4db8410699f4,0.58152204924315,241.78
2c3da177-52b0-47bf-8bd5-c227c233b0bb,0.58201338900525,240.78
4f1b4e37-7b36-4ecc-b5ac-162198408a46,0.59035328255435,231.77999999999997
6e92a9c0-bdc1-4856-a4e9-0eac49af5042,0.58520527956395,232.77999999999997
867267b2-f772-47c1-8fa2-8abec91fff66,0.587687545296,210.77999999999997
cdeb6899-ee25-425f-9ca4-44623ac46b36,0.58596024579475,189.77999999999997
32b15ec7-6fda-41ee-b545-74d60b4d10ce,0.58287883366825,146.78
1d706636-e471-43c0-ae5b-da2e9131c485,0.5854048074609,204.77999999999997
e3858cbe-f075-43be-9627-07db875858da,0.58491444155985,241.77999999999997
7c99431b-4900-406d-a844-501be1423805,0.58498215532905,236.78
4103135c-db00-4075-9e91-a093735b429c,0.58196801859145,223.77999999999997
519c6758-ea14-4a49-a984-ac3cf6db7c9b,0.5884897255091,223.78
d886192e-fe2e-4d0d-8df9-31094bef2dcc,0.5853808842075,199.77999999999997
5227f8d2-66ed-4cb3-a818-41f973734ecb,0.5843192184946,195.77999999999997
7d69185c-e714-4a57-bed8-1417cde88c29,0.5825389361835,224.77999999999997
975b43e3-59a1-476c-84ee-27070473803f,0.5827765720064,153.77999999999997
21dafa46-685e-40b2-a581-31c82df7822d,0.58144533076985,248.78
f4800143-9b43-4932-a870-411c68d879ee,0.58278080817615,216.77999999999997
ed55a7c1-79fd-4953-bcd2-37a7e6257347,0.58413979176965,237.78
774290cd-65c9-4e39-a7c0-bf81e65cc2bd,0.586279877532,243.77999999999997
8b2801c2-b10e-468c-b888-c202534a0e2e,0.5849258805196,247.77999999999997
bc9676a3-6ea6-4f61-8711-214d1a89d913,0.5847954583859,242.77999999999997
00f595a2-f5b9-4290-80fc-0931a750b810,0.58287883366825,146.78
762f9123-7075-4b12-a0c6-564caa9be3ac,0.58803125294275,222.78
7df0c2d5-43e5-461b-8907-5cdad57b975b,0.58510862534135,211.78
b0472f17-02f7-4891-b863-a352776eb00a,0.5855174914931,217.77999999999997
ed20052e-16ee-49a6-a2fd-02b121473467,0.58588875423875,227.78
4d50d698-ab28-4e73-ad7d-5b43f6c590fe,0.5853608168294,288.78000000000003
3ec389be-88c6-424a-82f9-2e64d22f94d1,0.5862383847038,220.78
19a16ff2-d411-49a9-827d-007a5c0a8c02,0.584892684552,227.78
62c80990-216c-4856-9249-9f1ec7170e92,0.5809860273747,295.78
463e001e-a5bc-41b5-ad53-c0411752f236,0.5827765720064,153.77999999999997
ea632c38-389d-4b27-821d-5d47d676abce,0.58145457145745,188.77999999999997
6718aba7-d1a4-4646-825d-5afb7769ce34,0.58278080817615,216.77999999999997
3c237c7a-e287-4c86-b918-6c278065800a,0.581712660426,228.77999999999997
a888111d-a174-4deb-8b6f-f19f0c4d6bca,0.58081517278045,208.77999999999997
1da8eeb3-90b3-4a58-8001-2cadd233adef,0.585415273456,250.78
4d2f5996-ed9f-409e-80dc-344b0110f8e2,0.58619057052915,209.77999999999997
99a76390-2908-4f83-aa42-fb7b1601c396,0.58287883366825,146.78
23777841-de51-494e-9fc2-cd5ed5fd8855,0.58803125294275,222.78
24626499-e647-4a4c-9042-c17baa596829,0.58510862534135,211.78
51fb562d-37e5-4215-9e5e-5701646dde0a,0.5855174914931,217.77999999999997
62ae8d97-e066-45fe-82d6-60049f4aa4b1,0.58442436922765,191.77999999999997
8c6edbf8-9242-4126-b92a-e0bd8f86a741,0.5838409653765,203.77999999999997
a000f3e7-b2fb-4458-8aa2-a30492ce3692,0.5862383847038,220.78
bbb851dd-2d08-45c0-bdee-9f84d1926aae,0.584892684552,227.78
68962c24-6d6f-40e8-add7-bc99b148156f,0.5858759395573,183.77999999999997
88c55c21-ae14-443c-ba26-f8db591bd162,0.5827765720064,153.77999999999997
0b04b512-b42c-4ea0-9b65-b6dfff752515,0.5841314694218,240.78
3025825a-7cbc-4a47-80a8-1609c3616763,0.58494503651745,209.78
c0ca4857-f372-4042-a204-9b12492f57c8,0.5823292761266,260.78000000000003
cf2579f1-4bf7-4deb-b409-d3f3429d0bba,0.5836687282718,255.77999999999997
60801b33-1f69-4318-8089-07c0c7dc6abd,0.5828781339444,263.78000000000003
6dab5afb-95ee-4792-bfff-f3241c923ca1,0.58356535166195,205.77999999999997
72645fe0-a70f-443b-b4c2-a417f6ab493b,0.58287883366825,146.78
b1911d71-fe25-4460-a21a-7906fea8d34c,0.5852523391735,247.77999999999997
aa3a4576-8c55-4dec-be4f-faf497504b3e,0.5875496731459,229.77999999999997
356f657d-df58-4184-a0e4-ba493b01b9bd,0.586784730804,231.77999999999997
35e67a22-f0a9-44f1-b438-a2c987e21098,0.58474701875105,240.77999999999997
4b3a0413-00aa-430f-94c5-e114f9ced545,0.58439604907355,246.78
0315809f-f601-466f-b585-0d55a0c1f421,0.5877014610489,213.78
0c4ed1ab-8677-48c1-a201-b5df2ded17b2,0.58164857397415,262.78000000000003
f2ff1c08-356d-40cf-80ef-ea52510d0283,0.58302236529365,240.78
651dd7a7-ce55-4b12-9196-a728a8744514,0.5827765720064,153.77999999999997
b5808550-eade-4c01-9fcf-5d36658b09f1,0.5830301840084,207.78
3a49a0eb-831b-4899-98e4-e41246865bc9,0.58494503651745,209.78
2d52a50d-4d23-4278-b610-49592fa6d119,0.5827765720064,153.77999999999997
bf6605af-1d9b-4488-aa81-8ad7a1a0a2d4,0.5823292761266,260.78000000000003
6bad1a3e-6179-47c1-a2a2-6faee2aa83fa,0.58364355624585,230.78
5f472d70-3fe5-4931-b07a-7538931c5c00,0.58356535166195,205.77999999999997
af8097b6-096c-4405-ab37-b41f79d1a05d,0.58287883366825,146.78
2b09b790-9c4f-4507-a9f2-c168a94a7c58,0.58432893973435,245.77999999999997
579a7b85-30e5-4ea1-a017-eeded044d630,0.5875496731459,229.77999999999997
03d675da-7507-4ec7-9945-6b7983882cbd,0.586784730804,231.77999999999997
e4f7093b-d6f5-4e0e-b949-7a759b7009ef,0.58481649778215,205.77999999999997
28947083-20fd-4f14-a434-d244378bbdde,0.5827765720064,153.77999999999997
d05dabb8-efda-4e1d-805f-b24476e08448,0.5877014610489,213.78
f225f7b7-300f-4633-8137-b67973278a74,0.5841095292922,243.77999999999997
ad7e463f-16c2-4977-abac-b436b239f969,0.58302236529365,240.78
d76ea73b-eb95-4b02-9b6c-a7232235005a,0.5827765720064,153.77999999999997
16ee08fc-b0ab-4e04-a930-01cc43a027c0,0.58570889024005,199.77999999999997
d10661ed-5a0f-4b08-9cd7-adaebfb95c4b,0.58251475994,236.78
5a78239d-dd05-4c16-9fd1-b73bd1275cf6,0.5821408318655,249.78
49e183b5-b70d-4457-9a85-a3bdd16029da,0.58322414029445,189.78
00e97491-08cc-497b-928f-752463b9b108,0.58549985493115,254.77999999999997
0efae820-77bb-4ce6-aa9a-f791debf630c,0.58728317950245,226.77999999999997
c3cf438f-4af9-47f4-8244-bfde2cf3e0c9,0.58287883366825,146.78
58b51dc7-94c3-433f-8983-ef21d9390dbe,0.58742723497385,219.77999999999997
5856af03-8910-48bc-a19a-58a2a8268b4b,0.58341912363055,246.78
1791f6df-2529-4f1d-9b27-084da7d0bd8f,0.58304668807855,231.78
eaf4e845-6b3d-4a81-9b54-0534163f9fc0,0.5843736265283,237.77999999999997
56607ffd-3288-47af-b9a9-84e6550639c3,0.5852106983445,243.78000000000003
f74b641f-7b8d-4ddb-b461-a42b9c9afd0b,0.5875277437497,210.77999999999997
46431a04-7645-43be-b694-21b99764fe0c,0.5849816711008,240.78
25c37243-3e6e-4c0b-ae2e-b14e27ab65d4,0.5903842632944,206.77999999999997
d621a887-9209-4ee9-a6f4-26c5876ed518,0.5827765720064,153.77999999999997
edc7c9ef-9813-4774-989e-6f93bd2fb7c2,0.58570889024005,199.77999999999997
0122a9a9-1f34-49f9-94df-b8e1bb4f8d2b,0.5827765720064,153.77999999999997
ac85e76e-7f79-4a71-ba63-ffa506ab9fcf,0.58537721169665,196.77999999999997
6e840e19-98e7-40a4-87bd-0fbf9efebff6,0.58322414029445,189.78
ea09fc29-05b0-4759-91b2-1ea978bb3e80,0.5859142529731,237.78
06db1e3c-7ca6-49dc-96a6-eada10a15be5,0.58728317950245,226.77999999999997
71e3da72-d8a1-4422-813d-fc4b4bcbb5c6,0.58287883366825,146.78
fb94626f-40e1-4edd-8480-e0e91d892d64,0.58742723497385,219.77999999999997
1ecf9e85-c2a6-45a3-9173-ba0abe5fbc24,0.58570889024005,199.77999999999997
e187238d-783c-4827-bf07-be8ca59b9923,0.5853109283689,244.77999999999997
bbbdc283-7bcd-463b-ab15-d0d7a048f494,0.5855681154223,186.78
0a657497-e758-45d4-ab0d-f53d228f93ae,0.5821408318655,249.78
ecd71afe-ad47-49d6-b21a-6b17f086ce69,0.5875277437497,210.77999999999997
1d9f68be-aaa7-48d9-83c8-74d843cfeee7,0.5842376603238,222.77999999999997
9187d0ad-a1f8-4a2e-b851-772ef0569e9d,0.5903842632944,206.77999999999997
46da1e8e-be0d-4e30-b2c3-1d9319ec5673,0.5827765720064,153.77999999999997
8abf598e-1507-491a-8156-04acbd98b5e4,0.5825937176786,225.78000000000003
28afee25-05ab-4bef-acee-7bb7c65865ec,0.5835795324092,229.78
f43b605e-bc94-4cce-ac1d-5d5cb4606344,0.58498478701005,210.77999999999997
d16e65bb-50fd-459c-b1c6-fb014e57b3a3,0.58778720447195,264.78000000000003
c0edccc5-421c-4a9d-a8ca-4db990e29466,0.5856585633995,217.77999999999997
3308f163-5a03-4b99-9175-daa5337320fa,0.5846598821732,250.77999999999997
47812c2e-472a-4253-9c15-25106efb702c,0.58287883366825,146.78
96dcdfe7-be3a-4370-9e2e-689786b72ed5,0.5833681488102,241.78
6addc76b-e741-4b71-be35-286c4bf5b753,0.58172843482885,244.78
78f7c3a6-d16f-46ee-a81e-a0c48c73d698,0.5851665073109,226.78
7c6e7a0e-c784-48d3-87f3-d09052fb302a,0.58307520109085,226.77999999999997
d9a9486d-eb87-4a4a-9b0e-1d05022d346e,0.5831395752233,278.78
e33b5028-583c-4f08-87ce-f7c41b0dcc11,0.5845671163026,271.78000000000003
7c9b2229-cce1-4f86-ac02-d7180d954a5a,0.5843439388494,257.78000000000003
a94ab163-c429-492f-a02b-ba7fee50f328,0.58479191299,247.78
66024626-8e20-4bbc-95be-c38a93f28a0c,0.5827765720064,153.77999999999997
ccbc02e2-9c5c-40be-b755-80085e6e22d5,0.5825937176786,225.78000000000003
428d6873-690a-4fb4-b8dc-0fb57dec014f,0.5835795324092,229.78
16ed0a7b-562f-42d4-91aa-a842d8dc499e,0.58498478701005,210.77999999999997
79d7804c-a76d-4530-9072-95e5de706da4,0.58384905654955,216.77999999999997
fb4a2e93-4c33-47fd-8c6d-4069966927e0,0.5856585633995,217.77999999999997
7a784c86-366e-4fa0-af94-c38fa53ae73d,0.5854061828436,212.77999999999997
64ff05e1-ad63-4d65-ac2b-80c237d009c3,0.58287883366825,146.78
210e8232-b9f3-46ac-930d-c7c5bc6a93d4,0.5837199395277,225.78
f2f3ed07-07d1-4d89-872e-c855333dfe12,0.5849967241057,190.77999999999997
3f32be31-1b4e-4e92-a8e7-40a0b262b198,0.5851665073109,226.78
4753d67f-ae43-464a-96ae-4f78bee95dba,0.58307520109085,226.77999999999997
c14b14a3-0c7b-4c43-8b9d-4ee1d7b9193f,0.5825937176786,225.78000000000003
e89eb625-6f38-4805-b071-46f89b66f55e,0.5874363491168,263.78
525349a4-e626-4976-a171-4f28caab1409,0.5825937176786,225.78000000000003
a4cb8001-f567-4351-a9d1-ab5d42f247b2,0.58375368002765,194.77999999999997
f532ccf1-4fcc-4d2b-99b8-a02e88e21d41,0.5827765720064,153.77999999999997
b2bd7d57-1f56-4754-b0a8-7f84d60f5667,0.58356748219875,231.77999999999997
bde6647d-61d2-4742-83b6-425348557118,0.58265345852635,241.77999999999997
3ee12d86-d37f-4965-93bb-08c6aa6047a9,0.58651979066505,250.78
74389b2c-b2d0-496b-8e39-0d10bf65a141,0.5815089090295,264.78000000000003
f4fa9332-2346-47a5-be0a-68b0892531f8,0.5826914854966,260.78000000000003
68ded032-a20c-4709-970f-45862b996039,0.58572383352955,238.77999999999997
2288fa77-f7ee-4e7e-92df-410a85770219,0.58287883366825,146.78
f3686dfa-2319-4ffa-8aca-1b8ab1c8da8b,0.5885069468625,180.77999999999997
0964d4e5-8172-49d9-9b12-79fa69919cf5,0.5822665083326,263.78000000000003
4b43b094-5382-4b5a-8f8a-87eba9302bf9,0.5833605779932,236.77999999999997
ef72a737-26bd-459b-b190-5d6f58fb97bf,0.5848772312578,265.78000000000003
1fbe2718-9cf4-4921-8fcb-871f4a2da856,0.58586415512015,229.78
29a28562-9db1-4556-afc7-918cca3c651c,0.5828983807497,238.78000000000003
d42c5067-7fd8-47ec-824f-fb72a913302e,0.5873717524628,251.77999999999997
effd0143-cae8-4fea-998f-072b6279ed89,0.5848517738917,280.78
fd7ec392-1b81-4115-b92d-804f49e060cb,0.5827765720064,153.77999999999997
a086012f-22b6-4f6e-95ca-4eac24d4526e,0.58356748219875,231.77999999999997
4d070324-cfff-4bd4-ae9b-26a3204a705b,0.58502714253975,196.77999999999997
1485f312-5f90-47ed-a430-af17db520849,0.5827765720064,153.77999999999997
3f56e895-1ca7-4be9-845b-d22c61692cfb,0.587595664604,208.77999999999997
91ea5008-1dc4-44a0-893a-4681683d4671,0.58531597057195,249.77999999999997
62c31bda-96ad-4212-8e6e-702f1cac36ad,0.58572383352955,238.77999999999997
0705f3c1-9ba4-41ed-adaa-0e826722d60a,0.58287883366825,146.78
1405b573-333d-4fab-b626-6cb280e3def9,0.5885069468625,180.77999999999997
a180cd87-f6fa-4aa2-ac34-87cddc661256,0.58818379684455,196.77999999999997
215ba969-7059-4c5c-8706-7e3e2efc2f31,0.5833605779932,236.77999999999997
27879425-6792-44b8-b97d-dd8e966df648,0.58356748219875,231.77999999999997
e7f73223-413a-434f-953d-96b3947d6671,0.58586415512015,229.78
256b1be0-d684-4e2d-951c-e0364048386f,0.5828983807497,238.78000000000003
e87bb96e-1643-4189-bf87-bfd80bac0ed2,0.5847341687286,191.77999999999997
db594744-b568-4e64-b116-ef3401c257c8,0.5848289268987,199.77999999999997
bca19755-0775-40e0-8362-e1cd7c975607,0.5827765720064,153.77999999999997
1cb7ad8e-6615-4a9f-82c4-e76ee76cb619,0.58396361650575,268.78000000000003
de2c13fd-ffe4-444f-8e0f-f7fe281fb71b,0.5856295155486,242.78
8503b717-9e5b-44dd-b5e0-2c42b11bb8d4,0.5846832518053,225.78
442e593c-a3c8-4c20-8ea3-849b8ed24ee1,0.58247517798855,232.78
6dfaa04e-9beb-43e2-8388-6c673e8a0e22,0.5872929450487,215.78
50687e12-436f-4411-953c-bd837208e124,0.5848167281559,223.77999999999997
5be02f94-99bb-48a6-86b1-29fc3b9bc74c,0.58287883366825,146.78
0ccdd95a-fa7c-4257-a09f-f612cc39395d,0.58105249417065,263.78000000000003
25530c9b-ba0c-4837-9f33-f68fc0360226,0.584165042293,221.77999999999997
b7533e44-f56c-47d5-a96f-f4c33ea65390,0.5824722921493,251.78
07da046d-5d65-43d1-8407-7966f515a244,0.5784767853497,258.78
dd824c76-5d6b-4dd6-99c8-28e7a2c6a6d8,0.58227514812285,227.77999999999997
e00182a4-3c50-44ae-ab05-67e843184d39,0.5838763228165,293.78
c7efdc83-0ac5-4798-bfb2-abc9d8a8a611,0.58255713180845,255.78
f1d8104b-eaf3-4568-a57e-4f239883efa0,0.5858949731141,241.77999999999997
df088a8e-70f0-4cdb-bbca-3b842b26c13a,0.5827765720064,153.77999999999997
38095fe1-2a9c-4933-be70-989f7e903790,0.58396361650575,268.78000000000003
08739e3f-c318-47ff-8ecf-1ff9e91b5224,0.5856359800507,212.78
6ab85c84-d232-4ced-8f20-e7b92fdbbd22,0.5846832518053,225.78
5c293830-aab4-4e58-b80b-4fa8ae1b75a8,0.58247517798855,232.78
8bb72a81-231f-40cf-bc04-5aec0ef14a67,0.5872929450487,215.78
74a6cb64-2e31-43bc-8207-c231d95fb0d4,0.5848167281559,223.77999999999997
d8044824-57ae-44f1-a8bc-52b1d4ec1546,0.58287883366825,146.78
d6dfb856-b4ab-45b4-bb12-61b82c03d508,0.58340398950555,207.77999999999997
f1f2bb53-cd26-4732-aa22-071e0aac13d2,0.584165042293,221.77999999999997
877bb2e7-f19f-4c93-ad52-8d3e190f0fdd,0.5880122922645,203.77999999999997
b7b3eeea-6f6b-42c4-a637-a4184d8b3adf,0.58339005396055,223.77999999999997
ace09cc2-57f8-4c46-83cc-f208ab087e10,0.58227514812285,227.77999999999997
5df471ab-eea8-4809-96ba-a8426440cfe5,0.5846665340735,255.77999999999997
544a82b9-467e-4bb3-aab4-29c9f181b5ef,0.5855465529885,266.78000000000003
100b3b08-f5f0-4559-8c09-3efadf6ace5c,0.5827765720064,153.77999999999997
5ace0337-bb1c-4f8e-966c-182d68833446,0.5827765720064,153.77999999999997
3e42be5c-ee0d-4323-8c51-d1bdd8867018,0.5847424066829,247.77999999999997
5dfb79ee-295a-4abc-bc9f-65612e426252,0.58564313998805,203.78
088377a1-48d0-4411-8577-24e4e8e19a0b,0.5859095626328,207.78
7e84e746-9591-45f8-88e5-bb97a04580e3,0.5817563186852,306.78
88701c9c-ef9c-4a04-b74b-5466f595ca97,0.5825927398341,243.78
932169ad-1134-43b3-9070-b50330962d53,0.58636617091305,213.78
6048386a-6c5a-4999-a99e-5978fec6c032,0.58287883366825,146.78
4afe78dc-7361-4491-8978-2b62e01581dc,0.58485340687745,202.77999999999997
54faf4de-b484-4120-b0af-3b268cd4722f,0.58386477837785,217.77999999999997
ad809af2-8d54-4404-b306-145d70dc2473,0.5834461585543,239.77999999999997
b1a5f4a8-b614-402a-82fe-c31c2403fa9d,0.5810784626101,229.77999999999997
a0b50624-f591-4f8c-b1c8-b01d94df5615,0.58388069364465,266.78000000000003
c2d803c5-3fc9-4afd-9c06-82f1553f255b,0.585527166746,255.77999999999997
66285e77-3c51-4af0-9cb8-66d5d0fc6518,0.58944095519875,204.77999999999997
92183132-21db-4b12-9239-363e82373243,0.58314966317585,259.78000000000003
e855266b-a92c-4a7b-b485-b532324664a8,0.5827765720064,153.77999999999997
43432508-de3f-4a20-abe4-a497b71118cc,0.58318957637245,183.77999999999997
92a2b932-9842-4d69-8639-a111cb5b4ed9,0.58564313998805,203.78
ed7b8edb-4c2d-4c40-9ecd-1a753afa5191,0.5859095626328,207.78
13540d2e-5efb-4f6c-881f-ebf69e4c187c,0.5846260036338,203.78000000000003
96b06a0b-14b8-451d-9f3d-7828e22b6487,0.5855860830245,173.77999999999997
e8cbbf35-15b5-41e1-9593-85caf2f302c2,0.58636617091305,213.78
a25476f0-7bcc-4194-8b2b-a84ba28f5229,0.58287883366825,146.78
30ad67c0-92de-4fcc-9516-61a15162ff8e,0.58485340687745,202.77999999999997
614c706e-73c2-48d2-97bd-8135220cf668,0.58386477837785,217.77999999999997
7c0c813f-6972-419f-accf-f91ee0c37c7b,0.58240536654605,222.77999999999997
8ca66d61-6c7a-4c07-a0f3-471d5dd4616b,0.5827765720064,153.77999999999997
dd6f359a-a2b9-44d9-aa65-9cd79a810e50,0.5827765720064,153.77999999999997
807b289a-6642-4500-bfb1-5a343f1d085f,0.5847424066829,247.77999999999997
4a1aaa65-c96c-48e3-a39d-932ebd9ff49a,0.58944095519875,204.77999999999997
df001297-a540-4e05-bb93-906ba00b3a95,0.5841279911645,214.77999999999997
16c9e523-f71c-4009-ae9a-11b1d192094d,0.5827765720064,153.77999999999997
caf1a325-4f11-4a3e-8634-2af279b3f84e,0.58429710787045,234.77999999999997
ef0a811b-b884-4b0f-adc9-47155e29bf90,0.5821356596569,253.78
548772b6-cfe8-44a9-bde8-77501ee63b3f,0.58266553912135,277.78
4a1ef256-e9b7-4e4c-afd6-f46c5b56eff2,0.5884587847131,227.77999999999997
efc44814-9ca3-4108-bae5-8e387b46b8ed,0.5851772384313,248.78
71a09643-b360-48e1-8467-531ec2d4cb6c,0.5855227978696,213.77999999999997
0d71786b-32b3-4356-94ed-093a4ec53cd8,0.58287883366825,146.78
0368c331-327f-41e5-b519-821b7b69e05e,0.58226173295365,217.77999999999997
2d672eca-248f-4ba4-b5ab-cf45388269fc,0.5851698410374,220.77999999999997
f4967af2-7e4e-44f1-8bec-ec8181e12e8d,0.58049467855735,236.78000000000003
b47c0833-57f7-40d7-b8f7-72ebb083762f,0.5832498948247,224.77999999999997
16c6502f-89b8-4126-b42b-7cc31e1b4316,0.58540297684955,241.77999999999997
fd9290b3-f944-4418-a4dc-a414fccb8ddd,0.58311005940905,217.77999999999997
65fad64e-af81-4b87-af66-c23c85c758dc,0.58419579673435,229.78
a4b5a5c1-765c-4d85-ad52-9afdf38e4a2c,0.58396935603705,206.77999999999997
35273200-9976-4901-b694-a4e95d0f245c,0.5827765720064,153.77999999999997
a6b1de1b-a29b-4239-afc3-d5bbfb9225d1,0.58494869471355,209.78
9a6da4da-90bd-48bf-84dd-9540053dc3cd,0.58398872505195,238.78
06f27b19-564c-4bf1-8673-4fa824f7022e,0.5875149655206,183.77999999999997
970d6c86-1309-487c-9033-033b339c284c,0.58555218387905,176.77999999999997
6072cc05-5838-4e3c-9b52-42b6256dbaa3,0.584688801816,219.77999999999997
6e379ac3-38ec-446e-bcb9-2f821a1eb6d8,0.5855227978696,213.77999999999997
7e7acb74-cbc9-4e79-9f74-20766919a7a1,0.58287883366825,146.78
f9a3fea3-139c-4aaf-b27b-b301d8203796,0.58226173295365,217.77999999999997
9cbff568-04db-468c-8663-fbd8f938cd44,0.5851698410374,220.77999999999997
b99a7368-4dc6-44db-8404-31e2b7e84f0e,0.5832171522852,244.77999999999997
6af724fc-cc9d-4eea-b0ff-24a5c6e5efed,0.5832498948247,224.77999999999997
961f6d5d-3968-4ce9-b61e-af69560e5ece,0.5846746627176,192.77999999999997
00406a2e-0f14-4d39-bcc3-c63f611b5afa,0.58311005940905,217.77999999999997
67be31af-fa63-486c-bc87-9411ba987866,0.58327996555865,196.77999999999997
20fda522-a790-405e-af27-04e5ce164f5f,0.58396935603705,206.77999999999997
cd623e80-cca8-4f66-99f6-a810bd425934,0.5827765720064,153.77999999999997
484526f9-b3d6-4d84-884b-db03462d0d68,0.5858422057132,264.78000000000003
b4a2a8c1-d2e0-4de1-8bd2-9619b5e2d171,0.58350285459975,268.78000000000003
54c227a7-c29d-4d2f-bd31-3a08a6294888,0.5807352566947,246.78
3ef5bb24-35f2-4116-a7fb-1163d31cd43c,0.5822069999576,250.77999999999997
3b95f0ce-66f6-4a5f-bf14-04e9c1d45f09,0.5858332397581,215.77999999999997
886f6f79-3921-40d4-b9f5-4fa0c839ffbb,0.5827608611315,226.78
2e27d223-5c22-46ff-a7f6-d9b508558066,0.58287883366825,146.78
eca040af-5a27-4031-b4fe-277288881b06,0.58231288110365,200.77999999999997
0a25bfe5-a535-4b5f-ada9-8ca083bfc8d2,0.5857877538484,270.78000000000003
88b2328b-2937-48e9-bff3-4e5a9be2a220,0.58589877638425,305.78
b60fd747-3086-410e-95e0-eda2967478f5,0.5860547784108,203.77999999999997
d3ebe530-070b-433a-90dd-e8423c3ba8f9,0.5858411263209,243.77999999999997
4e55a8fd-2c5f-44fd-a278-5ccb2af4ca6b,0.5861253125806,231.77999999999997
2401bfc1-facd-4029-befc-8ec84e4983ed,0.5856973254302,227.78
317c26d5-bc7a-42d9-a7ec-49f1d421636b,0.58670776706405,277.78
627862d7-d7d6-48a6-a05f-d56724498073,0.5827765720064,153.77999999999997
e74f8bf6-d20d-4b25-a56c-aa8976120dee,0.58480404267785,207.77999999999997
2909ac6d-c511-4ba3-958c-4b62379a8bbe,0.58278045293225,247.77999999999997
5d8197fe-0597-41ff-a0e1-18f8f430b4d8,0.5872094409425,187.77999999999997
51462678-b982-44c7-9690-e77f7c439a62,0.58725205171785,185.78
b86d4da1-7316-4da9-a70c-41cec8122b79,0.5858332397581,215.77999999999997
cc52a65b-d76d-4538-abae-cb511f130564,0.5827608611315,226.78
89f6d5ad-0a7e-4f84-91d8-13e9e3a657e6,0.58287883366825,146.78
022c8d7d-a3a0-4a35-959f-25cba75a25a7,0.58231288110365,200.77999999999997
8c1b3789-5c0a-420e-8373-fd6fff32931d,0.5827765720064,153.77999999999997
a754de82-d49a-4016-a741-e21a27823d4b,0.5827765720064,153.77999999999997
b1d22f50-cba8-4407-8638-4cfbc83e235f,0.5860547784108,203.77999999999997
54af3c24-b912-4e3f-a5f4-2f94990d08bf,0.58481400415225,190.77999999999997
eabd5b84-70d4-4849-8f34-a8071a47d1e7,0.5861253125806,231.77999999999997
a4a837a0-47ca-4d3c-9914-dd2eefb97136,0.5856973254302,227.78
39f2b620-c879-4425-98d8-dc0ff7ed7932,0.585846511764,222.77999999999997
cbb0134d-6dd9-4ee5-9773-b0f6f4d57d27,0.5827765720064,153.77999999999997
ac715ed7-efcf-417c-a987-3da1c393bc58,0.5832345976816,265.78000000000003
8ac879a8-a7ab-4dad-ad20-851437daed2b,0.58359776440675,207.78000000000003
5ac11c0e-8061-4a36-8ebf-d05e433e7853,0.58348788442085,261.78000000000003
99981e67-3cae-4435-a4a9-eadc8a48946f,0.58985481566815,236.77999999999997
e1f772b3-a2ce-4cca-bde0-8e03292e0b82,0.5856613334176,210.78
54933c54-6f10-411f-b9b6-0d2c3c24419d,0.586273468713,202.77999999999997
4a885bd8-5b56-46ca-8ac7-6ca9b525e8df,0.58287883366825,146.78
3b1f40bb-9524-475a-819e-14f8f299a140,0.5839530246748,279.78
77d7ea8b-9d5f-426f-99e3-6cbdd06ad4bd,0.5829828342759,223.77999999999997
a03f10ba-d57c-47c1-968c-45812405dc79,0.58406634264955,259.78000000000003
bd198735-b641-4903-98bb-94ac3c83a84a,0.5838898316415,208.77999999999997
b2e20f4e-ef35-4286-b502-73ebdc032498,0.586162702694,213.77999999999997
58d16e62-c1fb-4a5b-8d19-9c5501a8b4be,0.584966083882,196.77999999999997
81572afb-8f79-4fcc-b04e-ae8dd4a30dbb,0.58176375383055,259.78000000000003
c57a933b-913f-42ef-a5c3-af9b28d49c12,0.58441900764055,276.78
