SimulationID,AdjustedLatency,AdjustedNetworkCost
d406b4ff-3921-4b7b-9cf8-36a55cbdb535,0.58629436072835,199.78
d31b7aa7-74d4-4c14-8f0b-56e3b0ca9088,0.58720924820385,237.78
d61c3206-9c8f-41e3-af66-e97da51bd371,0.58416390669695,215.78
4c447168-1fa1-417c-91fd-daec732096c1,0.58180851918595,270.78000000000003
e7550e50-555a-4ac8-bb27-3eadbe1283d4,0.58668476284745,202.77999999999997
13a47edb-c266-4793-802e-78ee2c978c61,0.58505248777295,229.78
e4720b1f-aa3a-42a6-94e7-98b119206237,0.5821618044092,258.78000000000003
9b9f0577-eb4e-409e-8e5b-7e1ce66d6a97,0.5834622717231,249.77999999999997
1aed316a-c883-4c80-9bfd-fd80a2b3d134,0.5839793634096,240.77999999999997
13a8856b-42c9-4368-abfb-907a6e496267,0.5858800813731,243.78
6dfb89aa-56f8-411d-b896-daa991fac4c8,0.58221016763405,232.78
6f0bffc5-0c08-405c-ac6f-3eb4e99d8618,0.58809559034375,224.78
06220a3f-5070-407d-80fe-6101e66dce1f,0.58643456312415,251.77999999999997
2df67eda-f91e-4079-b66d-dd225cda8049,0.5834806027634,291.78
071480b1-bbf2-48a4-8acc-a2bff0fbfeda,0.5867745106244,246.78
19f7fa6c-0a15-46f3-acf7-bd53993ff5f1,0.58514925659485,246.78
6ac983f3-69f0-4c4c-82a0-0bd6f0f1ca9c,0.58629436072835,199.78
02d41efa-039f-420e-9b20-cc3a60128503,0.58070386339075,207.77999999999997
aabf34ff-6528-4d1d-b389-3ce3ab448696,0.5815983137858,154.77999999999997
85ef35de-1edb-4f6c-84bb-852a900c1403,0.58318552998705,229.77999999999997
fd965267-c92c-4e1d-b1e2-5c9662ad0617,0.5854429526011,186.77999999999997
8a3eee90-7650-41aa-91b7-33a14e44cb60,0.58452256951915,195.77999999999997
2394d5be-5bab-48b0-a556-a54f5a5442e3,0.5823315760897,219.77999999999997
d6c47055-c4c9-4ce4-82b2-a9ce881390c1,0.5860375206326,198.77999999999997
d0494378-3649-4326-aed6-d5e0910fe769,0.5831985149203,214.78
444c43f2-dc5a-41d0-9b10-776410d069cb,0.58289485771155,201.77999999999997
e4df5a8e-3978-48ed-a10b-e947ad772067,0.5831160576798,208.77999999999997
31ca67e7-125e-4524-9808-b0d05a3a5b40,0.5843020109381,199.77999999999997
0ebdd24d-0fec-48e3-b970-cb2455a72c4d,0.58270062154905,183.77999999999997
fd56b049-2744-42d5-a277-8e1e65fdd7da,0.58284874854285,231.78
bec66a6f-c7ae-4faa-9a51-93690037f40f,0.587185175714,216.77999999999997
81376139-fcb1-465e-aef0-a43590d6c7c8,0.5842868242312,183.77999999999997
eb77a744-ea0f-4718-affc-f14b74d22ce5,0.5850220990717,165.77999999999997
76253592-0dfa-470f-a9c7-2fb0a75fd161,0.58330962945025,173.77999999999997
a9568cfb-1c65-4e01-9c70-6f8a674ed2d3,0.5871963122466,157.78
f9c10115-1c63-42d8-8d3c-24fbe8c880ec,0.58113219894775,193.77999999999997
5a28e1e9-2483-49a7-b4db-0a2122fcc598,0.58475381478395,158.77999999999997
c8a385ec-14a5-4271-86ab-fb459977907d,0.58474855230335,173.77999999999997
a173c71e-1a88-463b-961a-2686c73e1cec,0.58609097371885,184.77999999999997
315632af-de05-4b43-b210-f18378ccbaec,0.5843318603964,178.77999999999997
957d7aec-47a3-417f-ac6d-5937033d7e81,0.58950842940295,168.77999999999997
ff8a4e49-4d1d-4e1e-811c-d64a900a7094,0.5821913495942,203.78
c48219f3-1b4a-4120-b2fd-7ccbd5945c83,0.585395303723,181.77999999999997
4081431f-6a64-4965-b859-b91b23dbb9ae,0.58625669709775,184.77999999999997
15941dae-966e-4598-92d5-02d80487c539,0.5855332350551,175.77999999999997
ecb32a61-4e18-4d41-8dad-123c5f34a4eb,0.58321137660295,189.77999999999997
74c8e2ac-44bd-4958-a0e3-77b525224611,0.58618264541655,174.77999999999997
eca48ccc-c58f-49a8-a053-b89413a634d9,0.58331335851255,180.77999999999997
d372db70-fabf-4d08-bacb-e44ade93c03c,0.58474385273405,167.77999999999997
efd34ae4-93c9-45ad-a9cd-a0d4430737ed,0.584012966945,171.77999999999997
8465afbf-4978-4c77-97af-d82816fa70ca,0.5871963122466,157.78
d92b6ed2-4463-4cf5-b129-d2777e7e74bc,0.58336552933285,172.77999999999997
2f4c9242-a4f2-4d38-a460-bf3da0c863aa,0.58747465796225,173.77999999999997
9126ec0f-32de-4bf8-8a9b-fe12aae0d6da,0.5814258736702,172.77999999999997
e3c15702-ade1-4964-9fe2-8508573bc4d7,0.58687440691015,144.78
327910ab-df41-4033-91f4-2702591380fc,0.586395528591,151.77999999999997
4db32398-677b-493f-94fd-3a1578438f8f,0.5844997420708,167.77999999999997
70a7faf5-7ecb-403c-bcdc-ea85ac6b60f9,0.58347556695235,180.77999999999997
d2085c62-c218-46cb-ba21-c7cee079abae,0.58480836019635,178.77999999999997
2339be1b-4b2e-4b0b-81f8-d9d8875728b0,0.58502650953395,174.77999999999997
9d25ac11-2bb2-4184-a0fb-03208d0c2c90,0.58708770697645,153.78
9243cddf-fcdf-4562-9261-902326e9675f,0.58508626909755,168.77999999999997
f46c4782-b76e-46bd-a550-12b2a7db2fdc,0.58356776055855,156.77999999999997
21436e23-9f65-4473-9fb6-e5bcd11c2013,0.5858625467991,171.77999999999997
ca17bbe8-40e3-4f3b-ac91-1aaa71f11215,0.58599359808825,158.78
7b3d8814-6b93-4cdf-89cc-b72735df8959,0.5825137380313,177.77999999999997
a7da2358-0703-4777-9f1e-194fbf7f78c5,0.58347259029305,163.78
177fe548-274d-42b2-9263-e7d0205f99e8,0.5834926784877,162.77999999999997
7993d5f5-9027-473f-b4f7-c75a7e299eeb,0.5856303832254,152.77999999999997
6e7ea94f-73e0-4515-bba9-7f90b7f789ae,0.58577946998015,162.77999999999997
18e9a0ce-7776-4a75-bca1-521fe616d499,0.5849776907699,146.78
75643c6c-fd60-403d-b0c2-dd6ca605065b,0.58424293767085,148.77999999999997
2b3a2c59-243f-42cf-be7a-a92c6b4abdb4,0.5840829386577,155.78
8ff69798-3540-47d6-973e-26add5fcca79,0.58584798473035,185.78
4b811862-893b-4a40-a407-d0f9d53372c5,0.5857596173026,162.77999999999997
877eda6a-1300-46d6-b91b-00f4fbd5945f,0.5830409727614,171.77999999999997
bc6576bf-7719-4208-8e58-ac7df54d0905,0.58528211943615,151.77999999999997
075bc069-d391-44a4-86d2-12dee9afa4b7,0.58096693120605,158.77999999999997
a49164e7-9b12-4fd2-945d-10aafbcd9780,0.5831139863983,152.77999999999997
e737ab9f-da67-47a7-8f60-f732781c4df4,0.58556391659035,159.77999999999997
13f973a0-26d5-4e71-a14d-b5be1cc5297b,0.5844262386745,159.77999999999997
c0c8057a-1569-419b-8bb8-3dfb17056c14,0.58443240368405,169.77999999999997
4eee1a71-7671-41d2-80f5-c3e80f8d2df7,0.5859363764653,159.78
96367cd8-b513-4a18-8e97-bba6fccd22b7,0.5838338303161,163.77999999999997
8c85cc9a-a364-41f2-8ce1-9ec9858724d7,0.58278880335145,151.78
1d21c0b7-9477-4e1c-b88f-af692dacbd15,0.5845258537966,156.77999999999997
e3f2900e-4611-40b7-b883-40847813bf4c,0.5849776907699,146.78
662fb899-398b-471a-9786-706cdb395d6d,0.5832061905215,143.77999999999997
b134b3c4-1002-4807-973c-905cf6b474bd,0.58436908190715,149.78
9b60aeab-42f0-4e31-852b-27bd2b1672e7,0.5861045862097,158.77999999999997
ccda5ee7-bb42-4b39-88f2-cdc3d311bee6,0.58319590156985,171.77999999999997
4130d24f-73ee-4948-9f12-01ee29720a1d,0.5855498601869,164.77999999999997
e24a8b64-85af-4313-88f3-698de4cce0d9,0.5849776907699,146.78
6ea403c2-f040-43ce-a26f-55f1a16ab7a5,0.5854569730518,156.77999999999997
25f69c77-c1db-4b8d-91f5-06b77961c1e8,0.58435413635065,144.77999999999997
2b4c6aaa-6ea3-41ef-87b2-fa52f3513777,0.5827789221953,158.77999999999997
0caf0105-9049-42ee-aeb1-9e21e7c1c6b0,0.58235825607255,160.77999999999997
b23ba0b2-6097-4bdd-9bfb-6dc553a3cff7,0.5835099258214,160.78
56ae65de-5509-426a-88d0-8a3ac45531cf,0.5853052600587,158.78
9f4eaedf-9ddd-4267-a241-099a91379888,0.58895462229175,146.78
61557b96-9dd2-4c56-9d9e-8a3df42e4232,0.5851170757621,160.77999999999997
526a3cf9-6a32-49ee-971b-088a22bc4ac1,0.5860044662975,149.77999999999997
fa34cff4-5edd-47f4-8732-7ae264472f2e,0.5849776907699,146.78
562baa11-adb2-45c9-b5f9-aabb3e5c48fc,0.58320033583545,147.78
c6e888ce-5179-453c-90bd-278341277a02,0.5832061905215,143.77999999999997
d12a08d2-42c4-4758-926e-3875688088f3,0.58574021885505,157.78
7e6f6ed9-69af-466f-a121-3568218e6eee,0.5841634838942,160.77999999999997
5760ae6e-1610-4325-a370-7195c8338b2c,0.58600041805565,154.77999999999997
b8315b82-acf5-4a87-bce6-b18d75c03715,0.58565281597275,150.77999999999997
1fadc123-f851-4b47-ae33-1957e514bfae,0.5843450571837,152.77999999999997
1ffb1bf1-b5d2-4bb1-b9c1-37329bd5f682,0.5837829666807,149.77999999999997
90753b75-9fe4-424c-bdb8-6cd7a4c4d516,0.58351608995685,157.78
df425abe-9d29-4cf1-bb80-f3370e77ecc9,0.58441440174895,154.77999999999997
9bc5b781-0539-433a-95e0-928ef2e70c63,0.58714004386915,153.78
a289842d-c6c0-4b64-832b-f2469bf66ea1,0.5866698636347,154.78
8338f050-911b-478b-aa66-b25de5326082,0.5866850567841,145.78
bd68b40a-d1b1-4d6f-8570-e8aeea3f1788,0.5828795175703,152.77999999999997
cfecb11d-21e7-4685-a21b-9131736b979b,0.5832061905215,143.77999999999997
6caa45a7-33a7-4b98-98bb-13469e85f634,0.5842161842103,144.78
ec7a0a91-04f0-41d7-805c-a90293fd6d9c,0.58320033583545,147.78
da5a3a16-6b65-44bd-8b2b-d2c3e4d576b7,0.5832061905215,143.77999999999997
159c8aef-35fe-4be6-bc9f-1270cab1d0ac,0.58898544739005,152.78
6198b11d-9630-45d2-9e90-c152a3a063de,0.58530038719665,149.77999999999997
d177f098-acc4-4464-8e59-15dc28677f95,0.58435413635065,144.78
d52c31c5-85ce-451b-a461-16655d4e8a65,0.58202461590545,151.78
a0643630-b2c5-43b4-855c-413069d65f6e,0.5843450571837,152.77999999999997
ee226dcd-3029-4a66-b34c-4d27af20315b,0.5832061905215,143.77999999999997
8e31218d-b946-42fb-b3d6-187a94b9ff13,0.5850291824948,150.78
bb40cb54-afc5-4ef2-844f-251f0e2e1c2a,0.58714399071055,148.78
75cfb0ca-b097-4072-a1f9-aeac15f3f901,0.5854764255968,142.77999999999997
0bd5e206-a735-4d79-9ba0-b58a50a633b4,0.5849799248102,153.78
90f1fb6d-9ede-4da5-8af6-8507c133ad0c,0.5861752711246,141.77999999999997
671086b7-caae-4a8c-95bd-304213684b54,0.5834764697595,152.77999999999997
44b3544b-6de7-4d14-8c0f-6f51a62ea830,0.5832061905215,143.77999999999997
8d2d84a7-5ec7-4bbd-a4af-e044acace112,0.58482444846605,136.77999999999997
908e8ef7-e6fb-46e7-818d-81dc7be4e7e4,0.5813326001772,148.78
ef2c9605-af63-40d4-ac3d-a7f5d7d51ce0,0.58510232623665,147.77999999999997
98a34700-4eb6-4d46-80dc-b5d820725e20,0.5861618762596,143.77999999999997
75d0f8b1-8289-4527-b62a-f5b1543d42fb,0.585354254506,142.77999999999997
02afad91-775d-41e0-a0e5-55a8a9f08af5,0.5813326001772,148.78
79935096-ae34-4248-900e-b78c7ef36aad,0.58113988070455,155.77999999999997
dbabaf94-2194-4cf4-a426-c7aa9f95d972,0.5861752711246,141.77999999999997
952d26dc-1cea-428c-a19a-c86f672f5ec2,0.58334054654895,141.77999999999997
d3845762-58bf-417e-877c-0f938614a530,0.5853897703135,148.78
99614fda-a66e-4c3d-a147-7514bdf682b8,0.58522175090005,138.77999999999997
670794da-ca98-4bed-b437-10eeb5c23dd1,0.5832061905215,143.77999999999997
16583599-f260-4747-8c19-9b64bda2fa7d,0.5872899063942,149.78
5f5b48f4-7de4-40ef-b4e2-32678bb00f83,0.5854764255968,142.77999999999997
2dbc1628-66fc-45ae-82f4-97a7fc84a442,0.5813326001772,148.78
de02dc91-e4d9-4987-bc3c-552b2d791a2e,0.5832061905215,143.77999999999997
00c79b3f-63a3-4728-a54d-5fc26d229b18,0.58556646480415,139.77999999999997
884955b6-88c2-4591-a5e5-cef95b9d1c2f,0.5854596981783,151.78
4c875352-ce34-4842-9e11-85ef4e07b6c2,0.58435413635065,144.78
92d835d8-62b7-460c-bd86-f3ef2f261dfd,0.5861752711246,141.77999999999997
827d31cb-f2b8-4ee7-a19c-80fad53c9d55,0.58522175090005,138.77999999999997
fe2db300-50f8-4a57-b922-e58917e466b6,0.584719617131,145.78
cae4946b-2dbd-4fcd-93e2-598c9a645f0b,0.58202461590545,151.78
ac7d0b37-ff29-470e-85c0-306923229370,0.5832061905215,143.77999999999997
12421111-654f-45bc-ad40-5db3c0741616,0.58245621060665,142.77999999999997
fedec996-eb6b-4da1-a96f-09df45851e2b,0.5824606274832,143.77999999999997
4af32496-713e-4d88-922f-e1fba177d388,0.58556646480415,139.77999999999997
1e39c08d-fece-401c-bc06-dbe617387401,0.5832061905215,143.77999999999997
2b0ab726-e980-4750-894d-65d525141b06,0.5874249155813,154.78
1a66c7b6-8373-45f3-9180-9da4a9f49b7a,0.5832061905215,143.77999999999997
5ad083c6-c068-441a-ab45-4ab21c3150c5,0.5871931479707,145.78
dd995ce4-b1f6-4c4e-a52e-e22ea4a70494,0.5832061905215,143.77999999999997
b3c705e7-de5e-4aa5-8b07-588920e66ae5,0.58556646480415,139.77999999999997
3e388c3a-d674-40c6-a2c7-bc3ca77d609a,0.5813326001772,148.78
fa0d76ef-e61b-4e82-8784-88452ba19029,0.58510232623665,147.77999999999997
b58d5dcc-9721-4e73-b8d3-7ccd6dfbe66d,0.5841991980318,135.77999999999997
932e1615-c3ae-475b-92df-9bcdb9594b77,0.58767320861665,140.77999999999997
439af8be-c4f2-4359-9b8b-18228433fcd8,0.584719617131,145.78
b3bc3b7e-f8fa-4171-a43c-5fc39b9472fd,0.58714399071055,148.78
5108a2a2-3fa8-4169-a1cd-4b24b5b323ad,0.58725700518665,144.78
8156b873-e1e9-4cb7-afd3-662b414fce33,0.58334054654895,141.77999999999997
5f7abacd-d2d8-41ed-b4f9-38ca120a4a70,0.58556646480415,139.77999999999997
3432d49d-a399-4ff3-b7ca-20157a6e4784,0.58522175090005,138.77999999999997
33d5e6df-8c44-4507-9866-36005badbf3e,0.58482444846605,136.77999999999997
cbf29d53-7fe2-4a6b-bbe0-cc130356183d,0.58554107073745,148.78
67ef9a29-906f-472f-a56c-e3da5553edb1,0.5863307732064,140.77999999999997
1b533ea7-e052-4280-9610-81daa505d0fd,0.58430357669385,138.77999999999997
366d58d0-5f9e-4c1f-8ba0-06679ee3fb04,0.58330750195205,137.77999999999997
4729dbfe-28f5-4825-b337-93053ac8f5aa,0.58482444846605,136.77999999999997
c674e51d-b513-43d3-bfa8-9e959aa998c3,0.58526021135795,145.78
0ccf04cf-649e-4d71-be85-a9fc7b3729d5,0.58435413635065,144.78
552438e9-2a84-49f7-94fb-80109a2e0086,0.5841991980318,135.77999999999997
133f48c2-b992-48d4-9a6e-8c67e8e19bbe,0.5841991980318,135.77999999999997
454120d9-81ce-4482-96f6-f1b6f41dfda5,0.58337018943125,141.77999999999997
fc724609-174a-4e0c-bd2c-122080988b68,0.58423806936425,145.78
b9d1bd98-7569-4427-9023-15b626148b48,0.5854764255968,142.77999999999997
1b17c414-17c6-41ae-a8f7-f425148d7c35,0.58526155206495,134.77999999999997
6ee0270a-e7e1-40a9-8808-c0d37e3a85c8,0.58482444846605,136.77999999999997
7f39f0fc-1bf4-41e7-b581-8f4b6498b236,0.5841991980318,135.77999999999997
b1ee2ddf-5f22-4b60-9608-0e88f5f1ca22,0.5841991980318,135.77999999999997
cd265acb-2aa1-4c90-ae70-ea5eb7ec7821,0.5864959517726,148.78
2c9f8462-6700-447b-8202-748db3e49b49,0.5841991980318,135.77999999999997
cd5cbbf8-8514-41a1-a6bc-3c2fea52ae78,0.5835606264967,142.77999999999997
08c9337c-83d8-412c-a444-a8b977dce4b8,0.58482444846605,136.77999999999997
7ccff5cc-2a5e-4ede-92db-c186a9884e14,0.5859727338906,136.77999999999997
9b06f54d-5744-4af7-9755-9ba353509dd6,0.5813326001772,148.78
fb793469-9e18-4299-97e6-801488ca1641,0.5824606274832,143.77999999999997
db7e3d44-0316-4552-bad4-75f97525ef94,0.5841991980318,135.77999999999997
6a670355-451a-4346-8a3b-76c186b482d0,0.5841991980318,135.77999999999997
4be51ea7-091b-4018-971c-a6d437c3a9d3,0.58334054654895,141.77999999999997
2cf128cc-dbb9-4322-b100-86d5b8b2eb37,0.58613172273175,143.77999999999997
67469399-ec6c-417b-9dcf-7a471cbdcdba,0.586005622968,145.78
c75272b7-09f3-4f89-a977-ba51733102c3,0.5848101869282,135.77999999999997
c324f5d9-c091-4c46-bf2f-e13213cd5600,0.58482444846605,136.77999999999997
13930da2-f362-498a-931b-cc95578657b9,0.5841991980318,135.77999999999997
72108d78-2877-4f6b-823d-60a697f5e10c,0.58526155206495,134.77999999999997
b536a30e-3d7f-4ef0-b8c1-7f90fc7ad3a2,0.5856254333109,144.78
03ee279e-564c-46eb-8255-cf45da1773d6,0.5841991980318,135.77999999999997
e2dfd2a1-5db0-4b85-ad8d-a8a00161283d,0.58383357507255,140.77999999999997
666a7508-a42e-411c-8687-2e1baf30cb71,0.5841991980318,135.77999999999997
ed70f730-e1fa-4ec9-b4b0-7592e1db7dc9,0.5848101869282,135.77999999999997
18a519c6-6817-4d02-8494-729ac0fadaaf,0.58524822759205,140.77999999999997
aa142eac-cdaf-47b1-83ff-b36cec29a689,0.5848101869282,135.77999999999997
43ce8a3d-3a45-4439-96c6-f1bc3a491d70,0.58526155206495,134.77999999999997
f365e10e-13bd-4b3c-8cae-8f9660ae6e1f,0.5848101869282,135.77999999999997
f6d6cf76-705a-4039-aef0-986162b417a3,0.58334054654895,141.77999999999997
dd25f5cc-1784-4afc-a85e-93fdd0a5e9d4,0.5860477367114,140.77999999999997
d4d46278-bfc1-4cce-8d80-81a7519fb1ce,0.586005622968,145.78
22eb95e9-d328-4a64-a0d5-aeff62111d04,0.5848101869282,135.77999999999997
03feaa8a-89e2-48f8-8bac-e48ec46f0b67,0.58526155206495,134.77999999999997
2e121da0-1317-4cb5-8796-470ba19b1822,0.58526155206495,134.77999999999997
1ea421cf-51c0-41ee-b28a-24d44daf136f,0.58526155206495,134.77999999999997
485b3a7c-8d53-4ae7-92c3-38df11c599e5,0.583561968865,141.77999999999997
ca39c808-b58c-4eef-b9cb-a7bec7cb6024,0.58526155206495,134.77999999999997
9197a9fa-dc74-4f1f-8017-c4e780a9d36f,0.5841991980318,135.77999999999997
6833cc45-dafe-4b0c-80d8-c226c73e7cd4,0.58526155206495,134.77999999999997
f80e718b-6119-4fc9-aede-4886336461db,0.5848101869282,135.77999999999997
a85a8564-4906-4d79-a0f0-c59acad5f447,0.584067715854,137.77999999999997
080d7712-8a93-4c66-a317-d22b3156507e,0.58526155206495,134.77999999999997
4b2d62c8-54ac-4ed8-adc9-64cd74649cfc,0.58526155206495,134.77999999999997
14eda619-6769-47b3-89d5-303b16aeefbb,0.58526155206495,134.77999999999997
84d572f9-4989-497d-a2ef-df042e48c031,0.58489937974955,137.77999999999997
bcb375a8-5394-4fd8-9289-54af2c7c511b,0.58489937974955,137.77999999999997
2bdc6531-130d-433d-af07-68b9a2e16ec6,0.58592112729115,145.78
9dd3a8e6-dcb7-4497-839c-8cb48df83f86,0.58526155206495,134.77999999999997
392aeadc-7ad1-4c22-af51-aeb4615e9fa5,0.58526155206495,134.77999999999997
46739a18-9162-4623-bfdc-468b7d875d2f,0.58526155206495,134.77999999999997
73372fd0-15d1-4ebf-8798-36aacc8f4dda,0.58526155206495,134.77999999999997
2c1368cc-0574-430e-ae00-6e70a30894a7,0.5835606264967,142.77999999999997
21b1975d-fe79-401e-8934-cdeab9853a21,0.58526155206495,134.77999999999997
fa709fe2-67dc-48ab-9177-ef0e24991c58,0.5841991980318,135.77999999999997
4e274a44-58bb-45f9-b498-7628d053c49b,0.58526155206495,134.77999999999997
e643e550-1f6c-47ef-91c7-76b11973444f,0.58526155206495,134.77999999999997
9d05f5b5-345c-41d4-a75b-b876b81e7671,0.5848101869282,135.77999999999997
6ad6ce17-a812-479e-b1da-1468375d503c,0.58526155206495,134.77999999999997
c548b9b3-2935-43d7-9291-d5850bc15b31,0.58526155206495,134.77999999999997
9cf83e6a-a131-4da9-bbf0-358f87875419,0.58526155206495,134.77999999999997
3446393c-2f19-4d6b-97c2-08d8ec7e15e9,0.58526155206495,134.77999999999997
ad54adf6-6dd5-4c31-ad01-f72ce7e55ed0,0.58489937974955,137.77999999999997
ecd54efd-9a9b-4818-941e-c0836bfa9457,0.58417519290305,147.78
554d71bc-31fc-4487-893a-eec6eb6e42fa,0.58526155206495,134.77999999999997
e4e538c6-4b49-418f-8bd6-da409c9845f7,0.58526155206495,134.77999999999997
2c6840e0-a05b-45b1-b824-d5804cdb10d7,0.58526155206495,134.77999999999997
57bd20f0-f53f-4f0d-b35b-aabf3e087237,0.58526155206495,134.77999999999997
d5dc60e6-4971-4100-bb65-8804bcfdc003,0.58330750195205,137.77999999999997
8c976f00-909f-42cf-8111-a22277044fd6,0.58526155206495,134.77999999999997
2f7b6053-a483-4085-a2e7-b70357bd58a1,0.5841991980318,135.77999999999997
6ec258dd-3a46-46c3-86d0-668a1f614525,0.58526155206495,134.77999999999997
e152c74e-3d49-46eb-9f91-1170115dadd7,0.58526155206495,134.77999999999997
fd729a21-fc56-4a77-8a4a-07ff8effc44c,0.58526155206495,134.77999999999997
9f24e55e-a04e-4877-a96c-6325e68e9960,0.58526155206495,134.77999999999997
5d47d04d-cb73-4055-8da4-97b8dd2a937d,0.58526155206495,134.77999999999997
1d4b0b97-06d8-4b58-a3fc-80dd482d9a0b,0.58526155206495,134.77999999999997
b543016b-2b79-4d49-bce7-675a8a240a7d,0.58526155206495,134.77999999999997
7b376fdb-caed-4315-9f88-7be0f3b03b54,0.58526155206495,134.77999999999997
a3ebd3e5-600d-4fbe-8b89-bfea96d43416,0.5837392692069,142.77999999999997
e2982325-4770-4c9b-9a57-0ab15d8a50aa,0.58526155206495,134.77999999999997
ef9f2585-f84e-496a-9b68-b29b51886f5c,0.58526155206495,134.77999999999997
2b110379-96bf-4556-aa3a-d452c3621181,0.58526155206495,134.77999999999997
0830ed71-8120-42c0-8649-a6f08b608eba,0.58526155206495,134.77999999999997
f03ff4c9-06d6-480e-80cf-630e07ec611b,0.58330750195205,137.77999999999997
1ab6fb0e-5745-445a-979e-be7a1c5b4dd6,0.5848101869282,135.77999999999997
4a1b6409-55e9-4ab9-8ca3-221a04624ae7,0.5841991980318,135.77999999999997
132cbb1b-f17f-4500-85ca-596b1fba0146,0.58526155206495,134.77999999999997
c6d2e259-d4ff-47c4-9fcc-d815700e0af0,0.58526155206495,134.77999999999997
0e33544f-8c69-4a5e-9498-81209275117b,0.58526155206495,134.77999999999997
f484043f-2aad-40e1-9172-685c0f0287bb,0.58526155206495,134.77999999999997
1910f815-28f9-4334-9358-163a9fde3811,0.58526155206495,134.77999999999997
ff3600f5-aad3-4ad2-a5ed-9f650fd182db,0.58526155206495,134.77999999999997
12eeb0bf-2080-4628-a38b-0104539d7cee,0.5848101869282,135.77999999999997
5f16ec6c-b34c-4006-8b27-24fdf3e05b79,0.58526155206495,134.77999999999997
5d09c256-fdf1-4d4e-bb37-0374cf4f6876,0.583561968865,141.77999999999997
ac46920c-660f-4a10-a949-0daff219e0fb,0.58526155206495,134.77999999999997
463ea8e7-3331-400e-9d56-fb629c3de446,0.58526155206495,134.77999999999997
00cc71a0-b2ed-4750-afb8-57f09014f93e,0.58526155206495,134.77999999999997
4bf1857d-9e49-4b71-9adf-fe3f055b59f2,0.5848101869282,135.77999999999997
c7dff90c-1463-481d-b672-de63422332c9,0.58482444846605,136.77999999999997
1c9d9cb7-4a42-4e52-a665-864c38cf450e,0.5848101869282,135.77999999999997
29acb3b3-07a3-4725-9a48-f9ba8d6266ed,0.58482444846605,136.77999999999997
6e53d363-61f4-4993-a952-e77df2a1aaab,0.5848101869282,135.77999999999997
1d85b0ad-fd3d-47ed-9622-f46ab739f1a4,0.58526155206495,134.77999999999997
9e25409f-dae3-4997-8c9c-4de566ed22dd,0.5841991980318,135.77999999999997
00485aca-86af-4583-a776-a9a8a4075ed0,0.5848101869282,135.77999999999997
e7d63a68-fa50-4914-9a92-6b406fad80a3,0.5848101869282,135.77999999999997
3b95c76d-6921-4313-be4f-e3a6ce7f4d16,0.5848101869282,135.77999999999997
b4c33119-5eaa-46e5-83a3-36e35e6355fd,0.58526155206495,134.77999999999997
e06900c5-8305-4a1c-bb71-4b86616f0ffd,0.5848101869282,135.77999999999997
786eb1bb-58cc-41c6-bf2c-75610ca08ce0,0.58482444846605,136.77999999999997
e192867f-8750-40f8-820b-11c14b75b9f6,0.58526155206495,134.77999999999997
88da1682-d66d-42e0-9455-04eb32a535c9,0.5848101869282,135.77999999999997
e5b295f7-9395-45ac-9111-fc6cead318ad,0.58526155206495,134.77999999999997
3d871b3d-20a7-4cf6-b476-69adee4f2170,0.5848101869282,135.77999999999997
86f0c384-bf23-466d-ae02-6dd9073345b3,0.58330750195205,137.77999999999997
abb66ed3-aefd-4c02-bc9d-97fead70dacb,0.5848101869282,135.77999999999997
8442d0f9-98dc-4141-bb03-837430bfe2d6,0.58526155206495,134.77999999999997
841b9602-d094-4015-b019-03432a8a0d03,0.58526155206495,134.77999999999997
403fe3d7-4577-402d-8bd9-b553c3cdbc61,0.58526155206495,134.77999999999997
1dcb46bf-b227-494d-9b26-eab22adf7828,0.58526155206495,134.77999999999997
bbfbdc7c-f32d-4096-80fc-db02be099389,0.5848101869282,135.77999999999997
adac0bf6-221d-466d-a50f-9f5bde67afc1,0.5848101869282,135.77999999999997
c83585b4-e263-4bf8-8f18-2f1264552376,0.5848101869282,135.77999999999997
cebdd6c2-2a49-4cfb-bde9-fe90544ad92c,0.5848101869282,135.77999999999997
5f6a3065-9285-49d9-9144-1e5ed8884376,0.5848101869282,135.77999999999997
eec29032-70c9-4947-b09f-ca3ea7331dc9,0.58526155206495,134.77999999999997
4271c9e3-ae6f-4df6-9800-62f001c7420e,0.58526155206495,134.77999999999997
421075c9-94de-464c-9325-475f92d3fbd0,0.5848101869282,135.77999999999997
0d03e3fd-5ebf-4e5e-9789-51859b83751f,0.58526155206495,134.77999999999997
d5aad6c5-cfb7-495f-9c9e-be743c4c372a,0.5848101869282,135.77999999999997
4b4d7ca0-8231-483e-89d0-7b1d6b2aa100,0.5848101869282,135.77999999999997
6dfc7752-f9e0-4b4b-b10e-d0aafede562b,0.5848101869282,135.77999999999997
69006f47-1704-4944-b83f-b26c8937ee86,0.5848101869282,135.77999999999997
5ad272f0-e749-42f4-ae2c-8ef293e05e5c,0.5848101869282,135.77999999999997
e011d44a-0928-4dd5-a7d7-baac2f875991,0.58526155206495,134.77999999999997
7a49b461-2d91-4027-b5f1-3bd0d434d911,0.58526155206495,134.77999999999997
890d9e5a-fb47-4b31-96c2-1cb13edc14df,0.5848101869282,135.77999999999997
19863788-1cbc-4502-8dfb-810913c3768f,0.5848101869282,135.77999999999997
76519598-847f-46aa-bb21-aeb12923d99f,0.5848101869282,135.77999999999997
3ab5bec8-5476-45a6-903b-ec86b6dd9fe7,0.5848101869282,135.77999999999997
12670a09-507e-4744-9a33-3f815b91048b,0.5848101869282,135.77999999999997
29ff1aee-33ed-4e02-b597-16438f8a7d76,0.58526155206495,134.77999999999997
54847b27-39f7-4d3f-945e-946ab2bee627,0.58526155206495,134.77999999999997
c739be9e-53e7-452d-ba70-a92e423fc345,0.5848101869282,135.77999999999997
548100b6-33ae-4742-a693-b5a4306cd404,0.58526155206495,134.77999999999997
e9c504b4-873e-4258-915f-abd090ffe409,0.5848101869282,135.77999999999997
903baafe-4de7-4870-8b20-e94591097a5e,0.58351051767405,140.77999999999997
22cf734e-03a9-49f3-927f-28d618d7028d,0.5848101869282,135.77999999999997
7663078f-acb5-474e-9e7c-4e6395019d1a,0.58526155206495,134.77999999999997
295dec62-0152-41fe-85f9-2ea85829fda6,0.5848101869282,135.77999999999997
b6fd4aa2-94ff-4dab-ad65-e7fc22f16cad,0.58526155206495,134.77999999999997
283fbc25-890a-4138-82fc-e122b161da22,0.58526155206495,134.77999999999997
6b4a0230-42f6-496a-b824-e974a87336f5,0.5848101869282,135.77999999999997
cda6a64d-a584-4360-b028-2ad3eacade3d,0.5848101869282,135.77999999999997
ff00cf59-a099-465e-9c69-13dd799e1c46,0.5848101869282,135.77999999999997
84b12f18-0a8b-454c-8a79-5ec3a3f780ea,0.5848101869282,135.77999999999997
8334f16d-f33b-428f-b550-4c02bbcb113a,0.5848101869282,135.77999999999997
57320b4c-43e8-466c-9223-9203278c9ae3,0.58526155206495,134.77999999999997
90cb14f0-4048-4c36-8a5f-37ddb7fabe2d,0.58526155206495,134.77999999999997
7ddc3b3c-7d03-4270-a12a-0f65022b82e5,0.5848101869282,135.77999999999997
1ab2ad11-13f2-42a2-a222-0c752e5c860e,0.58526155206495,134.77999999999997
41bf0de1-5c4f-4a43-a340-169c22349138,0.5848101869282,135.77999999999997
31e56224-fe3b-4e19-9249-0cd89cff0f6b,0.58351051767405,140.77999999999997
916d235d-bbec-4072-9a45-3da0c338a9e3,0.5848101869282,135.77999999999997
f5f52538-5cdf-4387-86e4-3a76302d5c27,0.58526155206495,134.77999999999997
662f48f2-57cc-4947-a200-2e86eb47e23a,0.5848101869282,135.77999999999997
d84cbcb2-f614-4e46-826b-52c241503546,0.58526155206495,134.77999999999997
bfea906f-31f8-43dc-9898-b25eb47917d8,0.5848101869282,135.77999999999997
2130fe1a-3231-4f28-81ab-eacc4a7d0411,0.5848101869282,135.77999999999997
d658a93c-d098-48be-96a4-0de929ed4601,0.5848101869282,135.77999999999997
fbbfbb88-0d63-403b-b7f7-90eaaffc286f,0.5848101869282,135.77999999999997
e5cf7f4f-5842-4c3e-b094-5fdabd2b1046,0.5848101869282,135.77999999999997
fbd62979-3338-4419-9aa7-6596dd9657da,0.58526155206495,134.77999999999997
cef81cc7-dd90-4e20-9421-de90d9d56cb0,0.58526155206495,134.77999999999997
946a74c7-f476-497c-9286-4242b97d9b78,0.58526155206495,134.77999999999997
4dcbaf6e-865c-467e-a364-61bcc88c688f,0.5848101869282,135.77999999999997
bbce3ed0-a712-40ba-bd83-71c009a39648,0.58526155206495,134.77999999999997
f3a06632-66c3-443f-9849-c9ec20977553,0.5848101869282,135.77999999999997
68f956c2-90c2-41f4-b13f-1da55c8bbfa3,0.58351051767405,140.77999999999997
551e6c83-2e0d-4c80-ad7f-c219ca7c2aaf,0.5848101869282,135.77999999999997
3e31f87e-e9e3-43e2-a48a-9a48ea351aae,0.58526155206495,134.77999999999997
d65729f0-f897-4f17-8918-687e2f82ae72,0.5848101869282,135.77999999999997
1d93c00f-214d-4b37-bec9-a6d7fdea3537,0.58526155206495,134.77999999999997
6201e158-4191-4924-a31d-0003f25f1077,0.5848101869282,135.77999999999997
2924c6ec-3a3e-421e-a336-2a2c94e85ec9,0.5848101869282,135.77999999999997
b1995051-07db-4ead-8e2f-e4795c004d6d,0.5848101869282,135.77999999999997
644f3bbf-25e6-4c14-a045-4f4c5fc0fe49,0.5848101869282,135.77999999999997
70ee2dc3-f5fd-47c2-89a5-2510a7bbd59b,0.5848101869282,135.77999999999997
8e6bf5ac-e860-4e2e-91a9-580f984eecf9,0.5848101869282,135.77999999999997
9fcf23f0-0e06-45aa-812e-93c51baafb10,0.58526155206495,134.77999999999997
a905ad8a-936a-4ac4-a196-89d232328a5c,0.58526155206495,134.77999999999997
eab95a9d-4b4a-402d-acd6-232ab1223815,0.5848101869282,135.77999999999997
d418c86c-dda6-45a1-badd-0c8f9b265893,0.58526155206495,134.77999999999997
be416678-2112-402e-abe4-da4739338ad6,0.5848101869282,135.77999999999997
0de81117-3c79-45c6-902b-7035124f586b,0.58351051767405,140.77999999999997
293cbed6-3d8e-484f-9dff-3970c1f3170c,0.5848101869282,135.77999999999997
624e2b8d-9163-416a-9b93-1e6d7828a70d,0.58526155206495,134.77999999999997
cb6c6f99-1c55-43f6-8540-a504ba6f02f3,0.5848101869282,135.77999999999997
1273cce1-691c-4252-b989-045b51aa7cb4,0.58526155206495,134.77999999999997
1d3b613c-1288-44a7-9e01-4468950e372b,0.5848101869282,135.77999999999997
4ec5fd12-50e7-4c57-bc2b-3b64c6107057,0.5848101869282,135.77999999999997
bcf02bf3-e5bb-43af-80d2-d2612582de45,0.5848101869282,135.77999999999997
101c6eab-a191-46a4-a950-015aa90bf052,0.5848101869282,135.77999999999997
e7a2497a-49e8-4c2d-9752-1612d0294261,0.5848101869282,135.77999999999997
3fe8f984-86b3-4e81-b391-98de5d41c738,0.5848101869282,135.77999999999997
8f08a87c-3f32-476b-bd14-5fb8df9aabd7,0.58526155206495,134.77999999999997
7de98292-574c-4bd0-a187-095dc393cfae,0.58526155206495,134.77999999999997
9a01d127-8b1c-4056-9281-301110c268df,0.5848101869282,135.77999999999997
06cb6ec1-46fa-4cd0-8b92-dfdac331c518,0.58526155206495,134.77999999999997
bb160bf7-f6b4-4ce7-8740-332222e197a8,0.5848101869282,135.77999999999997
563104be-ed37-4c79-be12-b55219300dc4,0.58351051767405,140.77999999999997
20c25317-b284-4fbf-b349-7004d14e1537,0.5848101869282,135.77999999999997
8303c3b1-26ee-42a2-bd79-3f32035bb6d6,0.58526155206495,134.77999999999997
d9aa1fdd-f9b0-4335-a282-9d941831f771,0.5848101869282,135.77999999999997
69e2274e-6ddc-4461-aab2-63da7a540fdb,0.58526155206495,134.77999999999997
fe7190d2-e19d-4d85-b7b2-9940054ee3b7,0.5848101869282,135.77999999999997
0c8bd9ed-10db-46ef-8d74-ac685623f307,0.5848101869282,135.77999999999997
695a927b-0b0a-4b57-bf5d-1b122de1d968,0.5848101869282,135.77999999999997
2f12e8c8-6aea-4047-a431-76177eb8f042,0.5848101869282,135.77999999999997
6210dd87-0f53-43a9-b405-455783bf9092,0.5848101869282,135.77999999999997
e8b4072d-c0fb-4a8a-b5a9-5ebe09d2c5f3,0.5848101869282,135.77999999999997
975ab993-d7b5-4071-ad45-839ecce62a8c,0.58526155206495,134.77999999999997
893c9762-d538-43fe-b3a3-4e30f9493f81,0.58526155206495,134.77999999999997
75d627c1-e832-428a-9f9f-b6fe1a5f56be,0.5848101869282,135.77999999999997
e95e1d2e-a03f-4520-a67c-523441dd8342,0.58526155206495,134.77999999999997
b8dad055-51ae-4213-b111-c9146dd46e07,0.5848101869282,135.77999999999997
5e78925a-e828-4378-b018-d3d3a7da515b,0.586988953,139.77999999999997
2577b938-dfe8-4259-86d5-b479e61c2349,0.5848101869282,135.77999999999997
7cdc2a19-b46e-4976-bf1b-5d9b1f6af372,0.58526155206495,134.77999999999997
0d24b4be-5473-437e-88e0-64f3a5c940b7,0.5848101869282,135.77999999999997
64c905ae-193c-4c67-893c-dd77a844c32e,0.58526155206495,134.77999999999997
9aacf6d0-bec9-4c1e-8c66-376f4a918345,0.5848101869282,135.77999999999997
bff001d3-a61e-4e76-b642-3cd8120fea4d,0.5848101869282,135.77999999999997
882315f1-cc80-4a0a-83f5-e25a45e765d1,0.5848101869282,135.77999999999997
024e40a6-4807-4124-9134-331c0f6b0310,0.5848101869282,135.77999999999997
dc7d4de3-439d-40a0-b475-00ee8b14f347,0.5848101869282,135.77999999999997
73034df2-0dd0-40e1-95eb-a9209535343a,0.58526155206495,134.77999999999997
c60b0568-9561-4cc5-89c3-9c4d014f3a89,0.58526155206495,134.77999999999997
983692ff-ae98-4a5d-a1b7-22163e0324b0,0.58526155206495,134.77999999999997
13adb92f-635a-42c1-a9ef-24504cb8efea,0.5848101869282,135.77999999999997
a9d15a76-5084-4fd1-b59a-56dac21392fb,0.58526155206495,134.77999999999997
efbad572-7f33-4fef-aa1e-a4cc81d21041,0.5848101869282,135.77999999999997
d1e29ecf-da46-486c-a65e-77280ba4e7b3,0.58351051767405,140.77999999999997
15ccdc50-7201-4ccf-9e95-38c25988bf95,0.5848101869282,135.77999999999997
66d56f82-2183-4f6b-a9b8-7808382900cc,0.58526155206495,134.77999999999997
e2c3bc7f-74f1-420d-bf87-4e78f569a010,0.5848101869282,135.77999999999997
1c1cc1c7-7414-466d-bbbd-1f5e8c69ad2d,0.58526155206495,134.77999999999997
2ce54be1-0b87-4a3a-b03b-8957dd755015,0.5848101869282,135.77999999999997
8c22ff2a-4ccb-49aa-b3df-21e5ec380fd0,0.5848101869282,135.77999999999997
c7deedc7-b736-40d2-9724-1e1d7fb69904,0.5848101869282,135.77999999999997
f963c936-242d-4db2-84f7-d0ffac045813,0.5848101869282,135.77999999999997
c98d8d98-b069-4f36-beef-c01794e81e25,0.5848101869282,135.77999999999997
f946b1ca-59aa-49e5-aa0d-fcb55aa24a74,0.58526155206495,134.77999999999997
4eb253b4-01ef-4a9e-82db-4f5f86ccca2e,0.58526155206495,134.77999999999997
c0f1a41e-07f0-43a3-aa79-6f4bcc5424f8,0.58526155206495,134.77999999999997
1e75506b-7f84-4916-ab45-d697fdf058d9,0.5848101869282,135.77999999999997
3503d367-01e0-4cbd-b4bd-69cbfe58c258,0.58526155206495,134.77999999999997
18911357-244b-4a69-98ab-c089f587a66d,0.5848101869282,135.77999999999997
f6871be6-d54c-43cd-8a40-a9cef97c7630,0.586988953,139.77999999999997
5e291007-f6ae-467f-869b-b70482acd6d4,0.5848101869282,135.77999999999997
994dbb53-c928-4ebc-9675-f26f9d669173,0.58526155206495,134.77999999999997
0205a390-786b-43b6-a855-7c9ba4640d2b,0.5848101869282,135.77999999999997
8fe6a783-f34c-449c-99d2-b4b3604fef0b,0.58526155206495,134.77999999999997
e7d9a8ba-43fd-44a3-b8f5-f0977a8f6552,0.5848101869282,135.77999999999997
82adec7a-168b-42ad-b740-52e6d90d3f07,0.5848101869282,135.77999999999997
e3eea2f5-fbec-4747-891e-4d2946d09a61,0.5848101869282,135.77999999999997
edb1e0ab-0997-4cf8-9380-ced545807aa2,0.5848101869282,135.77999999999997
a6f97e95-0be6-47f7-8cc0-4a8447445fd8,0.5848101869282,135.77999999999997
cf27832c-bec2-4163-98f7-9ed0e06b0a48,0.58526155206495,134.77999999999997
e7fabbb6-1bd9-4ce0-bd44-a59406c78394,0.58526155206495,134.77999999999997
eee9fe01-ebb6-45de-b3c2-874edaace691,0.58526155206495,134.77999999999997
93e0c676-dd54-42fa-af10-70587b212b81,0.5848101869282,135.77999999999997
8f7a09db-e77a-4dc2-9d4b-6ce7083539f8,0.58526155206495,134.77999999999997
0ad57057-4036-431e-920a-2eb9b54ad4a8,0.5848101869282,135.77999999999997
95ba424c-d8e1-4d3c-bfea-6ae72033ce67,0.586988953,139.77999999999997
783d79e2-b027-4928-85f3-58ba000c97ae,0.5848101869282,135.77999999999997
69ebfdb1-91d7-4e77-ba09-b3384d345bac,0.58526155206495,134.77999999999997
955a0e0b-2bbd-42a5-af78-322ab556b78b,0.5848101869282,135.77999999999997
3f79b675-522c-4e3e-8378-277a163283ca,0.58526155206495,134.77999999999997
216ffbee-89b5-4dc0-9127-569a99b4c2ba,0.5848101869282,135.77999999999997
5e26700d-ec45-432b-b1f1-eafc1de8e4db,0.5848101869282,135.77999999999997
a2dc03d2-f64c-479e-b53d-e85f32b148a3,0.5848101869282,135.77999999999997
290136da-b634-4d3a-93af-40c497c5ffb4,0.5848101869282,135.77999999999997
046f84db-42e5-46a8-a710-f8e1e017726f,0.5848101869282,135.77999999999997
409aa0e2-c8c6-4f67-9c5b-1dcfead4abbd,0.58526155206495,134.77999999999997
bc5a3534-4d45-4785-91af-72ae7d41ffa1,0.58526155206495,134.77999999999997
20f4165f-a89b-4562-a72c-b8984b2259a0,0.58526155206495,134.77999999999997
824b2e58-0371-4716-bbee-e59c42a99b36,0.5848101869282,135.77999999999997
2b46e026-49e8-4de8-94ef-3bcd4473debc,0.58526155206495,134.77999999999997
4bbd42f8-88a1-4b02-ab75-9a2554f8206f,0.5848101869282,135.77999999999997
d4b5a517-f8b5-46c9-b82b-34891850f64e,0.586988953,139.77999999999997
987e1a0f-a56b-4da4-a328-d515f9f43eb9,0.5848101869282,135.77999999999997
b4abdff7-f849-4371-b295-e4405337d4f2,0.58526155206495,134.77999999999997
b87d354a-b0c8-4931-85d9-ef0c2af6e7e2,0.5848101869282,135.77999999999997
e911a755-8bc7-4abf-976d-a657cd0f57fd,0.58526155206495,134.77999999999997
99537e35-3a45-45cb-84c9-f2fbb0c87314,0.5848101869282,135.77999999999997
a35b4cd6-8c72-4295-890e-70cbefb12892,0.5848101869282,135.77999999999997
06c0405f-e0d4-444e-9c85-60c3637e4e61,0.5848101869282,135.77999999999997
e6520828-ae1c-45c1-a8fa-5c44a9ded9d3,0.5848101869282,135.77999999999997
7443da59-7e14-4798-9498-6f2769f14037,0.5848101869282,135.77999999999997
638563dc-77ae-45d6-9282-0c5c7c0efda0,0.58526155206495,134.77999999999997
e1dcaf38-4098-40cb-99cf-6b1a1c69da7f,0.58526155206495,134.77999999999997
e3ac10fc-b1e6-4f19-9088-47639db76299,0.58526155206495,134.77999999999997
f4c7a679-727a-4bf0-b526-e7244aeb036f,0.5848101869282,135.77999999999997
a457bb42-9f32-4d51-adef-67c9f0e43d23,0.58526155206495,134.77999999999997
c932e68f-6163-4cc1-9628-bf432438532b,0.5848101869282,135.77999999999997
512515a6-05d8-44b1-b24a-723fcd08a788,0.58351051767405,140.77999999999997
d6e7910e-1711-42b5-aab0-d540eeb03234,0.5848101869282,135.77999999999997
343c4c25-7382-48cb-898a-4c6c928c6fcd,0.58526155206495,134.77999999999997
9fcd9913-e60d-4fc6-9bd4-0a0b3cab72a0,0.5848101869282,135.77999999999997
3ec84e56-0a14-493d-93ac-b469c17ba482,0.58526155206495,134.77999999999997
cf8ccf64-975b-4140-8006-2937aa719a08,0.5848101869282,135.77999999999997
54df75b4-e7aa-4b0e-ade8-d3adf5c9db34,0.5848101869282,135.77999999999997
9875bad7-d69d-47e7-90c1-ba245083b3b6,0.5848101869282,135.77999999999997
d3739e78-d33b-45e1-a1e9-9ec28ab4037f,0.5848101869282,135.77999999999997
028f818f-68d6-42b5-8c99-45aa146e4ea0,0.5848101869282,135.77999999999997
80f178c3-6bca-4458-a0fa-512a8041280d,0.58526155206495,134.77999999999997
47f0ce08-aa7c-4410-a02c-4d7d7775b5d1,0.58526155206495,134.77999999999997
fe8b158b-27fa-4dca-b5a4-87385755248d,0.58526155206495,134.77999999999997
bd285f26-856a-48c2-8cbc-8f38a2fb2c5d,0.5848101869282,135.77999999999997
ee9a3e17-fe79-4ac7-8a17-a911e8127cf0,0.58526155206495,134.77999999999997
72273bbd-2d66-4526-958e-076a32961ea1,0.5848101869282,135.77999999999997
51b90b96-66df-45c0-a7ca-edc4d1fdd6df,0.58351051767405,140.77999999999997
7fe8bb22-70ba-4091-a346-ec7fb9196051,0.5848101869282,135.77999999999997
4bb88167-191c-4e87-a59d-897abfb2fac7,0.58526155206495,134.77999999999997
99021da0-bdaf-413c-902e-0982bdd0a7b1,0.5848101869282,135.77999999999997
bd13a894-df2f-4c16-9e07-5affb4e22b5b,0.58526155206495,134.77999999999997
06409ccd-449a-49bf-a078-7c5ddfa2db6a,0.5848101869282,135.77999999999997
3442aa98-000c-4760-8779-311d13e07276,0.5848101869282,135.77999999999997
bf5db2f2-2895-412f-b3be-bfd4ec0359fd,0.5848101869282,135.77999999999997
9a43eaf4-0725-4f87-bd0d-10e39cf477af,0.5848101869282,135.77999999999997
6979e28e-2d3e-4574-be9a-0b0c7e37a664,0.5848101869282,135.77999999999997
af6dbbe6-1850-42a4-967b-f47b6907ff48,0.58526155206495,134.77999999999997
14264e6c-4edf-4ff1-85ed-92987b095cd0,0.58526155206495,134.77999999999997
de2bdcb8-c711-44b8-8a86-529b1090f3c6,0.58526155206495,134.77999999999997
763cc417-b03b-4a3a-84f7-e99605640996,0.5848101869282,135.77999999999997
7a4435bb-37b8-41e2-9335-986cbb77c30b,0.58526155206495,134.77999999999997
2a043e37-0e87-459a-9508-3ce4d9f20f15,0.5848101869282,135.77999999999997
5fe0a55a-95b4-4c3a-be54-751333dbb676,0.58351051767405,140.77999999999997
b2e1a06c-38ba-4b8b-a1e4-b67010f2c338,0.5848101869282,135.77999999999997
8564e3bc-4178-4c26-824c-4a71e568061b,0.58526155206495,134.77999999999997
f5e68551-2d52-489a-be7a-d2f4068c1dae,0.5848101869282,135.77999999999997
a9bfde98-1b6d-4a92-83cb-1b7241a36a87,0.58526155206495,134.77999999999997
a4aed390-0a4b-4e12-bf34-d37d28ebe4f1,0.5848101869282,135.77999999999997
5a3ce565-57bb-4d29-87d3-aa0032124309,0.5848101869282,135.77999999999997
23a428b7-5f5a-4bd9-bbe5-ea81373ec2c9,0.5848101869282,135.77999999999997
914d7556-bc8a-460d-b131-10bdf539d08e,0.5848101869282,135.77999999999997
352ed94a-024f-4ed2-8b85-1038ccc99110,0.5848101869282,135.77999999999997
27e5f459-cc94-441c-84e0-76b59b785d3f,0.58526155206495,134.77999999999997
f52ac85b-7186-4b44-8aa3-a3828a58c539,0.58526155206495,134.77999999999997
9743aac0-dadf-4135-aee6-acc615427c13,0.58526155206495,134.77999999999997
2be127c0-fc3a-45aa-be9e-32411a7b8e80,0.5848101869282,135.77999999999997
ca6a082e-09d5-48ce-9a8e-9a9a637c5240,0.58526155206495,134.77999999999997
23169f7f-a328-4ef6-bf10-0d284b7f9d55,0.5848101869282,135.77999999999997
b1b5e0a0-f54c-4e50-9d36-16207e3b1132,0.586988953,139.77999999999997
9eeb6042-3dac-4007-b90c-91650eceaaf1,0.5848101869282,135.77999999999997
1866139b-1715-45d5-88dc-0befa5cbb38a,0.58526155206495,134.77999999999997
f2f0a91d-45e1-4fa9-9537-6aec85247026,0.5848101869282,135.77999999999997
3e48a74a-02d7-4cbc-8849-24d42a70d66d,0.58526155206495,134.77999999999997
0aef98ef-f2d9-4fb2-b46e-7c856a69200b,0.5848101869282,135.77999999999997
d68948d8-1163-4ec3-943e-d1e9d084833b,0.5848101869282,135.77999999999997
957025e6-6cd3-4e22-beef-4898746962d8,0.5848101869282,135.77999999999997
29121af4-cb83-4f28-9492-181a99cf83a9,0.5848101869282,135.77999999999997
27c3b0b4-db82-4532-ade1-6f50fa0fc62e,0.5848101869282,135.77999999999997
df96a7e7-1e48-4447-8109-01ee1d957123,0.58526155206495,134.77999999999997
bae559f6-8b6e-4eb1-a2cc-3fa923d223ff,0.58526155206495,134.77999999999997
afc325c7-b414-486b-8cf8-c90eb2608e2e,0.58526155206495,134.77999999999997
044efc76-aaf5-4e68-8965-e3dfdacfcdbb,0.5848101869282,135.77999999999997
654c232d-93f8-40cf-9589-971d2734112b,0.58526155206495,134.77999999999997
ba6aad38-6144-4ab0-80e7-edaf51b26b44,0.5848101869282,135.77999999999997
4df81509-0bd8-41b9-b8cf-b63b90b0a58c,0.58351051767405,140.77999999999997
0c2916ec-2eb9-4d07-823d-0ed76fc1f8e9,0.5848101869282,135.77999999999997
623c885b-b3ee-4e40-9157-f1cdaf183143,0.58526155206495,134.77999999999997
d0e239c2-29e9-46d3-968e-ec4f19f1967e,0.5848101869282,135.77999999999997
89f13d19-b00c-4ff1-add8-555543ca1fa2,0.58526155206495,134.77999999999997
00071d1c-d706-4d55-bee1-b4843c93f2f5,0.5848101869282,135.77999999999997
f6e7e602-509e-4fdb-9edd-cb5af3ab9bf2,0.5848101869282,135.77999999999997
ec0f5edd-743a-422c-bdf8-2f6efa050b57,0.5848101869282,135.77999999999997
31dc3c26-f7a3-4ab8-973f-3c8a6f38cb91,0.5848101869282,135.77999999999997
e9ddd818-16c8-4109-86d8-393e379cfe59,0.5848101869282,135.77999999999997
972a8ff7-d2e4-4030-9b61-bd4a6d6e254f,0.58526155206495,134.77999999999997
8ec84d63-1394-43da-8414-bc71835052f4,0.58526155206495,134.77999999999997
ebd2ea39-20dc-4fb7-8451-2136ae88952c,0.58526155206495,134.77999999999997
e2c743d4-ed0c-4b88-9c09-64249839bfff,0.5848101869282,135.77999999999997
b4a0e609-549a-41c2-8829-7b46ea9d88c6,0.58526155206495,134.77999999999997
99989762-e265-4be4-8856-648220fdc552,0.5848101869282,135.77999999999997
65884480-bf55-4749-98fb-8c327990d0f4,0.586988953,139.77999999999997
ad6f671c-efb6-4ba2-aeb9-f401cabc8bd5,0.5848101869282,135.77999999999997
e03e7266-01c8-44ea-b9d1-3c1c6f3ecbe4,0.58526155206495,134.77999999999997
23431256-8f0e-4635-829c-09d1cc0fddf4,0.5848101869282,135.77999999999997
c4154564-d53b-4d61-9472-7dcc4d0395cb,0.58526155206495,134.77999999999997
d2d55ddf-6e12-4970-a005-326f982f5ee7,0.5848101869282,135.77999999999997
ac052231-a0f7-4588-baa1-08517789ea5f,0.5848101869282,135.77999999999997
dbdd50e6-cbeb-4a31-9710-4a1400298747,0.5848101869282,135.77999999999997
86b1222e-e532-4ef3-9694-d9cccc28af92,0.5848101869282,135.77999999999997
6acd2ce4-75f5-48aa-9662-d9722624b6dc,0.5848101869282,135.77999999999997
0ab13f54-4067-4234-aaa1-27d4e3e6cbb5,0.58526155206495,134.77999999999997
96782a6a-3a51-48a1-af73-909b838b858f,0.58526155206495,134.77999999999997
c76d214b-1ce8-449f-a93f-dbc600675a62,0.58526155206495,134.77999999999997
fcbe72e2-bbfb-47f0-9af2-01e6764b4eed,0.5848101869282,135.77999999999997
7bec3ee5-84e0-496d-bbc9-925c5e52dd4b,0.58526155206495,134.77999999999997
d7bd88bc-f3a3-4da4-8008-91e22bde74d6,0.5848101869282,135.77999999999997
364a79d3-7b95-4846-9ad8-9263e457b286,0.58351051767405,140.77999999999997
fef07f97-186e-4618-ae45-57bf8e8e9729,0.58526155206495,134.77999999999997
c48e18ed-d4c4-49f6-9b82-e42e4030a360,0.58526155206495,134.77999999999997
bd0ac425-2caa-4ee9-ac88-fe6ddacb3f63,0.5848101869282,135.77999999999997
6827b8dc-8a16-42a6-ae3f-984ff9f00d1a,0.58526155206495,134.77999999999997
07b71b35-40a9-4a1d-b6c0-72ef76286d1e,0.5848101869282,135.77999999999997
be72f654-6319-465b-9bec-4c8645cd5dc5,0.5848101869282,135.77999999999997
71eb303a-3aa0-4ffa-a606-3cce75c616c5,0.5848101869282,135.77999999999997
25088aec-ee12-4158-9ca5-2afe36981e24,0.5848101869282,135.77999999999997
a1dbb227-bbc4-4d6b-bad7-606630cb4ed7,0.5848101869282,135.77999999999997
993aaf1a-d5b2-40c8-99b9-a494bede5632,0.58526155206495,134.77999999999997
d388d734-614f-4a9a-b56c-1e21fdf0f7dc,0.58526155206495,134.77999999999997
d9fb2cd4-b5e6-4f69-8156-743959e88693,0.58526155206495,134.77999999999997
5387af20-38fc-4aa8-b9f7-f0a531c92703,0.5848101869282,135.77999999999997
c4362bac-b3d3-4b9b-95d7-c5e2fb8bca43,0.58526155206495,134.77999999999997
b71c99fb-0c88-4d2d-a823-417c4a3ceeec,0.5848101869282,135.77999999999997
b5c36f80-65a8-4682-b05b-6ec7d8fc5490,0.58351051767405,140.77999999999997
949b633d-03c6-424f-9ec8-a49e5e9388b6,0.5848101869282,135.77999999999997
ed39cf5b-4ffe-4914-b1a8-1c62cc1a52f2,0.58526155206495,134.77999999999997
d4ba7610-dd1a-4eef-80e5-3f30aa0517cc,0.5848101869282,135.77999999999997
72ebdf8d-3a60-419f-870a-c45f83ddde8c,0.58526155206495,134.77999999999997
79c87586-8b0e-49ab-9ae4-a4fa983ddeeb,0.5848101869282,135.77999999999997
46c957ee-38a7-4046-90b5-4109aa03cc27,0.5848101869282,135.77999999999997
3b9e7b87-e553-46e2-b8d0-d3bf4acbfc53,0.5848101869282,135.77999999999997
59cf5795-9f0f-4224-8b32-af6d7e6cf04f,0.5848101869282,135.77999999999997
461f3438-e9e8-4d39-964c-772207def956,0.5848101869282,135.77999999999997
899e2c40-9459-4107-9e82-d1643a837952,0.58526155206495,134.77999999999997
2789a88c-ae9a-4f83-bd5d-2586c1e5c0c1,0.58526155206495,134.77999999999997
5e6d637c-f7e4-4ab0-a565-fc48bc232f72,0.58526155206495,134.77999999999997
ed108b7f-d931-4761-9749-01dbd3d04bfd,0.5848101869282,135.77999999999997
7c81a2fc-4f53-46ce-b7db-d8d69fa39a8c,0.58526155206495,134.77999999999997
b0f55451-2a96-4abc-9705-138a2e53c82b,0.5848101869282,135.77999999999997
497eac70-d1d2-49fc-9e28-b6c888518d44,0.58351051767405,140.77999999999997
7cec18c9-ba12-47cb-82c4-472c0272c351,0.5848101869282,135.77999999999997
22ff3bbb-11cd-428b-b963-e1fced462466,0.58526155206495,134.77999999999997
4cff0907-031b-4be2-b0e7-5ff9a25a7cdc,0.5848101869282,135.77999999999997
1cb787a1-aee6-4248-978f-7589ff2d67e6,0.58526155206495,134.77999999999997
194c85ff-74b5-4d37-9139-8af03c19b64c,0.5848101869282,135.77999999999997
04f34026-e3b7-4e20-8228-ff94fded5dda,0.5848101869282,135.77999999999997
f2199223-84b7-44f3-9b23-0652117234d0,0.5848101869282,135.77999999999997
412355b7-414d-4ad3-98a3-38a913501fe3,0.5848101869282,135.77999999999997
da39a88d-4e6a-4018-a6f0-4de293fd76a0,0.5848101869282,135.77999999999997
8143b87c-19c2-43df-ac2e-e4d6836b804c,0.58526155206495,134.77999999999997
89724594-8a48-443e-915f-a0ae66ec91f9,0.58526155206495,134.77999999999997
1e1aac05-bb81-451b-8cd0-cd81ffe9db3d,0.58526155206495,134.77999999999997
27e8e1ae-8318-411a-86ca-3f17370ea215,0.5848101869282,135.77999999999997
e9060f4b-fa2a-43cd-b462-d40895006563,0.58526155206495,134.77999999999997
a0b8a83c-497a-40c0-8726-523b57c364f8,0.5848101869282,135.77999999999997
a4e7a71e-707b-480d-82f3-14a851a47738,0.58351051767405,140.77999999999997
d9dc9ce2-3f4f-4a0a-93ef-7a70ab4e678c,0.5848101869282,135.77999999999997
0666f5e3-42f7-4a59-91ed-c7951afc37b5,0.58526155206495,134.77999999999997
d42dd61f-f471-44ea-aa18-a6431f4752f4,0.5848101869282,135.77999999999997
235f90a6-e5d2-472d-913b-51db83ac36a9,0.58526155206495,134.77999999999997
8de6f96f-1385-4647-968c-b3a9db6c4522,0.5848101869282,135.77999999999997
de405884-a705-407b-8fa6-1b0c5b43c827,0.5848101869282,135.77999999999997
4182a1fd-3dda-4ae4-930a-d36c61eb44d0,0.5848101869282,135.77999999999997
14c3c3a8-3405-4397-8a3f-7315fcce74cb,0.5848101869282,135.77999999999997
929c4db3-b405-4bc8-9f08-31535ceb9b8b,0.5848101869282,135.77999999999997
c0588dff-79bb-4a99-9d92-6d3dceb2ce54,0.58526155206495,134.77999999999997
890e311b-183e-4466-8581-4152b1c37efc,0.58526155206495,134.77999999999997
ad8f7466-6bb7-4e0c-aec3-360b02f5537d,0.58526155206495,134.77999999999997
94bf77e3-4401-4218-a9eb-5a3154594d7b,0.5848101869282,135.77999999999997
7d28af1d-c9b0-438a-af31-aa515e6b8903,0.58526155206495,134.77999999999997
d4034d99-50bc-4c09-8bac-dc3708faa261,0.5848101869282,135.77999999999997
0545c135-dd86-4fd4-a67c-1f93807e661c,0.58351051767405,140.77999999999997
d66a2f22-b2c1-433e-b76d-be5998bfb6a5,0.5848101869282,135.77999999999997
78a52192-de2a-4df7-bf78-d9261986fa88,0.58526155206495,134.77999999999997
68104d10-0661-4303-a204-7d930cb74c49,0.5848101869282,135.77999999999997
39112d0f-fbb3-4446-b38b-057c3d62e23d,0.58526155206495,134.77999999999997
a9829db0-01cf-4764-87ee-00b31982d366,0.5848101869282,135.77999999999997
141ef20e-1fc4-4035-8b6a-569a446545e3,0.5848101869282,135.77999999999997
48216fab-29a7-4a0d-b45f-4efcaf6f2fc0,0.5848101869282,135.77999999999997
d350ac27-09a2-48e3-93db-8d351e2be973,0.5848101869282,135.77999999999997
3cb9d509-2312-4aa9-a1b0-fba058c7cd05,0.5848101869282,135.77999999999997
75288a67-9d86-4c87-86f6-727a2e871564,0.58526155206495,134.77999999999997
fa2e02be-b78d-42c0-9f41-b46e654243f7,0.58526155206495,134.77999999999997
c724b2e9-ed51-4c1b-9af7-bee3c1eb6b3e,0.58526155206495,134.77999999999997
7ded4229-e7dd-422c-979f-66a79a700d8b,0.5848101869282,135.77999999999997
b915dbf0-0e1f-429d-8ff7-977f1bef7689,0.58526155206495,134.77999999999997
b2bc058c-13fe-4e9e-865b-cf91d2da603e,0.5848101869282,135.77999999999997
e65f3378-9f43-4bb1-aa6c-92f6a782dd52,0.586988953,139.77999999999997
764a242c-a6c1-44b5-a566-1dd1e4ddc24c,0.5848101869282,135.77999999999997
2cbb8464-bd70-40a0-891e-58d421025ec7,0.58526155206495,134.77999999999997
0d26c607-177d-4659-8789-91eb13e95ff5,0.5848101869282,135.77999999999997
2ec4ab29-329e-45dd-81d1-dec7f1d3dc45,0.58526155206495,134.77999999999997
5dbe83c0-04fc-4201-b4d3-15e5b6f92b4e,0.5848101869282,135.77999999999997
00d0d04d-4790-4e0b-bd16-58d21bd41be7,0.5848101869282,135.77999999999997
62cb3790-5fa1-4df6-9cd3-821bcb3065fd,0.5848101869282,135.77999999999997
35566499-3a1e-4e81-959e-33d7ca828938,0.5848101869282,135.77999999999997
462dfa83-9ade-453d-9e23-9de87cd727ca,0.5848101869282,135.77999999999997
355f1de3-f970-4c74-8559-7f2fe659ecdf,0.58526155206495,134.77999999999997
f17d07c9-1038-4fdb-a1c8-297d0ecbfb8c,0.58526155206495,134.77999999999997
b3c81a80-0fa7-4fc6-9fcd-1359e42f7329,0.58526155206495,134.77999999999997
2a2c98f4-ec5a-4160-ba4c-04a9f56ea936,0.5848101869282,135.77999999999997
9ae37573-e56b-46fe-907c-b9adc606a9b0,0.58526155206495,134.77999999999997
b87d58a5-60fb-4f5f-a91c-b2d948023ddf,0.5848101869282,135.77999999999997
36b128b5-6db9-4a8b-80e5-2fc2cec3d8d8,0.586988953,139.77999999999997
a3fab615-c3a6-4f30-b714-4cbe2bb18b75,0.5848101869282,135.77999999999997
bbf97c5e-ae1a-4038-bd1f-86e1c5775a3c,0.58526155206495,134.77999999999997
36322c22-61fc-4977-aac4-230650a404c2,0.5848101869282,135.77999999999997
8c93db7d-9337-4ec3-b387-ad6dea6a6778,0.58526155206495,134.77999999999997
59989d22-872c-48c9-856e-c4608e88a183,0.5848101869282,135.77999999999997
9048a927-aeb2-426e-8ec1-dea99416ebba,0.5848101869282,135.77999999999997
7bb162cd-8820-4022-9711-67e16767fc8c,0.5848101869282,135.77999999999997
eaf498f1-dfdc-4df6-a4e0-6c24e8a695e8,0.5848101869282,135.77999999999997
ce0346b3-65ed-442b-bac0-a5e67ec70ac2,0.5848101869282,135.77999999999997
f63d267e-3834-43dd-8315-5824c5913cc3,0.58526155206495,134.77999999999997
fa5fdb3f-9d43-4111-9606-a9d85ad7f038,0.58526155206495,134.77999999999997
3b3e2e13-ec79-47d4-a48d-bf1590cf413b,0.58526155206495,134.77999999999997
151f6b9e-c5bc-444d-80eb-e7f733e4b49c,0.5848101869282,135.77999999999997
5b35f1c3-e45d-4600-9b8c-192f47c85a64,0.58526155206495,134.77999999999997
6ee9e197-fb9a-4d5d-a893-d039b26bb403,0.5848101869282,135.77999999999997
5599e481-0010-4466-a701-2ef18e323cce,0.58351051767405,140.77999999999997
9208618e-76fc-4b30-a6cc-5ad29b63a8dd,0.5848101869282,135.77999999999997
c811f65d-b74a-4487-bb0c-7cb74a915645,0.58526155206495,134.77999999999997
87dfc740-3464-47f0-8f74-f1eeeb379c72,0.5848101869282,135.77999999999997
b5279dbb-f36c-4039-9b87-59a41d18730d,0.58526155206495,134.77999999999997
adc9c86f-f5b5-4067-a32b-586ab9f53e91,0.5848101869282,135.77999999999997
d5a570a6-c823-4f23-be25-848e4de18e07,0.5848101869282,135.77999999999997
909ccaa0-a3f1-4c43-ad31-d72685ec7a5f,0.5848101869282,135.77999999999997
9a60b5fa-8476-43d8-abb5-87b3b2feedbc,0.5848101869282,135.77999999999997
a2da3d10-500c-4e41-8f32-a547389dc51a,0.5848101869282,135.77999999999997
831ae230-d92e-4d9e-b16f-7ef1baf6f858,0.58526155206495,134.77999999999997
41724cbe-bf42-4f82-a27e-f82654934907,0.58526155206495,134.77999999999997
6ad040ef-a1bc-42a6-88bb-50103251a56d,0.58526155206495,134.77999999999997
88746e06-5b9a-4ec3-bdc6-54451a592359,0.5848101869282,135.77999999999997
bfb33252-6019-4470-a38d-61fb9292e358,0.58526155206495,134.77999999999997
f23bf044-b708-4bd5-92f6-72e7ba58ba18,0.5848101869282,135.77999999999997
891de866-a9c8-4d29-970e-c847d93343df,0.58351051767405,140.77999999999997
8bcaef28-a294-43f1-9ec9-18aa8624088a,0.5848101869282,135.77999999999997
719af013-ee81-4656-a252-576e4ca6008e,0.58526155206495,134.77999999999997
6609279f-66d9-4830-864c-277953f29d34,0.5848101869282,135.77999999999997
8ff16a97-e24a-4469-911f-95411be1ffba,0.58526155206495,134.77999999999997
6d8ce367-2219-4248-97ef-618dad1c3d8a,0.5848101869282,135.77999999999997
8557ff0b-130a-4467-87f5-826f857da49e,0.5848101869282,135.77999999999997
4ccae677-d328-48bf-a8ff-1d7a39fdc2d7,0.5848101869282,135.77999999999997
b845a575-143f-47b2-8fc0-e7ced2b2dad7,0.5848101869282,135.77999999999997
df9f5e53-b41a-4b27-a943-65cf7ebc39c8,0.5848101869282,135.77999999999997
86f720b2-335e-4785-8624-e81af229b11e,0.58526155206495,134.77999999999997
5e757ef7-72b2-43a5-98b9-28c5ed09c443,0.58526155206495,134.77999999999997
fd0bb240-1a9e-4c11-80df-cb0472a2d18e,0.58526155206495,134.77999999999997
2846d304-6c5d-4e94-ac62-a8befc470972,0.5848101869282,135.77999999999997
06b1c823-f91f-45f5-8b0f-318ed8716f9f,0.58526155206495,134.77999999999997
a1347028-fb11-41d0-8ee4-2c30e96fad22,0.5848101869282,135.77999999999997
43bbff75-a0fb-4a88-a845-d53bf303f675,0.58351051767405,140.77999999999997
83632ef7-dcf1-4812-9053-3a48d790251f,0.5848101869282,135.77999999999997
6b974b36-2e9e-42c8-bdf7-62bfd3683acc,0.58526155206495,134.77999999999997
7782012e-d5c2-4263-b9f0-37f7ccb84f5b,0.5848101869282,135.77999999999997
e36cea34-473b-44cc-aee3-50f0ac031664,0.58526155206495,134.77999999999997
24be38dc-e638-4888-9095-18a1196fda61,0.5848101869282,135.77999999999997
ecf5d3c0-9a34-4187-9926-fe2c95360996,0.5848101869282,135.77999999999997
9262100c-c985-4a97-9bbc-168b8f419987,0.5848101869282,135.77999999999997
f5f6a897-5aff-466a-b501-88451a1f9387,0.5848101869282,135.77999999999997
d6764d71-d535-475b-a6a6-8e989b403e33,0.5848101869282,135.77999999999997
f23ca530-a9e2-4135-a4d4-77115ffd7013,0.58526155206495,134.77999999999997
51ac7097-bec2-4c9a-9285-4c4486d7fe8b,0.58526155206495,134.77999999999997
1d58db86-fb8a-4f22-8538-6e32ce073a1b,0.58526155206495,134.77999999999997
0271f07d-7f89-44fd-9fd0-d23b6cc136da,0.5848101869282,135.77999999999997
5e1919b2-94c1-49bb-b4c9-dbb5a21dc001,0.58526155206495,134.77999999999997
2cd7a4bf-f8c5-4739-80f1-6342b27542b9,0.5848101869282,135.77999999999997
b27bccfe-7249-4489-b293-7f9fef1a3116,0.58351051767405,140.77999999999997
12431618-423a-4ae1-b3b3-dad7c0b07b3e,0.5848101869282,135.77999999999997
2b9aafbb-a1d9-4deb-9251-cc9851d81667,0.58526155206495,134.77999999999997
5a14e157-e590-4962-91f2-bf146184d94a,0.5848101869282,135.77999999999997
5fe77b7b-aec1-4b6f-b4ab-c5745aea215c,0.58526155206495,134.77999999999997
b6942426-36d1-48c2-b2ed-ad7e8600df6a,0.5848101869282,135.77999999999997
2ee21892-eabb-4c56-8530-dfc9c05245ef,0.5848101869282,135.77999999999997
700c54b7-8be1-4581-b8e8-8b72eccae60c,0.5848101869282,135.77999999999997
77665eae-9b25-42af-a099-12b97c459c59,0.5848101869282,135.77999999999997
0126288d-c0b8-49c1-a31e-acd4865345f8,0.5848101869282,135.77999999999997
28d195c6-7000-4552-b8ef-18eeac40a96b,0.58526155206495,134.77999999999997
82289b84-57aa-4493-bb22-c094641416a2,0.58526155206495,134.77999999999997
3f2772da-52b1-4a4f-a03d-a7a6c832fa20,0.58526155206495,134.77999999999997
71324b35-3ea7-4e3a-9282-4159e5c99507,0.5848101869282,135.77999999999997
162a721e-f61c-4ecb-8b15-84a5f63a4836,0.58526155206495,134.77999999999997
209b0a4d-a98c-422a-9080-83d93b9ddac1,0.5848101869282,135.77999999999997
cdd710d1-d2b7-49e1-aa2e-a97c3b30af21,0.58351051767405,140.77999999999997
012cadaf-839f-4b3b-b62a-70920dcafd51,0.58526155206495,134.77999999999997
53a258a5-ed96-41bd-8841-5c7ade165d50,0.58526155206495,134.77999999999997
5904c89e-3b0f-4f56-9653-54141d762c00,0.5848101869282,135.77999999999997
1ee7726b-c499-4823-8adf-947d940ad0f7,0.58526155206495,134.77999999999997
595cdff8-3dd6-4085-adc1-1c61e5d004a2,0.5848101869282,135.77999999999997
87b74b17-7627-4383-b44b-cdb9be3a63b7,0.5848101869282,135.77999999999997
72448a49-b36b-436c-b3ba-d7477e6fd32f,0.5848101869282,135.77999999999997
b5aabc9d-395a-42ad-ac1f-be003a91f1a1,0.5848101869282,135.77999999999997
2d8a1575-d11d-471c-8904-7d887e98c9f5,0.5848101869282,135.77999999999997
4e3c530f-7091-4850-811b-e7300e2407f7,0.58526155206495,134.77999999999997
f471ee31-fc10-4556-b15d-540dcd84932f,0.58526155206495,134.77999999999997
78ce5c4c-958d-41e5-b148-70c74ee9df2f,0.58526155206495,134.77999999999997
d7d43a02-49ff-4661-b632-a5c9f3f549c1,0.5848101869282,135.77999999999997
6c39391c-cf2f-4fe1-ab9f-a642d6f44df1,0.58526155206495,134.77999999999997
4ac7af38-14b4-484e-884c-b7cf6f2c6a73,0.5848101869282,135.77999999999997
b514c333-263e-4467-9f29-01cbbffd4262,0.58351051767405,140.77999999999997
d2d0478a-b6a3-4532-bb88-b1dff6866f15,0.58526155206495,134.77999999999997
6a0c2af5-bc3c-4f3b-ad0d-095fcd51f176,0.58526155206495,134.77999999999997
fa5a4dd9-8fab-4eb6-b1e3-8ab09e68c057,0.5848101869282,135.77999999999997
4ec270ab-1695-4529-8afa-fe8f5c236777,0.58526155206495,134.77999999999997
92448102-e1a5-46d2-954a-f547c4bfcbbd,0.5848101869282,135.77999999999997
897c45c3-351d-4315-bd56-6903eca84b19,0.5848101869282,135.77999999999997
f648815f-49e8-4284-b3d7-13dbc29a8334,0.5848101869282,135.77999999999997
c4ca521f-0129-41fb-a9b4-5bfe5cd000b1,0.5848101869282,135.77999999999997
0afb9e1a-7023-4780-9220-76e2c9f123a3,0.5848101869282,135.77999999999997
3d7168bb-83a7-4989-bd3b-d60389655884,0.58526155206495,134.77999999999997
27915188-10f9-4983-bd5d-22d996612eb0,0.58526155206495,134.77999999999997
cc3efe63-b55e-4800-9a6b-e3186d4dd7d4,0.58526155206495,134.77999999999997
7c16eb73-27e5-472d-9446-5fecad1dc0df,0.5848101869282,135.77999999999997
451ea8f4-06eb-46af-8523-3f624256a9e1,0.58526155206495,134.77999999999997
1f198d96-3fea-4b96-aeb2-4e7a4d109d39,0.5848101869282,135.77999999999997
ca6cf861-5d66-4efd-987a-edd9dc66c7c7,0.58351051767405,140.77999999999997
15be4903-5c09-4d5d-ad2a-bc77e00a72c2,0.58526155206495,134.77999999999997
fd3397aa-ddb3-492c-92e9-7ae852798d44,0.58526155206495,134.77999999999997
3b50defd-036a-4387-80ec-da94f5042542,0.5848101869282,135.77999999999997
89122937-4a8d-4c97-b4f6-ccc79ddcb55f,0.58526155206495,134.77999999999997
7a56cd5f-1656-42d3-bec4-f8581c255997,0.5848101869282,135.77999999999997
354e3740-0b76-454c-a811-7aeb28358a81,0.5848101869282,135.77999999999997
4b7822a9-f47d-4640-a99d-0a51b6b0e3d4,0.5848101869282,135.77999999999997
bacbbf6c-cf90-4345-a913-9d0c1cd69f1f,0.5848101869282,135.77999999999997
2ab61a17-9617-4a93-bb3c-5a533f576608,0.5848101869282,135.77999999999997
b4ab3b59-d361-4a4e-b37b-54f2115219d9,0.58526155206495,134.77999999999997
a6261886-0678-4cf9-8fc3-469f6adac752,0.58526155206495,134.77999999999997
cc3b029b-abdc-4058-856b-8738239272a6,0.58526155206495,134.77999999999997
b32ac8ff-45f1-4e44-9eb4-3d83d059dfbe,0.5848101869282,135.77999999999997
03732763-89d7-400c-b3a4-0c747205b9ac,0.58526155206495,134.77999999999997
d7d94254-db72-471f-b720-a9ddd5e8f225,0.5848101869282,135.77999999999997
d61a9ac5-797e-485a-a34d-ed659258dcd7,0.58351051767405,140.77999999999997
2868c976-e459-4f7e-b9f4-171cda9e11eb,0.58526155206495,134.77999999999997
6ef2e903-9b0b-4b3e-84ce-968c468480ae,0.58526155206495,134.77999999999997
e73a2e15-cee7-4764-9a4b-27be8e99f31f,0.5848101869282,135.77999999999997
561c07bc-969f-454e-8f05-27d1eaad6823,0.58526155206495,134.77999999999997
fb81f5a2-1768-46c0-8f83-2a87164950b0,0.5848101869282,135.77999999999997
ebe9e9b6-4c38-45f7-b6ed-b9d12bb5a0a8,0.5848101869282,135.77999999999997
729736a9-7e8f-494a-a380-be643f08dfec,0.5848101869282,135.77999999999997
34d5d855-7039-4ab0-b729-1fe452bac771,0.5848101869282,135.77999999999997
c50cd763-0e92-4931-a843-952c719a2a78,0.5848101869282,135.77999999999997
1235e023-5e71-40ff-995c-e59bf29b4820,0.58526155206495,134.77999999999997
ff280ea8-ebb9-495b-8bda-dd69dfaafd1b,0.58526155206495,134.77999999999997
f598103b-2c28-4328-b449-990dac51b77e,0.58526155206495,134.77999999999997
6e731a1e-940a-41d7-82ea-6fc9d1195bda,0.5848101869282,135.77999999999997
3a84b812-37d6-46b0-a0ae-23e7e3a52049,0.58526155206495,134.77999999999997
83d302ab-00b1-4518-85a7-6fcff2fe9daa,0.5848101869282,135.77999999999997
1fa3d5fa-a1fc-4d62-8247-ce2595388a61,0.58351051767405,140.77999999999997
4a3d25d8-24e4-4b8e-b578-9af4f71ce54e,0.58526155206495,134.77999999999997
e9a7a4a2-0099-463d-a208-2f17ff8951c6,0.58526155206495,134.77999999999997
a1af97da-3a2f-4a72-9fd6-67bd4e903c45,0.5848101869282,135.77999999999997
5906a1fd-dc41-4bb2-b2f5-3cd933f6226b,0.58526155206495,134.77999999999997
5516f623-d2a9-49e6-ae7f-84f01bf33897,0.5848101869282,135.77999999999997
c7421604-6eeb-4ec4-b9c8-b77f09d56e31,0.5848101869282,135.77999999999997
08594738-7039-4fab-90fc-f2dfc3640143,0.5848101869282,135.77999999999997
577918cf-f3c2-49dc-8692-6d22b91a6e6d,0.5848101869282,135.77999999999997
a50301fb-6d10-4f28-83d5-ec1d3526007d,0.5848101869282,135.77999999999997
0ce71a99-31bb-4f25-914e-6a91350caf73,0.58526155206495,134.77999999999997
50610518-6b0e-4ca8-9079-4ff7f746e914,0.58526155206495,134.77999999999997
cfa3463f-05f7-4b46-b372-faab2aa9a59f,0.58526155206495,134.77999999999997
ac57d962-2183-4341-991a-ab288bea4ade,0.5848101869282,135.77999999999997
0d7429f9-e8e0-44cc-a910-0cc82e9fa710,0.58526155206495,134.77999999999997
0145014d-f4d2-4a61-b307-a826061ae983,0.5848101869282,135.77999999999997
28956287-99eb-49a8-8dd3-5a6be965a4f7,0.58351051767405,140.77999999999997
89160427-4d51-4b5e-8dad-926ae6c45379,0.58526155206495,134.77999999999997
a7bc93a0-68c6-4c45-b0bf-d02109aecfa6,0.58526155206495,134.77999999999997
38069c95-62cc-4785-8ca7-fb4a61653485,0.5848101869282,135.77999999999997
5aeee043-c68d-4d5e-b362-8779a26f315b,0.58526155206495,134.77999999999997
a84bc4ce-08ae-42d6-872b-a90b0e118bb3,0.5848101869282,135.77999999999997
3927af6a-3ec0-4a80-9594-f1fa7434d395,0.5848101869282,135.77999999999997
4c7fffc2-4eed-4e8a-9e64-acedb835a7ff,0.5848101869282,135.77999999999997
9a686eef-33be-44fb-afda-d65e6aa0a3b6,0.5848101869282,135.77999999999997
b3aa95c0-e78b-4c39-8383-553b05b774b6,0.5848101869282,135.77999999999997
16cfcf9b-cf99-45db-8f9c-3c5fc425ecbf,0.58526155206495,134.77999999999997
e783ec6d-d384-457c-87f3-8a7aa44cb726,0.58526155206495,134.77999999999997
aeebe2ce-2f99-424d-91b4-2baafa12c0de,0.58526155206495,134.77999999999997
edd47080-8f12-4e8b-a6b0-a8446a8bb044,0.5848101869282,135.77999999999997
27847b71-97e5-4baf-8615-525ed278b8c0,0.58526155206495,134.77999999999997
1a414362-64f0-486f-a04e-f8e3ca89728b,0.5848101869282,135.77999999999997
09b79c61-0bfa-45b2-8a89-8f95e5db86f6,0.58351051767405,140.77999999999997
29f584af-b1a2-45f8-8d9a-2a4e2d3ac730,0.58526155206495,134.77999999999997
ed770f6c-cbf9-4c30-9ae9-01b7ac0f4766,0.58526155206495,134.77999999999997
780428c4-9836-43e5-bebb-ff0633efae5e,0.5848101869282,135.77999999999997
320787fc-45e4-48c2-b84c-8f54441fd8b1,0.58526155206495,134.77999999999997
778d6498-a414-47a8-9dfd-ad041bc081a6,0.5848101869282,135.77999999999997
6876373f-6564-4710-8fd8-21c6cd8815e1,0.5848101869282,135.77999999999997
3c8edb0d-b7bb-4ed7-a051-311a81cbcbe1,0.5848101869282,135.77999999999997
04c18cbc-58a5-4916-a90a-1f0d0af5080d,0.5848101869282,135.77999999999997
61b30a1b-8a8f-412e-9802-1d429107865d,0.5848101869282,135.77999999999997
acb7459e-a3d3-404d-9353-6f30d4c12272,0.58526155206495,134.77999999999997
cac42648-aefa-40c2-861b-90ebcaef6785,0.58526155206495,134.77999999999997
4f05abd4-bd67-43cb-a618-a6bb2b90a8a6,0.58526155206495,134.77999999999997
4ae229f4-3590-4ef2-8fa4-de9ca68fbe58,0.5848101869282,135.77999999999997
37666db6-851f-43ed-8fbd-32be38dde5e1,0.58526155206495,134.77999999999997
84f86f32-84d9-45ab-b44a-6c36b132477c,0.5848101869282,135.77999999999997
559102a3-da77-4c3b-bbbf-880014386820,0.586988953,139.77999999999997
3a233423-8371-4733-89fb-e8510ba15f29,0.58526155206495,134.77999999999997
cacb821f-eebf-460a-8ba6-fdfb9b7d6d0f,0.58526155206495,134.77999999999997
95160e81-bb95-4269-b7dc-c99aa63b034a,0.5848101869282,135.77999999999997
b820fc00-1e57-4d48-899f-9d3615068a78,0.58526155206495,134.77999999999997
844e13b7-12a6-4dba-bdce-415b9f14f388,0.5848101869282,135.77999999999997
726cb57b-8bd5-45d2-929a-957295f94279,0.5848101869282,135.77999999999997
49c84606-413e-4ad8-9bfc-bf7fb6c87b8a,0.5848101869282,135.77999999999997
b70d1346-3a76-4e93-b954-fd2f77c5f799,0.5848101869282,135.77999999999997
efbc3aa5-98be-46f9-bcfc-f649a4a04089,0.5848101869282,135.77999999999997
f94b3844-d646-40e8-8418-5bdc682bdb3e,0.58526155206495,134.77999999999997
0a6a82a0-c741-44b2-881f-eeabbf80579f,0.58526155206495,134.77999999999997
1b413785-e4a1-4108-944b-34464de99af9,0.58526155206495,134.77999999999997
e509beb0-2c42-4a7e-b960-c979dcf0105f,0.5848101869282,135.77999999999997
ee34cde9-7bf9-4a11-a94b-f30114cf72d1,0.58526155206495,134.77999999999997
69d0aa79-666a-4b29-89e4-163565e06a09,0.5848101869282,135.77999999999997
bd173093-d7d0-4244-8360-15fde9fb50a2,0.586988953,139.77999999999997
1e65e33c-6290-4373-9e16-b07b44f31dd8,0.58526155206495,134.77999999999997
89b0ceaf-bcd6-4b18-9514-56666c69d679,0.58526155206495,134.77999999999997
02379ab0-2650-4455-a9bb-4b88b3e051c8,0.5848101869282,135.77999999999997
9311c925-b09c-43f0-af6d-4d6eb3b16713,0.58526155206495,134.77999999999997
729ee294-5645-476d-9b7b-db05b543cda3,0.5848101869282,135.77999999999997
6c876651-ffae-4933-93e5-e1c33e2ff673,0.5848101869282,135.77999999999997
3ade8279-4629-4ce7-97e3-c16c8e3f258e,0.5848101869282,135.77999999999997
046ec19d-685a-4369-accc-7423ff760a47,0.5848101869282,135.77999999999997
6345b832-89f3-43fe-ad29-03b39752b477,0.5848101869282,135.77999999999997
98218db4-c36f-4dac-905a-eccfbf8c02d9,0.58526155206495,134.77999999999997
dedf82c9-bffe-4c40-a243-b8d4fef33543,0.58526155206495,134.77999999999997
a6d666eb-4b2d-4d9c-b7e7-be4c9fd069a2,0.58526155206495,134.77999999999997
2037289a-ea12-4a74-a7b3-0b86195daef5,0.5848101869282,135.77999999999997
1a937177-53b5-4481-bfa9-01e77c9a97c2,0.58526155206495,134.77999999999997
b8d6e9cf-0223-4c32-8ef8-0b872f8b6c71,0.5848101869282,135.77999999999997
9f9baabf-48bf-49d3-87bd-73ba42019b92,0.58351051767405,140.77999999999997
a47e7fa3-ecf3-4670-99f7-05ac95ed87af,0.58526155206495,134.77999999999997
fe618b19-2145-4e14-a6fd-3c19a49668d1,0.58526155206495,134.77999999999997
f303e2f2-1d37-415a-85c0-8c9d17612f32,0.5848101869282,135.77999999999997
46ffc8ff-aff5-4ab7-a1b2-57d9c2c31d4f,0.58526155206495,134.77999999999997
8a5f2cc6-e13e-4d3f-a348-d459dffc115e,0.5848101869282,135.77999999999997
ac0cc5e1-6349-4897-ab3c-ad58eef1fd47,0.5848101869282,135.77999999999997
74acd7ea-f66b-4e04-868a-cd40c98a2dd9,0.5848101869282,135.77999999999997
32b5399a-1d06-451b-aa81-41451b8f4904,0.5848101869282,135.77999999999997
69d42bff-c824-4c2e-a16b-acc3e39298a7,0.5848101869282,135.77999999999997
186a3e9c-5049-40e4-aae8-75a3c44aeb91,0.58526155206495,134.77999999999997
8afd3f36-e2f3-4f65-bca0-66eb9aa05baa,0.58526155206495,134.77999999999997
86a93991-8456-46bc-9339-89c8ed5b7f59,0.58526155206495,134.77999999999997
d5271646-f0e7-42cd-8cae-6c8410e9a662,0.5848101869282,135.77999999999997
cbf9cf06-85da-4e9d-9272-3b5908786af1,0.58526155206495,134.77999999999997
593f145d-5b8d-45f6-8d93-2f6f11328649,0.5848101869282,135.77999999999997
9f8d494a-b518-40c3-836e-980d3d36bf49,0.586988953,139.77999999999997
54423476-7ee1-4589-a242-3d31e4ee84ec,0.58526155206495,134.77999999999997
6e00f634-7473-40fc-87aa-2b71208957af,0.58526155206495,134.77999999999997
e152ad1d-af78-451a-95b1-f55b0140616c,0.5848101869282,135.77999999999997
2c0bcb6d-f71d-4d86-8722-4371bbe7ee3c,0.58526155206495,134.77999999999997
fa110d57-6ccd-4563-bddd-4e100979d507,0.5848101869282,135.77999999999997
775ae033-879f-4012-9d13-4011a863e54f,0.5848101869282,135.77999999999997
0c70b0b4-6243-461d-9beb-8a63487a7ebe,0.5848101869282,135.77999999999997
15d42af3-3a19-4e63-966a-263b993abb3e,0.5848101869282,135.77999999999997
8f35f9f9-1cf1-4836-897a-481daad81a3c,0.5848101869282,135.77999999999997
5421a6b1-3fb8-439e-8433-0f29b91e38a9,0.58526155206495,134.77999999999997
e0b9d83a-4eff-439b-b0d4-711658a7c0c4,0.58526155206495,134.77999999999997
193b2de1-fb71-4634-a12e-25f20e96f303,0.58526155206495,134.77999999999997
e100ee29-0a4c-4f15-a67d-1880e7aaa5a9,0.5848101869282,135.77999999999997
8f0c3da4-9ad4-48fe-a9a2-6f138356250a,0.58526155206495,134.77999999999997
b56cb359-8832-4964-a4de-caa03b1d7299,0.5848101869282,135.77999999999997
77dcaeb2-7f52-4c9b-8222-e5a2ca129998,0.58351051767405,140.77999999999997
299e251c-13fd-47da-8559-a44cbc1a9490,0.58526155206495,134.77999999999997
f58efed3-c16e-47f1-bcfe-e7c1ca614699,0.58526155206495,134.77999999999997
388ffd9b-37d9-46cc-83f5-f6569d952abb,0.5848101869282,135.77999999999997
8666c81a-5e5e-4761-9000-0fa85a446617,0.58526155206495,134.77999999999997
0607d7dd-b46d-4cb7-aaea-c0e0693e80fc,0.5848101869282,135.77999999999997
9c20f27f-0a45-4509-967f-902a03b2d504,0.5848101869282,135.77999999999997
5c142c39-ca03-4cf4-8ad8-7c19ed94cf64,0.5848101869282,135.77999999999997
968b0876-c322-4027-8b0f-c28e79b60a58,0.5848101869282,135.77999999999997
0f2fdd12-2494-4f56-a4c5-2e6b98f68859,0.5848101869282,135.77999999999997
b63ca722-df23-4b34-95a1-b1ee23dd4a69,0.58526155206495,134.77999999999997
854267b0-290e-4547-a9b5-baa721c2829b,0.58526155206495,134.77999999999997
b942f836-45d8-4ee1-9de8-f27b533f9ada,0.58526155206495,134.77999999999997
da6d345b-8a20-47a5-a701-567880989431,0.5848101869282,135.77999999999997
79217bb0-cf68-4db7-8dde-f40ee7dc1121,0.58526155206495,134.77999999999997
5b3c5e45-4a43-41e2-8768-41d116173ed5,0.5848101869282,135.77999999999997
81c62d49-caa0-4116-9498-947fbd063dc3,0.58351051767405,140.77999999999997
b709b514-7fa4-4dbb-a541-e7b1058d69e5,0.58526155206495,134.77999999999997
8b10f68c-4fe1-4cb2-8a20-3e860d7d3b46,0.58526155206495,134.77999999999997
7059f837-e079-4616-a3a1-ecac469a73e1,0.5848101869282,135.77999999999997
e42a56fa-3bdd-49b2-ab07-31881c42d52e,0.58526155206495,134.77999999999997
e197f6ec-90ca-4434-9adc-30bdda5a63b6,0.5848101869282,135.77999999999997
46d18c3c-1e74-476f-845c-40b59db669d8,0.5848101869282,135.77999999999997
74a548fa-0acc-4a5f-a1ef-cc80523241f3,0.5848101869282,135.77999999999997
10d0664f-0157-4d51-b419-bf9fda1511fc,0.5848101869282,135.77999999999997
37ae94f1-59eb-4200-add8-e14518e44545,0.5848101869282,135.77999999999997
67d1b219-a010-49a2-8186-32bb08adccf8,0.58526155206495,134.77999999999997
531c285d-fb62-495e-955d-82f5ae86e029,0.58526155206495,134.77999999999997
d8926a76-e25a-46ef-ba65-e987fb287930,0.58526155206495,134.77999999999997
6c0de857-1f5f-4fb0-9c0c-feef9e01d9b3,0.5848101869282,135.77999999999997
6201d232-7535-4bb1-b472-76c659b97e78,0.58526155206495,134.77999999999997
05f7014f-63ad-41eb-800f-67e9fff040f7,0.5848101869282,135.77999999999997
37431a68-28da-4131-8830-6a3795c26c18,0.58351051767405,140.77999999999997
99b1ce84-95cc-4888-b08b-d8ef1c660559,0.58526155206495,134.77999999999997
e46e6906-59cb-48d9-98aa-3268c217f092,0.58526155206495,134.77999999999997
cdf28800-cc25-41e7-b144-7562ada71d5a,0.5848101869282,135.77999999999997
11c5b07a-3501-4967-82ce-d3155b163cd9,0.58526155206495,134.77999999999997
21bcf511-5553-44fa-b59b-3c82b75b0d1d,0.5848101869282,135.77999999999997
e1c97aa5-dcdc-4b60-a22b-92a83bb86df8,0.5848101869282,135.77999999999997
2e0300c3-aed4-4d3d-a447-98a10be9ab17,0.5848101869282,135.77999999999997
bdf31733-7ca6-40bf-9444-08f420c10446,0.5848101869282,135.77999999999997
b9e800c6-5d19-4974-9154-15bed3eaaa23,0.5848101869282,135.77999999999997
5c9d74b0-68fd-47dc-8e7e-4fddbdecc130,0.58526155206495,134.77999999999997
ccfb3d88-2fee-45e5-a53b-268982cc7ee6,0.58526155206495,134.77999999999997
4e736bc5-5b41-4f12-85ca-fce44e28b58a,0.58526155206495,134.77999999999997
837e7f46-07ee-4c09-a1b9-6ae546bd0c27,0.5848101869282,135.77999999999997
72b79744-705e-49ff-b052-2ca9f8c85352,0.58526155206495,134.77999999999997
7846cbd9-5263-4070-964a-15e56ed833d1,0.5848101869282,135.77999999999997
05e3baa2-8db7-4abc-81a8-dd0df5a09a01,0.58351051767405,140.77999999999997
1bcd72f6-7b48-4ea5-8b68-ec47eead98b7,0.58526155206495,134.77999999999997
37c55888-dc1a-4fb7-bd2e-a0bad08f9215,0.58526155206495,134.77999999999997
a396041f-7ea1-4aac-8891-6cf1154d3f6c,0.5848101869282,135.77999999999997
9d1f98e5-ce81-4c28-b8cd-3766e2b2e663,0.58526155206495,134.77999999999997
2f6f30c6-5557-428a-b65e-a8653a1ace3e,0.5848101869282,135.77999999999997
578ddecf-9300-4580-bad6-0661dc040ee3,0.5848101869282,135.77999999999997
b16ca96a-e036-408e-b931-814e4d896ace,0.5848101869282,135.77999999999997
08e30891-0d02-46d5-8f09-a70599addd30,0.5848101869282,135.77999999999997
9a47fa54-17de-4de4-94b9-bb67b6f37a93,0.5848101869282,135.77999999999997
307974ea-822f-4a4b-868d-14855d478c0b,0.58526155206495,134.77999999999997
ad6e1900-abdd-4294-bc40-db3211567dc3,0.58526155206495,134.77999999999997
d6470433-9373-413b-878c-40153b78706e,0.58526155206495,134.77999999999997
b88c75ba-b65d-479d-9e89-dc02017118ef,0.5848101869282,135.77999999999997
c16a9764-e539-4bc3-be54-3e41d8b1c02e,0.58526155206495,134.77999999999997
be54f578-e3b9-4009-a483-3d652014b0fc,0.5848101869282,135.77999999999997
147ad34f-47c0-40cd-ad08-e02ec7a5c3d0,0.586988953,139.77999999999997
98b9de49-a53e-4d9c-9b64-176cfc35ef3f,0.58526155206495,134.77999999999997
8b8419e0-f893-43b3-84eb-609de03e70dc,0.58526155206495,134.77999999999997
608419db-1ebd-427c-a4d0-d507b4421bff,0.5848101869282,135.77999999999997
df858acc-3027-48f2-812c-44c13c406e19,0.58526155206495,134.77999999999997
f8b30e76-33e6-4e6c-bcfe-ab86b80a5680,0.5848101869282,135.77999999999997
c7d2097f-ecc2-40e2-90dd-108c75d6e6bb,0.5848101869282,135.77999999999997
1c4e4f17-ee5e-4d60-83ef-c801d61d78a8,0.5848101869282,135.77999999999997
d88c312e-0956-441a-8d7a-7b2791efde4b,0.5848101869282,135.77999999999997
405dfd42-e4da-472e-88be-b48c5413844b,0.5848101869282,135.77999999999997
d02aef6c-6609-4a39-9ce0-f21137298d37,0.58526155206495,134.77999999999997
98e3d57e-87f1-4cac-b2dd-3170c696b0f4,0.58526155206495,134.77999999999997
e0abde7d-b427-456c-9e61-3d3fe5555bef,0.58526155206495,134.77999999999997
a8f64485-3019-472b-b1f4-ee55360ae335,0.5848101869282,135.77999999999997
305ab601-a80b-409d-9965-58f61127539c,0.58526155206495,134.77999999999997
c1629ee2-ccbc-4b4b-a0bb-f2d0e72d3135,0.5848101869282,135.77999999999997
fc85ef4f-92cc-48a4-8391-7d68302c1779,0.586988953,139.77999999999997
441e5dba-e67e-4e23-a871-0179c5570bbf,0.58526155206495,134.77999999999997
453d5e2f-1487-495a-b9a7-0698745c7dfa,0.58526155206495,134.77999999999997
23f41952-01e4-4a3b-b4ab-2cd0af5db706,0.5848101869282,135.77999999999997
ba013bf7-4737-4422-93e9-934b4fe66ef6,0.58526155206495,134.77999999999997
e16af9c1-2e61-4cc5-8729-a0eda029bf98,0.5848101869282,135.77999999999997
c3dae231-e471-4ba1-8527-e8713692cdce,0.5848101869282,135.77999999999997
137884c7-5233-4068-82cf-3d97387138ee,0.5848101869282,135.77999999999997
970d7d61-90d9-44d9-bcf6-159564be2279,0.5848101869282,135.77999999999997
555a99c4-f591-4e4a-b4f1-1ba3233169f1,0.5848101869282,135.77999999999997
40d037cc-e364-424b-840d-893ff6dee6a0,0.58526155206495,134.77999999999997
a5be8f31-f364-4d42-9c73-0f9d5b2ed925,0.58526155206495,134.77999999999997
9f3689a6-04af-4417-ba21-43b8644cba22,0.58526155206495,134.77999999999997
ee858b12-5c0f-4c7d-aebd-9c2786d3b020,0.5848101869282,135.77999999999997
55aca859-6621-492c-ad04-fcf1c76bdf2e,0.58526155206495,134.77999999999997
b5dbee22-6252-46b6-afb3-172595faa820,0.5848101869282,135.77999999999997
0540b398-a8a3-4aad-95c6-1f45626eff61,0.586988953,139.77999999999997
ef22f657-951f-47f7-a0ec-e55fb59f74b5,0.58526155206495,134.77999999999997
dd71240e-bef2-4e8b-af38-2938f86956e0,0.58526155206495,134.77999999999997
d0583cae-49b5-4c03-a388-b32acbde0c29,0.5848101869282,135.77999999999997
658bcc30-9d9b-47e0-961e-38088d1af521,0.58526155206495,134.77999999999997
eb528135-4db4-4070-8430-3631f95a412c,0.5848101869282,135.77999999999997
90b9cf2c-6e2c-46b3-aec7-81e4d2b89439,0.5848101869282,135.77999999999997
08e07bbd-8ce9-4ce9-9ff4-91403dfdda7b,0.5848101869282,135.77999999999997
c36f33c4-7d82-4fe2-ab80-a1c6cda0a521,0.5848101869282,135.77999999999997
01027067-1cf8-405c-bfb5-81197702bac6,0.5848101869282,135.77999999999997
67f20700-b6e2-4a2e-941f-37049043a261,0.58526155206495,134.77999999999997
463b648b-77a5-461d-9ff7-bd435ca2f7b9,0.58526155206495,134.77999999999997
945341be-897d-44e9-8714-6431c084cff4,0.58526155206495,134.77999999999997
f3d9af24-a095-4b80-a209-3c76516dab95,0.5848101869282,135.77999999999997
d0b316b6-0650-4ad0-b9c2-535d2a8f370b,0.58526155206495,134.77999999999997
74e7ce18-6d4b-4fe3-945b-8bee657a6379,0.5848101869282,135.77999999999997
bd4fe310-9e2a-4396-b2f8-42e3ee5dd5b1,0.58351051767405,140.77999999999997
c40ddb5c-0686-4b8d-8783-77815a4bddc1,0.58526155206495,134.77999999999997
79a3b8bb-99a5-4af1-83b4-52bbca14c247,0.58526155206495,134.77999999999997
cc5e36fc-af90-4ee4-b3a1-bce6a2791db6,0.5848101869282,135.77999999999997
28d26302-941e-425e-b644-f4448e372825,0.58526155206495,134.77999999999997
93453e34-9d23-4967-9fac-80466a56d231,0.5848101869282,135.77999999999997
17ff8179-5364-4d6a-8598-211957d81171,0.5848101869282,135.77999999999997
99b6511e-f5c0-4af1-ab14-273b1742df58,0.5848101869282,135.77999999999997
f22f3ef9-4c6d-4e83-af85-c1ed6e53a47d,0.5848101869282,135.77999999999997
06397e73-064a-4a5a-b3de-d28261d9d02c,0.5848101869282,135.77999999999997
685043eb-f16a-4a46-a6f2-39e4497db6ea,0.58526155206495,134.77999999999997
60b8f209-a218-49dd-9610-857af4677b02,0.58526155206495,134.77999999999997
0ae8ef5a-8144-465c-a5c8-20ce0ed9d1b0,0.58526155206495,134.77999999999997
72520382-b6c7-4607-8a0b-4e9ed0a542a4,0.5848101869282,135.77999999999997
8ea16a14-d9c4-430d-bf45-ce182d83b86f,0.58526155206495,134.77999999999997
0a0198bd-ca0b-453e-a646-c1f6a21cd3af,0.5848101869282,135.77999999999997
d4e5aacc-0ead-4e08-81fe-221f6b31e8af,0.586988953,139.77999999999997
0caac8b5-23d3-4cf3-8b41-90e6e5bfc553,0.58526155206495,134.77999999999997
07b9d72d-22ff-43c5-9481-de1f87e7fc16,0.58526155206495,134.77999999999997
d0a299f4-cd24-43ea-b9ab-e73eabeb9c41,0.5848101869282,135.77999999999997
847f56a4-3611-4b3c-93d7-294b7baf72ae,0.58526155206495,134.77999999999997
124a8b92-5b87-40a4-92b5-8e074a633581,0.5848101869282,135.77999999999997
64a2507f-901a-4c44-8cd1-4a252b2207d6,0.5848101869282,135.77999999999997
8bf854fd-dd9e-4209-a603-3028d98850e7,0.5848101869282,135.77999999999997
c9b4b807-4ecf-4b59-b125-45384cb6b483,0.5848101869282,135.77999999999997
eefd0b36-f2d2-40fb-8180-7c0892ad5dcc,0.5848101869282,135.77999999999997
7de1b7e7-01ba-43b5-bce0-18c12e056336,0.58526155206495,134.77999999999997
f1c13edd-bd28-4f05-a3d4-e85c547fb2ef,0.58526155206495,134.77999999999997
48a940d1-02c7-4186-8954-90b3c38371f1,0.58526155206495,134.77999999999997
e0d6b908-d8fd-433a-89f4-e98ef01c8c91,0.5848101869282,135.77999999999997
0045070f-5dd7-4866-844a-d7b161c18223,0.58526155206495,134.77999999999997
e340b086-d996-4c79-8bbc-aaf5faf6ee18,0.5848101869282,135.77999999999997
21649576-8257-4b92-bc70-beb206917795,0.586988953,139.77999999999997
605b6ba4-973b-4a5f-b20d-3f29f667be38,0.58526155206495,134.77999999999997
4c161a83-0c40-41a7-973b-01dc7c8b2a4e,0.58526155206495,134.77999999999997
8b167a24-2306-4997-aae3-cc3cbe3c3b26,0.5848101869282,135.77999999999997
605136f6-ae2e-4310-a3e2-a9d7d2ff6449,0.58526155206495,134.77999999999997
61ef4306-cdc8-4e95-9fd1-191da0795ab6,0.5848101869282,135.77999999999997
7731b2fb-bd2d-48fc-a264-547bf45fd1a8,0.5848101869282,135.77999999999997
f15baa3d-67fe-45a2-87dc-b06a870ab23c,0.5848101869282,135.77999999999997
7fdd7f23-a039-4263-a184-b11729ed16ca,0.5848101869282,135.77999999999997
b90af011-9612-45e0-a9c7-67d7ad7c46fe,0.5848101869282,135.77999999999997
f3e55f21-1f37-4248-bec4-7e31f8d34fbb,0.58526155206495,134.77999999999997
46449b13-31cf-495b-a31a-c13855e0e62e,0.58526155206495,134.77999999999997
49db0951-9942-4150-98c9-7482cb64a662,0.58526155206495,134.77999999999997
1a7f28dd-ef4a-41e1-a5cd-a5d023e72f0a,0.5848101869282,135.77999999999997
dfcb1be3-362d-45da-a022-41a48f8cdbff,0.58526155206495,134.77999999999997
0a83e828-ef63-46af-87a4-a78ffeda999f,0.5848101869282,135.77999999999997
5d1de8c9-0469-4025-ad8c-7e5c2dc1f5a7,0.586988953,139.77999999999997
1807e0a7-24cf-43e7-9589-76d62537f57b,0.58526155206495,134.77999999999997
8013f376-e556-4a8a-ad00-33a47b31276a,0.58526155206495,134.77999999999997
ef481638-5cee-4799-b55e-88dd76a0c3c0,0.5848101869282,135.77999999999997
40fb718e-e41f-426b-8f05-7a25fb7f4f8f,0.58526155206495,134.77999999999997
b5c83eff-2381-4d87-8eff-3ae77ac362ac,0.5848101869282,135.77999999999997
e522c86c-726a-4f7f-a35f-31a32e3b1db4,0.5848101869282,135.77999999999997
d8b862cb-d652-4cce-be98-201918618fe0,0.5848101869282,135.77999999999997
1b08a945-169d-46ed-ad69-c1545b68599b,0.5848101869282,135.77999999999997
2ebee514-9466-4e4c-acd4-3f35fa07eae2,0.5848101869282,135.77999999999997
1ada6318-d8cb-4eb7-82f8-9e3636d85c5a,0.58526155206495,134.77999999999997
c6419b37-3ff6-4d28-ad80-6ca001af834d,0.58526155206495,134.77999999999997
a8c341cd-fd85-49c4-a673-ae820b605bf5,0.58526155206495,134.77999999999997
6c22073d-5fa2-44f9-8d9a-b7c6e18496d0,0.5848101869282,135.77999999999997
33f4f05e-a817-4f9c-917b-c0e1ae4749cd,0.58526155206495,134.77999999999997
5a3a8273-4646-4f34-822e-974596dc4470,0.5848101869282,135.77999999999997
9eda37c1-6d17-4424-85ef-b83e433675c7,0.58351051767405,140.77999999999997
8031d932-fee7-4b96-90d4-93b783a68d04,0.58526155206495,134.77999999999997
f2ff68c5-a138-43e6-a32c-81ce0b016452,0.58526155206495,134.77999999999997
f5bbc154-a3bc-43b1-bd76-975cb6fdf06f,0.5848101869282,135.77999999999997
7f486106-6405-4200-b3b7-1f5b310f624a,0.58526155206495,134.77999999999997
2646458c-e1e4-4060-af9d-16c7dca7a550,0.5848101869282,135.77999999999997
5d55440e-7742-41bc-91f6-f2f31931dd53,0.5848101869282,135.77999999999997
24b118c1-447a-4e70-b284-995540514543,0.5848101869282,135.77999999999997
1bddc99c-48e3-47c9-bde5-77fed9792e02,0.5848101869282,135.77999999999997
85e498dd-9f4a-4d47-bdc7-5c33e602166c,0.5848101869282,135.77999999999997
3489e932-7c90-494d-89ac-56ae1f28f430,0.58526155206495,134.77999999999997
57e2d4c2-2738-4439-89f9-f2d02554ae07,0.58526155206495,134.77999999999997
d4e5a4c6-d061-4dbd-88c1-ad32d94df642,0.58526155206495,134.77999999999997
9b323c01-849d-4fda-a205-e7d2f9314a33,0.5848101869282,135.77999999999997
1533b23f-0a40-4335-9174-c16f5747a08f,0.58526155206495,134.77999999999997
f455ef49-f352-44a7-ab4c-9513c3f4d429,0.5848101869282,135.77999999999997
2aba64bf-67f5-4142-937a-fed6e3cdccec,0.58351051767405,140.77999999999997
9f3edeef-27a7-4d69-8548-4dbd76c009d6,0.58526155206495,134.77999999999997
4453f49a-50ed-44f7-8c08-7423b4f9fbd3,0.58526155206495,134.77999999999997
9b849bf3-272d-4e43-bbd7-020a616014de,0.5848101869282,135.77999999999997
3f3c32d1-8295-4487-bc78-df0791362fa7,0.58526155206495,134.77999999999997
7a16cd1c-d81a-4e51-9293-1d0593c89465,0.5848101869282,135.77999999999997
fc71bd97-6e55-431a-9a87-180105c90eaa,0.5848101869282,135.77999999999997
d7c0e25a-25fd-40d2-8ec0-d03d4e777cd6,0.5848101869282,135.77999999999997
a9049018-4366-4120-8cfb-a1e854aabeba,0.5848101869282,135.77999999999997
fa763c5d-a4ca-4207-b177-d64642a28c21,0.5848101869282,135.77999999999997
66712546-4d62-43b6-846d-3dd468171f2e,0.58526155206495,134.77999999999997
bf7760a5-6996-478d-9c73-dd3f8c16162d,0.58526155206495,134.77999999999997
0abf42e9-6369-4ad1-9fd8-0cf38c9222ce,0.58526155206495,134.77999999999997
ee2fe66e-a0db-4f27-8867-18d565d63b91,0.5848101869282,135.77999999999997
d9cb4667-9342-40cf-b5fe-40f041accfe3,0.58526155206495,134.77999999999997
62aa5b16-f5c6-48ec-9416-de53af79653c,0.5848101869282,135.77999999999997
7929f0f0-c9da-441c-9e8d-3c5b14e8aa05,0.586988953,139.77999999999997
27f5caf0-8377-428f-a1dd-a69762af6c8c,0.58526155206495,134.77999999999997
9ab4b7f8-57a0-40e0-b9ce-b1f1acf70a53,0.58526155206495,134.77999999999997
27ffceb6-8231-45d3-9a51-75816abb4bcc,0.5848101869282,135.77999999999997
49c1772b-a067-4a12-a24b-883a39aebc58,0.58526155206495,134.77999999999997
038bd17b-b9f1-4e39-a171-3a28304b8e90,0.5848101869282,135.77999999999997
4e5989ee-3cef-4365-ab63-c69cb65c3489,0.5848101869282,135.77999999999997
3aa38b81-024a-4c41-a193-ee76c6f8e800,0.5848101869282,135.77999999999997
2fa1b94d-99c2-4b98-a833-babb9bc2668b,0.5848101869282,135.77999999999997
f225e27a-4529-4ec6-bcf8-c12a026d5e46,0.5848101869282,135.77999999999997
c4758631-2fdc-43a1-a225-37115795439f,0.58526155206495,134.77999999999997
b3efb760-9d4c-49b4-bb5a-bad81912afb0,0.58526155206495,134.77999999999997
296ff797-71c3-4384-92bb-c30e5c95393b,0.58526155206495,134.77999999999997
372486ed-7805-4f0c-a967-53602123b88d,0.5848101869282,135.77999999999997
382a0300-0d21-4f7a-9c71-b1a1e43b3959,0.58526155206495,134.77999999999997
e3d51c77-9e84-4c96-9800-e166206f346b,0.5848101869282,135.77999999999997
8f3ed5d8-03c9-4403-9828-9b1b971d3b33,0.586988953,139.77999999999997
6c2f3553-3e51-464c-b499-faae74a8eb8b,0.58526155206495,134.77999999999997
d83a2c9b-af00-4262-9e52-e625953781c6,0.58526155206495,134.77999999999997
c3b9d595-678b-4f14-be89-7c767833adb0,0.5848101869282,135.77999999999997
a3ff8d2f-cbd4-4ad1-b643-ffb4cd1f9afd,0.58526155206495,134.77999999999997
023dc829-c086-40f6-8893-3e4df9c04017,0.5848101869282,135.77999999999997
29f1b90a-b3ec-44ef-b44e-cc3dd27691bc,0.5848101869282,135.77999999999997
152f3850-fff2-47c3-bbea-2675c1b6115d,0.5848101869282,135.77999999999997
a87b0b25-0433-4067-9dd3-ca96507faa4f,0.5848101869282,135.77999999999997
e6cd6079-7976-418d-ad54-06d197c76b1e,0.5848101869282,135.77999999999997
149f3ca1-4c86-4ccd-bcde-a5f25a76be64,0.58526155206495,134.77999999999997
48fe0505-e143-45e4-9e58-74f9490409be,0.58526155206495,134.77999999999997
130c6fac-acd0-4724-8d20-7d35a7b83368,0.58526155206495,134.77999999999997
3c7532c4-13b4-4a80-8480-3f04c8126f55,0.5848101869282,135.77999999999997
da2dd8de-3da8-47a5-8b18-2c5b066420e9,0.58526155206495,134.77999999999997
18963bd2-6ae2-49d4-94ac-01a9027e56a6,0.5848101869282,135.77999999999997
1dbe131b-9952-4a41-8d16-626cd9f78efe,0.586988953,139.77999999999997
2320577e-44e4-4cae-b7f6-c3f719c8b6ed,0.58526155206495,134.77999999999997
32bf87e2-64ea-485e-9efa-d4d587013bf5,0.58526155206495,134.77999999999997
99095168-c06a-4b63-bee6-5e3af43b0667,0.5848101869282,135.77999999999997
71f4c296-e621-465b-aa6c-4c9ab4661be7,0.58526155206495,134.77999999999997
f3dfd598-4eb4-464a-9764-7046612cadd1,0.5848101869282,135.77999999999997
ef433122-b5cc-495f-84de-6cf94a41c17e,0.5848101869282,135.77999999999997
27ab30eb-f042-483b-a31b-de17103fef2f,0.5848101869282,135.77999999999997
2f987004-7555-4089-8ed2-3a356f1145af,0.5848101869282,135.77999999999997
3b4f8d78-da37-4494-b79b-fd51d8a89a3e,0.5848101869282,135.77999999999997
2f00efd1-91a8-4509-bd93-2f1b632a8582,0.58526155206495,134.77999999999997
ac5a61b6-b3a1-45b6-8169-0b804cff8feb,0.58526155206495,134.77999999999997
f39cdca0-039a-4827-8241-6a4a8221752b,0.58526155206495,134.77999999999997
a6a5d69d-0877-4784-b766-9425eba70c70,0.5848101869282,135.77999999999997
c9d8c72c-c0ee-45cd-a4a9-b331cb9ac2c2,0.58526155206495,134.77999999999997
9449e008-0c6d-4c64-8fb3-ca14aa5a2c00,0.5848101869282,135.77999999999997
4730522b-85ca-43e9-b13e-b62757bb0422,0.58351051767405,140.77999999999997
3ad0261c-946c-4bf0-9096-bfc615fd7189,0.58526155206495,134.77999999999997
edf62678-9682-487d-94c3-436ed6145d36,0.58526155206495,134.77999999999997
bdf9d1e6-cdfe-4ffb-a9ad-28060bfa19e8,0.5848101869282,135.77999999999997
ab74f509-59f2-460d-b6c2-3abafaab6011,0.58526155206495,134.77999999999997
caf5a5e6-a388-4f4e-9fb7-ee599d2f75dc,0.5848101869282,135.77999999999997
86734d92-35a2-4b19-82f0-b07cb61ce7ea,0.5848101869282,135.77999999999997
d85a737d-5e72-4986-ab3a-fe3965c1db9b,0.5848101869282,135.77999999999997
75f9f7b9-5df8-48dc-bcce-0c41cfe758a1,0.5848101869282,135.77999999999997
b75faf9e-0d8e-445b-8cd3-8c9cc28cbb8d,0.5848101869282,135.77999999999997
a0371c3e-a56e-446b-92e4-47177e289ef4,0.58526155206495,134.77999999999997
fd802d59-6ec6-41c0-a176-a12c0d3e6c10,0.58526155206495,134.77999999999997
a47a15b8-9fcc-4773-8f25-675d29b2b2c8,0.58526155206495,134.77999999999997
98f54290-6437-480b-b7e2-ef9b0e954d9e,0.5848101869282,135.77999999999997
1ac2bacf-3656-406b-9555-0959667098b8,0.58526155206495,134.77999999999997
fab38d0f-c8c6-4263-bc92-ced4779ce831,0.5848101869282,135.77999999999997
30dada46-169b-4561-9951-5bc400d57b27,0.586988953,139.77999999999997
2846c456-99e6-4340-bbaa-ca7c566cb6c2,0.58526155206495,134.77999999999997
d05babf3-c85d-42ac-bf92-bdc631799047,0.58526155206495,134.77999999999997
18b8cc68-e749-4221-9db9-7b88297a8400,0.5848101869282,135.77999999999997
b33ed2bd-ad5a-4ce7-8766-3fd7e1e8dcbe,0.58526155206495,134.77999999999997
eedff36a-12fd-463f-8925-e99bc628d487,0.5848101869282,135.77999999999997
fb2d42c1-adda-4260-85bd-4932c49cb6df,0.5848101869282,135.77999999999997
0ec71c45-7b3d-450d-9ea0-9fb9fb9ca80a,0.5848101869282,135.77999999999997
99eb086f-5a84-4150-bedc-c9566d9f9b1b,0.5848101869282,135.77999999999997
db9aa7bc-3135-4b5a-9ddd-190caccf6143,0.5848101869282,135.77999999999997
2bc98858-28b4-4ccc-b54b-4c3c19ce3b31,0.58526155206495,134.77999999999997
9e803ad5-8c56-460f-8901-e2cddee768de,0.58526155206495,134.77999999999997
e44e812d-0e2b-415f-a84a-da4043cf3d71,0.58526155206495,134.77999999999997
ac1d666f-b2d8-40d4-9a17-7a6da052877f,0.5848101869282,135.77999999999997
d05797b7-bd71-49b5-89f4-39e788cf042c,0.58526155206495,134.77999999999997
ae547f93-57c6-4377-976a-1adbd083bcc8,0.5848101869282,135.77999999999997
1c9490c2-3bdf-408a-aa47-aac0b38b02ce,0.58351051767405,140.77999999999997
c24d6678-2aad-417a-8372-8769489c06a6,0.58526155206495,134.77999999999997
e0a78c77-139c-4e42-97c3-df0885d2b55e,0.58526155206495,134.77999999999997
e7eaf912-e613-4035-abc8-4e4738cdf535,0.5848101869282,135.77999999999997
34b5da58-f6b9-4136-9cd6-70663081ac36,0.58526155206495,134.77999999999997
d6228064-e793-4d79-ac66-14971f798393,0.5848101869282,135.77999999999997
1ee9613e-0871-4678-a858-357a3ef4cada,0.5848101869282,135.77999999999997
34e64e20-4b0a-46e4-8323-1a5fb5af7eb5,0.5848101869282,135.77999999999997
3f0df79c-9979-4af6-88ba-0ec4f3fda69f,0.5848101869282,135.77999999999997
8b0be000-84ad-437e-b43d-5aaae8194a37,0.5848101869282,135.77999999999997
bb693837-e419-4316-82e2-0119ee03fcd4,0.58526155206495,134.77999999999997
e80985f1-79c7-40fb-8c9a-1fa43f9a8079,0.58526155206495,134.77999999999997
4059ba61-09a0-4044-a4e7-247f45773d46,0.58526155206495,134.77999999999997
1edc26d9-97e9-4002-9f1d-0ccd10dc574c,0.5848101869282,135.77999999999997
72483b06-2d1d-4b72-8b5f-673267c09a68,0.58526155206495,134.77999999999997
69cf851a-012c-4a56-a579-f47719f036f4,0.5848101869282,135.77999999999997
a8e9bc24-0cc4-43f6-96cf-c17da1ad6061,0.58351051767405,140.77999999999997
89ef4c68-7de7-4fd3-818c-ed5e1ea4f408,0.58526155206495,134.77999999999997
a571c566-4b9b-4d96-a5b6-88eb00c28e03,0.58526155206495,134.77999999999997
71eca051-817b-4587-be0a-a617508cfa4e,0.5848101869282,135.77999999999997
a4ae0111-aa51-48d6-a326-fb5b6ca81268,0.58526155206495,134.77999999999997
c5f38b0b-b35d-4df3-b1a0-de7d66c9b93d,0.5848101869282,135.77999999999997
a719f9d3-f18d-41f1-8233-16e75b7556ed,0.5848101869282,135.77999999999997
48655ce1-b6e5-4bfa-9e8e-47578096be4a,0.5848101869282,135.77999999999997
68217f39-cfc6-4da8-9fb2-c8d48d2e3d22,0.5848101869282,135.77999999999997
b0efd918-4dc0-4dfb-bca1-030167ebdd77,0.5848101869282,135.77999999999997
53f06972-d5fb-4db9-a2b8-ad55094c1076,0.58526155206495,134.77999999999997
1d55659a-c2ff-4647-bd6f-4f29d4cab546,0.58526155206495,134.77999999999997
dada849a-7d25-4f59-a742-8353356ffd16,0.58526155206495,134.77999999999997
de8fbc5f-7cec-4603-b4ec-219a530af9b6,0.5848101869282,135.77999999999997
1e414c44-b67a-459e-a86e-a5f76c21ce32,0.58526155206495,134.77999999999997
1eea37a4-d82a-456d-9b30-2b647953ce5a,0.5848101869282,135.77999999999997
46eadb2a-387c-461e-87d3-bd19bd7c4bd4,0.586988953,139.77999999999997
04071e0e-5f68-42a3-9d5d-4bebdbcbc5e7,0.58526155206495,134.77999999999997
4774b5ac-8b87-4d6c-b5eb-eceb56ac9840,0.58526155206495,134.77999999999997
46f0fc14-abb9-4d35-854d-49d3cf44e502,0.5848101869282,135.77999999999997
e7544088-9699-4a90-ada1-9a3d014a3d71,0.58526155206495,134.77999999999997
3cd68b38-ac9e-4a48-ab9f-44773f06f3c9,0.5848101869282,135.77999999999997
73c2193d-09b0-43c6-93ed-d18631cac4ae,0.5848101869282,135.77999999999997
486afca0-5b38-4261-a903-3c91a4aac814,0.5848101869282,135.77999999999997
651af333-96e0-45ea-9cc8-3e56ea13b20d,0.5848101869282,135.77999999999997
14f0a424-02f4-4e26-9111-3f53be47fb70,0.5848101869282,135.77999999999997
82b38551-4f46-4cea-a3bd-f4201c9fe76a,0.58526155206495,134.77999999999997
20c2244d-b3c5-4a8e-922f-d7ffa2d002fe,0.58526155206495,134.77999999999997
5b89cc7e-a64d-451a-8634-2d3821edae7d,0.58526155206495,134.77999999999997
960dda0d-2b0c-4697-bc9a-3db956c454ab,0.5848101869282,135.77999999999997
953b5a61-734c-4cbc-8bb4-f9ff63ab30a1,0.58526155206495,134.77999999999997
a654d3a3-4334-4205-a4e9-d5cf70d46026,0.5848101869282,135.77999999999997
4bf99222-31ef-45c9-906f-ff30d4dc2557,0.58351051767405,140.77999999999997
89fefc87-2b59-453a-8c9d-f41dd76d96c1,0.58526155206495,134.77999999999997
87bcacfe-965e-4b75-99f8-5b33427586fa,0.58526155206495,134.77999999999997
367809b0-5d81-4deb-a142-810d687f16f1,0.5848101869282,135.77999999999997
cdf75e0a-4a57-452e-b0a0-f271f8647c8d,0.58526155206495,134.77999999999997
d7c5c6c6-8f8d-4480-b69c-ca37baf1f7d1,0.5848101869282,135.77999999999997
930ecf9f-4c26-463b-bda6-80d73efd1351,0.5848101869282,135.77999999999997
06af5f93-256f-4967-b2e4-6b7e884857fe,0.5848101869282,135.77999999999997
93029760-1681-4c81-9fa9-86df9d078946,0.5848101869282,135.77999999999997
d8354be4-74e7-4bc7-b793-22ce2c8d2141,0.5848101869282,135.77999999999997
0abd7247-3b79-40b5-873a-f6407f792f59,0.58526155206495,134.77999999999997
8ad953f1-612e-46f2-a947-dd4d26ac56f5,0.58526155206495,134.77999999999997
bd4665d5-0cfe-4eac-9e8f-bc1be758d324,0.58526155206495,134.77999999999997
6bcc2073-5220-49d7-b5f1-6919bdc133f7,0.5848101869282,135.77999999999997
1036a60c-cc38-4e00-a024-b537aa7dc289,0.58526155206495,134.77999999999997
da1975f6-5b72-4084-98db-667afdbea69c,0.5848101869282,135.77999999999997
41375f88-58ab-47e9-aff8-4083a0091b6b,0.58351051767405,140.77999999999997
72709162-cdae-4b32-af89-205f26039b6b,0.58526155206495,134.77999999999997
925c2036-fd96-4104-9438-2fcc2973ce17,0.58526155206495,134.77999999999997
b2a2d46d-8151-4ce1-b20c-693ab5082b7b,0.5848101869282,135.77999999999997
94b9346d-74dc-4b41-ace1-e55b4faa8bb9,0.58526155206495,134.77999999999997
ed981f31-f6af-476c-9efc-8389b7139e59,0.5848101869282,135.77999999999997
17eb029a-acf3-4cd1-b44e-02a496f23e48,0.5848101869282,135.77999999999997
a6585579-9b18-4f4f-b023-d41125bca8df,0.5848101869282,135.77999999999997
536e92e1-d7cf-41f5-bf51-c8e19950854b,0.5848101869282,135.77999999999997
3ef7d23b-5746-44d9-b938-ac1313c53f1f,0.5848101869282,135.77999999999997
fcc65e2d-8a49-4cd2-89c1-b52828500838,0.58526155206495,134.77999999999997
973d17ec-f4ec-4e86-8651-32f1f505b6d4,0.58526155206495,134.77999999999997
75a0ae67-c15e-47d5-a74e-8c52cab5bf9e,0.58526155206495,134.77999999999997
8945c9d4-e4b3-469b-94d6-b6e1614b1133,0.5848101869282,135.77999999999997
cab3eea9-6a56-4e33-866a-364ef026e3d9,0.58526155206495,134.77999999999997
46119b02-f7b5-4252-bf05-3e4ee2fd5a8d,0.5848101869282,135.77999999999997
0744d20b-6666-42de-bdd7-dc35ae318c98,0.58351051767405,140.77999999999997
320c2b26-08c7-4891-8ebc-fd478c596dc4,0.58526155206495,134.77999999999997
f68a1f6b-b328-40f3-ae32-1b8842df83ca,0.58526155206495,134.77999999999997
37ed7029-4015-4d58-a360-ada787cd8704,0.5848101869282,135.77999999999997
6a41e254-0585-47cd-98e6-a6bdcc5d0690,0.58526155206495,134.77999999999997
0f5723a6-f977-4c25-a7b1-1b7b31de4282,0.5848101869282,135.77999999999997
30af9106-e2a6-4ba1-a6de-2bebea74a450,0.5848101869282,135.77999999999997
cbff97d1-700a-4a3a-83fd-e1c94640b263,0.5848101869282,135.77999999999997
7a632c5f-c0ae-40a8-a0a9-82b910a1527f,0.5848101869282,135.77999999999997
dd2be875-3e72-4eaa-90c4-af37af9b2ff4,0.5848101869282,135.77999999999997
789e6cb4-3531-4a6c-b94d-9ca454e4fe27,0.58526155206495,134.77999999999997
7c573c49-c399-470d-b5e4-ff244fd29286,0.58526155206495,134.77999999999997
47baa34a-3e13-48a6-b10a-dc9b35e95ff8,0.58526155206495,134.77999999999997
4e270ee1-61d7-4efe-bfdc-c4541f64eb18,0.5848101869282,135.77999999999997
752f22fb-8171-4c5e-9ecc-3044ff879d62,0.58526155206495,134.77999999999997
0d190def-9b94-4abc-a273-c69854eee8fc,0.5848101869282,135.77999999999997
6dd5f7f6-1dd8-431f-89b5-91a1be002d8e,0.586988953,139.77999999999997
cf770216-d19d-41a3-a1d3-f6a1ba1e7fe6,0.58526155206495,134.77999999999997
d1d32f49-2ad3-4210-a30e-196939491b15,0.58526155206495,134.77999999999997
bf51086d-a492-4afa-8afe-2a5a2192f037,0.5848101869282,135.77999999999997
26dd009e-54db-4c17-8217-6b6223b76739,0.58526155206495,134.77999999999997
c39261f0-63c2-4076-ab6b-71d7b7692bec,0.5848101869282,135.77999999999997
3dae8753-99d7-432c-8ae1-b91067522ab7,0.5848101869282,135.77999999999997
3f5750f1-604f-4f61-bb8b-00f5a3edbed2,0.5848101869282,135.77999999999997
dc79bd02-b663-47d5-9aa4-c48e043ff99c,0.5848101869282,135.77999999999997
e1ab750b-d75e-4a15-a4e1-7b615307f748,0.5848101869282,135.77999999999997
4042fe28-85e3-46be-95d2-203bef852ea1,0.58526155206495,134.77999999999997
1aa234da-b51e-4171-a020-17d71038fed8,0.58526155206495,134.77999999999997
fe870f42-5efb-443d-950c-78b46cdc027c,0.58526155206495,134.77999999999997
4736f54f-32e4-4684-8c7d-99a666a4ebdd,0.5848101869282,135.77999999999997
0a3cdb38-c951-4738-b51c-6a173e2defae,0.58526155206495,134.77999999999997
a5bf3708-6c6f-4678-a8d4-9ddd353564f0,0.5848101869282,135.77999999999997
e8502940-785e-4136-aae9-ab3e1339e4da,0.586988953,139.77999999999997
12954b5f-80d4-4cd9-9783-a0954fe60269,0.58526155206495,134.77999999999997
f83fd2e5-c1ee-407d-b926-ef6ec97b384d,0.58526155206495,134.77999999999997
3603964f-d5c0-4ddc-a3a1-1ce7f3d5737a,0.5848101869282,135.77999999999997
599ef6ed-ce32-49d2-a816-9651644e3d7d,0.58526155206495,134.77999999999997
a9b8b4a0-0cf5-4ae4-8efa-da43dae11e05,0.5848101869282,135.77999999999997
45aad9d8-85ca-42fd-a724-ee5f6c8acd41,0.5848101869282,135.77999999999997
d91a2aa7-c3d3-418f-bc72-ae0e0bb40e14,0.5848101869282,135.77999999999997
d2591aca-c1b8-4c39-9f72-8fd6cad53d52,0.5848101869282,135.77999999999997
3bc02277-51ac-4dea-88fd-db9fcd9d5d16,0.5848101869282,135.77999999999997
a783a849-9cee-4a7e-aa43-c7debccf716a,0.58526155206495,134.77999999999997
393a0bbc-e447-49da-8365-dd1705f9dfb5,0.58526155206495,134.77999999999997
572f6938-869a-4f30-b4e8-84209b6fd4fa,0.58526155206495,134.77999999999997
545d657d-a619-4dc5-83fe-e39eaf5b3930,0.5848101869282,135.77999999999997
c3689ecc-7731-44b8-9535-4958ed32485b,0.58526155206495,134.77999999999997
7bd3fabc-bebc-4c61-930f-a917360240a6,0.5848101869282,135.77999999999997
a0f692fa-e042-4d6b-a04c-52d2c1d1c38b,0.58351051767405,140.77999999999997
39ad2dfe-8465-4a88-a277-8976108d97a6,0.58526155206495,134.77999999999997
0ecc7d84-9d9d-4057-9836-a608d1807d97,0.58526155206495,134.77999999999997
e030cd35-55ce-4267-bfbb-8211db1e9b72,0.5848101869282,135.77999999999997
8d6b5a42-fa24-4f5b-840c-ca8d0cb509a2,0.58526155206495,134.77999999999997
06c9e59d-87b7-4c70-8514-0d8511d242b6,0.5848101869282,135.77999999999997
c9aafecd-c820-4cf6-8981-e36706e67f5a,0.5848101869282,135.77999999999997
bf700bf2-0329-4023-b8ae-9813b8255385,0.5848101869282,135.77999999999997
a8278f79-c2f1-4354-80c6-6c6b6c4681cb,0.5848101869282,135.77999999999997
cfdb86e1-803c-47af-a485-3f3b0aa8df67,0.5848101869282,135.77999999999997
494fb091-a62a-4920-981e-37e6637f614f,0.58526155206495,134.77999999999997
0660946f-edfd-4707-bb60-141a045360fd,0.58526155206495,134.77999999999997
16f22d30-12eb-4e15-8f89-4a3b16ee784d,0.58526155206495,134.77999999999997
80b48e36-654d-43cb-9389-dc2e6706da68,0.5848101869282,135.77999999999997
3b33ea9e-65dd-4316-b43f-669204b649ad,0.58526155206495,134.77999999999997
f45f7c5f-3d98-4c82-871e-713035d0b3a9,0.5848101869282,135.77999999999997
7533756e-440c-49b9-9708-8aa02690b155,0.58351051767405,140.77999999999997
9aa30b60-b930-47b8-8e0b-f1765d9aa681,0.58526155206495,134.77999999999997
1b83d3fb-dc9f-4b91-a66e-122e550b66c1,0.58526155206495,134.77999999999997
69eed220-e82e-476c-a1ba-43edc7fada89,0.5848101869282,135.77999999999997
59c46c57-fc2c-449b-92bf-702e4a110483,0.58526155206495,134.77999999999997
fa605377-dcbf-4f28-9a79-3e093eb3c4e3,0.5848101869282,135.77999999999997
1a66ab99-69f5-45e2-adca-1ef80280e4ef,0.5848101869282,135.77999999999997
262e2ee6-06ec-479f-8a14-e02e4301a580,0.5848101869282,135.77999999999997
3956a0e4-e52b-4e47-b806-9836fdc519d9,0.5848101869282,135.77999999999997
519cf785-864e-43c1-ba12-c24c1b97847e,0.5848101869282,135.77999999999997
6f43d0de-070e-4692-a32f-1131fb7de2cc,0.58526155206495,134.77999999999997
93094707-e82a-45ee-b4e4-130342dd772b,0.58526155206495,134.77999999999997
630a21b5-e24a-45c2-82ae-15e033485189,0.58526155206495,134.77999999999997
7359a20a-fc1b-4cce-ab80-e3a307de807a,0.5848101869282,135.77999999999997
eecdabc1-c964-4c8b-8fcd-e37966d054af,0.58526155206495,134.77999999999997
455b03d1-6133-4937-879f-59fa62517e46,0.5848101869282,135.77999999999997
5c1a4af6-2a35-4154-8cf5-02995193da03,0.58351051767405,140.77999999999997
a7115bcf-aa2f-4c36-8a52-b89199fb0254,0.58526155206495,134.77999999999997
f531f7af-5686-418d-81d4-810b4d6f4664,0.58526155206495,134.77999999999997
51fb193f-05a2-4384-a239-66ab2ac62d77,0.5848101869282,135.77999999999997
9943a422-6eab-4055-84ca-5bd4d52f7610,0.58526155206495,134.77999999999997
7c2f61bc-8fdd-4143-86af-4102d275257e,0.5848101869282,135.77999999999997
a89faaa2-7438-4522-b405-54af21965585,0.5848101869282,135.77999999999997
93d12275-1f46-4872-952a-8afafbc71ceb,0.5848101869282,135.77999999999997
aed3710e-dfef-44e7-980e-6733f4de5803,0.5848101869282,135.77999999999997
b9a84233-d1b8-4b1e-ae40-da91f3dfeb7e,0.5848101869282,135.77999999999997
d80c9e3a-2e47-468f-80dc-cad8b964627a,0.58526155206495,134.77999999999997
3380ade7-5f50-46f0-834a-b076ea655ea1,0.58526155206495,134.77999999999997
70aa383b-fad5-4d70-8c2c-58c06e80659e,0.58526155206495,134.77999999999997
1f2582d0-ce6f-4f71-b3e7-4a41b5043aff,0.5848101869282,135.77999999999997
eedbc411-99b7-48bc-9a09-d2c5d824e417,0.58526155206495,134.77999999999997
528fec0d-f2af-4d75-aa47-4e751891843a,0.5848101869282,135.77999999999997
df81aea2-60c8-49ee-a730-6c4ea8da3569,0.58351051767405,140.77999999999997
2bd71304-6cf5-48aa-a495-d0a57b4eb3a8,0.58526155206495,134.77999999999997
a9b4385d-cccc-470d-a1a1-9e29091072e1,0.58526155206495,134.77999999999997
cb063ac9-29e8-46ee-b56d-b7867b2422d2,0.5848101869282,135.77999999999997
bb084cba-d073-4ef0-a379-7ac6defe2d21,0.58526155206495,134.77999999999997
04bf4220-edcb-4e7f-a468-2600d721e211,0.5848101869282,135.77999999999997
f37509dd-38ed-4b0c-97b1-26b80bc6e783,0.5848101869282,135.77999999999997
ddc4184d-7fab-41b1-8f4e-623cfa3e9922,0.5848101869282,135.77999999999997
e05bf84a-f52d-4ba7-8586-9ec4e3c1c7df,0.5848101869282,135.77999999999997
58c4dd82-685b-47d1-b09c-b2284557cc83,0.5848101869282,135.77999999999997
2977c494-7682-44e4-8aa4-1c9bef194c28,0.58526155206495,134.77999999999997
d6cf6190-3cfe-4678-813c-11b1f6f39c45,0.58526155206495,134.77999999999997
9e7092b1-713a-4f40-b5b1-2a3af556d3eb,0.58526155206495,134.77999999999997
40928b01-5b1f-43be-824a-ebb8de79e676,0.5848101869282,135.77999999999997
e47de316-ce48-49bc-8f84-d2087db14ed7,0.58526155206495,134.77999999999997
458d36bc-ee91-42a8-ae11-732b16560914,0.5848101869282,135.77999999999997
4c687041-16fa-4a9b-93cc-215c91d7000f,0.58351051767405,140.77999999999997
1dd474da-0c4c-440a-84b7-4785cd6d1c6f,0.58526155206495,134.77999999999997
930b1355-7b18-494a-8fae-9e3800f32feb,0.58526155206495,134.77999999999997
9182de32-0703-4c42-8fb6-c456e6102495,0.5848101869282,135.77999999999997
f8c195b3-6b36-482d-b273-9c181cb16588,0.58526155206495,134.77999999999997
14f14016-148d-4172-b0ff-4fcd8065bea8,0.5848101869282,135.77999999999997
d7e4190b-10a0-4a48-bb20-aeba1fd62f1b,0.5848101869282,135.77999999999997
49e74e0b-f7e8-4008-93be-f2d53e10d356,0.5848101869282,135.77999999999997
e70984e9-9a6a-494a-b5bb-8f9e32ebf835,0.5848101869282,135.77999999999997
10f9c994-9020-413b-a225-5cf5e40e012b,0.5848101869282,135.77999999999997
63790d0f-867a-45fb-9138-1506f7d54e0c,0.58526155206495,134.77999999999997
c75ed2cc-f87a-4cf2-8571-6164f71a1961,0.58526155206495,134.77999999999997
83a02dc1-105c-4e6f-a787-146af5351ac4,0.58526155206495,134.77999999999997
58b871ce-0b31-429c-9c43-ff7fe6c14e06,0.5848101869282,135.77999999999997
8713e02e-26d9-4859-ba6d-b337b9d5699c,0.58526155206495,134.77999999999997
d2d01d81-1c25-4d7b-a697-18c4dd8104d8,0.5848101869282,135.77999999999997
10fd266f-1fb9-437a-a3a3-3713b1e5629a,0.58351051767405,140.77999999999997
91cf7ac7-e340-4494-afc1-52a79ceb8b7e,0.58526155206495,134.77999999999997
39e612b3-f31b-4195-836e-83ea3bbfb46b,0.58526155206495,134.77999999999997
73efad17-0a48-4ee2-8029-f52acd0cbd1b,0.5848101869282,135.77999999999997
8183b5c0-edfc-42f4-b30d-a17a4a91a4c3,0.58526155206495,134.77999999999997
108dc560-12e8-4676-9bb6-396381df1073,0.5848101869282,135.77999999999997
97a471b2-dc6e-4afb-8bcd-c96b4c6afc1c,0.5848101869282,135.77999999999997
db2fc9a3-a06c-4d1a-9b88-672af8204e52,0.5848101869282,135.77999999999997
e2703a3d-8148-4cc4-8748-41dae5a702ab,0.5848101869282,135.77999999999997
b3eab27f-c95e-402d-bb66-69cfc5ecfb21,0.5848101869282,135.77999999999997
c6637b31-34be-403e-a691-46af5dd5bfbc,0.58526155206495,134.77999999999997
f85605a2-6f60-44b0-a5e4-e30a672df82c,0.58526155206495,134.77999999999997
02d40e33-a6ca-4737-be27-94ed10961041,0.58526155206495,134.77999999999997
15b2bc96-adda-4ded-bf71-5258a9a41883,0.5848101869282,135.77999999999997
4d1e9da0-e8c6-4a56-813f-ed21553f7148,0.58526155206495,134.77999999999997
fe2ccd0f-7e58-4f91-a89e-b6c8738d2fd1,0.5848101869282,135.77999999999997
0f6055ce-5367-4f9d-a44d-92be72963d84,0.58351051767405,140.77999999999997
fa9ba1fc-8500-4760-ad4f-a41d7308467c,0.58526155206495,134.77999999999997
e97b080b-ab5a-4509-9507-187d6ef1ae03,0.58526155206495,134.77999999999997
c7c44e0b-990c-4167-8312-96265efcb468,0.5848101869282,135.77999999999997
61b292fc-420f-44ab-9503-838bf7940bd3,0.58526155206495,134.77999999999997
5fd2cfa5-eb3a-4402-98cb-00cf808b9f86,0.5848101869282,135.77999999999997
72f80842-b67d-446c-ac1e-3de796f62b6e,0.5848101869282,135.77999999999997
c1ac753f-7e5f-4978-9762-1b9290880b7a,0.5848101869282,135.77999999999997
bd275789-2665-449d-aef4-a4cd8f116b77,0.5848101869282,135.77999999999997
4737f972-562e-492f-aad3-a2f3d537b240,0.5848101869282,135.77999999999997
3afbf207-a305-4706-9534-53c096102328,0.58526155206495,134.77999999999997
cf48264a-7dd2-4745-a200-28d040bde7ec,0.58526155206495,134.77999999999997
fbf390f3-2e06-4827-abac-853970270e4c,0.58526155206495,134.77999999999997
9fbcfb33-9b54-4704-b8e8-b6a70b427539,0.5848101869282,135.77999999999997
a137d40e-8692-401d-83aa-ee8eada9d105,0.58526155206495,134.77999999999997
aa265861-e244-4947-a7a3-57b8811366c5,0.5848101869282,135.77999999999997
18988ea7-6bfb-4bde-97d7-47709864f224,0.58351051767405,140.77999999999997
6ba660a4-9df1-44ae-89fc-065bf3316d2a,0.58526155206495,134.77999999999997
c77f1ba7-d141-4c3e-b89e-e168562b778d,0.58526155206495,134.77999999999997
d308168d-f13c-42b6-97cf-1d784497eb12,0.5848101869282,135.77999999999997
2de78ece-c8f5-4384-8d90-31c7ac6e5c83,0.58526155206495,134.77999999999997
841e4691-cfa1-4307-a874-1d697bf7c97c,0.5848101869282,135.77999999999997
89ad1849-7637-40e0-8c35-f39e75017bb4,0.5848101869282,135.77999999999997
e15a53ee-e5c0-45a0-a324-acfb5ae3c737,0.5848101869282,135.77999999999997
4ecc3ca4-ad4e-4910-a09c-be334bdfe779,0.5848101869282,135.77999999999997
983d5265-654b-4c9e-b2e4-2f3d5680e3e4,0.5848101869282,135.77999999999997
ed18d5c5-5220-4b6d-8509-33594a294a00,0.58526155206495,134.77999999999997
1153310b-1179-41a3-a840-f25c7bfaf783,0.58526155206495,134.77999999999997
f4201a94-7e77-4004-897c-85c32ca89f5e,0.58526155206495,134.77999999999997
d94c3273-4233-44bb-97f7-42260804b658,0.5848101869282,135.77999999999997
704c7fa2-996f-4864-bf77-78672d55f4a5,0.58526155206495,134.77999999999997
326f1b58-fc2b-4ff4-be45-a1f783e4dd8a,0.5848101869282,135.77999999999997
f99e19a7-d785-441a-a789-09428b024ff7,0.586988953,139.77999999999997
4c0fc664-aaaf-49b8-8cf8-e77c7309ce7d,0.58526155206495,134.77999999999997
ade74ec4-8247-41f1-8da0-1c38e8eb6df8,0.58526155206495,134.77999999999997
2c223ff3-42b5-46e4-87a8-4b884f64bdce,0.5848101869282,135.77999999999997
186f1833-63e5-4e85-9f7f-721ccc693526,0.58526155206495,134.77999999999997
abd3298a-3efe-4069-88d4-497ee4197604,0.5848101869282,135.77999999999997
99cd4974-40a4-4412-a951-2ad217ed4e5c,0.5848101869282,135.77999999999997
3dd94c51-027e-4f91-8ea3-ed47c70ce2cb,0.5848101869282,135.77999999999997
5557cc0b-f513-484c-b102-bcb166679b53,0.5848101869282,135.77999999999997
4bbe5478-679a-457a-b45e-e7b0b7ab7fe4,0.5848101869282,135.77999999999997
4bca238e-b1b6-4448-8491-8abbd975e59a,0.58526155206495,134.77999999999997
3cf88bf1-c93f-427e-a5bb-2570ddf56efa,0.58526155206495,134.77999999999997
fded3750-a2a0-497f-90e1-0664113ec437,0.58526155206495,134.77999999999997
f05542a3-6bc7-494e-bbfd-7f3363fa21f3,0.5848101869282,135.77999999999997
55668c7a-3708-4c15-a21f-d96010edf896,0.58526155206495,134.77999999999997
49cfa2af-5732-41e0-af03-016bd4ca4e72,0.5848101869282,135.77999999999997
23f7db9a-da23-41ca-aedf-af7778bab571,0.58351051767405,140.77999999999997
e1eb723e-2537-488a-8777-db185cc285e4,0.58526155206495,134.77999999999997
ca1a656e-cae8-455f-9307-1ab10958274c,0.58526155206495,134.77999999999997
23df7d36-3d7a-4ead-8f25-68cb05229939,0.5848101869282,135.77999999999997
132e6f05-dc5a-48e7-9016-2c8aab45e157,0.58526155206495,134.77999999999997
a93802bc-50b1-4465-9531-d7d8cf9b5d94,0.5848101869282,135.77999999999997
97dc1ac5-27b4-421b-8aa6-3b1f09255e83,0.5848101869282,135.77999999999997
005e0ede-f557-4811-b5e8-2137b680f00b,0.5848101869282,135.77999999999997
a29f7631-548b-4d46-9912-f85f994f5f41,0.5848101869282,135.77999999999997
e02c8aaf-edb9-4b2f-b032-565c62c572f5,0.5848101869282,135.77999999999997
b3dd825d-b44c-403b-8073-414d0e570184,0.58526155206495,134.77999999999997
21f1ea81-c79b-4101-ac66-733a9246da51,0.58526155206495,134.77999999999997
5a67dc6e-72ba-4bb3-8e79-2216d5bc4948,0.58526155206495,134.77999999999997
49a3bbea-b1b3-4184-8706-7d1565e0c494,0.5848101869282,135.77999999999997
c5a200a8-facc-406c-bcac-85f55d271ffd,0.58526155206495,134.77999999999997
ca305b5e-35e8-4df5-bf5a-88e69ad21908,0.5848101869282,135.77999999999997
07cbe431-3940-40f6-bd02-7f5cf49cd943,0.586988953,139.77999999999997
6e732385-02bc-4530-9917-dc7e322750f6,0.58526155206495,134.77999999999997
d0e18727-fb1a-471a-9ec4-16e2221b1bad,0.58526155206495,134.77999999999997
49c6d3c1-e3b1-4028-9325-506c6e145e8d,0.5848101869282,135.77999999999997
dbdd21e3-d4da-46e8-b74b-9383f9b8556b,0.58526155206495,134.77999999999997
c51c9fbe-f421-4193-a056-c33793bf3615,0.5848101869282,135.77999999999997
0d8995a0-171f-499a-aacd-707470b67cef,0.5848101869282,135.77999999999997
74544f58-6974-4a10-a013-a7f736430503,0.5848101869282,135.77999999999997
2271723d-2d48-43a2-ab32-028427b09a64,0.5848101869282,135.77999999999997
07a0d2b7-17e0-461d-8e89-e19f84fb87ee,0.5848101869282,135.77999999999997
2b31f8ae-2d0a-4693-bf77-b9aa7b368cfd,0.58526155206495,134.77999999999997
c7d9eff9-a5d8-4b2c-94f5-f9803100d714,0.58526155206495,134.77999999999997
f4b20123-8f65-4cca-bad0-fa279f6f7fed,0.58526155206495,134.77999999999997
f95b516f-80d2-4dea-a802-f2da53abf9a6,0.5848101869282,135.77999999999997
363ab09c-93db-49bc-8638-b483620a7102,0.58526155206495,134.77999999999997
ffd4e567-756f-481e-88b1-8a48bf2a495d,0.5848101869282,135.77999999999997
730e1a09-c044-466c-b98f-d5c3e6ed29cc,0.586988953,139.77999999999997
e98ef2ed-73e0-4dd1-b200-90abc548e631,0.58526155206495,134.77999999999997
d82ffe47-0828-4479-b032-c569517a6991,0.58526155206495,134.77999999999997
819f43d6-405b-4c5b-ab68-e89f351c30f8,0.5848101869282,135.77999999999997
87ad0f8b-5358-46da-b1ef-adb6fe960cad,0.58526155206495,134.77999999999997
717488ef-95c5-4240-9a32-b8e3dd200ba6,0.5848101869282,135.77999999999997
59349583-2050-4907-ad90-a190664f1600,0.5848101869282,135.77999999999997
3516497c-19a8-4234-90e5-546ba3377f64,0.5848101869282,135.77999999999997
ce2fb565-c649-4676-985f-4c0a9cb91968,0.5848101869282,135.77999999999997
5917380d-6bfd-40f3-804a-03e3d8f255bb,0.5848101869282,135.77999999999997
c7584216-29f8-4914-97b3-9eb5105a3925,0.58526155206495,134.77999999999997
1497c6cb-af61-42ef-b669-68935e36b26d,0.58526155206495,134.77999999999997
4c07a9a9-2c7a-46b3-b1a5-8e1e3202d34f,0.58526155206495,134.77999999999997
fba61027-35f0-4df1-a62d-0a35bbe46d39,0.5848101869282,135.77999999999997
23dcf5f1-a93c-4db0-812f-f21dc67a67df,0.58526155206495,134.77999999999997
185806e6-aa20-43bd-8d90-ed41a72a9db9,0.5848101869282,135.77999999999997
fc0af650-ec69-4a4f-8b34-3efdc1a5152f,0.58351051767405,140.77999999999997
c71c73a6-a3a4-4ef3-9c02-8704f957601c,0.58526155206495,134.77999999999997
aa300432-6000-43e3-a65a-35abce4f6150,0.58526155206495,134.77999999999997
96f9f93b-5f12-419d-9e16-0c5dffa2e67c,0.5848101869282,135.77999999999997
891724eb-7dba-4baf-bace-2d103070c096,0.58526155206495,134.77999999999997
84cbd413-fbaf-478b-87b2-df3636acc174,0.5848101869282,135.77999999999997
b7d11227-ae3a-485e-a3ec-33cb294c788a,0.5848101869282,135.77999999999997
dc08b2f7-4f7d-4044-8857-9b029e84af1b,0.5848101869282,135.77999999999997
b712211a-ec71-4252-8a68-f3e7c0f1f0bc,0.5848101869282,135.77999999999997
d92ce5cb-35cb-4606-842c-7d13b3d5f255,0.5848101869282,135.77999999999997
a56b4cc1-d00b-43e4-8573-806190efe0ac,0.58526155206495,134.77999999999997
430fc63f-c4f6-456d-9bbc-64ede625576a,0.58526155206495,134.77999999999997
de039309-51b8-41ea-81e0-a11ad0a8fe25,0.58526155206495,134.77999999999997
68438177-293c-4e06-9153-e47d00a09bb2,0.5848101869282,135.77999999999997
6a987383-0938-4b8c-8070-4e9f675a3cc8,0.58526155206495,134.77999999999997
3d88229e-519a-479c-86ae-15ffac38c389,0.5848101869282,135.77999999999997
8da733b1-eb6e-48d8-8f0e-2f8c4b0b9b19,0.58351051767405,140.77999999999997
5ee7e5c5-3f5e-443d-a4df-c44be199c05d,0.58526155206495,134.77999999999997
08db5383-36ab-456b-958f-e16b022ae54f,0.58526155206495,134.77999999999997
acad6d0a-8fc6-4b94-bc50-fc3642f78365,0.5848101869282,135.77999999999997
695146cc-f23e-4d76-a7b8-3381d13f8213,0.58526155206495,134.77999999999997
c86e90c8-2fd9-4bdf-b536-0744f59155bb,0.5848101869282,135.77999999999997
7266551b-681e-4be0-99b9-7e55db82f714,0.5848101869282,135.77999999999997
41c53c3d-d680-4dae-b0ec-302047ecff4f,0.5848101869282,135.77999999999997
173f4a87-9a4b-4131-854c-7b3e52d077b7,0.5848101869282,135.77999999999997
f94e8d6d-d167-46c4-87c9-09aa2043795d,0.5848101869282,135.77999999999997
59666fec-d000-4ebe-9984-240532a563f4,0.58526155206495,134.77999999999997
12ecf062-335b-4857-9793-dd517bc381f6,0.58526155206495,134.77999999999997
1447af5a-5694-49ca-a4f2-89d8ffc7c314,0.58526155206495,134.77999999999997
883ba0ef-44b4-450f-aa12-e7a8ce320b5f,0.5848101869282,135.77999999999997
a0d49528-6634-49e7-b5f6-44c4fd420f9d,0.58526155206495,134.77999999999997
9fe90360-ffbd-44dc-a8ee-47d7ed30e0e8,0.5848101869282,135.77999999999997
ca39e409-5a7a-4b4e-9b66-586224ae63b4,0.586988953,139.77999999999997
78f21005-8f31-4e5d-9237-2a9020388e19,0.58526155206495,134.77999999999997
ff6edbfc-d72f-45f3-93ec-6c0b93301f48,0.58526155206495,134.77999999999997
0283bd12-55e4-4bd4-8069-23478283220b,0.5848101869282,135.77999999999997
c9da2c89-4a81-4a57-9512-36de1e87cfb2,0.58526155206495,134.77999999999997
31719e16-d269-4296-8d20-ef07018e81e9,0.5848101869282,135.77999999999997
8fa09ff2-ec97-4d97-8035-e30c174a792f,0.5848101869282,135.77999999999997
0a55a02c-6264-4993-8912-9b5dd4bf33da,0.5848101869282,135.77999999999997
06e74855-02fb-4b5a-abe8-c1b62d3143c5,0.5848101869282,135.77999999999997
7ec00c8d-f367-431f-9912-3ccebf3171c1,0.5848101869282,135.77999999999997
3b7553a9-f553-4ff5-895c-9813e90f3187,0.58526155206495,134.77999999999997
a1e4c91d-59d3-4f8a-ba3d-e45a581a2b73,0.58526155206495,134.77999999999997
123c852c-a5be-4584-991a-d39cca6ad919,0.58526155206495,134.77999999999997
1337dbb3-8d31-4724-b5cd-c695fc3f9084,0.5848101869282,135.77999999999997
bb3b193f-68bf-417c-9caa-63f7670dc80e,0.58526155206495,134.77999999999997
ad392c66-b6bc-4a00-a03b-b7c20d5ecb0a,0.5848101869282,135.77999999999997
afad1789-2cc4-49b8-bf0a-64c621bc39d8,0.586988953,139.77999999999997
fda24378-eaf6-4bba-ba32-22512109b371,0.58526155206495,134.77999999999997
5b657a7e-a9af-42dd-aeb8-c4344fa5325e,0.58526155206495,134.77999999999997
57fdf65e-d05c-4859-bdbe-60837ed18abe,0.5848101869282,135.77999999999997
63fedea2-daa5-4418-ab33-ce08ad3376f0,0.58526155206495,134.77999999999997
9d551a8f-19ed-4d01-9f7d-5d06933a5d4f,0.5848101869282,135.77999999999997
8320a94c-2a2f-40d6-aa8d-0bfb8716ee4a,0.5848101869282,135.77999999999997
7f4c81c5-5235-4540-bbdf-b596b8490d72,0.5848101869282,135.77999999999997
903ba91a-83f7-4b65-a4b6-ee11cff5ba8a,0.5848101869282,135.77999999999997
6b3e4409-96c6-4afc-bc25-d0707aa872d0,0.5848101869282,135.77999999999997
aa87d0f5-7223-4fcd-9316-4ffe5670bb18,0.58526155206495,134.77999999999997
13b73f0c-bd1d-4bbe-b4f7-21cb7bb38856,0.58526155206495,134.77999999999997
2cf472de-f5e3-4b29-9413-0bf5bbac0e6a,0.58526155206495,134.77999999999997
e1e3abad-8418-486b-8fa8-b78bd4dbe940,0.5848101869282,135.77999999999997
