best_fitness_value_untill_current_iteration,configuration_point_1,configuration_point_2,configuration_point_3,configuration_point_4,configuration_point_5,configuration_point_6,configuration_point_7,configuration_point_8,configuration_point_9,configuration_point_10,configuration_point_11,configuration_point_12,configuration_point_13,configuration_point_14,configuration_point_15,configuration_point_16,configuration_point_17,configuration_point_18,configuration_point_19,configuration_point_20,configuration_point_21,configuration_point_22,configuration_point_23,configuration_point_24,configuration_point_25,configuration_point_26,configuration_point_27,configuration_point_28,configuration_point_29,configuration_point_30,configuration_point_31,configuration_point_32,configuration_point_33,configuration_point_34,configuration_point_35,configuration_point_36,configuration_point_37,configuration_point_38,configuration_point_39,configuration_point_40,configuration_point_41,configuration_point_42,configuration_point_43,configuration_point_44,configuration_point_45,configuration_point_46,configuration_point_47,configuration_point_48,configuration_point_49
0.6270842157928765,0.22618002297629203,0.6982197170409699,0.170486513542498,0.11870195934969507,0.35831924479589816,0.8414474627933715,0.2235295362286559,0.22677038188971632,0.1856264979845098,0.8399029465098882,0.4207782818036452,0.23317778947975798,0.5864569289579629,0.38397777501573926,0.10574184591162272,0.9278991044255493,0.9785401708491679,0.9154809107749483,0.4734230200865338,0.34776563175483366,0.36319795963790336,0.27717691125267274,0.0008253299465191821,0.21205095590573075,0.39191536600821697,0.46516131279027584,0.004453761715054738,0.16934316566219243,0.9063462675285348,0.1041119676125819,0.10835801442917092,0.4572418265546586,0.08629643304347212,0.11711960253062503,0.6787433179692984,0.5878936648631307,0.6555651275144806,0.013812542592312571,0.26229831847300844,0.28699499472006906,0.040202640407980494,0.012835418181879832,0.6690017636889283,0.9777255883765096,0.1690195381320414,0.607301101187892,0.8232411475389233,0.5789988696416467,0.7494954937222137
0.6270842157928765,0.22618002297629203,0.6982197170409699,0.170486513542498,0.11870195934969507,0.35831924479589816,0.8414474627933715,0.2235295362286559,0.22677038188971632,0.1856264979845098,0.8399029465098882,0.4207782818036452,0.23317778947975798,0.5864569289579629,0.38397777501573926,0.10574184591162272,0.9278991044255493,0.9785401708491679,0.9154809107749483,0.4734230200865338,0.34776563175483366,0.36319795963790336,0.27717691125267274,0.0008253299465191821,0.21205095590573075,0.39191536600821697,0.46516131279027584,0.004453761715054738,0.16934316566219243,0.9063462675285348,0.1041119676125819,0.10835801442917092,0.4572418265546586,0.08629643304347212,0.11711960253062503,0.6787433179692984,0.5878936648631307,0.6555651275144806,0.013812542592312571,0.26229831847300844,0.28699499472006906,0.040202640407980494,0.012835418181879832,0.6690017636889283,0.9777255883765096,0.1690195381320414,0.607301101187892,0.8232411475389233,0.5789988696416467,0.7494954937222137
0.6270842157928765,0.22618002297629203,0.6982197170409699,0.170486513542498,0.11870195934969507,0.35831924479589816,0.8414474627933715,0.2235295362286559,0.22677038188971632,0.1856264979845098,0.8399029465098882,0.4207782818036452,0.23317778947975798,0.5864569289579629,0.38397777501573926,0.10574184591162272,0.9278991044255493,0.9785401708491679,0.9154809107749483,0.4734230200865338,0.34776563175483366,0.36319795963790336,0.27717691125267274,0.0008253299465191821,0.21205095590573075,0.39191536600821697,0.46516131279027584,0.004453761715054738,0.16934316566219243,0.9063462675285348,0.1041119676125819,0.10835801442917092,0.4572418265546586,0.08629643304347212,0.11711960253062503,0.6787433179692984,0.5878936648631307,0.6555651275144806,0.013812542592312571,0.26229831847300844,0.28699499472006906,0.040202640407980494,0.012835418181879832,0.6690017636889283,0.9777255883765096,0.1690195381320414,0.607301101187892,0.8232411475389233,0.5789988696416467,0.7494954937222137
0.6270842157928765,0.22618002297629203,0.6982197170409699,0.170486513542498,0.11870195934969507,0.35831924479589816,0.8414474627933715,0.2235295362286559,0.22677038188971632,0.1856264979845098,0.8399029465098882,0.4207782818036452,0.23317778947975798,0.5864569289579629,0.38397777501573926,0.10574184591162272,0.9278991044255493,0.9785401708491679,0.9154809107749483,0.4734230200865338,0.34776563175483366,0.36319795963790336,0.27717691125267274,0.0008253299465191821,0.21205095590573075,0.39191536600821697,0.46516131279027584,0.004453761715054738,0.16934316566219243,0.9063462675285348,0.1041119676125819,0.10835801442917092,0.4572418265546586,0.08629643304347212,0.11711960253062503,0.6787433179692984,0.5878936648631307,0.6555651275144806,0.013812542592312571,0.26229831847300844,0.28699499472006906,0.040202640407980494,0.012835418181879832,0.6690017636889283,0.9777255883765096,0.1690195381320414,0.607301101187892,0.8232411475389233,0.5789988696416467,0.7494954937222137
0.6242110674559782,0.9996076193080295,0.36443786256469946,0.2589962047668165,0.054159029194178365,0.12116099695554616,0.2875127015614162,0.09694695696930933,0.16220508028139424,0.3899467919325684,0.3312070961081671,0.367709070137094,0.05595098887148153,0.36548059534129695,0.4756039749716625,0.7397607214704498,0.3029627741583508,0.4081662760813962,0.10306438170585874,0.3467824884326064,0.056638346025106645,0.28825858969970364,0.8090202451826427,0.7663170472715108,0.38321729033295304,0.14173572274249124,0.7715091164954053,0.518197014551956,0.37867220881062935,0.24623428682654547,0.6350737609212058,0.2718426234243161,0.3902469096580009,0.45097763308633587,0.30262284132986395,0.04408690982727059,0.29297929866713734,0.8094480089120326,0.08687021497039482,0.19390765857913228,0.8441467781316147,0.08399531456959108,0.04254131685235263,0.8216674307258096,0.227365513046611,0.9612059618615082,0.8121620492283774,0.5175144883679929,0.7428143910635189,0.26641781004462983
0.6242110674559782,0.9996076193080295,0.36443786256469946,0.2589962047668165,0.054159029194178365,0.12116099695554616,0.2875127015614162,0.09694695696930933,0.16220508028139424,0.3899467919325684,0.3312070961081671,0.367709070137094,0.05595098887148153,0.36548059534129695,0.4756039749716625,0.7397607214704498,0.3029627741583508,0.4081662760813962,0.10306438170585874,0.3467824884326064,0.056638346025106645,0.28825858969970364,0.8090202451826427,0.7663170472715108,0.38321729033295304,0.14173572274249124,0.7715091164954053,0.518197014551956,0.37867220881062935,0.24623428682654547,0.6350737609212058,0.2718426234243161,0.3902469096580009,0.45097763308633587,0.30262284132986395,0.04408690982727059,0.29297929866713734,0.8094480089120326,0.08687021497039482,0.19390765857913228,0.8441467781316147,0.08399531456959108,0.04254131685235263,0.8216674307258096,0.227365513046611,0.9612059618615082,0.8121620492283774,0.5175144883679929,0.7428143910635189,0.26641781004462983
0.6242110674559782,0.9996076193080295,0.36443786256469946,0.2589962047668165,0.054159029194178365,0.12116099695554616,0.2875127015614162,0.09694695696930933,0.16220508028139424,0.3899467919325684,0.3312070961081671,0.367709070137094,0.05595098887148153,0.36548059534129695,0.4756039749716625,0.7397607214704498,0.3029627741583508,0.4081662760813962,0.10306438170585874,0.3467824884326064,0.056638346025106645,0.28825858969970364,0.8090202451826427,0.7663170472715108,0.38321729033295304,0.14173572274249124,0.7715091164954053,0.518197014551956,0.37867220881062935,0.24623428682654547,0.6350737609212058,0.2718426234243161,0.3902469096580009,0.45097763308633587,0.30262284132986395,0.04408690982727059,0.29297929866713734,0.8094480089120326,0.08687021497039482,0.19390765857913228,0.8441467781316147,0.08399531456959108,0.04254131685235263,0.8216674307258096,0.227365513046611,0.9612059618615082,0.8121620492283774,0.5175144883679929,0.7428143910635189,0.26641781004462983
0.6121221646163426,0.22618002297629203,0.6982197170409699,0.170486513542498,0.11870195934969507,0.35831924479589816,0.8414474627933715,0.2235295362286559,0.9043667412032569,0.1856264979845098,0.6589650093260041,0.1049293094678091,0.23317778947975798,0.5864569289579629,0.14193541673614274,0.10574184591162272,0.15604520714110637,0.2068330317484821,0.2358737913817618,0.7024244299752163,0.34776563175483366,0.5731563423598595,0.7800744990568118,0.0008253299465191821,0.13774486172029754,0.857266479805582,0.46516131279027584,0.004453761715054738,0.2906732173143176,0.9063462675285348,0.08084500771838732,0.10835801442917092,0.12333804048357322,0.08629643304347212,0.11711960253062503,0.6787433179692984,0.35667211559621403,0.6698096336527668,0.013812542592312571,0.26229831847300844,0.28699499472006906,0.040202640407980494,0.49351543336926407,0.36301274250464044,0.9777255883765096,0.1690195381320414,0.4375193211369415,0.8232411475389233,0.5789988696416467,0.7375061891315593
0.6121221646163426,0.22618002297629203,0.6982197170409699,0.170486513542498,0.11870195934969507,0.35831924479589816,0.8414474627933715,0.2235295362286559,0.9043667412032569,0.1856264979845098,0.6589650093260041,0.1049293094678091,0.23317778947975798,0.5864569289579629,0.14193541673614274,0.10574184591162272,0.15604520714110637,0.2068330317484821,0.2358737913817618,0.7024244299752163,0.34776563175483366,0.5731563423598595,0.7800744990568118,0.0008253299465191821,0.13774486172029754,0.857266479805582,0.46516131279027584,0.004453761715054738,0.2906732173143176,0.9063462675285348,0.08084500771838732,0.10835801442917092,0.12333804048357322,0.08629643304347212,0.11711960253062503,0.6787433179692984,0.35667211559621403,0.6698096336527668,0.013812542592312571,0.26229831847300844,0.28699499472006906,0.040202640407980494,0.49351543336926407,0.36301274250464044,0.9777255883765096,0.1690195381320414,0.4375193211369415,0.8232411475389233,0.5789988696416467,0.7375061891315593
0.6121221646163426,0.22618002297629203,0.6982197170409699,0.170486513542498,0.11870195934969507,0.35831924479589816,0.8414474627933715,0.2235295362286559,0.9043667412032569,0.1856264979845098,0.6589650093260041,0.1049293094678091,0.23317778947975798,0.5864569289579629,0.14193541673614274,0.10574184591162272,0.15604520714110637,0.2068330317484821,0.2358737913817618,0.7024244299752163,0.34776563175483366,0.5731563423598595,0.7800744990568118,0.0008253299465191821,0.13774486172029754,0.857266479805582,0.46516131279027584,0.004453761715054738,0.2906732173143176,0.9063462675285348,0.08084500771838732,0.10835801442917092,0.12333804048357322,0.08629643304347212,0.11711960253062503,0.6787433179692984,0.35667211559621403,0.6698096336527668,0.013812542592312571,0.26229831847300844,0.28699499472006906,0.040202640407980494,0.49351543336926407,0.36301274250464044,0.9777255883765096,0.1690195381320414,0.4375193211369415,0.8232411475389233,0.5789988696416467,0.7375061891315593
0.6121221646163426,0.22618002297629203,0.6982197170409699,0.170486513542498,0.11870195934969507,0.35831924479589816,0.8414474627933715,0.2235295362286559,0.9043667412032569,0.1856264979845098,0.6589650093260041,0.1049293094678091,0.23317778947975798,0.5864569289579629,0.14193541673614274,0.10574184591162272,0.15604520714110637,0.2068330317484821,0.2358737913817618,0.7024244299752163,0.34776563175483366,0.5731563423598595,0.7800744990568118,0.0008253299465191821,0.13774486172029754,0.857266479805582,0.46516131279027584,0.004453761715054738,0.2906732173143176,0.9063462675285348,0.08084500771838732,0.10835801442917092,0.12333804048357322,0.08629643304347212,0.11711960253062503,0.6787433179692984,0.35667211559621403,0.6698096336527668,0.013812542592312571,0.26229831847300844,0.28699499472006906,0.040202640407980494,0.49351543336926407,0.36301274250464044,0.9777255883765096,0.1690195381320414,0.4375193211369415,0.8232411475389233,0.5789988696416467,0.7375061891315593
0.6121221646163426,0.22618002297629203,0.6982197170409699,0.170486513542498,0.11870195934969507,0.35831924479589816,0.8414474627933715,0.2235295362286559,0.9043667412032569,0.1856264979845098,0.6589650093260041,0.1049293094678091,0.23317778947975798,0.5864569289579629,0.14193541673614274,0.10574184591162272,0.15604520714110637,0.2068330317484821,0.2358737913817618,0.7024244299752163,0.34776563175483366,0.5731563423598595,0.7800744990568118,0.0008253299465191821,0.13774486172029754,0.857266479805582,0.46516131279027584,0.004453761715054738,0.2906732173143176,0.9063462675285348,0.08084500771838732,0.10835801442917092,0.12333804048357322,0.08629643304347212,0.11711960253062503,0.6787433179692984,0.35667211559621403,0.6698096336527668,0.013812542592312571,0.26229831847300844,0.28699499472006906,0.040202640407980494,0.49351543336926407,0.36301274250464044,0.9777255883765096,0.1690195381320414,0.4375193211369415,0.8232411475389233,0.5789988696416467,0.7375061891315593
0.6121221646163426,0.22618002297629203,0.6982197170409699,0.170486513542498,0.11870195934969507,0.35831924479589816,0.8414474627933715,0.2235295362286559,0.9043667412032569,0.1856264979845098,0.6589650093260041,0.1049293094678091,0.23317778947975798,0.5864569289579629,0.14193541673614274,0.10574184591162272,0.15604520714110637,0.2068330317484821,0.2358737913817618,0.7024244299752163,0.34776563175483366,0.5731563423598595,0.7800744990568118,0.0008253299465191821,0.13774486172029754,0.857266479805582,0.46516131279027584,0.004453761715054738,0.2906732173143176,0.9063462675285348,0.08084500771838732,0.10835801442917092,0.12333804048357322,0.08629643304347212,0.11711960253062503,0.6787433179692984,0.35667211559621403,0.6698096336527668,0.013812542592312571,0.26229831847300844,0.28699499472006906,0.040202640407980494,0.49351543336926407,0.36301274250464044,0.9777255883765096,0.1690195381320414,0.4375193211369415,0.8232411475389233,0.5789988696416467,0.7375061891315593
0.6111901442281066,0.17429468947861626,0.4010887211582751,0.3043119164493373,0.38188492116189887,0.36871909928318125,0.48925698948296925,0.3587249281666878,0.29400849577136934,0.5878493435800706,0.5258982894504485,0.03844017994994853,0.5163075767184188,0.13407173720639698,0.04339969050860959,0.9624865205159272,0.2684270889470439,0.121374949399781,0.7174680254323472,0.15423710238642008,0.5793580408008153,0.2708563778411589,0.06972520145896033,0.48548351730729944,0.2602698092853928,0.6020332588293159,0.7045086576727283,0.714212645334769,0.07015974323059715,0.041369368007163065,0.4382250918015286,0.6603777064252101,0.10459102502287132,0.7006491100972531,0.4208986816493393,0.6869321246558261,0.34644314500425977,0.5713243088334149,0.11840567312565853,0.5754236224556518,0.4373728305461967,0.21296700882654784,0.007525046367590105,0.8825132970140755,0.24387084939413506,0.26825710588031404,0.685572293269309,0.2648050985994236,0.8243102997608868,0.8364635576936553
0.6111901442281066,0.17429468947861626,0.4010887211582751,0.3043119164493373,0.38188492116189887,0.36871909928318125,0.48925698948296925,0.3587249281666878,0.29400849577136934,0.5878493435800706,0.5258982894504485,0.03844017994994853,0.5163075767184188,0.13407173720639698,0.04339969050860959,0.9624865205159272,0.2684270889470439,0.121374949399781,0.7174680254323472,0.15423710238642008,0.5793580408008153,0.2708563778411589,0.06972520145896033,0.48548351730729944,0.2602698092853928,0.6020332588293159,0.7045086576727283,0.714212645334769,0.07015974323059715,0.041369368007163065,0.4382250918015286,0.6603777064252101,0.10459102502287132,0.7006491100972531,0.4208986816493393,0.6869321246558261,0.34644314500425977,0.5713243088334149,0.11840567312565853,0.5754236224556518,0.4373728305461967,0.21296700882654784,0.007525046367590105,0.8825132970140755,0.24387084939413506,0.26825710588031404,0.685572293269309,0.2648050985994236,0.8243102997608868,0.8364635576936553
0.6111901442281066,0.17429468947861626,0.4010887211582751,0.3043119164493373,0.38188492116189887,0.36871909928318125,0.48925698948296925,0.3587249281666878,0.29400849577136934,0.5878493435800706,0.5258982894504485,0.03844017994994853,0.5163075767184188,0.13407173720639698,0.04339969050860959,0.9624865205159272,0.2684270889470439,0.121374949399781,0.7174680254323472,0.15423710238642008,0.5793580408008153,0.2708563778411589,0.06972520145896033,0.48548351730729944,0.2602698092853928,0.6020332588293159,0.7045086576727283,0.714212645334769,0.07015974323059715,0.041369368007163065,0.4382250918015286,0.6603777064252101,0.10459102502287132,0.7006491100972531,0.4208986816493393,0.6869321246558261,0.34644314500425977,0.5713243088334149,0.11840567312565853,0.5754236224556518,0.4373728305461967,0.21296700882654784,0.007525046367590105,0.8825132970140755,0.24387084939413506,0.26825710588031404,0.685572293269309,0.2648050985994236,0.8243102997608868,0.8364635576936553
0.6111901442281066,0.17429468947861626,0.4010887211582751,0.3043119164493373,0.38188492116189887,0.36871909928318125,0.48925698948296925,0.3587249281666878,0.29400849577136934,0.5878493435800706,0.5258982894504485,0.03844017994994853,0.5163075767184188,0.13407173720639698,0.04339969050860959,0.9624865205159272,0.2684270889470439,0.121374949399781,0.7174680254323472,0.15423710238642008,0.5793580408008153,0.2708563778411589,0.06972520145896033,0.48548351730729944,0.2602698092853928,0.6020332588293159,0.7045086576727283,0.714212645334769,0.07015974323059715,0.041369368007163065,0.4382250918015286,0.6603777064252101,0.10459102502287132,0.7006491100972531,0.4208986816493393,0.6869321246558261,0.34644314500425977,0.5713243088334149,0.11840567312565853,0.5754236224556518,0.4373728305461967,0.21296700882654784,0.007525046367590105,0.8825132970140755,0.24387084939413506,0.26825710588031404,0.685572293269309,0.2648050985994236,0.8243102997608868,0.8364635576936553
0.6111901442281066,0.17429468947861626,0.4010887211582751,0.3043119164493373,0.38188492116189887,0.36871909928318125,0.48925698948296925,0.3587249281666878,0.29400849577136934,0.5878493435800706,0.5258982894504485,0.03844017994994853,0.5163075767184188,0.13407173720639698,0.04339969050860959,0.9624865205159272,0.2684270889470439,0.121374949399781,0.7174680254323472,0.15423710238642008,0.5793580408008153,0.2708563778411589,0.06972520145896033,0.48548351730729944,0.2602698092853928,0.6020332588293159,0.7045086576727283,0.714212645334769,0.07015974323059715,0.041369368007163065,0.4382250918015286,0.6603777064252101,0.10459102502287132,0.7006491100972531,0.4208986816493393,0.6869321246558261,0.34644314500425977,0.5713243088334149,0.11840567312565853,0.5754236224556518,0.4373728305461967,0.21296700882654784,0.007525046367590105,0.8825132970140755,0.24387084939413506,0.26825710588031404,0.685572293269309,0.2648050985994236,0.8243102997608868,0.8364635576936553
0.6111901442281066,0.17429468947861626,0.4010887211582751,0.3043119164493373,0.38188492116189887,0.36871909928318125,0.48925698948296925,0.3587249281666878,0.29400849577136934,0.5878493435800706,0.5258982894504485,0.03844017994994853,0.5163075767184188,0.13407173720639698,0.04339969050860959,0.9624865205159272,0.2684270889470439,0.121374949399781,0.7174680254323472,0.15423710238642008,0.5793580408008153,0.2708563778411589,0.06972520145896033,0.48548351730729944,0.2602698092853928,0.6020332588293159,0.7045086576727283,0.714212645334769,0.07015974323059715,0.041369368007163065,0.4382250918015286,0.6603777064252101,0.10459102502287132,0.7006491100972531,0.4208986816493393,0.6869321246558261,0.34644314500425977,0.5713243088334149,0.11840567312565853,0.5754236224556518,0.4373728305461967,0.21296700882654784,0.007525046367590105,0.8825132970140755,0.24387084939413506,0.26825710588031404,0.685572293269309,0.2648050985994236,0.8243102997608868,0.8364635576936553
0.6111901442281066,0.17429468947861626,0.4010887211582751,0.3043119164493373,0.38188492116189887,0.36871909928318125,0.48925698948296925,0.3587249281666878,0.29400849577136934,0.5878493435800706,0.5258982894504485,0.03844017994994853,0.5163075767184188,0.13407173720639698,0.04339969050860959,0.9624865205159272,0.2684270889470439,0.121374949399781,0.7174680254323472,0.15423710238642008,0.5793580408008153,0.2708563778411589,0.06972520145896033,0.48548351730729944,0.2602698092853928,0.6020332588293159,0.7045086576727283,0.714212645334769,0.07015974323059715,0.041369368007163065,0.4382250918015286,0.6603777064252101,0.10459102502287132,0.7006491100972531,0.4208986816493393,0.6869321246558261,0.34644314500425977,0.5713243088334149,0.11840567312565853,0.5754236224556518,0.4373728305461967,0.21296700882654784,0.007525046367590105,0.8825132970140755,0.24387084939413506,0.26825710588031404,0.685572293269309,0.2648050985994236,0.8243102997608868,0.8364635576936553
0.6111901442281066,0.17429468947861626,0.4010887211582751,0.3043119164493373,0.38188492116189887,0.36871909928318125,0.48925698948296925,0.3587249281666878,0.29400849577136934,0.5878493435800706,0.5258982894504485,0.03844017994994853,0.5163075767184188,0.13407173720639698,0.04339969050860959,0.9624865205159272,0.2684270889470439,0.121374949399781,0.7174680254323472,0.15423710238642008,0.5793580408008153,0.2708563778411589,0.06972520145896033,0.48548351730729944,0.2602698092853928,0.6020332588293159,0.7045086576727283,0.714212645334769,0.07015974323059715,0.041369368007163065,0.4382250918015286,0.6603777064252101,0.10459102502287132,0.7006491100972531,0.4208986816493393,0.6869321246558261,0.34644314500425977,0.5713243088334149,0.11840567312565853,0.5754236224556518,0.4373728305461967,0.21296700882654784,0.007525046367590105,0.8825132970140755,0.24387084939413506,0.26825710588031404,0.685572293269309,0.2648050985994236,0.8243102997608868,0.8364635576936553
0.6111901442281066,0.17429468947861626,0.4010887211582751,0.3043119164493373,0.38188492116189887,0.36871909928318125,0.48925698948296925,0.3587249281666878,0.29400849577136934,0.5878493435800706,0.5258982894504485,0.03844017994994853,0.5163075767184188,0.13407173720639698,0.04339969050860959,0.9624865205159272,0.2684270889470439,0.121374949399781,0.7174680254323472,0.15423710238642008,0.5793580408008153,0.2708563778411589,0.06972520145896033,0.48548351730729944,0.2602698092853928,0.6020332588293159,0.7045086576727283,0.714212645334769,0.07015974323059715,0.041369368007163065,0.4382250918015286,0.6603777064252101,0.10459102502287132,0.7006491100972531,0.4208986816493393,0.6869321246558261,0.34644314500425977,0.5713243088334149,0.11840567312565853,0.5754236224556518,0.4373728305461967,0.21296700882654784,0.007525046367590105,0.8825132970140755,0.24387084939413506,0.26825710588031404,0.685572293269309,0.2648050985994236,0.8243102997608868,0.8364635576936553
0.6111901442281066,0.17429468947861626,0.4010887211582751,0.3043119164493373,0.38188492116189887,0.36871909928318125,0.48925698948296925,0.3587249281666878,0.29400849577136934,0.5878493435800706,0.5258982894504485,0.03844017994994853,0.5163075767184188,0.13407173720639698,0.04339969050860959,0.9624865205159272,0.2684270889470439,0.121374949399781,0.7174680254323472,0.15423710238642008,0.5793580408008153,0.2708563778411589,0.06972520145896033,0.48548351730729944,0.2602698092853928,0.6020332588293159,0.7045086576727283,0.714212645334769,0.07015974323059715,0.041369368007163065,0.4382250918015286,0.6603777064252101,0.10459102502287132,0.7006491100972531,0.4208986816493393,0.6869321246558261,0.34644314500425977,0.5713243088334149,0.11840567312565853,0.5754236224556518,0.4373728305461967,0.21296700882654784,0.007525046367590105,0.8825132970140755,0.24387084939413506,0.26825710588031404,0.685572293269309,0.2648050985994236,0.8243102997608868,0.8364635576936553
0.6044368632140616,0.17429468947861626,0.4010887211582751,0.3043119164493373,0.7012731967166426,0.36871909928318125,0.48925698948296925,0.27504127682092616,0.29400849577136934,0.5878493435800706,0.5258982894504485,0.5003129082638895,0.031577319038686325,0.13407173720639698,0.04339969050860959,0.3276570771475803,0.2684270889470439,0.4221659074294444,0.5229435887424343,0.15423710238642008,0.18597696181449375,0.2708563778411589,0.06972520145896033,0.48548351730729944,0.8237171171886105,0.6020332588293159,0.7045086576727283,0.5088648474199999,0.4742794899095678,0.041369368007163065,0.5501627858931165,0.4700600759046234,0.10459102502287132,0.37081872490747125,0.4208986816493393,0.6869321246558261,0.34644314500425977,0.5713243088334149,0.12633564187181678,0.8707419776685378,0.4373728305461967,0.21296700882654784,0.007525046367590105,0.4273086710703661,0.24387084939413506,0.39061480803305937,0.685572293269309,0.2648050985994236,0.8243102997608868,0.8364635576936553
0.6044368632140616,0.17429468947861626,0.4010887211582751,0.3043119164493373,0.7012731967166426,0.36871909928318125,0.48925698948296925,0.27504127682092616,0.29400849577136934,0.5878493435800706,0.5258982894504485,0.5003129082638895,0.031577319038686325,0.13407173720639698,0.04339969050860959,0.3276570771475803,0.2684270889470439,0.4221659074294444,0.5229435887424343,0.15423710238642008,0.18597696181449375,0.2708563778411589,0.06972520145896033,0.48548351730729944,0.8237171171886105,0.6020332588293159,0.7045086576727283,0.5088648474199999,0.4742794899095678,0.041369368007163065,0.5501627858931165,0.4700600759046234,0.10459102502287132,0.37081872490747125,0.4208986816493393,0.6869321246558261,0.34644314500425977,0.5713243088334149,0.12633564187181678,0.8707419776685378,0.4373728305461967,0.21296700882654784,0.007525046367590105,0.4273086710703661,0.24387084939413506,0.39061480803305937,0.685572293269309,0.2648050985994236,0.8243102997608868,0.8364635576936553
0.6044368632140616,0.17429468947861626,0.4010887211582751,0.3043119164493373,0.7012731967166426,0.36871909928318125,0.48925698948296925,0.27504127682092616,0.29400849577136934,0.5878493435800706,0.5258982894504485,0.5003129082638895,0.031577319038686325,0.13407173720639698,0.04339969050860959,0.3276570771475803,0.2684270889470439,0.4221659074294444,0.5229435887424343,0.15423710238642008,0.18597696181449375,0.2708563778411589,0.06972520145896033,0.48548351730729944,0.8237171171886105,0.6020332588293159,0.7045086576727283,0.5088648474199999,0.4742794899095678,0.041369368007163065,0.5501627858931165,0.4700600759046234,0.10459102502287132,0.37081872490747125,0.4208986816493393,0.6869321246558261,0.34644314500425977,0.5713243088334149,0.12633564187181678,0.8707419776685378,0.4373728305461967,0.21296700882654784,0.007525046367590105,0.4273086710703661,0.24387084939413506,0.39061480803305937,0.685572293269309,0.2648050985994236,0.8243102997608868,0.8364635576936553
0.6044368632140616,0.17429468947861626,0.4010887211582751,0.3043119164493373,0.7012731967166426,0.36871909928318125,0.48925698948296925,0.27504127682092616,0.29400849577136934,0.5878493435800706,0.5258982894504485,0.5003129082638895,0.031577319038686325,0.13407173720639698,0.04339969050860959,0.3276570771475803,0.2684270889470439,0.4221659074294444,0.5229435887424343,0.15423710238642008,0.18597696181449375,0.2708563778411589,0.06972520145896033,0.48548351730729944,0.8237171171886105,0.6020332588293159,0.7045086576727283,0.5088648474199999,0.4742794899095678,0.041369368007163065,0.5501627858931165,0.4700600759046234,0.10459102502287132,0.37081872490747125,0.4208986816493393,0.6869321246558261,0.34644314500425977,0.5713243088334149,0.12633564187181678,0.8707419776685378,0.4373728305461967,0.21296700882654784,0.007525046367590105,0.4273086710703661,0.24387084939413506,0.39061480803305937,0.685572293269309,0.2648050985994236,0.8243102997608868,0.8364635576936553
0.6044368632140616,0.17429468947861626,0.4010887211582751,0.3043119164493373,0.7012731967166426,0.36871909928318125,0.48925698948296925,0.27504127682092616,0.29400849577136934,0.5878493435800706,0.5258982894504485,0.5003129082638895,0.031577319038686325,0.13407173720639698,0.04339969050860959,0.3276570771475803,0.2684270889470439,0.4221659074294444,0.5229435887424343,0.15423710238642008,0.18597696181449375,0.2708563778411589,0.06972520145896033,0.48548351730729944,0.8237171171886105,0.6020332588293159,0.7045086576727283,0.5088648474199999,0.4742794899095678,0.041369368007163065,0.5501627858931165,0.4700600759046234,0.10459102502287132,0.37081872490747125,0.4208986816493393,0.6869321246558261,0.34644314500425977,0.5713243088334149,0.12633564187181678,0.8707419776685378,0.4373728305461967,0.21296700882654784,0.007525046367590105,0.4273086710703661,0.24387084939413506,0.39061480803305937,0.685572293269309,0.2648050985994236,0.8243102997608868,0.8364635576936553
0.6044368632140616,0.17429468947861626,0.4010887211582751,0.3043119164493373,0.7012731967166426,0.36871909928318125,0.48925698948296925,0.27504127682092616,0.29400849577136934,0.5878493435800706,0.5258982894504485,0.5003129082638895,0.031577319038686325,0.13407173720639698,0.04339969050860959,0.3276570771475803,0.2684270889470439,0.4221659074294444,0.5229435887424343,0.15423710238642008,0.18597696181449375,0.2708563778411589,0.06972520145896033,0.48548351730729944,0.8237171171886105,0.6020332588293159,0.7045086576727283,0.5088648474199999,0.4742794899095678,0.041369368007163065,0.5501627858931165,0.4700600759046234,0.10459102502287132,0.37081872490747125,0.4208986816493393,0.6869321246558261,0.34644314500425977,0.5713243088334149,0.12633564187181678,0.8707419776685378,0.4373728305461967,0.21296700882654784,0.007525046367590105,0.4273086710703661,0.24387084939413506,0.39061480803305937,0.685572293269309,0.2648050985994236,0.8243102997608868,0.8364635576936553
0.6044368632140616,0.17429468947861626,0.4010887211582751,0.3043119164493373,0.7012731967166426,0.36871909928318125,0.48925698948296925,0.27504127682092616,0.29400849577136934,0.5878493435800706,0.5258982894504485,0.5003129082638895,0.031577319038686325,0.13407173720639698,0.04339969050860959,0.3276570771475803,0.2684270889470439,0.4221659074294444,0.5229435887424343,0.15423710238642008,0.18597696181449375,0.2708563778411589,0.06972520145896033,0.48548351730729944,0.8237171171886105,0.6020332588293159,0.7045086576727283,0.5088648474199999,0.4742794899095678,0.041369368007163065,0.5501627858931165,0.4700600759046234,0.10459102502287132,0.37081872490747125,0.4208986816493393,0.6869321246558261,0.34644314500425977,0.5713243088334149,0.12633564187181678,0.8707419776685378,0.4373728305461967,0.21296700882654784,0.007525046367590105,0.4273086710703661,0.24387084939413506,0.39061480803305937,0.685572293269309,0.2648050985994236,0.8243102997608868,0.8364635576936553
0.6044368632140616,0.17429468947861626,0.4010887211582751,0.3043119164493373,0.7012731967166426,0.36871909928318125,0.48925698948296925,0.27504127682092616,0.29400849577136934,0.5878493435800706,0.5258982894504485,0.5003129082638895,0.031577319038686325,0.13407173720639698,0.04339969050860959,0.3276570771475803,0.2684270889470439,0.4221659074294444,0.5229435887424343,0.15423710238642008,0.18597696181449375,0.2708563778411589,0.06972520145896033,0.48548351730729944,0.8237171171886105,0.6020332588293159,0.7045086576727283,0.5088648474199999,0.4742794899095678,0.041369368007163065,0.5501627858931165,0.4700600759046234,0.10459102502287132,0.37081872490747125,0.4208986816493393,0.6869321246558261,0.34644314500425977,0.5713243088334149,0.12633564187181678,0.8707419776685378,0.4373728305461967,0.21296700882654784,0.007525046367590105,0.4273086710703661,0.24387084939413506,0.39061480803305937,0.685572293269309,0.2648050985994236,0.8243102997608868,0.8364635576936553
0.6044368632140616,0.17429468947861626,0.4010887211582751,0.3043119164493373,0.7012731967166426,0.36871909928318125,0.48925698948296925,0.27504127682092616,0.29400849577136934,0.5878493435800706,0.5258982894504485,0.5003129082638895,0.031577319038686325,0.13407173720639698,0.04339969050860959,0.3276570771475803,0.2684270889470439,0.4221659074294444,0.5229435887424343,0.15423710238642008,0.18597696181449375,0.2708563778411589,0.06972520145896033,0.48548351730729944,0.8237171171886105,0.6020332588293159,0.7045086576727283,0.5088648474199999,0.4742794899095678,0.041369368007163065,0.5501627858931165,0.4700600759046234,0.10459102502287132,0.37081872490747125,0.4208986816493393,0.6869321246558261,0.34644314500425977,0.5713243088334149,0.12633564187181678,0.8707419776685378,0.4373728305461967,0.21296700882654784,0.007525046367590105,0.4273086710703661,0.24387084939413506,0.39061480803305937,0.685572293269309,0.2648050985994236,0.8243102997608868,0.8364635576936553
0.599587127918495,0.5677458899631747,0.5062770507941833,0.8712261710802788,0.2161927492618816,0.8099838634959409,0.07245442622012854,0.5645137928913668,0.8308873833043388,0.45198188124391625,0.2169084362226148,0.849366806805179,0.4909292087535456,0.32740626042336485,0.39692482956735264,0.5072880674471812,0.27827413281472524,0.5755849622291197,0.3794741389007139,0.16891159925336008,0.4716081296836476,0.5681996236736019,0.04326102805588483,0.1415773015810704,0.04744809058738497,0.04386109227205026,0.14926595537802112,0.4886398036516396,0.026024958122483066,0.3269805392463686,0.34683784657412997,0.7042018898813732,0.26418872052858244,0.20349937812414687,0.4695761692703664,0.3076870270797947,0.8089426444774346,0.3020148100544917,0.20159772570720536,0.17915336825907302,0.365076700864179,0.5110694087782262,0.6033555808152089,0.4064635271476472,0.15038122447140523,0.5980804609388308,0.23580554087972982,0.22971343044895942,0.328968454145528,0.13577973428985135
0.5991053296141189,0.3810400362091443,0.6888223303237828,0.15000746512479357,0.8552579336187147,0.7759664712558562,0.07274944533075811,0.12238962008801835,0.04762000351775142,0.20511748919179196,0.40885654528043824,0.1510646373543545,0.17398789531401881,0.31983965241594026,0.8790412702843272,0.1266333207714968,0.3689421055953326,0.2002815330086185,0.570090823536582,0.012206474698390202,0.625467273784263,0.032059802852216435,0.26698224016857275,0.07905578614442987,0.6008006190000384,0.9919432418974865,0.5691001517804988,0.08729732061550499,0.2969344807726364,0.008730707464886911,0.9389055501537266,0.7223593659528279,0.09883594353517222,0.04256070795044742,0.49561762460601366,0.1247181497501818,0.46794682093936857,0.34725422768655123,0.7135146340749655,0.4531838519126502,0.2222847057171501,0.6359317405682894,0.3928492521799022,0.7261567334009476,0.479996617918681,0.4461870706098533,0.3198646583145135,0.4246335031780293,0.34707608237191734,0.26418337689170435
0.5991053296141189,0.3810400362091443,0.6888223303237828,0.15000746512479357,0.8552579336187147,0.7759664712558562,0.07274944533075811,0.12238962008801835,0.04762000351775142,0.20511748919179196,0.40885654528043824,0.1510646373543545,0.17398789531401881,0.31983965241594026,0.8790412702843272,0.1266333207714968,0.3689421055953326,0.2002815330086185,0.570090823536582,0.012206474698390202,0.625467273784263,0.032059802852216435,0.26698224016857275,0.07905578614442987,0.6008006190000384,0.9919432418974865,0.5691001517804988,0.08729732061550499,0.2969344807726364,0.008730707464886911,0.9389055501537266,0.7223593659528279,0.09883594353517222,0.04256070795044742,0.49561762460601366,0.1247181497501818,0.46794682093936857,0.34725422768655123,0.7135146340749655,0.4531838519126502,0.2222847057171501,0.6359317405682894,0.3928492521799022,0.7261567334009476,0.479996617918681,0.4461870706098533,0.3198646583145135,0.4246335031780293,0.34707608237191734,0.26418337689170435
0.5991053296141189,0.3810400362091443,0.6888223303237828,0.15000746512479357,0.8552579336187147,0.7759664712558562,0.07274944533075811,0.12238962008801835,0.04762000351775142,0.20511748919179196,0.40885654528043824,0.1510646373543545,0.17398789531401881,0.31983965241594026,0.8790412702843272,0.1266333207714968,0.3689421055953326,0.2002815330086185,0.570090823536582,0.012206474698390202,0.625467273784263,0.032059802852216435,0.26698224016857275,0.07905578614442987,0.6008006190000384,0.9919432418974865,0.5691001517804988,0.08729732061550499,0.2969344807726364,0.008730707464886911,0.9389055501537266,0.7223593659528279,0.09883594353517222,0.04256070795044742,0.49561762460601366,0.1247181497501818,0.46794682093936857,0.34725422768655123,0.7135146340749655,0.4531838519126502,0.2222847057171501,0.6359317405682894,0.3928492521799022,0.7261567334009476,0.479996617918681,0.4461870706098533,0.3198646583145135,0.4246335031780293,0.34707608237191734,0.26418337689170435
0.5991053296141189,0.3810400362091443,0.6888223303237828,0.15000746512479357,0.8552579336187147,0.7759664712558562,0.07274944533075811,0.12238962008801835,0.04762000351775142,0.20511748919179196,0.40885654528043824,0.1510646373543545,0.17398789531401881,0.31983965241594026,0.8790412702843272,0.1266333207714968,0.3689421055953326,0.2002815330086185,0.570090823536582,0.012206474698390202,0.625467273784263,0.032059802852216435,0.26698224016857275,0.07905578614442987,0.6008006190000384,0.9919432418974865,0.5691001517804988,0.08729732061550499,0.2969344807726364,0.008730707464886911,0.9389055501537266,0.7223593659528279,0.09883594353517222,0.04256070795044742,0.49561762460601366,0.1247181497501818,0.46794682093936857,0.34725422768655123,0.7135146340749655,0.4531838519126502,0.2222847057171501,0.6359317405682894,0.3928492521799022,0.7261567334009476,0.479996617918681,0.4461870706098533,0.3198646583145135,0.4246335031780293,0.34707608237191734,0.26418337689170435
0.5991053296141189,0.3810400362091443,0.6888223303237828,0.15000746512479357,0.8552579336187147,0.7759664712558562,0.07274944533075811,0.12238962008801835,0.04762000351775142,0.20511748919179196,0.40885654528043824,0.1510646373543545,0.17398789531401881,0.31983965241594026,0.8790412702843272,0.1266333207714968,0.3689421055953326,0.2002815330086185,0.570090823536582,0.012206474698390202,0.625467273784263,0.032059802852216435,0.26698224016857275,0.07905578614442987,0.6008006190000384,0.9919432418974865,0.5691001517804988,0.08729732061550499,0.2969344807726364,0.008730707464886911,0.9389055501537266,0.7223593659528279,0.09883594353517222,0.04256070795044742,0.49561762460601366,0.1247181497501818,0.46794682093936857,0.34725422768655123,0.7135146340749655,0.4531838519126502,0.2222847057171501,0.6359317405682894,0.3928492521799022,0.7261567334009476,0.479996617918681,0.4461870706098533,0.3198646583145135,0.4246335031780293,0.34707608237191734,0.26418337689170435
0.5991053296141189,0.3810400362091443,0.6888223303237828,0.15000746512479357,0.8552579336187147,0.7759664712558562,0.07274944533075811,0.12238962008801835,0.04762000351775142,0.20511748919179196,0.40885654528043824,0.1510646373543545,0.17398789531401881,0.31983965241594026,0.8790412702843272,0.1266333207714968,0.3689421055953326,0.2002815330086185,0.570090823536582,0.012206474698390202,0.625467273784263,0.032059802852216435,0.26698224016857275,0.07905578614442987,0.6008006190000384,0.9919432418974865,0.5691001517804988,0.08729732061550499,0.2969344807726364,0.008730707464886911,0.9389055501537266,0.7223593659528279,0.09883594353517222,0.04256070795044742,0.49561762460601366,0.1247181497501818,0.46794682093936857,0.34725422768655123,0.7135146340749655,0.4531838519126502,0.2222847057171501,0.6359317405682894,0.3928492521799022,0.7261567334009476,0.479996617918681,0.4461870706098533,0.3198646583145135,0.4246335031780293,0.34707608237191734,0.26418337689170435
0.5991053296141189,0.3810400362091443,0.6888223303237828,0.15000746512479357,0.8552579336187147,0.7759664712558562,0.07274944533075811,0.12238962008801835,0.04762000351775142,0.20511748919179196,0.40885654528043824,0.1510646373543545,0.17398789531401881,0.31983965241594026,0.8790412702843272,0.1266333207714968,0.3689421055953326,0.2002815330086185,0.570090823536582,0.012206474698390202,0.625467273784263,0.032059802852216435,0.26698224016857275,0.07905578614442987,0.6008006190000384,0.9919432418974865,0.5691001517804988,0.08729732061550499,0.2969344807726364,0.008730707464886911,0.9389055501537266,0.7223593659528279,0.09883594353517222,0.04256070795044742,0.49561762460601366,0.1247181497501818,0.46794682093936857,0.34725422768655123,0.7135146340749655,0.4531838519126502,0.2222847057171501,0.6359317405682894,0.3928492521799022,0.7261567334009476,0.479996617918681,0.4461870706098533,0.3198646583145135,0.4246335031780293,0.34707608237191734,0.26418337689170435
0.5991053296141189,0.3810400362091443,0.6888223303237828,0.15000746512479357,0.8552579336187147,0.7759664712558562,0.07274944533075811,0.12238962008801835,0.04762000351775142,0.20511748919179196,0.40885654528043824,0.1510646373543545,0.17398789531401881,0.31983965241594026,0.8790412702843272,0.1266333207714968,0.3689421055953326,0.2002815330086185,0.570090823536582,0.012206474698390202,0.625467273784263,0.032059802852216435,0.26698224016857275,0.07905578614442987,0.6008006190000384,0.9919432418974865,0.5691001517804988,0.08729732061550499,0.2969344807726364,0.008730707464886911,0.9389055501537266,0.7223593659528279,0.09883594353517222,0.04256070795044742,0.49561762460601366,0.1247181497501818,0.46794682093936857,0.34725422768655123,0.7135146340749655,0.4531838519126502,0.2222847057171501,0.6359317405682894,0.3928492521799022,0.7261567334009476,0.479996617918681,0.4461870706098533,0.3198646583145135,0.4246335031780293,0.34707608237191734,0.26418337689170435
0.5991053296141189,0.3810400362091443,0.6888223303237828,0.15000746512479357,0.8552579336187147,0.7759664712558562,0.07274944533075811,0.12238962008801835,0.04762000351775142,0.20511748919179196,0.40885654528043824,0.1510646373543545,0.17398789531401881,0.31983965241594026,0.8790412702843272,0.1266333207714968,0.3689421055953326,0.2002815330086185,0.570090823536582,0.012206474698390202,0.625467273784263,0.032059802852216435,0.26698224016857275,0.07905578614442987,0.6008006190000384,0.9919432418974865,0.5691001517804988,0.08729732061550499,0.2969344807726364,0.008730707464886911,0.9389055501537266,0.7223593659528279,0.09883594353517222,0.04256070795044742,0.49561762460601366,0.1247181497501818,0.46794682093936857,0.34725422768655123,0.7135146340749655,0.4531838519126502,0.2222847057171501,0.6359317405682894,0.3928492521799022,0.7261567334009476,0.479996617918681,0.4461870706098533,0.3198646583145135,0.4246335031780293,0.34707608237191734,0.26418337689170435
0.5991053296141189,0.3810400362091443,0.6888223303237828,0.15000746512479357,0.8552579336187147,0.7759664712558562,0.07274944533075811,0.12238962008801835,0.04762000351775142,0.20511748919179196,0.40885654528043824,0.1510646373543545,0.17398789531401881,0.31983965241594026,0.8790412702843272,0.1266333207714968,0.3689421055953326,0.2002815330086185,0.570090823536582,0.012206474698390202,0.625467273784263,0.032059802852216435,0.26698224016857275,0.07905578614442987,0.6008006190000384,0.9919432418974865,0.5691001517804988,0.08729732061550499,0.2969344807726364,0.008730707464886911,0.9389055501537266,0.7223593659528279,0.09883594353517222,0.04256070795044742,0.49561762460601366,0.1247181497501818,0.46794682093936857,0.34725422768655123,0.7135146340749655,0.4531838519126502,0.2222847057171501,0.6359317405682894,0.3928492521799022,0.7261567334009476,0.479996617918681,0.4461870706098533,0.3198646583145135,0.4246335031780293,0.34707608237191734,0.26418337689170435
0.5991053296141189,0.3810400362091443,0.6888223303237828,0.15000746512479357,0.8552579336187147,0.7759664712558562,0.07274944533075811,0.12238962008801835,0.04762000351775142,0.20511748919179196,0.40885654528043824,0.1510646373543545,0.17398789531401881,0.31983965241594026,0.8790412702843272,0.1266333207714968,0.3689421055953326,0.2002815330086185,0.570090823536582,0.012206474698390202,0.625467273784263,0.032059802852216435,0.26698224016857275,0.07905578614442987,0.6008006190000384,0.9919432418974865,0.5691001517804988,0.08729732061550499,0.2969344807726364,0.008730707464886911,0.9389055501537266,0.7223593659528279,0.09883594353517222,0.04256070795044742,0.49561762460601366,0.1247181497501818,0.46794682093936857,0.34725422768655123,0.7135146340749655,0.4531838519126502,0.2222847057171501,0.6359317405682894,0.3928492521799022,0.7261567334009476,0.479996617918681,0.4461870706098533,0.3198646583145135,0.4246335031780293,0.34707608237191734,0.26418337689170435
0.5991053296141189,0.3810400362091443,0.6888223303237828,0.15000746512479357,0.8552579336187147,0.7759664712558562,0.07274944533075811,0.12238962008801835,0.04762000351775142,0.20511748919179196,0.40885654528043824,0.1510646373543545,0.17398789531401881,0.31983965241594026,0.8790412702843272,0.1266333207714968,0.3689421055953326,0.2002815330086185,0.570090823536582,0.012206474698390202,0.625467273784263,0.032059802852216435,0.26698224016857275,0.07905578614442987,0.6008006190000384,0.9919432418974865,0.5691001517804988,0.08729732061550499,0.2969344807726364,0.008730707464886911,0.9389055501537266,0.7223593659528279,0.09883594353517222,0.04256070795044742,0.49561762460601366,0.1247181497501818,0.46794682093936857,0.34725422768655123,0.7135146340749655,0.4531838519126502,0.2222847057171501,0.6359317405682894,0.3928492521799022,0.7261567334009476,0.479996617918681,0.4461870706098533,0.3198646583145135,0.4246335031780293,0.34707608237191734,0.26418337689170435
0.5991053296141189,0.3810400362091443,0.6888223303237828,0.15000746512479357,0.8552579336187147,0.7759664712558562,0.07274944533075811,0.12238962008801835,0.04762000351775142,0.20511748919179196,0.40885654528043824,0.1510646373543545,0.17398789531401881,0.31983965241594026,0.8790412702843272,0.1266333207714968,0.3689421055953326,0.2002815330086185,0.570090823536582,0.012206474698390202,0.625467273784263,0.032059802852216435,0.26698224016857275,0.07905578614442987,0.6008006190000384,0.9919432418974865,0.5691001517804988,0.08729732061550499,0.2969344807726364,0.008730707464886911,0.9389055501537266,0.7223593659528279,0.09883594353517222,0.04256070795044742,0.49561762460601366,0.1247181497501818,0.46794682093936857,0.34725422768655123,0.7135146340749655,0.4531838519126502,0.2222847057171501,0.6359317405682894,0.3928492521799022,0.7261567334009476,0.479996617918681,0.4461870706098533,0.3198646583145135,0.4246335031780293,0.34707608237191734,0.26418337689170435
0.5991053296141189,0.3810400362091443,0.6888223303237828,0.15000746512479357,0.8552579336187147,0.7759664712558562,0.07274944533075811,0.12238962008801835,0.04762000351775142,0.20511748919179196,0.40885654528043824,0.1510646373543545,0.17398789531401881,0.31983965241594026,0.8790412702843272,0.1266333207714968,0.3689421055953326,0.2002815330086185,0.570090823536582,0.012206474698390202,0.625467273784263,0.032059802852216435,0.26698224016857275,0.07905578614442987,0.6008006190000384,0.9919432418974865,0.5691001517804988,0.08729732061550499,0.2969344807726364,0.008730707464886911,0.9389055501537266,0.7223593659528279,0.09883594353517222,0.04256070795044742,0.49561762460601366,0.1247181497501818,0.46794682093936857,0.34725422768655123,0.7135146340749655,0.4531838519126502,0.2222847057171501,0.6359317405682894,0.3928492521799022,0.7261567334009476,0.479996617918681,0.4461870706098533,0.3198646583145135,0.4246335031780293,0.34707608237191734,0.26418337689170435
0.5991053296141189,0.3810400362091443,0.6888223303237828,0.15000746512479357,0.8552579336187147,0.7759664712558562,0.07274944533075811,0.12238962008801835,0.04762000351775142,0.20511748919179196,0.40885654528043824,0.1510646373543545,0.17398789531401881,0.31983965241594026,0.8790412702843272,0.1266333207714968,0.3689421055953326,0.2002815330086185,0.570090823536582,0.012206474698390202,0.625467273784263,0.032059802852216435,0.26698224016857275,0.07905578614442987,0.6008006190000384,0.9919432418974865,0.5691001517804988,0.08729732061550499,0.2969344807726364,0.008730707464886911,0.9389055501537266,0.7223593659528279,0.09883594353517222,0.04256070795044742,0.49561762460601366,0.1247181497501818,0.46794682093936857,0.34725422768655123,0.7135146340749655,0.4531838519126502,0.2222847057171501,0.6359317405682894,0.3928492521799022,0.7261567334009476,0.479996617918681,0.4461870706098533,0.3198646583145135,0.4246335031780293,0.34707608237191734,0.26418337689170435
0.5991053296141189,0.3810400362091443,0.6888223303237828,0.15000746512479357,0.8552579336187147,0.7759664712558562,0.07274944533075811,0.12238962008801835,0.04762000351775142,0.20511748919179196,0.40885654528043824,0.1510646373543545,0.17398789531401881,0.31983965241594026,0.8790412702843272,0.1266333207714968,0.3689421055953326,0.2002815330086185,0.570090823536582,0.012206474698390202,0.625467273784263,0.032059802852216435,0.26698224016857275,0.07905578614442987,0.6008006190000384,0.9919432418974865,0.5691001517804988,0.08729732061550499,0.2969344807726364,0.008730707464886911,0.9389055501537266,0.7223593659528279,0.09883594353517222,0.04256070795044742,0.49561762460601366,0.1247181497501818,0.46794682093936857,0.34725422768655123,0.7135146340749655,0.4531838519126502,0.2222847057171501,0.6359317405682894,0.3928492521799022,0.7261567334009476,0.479996617918681,0.4461870706098533,0.3198646583145135,0.4246335031780293,0.34707608237191734,0.26418337689170435
0.5991053296141189,0.3810400362091443,0.6888223303237828,0.15000746512479357,0.8552579336187147,0.7759664712558562,0.07274944533075811,0.12238962008801835,0.04762000351775142,0.20511748919179196,0.40885654528043824,0.1510646373543545,0.17398789531401881,0.31983965241594026,0.8790412702843272,0.1266333207714968,0.3689421055953326,0.2002815330086185,0.570090823536582,0.012206474698390202,0.625467273784263,0.032059802852216435,0.26698224016857275,0.07905578614442987,0.6008006190000384,0.9919432418974865,0.5691001517804988,0.08729732061550499,0.2969344807726364,0.008730707464886911,0.9389055501537266,0.7223593659528279,0.09883594353517222,0.04256070795044742,0.49561762460601366,0.1247181497501818,0.46794682093936857,0.34725422768655123,0.7135146340749655,0.4531838519126502,0.2222847057171501,0.6359317405682894,0.3928492521799022,0.7261567334009476,0.479996617918681,0.4461870706098533,0.3198646583145135,0.4246335031780293,0.34707608237191734,0.26418337689170435
0.5991053296141189,0.3810400362091443,0.6888223303237828,0.15000746512479357,0.8552579336187147,0.7759664712558562,0.07274944533075811,0.12238962008801835,0.04762000351775142,0.20511748919179196,0.40885654528043824,0.1510646373543545,0.17398789531401881,0.31983965241594026,0.8790412702843272,0.1266333207714968,0.3689421055953326,0.2002815330086185,0.570090823536582,0.012206474698390202,0.625467273784263,0.032059802852216435,0.26698224016857275,0.07905578614442987,0.6008006190000384,0.9919432418974865,0.5691001517804988,0.08729732061550499,0.2969344807726364,0.008730707464886911,0.9389055501537266,0.7223593659528279,0.09883594353517222,0.04256070795044742,0.49561762460601366,0.1247181497501818,0.46794682093936857,0.34725422768655123,0.7135146340749655,0.4531838519126502,0.2222847057171501,0.6359317405682894,0.3928492521799022,0.7261567334009476,0.479996617918681,0.4461870706098533,0.3198646583145135,0.4246335031780293,0.34707608237191734,0.26418337689170435
0.5991053296141189,0.3810400362091443,0.6888223303237828,0.15000746512479357,0.8552579336187147,0.7759664712558562,0.07274944533075811,0.12238962008801835,0.04762000351775142,0.20511748919179196,0.40885654528043824,0.1510646373543545,0.17398789531401881,0.31983965241594026,0.8790412702843272,0.1266333207714968,0.3689421055953326,0.2002815330086185,0.570090823536582,0.012206474698390202,0.625467273784263,0.032059802852216435,0.26698224016857275,0.07905578614442987,0.6008006190000384,0.9919432418974865,0.5691001517804988,0.08729732061550499,0.2969344807726364,0.008730707464886911,0.9389055501537266,0.7223593659528279,0.09883594353517222,0.04256070795044742,0.49561762460601366,0.1247181497501818,0.46794682093936857,0.34725422768655123,0.7135146340749655,0.4531838519126502,0.2222847057171501,0.6359317405682894,0.3928492521799022,0.7261567334009476,0.479996617918681,0.4461870706098533,0.3198646583145135,0.4246335031780293,0.34707608237191734,0.26418337689170435
0.5991053296141189,0.3810400362091443,0.6888223303237828,0.15000746512479357,0.8552579336187147,0.7759664712558562,0.07274944533075811,0.12238962008801835,0.04762000351775142,0.20511748919179196,0.40885654528043824,0.1510646373543545,0.17398789531401881,0.31983965241594026,0.8790412702843272,0.1266333207714968,0.3689421055953326,0.2002815330086185,0.570090823536582,0.012206474698390202,0.625467273784263,0.032059802852216435,0.26698224016857275,0.07905578614442987,0.6008006190000384,0.9919432418974865,0.5691001517804988,0.08729732061550499,0.2969344807726364,0.008730707464886911,0.9389055501537266,0.7223593659528279,0.09883594353517222,0.04256070795044742,0.49561762460601366,0.1247181497501818,0.46794682093936857,0.34725422768655123,0.7135146340749655,0.4531838519126502,0.2222847057171501,0.6359317405682894,0.3928492521799022,0.7261567334009476,0.479996617918681,0.4461870706098533,0.3198646583145135,0.4246335031780293,0.34707608237191734,0.26418337689170435
0.5991053296141189,0.3810400362091443,0.6888223303237828,0.15000746512479357,0.8552579336187147,0.7759664712558562,0.07274944533075811,0.12238962008801835,0.04762000351775142,0.20511748919179196,0.40885654528043824,0.1510646373543545,0.17398789531401881,0.31983965241594026,0.8790412702843272,0.1266333207714968,0.3689421055953326,0.2002815330086185,0.570090823536582,0.012206474698390202,0.625467273784263,0.032059802852216435,0.26698224016857275,0.07905578614442987,0.6008006190000384,0.9919432418974865,0.5691001517804988,0.08729732061550499,0.2969344807726364,0.008730707464886911,0.9389055501537266,0.7223593659528279,0.09883594353517222,0.04256070795044742,0.49561762460601366,0.1247181497501818,0.46794682093936857,0.34725422768655123,0.7135146340749655,0.4531838519126502,0.2222847057171501,0.6359317405682894,0.3928492521799022,0.7261567334009476,0.479996617918681,0.4461870706098533,0.3198646583145135,0.4246335031780293,0.34707608237191734,0.26418337689170435
0.5991053296141189,0.3810400362091443,0.6888223303237828,0.15000746512479357,0.8552579336187147,0.7759664712558562,0.07274944533075811,0.12238962008801835,0.04762000351775142,0.20511748919179196,0.40885654528043824,0.1510646373543545,0.17398789531401881,0.31983965241594026,0.8790412702843272,0.1266333207714968,0.3689421055953326,0.2002815330086185,0.570090823536582,0.012206474698390202,0.625467273784263,0.032059802852216435,0.26698224016857275,0.07905578614442987,0.6008006190000384,0.9919432418974865,0.5691001517804988,0.08729732061550499,0.2969344807726364,0.008730707464886911,0.9389055501537266,0.7223593659528279,0.09883594353517222,0.04256070795044742,0.49561762460601366,0.1247181497501818,0.46794682093936857,0.34725422768655123,0.7135146340749655,0.4531838519126502,0.2222847057171501,0.6359317405682894,0.3928492521799022,0.7261567334009476,0.479996617918681,0.4461870706098533,0.3198646583145135,0.4246335031780293,0.34707608237191734,0.26418337689170435
0.5991053296141189,0.3810400362091443,0.6888223303237828,0.15000746512479357,0.8552579336187147,0.7759664712558562,0.07274944533075811,0.12238962008801835,0.04762000351775142,0.20511748919179196,0.40885654528043824,0.1510646373543545,0.17398789531401881,0.31983965241594026,0.8790412702843272,0.1266333207714968,0.3689421055953326,0.2002815330086185,0.570090823536582,0.012206474698390202,0.625467273784263,0.032059802852216435,0.26698224016857275,0.07905578614442987,0.6008006190000384,0.9919432418974865,0.5691001517804988,0.08729732061550499,0.2969344807726364,0.008730707464886911,0.9389055501537266,0.7223593659528279,0.09883594353517222,0.04256070795044742,0.49561762460601366,0.1247181497501818,0.46794682093936857,0.34725422768655123,0.7135146340749655,0.4531838519126502,0.2222847057171501,0.6359317405682894,0.3928492521799022,0.7261567334009476,0.479996617918681,0.4461870706098533,0.3198646583145135,0.4246335031780293,0.34707608237191734,0.26418337689170435
0.5991053296141189,0.3810400362091443,0.6888223303237828,0.15000746512479357,0.8552579336187147,0.7759664712558562,0.07274944533075811,0.12238962008801835,0.04762000351775142,0.20511748919179196,0.40885654528043824,0.1510646373543545,0.17398789531401881,0.31983965241594026,0.8790412702843272,0.1266333207714968,0.3689421055953326,0.2002815330086185,0.570090823536582,0.012206474698390202,0.625467273784263,0.032059802852216435,0.26698224016857275,0.07905578614442987,0.6008006190000384,0.9919432418974865,0.5691001517804988,0.08729732061550499,0.2969344807726364,0.008730707464886911,0.9389055501537266,0.7223593659528279,0.09883594353517222,0.04256070795044742,0.49561762460601366,0.1247181497501818,0.46794682093936857,0.34725422768655123,0.7135146340749655,0.4531838519126502,0.2222847057171501,0.6359317405682894,0.3928492521799022,0.7261567334009476,0.479996617918681,0.4461870706098533,0.3198646583145135,0.4246335031780293,0.34707608237191734,0.26418337689170435
0.5991053296141189,0.3810400362091443,0.6888223303237828,0.15000746512479357,0.8552579336187147,0.7759664712558562,0.07274944533075811,0.12238962008801835,0.04762000351775142,0.20511748919179196,0.40885654528043824,0.1510646373543545,0.17398789531401881,0.31983965241594026,0.8790412702843272,0.1266333207714968,0.3689421055953326,0.2002815330086185,0.570090823536582,0.012206474698390202,0.625467273784263,0.032059802852216435,0.26698224016857275,0.07905578614442987,0.6008006190000384,0.9919432418974865,0.5691001517804988,0.08729732061550499,0.2969344807726364,0.008730707464886911,0.9389055501537266,0.7223593659528279,0.09883594353517222,0.04256070795044742,0.49561762460601366,0.1247181497501818,0.46794682093936857,0.34725422768655123,0.7135146340749655,0.4531838519126502,0.2222847057171501,0.6359317405682894,0.3928492521799022,0.7261567334009476,0.479996617918681,0.4461870706098533,0.3198646583145135,0.4246335031780293,0.34707608237191734,0.26418337689170435
0.5991053296141189,0.3810400362091443,0.6888223303237828,0.15000746512479357,0.8552579336187147,0.7759664712558562,0.07274944533075811,0.12238962008801835,0.04762000351775142,0.20511748919179196,0.40885654528043824,0.1510646373543545,0.17398789531401881,0.31983965241594026,0.8790412702843272,0.1266333207714968,0.3689421055953326,0.2002815330086185,0.570090823536582,0.012206474698390202,0.625467273784263,0.032059802852216435,0.26698224016857275,0.07905578614442987,0.6008006190000384,0.9919432418974865,0.5691001517804988,0.08729732061550499,0.2969344807726364,0.008730707464886911,0.9389055501537266,0.7223593659528279,0.09883594353517222,0.04256070795044742,0.49561762460601366,0.1247181497501818,0.46794682093936857,0.34725422768655123,0.7135146340749655,0.4531838519126502,0.2222847057171501,0.6359317405682894,0.3928492521799022,0.7261567334009476,0.479996617918681,0.4461870706098533,0.3198646583145135,0.4246335031780293,0.34707608237191734,0.26418337689170435
0.5991053296141189,0.3810400362091443,0.6888223303237828,0.15000746512479357,0.8552579336187147,0.7759664712558562,0.07274944533075811,0.12238962008801835,0.04762000351775142,0.20511748919179196,0.40885654528043824,0.1510646373543545,0.17398789531401881,0.31983965241594026,0.8790412702843272,0.1266333207714968,0.3689421055953326,0.2002815330086185,0.570090823536582,0.012206474698390202,0.625467273784263,0.032059802852216435,0.26698224016857275,0.07905578614442987,0.6008006190000384,0.9919432418974865,0.5691001517804988,0.08729732061550499,0.2969344807726364,0.008730707464886911,0.9389055501537266,0.7223593659528279,0.09883594353517222,0.04256070795044742,0.49561762460601366,0.1247181497501818,0.46794682093936857,0.34725422768655123,0.7135146340749655,0.4531838519126502,0.2222847057171501,0.6359317405682894,0.3928492521799022,0.7261567334009476,0.479996617918681,0.4461870706098533,0.3198646583145135,0.4246335031780293,0.34707608237191734,0.26418337689170435
0.5991053296141189,0.3810400362091443,0.6888223303237828,0.15000746512479357,0.8552579336187147,0.7759664712558562,0.07274944533075811,0.12238962008801835,0.04762000351775142,0.20511748919179196,0.40885654528043824,0.1510646373543545,0.17398789531401881,0.31983965241594026,0.8790412702843272,0.1266333207714968,0.3689421055953326,0.2002815330086185,0.570090823536582,0.012206474698390202,0.625467273784263,0.032059802852216435,0.26698224016857275,0.07905578614442987,0.6008006190000384,0.9919432418974865,0.5691001517804988,0.08729732061550499,0.2969344807726364,0.008730707464886911,0.9389055501537266,0.7223593659528279,0.09883594353517222,0.04256070795044742,0.49561762460601366,0.1247181497501818,0.46794682093936857,0.34725422768655123,0.7135146340749655,0.4531838519126502,0.2222847057171501,0.6359317405682894,0.3928492521799022,0.7261567334009476,0.479996617918681,0.4461870706098533,0.3198646583145135,0.4246335031780293,0.34707608237191734,0.26418337689170435
0.5991053296141189,0.3810400362091443,0.6888223303237828,0.15000746512479357,0.8552579336187147,0.7759664712558562,0.07274944533075811,0.12238962008801835,0.04762000351775142,0.20511748919179196,0.40885654528043824,0.1510646373543545,0.17398789531401881,0.31983965241594026,0.8790412702843272,0.1266333207714968,0.3689421055953326,0.2002815330086185,0.570090823536582,0.012206474698390202,0.625467273784263,0.032059802852216435,0.26698224016857275,0.07905578614442987,0.6008006190000384,0.9919432418974865,0.5691001517804988,0.08729732061550499,0.2969344807726364,0.008730707464886911,0.9389055501537266,0.7223593659528279,0.09883594353517222,0.04256070795044742,0.49561762460601366,0.1247181497501818,0.46794682093936857,0.34725422768655123,0.7135146340749655,0.4531838519126502,0.2222847057171501,0.6359317405682894,0.3928492521799022,0.7261567334009476,0.479996617918681,0.4461870706098533,0.3198646583145135,0.4246335031780293,0.34707608237191734,0.26418337689170435
0.5991053296141189,0.3810400362091443,0.6888223303237828,0.15000746512479357,0.8552579336187147,0.7759664712558562,0.07274944533075811,0.12238962008801835,0.04762000351775142,0.20511748919179196,0.40885654528043824,0.1510646373543545,0.17398789531401881,0.31983965241594026,0.8790412702843272,0.1266333207714968,0.3689421055953326,0.2002815330086185,0.570090823536582,0.012206474698390202,0.625467273784263,0.032059802852216435,0.26698224016857275,0.07905578614442987,0.6008006190000384,0.9919432418974865,0.5691001517804988,0.08729732061550499,0.2969344807726364,0.008730707464886911,0.9389055501537266,0.7223593659528279,0.09883594353517222,0.04256070795044742,0.49561762460601366,0.1247181497501818,0.46794682093936857,0.34725422768655123,0.7135146340749655,0.4531838519126502,0.2222847057171501,0.6359317405682894,0.3928492521799022,0.7261567334009476,0.479996617918681,0.4461870706098533,0.3198646583145135,0.4246335031780293,0.34707608237191734,0.26418337689170435
0.5991053296141189,0.3810400362091443,0.6888223303237828,0.15000746512479357,0.8552579336187147,0.7759664712558562,0.07274944533075811,0.12238962008801835,0.04762000351775142,0.20511748919179196,0.40885654528043824,0.1510646373543545,0.17398789531401881,0.31983965241594026,0.8790412702843272,0.1266333207714968,0.3689421055953326,0.2002815330086185,0.570090823536582,0.012206474698390202,0.625467273784263,0.032059802852216435,0.26698224016857275,0.07905578614442987,0.6008006190000384,0.9919432418974865,0.5691001517804988,0.08729732061550499,0.2969344807726364,0.008730707464886911,0.9389055501537266,0.7223593659528279,0.09883594353517222,0.04256070795044742,0.49561762460601366,0.1247181497501818,0.46794682093936857,0.34725422768655123,0.7135146340749655,0.4531838519126502,0.2222847057171501,0.6359317405682894,0.3928492521799022,0.7261567334009476,0.479996617918681,0.4461870706098533,0.3198646583145135,0.4246335031780293,0.34707608237191734,0.26418337689170435
0.5991053296141189,0.3810400362091443,0.6888223303237828,0.15000746512479357,0.8552579336187147,0.7759664712558562,0.07274944533075811,0.12238962008801835,0.04762000351775142,0.20511748919179196,0.40885654528043824,0.1510646373543545,0.17398789531401881,0.31983965241594026,0.8790412702843272,0.1266333207714968,0.3689421055953326,0.2002815330086185,0.570090823536582,0.012206474698390202,0.625467273784263,0.032059802852216435,0.26698224016857275,0.07905578614442987,0.6008006190000384,0.9919432418974865,0.5691001517804988,0.08729732061550499,0.2969344807726364,0.008730707464886911,0.9389055501537266,0.7223593659528279,0.09883594353517222,0.04256070795044742,0.49561762460601366,0.1247181497501818,0.46794682093936857,0.34725422768655123,0.7135146340749655,0.4531838519126502,0.2222847057171501,0.6359317405682894,0.3928492521799022,0.7261567334009476,0.479996617918681,0.4461870706098533,0.3198646583145135,0.4246335031780293,0.34707608237191734,0.26418337689170435
0.5991053296141189,0.3810400362091443,0.6888223303237828,0.15000746512479357,0.8552579336187147,0.7759664712558562,0.07274944533075811,0.12238962008801835,0.04762000351775142,0.20511748919179196,0.40885654528043824,0.1510646373543545,0.17398789531401881,0.31983965241594026,0.8790412702843272,0.1266333207714968,0.3689421055953326,0.2002815330086185,0.570090823536582,0.012206474698390202,0.625467273784263,0.032059802852216435,0.26698224016857275,0.07905578614442987,0.6008006190000384,0.9919432418974865,0.5691001517804988,0.08729732061550499,0.2969344807726364,0.008730707464886911,0.9389055501537266,0.7223593659528279,0.09883594353517222,0.04256070795044742,0.49561762460601366,0.1247181497501818,0.46794682093936857,0.34725422768655123,0.7135146340749655,0.4531838519126502,0.2222847057171501,0.6359317405682894,0.3928492521799022,0.7261567334009476,0.479996617918681,0.4461870706098533,0.3198646583145135,0.4246335031780293,0.34707608237191734,0.26418337689170435
0.5991053296141189,0.3810400362091443,0.6888223303237828,0.15000746512479357,0.8552579336187147,0.7759664712558562,0.07274944533075811,0.12238962008801835,0.04762000351775142,0.20511748919179196,0.40885654528043824,0.1510646373543545,0.17398789531401881,0.31983965241594026,0.8790412702843272,0.1266333207714968,0.3689421055953326,0.2002815330086185,0.570090823536582,0.012206474698390202,0.625467273784263,0.032059802852216435,0.26698224016857275,0.07905578614442987,0.6008006190000384,0.9919432418974865,0.5691001517804988,0.08729732061550499,0.2969344807726364,0.008730707464886911,0.9389055501537266,0.7223593659528279,0.09883594353517222,0.04256070795044742,0.49561762460601366,0.1247181497501818,0.46794682093936857,0.34725422768655123,0.7135146340749655,0.4531838519126502,0.2222847057171501,0.6359317405682894,0.3928492521799022,0.7261567334009476,0.479996617918681,0.4461870706098533,0.3198646583145135,0.4246335031780293,0.34707608237191734,0.26418337689170435
0.5991053296141189,0.3810400362091443,0.6888223303237828,0.15000746512479357,0.8552579336187147,0.7759664712558562,0.07274944533075811,0.12238962008801835,0.04762000351775142,0.20511748919179196,0.40885654528043824,0.1510646373543545,0.17398789531401881,0.31983965241594026,0.8790412702843272,0.1266333207714968,0.3689421055953326,0.2002815330086185,0.570090823536582,0.012206474698390202,0.625467273784263,0.032059802852216435,0.26698224016857275,0.07905578614442987,0.6008006190000384,0.9919432418974865,0.5691001517804988,0.08729732061550499,0.2969344807726364,0.008730707464886911,0.9389055501537266,0.7223593659528279,0.09883594353517222,0.04256070795044742,0.49561762460601366,0.1247181497501818,0.46794682093936857,0.34725422768655123,0.7135146340749655,0.4531838519126502,0.2222847057171501,0.6359317405682894,0.3928492521799022,0.7261567334009476,0.479996617918681,0.4461870706098533,0.3198646583145135,0.4246335031780293,0.34707608237191734,0.26418337689170435
0.5991053296141189,0.3810400362091443,0.6888223303237828,0.15000746512479357,0.8552579336187147,0.7759664712558562,0.07274944533075811,0.12238962008801835,0.04762000351775142,0.20511748919179196,0.40885654528043824,0.1510646373543545,0.17398789531401881,0.31983965241594026,0.8790412702843272,0.1266333207714968,0.3689421055953326,0.2002815330086185,0.570090823536582,0.012206474698390202,0.625467273784263,0.032059802852216435,0.26698224016857275,0.07905578614442987,0.6008006190000384,0.9919432418974865,0.5691001517804988,0.08729732061550499,0.2969344807726364,0.008730707464886911,0.9389055501537266,0.7223593659528279,0.09883594353517222,0.04256070795044742,0.49561762460601366,0.1247181497501818,0.46794682093936857,0.34725422768655123,0.7135146340749655,0.4531838519126502,0.2222847057171501,0.6359317405682894,0.3928492521799022,0.7261567334009476,0.479996617918681,0.4461870706098533,0.3198646583145135,0.4246335031780293,0.34707608237191734,0.26418337689170435
0.5991053296141189,0.3810400362091443,0.6888223303237828,0.15000746512479357,0.8552579336187147,0.7759664712558562,0.07274944533075811,0.12238962008801835,0.04762000351775142,0.20511748919179196,0.40885654528043824,0.1510646373543545,0.17398789531401881,0.31983965241594026,0.8790412702843272,0.1266333207714968,0.3689421055953326,0.2002815330086185,0.570090823536582,0.012206474698390202,0.625467273784263,0.032059802852216435,0.26698224016857275,0.07905578614442987,0.6008006190000384,0.9919432418974865,0.5691001517804988,0.08729732061550499,0.2969344807726364,0.008730707464886911,0.9389055501537266,0.7223593659528279,0.09883594353517222,0.04256070795044742,0.49561762460601366,0.1247181497501818,0.46794682093936857,0.34725422768655123,0.7135146340749655,0.4531838519126502,0.2222847057171501,0.6359317405682894,0.3928492521799022,0.7261567334009476,0.479996617918681,0.4461870706098533,0.3198646583145135,0.4246335031780293,0.34707608237191734,0.26418337689170435
0.5991053296141189,0.3810400362091443,0.6888223303237828,0.15000746512479357,0.8552579336187147,0.7759664712558562,0.07274944533075811,0.12238962008801835,0.04762000351775142,0.20511748919179196,0.40885654528043824,0.1510646373543545,0.17398789531401881,0.31983965241594026,0.8790412702843272,0.1266333207714968,0.3689421055953326,0.2002815330086185,0.570090823536582,0.012206474698390202,0.625467273784263,0.032059802852216435,0.26698224016857275,0.07905578614442987,0.6008006190000384,0.9919432418974865,0.5691001517804988,0.08729732061550499,0.2969344807726364,0.008730707464886911,0.9389055501537266,0.7223593659528279,0.09883594353517222,0.04256070795044742,0.49561762460601366,0.1247181497501818,0.46794682093936857,0.34725422768655123,0.7135146340749655,0.4531838519126502,0.2222847057171501,0.6359317405682894,0.3928492521799022,0.7261567334009476,0.479996617918681,0.4461870706098533,0.3198646583145135,0.4246335031780293,0.34707608237191734,0.26418337689170435
0.5991053296141189,0.3810400362091443,0.6888223303237828,0.15000746512479357,0.8552579336187147,0.7759664712558562,0.07274944533075811,0.12238962008801835,0.04762000351775142,0.20511748919179196,0.40885654528043824,0.1510646373543545,0.17398789531401881,0.31983965241594026,0.8790412702843272,0.1266333207714968,0.3689421055953326,0.2002815330086185,0.570090823536582,0.012206474698390202,0.625467273784263,0.032059802852216435,0.26698224016857275,0.07905578614442987,0.6008006190000384,0.9919432418974865,0.5691001517804988,0.08729732061550499,0.2969344807726364,0.008730707464886911,0.9389055501537266,0.7223593659528279,0.09883594353517222,0.04256070795044742,0.49561762460601366,0.1247181497501818,0.46794682093936857,0.34725422768655123,0.7135146340749655,0.4531838519126502,0.2222847057171501,0.6359317405682894,0.3928492521799022,0.7261567334009476,0.479996617918681,0.4461870706098533,0.3198646583145135,0.4246335031780293,0.34707608237191734,0.26418337689170435
0.5991053296141189,0.3810400362091443,0.6888223303237828,0.15000746512479357,0.8552579336187147,0.7759664712558562,0.07274944533075811,0.12238962008801835,0.04762000351775142,0.20511748919179196,0.40885654528043824,0.1510646373543545,0.17398789531401881,0.31983965241594026,0.8790412702843272,0.1266333207714968,0.3689421055953326,0.2002815330086185,0.570090823536582,0.012206474698390202,0.625467273784263,0.032059802852216435,0.26698224016857275,0.07905578614442987,0.6008006190000384,0.9919432418974865,0.5691001517804988,0.08729732061550499,0.2969344807726364,0.008730707464886911,0.9389055501537266,0.7223593659528279,0.09883594353517222,0.04256070795044742,0.49561762460601366,0.1247181497501818,0.46794682093936857,0.34725422768655123,0.7135146340749655,0.4531838519126502,0.2222847057171501,0.6359317405682894,0.3928492521799022,0.7261567334009476,0.479996617918681,0.4461870706098533,0.3198646583145135,0.4246335031780293,0.34707608237191734,0.26418337689170435
0.5991053296141189,0.3810400362091443,0.6888223303237828,0.15000746512479357,0.8552579336187147,0.7759664712558562,0.07274944533075811,0.12238962008801835,0.04762000351775142,0.20511748919179196,0.40885654528043824,0.1510646373543545,0.17398789531401881,0.31983965241594026,0.8790412702843272,0.1266333207714968,0.3689421055953326,0.2002815330086185,0.570090823536582,0.012206474698390202,0.625467273784263,0.032059802852216435,0.26698224016857275,0.07905578614442987,0.6008006190000384,0.9919432418974865,0.5691001517804988,0.08729732061550499,0.2969344807726364,0.008730707464886911,0.9389055501537266,0.7223593659528279,0.09883594353517222,0.04256070795044742,0.49561762460601366,0.1247181497501818,0.46794682093936857,0.34725422768655123,0.7135146340749655,0.4531838519126502,0.2222847057171501,0.6359317405682894,0.3928492521799022,0.7261567334009476,0.479996617918681,0.4461870706098533,0.3198646583145135,0.4246335031780293,0.34707608237191734,0.26418337689170435
0.5991053296141189,0.3810400362091443,0.6888223303237828,0.15000746512479357,0.8552579336187147,0.7759664712558562,0.07274944533075811,0.12238962008801835,0.04762000351775142,0.20511748919179196,0.40885654528043824,0.1510646373543545,0.17398789531401881,0.31983965241594026,0.8790412702843272,0.1266333207714968,0.3689421055953326,0.2002815330086185,0.570090823536582,0.012206474698390202,0.625467273784263,0.032059802852216435,0.26698224016857275,0.07905578614442987,0.6008006190000384,0.9919432418974865,0.5691001517804988,0.08729732061550499,0.2969344807726364,0.008730707464886911,0.9389055501537266,0.7223593659528279,0.09883594353517222,0.04256070795044742,0.49561762460601366,0.1247181497501818,0.46794682093936857,0.34725422768655123,0.7135146340749655,0.4531838519126502,0.2222847057171501,0.6359317405682894,0.3928492521799022,0.7261567334009476,0.479996617918681,0.4461870706098533,0.3198646583145135,0.4246335031780293,0.34707608237191734,0.26418337689170435
0.5991053296141189,0.3810400362091443,0.6888223303237828,0.15000746512479357,0.8552579336187147,0.7759664712558562,0.07274944533075811,0.12238962008801835,0.04762000351775142,0.20511748919179196,0.40885654528043824,0.1510646373543545,0.17398789531401881,0.31983965241594026,0.8790412702843272,0.1266333207714968,0.3689421055953326,0.2002815330086185,0.570090823536582,0.012206474698390202,0.625467273784263,0.032059802852216435,0.26698224016857275,0.07905578614442987,0.6008006190000384,0.9919432418974865,0.5691001517804988,0.08729732061550499,0.2969344807726364,0.008730707464886911,0.9389055501537266,0.7223593659528279,0.09883594353517222,0.04256070795044742,0.49561762460601366,0.1247181497501818,0.46794682093936857,0.34725422768655123,0.7135146340749655,0.4531838519126502,0.2222847057171501,0.6359317405682894,0.3928492521799022,0.7261567334009476,0.479996617918681,0.4461870706098533,0.3198646583145135,0.4246335031780293,0.34707608237191734,0.26418337689170435
0.5991053296141189,0.3810400362091443,0.6888223303237828,0.15000746512479357,0.8552579336187147,0.7759664712558562,0.07274944533075811,0.12238962008801835,0.04762000351775142,0.20511748919179196,0.40885654528043824,0.1510646373543545,0.17398789531401881,0.31983965241594026,0.8790412702843272,0.1266333207714968,0.3689421055953326,0.2002815330086185,0.570090823536582,0.012206474698390202,0.625467273784263,0.032059802852216435,0.26698224016857275,0.07905578614442987,0.6008006190000384,0.9919432418974865,0.5691001517804988,0.08729732061550499,0.2969344807726364,0.008730707464886911,0.9389055501537266,0.7223593659528279,0.09883594353517222,0.04256070795044742,0.49561762460601366,0.1247181497501818,0.46794682093936857,0.34725422768655123,0.7135146340749655,0.4531838519126502,0.2222847057171501,0.6359317405682894,0.3928492521799022,0.7261567334009476,0.479996617918681,0.4461870706098533,0.3198646583145135,0.4246335031780293,0.34707608237191734,0.26418337689170435
0.5991053296141189,0.3810400362091443,0.6888223303237828,0.15000746512479357,0.8552579336187147,0.7759664712558562,0.07274944533075811,0.12238962008801835,0.04762000351775142,0.20511748919179196,0.40885654528043824,0.1510646373543545,0.17398789531401881,0.31983965241594026,0.8790412702843272,0.1266333207714968,0.3689421055953326,0.2002815330086185,0.570090823536582,0.012206474698390202,0.625467273784263,0.032059802852216435,0.26698224016857275,0.07905578614442987,0.6008006190000384,0.9919432418974865,0.5691001517804988,0.08729732061550499,0.2969344807726364,0.008730707464886911,0.9389055501537266,0.7223593659528279,0.09883594353517222,0.04256070795044742,0.49561762460601366,0.1247181497501818,0.46794682093936857,0.34725422768655123,0.7135146340749655,0.4531838519126502,0.2222847057171501,0.6359317405682894,0.3928492521799022,0.7261567334009476,0.479996617918681,0.4461870706098533,0.3198646583145135,0.4246335031780293,0.34707608237191734,0.26418337689170435
0.5991053296141189,0.3810400362091443,0.6888223303237828,0.15000746512479357,0.8552579336187147,0.7759664712558562,0.07274944533075811,0.12238962008801835,0.04762000351775142,0.20511748919179196,0.40885654528043824,0.1510646373543545,0.17398789531401881,0.31983965241594026,0.8790412702843272,0.1266333207714968,0.3689421055953326,0.2002815330086185,0.570090823536582,0.012206474698390202,0.625467273784263,0.032059802852216435,0.26698224016857275,0.07905578614442987,0.6008006190000384,0.9919432418974865,0.5691001517804988,0.08729732061550499,0.2969344807726364,0.008730707464886911,0.9389055501537266,0.7223593659528279,0.09883594353517222,0.04256070795044742,0.49561762460601366,0.1247181497501818,0.46794682093936857,0.34725422768655123,0.7135146340749655,0.4531838519126502,0.2222847057171501,0.6359317405682894,0.3928492521799022,0.7261567334009476,0.479996617918681,0.4461870706098533,0.3198646583145135,0.4246335031780293,0.34707608237191734,0.26418337689170435
0.5991053296141189,0.3810400362091443,0.6888223303237828,0.15000746512479357,0.8552579336187147,0.7759664712558562,0.07274944533075811,0.12238962008801835,0.04762000351775142,0.20511748919179196,0.40885654528043824,0.1510646373543545,0.17398789531401881,0.31983965241594026,0.8790412702843272,0.1266333207714968,0.3689421055953326,0.2002815330086185,0.570090823536582,0.012206474698390202,0.625467273784263,0.032059802852216435,0.26698224016857275,0.07905578614442987,0.6008006190000384,0.9919432418974865,0.5691001517804988,0.08729732061550499,0.2969344807726364,0.008730707464886911,0.9389055501537266,0.7223593659528279,0.09883594353517222,0.04256070795044742,0.49561762460601366,0.1247181497501818,0.46794682093936857,0.34725422768655123,0.7135146340749655,0.4531838519126502,0.2222847057171501,0.6359317405682894,0.3928492521799022,0.7261567334009476,0.479996617918681,0.4461870706098533,0.3198646583145135,0.4246335031780293,0.34707608237191734,0.26418337689170435
0.5991053296141189,0.3810400362091443,0.6888223303237828,0.15000746512479357,0.8552579336187147,0.7759664712558562,0.07274944533075811,0.12238962008801835,0.04762000351775142,0.20511748919179196,0.40885654528043824,0.1510646373543545,0.17398789531401881,0.31983965241594026,0.8790412702843272,0.1266333207714968,0.3689421055953326,0.2002815330086185,0.570090823536582,0.012206474698390202,0.625467273784263,0.032059802852216435,0.26698224016857275,0.07905578614442987,0.6008006190000384,0.9919432418974865,0.5691001517804988,0.08729732061550499,0.2969344807726364,0.008730707464886911,0.9389055501537266,0.7223593659528279,0.09883594353517222,0.04256070795044742,0.49561762460601366,0.1247181497501818,0.46794682093936857,0.34725422768655123,0.7135146340749655,0.4531838519126502,0.2222847057171501,0.6359317405682894,0.3928492521799022,0.7261567334009476,0.479996617918681,0.4461870706098533,0.3198646583145135,0.4246335031780293,0.34707608237191734,0.26418337689170435
0.5991053296141189,0.3810400362091443,0.6888223303237828,0.15000746512479357,0.8552579336187147,0.7759664712558562,0.07274944533075811,0.12238962008801835,0.04762000351775142,0.20511748919179196,0.40885654528043824,0.1510646373543545,0.17398789531401881,0.31983965241594026,0.8790412702843272,0.1266333207714968,0.3689421055953326,0.2002815330086185,0.570090823536582,0.012206474698390202,0.625467273784263,0.032059802852216435,0.26698224016857275,0.07905578614442987,0.6008006190000384,0.9919432418974865,0.5691001517804988,0.08729732061550499,0.2969344807726364,0.008730707464886911,0.9389055501537266,0.7223593659528279,0.09883594353517222,0.04256070795044742,0.49561762460601366,0.1247181497501818,0.46794682093936857,0.34725422768655123,0.7135146340749655,0.4531838519126502,0.2222847057171501,0.6359317405682894,0.3928492521799022,0.7261567334009476,0.479996617918681,0.4461870706098533,0.3198646583145135,0.4246335031780293,0.34707608237191734,0.26418337689170435
0.5991053296141189,0.3810400362091443,0.6888223303237828,0.15000746512479357,0.8552579336187147,0.7759664712558562,0.07274944533075811,0.12238962008801835,0.04762000351775142,0.20511748919179196,0.40885654528043824,0.1510646373543545,0.17398789531401881,0.31983965241594026,0.8790412702843272,0.1266333207714968,0.3689421055953326,0.2002815330086185,0.570090823536582,0.012206474698390202,0.625467273784263,0.032059802852216435,0.26698224016857275,0.07905578614442987,0.6008006190000384,0.9919432418974865,0.5691001517804988,0.08729732061550499,0.2969344807726364,0.008730707464886911,0.9389055501537266,0.7223593659528279,0.09883594353517222,0.04256070795044742,0.49561762460601366,0.1247181497501818,0.46794682093936857,0.34725422768655123,0.7135146340749655,0.4531838519126502,0.2222847057171501,0.6359317405682894,0.3928492521799022,0.7261567334009476,0.479996617918681,0.4461870706098533,0.3198646583145135,0.4246335031780293,0.34707608237191734,0.26418337689170435
0.5991053296141189,0.3810400362091443,0.6888223303237828,0.15000746512479357,0.8552579336187147,0.7759664712558562,0.07274944533075811,0.12238962008801835,0.04762000351775142,0.20511748919179196,0.40885654528043824,0.1510646373543545,0.17398789531401881,0.31983965241594026,0.8790412702843272,0.1266333207714968,0.3689421055953326,0.2002815330086185,0.570090823536582,0.012206474698390202,0.625467273784263,0.032059802852216435,0.26698224016857275,0.07905578614442987,0.6008006190000384,0.9919432418974865,0.5691001517804988,0.08729732061550499,0.2969344807726364,0.008730707464886911,0.9389055501537266,0.7223593659528279,0.09883594353517222,0.04256070795044742,0.49561762460601366,0.1247181497501818,0.46794682093936857,0.34725422768655123,0.7135146340749655,0.4531838519126502,0.2222847057171501,0.6359317405682894,0.3928492521799022,0.7261567334009476,0.479996617918681,0.4461870706098533,0.3198646583145135,0.4246335031780293,0.34707608237191734,0.26418337689170435
0.5991053296141189,0.3810400362091443,0.6888223303237828,0.15000746512479357,0.8552579336187147,0.7759664712558562,0.07274944533075811,0.12238962008801835,0.04762000351775142,0.20511748919179196,0.40885654528043824,0.1510646373543545,0.17398789531401881,0.31983965241594026,0.8790412702843272,0.1266333207714968,0.3689421055953326,0.2002815330086185,0.570090823536582,0.012206474698390202,0.625467273784263,0.032059802852216435,0.26698224016857275,0.07905578614442987,0.6008006190000384,0.9919432418974865,0.5691001517804988,0.08729732061550499,0.2969344807726364,0.008730707464886911,0.9389055501537266,0.7223593659528279,0.09883594353517222,0.04256070795044742,0.49561762460601366,0.1247181497501818,0.46794682093936857,0.34725422768655123,0.7135146340749655,0.4531838519126502,0.2222847057171501,0.6359317405682894,0.3928492521799022,0.7261567334009476,0.479996617918681,0.4461870706098533,0.3198646583145135,0.4246335031780293,0.34707608237191734,0.26418337689170435
0.5971879670803907,0.1186255852908693,0.04569937183883244,0.1201108650386653,0.3675304288123128,0.35383651776313396,0.03316916674962356,0.020414348764016488,0.10146331634241534,0.26296952024679243,0.1693575464189152,0.2882475866979928,0.3779334223948497,0.5011335093661582,0.21690250444699954,0.5489243570498425,0.8604726449192274,0.6417767853574043,0.4554168646928055,0.7055166326144716,0.10671171724013362,0.47161665925815044,0.3839824548223818,0.6073453550830518,0.7355251881173804,0.5970549345948657,0.9025441982911846,0.3793611964463205,0.627188566288685,0.29573262357213415,0.2333006108672263,0.2049825033805972,0.08831148220724783,0.2557452552350268,0.7139147571385995,0.16976445519852856,0.01871966839429262,0.641512281436182,0.02433274925327189,0.4983935486941886,0.09123253691971667,0.25053279233450776,0.23208729037733378,0.643994243255906,0.9670530754780009,0.9841545127500386,0.16939734853492627,0.18754834488878203,0.11774919649452975,0.3184962568517097
0.5971879670803907,0.1186255852908693,0.04569937183883244,0.1201108650386653,0.3675304288123128,0.35383651776313396,0.03316916674962356,0.020414348764016488,0.10146331634241534,0.26296952024679243,0.1693575464189152,0.2882475866979928,0.3779334223948497,0.5011335093661582,0.21690250444699954,0.5489243570498425,0.8604726449192274,0.6417767853574043,0.4554168646928055,0.7055166326144716,0.10671171724013362,0.47161665925815044,0.3839824548223818,0.6073453550830518,0.7355251881173804,0.5970549345948657,0.9025441982911846,0.3793611964463205,0.627188566288685,0.29573262357213415,0.2333006108672263,0.2049825033805972,0.08831148220724783,0.2557452552350268,0.7139147571385995,0.16976445519852856,0.01871966839429262,0.641512281436182,0.02433274925327189,0.4983935486941886,0.09123253691971667,0.25053279233450776,0.23208729037733378,0.643994243255906,0.9670530754780009,0.9841545127500386,0.16939734853492627,0.18754834488878203,0.11774919649452975,0.3184962568517097
0.5971879670803907,0.1186255852908693,0.04569937183883244,0.1201108650386653,0.3675304288123128,0.35383651776313396,0.03316916674962356,0.020414348764016488,0.10146331634241534,0.26296952024679243,0.1693575464189152,0.2882475866979928,0.3779334223948497,0.5011335093661582,0.21690250444699954,0.5489243570498425,0.8604726449192274,0.6417767853574043,0.4554168646928055,0.7055166326144716,0.10671171724013362,0.47161665925815044,0.3839824548223818,0.6073453550830518,0.7355251881173804,0.5970549345948657,0.9025441982911846,0.3793611964463205,0.627188566288685,0.29573262357213415,0.2333006108672263,0.2049825033805972,0.08831148220724783,0.2557452552350268,0.7139147571385995,0.16976445519852856,0.01871966839429262,0.641512281436182,0.02433274925327189,0.4983935486941886,0.09123253691971667,0.25053279233450776,0.23208729037733378,0.643994243255906,0.9670530754780009,0.9841545127500386,0.16939734853492627,0.18754834488878203,0.11774919649452975,0.3184962568517097
0.5971879670803907,0.1186255852908693,0.04569937183883244,0.1201108650386653,0.3675304288123128,0.35383651776313396,0.03316916674962356,0.020414348764016488,0.10146331634241534,0.26296952024679243,0.1693575464189152,0.2882475866979928,0.3779334223948497,0.5011335093661582,0.21690250444699954,0.5489243570498425,0.8604726449192274,0.6417767853574043,0.4554168646928055,0.7055166326144716,0.10671171724013362,0.47161665925815044,0.3839824548223818,0.6073453550830518,0.7355251881173804,0.5970549345948657,0.9025441982911846,0.3793611964463205,0.627188566288685,0.29573262357213415,0.2333006108672263,0.2049825033805972,0.08831148220724783,0.2557452552350268,0.7139147571385995,0.16976445519852856,0.01871966839429262,0.641512281436182,0.02433274925327189,0.4983935486941886,0.09123253691971667,0.25053279233450776,0.23208729037733378,0.643994243255906,0.9670530754780009,0.9841545127500386,0.16939734853492627,0.18754834488878203,0.11774919649452975,0.3184962568517097
0.5971879670803907,0.1186255852908693,0.04569937183883244,0.1201108650386653,0.3675304288123128,0.35383651776313396,0.03316916674962356,0.020414348764016488,0.10146331634241534,0.26296952024679243,0.1693575464189152,0.2882475866979928,0.3779334223948497,0.5011335093661582,0.21690250444699954,0.5489243570498425,0.8604726449192274,0.6417767853574043,0.4554168646928055,0.7055166326144716,0.10671171724013362,0.47161665925815044,0.3839824548223818,0.6073453550830518,0.7355251881173804,0.5970549345948657,0.9025441982911846,0.3793611964463205,0.627188566288685,0.29573262357213415,0.2333006108672263,0.2049825033805972,0.08831148220724783,0.2557452552350268,0.7139147571385995,0.16976445519852856,0.01871966839429262,0.641512281436182,0.02433274925327189,0.4983935486941886,0.09123253691971667,0.25053279233450776,0.23208729037733378,0.643994243255906,0.9670530754780009,0.9841545127500386,0.16939734853492627,0.18754834488878203,0.11774919649452975,0.3184962568517097
0.5971879670803907,0.1186255852908693,0.04569937183883244,0.1201108650386653,0.3675304288123128,0.35383651776313396,0.03316916674962356,0.020414348764016488,0.10146331634241534,0.26296952024679243,0.1693575464189152,0.2882475866979928,0.3779334223948497,0.5011335093661582,0.21690250444699954,0.5489243570498425,0.8604726449192274,0.6417767853574043,0.4554168646928055,0.7055166326144716,0.10671171724013362,0.47161665925815044,0.3839824548223818,0.6073453550830518,0.7355251881173804,0.5970549345948657,0.9025441982911846,0.3793611964463205,0.627188566288685,0.29573262357213415,0.2333006108672263,0.2049825033805972,0.08831148220724783,0.2557452552350268,0.7139147571385995,0.16976445519852856,0.01871966839429262,0.641512281436182,0.02433274925327189,0.4983935486941886,0.09123253691971667,0.25053279233450776,0.23208729037733378,0.643994243255906,0.9670530754780009,0.9841545127500386,0.16939734853492627,0.18754834488878203,0.11774919649452975,0.3184962568517097
0.5971879670803907,0.1186255852908693,0.04569937183883244,0.1201108650386653,0.3675304288123128,0.35383651776313396,0.03316916674962356,0.020414348764016488,0.10146331634241534,0.26296952024679243,0.1693575464189152,0.2882475866979928,0.3779334223948497,0.5011335093661582,0.21690250444699954,0.5489243570498425,0.8604726449192274,0.6417767853574043,0.4554168646928055,0.7055166326144716,0.10671171724013362,0.47161665925815044,0.3839824548223818,0.6073453550830518,0.7355251881173804,0.5970549345948657,0.9025441982911846,0.3793611964463205,0.627188566288685,0.29573262357213415,0.2333006108672263,0.2049825033805972,0.08831148220724783,0.2557452552350268,0.7139147571385995,0.16976445519852856,0.01871966839429262,0.641512281436182,0.02433274925327189,0.4983935486941886,0.09123253691971667,0.25053279233450776,0.23208729037733378,0.643994243255906,0.9670530754780009,0.9841545127500386,0.16939734853492627,0.18754834488878203,0.11774919649452975,0.3184962568517097
0.5971879670803907,0.1186255852908693,0.04569937183883244,0.1201108650386653,0.3675304288123128,0.35383651776313396,0.03316916674962356,0.020414348764016488,0.10146331634241534,0.26296952024679243,0.1693575464189152,0.2882475866979928,0.3779334223948497,0.5011335093661582,0.21690250444699954,0.5489243570498425,0.8604726449192274,0.6417767853574043,0.4554168646928055,0.7055166326144716,0.10671171724013362,0.47161665925815044,0.3839824548223818,0.6073453550830518,0.7355251881173804,0.5970549345948657,0.9025441982911846,0.3793611964463205,0.627188566288685,0.29573262357213415,0.2333006108672263,0.2049825033805972,0.08831148220724783,0.2557452552350268,0.7139147571385995,0.16976445519852856,0.01871966839429262,0.641512281436182,0.02433274925327189,0.4983935486941886,0.09123253691971667,0.25053279233450776,0.23208729037733378,0.643994243255906,0.9670530754780009,0.9841545127500386,0.16939734853492627,0.18754834488878203,0.11774919649452975,0.3184962568517097
0.5971879670803907,0.1186255852908693,0.04569937183883244,0.1201108650386653,0.3675304288123128,0.35383651776313396,0.03316916674962356,0.020414348764016488,0.10146331634241534,0.26296952024679243,0.1693575464189152,0.2882475866979928,0.3779334223948497,0.5011335093661582,0.21690250444699954,0.5489243570498425,0.8604726449192274,0.6417767853574043,0.4554168646928055,0.7055166326144716,0.10671171724013362,0.47161665925815044,0.3839824548223818,0.6073453550830518,0.7355251881173804,0.5970549345948657,0.9025441982911846,0.3793611964463205,0.627188566288685,0.29573262357213415,0.2333006108672263,0.2049825033805972,0.08831148220724783,0.2557452552350268,0.7139147571385995,0.16976445519852856,0.01871966839429262,0.641512281436182,0.02433274925327189,0.4983935486941886,0.09123253691971667,0.25053279233450776,0.23208729037733378,0.643994243255906,0.9670530754780009,0.9841545127500386,0.16939734853492627,0.18754834488878203,0.11774919649452975,0.3184962568517097
0.5971879670803907,0.1186255852908693,0.04569937183883244,0.1201108650386653,0.3675304288123128,0.35383651776313396,0.03316916674962356,0.020414348764016488,0.10146331634241534,0.26296952024679243,0.1693575464189152,0.2882475866979928,0.3779334223948497,0.5011335093661582,0.21690250444699954,0.5489243570498425,0.8604726449192274,0.6417767853574043,0.4554168646928055,0.7055166326144716,0.10671171724013362,0.47161665925815044,0.3839824548223818,0.6073453550830518,0.7355251881173804,0.5970549345948657,0.9025441982911846,0.3793611964463205,0.627188566288685,0.29573262357213415,0.2333006108672263,0.2049825033805972,0.08831148220724783,0.2557452552350268,0.7139147571385995,0.16976445519852856,0.01871966839429262,0.641512281436182,0.02433274925327189,0.4983935486941886,0.09123253691971667,0.25053279233450776,0.23208729037733378,0.643994243255906,0.9670530754780009,0.9841545127500386,0.16939734853492627,0.18754834488878203,0.11774919649452975,0.3184962568517097
0.5971879670803907,0.1186255852908693,0.04569937183883244,0.1201108650386653,0.3675304288123128,0.35383651776313396,0.03316916674962356,0.020414348764016488,0.10146331634241534,0.26296952024679243,0.1693575464189152,0.2882475866979928,0.3779334223948497,0.5011335093661582,0.21690250444699954,0.5489243570498425,0.8604726449192274,0.6417767853574043,0.4554168646928055,0.7055166326144716,0.10671171724013362,0.47161665925815044,0.3839824548223818,0.6073453550830518,0.7355251881173804,0.5970549345948657,0.9025441982911846,0.3793611964463205,0.627188566288685,0.29573262357213415,0.2333006108672263,0.2049825033805972,0.08831148220724783,0.2557452552350268,0.7139147571385995,0.16976445519852856,0.01871966839429262,0.641512281436182,0.02433274925327189,0.4983935486941886,0.09123253691971667,0.25053279233450776,0.23208729037733378,0.643994243255906,0.9670530754780009,0.9841545127500386,0.16939734853492627,0.18754834488878203,0.11774919649452975,0.3184962568517097
0.5971879670803907,0.1186255852908693,0.04569937183883244,0.1201108650386653,0.3675304288123128,0.35383651776313396,0.03316916674962356,0.020414348764016488,0.10146331634241534,0.26296952024679243,0.1693575464189152,0.2882475866979928,0.3779334223948497,0.5011335093661582,0.21690250444699954,0.5489243570498425,0.8604726449192274,0.6417767853574043,0.4554168646928055,0.7055166326144716,0.10671171724013362,0.47161665925815044,0.3839824548223818,0.6073453550830518,0.7355251881173804,0.5970549345948657,0.9025441982911846,0.3793611964463205,0.627188566288685,0.29573262357213415,0.2333006108672263,0.2049825033805972,0.08831148220724783,0.2557452552350268,0.7139147571385995,0.16976445519852856,0.01871966839429262,0.641512281436182,0.02433274925327189,0.4983935486941886,0.09123253691971667,0.25053279233450776,0.23208729037733378,0.643994243255906,0.9670530754780009,0.9841545127500386,0.16939734853492627,0.18754834488878203,0.11774919649452975,0.3184962568517097
0.5971879670803907,0.1186255852908693,0.04569937183883244,0.1201108650386653,0.3675304288123128,0.35383651776313396,0.03316916674962356,0.020414348764016488,0.10146331634241534,0.26296952024679243,0.1693575464189152,0.2882475866979928,0.3779334223948497,0.5011335093661582,0.21690250444699954,0.5489243570498425,0.8604726449192274,0.6417767853574043,0.4554168646928055,0.7055166326144716,0.10671171724013362,0.47161665925815044,0.3839824548223818,0.6073453550830518,0.7355251881173804,0.5970549345948657,0.9025441982911846,0.3793611964463205,0.627188566288685,0.29573262357213415,0.2333006108672263,0.2049825033805972,0.08831148220724783,0.2557452552350268,0.7139147571385995,0.16976445519852856,0.01871966839429262,0.641512281436182,0.02433274925327189,0.4983935486941886,0.09123253691971667,0.25053279233450776,0.23208729037733378,0.643994243255906,0.9670530754780009,0.9841545127500386,0.16939734853492627,0.18754834488878203,0.11774919649452975,0.3184962568517097
0.5971879670803907,0.1186255852908693,0.04569937183883244,0.1201108650386653,0.3675304288123128,0.35383651776313396,0.03316916674962356,0.020414348764016488,0.10146331634241534,0.26296952024679243,0.1693575464189152,0.2882475866979928,0.3779334223948497,0.5011335093661582,0.21690250444699954,0.5489243570498425,0.8604726449192274,0.6417767853574043,0.4554168646928055,0.7055166326144716,0.10671171724013362,0.47161665925815044,0.3839824548223818,0.6073453550830518,0.7355251881173804,0.5970549345948657,0.9025441982911846,0.3793611964463205,0.627188566288685,0.29573262357213415,0.2333006108672263,0.2049825033805972,0.08831148220724783,0.2557452552350268,0.7139147571385995,0.16976445519852856,0.01871966839429262,0.641512281436182,0.02433274925327189,0.4983935486941886,0.09123253691971667,0.25053279233450776,0.23208729037733378,0.643994243255906,0.9670530754780009,0.9841545127500386,0.16939734853492627,0.18754834488878203,0.11774919649452975,0.3184962568517097
0.5971879670803907,0.1186255852908693,0.04569937183883244,0.1201108650386653,0.3675304288123128,0.35383651776313396,0.03316916674962356,0.020414348764016488,0.10146331634241534,0.26296952024679243,0.1693575464189152,0.2882475866979928,0.3779334223948497,0.5011335093661582,0.21690250444699954,0.5489243570498425,0.8604726449192274,0.6417767853574043,0.4554168646928055,0.7055166326144716,0.10671171724013362,0.47161665925815044,0.3839824548223818,0.6073453550830518,0.7355251881173804,0.5970549345948657,0.9025441982911846,0.3793611964463205,0.627188566288685,0.29573262357213415,0.2333006108672263,0.2049825033805972,0.08831148220724783,0.2557452552350268,0.7139147571385995,0.16976445519852856,0.01871966839429262,0.641512281436182,0.02433274925327189,0.4983935486941886,0.09123253691971667,0.25053279233450776,0.23208729037733378,0.643994243255906,0.9670530754780009,0.9841545127500386,0.16939734853492627,0.18754834488878203,0.11774919649452975,0.3184962568517097
0.5971879670803907,0.1186255852908693,0.04569937183883244,0.1201108650386653,0.3675304288123128,0.35383651776313396,0.03316916674962356,0.020414348764016488,0.10146331634241534,0.26296952024679243,0.1693575464189152,0.2882475866979928,0.3779334223948497,0.5011335093661582,0.21690250444699954,0.5489243570498425,0.8604726449192274,0.6417767853574043,0.4554168646928055,0.7055166326144716,0.10671171724013362,0.47161665925815044,0.3839824548223818,0.6073453550830518,0.7355251881173804,0.5970549345948657,0.9025441982911846,0.3793611964463205,0.627188566288685,0.29573262357213415,0.2333006108672263,0.2049825033805972,0.08831148220724783,0.2557452552350268,0.7139147571385995,0.16976445519852856,0.01871966839429262,0.641512281436182,0.02433274925327189,0.4983935486941886,0.09123253691971667,0.25053279233450776,0.23208729037733378,0.643994243255906,0.9670530754780009,0.9841545127500386,0.16939734853492627,0.18754834488878203,0.11774919649452975,0.3184962568517097
0.5971879670803907,0.1186255852908693,0.04569937183883244,0.1201108650386653,0.3675304288123128,0.35383651776313396,0.03316916674962356,0.020414348764016488,0.10146331634241534,0.26296952024679243,0.1693575464189152,0.2882475866979928,0.3779334223948497,0.5011335093661582,0.21690250444699954,0.5489243570498425,0.8604726449192274,0.6417767853574043,0.4554168646928055,0.7055166326144716,0.10671171724013362,0.47161665925815044,0.3839824548223818,0.6073453550830518,0.7355251881173804,0.5970549345948657,0.9025441982911846,0.3793611964463205,0.627188566288685,0.29573262357213415,0.2333006108672263,0.2049825033805972,0.08831148220724783,0.2557452552350268,0.7139147571385995,0.16976445519852856,0.01871966839429262,0.641512281436182,0.02433274925327189,0.4983935486941886,0.09123253691971667,0.25053279233450776,0.23208729037733378,0.643994243255906,0.9670530754780009,0.9841545127500386,0.16939734853492627,0.18754834488878203,0.11774919649452975,0.3184962568517097
0.5971879670803907,0.1186255852908693,0.04569937183883244,0.1201108650386653,0.3675304288123128,0.35383651776313396,0.03316916674962356,0.020414348764016488,0.10146331634241534,0.26296952024679243,0.1693575464189152,0.2882475866979928,0.3779334223948497,0.5011335093661582,0.21690250444699954,0.5489243570498425,0.8604726449192274,0.6417767853574043,0.4554168646928055,0.7055166326144716,0.10671171724013362,0.47161665925815044,0.3839824548223818,0.6073453550830518,0.7355251881173804,0.5970549345948657,0.9025441982911846,0.3793611964463205,0.627188566288685,0.29573262357213415,0.2333006108672263,0.2049825033805972,0.08831148220724783,0.2557452552350268,0.7139147571385995,0.16976445519852856,0.01871966839429262,0.641512281436182,0.02433274925327189,0.4983935486941886,0.09123253691971667,0.25053279233450776,0.23208729037733378,0.643994243255906,0.9670530754780009,0.9841545127500386,0.16939734853492627,0.18754834488878203,0.11774919649452975,0.3184962568517097
0.5971879670803907,0.1186255852908693,0.04569937183883244,0.1201108650386653,0.3675304288123128,0.35383651776313396,0.03316916674962356,0.020414348764016488,0.10146331634241534,0.26296952024679243,0.1693575464189152,0.2882475866979928,0.3779334223948497,0.5011335093661582,0.21690250444699954,0.5489243570498425,0.8604726449192274,0.6417767853574043,0.4554168646928055,0.7055166326144716,0.10671171724013362,0.47161665925815044,0.3839824548223818,0.6073453550830518,0.7355251881173804,0.5970549345948657,0.9025441982911846,0.3793611964463205,0.627188566288685,0.29573262357213415,0.2333006108672263,0.2049825033805972,0.08831148220724783,0.2557452552350268,0.7139147571385995,0.16976445519852856,0.01871966839429262,0.641512281436182,0.02433274925327189,0.4983935486941886,0.09123253691971667,0.25053279233450776,0.23208729037733378,0.643994243255906,0.9670530754780009,0.9841545127500386,0.16939734853492627,0.18754834488878203,0.11774919649452975,0.3184962568517097
0.5971879670803907,0.1186255852908693,0.04569937183883244,0.1201108650386653,0.3675304288123128,0.35383651776313396,0.03316916674962356,0.020414348764016488,0.10146331634241534,0.26296952024679243,0.1693575464189152,0.2882475866979928,0.3779334223948497,0.5011335093661582,0.21690250444699954,0.5489243570498425,0.8604726449192274,0.6417767853574043,0.4554168646928055,0.7055166326144716,0.10671171724013362,0.47161665925815044,0.3839824548223818,0.6073453550830518,0.7355251881173804,0.5970549345948657,0.9025441982911846,0.3793611964463205,0.627188566288685,0.29573262357213415,0.2333006108672263,0.2049825033805972,0.08831148220724783,0.2557452552350268,0.7139147571385995,0.16976445519852856,0.01871966839429262,0.641512281436182,0.02433274925327189,0.4983935486941886,0.09123253691971667,0.25053279233450776,0.23208729037733378,0.643994243255906,0.9670530754780009,0.9841545127500386,0.16939734853492627,0.18754834488878203,0.11774919649452975,0.3184962568517097
0.5971879670803907,0.1186255852908693,0.04569937183883244,0.1201108650386653,0.3675304288123128,0.35383651776313396,0.03316916674962356,0.020414348764016488,0.10146331634241534,0.26296952024679243,0.1693575464189152,0.2882475866979928,0.3779334223948497,0.5011335093661582,0.21690250444699954,0.5489243570498425,0.8604726449192274,0.6417767853574043,0.4554168646928055,0.7055166326144716,0.10671171724013362,0.47161665925815044,0.3839824548223818,0.6073453550830518,0.7355251881173804,0.5970549345948657,0.9025441982911846,0.3793611964463205,0.627188566288685,0.29573262357213415,0.2333006108672263,0.2049825033805972,0.08831148220724783,0.2557452552350268,0.7139147571385995,0.16976445519852856,0.01871966839429262,0.641512281436182,0.02433274925327189,0.4983935486941886,0.09123253691971667,0.25053279233450776,0.23208729037733378,0.643994243255906,0.9670530754780009,0.9841545127500386,0.16939734853492627,0.18754834488878203,0.11774919649452975,0.3184962568517097
0.5971879670803907,0.1186255852908693,0.04569937183883244,0.1201108650386653,0.3675304288123128,0.35383651776313396,0.03316916674962356,0.020414348764016488,0.10146331634241534,0.26296952024679243,0.1693575464189152,0.2882475866979928,0.3779334223948497,0.5011335093661582,0.21690250444699954,0.5489243570498425,0.8604726449192274,0.6417767853574043,0.4554168646928055,0.7055166326144716,0.10671171724013362,0.47161665925815044,0.3839824548223818,0.6073453550830518,0.7355251881173804,0.5970549345948657,0.9025441982911846,0.3793611964463205,0.627188566288685,0.29573262357213415,0.2333006108672263,0.2049825033805972,0.08831148220724783,0.2557452552350268,0.7139147571385995,0.16976445519852856,0.01871966839429262,0.641512281436182,0.02433274925327189,0.4983935486941886,0.09123253691971667,0.25053279233450776,0.23208729037733378,0.643994243255906,0.9670530754780009,0.9841545127500386,0.16939734853492627,0.18754834488878203,0.11774919649452975,0.3184962568517097
0.5971879670803907,0.1186255852908693,0.04569937183883244,0.1201108650386653,0.3675304288123128,0.35383651776313396,0.03316916674962356,0.020414348764016488,0.10146331634241534,0.26296952024679243,0.1693575464189152,0.2882475866979928,0.3779334223948497,0.5011335093661582,0.21690250444699954,0.5489243570498425,0.8604726449192274,0.6417767853574043,0.4554168646928055,0.7055166326144716,0.10671171724013362,0.47161665925815044,0.3839824548223818,0.6073453550830518,0.7355251881173804,0.5970549345948657,0.9025441982911846,0.3793611964463205,0.627188566288685,0.29573262357213415,0.2333006108672263,0.2049825033805972,0.08831148220724783,0.2557452552350268,0.7139147571385995,0.16976445519852856,0.01871966839429262,0.641512281436182,0.02433274925327189,0.4983935486941886,0.09123253691971667,0.25053279233450776,0.23208729037733378,0.643994243255906,0.9670530754780009,0.9841545127500386,0.16939734853492627,0.18754834488878203,0.11774919649452975,0.3184962568517097
0.5971879670803907,0.1186255852908693,0.04569937183883244,0.1201108650386653,0.3675304288123128,0.35383651776313396,0.03316916674962356,0.020414348764016488,0.10146331634241534,0.26296952024679243,0.1693575464189152,0.2882475866979928,0.3779334223948497,0.5011335093661582,0.21690250444699954,0.5489243570498425,0.8604726449192274,0.6417767853574043,0.4554168646928055,0.7055166326144716,0.10671171724013362,0.47161665925815044,0.3839824548223818,0.6073453550830518,0.7355251881173804,0.5970549345948657,0.9025441982911846,0.3793611964463205,0.627188566288685,0.29573262357213415,0.2333006108672263,0.2049825033805972,0.08831148220724783,0.2557452552350268,0.7139147571385995,0.16976445519852856,0.01871966839429262,0.641512281436182,0.02433274925327189,0.4983935486941886,0.09123253691971667,0.25053279233450776,0.23208729037733378,0.643994243255906,0.9670530754780009,0.9841545127500386,0.16939734853492627,0.18754834488878203,0.11774919649452975,0.3184962568517097
0.5971879670803907,0.1186255852908693,0.04569937183883244,0.1201108650386653,0.3675304288123128,0.35383651776313396,0.03316916674962356,0.020414348764016488,0.10146331634241534,0.26296952024679243,0.1693575464189152,0.2882475866979928,0.3779334223948497,0.5011335093661582,0.21690250444699954,0.5489243570498425,0.8604726449192274,0.6417767853574043,0.4554168646928055,0.7055166326144716,0.10671171724013362,0.47161665925815044,0.3839824548223818,0.6073453550830518,0.7355251881173804,0.5970549345948657,0.9025441982911846,0.3793611964463205,0.627188566288685,0.29573262357213415,0.2333006108672263,0.2049825033805972,0.08831148220724783,0.2557452552350268,0.7139147571385995,0.16976445519852856,0.01871966839429262,0.641512281436182,0.02433274925327189,0.4983935486941886,0.09123253691971667,0.25053279233450776,0.23208729037733378,0.643994243255906,0.9670530754780009,0.9841545127500386,0.16939734853492627,0.18754834488878203,0.11774919649452975,0.3184962568517097
0.5971879670803907,0.1186255852908693,0.04569937183883244,0.1201108650386653,0.3675304288123128,0.35383651776313396,0.03316916674962356,0.020414348764016488,0.10146331634241534,0.26296952024679243,0.1693575464189152,0.2882475866979928,0.3779334223948497,0.5011335093661582,0.21690250444699954,0.5489243570498425,0.8604726449192274,0.6417767853574043,0.4554168646928055,0.7055166326144716,0.10671171724013362,0.47161665925815044,0.3839824548223818,0.6073453550830518,0.7355251881173804,0.5970549345948657,0.9025441982911846,0.3793611964463205,0.627188566288685,0.29573262357213415,0.2333006108672263,0.2049825033805972,0.08831148220724783,0.2557452552350268,0.7139147571385995,0.16976445519852856,0.01871966839429262,0.641512281436182,0.02433274925327189,0.4983935486941886,0.09123253691971667,0.25053279233450776,0.23208729037733378,0.643994243255906,0.9670530754780009,0.9841545127500386,0.16939734853492627,0.18754834488878203,0.11774919649452975,0.3184962568517097
0.5971879670803907,0.1186255852908693,0.04569937183883244,0.1201108650386653,0.3675304288123128,0.35383651776313396,0.03316916674962356,0.020414348764016488,0.10146331634241534,0.26296952024679243,0.1693575464189152,0.2882475866979928,0.3779334223948497,0.5011335093661582,0.21690250444699954,0.5489243570498425,0.8604726449192274,0.6417767853574043,0.4554168646928055,0.7055166326144716,0.10671171724013362,0.47161665925815044,0.3839824548223818,0.6073453550830518,0.7355251881173804,0.5970549345948657,0.9025441982911846,0.3793611964463205,0.627188566288685,0.29573262357213415,0.2333006108672263,0.2049825033805972,0.08831148220724783,0.2557452552350268,0.7139147571385995,0.16976445519852856,0.01871966839429262,0.641512281436182,0.02433274925327189,0.4983935486941886,0.09123253691971667,0.25053279233450776,0.23208729037733378,0.643994243255906,0.9670530754780009,0.9841545127500386,0.16939734853492627,0.18754834488878203,0.11774919649452975,0.3184962568517097
0.5971879670803907,0.1186255852908693,0.04569937183883244,0.1201108650386653,0.3675304288123128,0.35383651776313396,0.03316916674962356,0.020414348764016488,0.10146331634241534,0.26296952024679243,0.1693575464189152,0.2882475866979928,0.3779334223948497,0.5011335093661582,0.21690250444699954,0.5489243570498425,0.8604726449192274,0.6417767853574043,0.4554168646928055,0.7055166326144716,0.10671171724013362,0.47161665925815044,0.3839824548223818,0.6073453550830518,0.7355251881173804,0.5970549345948657,0.9025441982911846,0.3793611964463205,0.627188566288685,0.29573262357213415,0.2333006108672263,0.2049825033805972,0.08831148220724783,0.2557452552350268,0.7139147571385995,0.16976445519852856,0.01871966839429262,0.641512281436182,0.02433274925327189,0.4983935486941886,0.09123253691971667,0.25053279233450776,0.23208729037733378,0.643994243255906,0.9670530754780009,0.9841545127500386,0.16939734853492627,0.18754834488878203,0.11774919649452975,0.3184962568517097
0.5971879670803907,0.1186255852908693,0.04569937183883244,0.1201108650386653,0.3675304288123128,0.35383651776313396,0.03316916674962356,0.020414348764016488,0.10146331634241534,0.26296952024679243,0.1693575464189152,0.2882475866979928,0.3779334223948497,0.5011335093661582,0.21690250444699954,0.5489243570498425,0.8604726449192274,0.6417767853574043,0.4554168646928055,0.7055166326144716,0.10671171724013362,0.47161665925815044,0.3839824548223818,0.6073453550830518,0.7355251881173804,0.5970549345948657,0.9025441982911846,0.3793611964463205,0.627188566288685,0.29573262357213415,0.2333006108672263,0.2049825033805972,0.08831148220724783,0.2557452552350268,0.7139147571385995,0.16976445519852856,0.01871966839429262,0.641512281436182,0.02433274925327189,0.4983935486941886,0.09123253691971667,0.25053279233450776,0.23208729037733378,0.643994243255906,0.9670530754780009,0.9841545127500386,0.16939734853492627,0.18754834488878203,0.11774919649452975,0.3184962568517097
0.5971879670803907,0.1186255852908693,0.04569937183883244,0.1201108650386653,0.3675304288123128,0.35383651776313396,0.03316916674962356,0.020414348764016488,0.10146331634241534,0.26296952024679243,0.1693575464189152,0.2882475866979928,0.3779334223948497,0.5011335093661582,0.21690250444699954,0.5489243570498425,0.8604726449192274,0.6417767853574043,0.4554168646928055,0.7055166326144716,0.10671171724013362,0.47161665925815044,0.3839824548223818,0.6073453550830518,0.7355251881173804,0.5970549345948657,0.9025441982911846,0.3793611964463205,0.627188566288685,0.29573262357213415,0.2333006108672263,0.2049825033805972,0.08831148220724783,0.2557452552350268,0.7139147571385995,0.16976445519852856,0.01871966839429262,0.641512281436182,0.02433274925327189,0.4983935486941886,0.09123253691971667,0.25053279233450776,0.23208729037733378,0.643994243255906,0.9670530754780009,0.9841545127500386,0.16939734853492627,0.18754834488878203,0.11774919649452975,0.3184962568517097
0.5971879670803907,0.1186255852908693,0.04569937183883244,0.1201108650386653,0.3675304288123128,0.35383651776313396,0.03316916674962356,0.020414348764016488,0.10146331634241534,0.26296952024679243,0.1693575464189152,0.2882475866979928,0.3779334223948497,0.5011335093661582,0.21690250444699954,0.5489243570498425,0.8604726449192274,0.6417767853574043,0.4554168646928055,0.7055166326144716,0.10671171724013362,0.47161665925815044,0.3839824548223818,0.6073453550830518,0.7355251881173804,0.5970549345948657,0.9025441982911846,0.3793611964463205,0.627188566288685,0.29573262357213415,0.2333006108672263,0.2049825033805972,0.08831148220724783,0.2557452552350268,0.7139147571385995,0.16976445519852856,0.01871966839429262,0.641512281436182,0.02433274925327189,0.4983935486941886,0.09123253691971667,0.25053279233450776,0.23208729037733378,0.643994243255906,0.9670530754780009,0.9841545127500386,0.16939734853492627,0.18754834488878203,0.11774919649452975,0.3184962568517097
0.5971879670803907,0.1186255852908693,0.04569937183883244,0.1201108650386653,0.3675304288123128,0.35383651776313396,0.03316916674962356,0.020414348764016488,0.10146331634241534,0.26296952024679243,0.1693575464189152,0.2882475866979928,0.3779334223948497,0.5011335093661582,0.21690250444699954,0.5489243570498425,0.8604726449192274,0.6417767853574043,0.4554168646928055,0.7055166326144716,0.10671171724013362,0.47161665925815044,0.3839824548223818,0.6073453550830518,0.7355251881173804,0.5970549345948657,0.9025441982911846,0.3793611964463205,0.627188566288685,0.29573262357213415,0.2333006108672263,0.2049825033805972,0.08831148220724783,0.2557452552350268,0.7139147571385995,0.16976445519852856,0.01871966839429262,0.641512281436182,0.02433274925327189,0.4983935486941886,0.09123253691971667,0.25053279233450776,0.23208729037733378,0.643994243255906,0.9670530754780009,0.9841545127500386,0.16939734853492627,0.18754834488878203,0.11774919649452975,0.3184962568517097
0.5971879670803907,0.1186255852908693,0.04569937183883244,0.1201108650386653,0.3675304288123128,0.35383651776313396,0.03316916674962356,0.020414348764016488,0.10146331634241534,0.26296952024679243,0.1693575464189152,0.2882475866979928,0.3779334223948497,0.5011335093661582,0.21690250444699954,0.5489243570498425,0.8604726449192274,0.6417767853574043,0.4554168646928055,0.7055166326144716,0.10671171724013362,0.47161665925815044,0.3839824548223818,0.6073453550830518,0.7355251881173804,0.5970549345948657,0.9025441982911846,0.3793611964463205,0.627188566288685,0.29573262357213415,0.2333006108672263,0.2049825033805972,0.08831148220724783,0.2557452552350268,0.7139147571385995,0.16976445519852856,0.01871966839429262,0.641512281436182,0.02433274925327189,0.4983935486941886,0.09123253691971667,0.25053279233450776,0.23208729037733378,0.643994243255906,0.9670530754780009,0.9841545127500386,0.16939734853492627,0.18754834488878203,0.11774919649452975,0.3184962568517097
0.5971879670803907,0.1186255852908693,0.04569937183883244,0.1201108650386653,0.3675304288123128,0.35383651776313396,0.03316916674962356,0.020414348764016488,0.10146331634241534,0.26296952024679243,0.1693575464189152,0.2882475866979928,0.3779334223948497,0.5011335093661582,0.21690250444699954,0.5489243570498425,0.8604726449192274,0.6417767853574043,0.4554168646928055,0.7055166326144716,0.10671171724013362,0.47161665925815044,0.3839824548223818,0.6073453550830518,0.7355251881173804,0.5970549345948657,0.9025441982911846,0.3793611964463205,0.627188566288685,0.29573262357213415,0.2333006108672263,0.2049825033805972,0.08831148220724783,0.2557452552350268,0.7139147571385995,0.16976445519852856,0.01871966839429262,0.641512281436182,0.02433274925327189,0.4983935486941886,0.09123253691971667,0.25053279233450776,0.23208729037733378,0.643994243255906,0.9670530754780009,0.9841545127500386,0.16939734853492627,0.18754834488878203,0.11774919649452975,0.3184962568517097
0.5971879670803907,0.1186255852908693,0.04569937183883244,0.1201108650386653,0.3675304288123128,0.35383651776313396,0.03316916674962356,0.020414348764016488,0.10146331634241534,0.26296952024679243,0.1693575464189152,0.2882475866979928,0.3779334223948497,0.5011335093661582,0.21690250444699954,0.5489243570498425,0.8604726449192274,0.6417767853574043,0.4554168646928055,0.7055166326144716,0.10671171724013362,0.47161665925815044,0.3839824548223818,0.6073453550830518,0.7355251881173804,0.5970549345948657,0.9025441982911846,0.3793611964463205,0.627188566288685,0.29573262357213415,0.2333006108672263,0.2049825033805972,0.08831148220724783,0.2557452552350268,0.7139147571385995,0.16976445519852856,0.01871966839429262,0.641512281436182,0.02433274925327189,0.4983935486941886,0.09123253691971667,0.25053279233450776,0.23208729037733378,0.643994243255906,0.9670530754780009,0.9841545127500386,0.16939734853492627,0.18754834488878203,0.11774919649452975,0.3184962568517097
0.5971879670803907,0.1186255852908693,0.04569937183883244,0.1201108650386653,0.3675304288123128,0.35383651776313396,0.03316916674962356,0.020414348764016488,0.10146331634241534,0.26296952024679243,0.1693575464189152,0.2882475866979928,0.3779334223948497,0.5011335093661582,0.21690250444699954,0.5489243570498425,0.8604726449192274,0.6417767853574043,0.4554168646928055,0.7055166326144716,0.10671171724013362,0.47161665925815044,0.3839824548223818,0.6073453550830518,0.7355251881173804,0.5970549345948657,0.9025441982911846,0.3793611964463205,0.627188566288685,0.29573262357213415,0.2333006108672263,0.2049825033805972,0.08831148220724783,0.2557452552350268,0.7139147571385995,0.16976445519852856,0.01871966839429262,0.641512281436182,0.02433274925327189,0.4983935486941886,0.09123253691971667,0.25053279233450776,0.23208729037733378,0.643994243255906,0.9670530754780009,0.9841545127500386,0.16939734853492627,0.18754834488878203,0.11774919649452975,0.3184962568517097
0.5971879670803907,0.1186255852908693,0.04569937183883244,0.1201108650386653,0.3675304288123128,0.35383651776313396,0.03316916674962356,0.020414348764016488,0.10146331634241534,0.26296952024679243,0.1693575464189152,0.2882475866979928,0.3779334223948497,0.5011335093661582,0.21690250444699954,0.5489243570498425,0.8604726449192274,0.6417767853574043,0.4554168646928055,0.7055166326144716,0.10671171724013362,0.47161665925815044,0.3839824548223818,0.6073453550830518,0.7355251881173804,0.5970549345948657,0.9025441982911846,0.3793611964463205,0.627188566288685,0.29573262357213415,0.2333006108672263,0.2049825033805972,0.08831148220724783,0.2557452552350268,0.7139147571385995,0.16976445519852856,0.01871966839429262,0.641512281436182,0.02433274925327189,0.4983935486941886,0.09123253691971667,0.25053279233450776,0.23208729037733378,0.643994243255906,0.9670530754780009,0.9841545127500386,0.16939734853492627,0.18754834488878203,0.11774919649452975,0.3184962568517097
0.5971879670803907,0.1186255852908693,0.04569937183883244,0.1201108650386653,0.3675304288123128,0.35383651776313396,0.03316916674962356,0.020414348764016488,0.10146331634241534,0.26296952024679243,0.1693575464189152,0.2882475866979928,0.3779334223948497,0.5011335093661582,0.21690250444699954,0.5489243570498425,0.8604726449192274,0.6417767853574043,0.4554168646928055,0.7055166326144716,0.10671171724013362,0.47161665925815044,0.3839824548223818,0.6073453550830518,0.7355251881173804,0.5970549345948657,0.9025441982911846,0.3793611964463205,0.627188566288685,0.29573262357213415,0.2333006108672263,0.2049825033805972,0.08831148220724783,0.2557452552350268,0.7139147571385995,0.16976445519852856,0.01871966839429262,0.641512281436182,0.02433274925327189,0.4983935486941886,0.09123253691971667,0.25053279233450776,0.23208729037733378,0.643994243255906,0.9670530754780009,0.9841545127500386,0.16939734853492627,0.18754834488878203,0.11774919649452975,0.3184962568517097
0.5971879670803907,0.1186255852908693,0.04569937183883244,0.1201108650386653,0.3675304288123128,0.35383651776313396,0.03316916674962356,0.020414348764016488,0.10146331634241534,0.26296952024679243,0.1693575464189152,0.2882475866979928,0.3779334223948497,0.5011335093661582,0.21690250444699954,0.5489243570498425,0.8604726449192274,0.6417767853574043,0.4554168646928055,0.7055166326144716,0.10671171724013362,0.47161665925815044,0.3839824548223818,0.6073453550830518,0.7355251881173804,0.5970549345948657,0.9025441982911846,0.3793611964463205,0.627188566288685,0.29573262357213415,0.2333006108672263,0.2049825033805972,0.08831148220724783,0.2557452552350268,0.7139147571385995,0.16976445519852856,0.01871966839429262,0.641512281436182,0.02433274925327189,0.4983935486941886,0.09123253691971667,0.25053279233450776,0.23208729037733378,0.643994243255906,0.9670530754780009,0.9841545127500386,0.16939734853492627,0.18754834488878203,0.11774919649452975,0.3184962568517097
0.5971879670803907,0.1186255852908693,0.04569937183883244,0.1201108650386653,0.3675304288123128,0.35383651776313396,0.03316916674962356,0.020414348764016488,0.10146331634241534,0.26296952024679243,0.1693575464189152,0.2882475866979928,0.3779334223948497,0.5011335093661582,0.21690250444699954,0.5489243570498425,0.8604726449192274,0.6417767853574043,0.4554168646928055,0.7055166326144716,0.10671171724013362,0.47161665925815044,0.3839824548223818,0.6073453550830518,0.7355251881173804,0.5970549345948657,0.9025441982911846,0.3793611964463205,0.627188566288685,0.29573262357213415,0.2333006108672263,0.2049825033805972,0.08831148220724783,0.2557452552350268,0.7139147571385995,0.16976445519852856,0.01871966839429262,0.641512281436182,0.02433274925327189,0.4983935486941886,0.09123253691971667,0.25053279233450776,0.23208729037733378,0.643994243255906,0.9670530754780009,0.9841545127500386,0.16939734853492627,0.18754834488878203,0.11774919649452975,0.3184962568517097
0.5946358166268765,0.3810400362091443,0.8082376187362652,0.15000746512479357,0.2870497050147106,0.7759664712558562,0.07274944533075811,0.12238962008801835,0.5413062919954843,0.009260081629219874,0.40885654528043824,0.1510646373543545,0.29341160616602835,0.31983965241594026,0.4163418793914534,0.6430393952364254,0.19300604160148915,0.0434694826522638,0.2997019364389968,0.012206474698390202,0.625467273784263,0.032059802852216435,0.7443129248175973,0.07905578614442987,0.21808652326351718,0.32868307822334253,0.14028165551996075,0.08729732061550499,0.5289614304129402,0.6697307818686846,0.08833338736119656,0.1953972620441472,0.09883594353517222,0.04256070795044742,0.49561762460601366,0.1247181497501818,0.9626468864485768,0.5198974217729546,0.7135146340749655,0.4531838519126502,0.16995923591652995,0.19358770014297677,0.27471321786673253,0.07217815996098098,0.479996617918681,0.8420070962794728,0.3198646583145135,0.7560311216735373,0.34707608237191734,0.26418337689170435
0.5946358166268765,0.3810400362091443,0.8082376187362652,0.15000746512479357,0.2870497050147106,0.7759664712558562,0.07274944533075811,0.12238962008801835,0.5413062919954843,0.009260081629219874,0.40885654528043824,0.1510646373543545,0.29341160616602835,0.31983965241594026,0.4163418793914534,0.6430393952364254,0.19300604160148915,0.0434694826522638,0.2997019364389968,0.012206474698390202,0.625467273784263,0.032059802852216435,0.7443129248175973,0.07905578614442987,0.21808652326351718,0.32868307822334253,0.14028165551996075,0.08729732061550499,0.5289614304129402,0.6697307818686846,0.08833338736119656,0.1953972620441472,0.09883594353517222,0.04256070795044742,0.49561762460601366,0.1247181497501818,0.9626468864485768,0.5198974217729546,0.7135146340749655,0.4531838519126502,0.16995923591652995,0.19358770014297677,0.27471321786673253,0.07217815996098098,0.479996617918681,0.8420070962794728,0.3198646583145135,0.7560311216735373,0.34707608237191734,0.26418337689170435
0.5946358166268765,0.3810400362091443,0.8082376187362652,0.15000746512479357,0.2870497050147106,0.7759664712558562,0.07274944533075811,0.12238962008801835,0.5413062919954843,0.009260081629219874,0.40885654528043824,0.1510646373543545,0.29341160616602835,0.31983965241594026,0.4163418793914534,0.6430393952364254,0.19300604160148915,0.0434694826522638,0.2997019364389968,0.012206474698390202,0.625467273784263,0.032059802852216435,0.7443129248175973,0.07905578614442987,0.21808652326351718,0.32868307822334253,0.14028165551996075,0.08729732061550499,0.5289614304129402,0.6697307818686846,0.08833338736119656,0.1953972620441472,0.09883594353517222,0.04256070795044742,0.49561762460601366,0.1247181497501818,0.9626468864485768,0.5198974217729546,0.7135146340749655,0.4531838519126502,0.16995923591652995,0.19358770014297677,0.27471321786673253,0.07217815996098098,0.479996617918681,0.8420070962794728,0.3198646583145135,0.7560311216735373,0.34707608237191734,0.26418337689170435
0.5946358166268765,0.3810400362091443,0.8082376187362652,0.15000746512479357,0.2870497050147106,0.7759664712558562,0.07274944533075811,0.12238962008801835,0.5413062919954843,0.009260081629219874,0.40885654528043824,0.1510646373543545,0.29341160616602835,0.31983965241594026,0.4163418793914534,0.6430393952364254,0.19300604160148915,0.0434694826522638,0.2997019364389968,0.012206474698390202,0.625467273784263,0.032059802852216435,0.7443129248175973,0.07905578614442987,0.21808652326351718,0.32868307822334253,0.14028165551996075,0.08729732061550499,0.5289614304129402,0.6697307818686846,0.08833338736119656,0.1953972620441472,0.09883594353517222,0.04256070795044742,0.49561762460601366,0.1247181497501818,0.9626468864485768,0.5198974217729546,0.7135146340749655,0.4531838519126502,0.16995923591652995,0.19358770014297677,0.27471321786673253,0.07217815996098098,0.479996617918681,0.8420070962794728,0.3198646583145135,0.7560311216735373,0.34707608237191734,0.26418337689170435
0.5946358166268765,0.3810400362091443,0.8082376187362652,0.15000746512479357,0.2870497050147106,0.7759664712558562,0.07274944533075811,0.12238962008801835,0.5413062919954843,0.009260081629219874,0.40885654528043824,0.1510646373543545,0.29341160616602835,0.31983965241594026,0.4163418793914534,0.6430393952364254,0.19300604160148915,0.0434694826522638,0.2997019364389968,0.012206474698390202,0.625467273784263,0.032059802852216435,0.7443129248175973,0.07905578614442987,0.21808652326351718,0.32868307822334253,0.14028165551996075,0.08729732061550499,0.5289614304129402,0.6697307818686846,0.08833338736119656,0.1953972620441472,0.09883594353517222,0.04256070795044742,0.49561762460601366,0.1247181497501818,0.9626468864485768,0.5198974217729546,0.7135146340749655,0.4531838519126502,0.16995923591652995,0.19358770014297677,0.27471321786673253,0.07217815996098098,0.479996617918681,0.8420070962794728,0.3198646583145135,0.7560311216735373,0.34707608237191734,0.26418337689170435
0.5946358166268765,0.3810400362091443,0.8082376187362652,0.15000746512479357,0.2870497050147106,0.7759664712558562,0.07274944533075811,0.12238962008801835,0.5413062919954843,0.009260081629219874,0.40885654528043824,0.1510646373543545,0.29341160616602835,0.31983965241594026,0.4163418793914534,0.6430393952364254,0.19300604160148915,0.0434694826522638,0.2997019364389968,0.012206474698390202,0.625467273784263,0.032059802852216435,0.7443129248175973,0.07905578614442987,0.21808652326351718,0.32868307822334253,0.14028165551996075,0.08729732061550499,0.5289614304129402,0.6697307818686846,0.08833338736119656,0.1953972620441472,0.09883594353517222,0.04256070795044742,0.49561762460601366,0.1247181497501818,0.9626468864485768,0.5198974217729546,0.7135146340749655,0.4531838519126502,0.16995923591652995,0.19358770014297677,0.27471321786673253,0.07217815996098098,0.479996617918681,0.8420070962794728,0.3198646583145135,0.7560311216735373,0.34707608237191734,0.26418337689170435
0.5946358166268765,0.3810400362091443,0.8082376187362652,0.15000746512479357,0.2870497050147106,0.7759664712558562,0.07274944533075811,0.12238962008801835,0.5413062919954843,0.009260081629219874,0.40885654528043824,0.1510646373543545,0.29341160616602835,0.31983965241594026,0.4163418793914534,0.6430393952364254,0.19300604160148915,0.0434694826522638,0.2997019364389968,0.012206474698390202,0.625467273784263,0.032059802852216435,0.7443129248175973,0.07905578614442987,0.21808652326351718,0.32868307822334253,0.14028165551996075,0.08729732061550499,0.5289614304129402,0.6697307818686846,0.08833338736119656,0.1953972620441472,0.09883594353517222,0.04256070795044742,0.49561762460601366,0.1247181497501818,0.9626468864485768,0.5198974217729546,0.7135146340749655,0.4531838519126502,0.16995923591652995,0.19358770014297677,0.27471321786673253,0.07217815996098098,0.479996617918681,0.8420070962794728,0.3198646583145135,0.7560311216735373,0.34707608237191734,0.26418337689170435
0.5946358166268765,0.3810400362091443,0.8082376187362652,0.15000746512479357,0.2870497050147106,0.7759664712558562,0.07274944533075811,0.12238962008801835,0.5413062919954843,0.009260081629219874,0.40885654528043824,0.1510646373543545,0.29341160616602835,0.31983965241594026,0.4163418793914534,0.6430393952364254,0.19300604160148915,0.0434694826522638,0.2997019364389968,0.012206474698390202,0.625467273784263,0.032059802852216435,0.7443129248175973,0.07905578614442987,0.21808652326351718,0.32868307822334253,0.14028165551996075,0.08729732061550499,0.5289614304129402,0.6697307818686846,0.08833338736119656,0.1953972620441472,0.09883594353517222,0.04256070795044742,0.49561762460601366,0.1247181497501818,0.9626468864485768,0.5198974217729546,0.7135146340749655,0.4531838519126502,0.16995923591652995,0.19358770014297677,0.27471321786673253,0.07217815996098098,0.479996617918681,0.8420070962794728,0.3198646583145135,0.7560311216735373,0.34707608237191734,0.26418337689170435
0.5946358166268765,0.3810400362091443,0.8082376187362652,0.15000746512479357,0.2870497050147106,0.7759664712558562,0.07274944533075811,0.12238962008801835,0.5413062919954843,0.009260081629219874,0.40885654528043824,0.1510646373543545,0.29341160616602835,0.31983965241594026,0.4163418793914534,0.6430393952364254,0.19300604160148915,0.0434694826522638,0.2997019364389968,0.012206474698390202,0.625467273784263,0.032059802852216435,0.7443129248175973,0.07905578614442987,0.21808652326351718,0.32868307822334253,0.14028165551996075,0.08729732061550499,0.5289614304129402,0.6697307818686846,0.08833338736119656,0.1953972620441472,0.09883594353517222,0.04256070795044742,0.49561762460601366,0.1247181497501818,0.9626468864485768,0.5198974217729546,0.7135146340749655,0.4531838519126502,0.16995923591652995,0.19358770014297677,0.27471321786673253,0.07217815996098098,0.479996617918681,0.8420070962794728,0.3198646583145135,0.7560311216735373,0.34707608237191734,0.26418337689170435
0.5946358166268765,0.3810400362091443,0.8082376187362652,0.15000746512479357,0.2870497050147106,0.7759664712558562,0.07274944533075811,0.12238962008801835,0.5413062919954843,0.009260081629219874,0.40885654528043824,0.1510646373543545,0.29341160616602835,0.31983965241594026,0.4163418793914534,0.6430393952364254,0.19300604160148915,0.0434694826522638,0.2997019364389968,0.012206474698390202,0.625467273784263,0.032059802852216435,0.7443129248175973,0.07905578614442987,0.21808652326351718,0.32868307822334253,0.14028165551996075,0.08729732061550499,0.5289614304129402,0.6697307818686846,0.08833338736119656,0.1953972620441472,0.09883594353517222,0.04256070795044742,0.49561762460601366,0.1247181497501818,0.9626468864485768,0.5198974217729546,0.7135146340749655,0.4531838519126502,0.16995923591652995,0.19358770014297677,0.27471321786673253,0.07217815996098098,0.479996617918681,0.8420070962794728,0.3198646583145135,0.7560311216735373,0.34707608237191734,0.26418337689170435
0.5946358166268765,0.3810400362091443,0.8082376187362652,0.15000746512479357,0.2870497050147106,0.7759664712558562,0.07274944533075811,0.12238962008801835,0.5413062919954843,0.009260081629219874,0.40885654528043824,0.1510646373543545,0.29341160616602835,0.31983965241594026,0.4163418793914534,0.6430393952364254,0.19300604160148915,0.0434694826522638,0.2997019364389968,0.012206474698390202,0.625467273784263,0.032059802852216435,0.7443129248175973,0.07905578614442987,0.21808652326351718,0.32868307822334253,0.14028165551996075,0.08729732061550499,0.5289614304129402,0.6697307818686846,0.08833338736119656,0.1953972620441472,0.09883594353517222,0.04256070795044742,0.49561762460601366,0.1247181497501818,0.9626468864485768,0.5198974217729546,0.7135146340749655,0.4531838519126502,0.16995923591652995,0.19358770014297677,0.27471321786673253,0.07217815996098098,0.479996617918681,0.8420070962794728,0.3198646583145135,0.7560311216735373,0.34707608237191734,0.26418337689170435
0.5946358166268765,0.3810400362091443,0.8082376187362652,0.15000746512479357,0.2870497050147106,0.7759664712558562,0.07274944533075811,0.12238962008801835,0.5413062919954843,0.009260081629219874,0.40885654528043824,0.1510646373543545,0.29341160616602835,0.31983965241594026,0.4163418793914534,0.6430393952364254,0.19300604160148915,0.0434694826522638,0.2997019364389968,0.012206474698390202,0.625467273784263,0.032059802852216435,0.7443129248175973,0.07905578614442987,0.21808652326351718,0.32868307822334253,0.14028165551996075,0.08729732061550499,0.5289614304129402,0.6697307818686846,0.08833338736119656,0.1953972620441472,0.09883594353517222,0.04256070795044742,0.49561762460601366,0.1247181497501818,0.9626468864485768,0.5198974217729546,0.7135146340749655,0.4531838519126502,0.16995923591652995,0.19358770014297677,0.27471321786673253,0.07217815996098098,0.479996617918681,0.8420070962794728,0.3198646583145135,0.7560311216735373,0.34707608237191734,0.26418337689170435
0.5946358166268765,0.3810400362091443,0.8082376187362652,0.15000746512479357,0.2870497050147106,0.7759664712558562,0.07274944533075811,0.12238962008801835,0.5413062919954843,0.009260081629219874,0.40885654528043824,0.1510646373543545,0.29341160616602835,0.31983965241594026,0.4163418793914534,0.6430393952364254,0.19300604160148915,0.0434694826522638,0.2997019364389968,0.012206474698390202,0.625467273784263,0.032059802852216435,0.7443129248175973,0.07905578614442987,0.21808652326351718,0.32868307822334253,0.14028165551996075,0.08729732061550499,0.5289614304129402,0.6697307818686846,0.08833338736119656,0.1953972620441472,0.09883594353517222,0.04256070795044742,0.49561762460601366,0.1247181497501818,0.9626468864485768,0.5198974217729546,0.7135146340749655,0.4531838519126502,0.16995923591652995,0.19358770014297677,0.27471321786673253,0.07217815996098098,0.479996617918681,0.8420070962794728,0.3198646583145135,0.7560311216735373,0.34707608237191734,0.26418337689170435
0.5946358166268765,0.3810400362091443,0.8082376187362652,0.15000746512479357,0.2870497050147106,0.7759664712558562,0.07274944533075811,0.12238962008801835,0.5413062919954843,0.009260081629219874,0.40885654528043824,0.1510646373543545,0.29341160616602835,0.31983965241594026,0.4163418793914534,0.6430393952364254,0.19300604160148915,0.0434694826522638,0.2997019364389968,0.012206474698390202,0.625467273784263,0.032059802852216435,0.7443129248175973,0.07905578614442987,0.21808652326351718,0.32868307822334253,0.14028165551996075,0.08729732061550499,0.5289614304129402,0.6697307818686846,0.08833338736119656,0.1953972620441472,0.09883594353517222,0.04256070795044742,0.49561762460601366,0.1247181497501818,0.9626468864485768,0.5198974217729546,0.7135146340749655,0.4531838519126502,0.16995923591652995,0.19358770014297677,0.27471321786673253,0.07217815996098098,0.479996617918681,0.8420070962794728,0.3198646583145135,0.7560311216735373,0.34707608237191734,0.26418337689170435
0.5946358166268765,0.3810400362091443,0.8082376187362652,0.15000746512479357,0.2870497050147106,0.7759664712558562,0.07274944533075811,0.12238962008801835,0.5413062919954843,0.009260081629219874,0.40885654528043824,0.1510646373543545,0.29341160616602835,0.31983965241594026,0.4163418793914534,0.6430393952364254,0.19300604160148915,0.0434694826522638,0.2997019364389968,0.012206474698390202,0.625467273784263,0.032059802852216435,0.7443129248175973,0.07905578614442987,0.21808652326351718,0.32868307822334253,0.14028165551996075,0.08729732061550499,0.5289614304129402,0.6697307818686846,0.08833338736119656,0.1953972620441472,0.09883594353517222,0.04256070795044742,0.49561762460601366,0.1247181497501818,0.9626468864485768,0.5198974217729546,0.7135146340749655,0.4531838519126502,0.16995923591652995,0.19358770014297677,0.27471321786673253,0.07217815996098098,0.479996617918681,0.8420070962794728,0.3198646583145135,0.7560311216735373,0.34707608237191734,0.26418337689170435
0.5946358166268765,0.3810400362091443,0.8082376187362652,0.15000746512479357,0.2870497050147106,0.7759664712558562,0.07274944533075811,0.12238962008801835,0.5413062919954843,0.009260081629219874,0.40885654528043824,0.1510646373543545,0.29341160616602835,0.31983965241594026,0.4163418793914534,0.6430393952364254,0.19300604160148915,0.0434694826522638,0.2997019364389968,0.012206474698390202,0.625467273784263,0.032059802852216435,0.7443129248175973,0.07905578614442987,0.21808652326351718,0.32868307822334253,0.14028165551996075,0.08729732061550499,0.5289614304129402,0.6697307818686846,0.08833338736119656,0.1953972620441472,0.09883594353517222,0.04256070795044742,0.49561762460601366,0.1247181497501818,0.9626468864485768,0.5198974217729546,0.7135146340749655,0.4531838519126502,0.16995923591652995,0.19358770014297677,0.27471321786673253,0.07217815996098098,0.479996617918681,0.8420070962794728,0.3198646583145135,0.7560311216735373,0.34707608237191734,0.26418337689170435
0.5946358166268765,0.3810400362091443,0.8082376187362652,0.15000746512479357,0.2870497050147106,0.7759664712558562,0.07274944533075811,0.12238962008801835,0.5413062919954843,0.009260081629219874,0.40885654528043824,0.1510646373543545,0.29341160616602835,0.31983965241594026,0.4163418793914534,0.6430393952364254,0.19300604160148915,0.0434694826522638,0.2997019364389968,0.012206474698390202,0.625467273784263,0.032059802852216435,0.7443129248175973,0.07905578614442987,0.21808652326351718,0.32868307822334253,0.14028165551996075,0.08729732061550499,0.5289614304129402,0.6697307818686846,0.08833338736119656,0.1953972620441472,0.09883594353517222,0.04256070795044742,0.49561762460601366,0.1247181497501818,0.9626468864485768,0.5198974217729546,0.7135146340749655,0.4531838519126502,0.16995923591652995,0.19358770014297677,0.27471321786673253,0.07217815996098098,0.479996617918681,0.8420070962794728,0.3198646583145135,0.7560311216735373,0.34707608237191734,0.26418337689170435
0.5946358166268765,0.3810400362091443,0.8082376187362652,0.15000746512479357,0.2870497050147106,0.7759664712558562,0.07274944533075811,0.12238962008801835,0.5413062919954843,0.009260081629219874,0.40885654528043824,0.1510646373543545,0.29341160616602835,0.31983965241594026,0.4163418793914534,0.6430393952364254,0.19300604160148915,0.0434694826522638,0.2997019364389968,0.012206474698390202,0.625467273784263,0.032059802852216435,0.7443129248175973,0.07905578614442987,0.21808652326351718,0.32868307822334253,0.14028165551996075,0.08729732061550499,0.5289614304129402,0.6697307818686846,0.08833338736119656,0.1953972620441472,0.09883594353517222,0.04256070795044742,0.49561762460601366,0.1247181497501818,0.9626468864485768,0.5198974217729546,0.7135146340749655,0.4531838519126502,0.16995923591652995,0.19358770014297677,0.27471321786673253,0.07217815996098098,0.479996617918681,0.8420070962794728,0.3198646583145135,0.7560311216735373,0.34707608237191734,0.26418337689170435
0.5946358166268765,0.3810400362091443,0.8082376187362652,0.15000746512479357,0.2870497050147106,0.7759664712558562,0.07274944533075811,0.12238962008801835,0.5413062919954843,0.009260081629219874,0.40885654528043824,0.1510646373543545,0.29341160616602835,0.31983965241594026,0.4163418793914534,0.6430393952364254,0.19300604160148915,0.0434694826522638,0.2997019364389968,0.012206474698390202,0.625467273784263,0.032059802852216435,0.7443129248175973,0.07905578614442987,0.21808652326351718,0.32868307822334253,0.14028165551996075,0.08729732061550499,0.5289614304129402,0.6697307818686846,0.08833338736119656,0.1953972620441472,0.09883594353517222,0.04256070795044742,0.49561762460601366,0.1247181497501818,0.9626468864485768,0.5198974217729546,0.7135146340749655,0.4531838519126502,0.16995923591652995,0.19358770014297677,0.27471321786673253,0.07217815996098098,0.479996617918681,0.8420070962794728,0.3198646583145135,0.7560311216735373,0.34707608237191734,0.26418337689170435
0.5946358166268765,0.3810400362091443,0.8082376187362652,0.15000746512479357,0.2870497050147106,0.7759664712558562,0.07274944533075811,0.12238962008801835,0.5413062919954843,0.009260081629219874,0.40885654528043824,0.1510646373543545,0.29341160616602835,0.31983965241594026,0.4163418793914534,0.6430393952364254,0.19300604160148915,0.0434694826522638,0.2997019364389968,0.012206474698390202,0.625467273784263,0.032059802852216435,0.7443129248175973,0.07905578614442987,0.21808652326351718,0.32868307822334253,0.14028165551996075,0.08729732061550499,0.5289614304129402,0.6697307818686846,0.08833338736119656,0.1953972620441472,0.09883594353517222,0.04256070795044742,0.49561762460601366,0.1247181497501818,0.9626468864485768,0.5198974217729546,0.7135146340749655,0.4531838519126502,0.16995923591652995,0.19358770014297677,0.27471321786673253,0.07217815996098098,0.479996617918681,0.8420070962794728,0.3198646583145135,0.7560311216735373,0.34707608237191734,0.26418337689170435
0.5946358166268765,0.3810400362091443,0.8082376187362652,0.15000746512479357,0.2870497050147106,0.7759664712558562,0.07274944533075811,0.12238962008801835,0.5413062919954843,0.009260081629219874,0.40885654528043824,0.1510646373543545,0.29341160616602835,0.31983965241594026,0.4163418793914534,0.6430393952364254,0.19300604160148915,0.0434694826522638,0.2997019364389968,0.012206474698390202,0.625467273784263,0.032059802852216435,0.7443129248175973,0.07905578614442987,0.21808652326351718,0.32868307822334253,0.14028165551996075,0.08729732061550499,0.5289614304129402,0.6697307818686846,0.08833338736119656,0.1953972620441472,0.09883594353517222,0.04256070795044742,0.49561762460601366,0.1247181497501818,0.9626468864485768,0.5198974217729546,0.7135146340749655,0.4531838519126502,0.16995923591652995,0.19358770014297677,0.27471321786673253,0.07217815996098098,0.479996617918681,0.8420070962794728,0.3198646583145135,0.7560311216735373,0.34707608237191734,0.26418337689170435
0.5946358166268765,0.3810400362091443,0.8082376187362652,0.15000746512479357,0.2870497050147106,0.7759664712558562,0.07274944533075811,0.12238962008801835,0.5413062919954843,0.009260081629219874,0.40885654528043824,0.1510646373543545,0.29341160616602835,0.31983965241594026,0.4163418793914534,0.6430393952364254,0.19300604160148915,0.0434694826522638,0.2997019364389968,0.012206474698390202,0.625467273784263,0.032059802852216435,0.7443129248175973,0.07905578614442987,0.21808652326351718,0.32868307822334253,0.14028165551996075,0.08729732061550499,0.5289614304129402,0.6697307818686846,0.08833338736119656,0.1953972620441472,0.09883594353517222,0.04256070795044742,0.49561762460601366,0.1247181497501818,0.9626468864485768,0.5198974217729546,0.7135146340749655,0.4531838519126502,0.16995923591652995,0.19358770014297677,0.27471321786673253,0.07217815996098098,0.479996617918681,0.8420070962794728,0.3198646583145135,0.7560311216735373,0.34707608237191734,0.26418337689170435
0.5946358166268765,0.3810400362091443,0.8082376187362652,0.15000746512479357,0.2870497050147106,0.7759664712558562,0.07274944533075811,0.12238962008801835,0.5413062919954843,0.009260081629219874,0.40885654528043824,0.1510646373543545,0.29341160616602835,0.31983965241594026,0.4163418793914534,0.6430393952364254,0.19300604160148915,0.0434694826522638,0.2997019364389968,0.012206474698390202,0.625467273784263,0.032059802852216435,0.7443129248175973,0.07905578614442987,0.21808652326351718,0.32868307822334253,0.14028165551996075,0.08729732061550499,0.5289614304129402,0.6697307818686846,0.08833338736119656,0.1953972620441472,0.09883594353517222,0.04256070795044742,0.49561762460601366,0.1247181497501818,0.9626468864485768,0.5198974217729546,0.7135146340749655,0.4531838519126502,0.16995923591652995,0.19358770014297677,0.27471321786673253,0.07217815996098098,0.479996617918681,0.8420070962794728,0.3198646583145135,0.7560311216735373,0.34707608237191734,0.26418337689170435
0.5946358166268765,0.3810400362091443,0.8082376187362652,0.15000746512479357,0.2870497050147106,0.7759664712558562,0.07274944533075811,0.12238962008801835,0.5413062919954843,0.009260081629219874,0.40885654528043824,0.1510646373543545,0.29341160616602835,0.31983965241594026,0.4163418793914534,0.6430393952364254,0.19300604160148915,0.0434694826522638,0.2997019364389968,0.012206474698390202,0.625467273784263,0.032059802852216435,0.7443129248175973,0.07905578614442987,0.21808652326351718,0.32868307822334253,0.14028165551996075,0.08729732061550499,0.5289614304129402,0.6697307818686846,0.08833338736119656,0.1953972620441472,0.09883594353517222,0.04256070795044742,0.49561762460601366,0.1247181497501818,0.9626468864485768,0.5198974217729546,0.7135146340749655,0.4531838519126502,0.16995923591652995,0.19358770014297677,0.27471321786673253,0.07217815996098098,0.479996617918681,0.8420070962794728,0.3198646583145135,0.7560311216735373,0.34707608237191734,0.26418337689170435
0.5946358166268765,0.3810400362091443,0.8082376187362652,0.15000746512479357,0.2870497050147106,0.7759664712558562,0.07274944533075811,0.12238962008801835,0.5413062919954843,0.009260081629219874,0.40885654528043824,0.1510646373543545,0.29341160616602835,0.31983965241594026,0.4163418793914534,0.6430393952364254,0.19300604160148915,0.0434694826522638,0.2997019364389968,0.012206474698390202,0.625467273784263,0.032059802852216435,0.7443129248175973,0.07905578614442987,0.21808652326351718,0.32868307822334253,0.14028165551996075,0.08729732061550499,0.5289614304129402,0.6697307818686846,0.08833338736119656,0.1953972620441472,0.09883594353517222,0.04256070795044742,0.49561762460601366,0.1247181497501818,0.9626468864485768,0.5198974217729546,0.7135146340749655,0.4531838519126502,0.16995923591652995,0.19358770014297677,0.27471321786673253,0.07217815996098098,0.479996617918681,0.8420070962794728,0.3198646583145135,0.7560311216735373,0.34707608237191734,0.26418337689170435
0.5946358166268765,0.3810400362091443,0.8082376187362652,0.15000746512479357,0.2870497050147106,0.7759664712558562,0.07274944533075811,0.12238962008801835,0.5413062919954843,0.009260081629219874,0.40885654528043824,0.1510646373543545,0.29341160616602835,0.31983965241594026,0.4163418793914534,0.6430393952364254,0.19300604160148915,0.0434694826522638,0.2997019364389968,0.012206474698390202,0.625467273784263,0.032059802852216435,0.7443129248175973,0.07905578614442987,0.21808652326351718,0.32868307822334253,0.14028165551996075,0.08729732061550499,0.5289614304129402,0.6697307818686846,0.08833338736119656,0.1953972620441472,0.09883594353517222,0.04256070795044742,0.49561762460601366,0.1247181497501818,0.9626468864485768,0.5198974217729546,0.7135146340749655,0.4531838519126502,0.16995923591652995,0.19358770014297677,0.27471321786673253,0.07217815996098098,0.479996617918681,0.8420070962794728,0.3198646583145135,0.7560311216735373,0.34707608237191734,0.26418337689170435
0.5946358166268765,0.3810400362091443,0.8082376187362652,0.15000746512479357,0.2870497050147106,0.7759664712558562,0.07274944533075811,0.12238962008801835,0.5413062919954843,0.009260081629219874,0.40885654528043824,0.1510646373543545,0.29341160616602835,0.31983965241594026,0.4163418793914534,0.6430393952364254,0.19300604160148915,0.0434694826522638,0.2997019364389968,0.012206474698390202,0.625467273784263,0.032059802852216435,0.7443129248175973,0.07905578614442987,0.21808652326351718,0.32868307822334253,0.14028165551996075,0.08729732061550499,0.5289614304129402,0.6697307818686846,0.08833338736119656,0.1953972620441472,0.09883594353517222,0.04256070795044742,0.49561762460601366,0.1247181497501818,0.9626468864485768,0.5198974217729546,0.7135146340749655,0.4531838519126502,0.16995923591652995,0.19358770014297677,0.27471321786673253,0.07217815996098098,0.479996617918681,0.8420070962794728,0.3198646583145135,0.7560311216735373,0.34707608237191734,0.26418337689170435
0.5946358166268765,0.3810400362091443,0.8082376187362652,0.15000746512479357,0.2870497050147106,0.7759664712558562,0.07274944533075811,0.12238962008801835,0.5413062919954843,0.009260081629219874,0.40885654528043824,0.1510646373543545,0.29341160616602835,0.31983965241594026,0.4163418793914534,0.6430393952364254,0.19300604160148915,0.0434694826522638,0.2997019364389968,0.012206474698390202,0.625467273784263,0.032059802852216435,0.7443129248175973,0.07905578614442987,0.21808652326351718,0.32868307822334253,0.14028165551996075,0.08729732061550499,0.5289614304129402,0.6697307818686846,0.08833338736119656,0.1953972620441472,0.09883594353517222,0.04256070795044742,0.49561762460601366,0.1247181497501818,0.9626468864485768,0.5198974217729546,0.7135146340749655,0.4531838519126502,0.16995923591652995,0.19358770014297677,0.27471321786673253,0.07217815996098098,0.479996617918681,0.8420070962794728,0.3198646583145135,0.7560311216735373,0.34707608237191734,0.26418337689170435
0.5946358166268765,0.3810400362091443,0.8082376187362652,0.15000746512479357,0.2870497050147106,0.7759664712558562,0.07274944533075811,0.12238962008801835,0.5413062919954843,0.009260081629219874,0.40885654528043824,0.1510646373543545,0.29341160616602835,0.31983965241594026,0.4163418793914534,0.6430393952364254,0.19300604160148915,0.0434694826522638,0.2997019364389968,0.012206474698390202,0.625467273784263,0.032059802852216435,0.7443129248175973,0.07905578614442987,0.21808652326351718,0.32868307822334253,0.14028165551996075,0.08729732061550499,0.5289614304129402,0.6697307818686846,0.08833338736119656,0.1953972620441472,0.09883594353517222,0.04256070795044742,0.49561762460601366,0.1247181497501818,0.9626468864485768,0.5198974217729546,0.7135146340749655,0.4531838519126502,0.16995923591652995,0.19358770014297677,0.27471321786673253,0.07217815996098098,0.479996617918681,0.8420070962794728,0.3198646583145135,0.7560311216735373,0.34707608237191734,0.26418337689170435
0.5946358166268765,0.3810400362091443,0.8082376187362652,0.15000746512479357,0.2870497050147106,0.7759664712558562,0.07274944533075811,0.12238962008801835,0.5413062919954843,0.009260081629219874,0.40885654528043824,0.1510646373543545,0.29341160616602835,0.31983965241594026,0.4163418793914534,0.6430393952364254,0.19300604160148915,0.0434694826522638,0.2997019364389968,0.012206474698390202,0.625467273784263,0.032059802852216435,0.7443129248175973,0.07905578614442987,0.21808652326351718,0.32868307822334253,0.14028165551996075,0.08729732061550499,0.5289614304129402,0.6697307818686846,0.08833338736119656,0.1953972620441472,0.09883594353517222,0.04256070795044742,0.49561762460601366,0.1247181497501818,0.9626468864485768,0.5198974217729546,0.7135146340749655,0.4531838519126502,0.16995923591652995,0.19358770014297677,0.27471321786673253,0.07217815996098098,0.479996617918681,0.8420070962794728,0.3198646583145135,0.7560311216735373,0.34707608237191734,0.26418337689170435
0.5946358166268765,0.3810400362091443,0.8082376187362652,0.15000746512479357,0.2870497050147106,0.7759664712558562,0.07274944533075811,0.12238962008801835,0.5413062919954843,0.009260081629219874,0.40885654528043824,0.1510646373543545,0.29341160616602835,0.31983965241594026,0.4163418793914534,0.6430393952364254,0.19300604160148915,0.0434694826522638,0.2997019364389968,0.012206474698390202,0.625467273784263,0.032059802852216435,0.7443129248175973,0.07905578614442987,0.21808652326351718,0.32868307822334253,0.14028165551996075,0.08729732061550499,0.5289614304129402,0.6697307818686846,0.08833338736119656,0.1953972620441472,0.09883594353517222,0.04256070795044742,0.49561762460601366,0.1247181497501818,0.9626468864485768,0.5198974217729546,0.7135146340749655,0.4531838519126502,0.16995923591652995,0.19358770014297677,0.27471321786673253,0.07217815996098098,0.479996617918681,0.8420070962794728,0.3198646583145135,0.7560311216735373,0.34707608237191734,0.26418337689170435
0.5946358166268765,0.3810400362091443,0.8082376187362652,0.15000746512479357,0.2870497050147106,0.7759664712558562,0.07274944533075811,0.12238962008801835,0.5413062919954843,0.009260081629219874,0.40885654528043824,0.1510646373543545,0.29341160616602835,0.31983965241594026,0.4163418793914534,0.6430393952364254,0.19300604160148915,0.0434694826522638,0.2997019364389968,0.012206474698390202,0.625467273784263,0.032059802852216435,0.7443129248175973,0.07905578614442987,0.21808652326351718,0.32868307822334253,0.14028165551996075,0.08729732061550499,0.5289614304129402,0.6697307818686846,0.08833338736119656,0.1953972620441472,0.09883594353517222,0.04256070795044742,0.49561762460601366,0.1247181497501818,0.9626468864485768,0.5198974217729546,0.7135146340749655,0.4531838519126502,0.16995923591652995,0.19358770014297677,0.27471321786673253,0.07217815996098098,0.479996617918681,0.8420070962794728,0.3198646583145135,0.7560311216735373,0.34707608237191734,0.26418337689170435
0.5946358166268765,0.3810400362091443,0.8082376187362652,0.15000746512479357,0.2870497050147106,0.7759664712558562,0.07274944533075811,0.12238962008801835,0.5413062919954843,0.009260081629219874,0.40885654528043824,0.1510646373543545,0.29341160616602835,0.31983965241594026,0.4163418793914534,0.6430393952364254,0.19300604160148915,0.0434694826522638,0.2997019364389968,0.012206474698390202,0.625467273784263,0.032059802852216435,0.7443129248175973,0.07905578614442987,0.21808652326351718,0.32868307822334253,0.14028165551996075,0.08729732061550499,0.5289614304129402,0.6697307818686846,0.08833338736119656,0.1953972620441472,0.09883594353517222,0.04256070795044742,0.49561762460601366,0.1247181497501818,0.9626468864485768,0.5198974217729546,0.7135146340749655,0.4531838519126502,0.16995923591652995,0.19358770014297677,0.27471321786673253,0.07217815996098098,0.479996617918681,0.8420070962794728,0.3198646583145135,0.7560311216735373,0.34707608237191734,0.26418337689170435
0.5946358166268765,0.3810400362091443,0.8082376187362652,0.15000746512479357,0.2870497050147106,0.7759664712558562,0.07274944533075811,0.12238962008801835,0.5413062919954843,0.009260081629219874,0.40885654528043824,0.1510646373543545,0.29341160616602835,0.31983965241594026,0.4163418793914534,0.6430393952364254,0.19300604160148915,0.0434694826522638,0.2997019364389968,0.012206474698390202,0.625467273784263,0.032059802852216435,0.7443129248175973,0.07905578614442987,0.21808652326351718,0.32868307822334253,0.14028165551996075,0.08729732061550499,0.5289614304129402,0.6697307818686846,0.08833338736119656,0.1953972620441472,0.09883594353517222,0.04256070795044742,0.49561762460601366,0.1247181497501818,0.9626468864485768,0.5198974217729546,0.7135146340749655,0.4531838519126502,0.16995923591652995,0.19358770014297677,0.27471321786673253,0.07217815996098098,0.479996617918681,0.8420070962794728,0.3198646583145135,0.7560311216735373,0.34707608237191734,0.26418337689170435
0.5946358166268765,0.3810400362091443,0.8082376187362652,0.15000746512479357,0.2870497050147106,0.7759664712558562,0.07274944533075811,0.12238962008801835,0.5413062919954843,0.009260081629219874,0.40885654528043824,0.1510646373543545,0.29341160616602835,0.31983965241594026,0.4163418793914534,0.6430393952364254,0.19300604160148915,0.0434694826522638,0.2997019364389968,0.012206474698390202,0.625467273784263,0.032059802852216435,0.7443129248175973,0.07905578614442987,0.21808652326351718,0.32868307822334253,0.14028165551996075,0.08729732061550499,0.5289614304129402,0.6697307818686846,0.08833338736119656,0.1953972620441472,0.09883594353517222,0.04256070795044742,0.49561762460601366,0.1247181497501818,0.9626468864485768,0.5198974217729546,0.7135146340749655,0.4531838519126502,0.16995923591652995,0.19358770014297677,0.27471321786673253,0.07217815996098098,0.479996617918681,0.8420070962794728,0.3198646583145135,0.7560311216735373,0.34707608237191734,0.26418337689170435
0.5946358166268765,0.3810400362091443,0.8082376187362652,0.15000746512479357,0.2870497050147106,0.7759664712558562,0.07274944533075811,0.12238962008801835,0.5413062919954843,0.009260081629219874,0.40885654528043824,0.1510646373543545,0.29341160616602835,0.31983965241594026,0.4163418793914534,0.6430393952364254,0.19300604160148915,0.0434694826522638,0.2997019364389968,0.012206474698390202,0.625467273784263,0.032059802852216435,0.7443129248175973,0.07905578614442987,0.21808652326351718,0.32868307822334253,0.14028165551996075,0.08729732061550499,0.5289614304129402,0.6697307818686846,0.08833338736119656,0.1953972620441472,0.09883594353517222,0.04256070795044742,0.49561762460601366,0.1247181497501818,0.9626468864485768,0.5198974217729546,0.7135146340749655,0.4531838519126502,0.16995923591652995,0.19358770014297677,0.27471321786673253,0.07217815996098098,0.479996617918681,0.8420070962794728,0.3198646583145135,0.7560311216735373,0.34707608237191734,0.26418337689170435
0.5946358166268765,0.3810400362091443,0.8082376187362652,0.15000746512479357,0.2870497050147106,0.7759664712558562,0.07274944533075811,0.12238962008801835,0.5413062919954843,0.009260081629219874,0.40885654528043824,0.1510646373543545,0.29341160616602835,0.31983965241594026,0.4163418793914534,0.6430393952364254,0.19300604160148915,0.0434694826522638,0.2997019364389968,0.012206474698390202,0.625467273784263,0.032059802852216435,0.7443129248175973,0.07905578614442987,0.21808652326351718,0.32868307822334253,0.14028165551996075,0.08729732061550499,0.5289614304129402,0.6697307818686846,0.08833338736119656,0.1953972620441472,0.09883594353517222,0.04256070795044742,0.49561762460601366,0.1247181497501818,0.9626468864485768,0.5198974217729546,0.7135146340749655,0.4531838519126502,0.16995923591652995,0.19358770014297677,0.27471321786673253,0.07217815996098098,0.479996617918681,0.8420070962794728,0.3198646583145135,0.7560311216735373,0.34707608237191734,0.26418337689170435
0.5946358166268765,0.3810400362091443,0.8082376187362652,0.15000746512479357,0.2870497050147106,0.7759664712558562,0.07274944533075811,0.12238962008801835,0.5413062919954843,0.009260081629219874,0.40885654528043824,0.1510646373543545,0.29341160616602835,0.31983965241594026,0.4163418793914534,0.6430393952364254,0.19300604160148915,0.0434694826522638,0.2997019364389968,0.012206474698390202,0.625467273784263,0.032059802852216435,0.7443129248175973,0.07905578614442987,0.21808652326351718,0.32868307822334253,0.14028165551996075,0.08729732061550499,0.5289614304129402,0.6697307818686846,0.08833338736119656,0.1953972620441472,0.09883594353517222,0.04256070795044742,0.49561762460601366,0.1247181497501818,0.9626468864485768,0.5198974217729546,0.7135146340749655,0.4531838519126502,0.16995923591652995,0.19358770014297677,0.27471321786673253,0.07217815996098098,0.479996617918681,0.8420070962794728,0.3198646583145135,0.7560311216735373,0.34707608237191734,0.26418337689170435
0.5946358166268765,0.3810400362091443,0.8082376187362652,0.15000746512479357,0.2870497050147106,0.7759664712558562,0.07274944533075811,0.12238962008801835,0.5413062919954843,0.009260081629219874,0.40885654528043824,0.1510646373543545,0.29341160616602835,0.31983965241594026,0.4163418793914534,0.6430393952364254,0.19300604160148915,0.0434694826522638,0.2997019364389968,0.012206474698390202,0.625467273784263,0.032059802852216435,0.7443129248175973,0.07905578614442987,0.21808652326351718,0.32868307822334253,0.14028165551996075,0.08729732061550499,0.5289614304129402,0.6697307818686846,0.08833338736119656,0.1953972620441472,0.09883594353517222,0.04256070795044742,0.49561762460601366,0.1247181497501818,0.9626468864485768,0.5198974217729546,0.7135146340749655,0.4531838519126502,0.16995923591652995,0.19358770014297677,0.27471321786673253,0.07217815996098098,0.479996617918681,0.8420070962794728,0.3198646583145135,0.7560311216735373,0.34707608237191734,0.26418337689170435
0.5946358166268765,0.3810400362091443,0.8082376187362652,0.15000746512479357,0.2870497050147106,0.7759664712558562,0.07274944533075811,0.12238962008801835,0.5413062919954843,0.009260081629219874,0.40885654528043824,0.1510646373543545,0.29341160616602835,0.31983965241594026,0.4163418793914534,0.6430393952364254,0.19300604160148915,0.0434694826522638,0.2997019364389968,0.012206474698390202,0.625467273784263,0.032059802852216435,0.7443129248175973,0.07905578614442987,0.21808652326351718,0.32868307822334253,0.14028165551996075,0.08729732061550499,0.5289614304129402,0.6697307818686846,0.08833338736119656,0.1953972620441472,0.09883594353517222,0.04256070795044742,0.49561762460601366,0.1247181497501818,0.9626468864485768,0.5198974217729546,0.7135146340749655,0.4531838519126502,0.16995923591652995,0.19358770014297677,0.27471321786673253,0.07217815996098098,0.479996617918681,0.8420070962794728,0.3198646583145135,0.7560311216735373,0.34707608237191734,0.26418337689170435
0.5946358166268765,0.3810400362091443,0.8082376187362652,0.15000746512479357,0.2870497050147106,0.7759664712558562,0.07274944533075811,0.12238962008801835,0.5413062919954843,0.009260081629219874,0.40885654528043824,0.1510646373543545,0.29341160616602835,0.31983965241594026,0.4163418793914534,0.6430393952364254,0.19300604160148915,0.0434694826522638,0.2997019364389968,0.012206474698390202,0.625467273784263,0.032059802852216435,0.7443129248175973,0.07905578614442987,0.21808652326351718,0.32868307822334253,0.14028165551996075,0.08729732061550499,0.5289614304129402,0.6697307818686846,0.08833338736119656,0.1953972620441472,0.09883594353517222,0.04256070795044742,0.49561762460601366,0.1247181497501818,0.9626468864485768,0.5198974217729546,0.7135146340749655,0.4531838519126502,0.16995923591652995,0.19358770014297677,0.27471321786673253,0.07217815996098098,0.479996617918681,0.8420070962794728,0.3198646583145135,0.7560311216735373,0.34707608237191734,0.26418337689170435
0.5946358166268765,0.3810400362091443,0.8082376187362652,0.15000746512479357,0.2870497050147106,0.7759664712558562,0.07274944533075811,0.12238962008801835,0.5413062919954843,0.009260081629219874,0.40885654528043824,0.1510646373543545,0.29341160616602835,0.31983965241594026,0.4163418793914534,0.6430393952364254,0.19300604160148915,0.0434694826522638,0.2997019364389968,0.012206474698390202,0.625467273784263,0.032059802852216435,0.7443129248175973,0.07905578614442987,0.21808652326351718,0.32868307822334253,0.14028165551996075,0.08729732061550499,0.5289614304129402,0.6697307818686846,0.08833338736119656,0.1953972620441472,0.09883594353517222,0.04256070795044742,0.49561762460601366,0.1247181497501818,0.9626468864485768,0.5198974217729546,0.7135146340749655,0.4531838519126502,0.16995923591652995,0.19358770014297677,0.27471321786673253,0.07217815996098098,0.479996617918681,0.8420070962794728,0.3198646583145135,0.7560311216735373,0.34707608237191734,0.26418337689170435
0.5946358166268765,0.3810400362091443,0.8082376187362652,0.15000746512479357,0.2870497050147106,0.7759664712558562,0.07274944533075811,0.12238962008801835,0.5413062919954843,0.009260081629219874,0.40885654528043824,0.1510646373543545,0.29341160616602835,0.31983965241594026,0.4163418793914534,0.6430393952364254,0.19300604160148915,0.0434694826522638,0.2997019364389968,0.012206474698390202,0.625467273784263,0.032059802852216435,0.7443129248175973,0.07905578614442987,0.21808652326351718,0.32868307822334253,0.14028165551996075,0.08729732061550499,0.5289614304129402,0.6697307818686846,0.08833338736119656,0.1953972620441472,0.09883594353517222,0.04256070795044742,0.49561762460601366,0.1247181497501818,0.9626468864485768,0.5198974217729546,0.7135146340749655,0.4531838519126502,0.16995923591652995,0.19358770014297677,0.27471321786673253,0.07217815996098098,0.479996617918681,0.8420070962794728,0.3198646583145135,0.7560311216735373,0.34707608237191734,0.26418337689170435
0.5946358166268765,0.3810400362091443,0.8082376187362652,0.15000746512479357,0.2870497050147106,0.7759664712558562,0.07274944533075811,0.12238962008801835,0.5413062919954843,0.009260081629219874,0.40885654528043824,0.1510646373543545,0.29341160616602835,0.31983965241594026,0.4163418793914534,0.6430393952364254,0.19300604160148915,0.0434694826522638,0.2997019364389968,0.012206474698390202,0.625467273784263,0.032059802852216435,0.7443129248175973,0.07905578614442987,0.21808652326351718,0.32868307822334253,0.14028165551996075,0.08729732061550499,0.5289614304129402,0.6697307818686846,0.08833338736119656,0.1953972620441472,0.09883594353517222,0.04256070795044742,0.49561762460601366,0.1247181497501818,0.9626468864485768,0.5198974217729546,0.7135146340749655,0.4531838519126502,0.16995923591652995,0.19358770014297677,0.27471321786673253,0.07217815996098098,0.479996617918681,0.8420070962794728,0.3198646583145135,0.7560311216735373,0.34707608237191734,0.26418337689170435
0.5946358166268765,0.3810400362091443,0.8082376187362652,0.15000746512479357,0.2870497050147106,0.7759664712558562,0.07274944533075811,0.12238962008801835,0.5413062919954843,0.009260081629219874,0.40885654528043824,0.1510646373543545,0.29341160616602835,0.31983965241594026,0.4163418793914534,0.6430393952364254,0.19300604160148915,0.0434694826522638,0.2997019364389968,0.012206474698390202,0.625467273784263,0.032059802852216435,0.7443129248175973,0.07905578614442987,0.21808652326351718,0.32868307822334253,0.14028165551996075,0.08729732061550499,0.5289614304129402,0.6697307818686846,0.08833338736119656,0.1953972620441472,0.09883594353517222,0.04256070795044742,0.49561762460601366,0.1247181497501818,0.9626468864485768,0.5198974217729546,0.7135146340749655,0.4531838519126502,0.16995923591652995,0.19358770014297677,0.27471321786673253,0.07217815996098098,0.479996617918681,0.8420070962794728,0.3198646583145135,0.7560311216735373,0.34707608237191734,0.26418337689170435
0.5946358166268765,0.3810400362091443,0.8082376187362652,0.15000746512479357,0.2870497050147106,0.7759664712558562,0.07274944533075811,0.12238962008801835,0.5413062919954843,0.009260081629219874,0.40885654528043824,0.1510646373543545,0.29341160616602835,0.31983965241594026,0.4163418793914534,0.6430393952364254,0.19300604160148915,0.0434694826522638,0.2997019364389968,0.012206474698390202,0.625467273784263,0.032059802852216435,0.7443129248175973,0.07905578614442987,0.21808652326351718,0.32868307822334253,0.14028165551996075,0.08729732061550499,0.5289614304129402,0.6697307818686846,0.08833338736119656,0.1953972620441472,0.09883594353517222,0.04256070795044742,0.49561762460601366,0.1247181497501818,0.9626468864485768,0.5198974217729546,0.7135146340749655,0.4531838519126502,0.16995923591652995,0.19358770014297677,0.27471321786673253,0.07217815996098098,0.479996617918681,0.8420070962794728,0.3198646583145135,0.7560311216735373,0.34707608237191734,0.26418337689170435
0.5946358166268765,0.3810400362091443,0.8082376187362652,0.15000746512479357,0.2870497050147106,0.7759664712558562,0.07274944533075811,0.12238962008801835,0.5413062919954843,0.009260081629219874,0.40885654528043824,0.1510646373543545,0.29341160616602835,0.31983965241594026,0.4163418793914534,0.6430393952364254,0.19300604160148915,0.0434694826522638,0.2997019364389968,0.012206474698390202,0.625467273784263,0.032059802852216435,0.7443129248175973,0.07905578614442987,0.21808652326351718,0.32868307822334253,0.14028165551996075,0.08729732061550499,0.5289614304129402,0.6697307818686846,0.08833338736119656,0.1953972620441472,0.09883594353517222,0.04256070795044742,0.49561762460601366,0.1247181497501818,0.9626468864485768,0.5198974217729546,0.7135146340749655,0.4531838519126502,0.16995923591652995,0.19358770014297677,0.27471321786673253,0.07217815996098098,0.479996617918681,0.8420070962794728,0.3198646583145135,0.7560311216735373,0.34707608237191734,0.26418337689170435
0.5946358166268765,0.3810400362091443,0.8082376187362652,0.15000746512479357,0.2870497050147106,0.7759664712558562,0.07274944533075811,0.12238962008801835,0.5413062919954843,0.009260081629219874,0.40885654528043824,0.1510646373543545,0.29341160616602835,0.31983965241594026,0.4163418793914534,0.6430393952364254,0.19300604160148915,0.0434694826522638,0.2997019364389968,0.012206474698390202,0.625467273784263,0.032059802852216435,0.7443129248175973,0.07905578614442987,0.21808652326351718,0.32868307822334253,0.14028165551996075,0.08729732061550499,0.5289614304129402,0.6697307818686846,0.08833338736119656,0.1953972620441472,0.09883594353517222,0.04256070795044742,0.49561762460601366,0.1247181497501818,0.9626468864485768,0.5198974217729546,0.7135146340749655,0.4531838519126502,0.16995923591652995,0.19358770014297677,0.27471321786673253,0.07217815996098098,0.479996617918681,0.8420070962794728,0.3198646583145135,0.7560311216735373,0.34707608237191734,0.26418337689170435
0.5946358166268765,0.3810400362091443,0.8082376187362652,0.15000746512479357,0.2870497050147106,0.7759664712558562,0.07274944533075811,0.12238962008801835,0.5413062919954843,0.009260081629219874,0.40885654528043824,0.1510646373543545,0.29341160616602835,0.31983965241594026,0.4163418793914534,0.6430393952364254,0.19300604160148915,0.0434694826522638,0.2997019364389968,0.012206474698390202,0.625467273784263,0.032059802852216435,0.7443129248175973,0.07905578614442987,0.21808652326351718,0.32868307822334253,0.14028165551996075,0.08729732061550499,0.5289614304129402,0.6697307818686846,0.08833338736119656,0.1953972620441472,0.09883594353517222,0.04256070795044742,0.49561762460601366,0.1247181497501818,0.9626468864485768,0.5198974217729546,0.7135146340749655,0.4531838519126502,0.16995923591652995,0.19358770014297677,0.27471321786673253,0.07217815996098098,0.479996617918681,0.8420070962794728,0.3198646583145135,0.7560311216735373,0.34707608237191734,0.26418337689170435
0.5946358166268765,0.3810400362091443,0.8082376187362652,0.15000746512479357,0.2870497050147106,0.7759664712558562,0.07274944533075811,0.12238962008801835,0.5413062919954843,0.009260081629219874,0.40885654528043824,0.1510646373543545,0.29341160616602835,0.31983965241594026,0.4163418793914534,0.6430393952364254,0.19300604160148915,0.0434694826522638,0.2997019364389968,0.012206474698390202,0.625467273784263,0.032059802852216435,0.7443129248175973,0.07905578614442987,0.21808652326351718,0.32868307822334253,0.14028165551996075,0.08729732061550499,0.5289614304129402,0.6697307818686846,0.08833338736119656,0.1953972620441472,0.09883594353517222,0.04256070795044742,0.49561762460601366,0.1247181497501818,0.9626468864485768,0.5198974217729546,0.7135146340749655,0.4531838519126502,0.16995923591652995,0.19358770014297677,0.27471321786673253,0.07217815996098098,0.479996617918681,0.8420070962794728,0.3198646583145135,0.7560311216735373,0.34707608237191734,0.26418337689170435
0.5946358166268765,0.3810400362091443,0.8082376187362652,0.15000746512479357,0.2870497050147106,0.7759664712558562,0.07274944533075811,0.12238962008801835,0.5413062919954843,0.009260081629219874,0.40885654528043824,0.1510646373543545,0.29341160616602835,0.31983965241594026,0.4163418793914534,0.6430393952364254,0.19300604160148915,0.0434694826522638,0.2997019364389968,0.012206474698390202,0.625467273784263,0.032059802852216435,0.7443129248175973,0.07905578614442987,0.21808652326351718,0.32868307822334253,0.14028165551996075,0.08729732061550499,0.5289614304129402,0.6697307818686846,0.08833338736119656,0.1953972620441472,0.09883594353517222,0.04256070795044742,0.49561762460601366,0.1247181497501818,0.9626468864485768,0.5198974217729546,0.7135146340749655,0.4531838519126502,0.16995923591652995,0.19358770014297677,0.27471321786673253,0.07217815996098098,0.479996617918681,0.8420070962794728,0.3198646583145135,0.7560311216735373,0.34707608237191734,0.26418337689170435
0.5946358166268765,0.3810400362091443,0.8082376187362652,0.15000746512479357,0.2870497050147106,0.7759664712558562,0.07274944533075811,0.12238962008801835,0.5413062919954843,0.009260081629219874,0.40885654528043824,0.1510646373543545,0.29341160616602835,0.31983965241594026,0.4163418793914534,0.6430393952364254,0.19300604160148915,0.0434694826522638,0.2997019364389968,0.012206474698390202,0.625467273784263,0.032059802852216435,0.7443129248175973,0.07905578614442987,0.21808652326351718,0.32868307822334253,0.14028165551996075,0.08729732061550499,0.5289614304129402,0.6697307818686846,0.08833338736119656,0.1953972620441472,0.09883594353517222,0.04256070795044742,0.49561762460601366,0.1247181497501818,0.9626468864485768,0.5198974217729546,0.7135146340749655,0.4531838519126502,0.16995923591652995,0.19358770014297677,0.27471321786673253,0.07217815996098098,0.479996617918681,0.8420070962794728,0.3198646583145135,0.7560311216735373,0.34707608237191734,0.26418337689170435
0.5946358166268765,0.3810400362091443,0.8082376187362652,0.15000746512479357,0.2870497050147106,0.7759664712558562,0.07274944533075811,0.12238962008801835,0.5413062919954843,0.009260081629219874,0.40885654528043824,0.1510646373543545,0.29341160616602835,0.31983965241594026,0.4163418793914534,0.6430393952364254,0.19300604160148915,0.0434694826522638,0.2997019364389968,0.012206474698390202,0.625467273784263,0.032059802852216435,0.7443129248175973,0.07905578614442987,0.21808652326351718,0.32868307822334253,0.14028165551996075,0.08729732061550499,0.5289614304129402,0.6697307818686846,0.08833338736119656,0.1953972620441472,0.09883594353517222,0.04256070795044742,0.49561762460601366,0.1247181497501818,0.9626468864485768,0.5198974217729546,0.7135146340749655,0.4531838519126502,0.16995923591652995,0.19358770014297677,0.27471321786673253,0.07217815996098098,0.479996617918681,0.8420070962794728,0.3198646583145135,0.7560311216735373,0.34707608237191734,0.26418337689170435
0.5946358166268765,0.3810400362091443,0.8082376187362652,0.15000746512479357,0.2870497050147106,0.7759664712558562,0.07274944533075811,0.12238962008801835,0.5413062919954843,0.009260081629219874,0.40885654528043824,0.1510646373543545,0.29341160616602835,0.31983965241594026,0.4163418793914534,0.6430393952364254,0.19300604160148915,0.0434694826522638,0.2997019364389968,0.012206474698390202,0.625467273784263,0.032059802852216435,0.7443129248175973,0.07905578614442987,0.21808652326351718,0.32868307822334253,0.14028165551996075,0.08729732061550499,0.5289614304129402,0.6697307818686846,0.08833338736119656,0.1953972620441472,0.09883594353517222,0.04256070795044742,0.49561762460601366,0.1247181497501818,0.9626468864485768,0.5198974217729546,0.7135146340749655,0.4531838519126502,0.16995923591652995,0.19358770014297677,0.27471321786673253,0.07217815996098098,0.479996617918681,0.8420070962794728,0.3198646583145135,0.7560311216735373,0.34707608237191734,0.26418337689170435
0.5946358166268765,0.3810400362091443,0.8082376187362652,0.15000746512479357,0.2870497050147106,0.7759664712558562,0.07274944533075811,0.12238962008801835,0.5413062919954843,0.009260081629219874,0.40885654528043824,0.1510646373543545,0.29341160616602835,0.31983965241594026,0.4163418793914534,0.6430393952364254,0.19300604160148915,0.0434694826522638,0.2997019364389968,0.012206474698390202,0.625467273784263,0.032059802852216435,0.7443129248175973,0.07905578614442987,0.21808652326351718,0.32868307822334253,0.14028165551996075,0.08729732061550499,0.5289614304129402,0.6697307818686846,0.08833338736119656,0.1953972620441472,0.09883594353517222,0.04256070795044742,0.49561762460601366,0.1247181497501818,0.9626468864485768,0.5198974217729546,0.7135146340749655,0.4531838519126502,0.16995923591652995,0.19358770014297677,0.27471321786673253,0.07217815996098098,0.479996617918681,0.8420070962794728,0.3198646583145135,0.7560311216735373,0.34707608237191734,0.26418337689170435
0.5946358166268765,0.3810400362091443,0.8082376187362652,0.15000746512479357,0.2870497050147106,0.7759664712558562,0.07274944533075811,0.12238962008801835,0.5413062919954843,0.009260081629219874,0.40885654528043824,0.1510646373543545,0.29341160616602835,0.31983965241594026,0.4163418793914534,0.6430393952364254,0.19300604160148915,0.0434694826522638,0.2997019364389968,0.012206474698390202,0.625467273784263,0.032059802852216435,0.7443129248175973,0.07905578614442987,0.21808652326351718,0.32868307822334253,0.14028165551996075,0.08729732061550499,0.5289614304129402,0.6697307818686846,0.08833338736119656,0.1953972620441472,0.09883594353517222,0.04256070795044742,0.49561762460601366,0.1247181497501818,0.9626468864485768,0.5198974217729546,0.7135146340749655,0.4531838519126502,0.16995923591652995,0.19358770014297677,0.27471321786673253,0.07217815996098098,0.479996617918681,0.8420070962794728,0.3198646583145135,0.7560311216735373,0.34707608237191734,0.26418337689170435
0.5946358166268765,0.3810400362091443,0.8082376187362652,0.15000746512479357,0.2870497050147106,0.7759664712558562,0.07274944533075811,0.12238962008801835,0.5413062919954843,0.009260081629219874,0.40885654528043824,0.1510646373543545,0.29341160616602835,0.31983965241594026,0.4163418793914534,0.6430393952364254,0.19300604160148915,0.0434694826522638,0.2997019364389968,0.012206474698390202,0.625467273784263,0.032059802852216435,0.7443129248175973,0.07905578614442987,0.21808652326351718,0.32868307822334253,0.14028165551996075,0.08729732061550499,0.5289614304129402,0.6697307818686846,0.08833338736119656,0.1953972620441472,0.09883594353517222,0.04256070795044742,0.49561762460601366,0.1247181497501818,0.9626468864485768,0.5198974217729546,0.7135146340749655,0.4531838519126502,0.16995923591652995,0.19358770014297677,0.27471321786673253,0.07217815996098098,0.479996617918681,0.8420070962794728,0.3198646583145135,0.7560311216735373,0.34707608237191734,0.26418337689170435
0.5946358166268765,0.3810400362091443,0.8082376187362652,0.15000746512479357,0.2870497050147106,0.7759664712558562,0.07274944533075811,0.12238962008801835,0.5413062919954843,0.009260081629219874,0.40885654528043824,0.1510646373543545,0.29341160616602835,0.31983965241594026,0.4163418793914534,0.6430393952364254,0.19300604160148915,0.0434694826522638,0.2997019364389968,0.012206474698390202,0.625467273784263,0.032059802852216435,0.7443129248175973,0.07905578614442987,0.21808652326351718,0.32868307822334253,0.14028165551996075,0.08729732061550499,0.5289614304129402,0.6697307818686846,0.08833338736119656,0.1953972620441472,0.09883594353517222,0.04256070795044742,0.49561762460601366,0.1247181497501818,0.9626468864485768,0.5198974217729546,0.7135146340749655,0.4531838519126502,0.16995923591652995,0.19358770014297677,0.27471321786673253,0.07217815996098098,0.479996617918681,0.8420070962794728,0.3198646583145135,0.7560311216735373,0.34707608237191734,0.26418337689170435
0.5946358166268765,0.3810400362091443,0.8082376187362652,0.15000746512479357,0.2870497050147106,0.7759664712558562,0.07274944533075811,0.12238962008801835,0.5413062919954843,0.009260081629219874,0.40885654528043824,0.1510646373543545,0.29341160616602835,0.31983965241594026,0.4163418793914534,0.6430393952364254,0.19300604160148915,0.0434694826522638,0.2997019364389968,0.012206474698390202,0.625467273784263,0.032059802852216435,0.7443129248175973,0.07905578614442987,0.21808652326351718,0.32868307822334253,0.14028165551996075,0.08729732061550499,0.5289614304129402,0.6697307818686846,0.08833338736119656,0.1953972620441472,0.09883594353517222,0.04256070795044742,0.49561762460601366,0.1247181497501818,0.9626468864485768,0.5198974217729546,0.7135146340749655,0.4531838519126502,0.16995923591652995,0.19358770014297677,0.27471321786673253,0.07217815996098098,0.479996617918681,0.8420070962794728,0.3198646583145135,0.7560311216735373,0.34707608237191734,0.26418337689170435
0.5946358166268765,0.3810400362091443,0.8082376187362652,0.15000746512479357,0.2870497050147106,0.7759664712558562,0.07274944533075811,0.12238962008801835,0.5413062919954843,0.009260081629219874,0.40885654528043824,0.1510646373543545,0.29341160616602835,0.31983965241594026,0.4163418793914534,0.6430393952364254,0.19300604160148915,0.0434694826522638,0.2997019364389968,0.012206474698390202,0.625467273784263,0.032059802852216435,0.7443129248175973,0.07905578614442987,0.21808652326351718,0.32868307822334253,0.14028165551996075,0.08729732061550499,0.5289614304129402,0.6697307818686846,0.08833338736119656,0.1953972620441472,0.09883594353517222,0.04256070795044742,0.49561762460601366,0.1247181497501818,0.9626468864485768,0.5198974217729546,0.7135146340749655,0.4531838519126502,0.16995923591652995,0.19358770014297677,0.27471321786673253,0.07217815996098098,0.479996617918681,0.8420070962794728,0.3198646583145135,0.7560311216735373,0.34707608237191734,0.26418337689170435
0.5946358166268765,0.3810400362091443,0.8082376187362652,0.15000746512479357,0.2870497050147106,0.7759664712558562,0.07274944533075811,0.12238962008801835,0.5413062919954843,0.009260081629219874,0.40885654528043824,0.1510646373543545,0.29341160616602835,0.31983965241594026,0.4163418793914534,0.6430393952364254,0.19300604160148915,0.0434694826522638,0.2997019364389968,0.012206474698390202,0.625467273784263,0.032059802852216435,0.7443129248175973,0.07905578614442987,0.21808652326351718,0.32868307822334253,0.14028165551996075,0.08729732061550499,0.5289614304129402,0.6697307818686846,0.08833338736119656,0.1953972620441472,0.09883594353517222,0.04256070795044742,0.49561762460601366,0.1247181497501818,0.9626468864485768,0.5198974217729546,0.7135146340749655,0.4531838519126502,0.16995923591652995,0.19358770014297677,0.27471321786673253,0.07217815996098098,0.479996617918681,0.8420070962794728,0.3198646583145135,0.7560311216735373,0.34707608237191734,0.26418337689170435
0.5946358166268765,0.3810400362091443,0.8082376187362652,0.15000746512479357,0.2870497050147106,0.7759664712558562,0.07274944533075811,0.12238962008801835,0.5413062919954843,0.009260081629219874,0.40885654528043824,0.1510646373543545,0.29341160616602835,0.31983965241594026,0.4163418793914534,0.6430393952364254,0.19300604160148915,0.0434694826522638,0.2997019364389968,0.012206474698390202,0.625467273784263,0.032059802852216435,0.7443129248175973,0.07905578614442987,0.21808652326351718,0.32868307822334253,0.14028165551996075,0.08729732061550499,0.5289614304129402,0.6697307818686846,0.08833338736119656,0.1953972620441472,0.09883594353517222,0.04256070795044742,0.49561762460601366,0.1247181497501818,0.9626468864485768,0.5198974217729546,0.7135146340749655,0.4531838519126502,0.16995923591652995,0.19358770014297677,0.27471321786673253,0.07217815996098098,0.479996617918681,0.8420070962794728,0.3198646583145135,0.7560311216735373,0.34707608237191734,0.26418337689170435
0.5946358166268765,0.3810400362091443,0.8082376187362652,0.15000746512479357,0.2870497050147106,0.7759664712558562,0.07274944533075811,0.12238962008801835,0.5413062919954843,0.009260081629219874,0.40885654528043824,0.1510646373543545,0.29341160616602835,0.31983965241594026,0.4163418793914534,0.6430393952364254,0.19300604160148915,0.0434694826522638,0.2997019364389968,0.012206474698390202,0.625467273784263,0.032059802852216435,0.7443129248175973,0.07905578614442987,0.21808652326351718,0.32868307822334253,0.14028165551996075,0.08729732061550499,0.5289614304129402,0.6697307818686846,0.08833338736119656,0.1953972620441472,0.09883594353517222,0.04256070795044742,0.49561762460601366,0.1247181497501818,0.9626468864485768,0.5198974217729546,0.7135146340749655,0.4531838519126502,0.16995923591652995,0.19358770014297677,0.27471321786673253,0.07217815996098098,0.479996617918681,0.8420070962794728,0.3198646583145135,0.7560311216735373,0.34707608237191734,0.26418337689170435
0.5946358166268765,0.3810400362091443,0.8082376187362652,0.15000746512479357,0.2870497050147106,0.7759664712558562,0.07274944533075811,0.12238962008801835,0.5413062919954843,0.009260081629219874,0.40885654528043824,0.1510646373543545,0.29341160616602835,0.31983965241594026,0.4163418793914534,0.6430393952364254,0.19300604160148915,0.0434694826522638,0.2997019364389968,0.012206474698390202,0.625467273784263,0.032059802852216435,0.7443129248175973,0.07905578614442987,0.21808652326351718,0.32868307822334253,0.14028165551996075,0.08729732061550499,0.5289614304129402,0.6697307818686846,0.08833338736119656,0.1953972620441472,0.09883594353517222,0.04256070795044742,0.49561762460601366,0.1247181497501818,0.9626468864485768,0.5198974217729546,0.7135146340749655,0.4531838519126502,0.16995923591652995,0.19358770014297677,0.27471321786673253,0.07217815996098098,0.479996617918681,0.8420070962794728,0.3198646583145135,0.7560311216735373,0.34707608237191734,0.26418337689170435
0.5946358166268765,0.3810400362091443,0.8082376187362652,0.15000746512479357,0.2870497050147106,0.7759664712558562,0.07274944533075811,0.12238962008801835,0.5413062919954843,0.009260081629219874,0.40885654528043824,0.1510646373543545,0.29341160616602835,0.31983965241594026,0.4163418793914534,0.6430393952364254,0.19300604160148915,0.0434694826522638,0.2997019364389968,0.012206474698390202,0.625467273784263,0.032059802852216435,0.7443129248175973,0.07905578614442987,0.21808652326351718,0.32868307822334253,0.14028165551996075,0.08729732061550499,0.5289614304129402,0.6697307818686846,0.08833338736119656,0.1953972620441472,0.09883594353517222,0.04256070795044742,0.49561762460601366,0.1247181497501818,0.9626468864485768,0.5198974217729546,0.7135146340749655,0.4531838519126502,0.16995923591652995,0.19358770014297677,0.27471321786673253,0.07217815996098098,0.479996617918681,0.8420070962794728,0.3198646583145135,0.7560311216735373,0.34707608237191734,0.26418337689170435
0.5946358166268765,0.3810400362091443,0.8082376187362652,0.15000746512479357,0.2870497050147106,0.7759664712558562,0.07274944533075811,0.12238962008801835,0.5413062919954843,0.009260081629219874,0.40885654528043824,0.1510646373543545,0.29341160616602835,0.31983965241594026,0.4163418793914534,0.6430393952364254,0.19300604160148915,0.0434694826522638,0.2997019364389968,0.012206474698390202,0.625467273784263,0.032059802852216435,0.7443129248175973,0.07905578614442987,0.21808652326351718,0.32868307822334253,0.14028165551996075,0.08729732061550499,0.5289614304129402,0.6697307818686846,0.08833338736119656,0.1953972620441472,0.09883594353517222,0.04256070795044742,0.49561762460601366,0.1247181497501818,0.9626468864485768,0.5198974217729546,0.7135146340749655,0.4531838519126502,0.16995923591652995,0.19358770014297677,0.27471321786673253,0.07217815996098098,0.479996617918681,0.8420070962794728,0.3198646583145135,0.7560311216735373,0.34707608237191734,0.26418337689170435
0.5946358166268765,0.3810400362091443,0.8082376187362652,0.15000746512479357,0.2870497050147106,0.7759664712558562,0.07274944533075811,0.12238962008801835,0.5413062919954843,0.009260081629219874,0.40885654528043824,0.1510646373543545,0.29341160616602835,0.31983965241594026,0.4163418793914534,0.6430393952364254,0.19300604160148915,0.0434694826522638,0.2997019364389968,0.012206474698390202,0.625467273784263,0.032059802852216435,0.7443129248175973,0.07905578614442987,0.21808652326351718,0.32868307822334253,0.14028165551996075,0.08729732061550499,0.5289614304129402,0.6697307818686846,0.08833338736119656,0.1953972620441472,0.09883594353517222,0.04256070795044742,0.49561762460601366,0.1247181497501818,0.9626468864485768,0.5198974217729546,0.7135146340749655,0.4531838519126502,0.16995923591652995,0.19358770014297677,0.27471321786673253,0.07217815996098098,0.479996617918681,0.8420070962794728,0.3198646583145135,0.7560311216735373,0.34707608237191734,0.26418337689170435
0.5946358166268765,0.3810400362091443,0.8082376187362652,0.15000746512479357,0.2870497050147106,0.7759664712558562,0.07274944533075811,0.12238962008801835,0.5413062919954843,0.009260081629219874,0.40885654528043824,0.1510646373543545,0.29341160616602835,0.31983965241594026,0.4163418793914534,0.6430393952364254,0.19300604160148915,0.0434694826522638,0.2997019364389968,0.012206474698390202,0.625467273784263,0.032059802852216435,0.7443129248175973,0.07905578614442987,0.21808652326351718,0.32868307822334253,0.14028165551996075,0.08729732061550499,0.5289614304129402,0.6697307818686846,0.08833338736119656,0.1953972620441472,0.09883594353517222,0.04256070795044742,0.49561762460601366,0.1247181497501818,0.9626468864485768,0.5198974217729546,0.7135146340749655,0.4531838519126502,0.16995923591652995,0.19358770014297677,0.27471321786673253,0.07217815996098098,0.479996617918681,0.8420070962794728,0.3198646583145135,0.7560311216735373,0.34707608237191734,0.26418337689170435
0.5946358166268765,0.3810400362091443,0.8082376187362652,0.15000746512479357,0.2870497050147106,0.7759664712558562,0.07274944533075811,0.12238962008801835,0.5413062919954843,0.009260081629219874,0.40885654528043824,0.1510646373543545,0.29341160616602835,0.31983965241594026,0.4163418793914534,0.6430393952364254,0.19300604160148915,0.0434694826522638,0.2997019364389968,0.012206474698390202,0.625467273784263,0.032059802852216435,0.7443129248175973,0.07905578614442987,0.21808652326351718,0.32868307822334253,0.14028165551996075,0.08729732061550499,0.5289614304129402,0.6697307818686846,0.08833338736119656,0.1953972620441472,0.09883594353517222,0.04256070795044742,0.49561762460601366,0.1247181497501818,0.9626468864485768,0.5198974217729546,0.7135146340749655,0.4531838519126502,0.16995923591652995,0.19358770014297677,0.27471321786673253,0.07217815996098098,0.479996617918681,0.8420070962794728,0.3198646583145135,0.7560311216735373,0.34707608237191734,0.26418337689170435
0.5946358166268765,0.3810400362091443,0.8082376187362652,0.15000746512479357,0.2870497050147106,0.7759664712558562,0.07274944533075811,0.12238962008801835,0.5413062919954843,0.009260081629219874,0.40885654528043824,0.1510646373543545,0.29341160616602835,0.31983965241594026,0.4163418793914534,0.6430393952364254,0.19300604160148915,0.0434694826522638,0.2997019364389968,0.012206474698390202,0.625467273784263,0.032059802852216435,0.7443129248175973,0.07905578614442987,0.21808652326351718,0.32868307822334253,0.14028165551996075,0.08729732061550499,0.5289614304129402,0.6697307818686846,0.08833338736119656,0.1953972620441472,0.09883594353517222,0.04256070795044742,0.49561762460601366,0.1247181497501818,0.9626468864485768,0.5198974217729546,0.7135146340749655,0.4531838519126502,0.16995923591652995,0.19358770014297677,0.27471321786673253,0.07217815996098098,0.479996617918681,0.8420070962794728,0.3198646583145135,0.7560311216735373,0.34707608237191734,0.26418337689170435
0.5946358166268765,0.3810400362091443,0.8082376187362652,0.15000746512479357,0.2870497050147106,0.7759664712558562,0.07274944533075811,0.12238962008801835,0.5413062919954843,0.009260081629219874,0.40885654528043824,0.1510646373543545,0.29341160616602835,0.31983965241594026,0.4163418793914534,0.6430393952364254,0.19300604160148915,0.0434694826522638,0.2997019364389968,0.012206474698390202,0.625467273784263,0.032059802852216435,0.7443129248175973,0.07905578614442987,0.21808652326351718,0.32868307822334253,0.14028165551996075,0.08729732061550499,0.5289614304129402,0.6697307818686846,0.08833338736119656,0.1953972620441472,0.09883594353517222,0.04256070795044742,0.49561762460601366,0.1247181497501818,0.9626468864485768,0.5198974217729546,0.7135146340749655,0.4531838519126502,0.16995923591652995,0.19358770014297677,0.27471321786673253,0.07217815996098098,0.479996617918681,0.8420070962794728,0.3198646583145135,0.7560311216735373,0.34707608237191734,0.26418337689170435
0.5946358166268765,0.3810400362091443,0.8082376187362652,0.15000746512479357,0.2870497050147106,0.7759664712558562,0.07274944533075811,0.12238962008801835,0.5413062919954843,0.009260081629219874,0.40885654528043824,0.1510646373543545,0.29341160616602835,0.31983965241594026,0.4163418793914534,0.6430393952364254,0.19300604160148915,0.0434694826522638,0.2997019364389968,0.012206474698390202,0.625467273784263,0.032059802852216435,0.7443129248175973,0.07905578614442987,0.21808652326351718,0.32868307822334253,0.14028165551996075,0.08729732061550499,0.5289614304129402,0.6697307818686846,0.08833338736119656,0.1953972620441472,0.09883594353517222,0.04256070795044742,0.49561762460601366,0.1247181497501818,0.9626468864485768,0.5198974217729546,0.7135146340749655,0.4531838519126502,0.16995923591652995,0.19358770014297677,0.27471321786673253,0.07217815996098098,0.479996617918681,0.8420070962794728,0.3198646583145135,0.7560311216735373,0.34707608237191734,0.26418337689170435
0.5946358166268765,0.3810400362091443,0.8082376187362652,0.15000746512479357,0.2870497050147106,0.7759664712558562,0.07274944533075811,0.12238962008801835,0.5413062919954843,0.009260081629219874,0.40885654528043824,0.1510646373543545,0.29341160616602835,0.31983965241594026,0.4163418793914534,0.6430393952364254,0.19300604160148915,0.0434694826522638,0.2997019364389968,0.012206474698390202,0.625467273784263,0.032059802852216435,0.7443129248175973,0.07905578614442987,0.21808652326351718,0.32868307822334253,0.14028165551996075,0.08729732061550499,0.5289614304129402,0.6697307818686846,0.08833338736119656,0.1953972620441472,0.09883594353517222,0.04256070795044742,0.49561762460601366,0.1247181497501818,0.9626468864485768,0.5198974217729546,0.7135146340749655,0.4531838519126502,0.16995923591652995,0.19358770014297677,0.27471321786673253,0.07217815996098098,0.479996617918681,0.8420070962794728,0.3198646583145135,0.7560311216735373,0.34707608237191734,0.26418337689170435
0.5946358166268765,0.3810400362091443,0.8082376187362652,0.15000746512479357,0.2870497050147106,0.7759664712558562,0.07274944533075811,0.12238962008801835,0.5413062919954843,0.009260081629219874,0.40885654528043824,0.1510646373543545,0.29341160616602835,0.31983965241594026,0.4163418793914534,0.6430393952364254,0.19300604160148915,0.0434694826522638,0.2997019364389968,0.012206474698390202,0.625467273784263,0.032059802852216435,0.7443129248175973,0.07905578614442987,0.21808652326351718,0.32868307822334253,0.14028165551996075,0.08729732061550499,0.5289614304129402,0.6697307818686846,0.08833338736119656,0.1953972620441472,0.09883594353517222,0.04256070795044742,0.49561762460601366,0.1247181497501818,0.9626468864485768,0.5198974217729546,0.7135146340749655,0.4531838519126502,0.16995923591652995,0.19358770014297677,0.27471321786673253,0.07217815996098098,0.479996617918681,0.8420070962794728,0.3198646583145135,0.7560311216735373,0.34707608237191734,0.26418337689170435
0.5946358166268765,0.3810400362091443,0.8082376187362652,0.15000746512479357,0.2870497050147106,0.7759664712558562,0.07274944533075811,0.12238962008801835,0.5413062919954843,0.009260081629219874,0.40885654528043824,0.1510646373543545,0.29341160616602835,0.31983965241594026,0.4163418793914534,0.6430393952364254,0.19300604160148915,0.0434694826522638,0.2997019364389968,0.012206474698390202,0.625467273784263,0.032059802852216435,0.7443129248175973,0.07905578614442987,0.21808652326351718,0.32868307822334253,0.14028165551996075,0.08729732061550499,0.5289614304129402,0.6697307818686846,0.08833338736119656,0.1953972620441472,0.09883594353517222,0.04256070795044742,0.49561762460601366,0.1247181497501818,0.9626468864485768,0.5198974217729546,0.7135146340749655,0.4531838519126502,0.16995923591652995,0.19358770014297677,0.27471321786673253,0.07217815996098098,0.479996617918681,0.8420070962794728,0.3198646583145135,0.7560311216735373,0.34707608237191734,0.26418337689170435
0.5946358166268765,0.3810400362091443,0.8082376187362652,0.15000746512479357,0.2870497050147106,0.7759664712558562,0.07274944533075811,0.12238962008801835,0.5413062919954843,0.009260081629219874,0.40885654528043824,0.1510646373543545,0.29341160616602835,0.31983965241594026,0.4163418793914534,0.6430393952364254,0.19300604160148915,0.0434694826522638,0.2997019364389968,0.012206474698390202,0.625467273784263,0.032059802852216435,0.7443129248175973,0.07905578614442987,0.21808652326351718,0.32868307822334253,0.14028165551996075,0.08729732061550499,0.5289614304129402,0.6697307818686846,0.08833338736119656,0.1953972620441472,0.09883594353517222,0.04256070795044742,0.49561762460601366,0.1247181497501818,0.9626468864485768,0.5198974217729546,0.7135146340749655,0.4531838519126502,0.16995923591652995,0.19358770014297677,0.27471321786673253,0.07217815996098098,0.479996617918681,0.8420070962794728,0.3198646583145135,0.7560311216735373,0.34707608237191734,0.26418337689170435
