SimulationID,AdjustedLatency,AdjustedNetworkCost
955bb429-179c-41b3-88e4-7b4fb059c471,0.58134922383455,248.77999999999997
82c64ecf-24e1-4f37-953f-3bd55d27a61b,0.5875251710324,233.77999999999997
913c537a-d573-4033-b129-ac584815c21e,0.58319599658645,292.78
4c250c66-40ef-4b47-843c-ad605d0922cc,0.5810997674798,216.77999999999997
98f56be0-4593-48ef-85fb-2acaba513a81,0.5859945474522,248.77999999999997
cea6467a-4d9e-4802-9cfc-3ea33b802b2f,0.58958139477825,185.77999999999997
d7021e3b-b66e-4d0a-a74c-6fd6e29bd2f5,0.58222264465475,257.78000000000003
46e35265-842c-40d0-af90-19685716fc78,0.5837597303316,239.78
6fd6c285-5d62-45e6-908e-63d618936496,0.5855661535413,256.78000000000003
dc0e77e9-f44e-4110-b375-2b30272abba2,0.58574178350285,211.78000000000003
ea4f3690-78f8-4624-9732-b37dbd24239f,0.5839782516107,221.77999999999997
44f45667-a426-4f6d-ba20-49aa508f889c,0.58421464829875,237.78
7443e9b4-0749-4705-9bc7-4028c84bf062,0.58277131681805,253.78
d330308d-da1d-43b2-80dc-d1326e392829,0.5820970540125,249.77999999999997
946c7d44-1f67-43e0-ba8c-683c9a458e21,0.58549996607215,218.77999999999997
aa71b3a7-5990-44a6-828e-41284ee64107,0.5831277904524,261.78000000000003
b8412ffd-4336-476a-a949-09ef7c493730,0.58490259905225,292.78
528d2f1e-7131-4a18-9e1d-cfbabb91d487,0.5875251710324,233.77999999999997
414a8c60-26e8-4974-9763-8436d9f7b146,0.58802628186,233.77999999999997
16242945-2bcc-4737-b534-69f042e052f3,0.5810997674798,216.77999999999997
e12b5ff0-de26-41b3-8d1d-719c59ed9882,0.58385155584985,216.77999999999997
fdf0f653-8105-4d8a-8f0f-17785b5cb1ff,0.58958139477825,185.77999999999997
e5a2e858-1e54-4e86-8bb3-ce5aaa5e4991,0.58134922383455,248.77999999999997
c6c64aa6-c702-4ddb-862c-4377a8f6da18,0.58319599658645,292.78
8fce5c8d-5391-4b8c-85fb-42d94196d7b1,0.5875251710324,233.77999999999997
4efd0829-07d6-4449-be42-d35ae26a5384,0.58574178350285,211.78000000000003
2fcf1618-be92-4c21-9fb0-e0053c8767ce,0.5839782516107,221.77999999999997
e1a4809a-b9b4-4805-b3d5-8da54d482b8b,0.58237715734755,261.78
0753bba8-0139-4257-abda-6b0fff9c1c1c,0.5859373947786,232.77999999999997
6eca0291-0652-4597-b655-5edf1c533173,0.5859945474522,248.77999999999997
7aa0fd9a-263a-4034-98d2-905a37fcf1cb,0.58549996607215,218.77999999999997
52045a52-bb29-44b7-bf34-dee46e66bcdd,0.58503211781395,223.77999999999997
9ca92e88-b8cb-4601-8b14-d859e71b2566,0.58313486875505,261.78000000000003
52ebb522-ec92-4c59-a40f-e8d7b7cb1dff,0.58520214323165,283.78
afeeeb3c-6f85-48d5-8c7e-621fed869236,0.58538912796635,262.78000000000003
d4ab54dc-650f-4959-a576-684a1c61fdba,0.5829175874628,255.78
35dfcb93-da36-40ac-b428-4d56ecf15b95,0.58424494967195,227.77999999999997
6d0a28ad-7bde-47bc-bee2-8a3eccec8517,0.58958139477825,185.77999999999997
ea45935a-fa54-4c7f-837e-043a10ff42f1,0.58479487602655,199.77999999999997
c472d943-39fa-4456-84d3-2b66f0fe0ca5,0.58398715859575,214.77999999999997
36d584aa-4e60-401b-bc1c-7215c0ad820f,0.58162738225195,244.78000000000003
7a426ba9-dc3d-4ab1-8a4d-66ae76328669,0.58574178350285,211.78000000000003
21e81f46-672e-4be1-ba60-f60fea29b15c,0.5813800720847,270.78000000000003
a4e1ea06-26b8-442c-905f-9d437b5488d5,0.5850847782827,248.77999999999997
c7c90aa6-181d-489d-8293-af4df091060d,0.58525796264195,245.78
3f2dc803-4456-43b3-99de-4e5ef538349d,0.5841374273681,209.77999999999997
f62eca01-b654-48f2-b4aa-ba0883a7887f,0.5870669308336,212.77999999999997
e5fe772c-54da-4f12-a6b8-be9bd0c5b08f,0.5873037260696,263.78
9f3e907f-b556-40c3-a504-7c1d9712c966,0.58313486875505,261.78000000000003
3a41c5c8-ef1d-4c3f-bc69-db8228c5ee7e,0.5829175874628,255.78
baa4eec1-bd17-429c-bcf8-db787653a8ab,0.5848755147853,273.78
ccf5188e-1604-4521-8686-1b0510114adc,0.5848780435852,235.78
d975c33e-bad5-431e-ab29-e9e93190dbc9,0.5860546485921,207.77999999999997
52bf3853-7721-4d8f-a9e7-dddc7494b169,0.58958139477825,185.77999999999997
c9690031-e12e-4800-8eb4-c508e85a74aa,0.58479487602655,199.77999999999997
7dd3279c-7112-43e5-a618-bea57c38c23d,0.58398715859575,214.77999999999997
1d2bb7bc-c362-471a-9efc-e644d680afbd,0.58520214323165,283.78
9864e26e-3d41-43b8-9e75-d92902d0ce9d,0.58574178350285,211.78000000000003
bb77d5ba-e4e1-42fc-83d1-9b374e17f19f,0.58424494967195,227.77999999999997
32208da5-6eb4-4d45-88a9-3d9adfd80746,0.58775809223825,243.78
f6768bde-3584-48af-9891-279ffa028e90,0.58538912796635,262.78000000000003
74a101a9-862b-4eed-b6e8-0990ab8c10de,0.5841374273681,209.77999999999997
a3e1703f-a114-4439-a665-6910769fe28b,0.5870669308336,212.77999999999997
9e57525d-887f-42d1-8669-d9b6650dad8d,0.58510795775155,230.78
e5023e9a-4312-4af6-baa7-5438a0aa5049,0.5857876055758,247.77999999999997
1270edb9-e83b-4e2e-89c7-0fbcaff7218f,0.58490589906995,220.78
dd1324a0-2cc2-422a-ba78-ea0da87f5da5,0.58752897987425,235.77999999999997
cc333400-004d-4751-a7c7-782f51cfc585,0.58477418498925,235.77999999999997
958b12e8-d713-475a-b86f-5ec61541b977,0.5850516772311,220.77999999999997
18f99822-dd8b-43ec-b25d-9502d687065d,0.58958139477825,185.77999999999997
41f2017b-94a3-4b6e-bd03-60cdcff59f30,0.58479487602655,199.77999999999997
97715530-79e3-4f38-bcd8-47737b75c755,0.5836514662501,243.77999999999997
19d9e01f-7067-47b7-8005-00f89503b67f,0.5847744318672,186.77999999999997
c7e85fb7-9027-406d-adb3-6d23e0440087,0.5819472476477,238.77999999999997
8ad86bc1-8e73-47ba-a6f4-148ff673b540,0.58679651437325,219.78
3173ebb5-e500-4d32-8891-2f61c84cc7eb,0.5844025155144,244.77999999999997
d10e38ae-4f9b-430c-8fd0-25454f388126,0.58119970619145,256.78000000000003
23055e6d-c0ec-4e2a-bdb8-d4524162087b,0.5836193316681,225.77999999999997
05a0a9ff-642b-4c45-bb08-6747ac0d92c1,0.58354311636105,244.78
133ab80e-3614-4737-8bb2-ad00608c06f8,0.5826865109041,247.78000000000003
74b92705-884c-42c6-b9d0-5fdd69ee7f7d,0.5857876055758,247.77999999999997
c63ccd5a-cf9b-4348-8bd4-6cfb492eefa8,0.58490589906995,220.78
ecd14e80-03b7-40ce-952c-93e51d588ee2,0.5828477793759,226.77999999999997
7bc2aa41-491b-4f65-8e25-f028cb6879bc,0.5834164766542,242.78
2a55e27c-0539-46fe-bb22-f450b473be8d,0.5850516772311,220.77999999999997
dc8d0e02-92ba-4fc2-9ab3-ea8766ccd703,0.58958139477825,185.77999999999997
5a1aaa18-1c73-40ec-a62b-aaae18e04aec,0.58479487602655,199.77999999999997
b28a602c-388f-488c-ad0b-8457d45027cb,0.5871029421901,198.77999999999997
be9e9500-9758-4aac-9554-791f2ff35e7b,0.5847744318672,186.77999999999997
6a7e92ab-5321-4a2b-8eae-e2310eb999bc,0.58490589906995,220.78
3406fe95-bf31-40eb-bd15-52fa1ebda9b2,0.58679651437325,219.78
bc88d096-64c4-496d-924d-9bda20bb5453,0.58656325332625,225.78
27d1439c-d668-4b64-9782-b23269be3903,0.584015973556,240.78000000000003
d5b230fe-8d7f-4f9c-85b9-214161420aef,0.5814295261908,252.78
cb9de136-1e82-4c42-8f26-d855a0940e64,0.58436360541595,228.77999999999997
5ed5c6f7-c5da-44c0-8a1b-1799edfed44c,0.5847530856778,251.78
c2d9f9ca-712d-445f-820c-79c0abff02b3,0.58482364828565,238.77999999999997
7139cf05-bca0-4369-b2bc-0f39533815d6,0.58538255543765,252.78
6e347516-912d-402c-8c39-dcd1972d0cd4,0.58551546089785,229.77999999999997
ad22a0d5-f94d-4b88-b680-dfdae4f8d3d2,0.5835419994414,234.78
954c66ee-591a-4048-b524-57e260942905,0.58150177605505,247.78
122d57ac-be60-4a8a-8cde-3efdf13fbea7,0.58958139477825,185.77999999999997
bc40c950-f084-4e99-b396-94797af81974,0.58490539642175,225.78000000000003
e948003f-9686-4bff-bd65-10ce880e52b0,0.5842764537508,213.77999999999997
958d4787-acac-47b1-a062-a43f58f38674,0.5847744318672,186.77999999999997
14151763-029f-4a32-89b7-c892d22a2281,0.5801426434089,207.78
827bf6ed-1c96-4137-bc3d-2ee471a4459f,0.585676764644,190.77999999999997
75f7da04-32cf-40c1-b006-2ccc552bcfdb,0.5834038917429,231.77999999999997
f011e272-015c-4ac9-8149-96dd16feba2e,0.58633107395985,204.77999999999997
218483b1-ea8e-476d-95dc-a3b0ce7f8063,0.586251129622,264.7800000000001
3674dbd5-64e6-466c-8071-04338ef4df34,0.5885267958273,241.78
e8e511e7-9049-4c82-9090-b7ccf5be64bc,0.5857802915007,265.78000000000003
5e6120da-a3a0-4ce6-97ad-424794bef3b7,0.5847774046612,235.77999999999997
c55e5a7d-0031-4291-bb32-b2d9ecfa7ca9,0.585316154744,218.77999999999997
0ec06386-4a33-4af3-b37a-070d3878014e,0.58962972511315,204.77999999999997
583006b3-c7ea-42ce-bc1b-78e1504d9d4c,0.58482364828565,238.77999999999997
20cbdc3b-7684-4730-952b-59e1b61141eb,0.585201893856,250.78
91d4a3bd-08a6-4a0f-9691-a67052b51257,0.58958139477825,185.77999999999997
83463266-74e8-40c0-9903-fb8dbef80af4,0.5819804123846,234.78
00c30ab3-5fdf-4cac-99ce-2c61557a515a,0.5842764537508,213.77999999999997
18aac6bf-dcda-482d-a91e-95c26203b807,0.5847744318672,186.77999999999997
69e355ee-c483-43e4-aa9b-9ef8d7ae943d,0.5801426434089,207.78
a13c53c5-ad38-416d-abd3-315a3e878e2b,0.585676764644,190.77999999999997
7a15cd0e-b0f1-425d-98e4-a78bed31ed91,0.5806374451652,246.78
48f0cdee-245f-4ed0-b5da-aa41c476e7d4,0.58633107395985,204.77999999999997
ff06f3d9-dc6c-4ca3-ab0a-aeea0b4ef581,0.5803128597656,241.78
e0cc1c38-8d52-4f77-ae08-57ec53390df2,0.58290444074575,264.78000000000003
c319926c-967d-4055-84b9-97f4bdf96a97,0.58659376460175,174.77999999999997
3ec598d8-72c1-483b-87e3-188f8613d07b,0.58396129063105,254.78
865aa006-b995-4341-8fe9-436bab0caf40,0.58596941146025,244.77999999999997
0f0fbd1a-9932-434e-8af6-3e138cc59c51,0.5778775418496,313.78
4277a152-f557-4160-997e-a94c1075e0bc,0.58057300660065,254.78
b3dee417-72f6-42ef-bb1e-a701d5caaf82,0.5847044790299,274.78
4eb6b616-35c0-4d7a-9d05-f4dd31be1aca,0.58587669775345,260.78000000000003
118eb0a5-a6fc-4c20-bb3d-b8f8ed11e8fa,0.58693665091185,289.78
cad00056-336a-4aa3-852b-f315b7e08b94,0.5816545768696,262.78
208f90c8-0b3a-41db-887a-484000fe6ace,0.5847744318672,186.77999999999997
ee2b3ac7-fd99-4165-abe9-eee069f971a2,0.58620936475395,211.77999999999997
fd30b2e4-e4d2-4bd1-a733-9dc6c8877f80,0.5838268170995,237.78
8b4e6b67-fff2-4486-a737-3d75d6b45b0c,0.57978338207875,235.77999999999997
57869f1c-2734-4c72-a496-11a972f3dd31,0.58215260148885,232.78
03d5b8fe-de53-44fb-b6d8-1b2db897055d,0.58514039973055,228.78
bd1b2ebf-9515-4069-855d-314393e1a431,0.5855178208301,234.78
964e1be3-72a9-4b3a-9b95-e9caaa9e34f9,0.58659376460175,174.77999999999997
cd70d092-afb5-488c-b556-13589215a8c1,0.5822879439975,247.78
f051f29b-6601-4a1b-905f-67c3bb7d7e93,0.58299501936555,254.78
5ba837b3-9ab2-4840-98ef-60d9233d8e83,0.58325758814715,276.78
8dd5fc4c-b9d1-4599-87ef-1ff1f32cdc1c,0.58391224677485,292.78
a7571620-a378-4eef-a35b-2bf53ff0661f,0.58453654914025,269.78000000000003
3d6f8484-934b-4472-a5d5-89678ecb10f0,0.58461516419725,215.77999999999997
13f4dd2d-9cef-48cf-b4f6-d01e379eee75,0.58396129063105,254.78
5f41b142-f3f1-4462-8e5d-806b1910bcce,0.58408810687485,272.78000000000003
784cce77-c759-4997-b1c0-ee063f7ad718,0.5847744318672,186.77999999999997
3857295d-1e2f-40f6-8e94-dfce45a4ec6e,0.58620936475395,211.77999999999997
d07d670b-0135-46e6-90c8-304ff2389d37,0.58497094595525,292.78
06a63777-acc7-4133-ba89-24c4eb1ef24f,0.57978338207875,235.77999999999997
50ff0b78-9cc0-4aaf-93de-307096394db7,0.58215260148885,232.78
0bae6c6b-48b7-4126-9d9b-136e9bb07179,0.58514039973055,228.78
8609141e-52a4-4e49-8046-5ba5fc02c705,0.58396129063105,254.78
f568b557-643b-459c-9a46-a355b5dc6fad,0.58659376460175,174.77999999999997
e866e457-3a77-4b88-aba0-7b2217cec43c,0.5832169682926,262.78000000000003
3eff9c11-6cc8-4592-a4c9-9e6a54b334f2,0.58161768573825,309.78
319d6a5b-ece2-4a03-864c-5a9700816027,0.5844316941788,238.78
6dacaa29-2beb-466a-a1c8-97f6a8761ac4,0.58471666044015,226.77999999999997
9faff634-e2b3-4a58-a976-4cecd980d236,0.5827149485394,235.77999999999997
637b25bd-57af-4083-8aae-aadcb0e2c1ea,0.58389063144165,217.77999999999997
b396a456-e9c3-4de7-beb4-959675bdd642,0.58664101892025,186.77999999999997
d6d78e0b-ae97-4874-b413-156c7ee60b88,0.58508158721635,201.77999999999997
9dbd7a47-0ac4-4461-ba11-06d04726890f,0.5847744318672,186.77999999999997
5f49d99b-b92e-428b-8365-a0757c554517,0.5815633417884,267.78000000000003
b37e3dfe-6cdd-460c-8a18-0ac9b8ef8932,0.5819636538845,278.78
724f0325-6b36-48e1-9eaa-be02d77dd70e,0.58323158457335,247.78
89844161-8861-4294-b007-e002da9cc350,0.5836648705164,270.78000000000003
de1a47df-0415-4f09-8932-41e4c5bcc223,0.5867343925833,191.77999999999997
ff3b950d-aa91-45a5-9887-b491a2eae4a0,0.58464739870695,255.77999999999997
53361925-ffb1-462c-add1-b95d3b9334c4,0.58659376460175,174.77999999999997
0343e5b7-0d8a-4468-85b7-d84c91eb36bb,0.58534880672,226.78
2a193127-75bd-4a00-a1db-50fb5aac1b87,0.58373579108465,250.77999999999997
26d35101-cd68-4492-b4bd-20a812d38601,0.58471666044015,226.77999999999997
de1c6515-e2dd-4240-9fe0-dc237663b14b,0.58161768573825,309.78
b754ed13-ef9f-468e-a7e8-712ef1f40739,0.5831063213461,239.77999999999997
906ab7ee-8673-4e03-a5ca-f1e07df07d2d,0.58389063144165,217.77999999999997
7e055956-1b55-4e91-8123-bd3fdfee470f,0.58664101892025,186.77999999999997
c2903c9a-c9ff-42e9-b62a-27c15895232b,0.58508158721635,201.77999999999997
e7f6089d-ddfb-4176-86b5-6d04d2df5315,0.5847744318672,186.77999999999997
64209323-fe21-4a43-a99f-8e77925765c0,0.5844316941788,238.78
9bc44fec-0390-45ad-a29d-b48a07f8750c,0.584170218046,278.78
2846a62f-f178-460c-9d87-d9ee5d22e09c,0.58170547503445,256.78
9777c33b-3338-47b8-ad90-e914e39d4291,0.583988315921,289.78
7098ca70-d137-4095-b4df-fee48668edf6,0.5867343925833,191.77999999999997
12f8b252-5f79-4453-8645-f0a1b1259839,0.5841936175101,254.77999999999997
55c6cb12-6cf0-459f-98cf-97e3ebc6c6bf,0.58659376460175,174.77999999999997
eeb502ab-bfa0-491a-816c-51b0c671dffc,0.5907883098432,178.77999999999997
5d7f5c5f-2f32-4d2f-916b-7d688c41513a,0.5836827872561,190.77999999999997
9f1cc4f3-2577-4c49-a9b4-6c0e07a5ba47,0.58587490029245,231.77999999999997
696548c5-6c6e-4668-a4d4-26a1ea2637ec,0.5841131428981,244.78
6fe8f361-c06f-44c8-89da-03b1f55786bf,0.5849756448076,255.77999999999997
693d771b-e53a-408a-a6b6-bf4abfb56936,0.58466662277145,246.78
a99bc426-f098-4c76-b1d3-6b4a8e2a3d3d,0.58130252536685,222.78000000000003
9ccd872b-90a6-454d-85ca-d14561459d2a,0.5850354092032,227.78
43c88933-30ea-4c3c-ba3a-920adf112760,0.5847744318672,186.77999999999997
0053c094-46fb-4663-a2f5-fd37fdb5d91c,0.58896178588905,225.78
a943a723-301d-43b9-a92a-eb8d3cab366f,0.5832846443386,275.78
cc21c82a-3f37-4c94-ac16-db28f4efee5f,0.58337272919415,266.7800000000001
2fcbb4c0-eb89-4308-bd9b-9ce28f39cc32,0.5839027748057,267.78000000000003
53cd2d17-cd2b-4f16-ad6b-1a9dea286fc8,0.58718244584275,202.77999999999997
6d20c19a-b7fb-4d71-8245-51fa9696e141,0.58602147672345,242.77999999999997
a59c33e8-2aaa-4415-b32b-fa49d99d4eb3,0.58659376460175,174.77999999999997
f817f1a5-e76f-41ee-afbf-bbfda34f2721,0.5907883098432,178.77999999999997
41ab1cd9-6e3f-4aa6-9070-9943723edc1a,0.5836827872561,190.77999999999997
9dda4d78-7e07-4997-9190-e24e8ed10e16,0.58547565631405,174.77999999999997
679d4e3f-bab0-4436-b893-8c7ae81e8742,0.5836827872561,190.77999999999997
a6d7dc48-ece7-4022-8483-ae4ac9abfb73,0.5861084924628,219.78
6ec4daa2-ec21-42cf-992a-3877a8d1a49b,0.5836827872561,190.77999999999997
19323ec2-4bcb-4590-b565-e0abffa5e780,0.58130252536685,222.78000000000003
ad0d05de-d90a-4a79-95bc-f14950afe953,0.58370934385325,207.77999999999997
408c0bc3-d137-4ba4-83c8-5f02f04014f7,0.5847744318672,186.77999999999997
daf374ea-72f7-4373-b18f-46706eaba7f9,0.58583138250495,219.78
b0fa581f-5005-46f3-ad5e-7afc681dcfbf,0.5841131428981,244.78
31805dc9-ef4c-4e39-8d1a-243dc1fa6c76,0.5907883098432,178.77999999999997
10f916dc-e7c0-478e-8441-593e517c21be,0.5907883098432,178.77999999999997
4611a6bd-fe89-433d-80ef-8c72f4709f60,0.58718244584275,202.77999999999997
8d5d0728-a576-4db7-951e-a2e806b70501,0.58425374146355,247.77999999999997
99de0405-d6d6-490f-b669-cb527249acbc,0.58659376460175,174.77999999999997
38fa8b2c-1b21-40de-b51e-ae743f858a99,0.5851938399654,249.78
46bf3e2b-0c96-4f93-958c-9fb7bc04e4d8,0.58639833491885,228.78
a5a87071-ca5c-42ab-b6d2-1a9bd286785a,0.58547565631405,174.77999999999997
3af16de6-780f-47a0-9ac6-fdb8c90d3317,0.58292059344175,239.78
6006d559-9474-4d72-bc51-ca4d6c66184c,0.58452026640575,234.78
487d5582-55e1-4e81-9e76-f9f865853b34,0.5837510704424,199.77999999999997
6283016a-80c6-431e-bf8c-f1e57f695b67,0.57913158678555,251.78
debb08a0-fd22-4a3a-948e-378c9ae26bca,0.58123721511935,221.78
fb1de75d-cc5c-4d33-9790-6280ad78475c,0.58581690765995,222.78
441dafaa-927d-41e1-a692-8768c680a19e,0.58465003429315,250.77999999999997
3f9ae3b0-1ceb-4cb2-8a2a-bca3e6d2d5c4,0.5850177157866,239.77999999999997
838a9e89-65c4-4ecd-991c-3a2f934aa79e,0.58641861169235,237.77999999999997
df1fe632-2597-4b65-9b68-fa8d32ec5ba4,0.5842854710633,263.78000000000003
dd6079f1-43ef-4f82-95bd-eeb932dd05f4,0.5862441597528,237.77999999999997
49e783e1-1740-4c71-a8a3-24f76c56b474,0.58401883370495,220.77999999999997
f12c734a-12ca-4e86-af2a-c47827824a24,0.58659376460175,174.77999999999997
5ef0986f-931e-4dfc-9e81-465aec77efde,0.58299515881615,189.78
53e15cbb-2bde-44dc-90fc-6011ecf9f63e,0.5858174727388,190.77999999999997
5b1190f2-b90a-4bc8-891f-9cb3d69a7df5,0.58547565631405,174.77999999999997
053daec9-af56-4451-a956-ab8c9c972c41,0.5852580032486,214.77999999999997
35bc56fe-3ea2-4461-b6e4-452dd8755b20,0.5872045965683,182.78
cd60d21f-f71e-4f4d-8c76-30f0ea930d69,0.5837510704424,199.77999999999997
987e93fe-6e02-4e4b-9b73-ef823bc77839,0.58582913683755,241.78
1facb3cd-dd71-4817-b94f-423f2aa9bd55,0.58123721511935,221.78
7f68f2bc-1556-4f92-9ca1-ea0349beba14,0.58581690765995,222.78
74cfa21c-2de7-4a1f-bd31-a3747f9055a2,0.58532381187275,175.78
823c7d4a-f1f1-47cc-8f50-10c0b77ead4b,0.58672743596605,210.77999999999997
75f9308c-73dd-4252-ab6b-4000fda4804a,0.5851938399654,249.78
4af9153a-1933-45d6-8151-cc4fd085c270,0.58316243619815,216.78
e70dab28-282a-42b3-bfcf-0a05998fdddc,0.5859460905378,228.77999999999997
9e9c86a2-180a-4eb1-b4ce-43cc9c0655fe,0.58401883370495,220.77999999999997
1fb80ab1-56a4-41ee-bc13-3897f13b47cd,0.58659376460175,174.77999999999997
cb7765f2-2c81-450e-951f-579d040ae079,0.5823116309253,257.78000000000003
7d2ec44c-a34d-42d7-bf0f-c71ee4246a72,0.5823642224777,257.78
99288a58-4c7a-4c45-97e0-bbd85028e899,0.58547565631405,174.77999999999997
7ad32a99-9006-4673-b78f-b19aaf63256a,0.5853714276279,250.77999999999997
756ecf21-1835-4fdb-aeb3-a0cbe2d40356,0.58307316329755,213.77999999999997
65deeef6-566a-4377-a928-c4d5e0b29481,0.58604129596955,209.77999999999997
d3f36d79-8c54-4d89-854d-b3daf969d01e,0.586694848018,241.78
b0ac209b-0aae-4c9a-8b3e-3a5f3ae62ee4,0.5828063421316,233.77999999999997
c58a13da-744c-4a5f-8e3e-4c4cceb6e348,0.583524792189,231.78
0e4911c1-0395-4cc2-b228-0a7e5b4d8b44,0.5828406204297,244.77999999999997
396bc687-1bcd-4978-b346-8d3fe234c34c,0.58667110660205,207.77999999999997
03367ba3-7169-4034-8d5d-8e54b72209c2,0.57881262587785,239.78
84e893c7-ddb5-4b41-808a-af6d8abd6a62,0.58403967142945,240.78
4c062d6d-e78d-43b0-be2f-c90a3ca1a0da,0.585759428363,274.78
9d8fa4c3-b595-482d-bcd8-15a7ce7b74b3,0.5829561825713,251.78000000000003
131855aa-07c8-4f98-b106-d829b0dd6a73,0.58659376460175,174.77999999999997
1984a84c-d7e2-44b6-a292-b63d76be4a32,0.58629215102075,241.77999999999997
6b7f2460-889e-40e4-997d-5ee78ee84cdf,0.5819752746739,238.77999999999997
a6c98dd9-8427-4ade-a419-1cba2768f4fd,0.58547565631405,174.77999999999997
97216b09-0914-4616-a610-adb0a1f0f0fd,0.5823642224777,257.78
946be995-c193-4c31-9247-7529440de06b,0.58307316329755,213.77999999999997
f534736f-d3a1-463f-a60f-0b4dfb2dc1ff,0.58604129596955,209.77999999999997
9ea5a3c3-4275-4b8b-9be3-a0ef6e5468a0,0.5811134767955,252.78
c7855460-260e-443c-ac30-ddcf88f7f210,0.58221114078085,258.78000000000003
b3f18c65-1031-4515-bc4d-1fd7bd3dffd5,0.583524792189,231.78
fe5ef382-e364-4ef0-b604-c001031e66dc,0.58654961549165,243.77999999999997
2945be36-5fca-4aad-9641-34155d15a56c,0.58667110660205,207.77999999999997
87f2112d-1c89-4e00-92ba-149d514b9b67,0.5851595315731,246.78
a89bc44d-d059-4d48-87c1-92b8003a2d15,0.58323497181915,215.77999999999997
ae6c4827-5260-4aa4-b7b5-db23da904899,0.58547565631405,174.77999999999997
5414b765-2c25-4dcb-b312-1e0560bdde15,0.58402285327905,252.77999999999997
0c5f7ad7-b7aa-40ac-a2da-5cd6054ba6ba,0.58659376460175,174.77999999999997
b623cab1-9eea-4366-93ba-dd79a3d38e03,0.58301027381035,251.78
022e8026-c87c-4f6a-8880-3e4c6d8fce54,0.57995220147575,290.78
fa856ce5-9af6-4442-ba58-d3481351a938,0.58547565631405,174.77999999999997
c7397e54-8554-498d-a179-ae105b9db1a6,0.58489663660095,244.77999999999997
c5279a5d-c89c-4b63-8396-232a7970212d,0.58430647731815,248.78
b88ace2a-e9c8-44c6-bb59-6fc75e9c2d4d,0.5832261567321,232.77999999999997
d7a58913-7ee6-46e4-8d61-cb12fa81d07b,0.5869295803962,261.78000000000003
653181ac-24c8-4811-9296-7307ceceacd9,0.58570484761605,244.78000000000003
c1567eae-e198-4830-a4d4-67a4718bc6f6,0.58381307849205,263.78000000000003
570b66ea-4ad6-4524-9dad-c1df31940e03,0.58406172032045,281.78
e9d1aeef-a667-431e-9706-65e471f95007,0.5807340331013,234.77999999999997
28772ac9-5fef-43fe-8ace-0e9d37b49a8c,0.5850351174665,226.78
7c6423ad-dfe9-4483-b063-15fce031bf85,0.58339441824275,234.78
b0ed6653-70f1-4004-802c-1e30dad86dc2,0.58547565631405,174.77999999999997
05292d02-f150-4ee6-84ac-2927d464fc9a,0.58757160149175,241.77999999999997
42ed0a30-9b0b-4c55-858d-b35440508552,0.58629546894945,243.78
0c041f02-fd66-4898-85ec-100fbc0d65af,0.5838666687748,233.77999999999997
64cc0efb-d4ee-4159-9fac-6854c5ee8aac,0.58301027381035,251.78
50432c28-e9ae-412f-870f-a0dee4fe0141,0.58547565631405,174.77999999999997
d5278802-0fe3-4ea1-877a-a557646f2be4,0.58369611883765,314.78
e7b546af-647c-43d9-9c28-176a7aefbb48,0.58466563016015,222.78
60503404-be03-455c-b038-dd86492a8b0e,0.5832261567321,232.77999999999997
de4f87f0-5117-4699-b898-5e54c1d3341e,0.58404172237355,236.78
79dfe506-5838-4ba9-b855-cfcadf9618d1,0.58301027381035,251.78
b134c056-8581-4775-8670-ef0ddbc53d72,0.58301027381035,251.78
3b8efe6a-adc3-4ff4-9ef4-26d6796c5738,0.5845567356189,266.78000000000003
81797880-9c08-4664-b1af-5b3a0bced286,0.5807340331013,234.77999999999997
6a79e31c-c6c2-489c-8084-5de92411ac9d,0.5850351174665,226.78
6c3f1e7d-66f8-43cc-8a58-a3ea93440dda,0.58339441824275,234.78
368d9113-ffb3-499e-84bf-a07e4000a370,0.58547565631405,174.77999999999997
6b6f6c88-84f7-4442-b52f-b5b955a7b88a,0.58352259051665,237.77999999999997
377d8ae2-c7c4-4fec-9d52-74508cf188f9,0.58061740139665,195.77999999999997
c3f789a6-d9eb-439e-bb5f-4a0246d414b0,0.5849545448054,222.77999999999997
5ea2e16d-2e26-4f0b-9c32-08fa4ec64c46,0.585580348022,209.77999999999997
e9875c89-cf1a-46a3-ad36-8da4d596a267,0.58547565631405,174.77999999999997
abdca418-b931-4424-b5f6-f5eda057a48c,0.5833212413787,220.78
15f91fd8-4a08-4fb8-a4a6-807521921eb6,0.5815179822239,255.78
e8dc0d10-b620-4cfb-b532-519c4745533f,0.58446071960235,261.78000000000003
0753e4a8-5ff0-4b3a-908c-fe4061fb9cf2,0.58250081893065,253.78
10796e05-fa86-4185-b76c-9b100c2ae287,0.5868243074694,218.77999999999997
0c363c65-acce-4023-8d76-c615858b94dc,0.5869950054897,226.77999999999997
46ee346e-1968-44d1-8948-4e178523eb6d,0.58602799723125,224.78
cc60f440-f745-42c7-881d-3f9dddc212d1,0.58286406927665,308.78
e52d9b2b-45d7-46b5-9a5b-52c12f3219db,0.58497290981955,254.78
5295fc7f-d624-4b70-a1bc-ad0c03639fda,0.58589266799255,211.77999999999997
6224d0f3-bc1c-4420-ae3f-9d15dc72693b,0.58547565631405,174.77999999999997
de97a935-71f7-45ad-b9bc-dff4ce3867f6,0.5850115660896,186.77999999999997
966b0647-c4f5-4c45-bfa6-51deee9133c1,0.58233509302325,225.78
46529782-3299-416c-9b8f-583912d1dcc1,0.58381138500595,192.78
5fec8aef-2d46-481a-9812-68882325e836,0.585580348022,209.77999999999997
b3061804-2749-41bb-8f0b-91ff5e95f1b0,0.58547565631405,174.77999999999997
40a2e5ee-983a-46a4-9bec-93528b714bc1,0.5833212413787,220.78
cf381bba-411b-4db8-825e-44ad934caf8d,0.5850376385433,191.78
1553021e-d7c1-42d7-b806-ab8cdaa0c73c,0.585580348022,209.77999999999997
261a91ad-8883-4677-a561-de5d70e3501e,0.585580348022,209.77999999999997
3c3efc1a-fb13-4942-bff5-d9c0d54db242,0.58171347545505,217.77999999999997
ee934037-2a40-4b62-9990-d0869cba9be8,0.58639991334495,201.77999999999997
25bb62d8-3427-480c-b414-901f979df83b,0.5849545448054,222.77999999999997
64231c86-5d91-4243-a14d-c7e0e07b0d56,0.5845142635958,204.77999999999997
51400f49-879b-4c01-9d58-60036753e804,0.585580348022,209.77999999999997
60deaa26-8d89-4991-9721-76cc8e6b8fcb,0.58589266799255,211.77999999999997
89110fa6-785c-4a98-84ca-f3dab3ad4bd2,0.58547565631405,174.77999999999997
40c5c39d-140e-4924-8dfb-d08df68536eb,0.5850115660896,186.77999999999997
0a538281-bc47-4b6b-8b8c-ec57a293225d,0.58598909501055,179.78
99ca35d9-8930-4c6a-98b4-6afc460cf56c,0.5839916451404,216.77999999999997
cde63fb2-076b-4a8c-bab8-fe1b0d7b44cd,0.5826547120343,238.77999999999997
922f9a85-d3b2-4aaa-9112-28faabf3ed17,0.58547565631405,174.77999999999997
d12ef193-5587-4bf9-931a-1bbe31f5943e,0.5839807138153,271.78000000000003
fa4de8cb-5058-4a2a-891b-4a7761a01bad,0.5836157843025,247.77999999999997
f0902d82-fe97-47c0-b58e-54facb3a1460,0.5831767220019,221.77999999999997
094ce626-0ab4-4c68-bad3-39a55dbd91b3,0.58381248515825,199.77999999999997
c44449cc-f7ae-442c-9193-6ffcfaa00f44,0.58265299700005,246.78
e01c7bcc-563c-413b-88be-77ef96a2292c,0.58504922438455,256.78000000000003
94fd158a-7ba2-40a4-9e9c-8761907d031a,0.5854128271262,236.77999999999997
f696a3e0-26d0-4bf9-ab32-f18e77664def,0.58303180258315,228.77999999999997
37d3423c-8b72-48df-b715-b624ad5e895d,0.58615027255985,223.77999999999997
c963726d-c297-4bd3-9889-b24f625df326,0.5856923582231,206.77999999999997
0904e139-8130-47f4-8352-9370d93e870b,0.58547565631405,174.77999999999997
5653f24e-b860-4819-bcd5-76cb42772c06,0.5867261320836,201.77999999999997
fccfad59-3d09-423e-b107-8915c4fbc43c,0.5818363881312,194.77999999999997
aa22c81f-e76a-428c-9d81-e694dad5a3b3,0.5839916451404,216.77999999999997
00938798-aae3-4582-a259-3d7c26be273c,0.58530899361525,232.78
3487ebcd-4803-4015-b44b-581a766bee26,0.58547565631405,174.77999999999997
c9117688-37a0-46d7-8340-7f2e1b36e437,0.582664008895,244.77999999999997
a516d1a0-e5e5-4d8d-b204-67e0815a264c,0.58412209059565,185.77999999999997
96548c19-a096-4c4e-ab6f-43a2b224e99e,0.5826547120343,238.77999999999997
30f2c98b-d15e-4ed8-a388-bc351d8bbb24,0.58381248515825,199.77999999999997
59c9a9e8-30c6-4998-95f6-b43561a7f871,0.58417480803895,169.77999999999997
e4fda7ae-1f23-431f-aeb3-0b54a44e11c6,0.58510919814775,246.77999999999997
fc776c1b-37b7-4627-b260-f218360e4252,0.5823817070339,242.77999999999997
75b9f6b2-b054-420b-ba47-c659c1704cc1,0.5874011481293,235.78
a182639b-c9ab-465b-a95a-363bd2a9665a,0.5822365860899,238.77999999999997
cfdf4d7f-43e7-4b2a-a58f-c2b6e3ba6b36,0.5856923582231,206.77999999999997
37d4e642-f335-4424-83dc-a97884663cec,0.58547565631405,174.77999999999997
f8b7ee8a-7b14-4adb-b91a-062eb0352236,0.5867261320836,201.77999999999997
5f9610b0-5ac4-461c-8e15-f72f97a67935,0.5818363881312,194.77999999999997
e7dda13c-af23-40f3-b968-4ca6d31a36da,0.58754745340335,268.78000000000003
16070d68-f6de-4754-803a-4e4324ac9d53,0.58179434118635,238.77999999999997
c24338e7-6c4d-4feb-ab63-aac0a3f34ebd,0.58547565631405,174.77999999999997
37f98a25-423e-4f1d-84a8-924339a02e23,0.58444130309855,211.77999999999997
db802a21-7a09-4a16-bdfe-09614c7c0ee9,0.5828566540158,198.77999999999997
675be2e2-7515-4697-a014-f42202bf5dc1,0.58497886036955,308.78
56edcfb2-15a1-4137-9a52-83b5bdbbb673,0.5843395832453,209.77999999999997
ec9e66e3-168b-4f49-870b-88342fdf507d,0.58417480803895,169.77999999999997
d3495f18-f005-43f8-a7fd-c7a04564f0e7,0.5873740242231,228.77999999999997
65fc426c-f376-4e5e-82d0-fc8f8fa0488b,0.5866170800998,263.78000000000003
cfb55d34-e424-4ab9-8e4e-f19fd401ef41,0.58149317114295,244.78
6325c2d9-5050-4081-bd98-3a982cd28da8,0.5851321703065,272.78
00a0e59d-4492-42a6-9203-60f418c64b95,0.5843111807777,240.77999999999997
7ce6fab5-00d8-4b17-a1b8-eedfe6821c53,0.58590702079985,195.77999999999997
1fe0ad11-3e53-48aa-ac79-ecae5510b94d,0.58249810764715,230.78
a65cdd02-5f28-45a1-bb5c-2823e06de756,0.58250800906175,318.78
c13d4206-af9d-4aab-bbe1-23044e2364da,0.58179434118635,238.77999999999997
c43a4ee2-fc6e-4507-8e73-493a29cabfc1,0.58179434118635,238.77999999999997
7376d950-6813-488a-a53e-46916f2c9f95,0.58547565631405,174.77999999999997
0af7c0f2-b563-4b48-936c-03523c7c3962,0.58444130309855,211.77999999999997
19289f6c-c8db-413d-a6b5-2582ab16b57d,0.5828566540158,198.77999999999997
e0e3a5aa-f4ab-4078-a2cc-c81d21bafe66,0.586192325701,262.78
7ff80868-98df-4d43-8253-057eb555a3e7,0.5843395832453,209.77999999999997
450a2ecd-7d36-4a18-ac7a-2987e77955ea,0.58417480803895,169.77999999999997
d6c45fe6-c3a0-4f9a-9494-e68942ca36b4,0.58477916312295,171.78
e5dd24e7-3b3e-4c1b-b2bf-169fde6c6470,0.58240807760765,234.77999999999997
7710bc81-054f-44e2-a6c0-453dfa12e6c2,0.58179434118635,238.77999999999997
3f13c4f9-8d26-4561-9bc3-b6c4e2d71df8,0.5825991186974,293.78
dca3df93-85b9-4b08-8c53-db6bc8afbfdc,0.58267118714165,304.78
f9d4740d-266f-4a86-bd95-a0ecb35863b8,0.58590702079985,195.77999999999997
6f24e556-edc6-4668-a271-b147a083bee7,0.58754745340335,268.78000000000003
0eef8b3b-970d-424a-be9a-f8f314ba64eb,0.5844179162255,207.77999999999997
7a4beb98-cc47-4690-914b-b4010526a5b1,0.5844529714808,236.78
fcfe28dc-920d-46f9-a44b-e4781c27d937,0.5813596526884,275.78000000000003
23a21edd-5610-4713-906d-44c175060556,0.5825477720539,257.78
2a1d8888-cc72-4b21-b628-fb3b71de2449,0.58327956703535,283.78
bf838ce0-d6d6-4409-bece-7a61344cba95,0.58365915194825,267.78000000000003
65d658c4-6f56-4122-8bd5-3bcdc3935580,0.5860586193535,197.77999999999997
3870260b-c35e-4648-81ff-1f335b535def,0.5838692082183,245.77999999999997
f02f5e6b-b4b3-4a2c-89c8-abaed86b1351,0.58417480803895,169.77999999999997
7e5f0aed-b0ba-46b7-8417-84a3ce17e349,0.58477916312295,171.78
d80e9262-574a-4260-8055-ab6c81709b24,0.58490723396415,218.77999999999997
bba5ac3a-0172-46b7-8370-23a36c82b237,0.58387027029695,215.77999999999997
f7b864c3-7f19-4aa3-ab94-cdcfab7c0682,0.58757425022775,215.77999999999997
1a7b5de8-62d1-401e-b4aa-16defae4af11,0.5842096620718,237.77999999999997
35dac914-4ea3-4573-8410-3f13f2fa504a,0.5839952049891,238.78
3d70e6e2-ff74-408f-8208-37be4622609c,0.58515727987325,282.78
a2a48149-e7c0-479b-a7a8-663a2adf4a8d,0.5825398115895,248.78
c8ec9373-2d04-45fc-8fa9-eb7f06a1373c,0.5844529714808,236.78
b007021f-ee10-4004-8c88-f927a4b5271b,0.5848542916827,245.77999999999997
da3bb912-f26f-40fe-933d-f9702719f60d,0.58843307556485,243.78
a10fa935-a896-4637-8f32-4f5d37f3587b,0.5801897485173,280.78
75666848-a4eb-4809-9919-c27d6eb0b57c,0.5813596526884,275.78000000000003
5e81e31d-b5a0-4683-b5f4-535e08066cf6,0.5860586193535,197.77999999999997
b93d8f65-c982-4935-a799-29123aef9158,0.58471832347205,212.77999999999997
4cfe27a1-e4fb-4338-8b92-f95c4d426ca6,0.58417480803895,169.77999999999997
4525db4e-9add-4879-8cc1-d9f11cc8f7a7,0.58477916312295,171.78
436b164d-c28e-4894-9bcc-bbe90238845d,0.58490723396415,218.77999999999997
03b00d67-97d0-459b-87ee-38e0ef816a4b,0.58387027029695,215.77999999999997
0585f9d2-6d00-4dfa-bbd8-ba05bf69ecb2,0.58757425022775,215.77999999999997
3b809a19-8c2f-4731-9bc2-25dc2111e57f,0.58188259198035,260.78000000000003
fd58472e-b6c9-464a-a8e1-33274fba6161,0.5823079072046,262.78000000000003
1079458f-611e-4e82-aeda-4dfec036573d,0.5839947600694,214.78
d6233e96-2f90-4293-a167-059d56f6d8a5,0.5831397027983,235.78
2f27c1fe-bb22-4693-be31-e835c2d906ae,0.58612705125355,277.78
acf3f717-19ec-4b70-b371-e7c210e8d48b,0.58169667910295,279.78
e90a1a0f-ff67-4995-9ea5-9886b8c7e49a,0.58427674507075,189.78
ca360578-b62b-440d-bd73-b2cbe1cc50f1,0.5848144472879,261.78000000000003
9df7ec9b-1552-4a63-8ee7-bf75029115b1,0.58448672091355,248.78
9b83af1f-278a-48ba-84b5-2285a988db56,0.58575606715465,204.77999999999997
2f81a729-6fe8-44b9-9f81-4f450e05c062,0.58509630650035,243.77999999999997
920b316a-4daf-4245-9b74-7a66f5be7707,0.58417480803895,169.77999999999997
4067ffe2-db5e-4c81-8cea-e51fc9536bf0,0.58477916312295,171.78
da1e8904-e835-4e31-814e-afdda7a675e9,0.5826567626375,242.77999999999997
84e2342f-f4b0-45ff-af9f-918d2bac87be,0.58530830762825,226.78
fcce5fb8-2201-44c7-899e-a82170435522,0.58247291143225,285.78
aeab63bd-5f36-4c34-ba55-4062ff51f799,0.5870196765501,215.78
c9ff0e49-532c-4763-b5d9-6b2f016f27c9,0.58496399789505,219.78
2f13383f-edfa-4732-8645-c0c0bc6fa284,0.58262412992375,245.78
b7c8a1e2-c379-4953-942e-796321ef25bb,0.5817430566838,252.77999999999997
3d533dc7-c005-4d01-9f30-6f38ce7d6a09,0.58379221497155,267.78000000000003
5d93b998-b451-4026-8d93-bfefb9913406,0.58630515005585,233.78
f9c08ba5-8ee3-42f5-a96a-a1eccdeab9be,0.58427674507075,189.78
321f4eae-c5bd-4470-ab53-3aeb36b7b08c,0.58150401617785,247.78
70d5ac73-9931-4397-970d-fc4823a8bfe9,0.583529634273,244.78
1cf8d917-7b45-4c15-b05d-a43a7a9b5b04,0.58575606715465,204.77999999999997
265f3548-d95c-4009-8534-cbde81e60418,0.58377881281015,271.78000000000003
af0b8565-00b7-4aa0-854f-1ed8eded83e2,0.58417480803895,169.77999999999997
a4775c9f-40fb-4388-9f82-2f6748142a2f,0.58477916312295,171.78
4a087d24-b76d-4c90-8527-7fa090634f28,0.58612705125355,277.78
e4930a49-d356-4767-a896-ee6fcc368cb7,0.5828199058125,243.78
f06e3434-dcc4-4419-8055-90684deef611,0.58492971076995,247.78
0bbef8c3-9f0e-4a2c-8b14-ab9f37d4a855,0.5870196765501,215.78
988cb1b5-9968-4a03-a130-e351ef1b0e3a,0.58496399789505,219.78
99f80924-a6af-40a3-bc09-e8a79b969dd2,0.5845068524502,239.78
fadfebba-77f7-4a0b-9992-f4355d8bee95,0.58478225669945,247.78
967dff73-8686-4b8d-bd64-c6376e269352,0.58170412443795,294.78
c9d4cdd3-d2b1-4e1f-a7da-d08e0d4e4891,0.58430138900095,228.77999999999997
36054da6-495e-406c-b19d-3128cbce61bb,0.58761066494115,247.78
981052e8-5fa9-4b2c-9df0-9790bc887857,0.5835842012741,240.77999999999997
69b6494c-4bab-4222-a340-4d70f19d556c,0.5882319149891,209.77999999999997
d54eb77b-1c0c-49d7-b7f7-cb05d6a93ea3,0.5789729916994,251.77999999999997
ba3cbe8c-1594-4ff3-ad64-71645dd7260b,0.5834699218268,250.78
5219b313-e84b-4444-b6a4-45688b256042,0.58417480803895,169.77999999999997
fb45d6b3-c3f0-4445-a061-931fc15c96d2,0.58477916312295,171.78
97e02d7d-c0e9-416e-b26e-15833cf6f05c,0.5839346151007,234.78
fc122fd6-77e9-410b-98b6-59691901f54a,0.58688110775275,268.78000000000003
d6581c80-78d5-4b58-bae9-f5022b613410,0.58493883080095,267.7800000000001
535e86b8-c758-439e-92d3-ce6ade0b3f1e,0.5839036567986,239.78000000000003
350b7787-9749-4c87-9167-dacafdfb0356,0.584818729601,289.78
6f60b663-d550-49ed-8288-bc1748812b68,0.58350599184655,243.78
e85f6809-31a4-43bb-9db1-a12866dd4462,0.58384971514635,249.78
b654dcb5-817c-4473-8d14-d2fb0dd1294d,0.58468684065515,239.78
46e432b0-0916-46ab-9cd4-e1f967c7f71e,0.58430138900095,228.77999999999997
cc506644-3b7c-4822-a78f-d43fcd23d489,0.58584761369965,256.78000000000003
41414d71-3372-4b16-ab85-afda2d79724d,0.5822106790012,296.78
c714d43f-bb54-4827-a0b9-411566b5125b,0.5882319149891,209.77999999999997
5b171262-7284-4fdc-af50-acbd2e7f7aac,0.58504746741255,298.78
a48ea55c-3560-4392-966e-f31b7e29bdb3,0.5829633362711,242.77999999999997
89f9b06a-ac8f-43e4-9eef-1afa487d6112,0.58417480803895,169.77999999999997
892ea33d-4f63-4b2b-939d-794bffb3e870,0.58477916312295,171.78
bfaf2ce2-9e9a-4b6d-8584-3b54b35fc094,0.5839346151007,234.78
cdba833c-3cd8-469f-9065-578f3abe5a53,0.58613527857695,265.78000000000003
a54b2cf8-3d7d-41ab-b50a-0af52dd31506,0.58170412443795,294.78
deea11a0-974a-4d32-b61b-7c48e62d545a,0.5839036567986,239.78000000000003
cd09dbda-89fd-4096-b8f8-5ecc1f1c7563,0.58310297158985,246.77999999999997
9998c318-9a8c-428b-b6f5-d005a713ed0c,0.58687691632415,212.77999999999997
87ed9222-117f-48a0-9be0-152879a4b834,0.58430138900095,228.77999999999997
3fed547b-d7ee-4fca-87d5-af5e996f4754,0.58689789525135,209.77999999999997
531654d1-ae22-4440-8d9b-1084e5bb6949,0.5868879324507,202.77999999999997
c1e8d211-370d-4e78-9459-a11f804fd040,0.5816522616799,232.78
59145b1d-4ab1-4ab4-91fb-eb7094d90597,0.5822990205315,194.77999999999997
94b5fbea-5454-4d04-bec5-fd259c9b09b8,0.58495168014595,199.77999999999997
c7ad24e4-69db-4481-ab8d-09a25b4a3b01,0.5863931858353,216.77999999999997
bb4fef87-d865-4abf-b281-c581a8c76fd3,0.5868545934487,224.77999999999997
8f461464-4d3f-4a13-bb58-2e38c221098a,0.58417480803895,169.77999999999997
9bda031d-fcc4-4b85-902d-4b1632076226,0.58477916312295,171.78
2990750c-c79d-4a4a-9884-0e056cbee5b8,0.5822363555528,254.77999999999997
e29292d0-adad-4033-9a65-1f0276d73009,0.5875099249185,233.77999999999997
04a71b48-de60-4c60-bd8d-c463b1c861dc,0.58473292762055,208.78
a93d9206-5198-4de7-a32e-a910e16242d4,0.581077090091,167.78
bf845380-95fd-4ea6-989f-b28bfa25e6f2,0.58238538154735,279.78
ff4ae669-1392-4889-addb-b9f504e859a3,0.58504631642775,219.77999999999997
a7fd44bf-33b2-4f93-8f8b-eb8da3f09428,0.5832108125902,214.77999999999997
28f72652-d6b0-4d13-b48f-66331ebd53e3,0.58498876317035,197.77999999999997
da86bd70-b1e6-4050-a208-4639cd44e89e,0.5868879324507,202.77999999999997
bacc3e1b-a636-4628-b85f-73f6e253c8d3,0.58408162166135,231.77999999999997
e4045b23-fe5b-47ab-bc69-6a41326b27c3,0.5822990205315,194.77999999999997
04f82e29-98fc-48a3-8269-c39703d29b41,0.58495168014595,199.77999999999997
b7d55573-19ff-4da8-be1a-99c6d70e1e73,0.58593973394015,163.77999999999997
96c2d28a-e053-4ffe-8397-bf4217f4e218,0.5864414240861,256.78
11bcb2a1-8b9e-43d0-9296-4bc839221ebc,0.58417480803895,169.77999999999997
7b1ef903-9b23-448d-b292-1ea16579de30,0.58477916312295,171.78
d12ce81f-6514-4eaa-a8b6-5e83f4c39f98,0.5816522616799,232.78
de4c4df4-0ef5-4dcf-9373-8f5ef3348b95,0.58571436783335,216.77999999999997
afab1f0d-7e58-4873-9505-a84ad5b9f1ea,0.5820840724468,231.78
4cd304ef-312a-4001-a8e8-c3370ffa8638,0.581077090091,167.78
44e0e357-65bd-4a40-9c1e-bfc1a704dce5,0.58388363443605,241.78
75a21b36-4782-4b4a-91f6-9e6f94371698,0.58689789525135,209.77999999999997
ba0b75d0-27fc-43b6-9012-02e92500ebc7,0.58793058053015,212.78
cd8e5ac3-ef34-4eb4-9704-883810322e4f,0.5820585339268,247.77999999999997
b6147412-d27f-40d5-b0ec-a684c32f4f10,0.58443271487615,209.77999999999997
c382fcdb-647b-4e6d-84a5-657e3e290d57,0.58282423074685,278.78
74f693d8-4433-4e0e-bb15-735591f27737,0.58360673878225,213.77999999999997
fe3a0752-d389-47a5-ae22-47be9c691461,0.58363130766825,291.78
a58fdb46-96d5-4ddc-9032-d910251e0236,0.58593973394015,163.77999999999997
39d44901-77fb-439e-81d2-4c44f151b618,0.58251908735565,227.77999999999997
30416ba6-45b4-4831-b930-e691be457c60,0.58405166251005,236.78
69985e5a-a506-44a3-b614-48bc88431893,0.5864732469155,245.77999999999997
eb782e66-918a-4004-95b0-c4d4da70f361,0.58516984706255,239.77999999999997
e8baf0f3-6772-4266-aa44-fafd771bfa90,0.58753308796165,244.77999999999997
7fe40caa-5308-4f0e-8664-964ac10fb036,0.58727000884235,207.77999999999997
3237ad40-59e3-4ff9-b669-c36feba4a425,0.581077090091,167.78
85f3a30d-92ce-44a2-9a81-c4536316411a,0.5850085732286,259.78000000000003
ef522be5-e73b-4a5c-a04b-ddf3ba35faca,0.584266809592,250.77999999999997
dbd9a3de-c45d-4e69-9245-cf0c5e48f0b4,0.58572394331385,261.78000000000003
1273c594-76be-42ac-9cf9-385688892e07,0.58468200754025,236.77999999999997
08b850d3-a9cd-4b4c-af69-fc3841d5ced5,0.58443271487615,209.77999999999997
3bc63f07-f7c3-4dc9-b95b-e6cf0bdb42f1,0.58282423074685,278.78
70e79cbe-930f-4162-945c-318b401f32e1,0.58360673878225,213.77999999999997
3eb91882-5a63-4257-9525-fe826ad4ca1d,0.58148640077135,240.78
21cc3aea-ffd1-404f-a21e-945386b5f415,0.58593973394015,163.77999999999997
07eec48f-e1cc-431b-aa26-b3cccad70132,0.58251908735565,227.77999999999997
6c66aa96-2713-424f-adbd-4bdd0e454bc2,0.5858038827879,238.77999999999997
16d0a2aa-cc6c-4ecd-a426-217c41ebeacb,0.58360673878225,213.77999999999997
749786b0-af77-43a0-ab25-6744a2bdff35,0.5847334078538,244.78
4e44cbeb-ad06-404b-85c2-ad5d3fe5699f,0.58443271487615,209.77999999999997
bd59de8a-1145-4c8a-9387-c2c84a873eb4,0.58727000884235,207.77999999999997
03624f6d-7ca0-457e-b551-fefcb0874974,0.581077090091,167.78
89750325-3dbf-41dc-9a80-6443fe4c09cd,0.581130133101,231.77999999999997
d3eb4f92-4ee8-415e-b013-827b2182793a,0.58604482474315,225.77999999999997
87d13a82-0844-45ab-96af-6b0ade0ec80c,0.5836903492007,264.78000000000003
dcfedc53-11a3-4316-a0f9-cb8dfb501951,0.58778466450555,217.77999999999997
6e04d031-94ad-45d4-8425-d34b9ef6c626,0.58054361198965,233.77999999999997
3950175c-0821-4d21-b2ba-9016aca90e36,0.5829142805861,256.78000000000003
bcb1ddc6-4563-4460-91e0-dab0569ab4fc,0.5851070029394,276.78
acca8bdf-93dc-444f-8a41-3f7b92e5fa1c,0.58188389763235,218.77999999999997
149f9010-8d97-4f40-8750-28dd28142403,0.58593973394015,163.77999999999997
dd002582-1d82-418f-a63e-9df94c6ad14c,0.5848976901768,236.77999999999997
1e7f8bf0-f14d-4549-8522-0ad9ee6ab6f0,0.58571364564335,249.78000000000003
e2ae8ca2-bf17-48b0-ad16-9982038febcf,0.58697726619235,228.77999999999997
3b62a6ec-235a-4ca8-a696-f017e7ef1109,0.58919653295745,228.77999999999997
f3c9634c-0d50-4ea7-a5f5-71f730eaf96f,0.5858292906355,229.77999999999997
60e45003-68d8-43dd-a23b-662eb60d6697,0.584972390866,220.77999999999997
4bbad9c4-6589-43fd-b726-6d475418ea72,0.581077090091,167.78
e4a4e90b-2ba2-466a-9cd7-9520a237f8a9,0.5853744511741,217.77999999999997
e3a5084a-e379-4b43-9575-9afc20082c6b,0.58657895390175,203.77999999999997
f798f673-ba88-4143-b0ca-60e52c475611,0.58475720296015,271.78000000000003
03f64177-366c-4348-98d4-22c561d39e23,0.58778466450555,217.77999999999997
c32e1f85-3593-4cdd-8f9e-09aa0df268d0,0.58338509965215,272.78
df94cfaa-5aa9-4bc5-8c24-0f683938cfc1,0.5829142805861,256.78000000000003
2046872a-1098-4b17-a8ab-b2fb1fd6aa9b,0.5858923914371,227.77999999999997
3093afba-1865-468f-9eea-151fe68faef1,0.58188389763235,218.77999999999997
ea93cb05-6577-4de6-a262-f08065ef30c1,0.58593973394015,163.77999999999997
5f474f66-52c0-4cfd-9243-e01608841cc9,0.5875787282163,220.77999999999997
598e0b1e-4f50-49ce-932a-046b91f929aa,0.58778466450555,217.77999999999997
47b58d37-1a5c-4244-849f-fec83a976add,0.5874397132071,225.77999999999997
19744957-17cd-4b6d-a1f1-0ee33af5844c,0.58434670871945,261.78
c6832d8e-501d-46ab-a95a-13524795f577,0.5867021698615,241.77999999999997
42037aee-ff8c-4020-a4dc-05a2436bdb88,0.58778466450555,217.77999999999997
69de7216-eda1-4ca4-a197-71452b27319d,0.581077090091,167.78
fa716804-6a5a-4e60-9aba-f44c1a1accd0,0.5853744511741,217.77999999999997
ec83d0e0-a05b-4a2b-b6b0-da5e28a1b694,0.58657895390175,203.77999999999997
ec0c16a2-7952-4e17-a09d-002232e2f0b3,0.58054361198965,233.77999999999997
87f4cdd0-04b2-490d-8975-54b81fdf0845,0.58510114759415,243.78
739a88a4-02f8-4e7b-88ab-8824c9adfaf9,0.5837418272664,203.77999999999997
9e78c0ef-5f2c-42c9-8261-6e8f9c0552e6,0.5822708497384,260.78000000000003
9982f9de-da56-4c1c-8a55-fc13b39ecb6b,0.58249870506785,221.77999999999997
df4ec88c-c1dd-4fe5-8cb5-0facef6019e0,0.583337511922,279.78
e964503f-2f4a-4f6b-a15c-69c3eb46fcbf,0.58593973394015,163.77999999999997
92b859e4-e6eb-4678-8146-9037797a1f95,0.5859726587168,235.77999999999997
c82ed75c-25c4-42b5-8b44-deea7625ecea,0.58685266944565,251.77999999999997
e20546f0-a975-40de-9287-a3c0794d23d7,0.5829076351966,229.78000000000003
484850e9-07d3-4617-b557-cc9fc1d6a428,0.5844578817218,228.77999999999997
2895804d-f00d-4d6a-a3c7-98cba2c718dd,0.5845329537506,244.78
c67716e6-e597-4def-ba29-6a991928bd26,0.58519723861515,216.78
6e51213b-fbce-4a64-abd5-2d6f98c60e62,0.581077090091,167.78
1f0f9b20-bb91-4fff-843c-67e4ad47b5b9,0.58400447924535,224.78
394f2664-5d3c-4f3e-874d-92e6bedc0cb3,0.58447782331685,222.78
771a8715-1313-425f-b1d6-d89c190389ff,0.58606857538005,235.77999999999997
4248b502-89e1-4b70-9b97-54331764cddd,0.5819559201108,254.78
26914c0a-448f-4371-97f3-f3e00f0b8d3a,0.5837418272664,203.77999999999997
8ea7b3d9-2b83-4d7c-973d-8cd030769b59,0.5837418272664,203.77999999999997
09153d98-c6cf-4cf9-bc2f-3692c1c95256,0.58249870506785,221.77999999999997
91641416-ab3c-439c-af62-fa53dec14d9e,0.58510114759415,243.78
acf89c09-65cc-472c-b920-e67ecf6430a3,0.58593973394015,163.77999999999997
fc8d8899-c5db-406c-bb38-4ee23b578ad0,0.58509395656135,214.78
02253ea8-eeaf-4c35-945b-58b8e76bd46e,0.58510114759415,243.78
12df2fed-135f-4552-8c11-bef50cdb21f2,0.58204729369425,268.78000000000003
aec6b53a-2640-4aab-9a55-3480022bea67,0.5837418272664,203.77999999999997
dd5f2da6-a6af-4cc6-b805-ea5975bcc5aa,0.58510114759415,243.78
425d40ae-fc0d-4f66-8763-8eef07d08bff,0.58519723861515,216.78
553c6171-a932-42a5-a2b2-05aa31ade68e,0.581077090091,167.78
3d5c890f-3396-41d9-b2fd-e1f3191de030,0.5806008660748,251.78
bf76a8df-a92b-489a-8b98-f6ffad07b4d6,0.58447782331685,222.78
51d8096f-22a4-454d-a250-a246c61382a1,0.5802819774568,254.78
2d575516-fffe-4c03-84af-eacd5558b49a,0.58282550863705,238.77999999999997
22b6bf1b-a40f-4085-8be9-c472f6154a74,0.5839063807976,249.78
28407b8a-b1f1-45eb-bdb9-192da95193bb,0.585669921804,213.77999999999997
0787b484-0b0d-405a-9cf6-7a3a1e52054d,0.58330167113275,205.77999999999997
25f66f70-3f20-46eb-9e80-79531f9cd026,0.5841040770442,214.78
9a5cabc5-8792-4339-8218-67247d88e61f,0.58593973394015,163.77999999999997
bb64156d-05b6-4f6a-b65f-d48ae2c9e71b,0.58516776564375,262.78000000000003
e11d8ad8-746f-4068-910d-5c51a6f802f5,0.58029065277485,317.78
e17eb90f-d4a1-4cd6-bb05-d0abee8e0379,0.58858614355505,230.78
06eab08c-def4-42aa-8284-d6459a5bc61e,0.5817842557196,218.78
b7cc2557-1794-4534-879b-6ec482f6748e,0.5865561658392,231.78
9392ee81-3f24-4860-b674-8ed1027cdecf,0.5831621088199,244.78
bcd6e250-2759-41c4-b4a2-8fd1f43ef905,0.581077090091,167.78
186d5e71-b070-4a0b-8fb1-d6f8ba7a35ee,0.58366907945615,263.78
dbf21856-c694-4b9c-81a0-cf2b91daa1a9,0.58497248065235,251.77999999999997
41877e7f-4882-43bc-8e25-9af48d0e64ea,0.58673378718395,247.78
5cab05ab-ae48-4881-b1d2-3cca7fab384c,0.5830926812714,258.78000000000003
cb59ce4a-afd0-4bc4-94b1-99844e1a1589,0.5821117074217,204.77999999999997
5be20d7e-8415-47f2-b844-b1fc45c0c2ce,0.585669921804,213.77999999999997
0cd251b9-dc10-49fc-bb1c-9a825772499e,0.58330167113275,205.77999999999997
176d0222-9179-45ae-a269-56747967d8ed,0.5841040770442,214.78
10517fce-f5b7-4f61-8af5-73a4964e2066,0.58593973394015,163.77999999999997
b85b436a-01e1-483c-afc5-04cd7175b2de,0.58413779744165,230.78
3e586666-9b4e-4902-ab3e-e331bb47f243,0.5864801278264,216.77999999999997
0688e872-071e-4cfd-ab58-0c07616c85d0,0.5860398587147,242.77999999999997
6387ceab-4f39-4925-ae55-c1982f221abe,0.5817842557196,218.78
af626b15-fe7d-454f-bc23-50dbca4d277f,0.58282550863705,238.77999999999997
ed2c5317-b33a-4eb9-8eb1-084f96234c53,0.58591863257535,174.77999999999997
e8460203-9a6e-4c3e-a41d-546cadb600d5,0.581077090091,167.78
769dcf0a-d49c-47a4-bb7b-dfd8f622ae99,0.5841179905771,218.77999999999997
d62bc135-a15d-4e93-92d7-23a603801550,0.5839063807976,249.78
8c666389-0360-4070-9422-d23afefac6a4,0.58604149658565,214.77999999999997
30505cea-b2b2-406b-af2f-bdeed1fe00b4,0.58364066856725,207.78
c889480e-865e-4655-acb3-8b10146dfbf0,0.5854450332076,257.78000000000003
de2949db-40c9-421e-b1f1-3e13d3ed5205,0.57965136690035,275.78
591a6b05-b26c-4a8b-a0c6-26795c009220,0.58658055812465,247.78
67c72117-556a-4ded-9324-5f277e2e7305,0.5854286951402,257.78000000000003
c113187b-596c-428d-ad7e-d8fc1ed927a4,0.58593973394015,163.77999999999997
73f3b7d4-42b8-4473-814a-278197d7ee1b,0.58169104793535,263.78000000000003
8972c631-3092-4ae3-97a6-7859a28f38b2,0.58349690530735,266.78000000000003
6dff9fb1-5ba7-4b7c-93b8-f2d676af85dd,0.58519548269105,260.78
14623de5-d692-4a4f-889e-4c20bf7fc9c0,0.58467107969475,221.78
6c867b62-cefd-46c8-bb3a-30a9cd55e4cc,0.5848240920308,230.77999999999997
4b46bf77-2577-45f6-b8d6-e54eb5b38383,0.5803017875983,228.78
998cdb12-50ae-460c-bcec-ec8a17119598,0.581077090091,167.78
dfd04398-b8fa-4048-b7f8-1c4c754a1810,0.5826960767811,245.77999999999997
990c94b8-f301-4158-b5d0-285b1addd465,0.58474145387835,233.77999999999997
3cf148ea-21ca-47a4-ba36-e9bd017566b2,0.58477917171685,257.78000000000003
561882fc-d793-4fcd-b975-324f271953ca,0.58364066856725,207.78
8a1882a6-6718-4933-844e-6d78063ff253,0.58364066856725,207.78
9e9248db-d527-4988-8e6b-dc508c23913e,0.58364066856725,207.78
b92c696d-d455-478d-bbfc-ea3e66aaa0ea,0.58638024351455,186.77999999999997
54ee8903-ee22-4293-a536-81350dccae80,0.5848364495218,219.78
4c8e1792-9f26-4a13-af7b-f62380fe01d5,0.58593973394015,163.77999999999997
88a6f66a-ee53-4efe-b37e-d3af591b9687,0.58521658277705,198.77999999999997
dba92f4b-dfcd-4d6d-acbb-c98fa5bd1d55,0.58364066856725,207.78
a63f0165-ac39-4d1f-a8da-41eee9f802a4,0.5804877460749,225.77999999999997
2fbf7382-12c8-4822-adf1-c6bfdc714027,0.58467107969475,221.78
167db468-d03b-4f95-839f-58a706ed102b,0.5848240920308,230.77999999999997
13b3be86-bd80-4cd2-bbcd-140098033132,0.5803017875983,228.78
83fb872a-f274-4df4-a81f-d6778a36ca34,0.581077090091,167.78
346cf2ff-fc24-475d-a8d0-44188ecaa253,0.58383078257385,284.78
e958e761-183b-4cde-88bc-ee7f5e346ba1,0.5854450332076,257.78000000000003
1c9fdf59-8a0d-4b83-89dc-a6fc8eedea31,0.58364066856725,207.78
e07f0c65-8975-4e7a-8f44-16d6512a7159,0.5842764826946,262.78
7c4912d5-e8c0-4e76-9481-2b4d3e4b8642,0.58423858911145,252.78
f9844195-af1d-4898-beea-48f3f8b51e8b,0.58527319409505,225.77999999999997
0995ff1c-d66d-43ba-89ec-cea29db655ef,0.5828862436343,223.77999999999997
2cc55923-ac17-403c-97f9-d8216874f0ee,0.58328868544765,257.78000000000003
f242a024-4774-417d-acd7-6cb2f806ea78,0.58593973394015,163.77999999999997
4253e8e4-006f-4776-8fa9-8a7032d505a0,0.58451044049505,187.77999999999997
b8c11fd0-e41a-4c70-bcf5-2f25d857ea4e,0.58306769098395,247.78
68f5a872-0491-4cf1-8899-838ff154c3b0,0.5855830903482,200.77999999999997
9a221824-e869-41d8-8017-c5c63722e222,0.5848564092329,193.77999999999997
f1045a72-0a68-44c1-9c3b-77a37ceb79c7,0.58317562741525,224.77999999999997
10e23fc2-a065-46b9-9d66-1284a9c9b7a4,0.5856389766677,235.77999999999997
225e410e-ca39-407e-89a4-3face284824a,0.581077090091,167.78
6cb9a8e2-d5ba-4c56-b408-bba045a18bbb,0.58188963670335,274.78
f10c30cd-5eab-48d0-a93d-412bf8a7aa61,0.58334204215905,245.77999999999997
ef1212f2-0453-41ae-9389-0e1dde1feb64,0.5833483926871,238.78
be96fd61-0fdd-4983-a907-8895056fedbe,0.5824930647292,243.78
b624146b-27c6-4dc5-bcd9-9d67ffbab90e,0.58293598959225,251.77999999999997
05b174b4-b013-45fb-b310-83fb08c6c0ea,0.5859815268208,202.78
341761ed-9c4c-46c8-bb54-cba11fabb713,0.5828862436343,223.77999999999997
67867bf6-dd8f-47f1-a89b-866e8639c712,0.5820345811036,231.77999999999997
039a8dde-e524-4bf4-bee7-5379a394fa3d,0.58593973394015,163.77999999999997
cae69b5d-9e2a-4306-9cf8-1bfe626f2dab,0.58451044049505,187.77999999999997
d785e361-8ae4-444b-95c1-988d03d296f6,0.5849701608948,198.78
fbf94149-be32-41c4-b6d7-99c8deb64e45,0.5855830903482,200.77999999999997
34532d17-c6f3-4c89-ba34-d117b6c749e2,0.5848564092329,193.77999999999997
637ea740-2994-4e58-91dd-e7c1e9b1c350,0.58663346504575,233.77999999999997
00103731-9042-43eb-990e-81d460f440d5,0.58423858911145,252.78
19a389c9-a835-417c-9949-e2dd1c5777dc,0.581077090091,167.78
86baf577-3530-4a4e-9681-7d3c2320bd10,0.58440048495845,219.77999999999997
abe895db-2548-4c81-9e46-91ac9ec2bba6,0.58419933331385,291.78
614a9730-f56e-4e38-af2f-e00e367082cc,0.5811038874315,238.78
885e08b3-55f6-4c94-a970-0c95b04d3882,0.58159713865635,226.77999999999997
d4805ae5-9f7d-493a-a47a-41c095656f53,0.583642711635,239.78
2da4a5af-173b-4576-a0be-c54dffb3f4c2,0.582994908102,224.77999999999997
781af467-a961-4d28-b014-3e63e9a3a144,0.58534214838665,239.77999999999997
b2f3d6ae-fbd0-4ffd-92ac-9ee6473c5f23,0.58075760493045,260.78
10ad7f7e-7eba-4f6a-ab72-d164c236df28,0.58593973394015,163.77999999999997
72ee3f53-895e-4bea-8696-06e45b1e8ce1,0.5815767023637,261.78
94da566d-80b9-4754-baac-51d8fcf10c70,0.58467754442315,238.77999999999997
7c2dcb00-85aa-456f-b73c-dbd4ddbe4a60,0.58682891379885,187.77999999999997
80108901-8ead-4bd2-8811-3140bdece8d3,0.5864415631081,201.77999999999997
cb1c6031-0d5a-4cd6-bdd6-a40485331ea0,0.5827041189645,256.78000000000003
961cd350-debf-46ce-a0c2-bfd65d4bc84a,0.58975458764135,218.77999999999997
ecea58ee-945d-42c7-8f5b-24249e66e503,0.581077090091,167.78
751b37d9-fcf3-48ee-a30c-fa3f1595d99a,0.58192014077415,239.78
c20f6bc9-7c0d-4710-8824-ec968c91e410,0.5828420937856,234.77999999999997
def14b8a-65b5-4561-ada5-16cb23fb485f,0.5823779686693,230.77999999999997
5542cb4a-5e68-4b9e-afb1-4bb7f70e5c20,0.58410225700055,229.77999999999997
e2b8131c-b4f8-48c3-8a5b-a3a8a9108765,0.58365746264525,208.78000000000003
7acf38be-3e8c-4093-874f-930b3dfdeb78,0.582994908102,224.77999999999997
e0fca4a1-9b28-45c5-b9f8-2a6f6ab9e037,0.5839972123953,227.78
b5d33cdb-f2d7-4594-a67f-86931bc1845d,0.582994908102,224.77999999999997
8998ccd6-7756-4a78-907d-e8cb62658460,0.58593973394015,163.77999999999997
0e3ced1e-4ef1-495b-ab20-c1ae20f227fd,0.58391218639925,229.78
cd65430f-387b-4950-a78e-f85fe3231528,0.5852567487643,240.78
b42046a6-b6c8-4348-8f3c-d8be6d781939,0.58682891379885,187.77999999999997
6a55009e-8cb5-44ad-b5da-199c3c344241,0.5864415631081,201.77999999999997
d85aa233-4855-418c-89e8-ae13d3ed87c3,0.58798141021655,234.78
7bbe429e-fe05-4944-8ab9-7bc87196204d,0.58975458764135,218.77999999999997
de8a96dc-311b-4640-82a4-3b073d16f613,0.581077090091,167.78
eee1b73c-2682-4b39-9a7d-9af0805612d9,0.58371595006895,224.77999999999997
3c77c2c0-9ad1-40aa-bd73-0474f7b33354,0.58327105379775,201.77999999999997
88135c72-fe83-4181-b6b4-e64eb3710b24,0.5825968947402,217.77999999999997
814dd1c9-cb4f-4202-b137-5c56b4c578ac,0.5837571459502,209.78
0587f2c3-43d6-4f26-bb88-55c72cb359e6,0.58452957790375,244.77999999999997
b9f168e6-bd26-4f1e-a267-836933cbd7bf,0.58504304624045,234.77999999999997
5200cc84-0ff9-498e-a1d1-eaaa0651b2d5,0.58584179777855,261.78000000000003
a7ddd9a7-ac57-46df-bd78-31c35cae44e2,0.5865490871953,209.77999999999997
eb662041-ec0c-4489-8381-ec5323582f99,0.58593973394015,163.77999999999997
98912ba2-628b-4d15-9a6f-fe8359d6d755,0.58208829009545,253.77999999999997
f2745309-550c-4e69-9583-605d7fb98fcd,0.5842429617887,238.78
d21a9b29-3687-404d-9aa5-8b9b6c017c20,0.58398133270905,216.77999999999997
f5f1af37-f73b-4e33-930c-2086cf7da000,0.58234831392735,229.78
dd6a76ab-bfb2-4fbe-ad26-aa67dc5b1e5d,0.5825445440139,251.77999999999997
33c2f54b-f432-492c-a694-7d906524ee2a,0.5860833254733,191.77999999999997
acb3de31-9e7c-43f4-afc6-908610f9205f,0.581077090091,167.78
40b9ee2b-fb46-4b21-8887-6995bbd1c00b,0.5865713725617,247.77999999999997
c47a3d89-21e4-4cdd-91e0-50c5343b0902,0.58169094704455,233.77999999999997
038de5c9-3b0c-4353-baaa-4b4ece2bed70,0.58448370714755,255.78
1549cfe0-084f-47af-9cca-024444300d31,0.5837571459502,209.78
883c6d74-e56c-4278-8970-bc196fed0677,0.58459141319915,259.78
d277401a-654a-4fc2-a65e-1b1666e002e3,0.58416326256385,245.78
f689ff54-3097-4622-9f65-0f0d000e0329,0.58093062497035,263.78000000000003
bbb4431a-ac7a-4fcd-bb82-e3472287f1fd,0.5865490871953,209.77999999999997
635bb980-ba18-46c8-8e5b-8b7a86375c8f,0.58593973394015,163.77999999999997
1d4e2278-b5f7-4dbf-a50d-f78783132ae8,0.58452957790375,244.77999999999997
38c37bf1-6a89-4605-bdfd-e47a07959260,0.58452957790375,244.77999999999997
5296f4a9-224d-4241-bc72-26f9330f1348,0.58398133270905,216.77999999999997
a087bc60-67fa-4668-b55e-75d7e32be81b,0.58628918705305,191.77999999999997
0f184649-fdc1-44b6-acd3-c1cd9b87db7a,0.58727794030465,191.77999999999997
8100b924-89c2-4e36-b795-acc10651ca5e,0.5860833254733,191.77999999999997
7467e22d-1e06-4436-b5b7-57ff152bfb4c,0.581077090091,167.78
0f6a2050-39a9-4cb3-adcd-94102537bea3,0.5835189802514,242.77999999999997
f194f339-270e-4bfa-91ec-3384ba99c83a,0.58660928007845,213.77999999999997
f3135512-e686-467f-8b97-2f6e00ee72d6,0.58351348122175,264.78000000000003
a398bc5b-cc30-4680-be37-b6ac99f02110,0.5870931854955,244.78
0566b5d9-bc9c-499d-95a8-3b5858435451,0.58673810250735,248.77999999999997
7b3f57a2-308d-4e7e-9e0b-8fd4248e225e,0.5842393451621,232.77999999999997
1b5d81bd-1e1e-485b-b22f-c3f64ebda032,0.5833661669144,227.77999999999997
f4e6f8ea-d970-4054-a27e-8f5285c98be6,0.5812299471141,256.78000000000003
37cd93fe-5e96-4950-8a1f-8338148cdead,0.58593973394015,163.77999999999997
2144adba-f03d-45ee-b40f-06e220ca6b95,0.58391342568535,253.78
be24f992-2a5c-4d6d-9573-931b62366aab,0.5820746247875,229.78
e3a1ae8f-56d9-49f0-a23b-062c07864752,0.58616842032735,231.78
5cad39dc-063c-4e12-9c90-bdfbf9b5da14,0.5836197684009,215.77999999999997
cd79e662-b0d2-42ed-9ede-385bf0b58126,0.583520830501,195.77999999999997
569847f0-aaab-4f4f-aa04-9e9b47500025,0.5822364628416,226.77999999999997
55bd5750-21e9-485c-8693-df29c352affb,0.581077090091,167.78
3159e704-c8b3-4c82-bc6f-5aa6285e6db0,0.5844658143882,242.78
d452ab29-bbd7-45f6-a98b-be467f3ab50a,0.58660576396875,269.78000000000003
ee6d3d55-f763-40bd-b9b6-0c3395bd2c57,0.58500508761595,227.77999999999997
a18d4291-b57e-4835-addb-5a41959e67c9,0.58348854293815,250.77999999999997
595a1085-a02b-46a9-b5e9-0d6d01174116,0.58673810250735,248.77999999999997
8cd054bd-8691-4ba7-85ce-89442972208f,0.5854459077654,222.77999999999997
55101a01-6c3a-44bb-8747-611fe516bbe9,0.5833661669144,227.77999999999997
698b056f-946d-4aed-ada2-5fa33b770a21,0.58732747173375,269.78000000000003
fb55573c-b29b-4345-99c3-2dfca358544a,0.58593973394015,163.77999999999997
2084e190-d960-4dbf-b3eb-a2b5a0b8fa60,0.58214259125295,276.78
467ce0d4-a61c-4fd8-b9f2-bf20a3d4d7df,0.58435493023085,208.77999999999997
001e284a-4aff-49c6-8e63-ac96457fb93c,0.58186599140745,243.77999999999997
f807d66b-a9fc-484c-a891-085ff66b452a,0.5836197684009,215.77999999999997
4b52cf4a-ecf7-492c-88de-5507e9cbd16e,0.583520830501,195.77999999999997
1f4bbe7a-64c5-4117-a295-61084b8bdaa5,0.5822364628416,226.77999999999997
8c01b00c-ae1d-4269-9128-d69a005b2415,0.581077090091,167.78
bfbb0891-afa4-4d80-aac7-07725e9b0a62,0.5842393451621,232.77999999999997
6f268355-a71b-479d-9cb9-920c3e2d9d12,0.5833661669144,227.77999999999997
e23bbb0a-7e14-4caa-b4b9-12927ec05aea,0.58231446242405,252.78
f9faa485-5712-4fce-bd31-941747d6ac4f,0.5836579627627,186.77999999999997
83fa620d-8898-41d6-8b95-78755e626fa5,0.58338475017185,253.78
3c6233fd-1c2b-458e-a55e-241c55f4b5c6,0.5810479153468,234.77999999999997
8e82dd27-d14c-446c-af60-9d5c4e0016c9,0.5826627934855,241.78
7334c45a-1ace-42af-ab72-a746559a4007,0.5850090750142,206.78
570da1b6-6548-4fe7-8639-dd5276fa91b6,0.58593973394015,163.77999999999997
d10d382e-8899-485a-8a35-5791821b5da2,0.5887891432157,192.77999999999997
a1ee47d4-43e3-458b-909c-96da54f1862f,0.5860009476164,210.77999999999997
ca47d867-fe52-42af-89f0-00ed22aeb604,0.5829891664776,254.77999999999997
4e64bd47-1dbc-4e22-9aa3-cae2c7375a23,0.5864872394215,243.78
bc45520e-ba4b-4514-ac48-99246c2557ab,0.5804184034294,238.77999999999997
a69acc8b-501d-49da-9339-0c8e39e3ee2f,0.5847452659654,226.78
8be12da1-b34c-4586-a6c0-bb2c775ff3d8,0.581077090091,167.78
7976fcd3-aa75-438e-8390-5b31a0f1a371,0.5854854503154,233.77999999999997
65d50db1-7ba1-4d7c-a2d1-1a05606161ed,0.5822224030179,262.78000000000003
fbf0eba6-cc30-4de5-a335-aa931b0d7094,0.5846125429394,232.78
8bb209ff-18b2-4b06-acda-6be5a8eb17f6,0.5836579627627,186.77999999999997
27d94b27-366c-4eb9-bc5b-23e839ba5e36,0.584361994028,228.77999999999997
fce6f10c-0102-42cf-ab87-f0292c66d2eb,0.58460737670015,240.77999999999997
e2b73fd5-0f33-4524-9b36-be0034ca5854,0.5875131627676,192.77999999999997
e1040a6f-9d83-4354-8d29-1e132192a06f,0.5850090750142,206.78
bb88a35d-bf45-4613-88ab-7d9b522f6c72,0.58593973394015,163.77999999999997
57b08c20-b112-460a-ba0a-2e6e8b96a9d9,0.5887891432157,192.77999999999997
cfd4d83b-984c-4c97-ab7c-37410feb18f0,0.5860009476164,210.77999999999997
09e4b444-2a59-48b5-934f-5d846b97d4a8,0.5829575649969,215.78
4b668df9-b212-4d79-86fe-784c22560a1e,0.5855466799426,248.78
b3605734-84c4-4538-83fe-ed4807f38b3b,0.58389670775275,244.77999999999997
6e6f099a-823b-40da-9106-a32945a47360,0.5810479153468,234.77999999999997
62a2c01e-07a7-47d1-8ec6-d2f1b1b2ffab,0.581077090091,167.78
0821b9ef-3155-401d-a639-855244c36ec0,0.58338475017185,253.78
1272cecc-002e-4d27-8f5a-c0309a5b5801,0.58487256988925,232.78
8e6df38b-c5e4-4733-8944-8d1e3febb043,0.58338475017185,253.78
77b04eaf-8dbf-407e-a981-3240276a86ae,0.58551686896195,209.78
c53f028c-be2f-45e7-8308-393e82e5e722,0.58224486256295,216.77999999999997
d8948d7b-7b36-48f8-8732-922a5cdb7f63,0.58169021555195,256.78
fea04e1b-0490-4ac5-a3e2-963d9bbe362b,0.58557235940705,223.77999999999997
eaf8c902-b308-47b4-9a9a-4fa68855c68e,0.5821922076346,230.77999999999997
6f976aef-6dfe-4c59-9b86-c3358b33e39c,0.58593973394015,163.77999999999997
381d7327-d932-433f-8551-0db2b379cfc1,0.58292455746585,219.78
26b5fc96-71f2-4d9a-8f65-fc5da739149f,0.58675187296865,221.77999999999997
7aac1f12-2a26-4dce-8fff-3c8f646857de,0.5867130837032,271.78000000000003
4cce5790-7f47-4a8f-b700-4bddfdc8e32a,0.5865277133862,284.78
bc6398ac-7a6a-4fcd-9891-14dfbb4945d9,0.584036649544,228.77999999999997
fcc98df2-9282-4d6d-8724-0fa73777a306,0.58452419485715,255.77999999999997
3a69cbfe-75c3-408a-a700-a0668fab42e2,0.581077090091,167.78
7cf7f314-32f3-49e5-9918-e47d084ba020,0.58607931412305,234.77999999999997
7b7e6297-98bb-4c7d-985f-c1748d188202,0.58270338207725,260.78
74d47b15-9adb-426b-9a91-7b23b491fea3,0.58150056466925,244.77999999999997
16f90294-b942-4f8d-a103-c42d9265b08c,0.58551686896195,209.78
5e6b7bf3-a779-4999-a978-49a373a480ba,0.58224486256295,216.77999999999997
0a0fa43e-e7e4-4f12-a4bd-4015312d12de,0.58551686896195,209.78
97faa2cc-63a5-4a74-8108-56f99537b840,0.58317836088165,257.78
5364ee1f-fce4-4d49-8f8b-ce28e7b47a56,0.5828803389266,216.77999999999997
6eb320b6-81a3-4f2d-89fc-a556ac7a0898,0.58593973394015,163.77999999999997
5d64bad2-0168-4034-a321-0077eee5e632,0.58292455746585,219.78
a2a37680-c032-401a-970e-4bf152c3c8f1,0.58675187296865,221.77999999999997
fde0a69a-dcc1-4d15-8766-f09cfeec5f0d,0.58319732802595,204.77999999999997
542f29ef-c6c0-4430-9296-996d19531369,0.5801473589786,260.78
ad82f23e-e30d-4507-b8fb-e194b5af6adf,0.58551686896195,209.78
e96e45fc-17c2-43e7-9d15-1a57b1d4c3e3,0.5833862711125,231.78
bce180fb-e9fd-40da-bd8e-6d03521da579,0.581077090091,167.78
e451ee07-0d8f-4c84-afb2-808899605e7c,0.58545414656205,207.78
3b45d2dc-e210-4872-a7f1-d6af7b0eeecb,0.5835395805149,190.78
c181a164-6052-4d99-9bd2-ef2226d9610e,0.58276266455415,261.78
8f0e4ab9-c4d5-4cd9-91b0-61e3e976571d,0.58460481715825,239.78
6265a041-3390-4a95-adc4-7983bc06772d,0.58240501664165,272.78
d76984df-016e-4e36-947a-e15b83334550,0.586725761328,194.77999999999997
9cdce185-866c-4650-8180-29e688f2eea3,0.58406509199325,266.78000000000003
4aeef500-5052-4b29-b30d-c30587a13a13,0.5830692636494,225.77999999999997
a64d4a02-1fae-4117-bc97-85153380e608,0.58593973394015,163.77999999999997
eacbbcbc-2e0c-48d5-aeb8-eee4dd896d53,0.5833691544959,251.77999999999997
a084f38b-0458-400e-b36d-59baecc3fc1f,0.5838482287025,230.78
7f9f5edf-cd40-4e0f-bdc9-2e0120cb7f3a,0.58405115453875,221.77999999999997
5a648f78-c88f-4ca2-ba79-6e1aae02ac0d,0.5856732762696,201.77999999999997
5db3830a-dfa7-4666-90aa-13b12c7e24bc,0.58760912477745,246.77999999999997
99907a6b-d146-44b7-980b-0c4c35be2a7a,0.58298223977495,215.78000000000003
ff28f814-65c3-4e78-baca-dce9f288dffa,0.581077090091,167.78
b5a03773-6e79-4083-8f01-3943a9e95f02,0.58565314243975,213.77999999999997
44e3e8bd-4365-4cc6-a687-ebb8bba716de,0.583307239091,232.77999999999997
754f172d-42b0-4ba5-90a7-8c468c56c903,0.58400620452105,244.77999999999997
8e057b1d-e4c9-4927-aa35-33343c724593,0.58240501664165,272.78
8f050da1-83d3-477e-b3ac-08d7b8d50b01,0.58406509199325,266.78000000000003
f06ee2bb-1718-4d75-bdea-37a50249e656,0.586725761328,194.77999999999997
6902fc7b-1e87-48cc-9cc7-a4959c2f1087,0.5826210673929,262.78000000000003
210c8b8a-ffe3-41a6-8903-9c09a649f4b1,0.58242769887435,239.78
fbe15f99-9a96-4e03-b622-5509a23bda99,0.58593973394015,163.77999999999997
2c390ce1-23eb-402d-816b-f464448c8564,0.58240501664165,272.78
15f37ffb-c261-46d2-b2e8-e5dfa8d71bc4,0.58460481715825,239.78
e29feb4d-c662-4f2e-ac53-ec78a9a32e62,0.58406509199325,266.78000000000003
f11d66e8-60ba-4431-8309-444f2d2ecb73,0.5856732762696,201.77999999999997
85945bcc-b72b-4477-990e-7972f69c5c8c,0.58298627746935,263.78000000000003
d63b9bee-f28d-4f19-9e70-ac58a1b0497b,0.58298223977495,215.78000000000003
e16bc6aa-e9c8-4c60-97fc-8fbe719389f5,0.581077090091,167.78
b8b24f60-ebde-4a85-9643-552c811675aa,0.58565314243975,213.77999999999997
6018337e-afc5-45a1-936a-a2f5955c03b2,0.58434836545705,271.78000000000003
17482867-6798-42ae-9b63-bd7254f06344,0.58240501664165,272.78
e25106f7-cda4-4a7a-bc17-d7212f91b098,0.5847639181562,260.78000000000003
2f2f1fa9-1242-4d48-959a-b39356456ff8,0.58474417836845,250.77999999999997
5fce4c17-83af-44af-8f48-7ba6371827d3,0.5861010903212,225.78
b9fe8b45-87d7-4d9d-bc00-945ee6fb9231,0.58332032415495,275.78
dbac2139-a850-4b45-b420-4cb1a432e951,0.58591412186885,235.77999999999997
05592cb4-516b-455c-b3ba-e8a1a2ac683d,0.58593973394015,163.77999999999997
74dd9862-ea98-4c7a-98d4-325e7a5d4e63,0.5816779414681,259.78000000000003
fe4ea999-0c43-4b71-a218-aba227aa06ce,0.58224785047645,256.78000000000003
5f821095-79d4-407c-92d6-434f1d01afa5,0.58173832043965,267.78000000000003
2ba68c95-ff8f-4d31-b1c0-91ef2a07c22c,0.58393711952945,236.77999999999997
d463be87-47d7-44b8-98c7-f8a7c5aeaedb,0.5850514650501,209.78
f7657f88-a05e-43c6-8d1c-5698a1b77489,0.58651912778815,208.77999999999997
32070086-21f1-49af-b076-dcab6da65742,0.581077090091,167.78
2f78f746-8b3b-4af6-af06-63aa3a5ddfb2,0.5875043328276,204.77999999999997
84cc97f2-fd25-4744-827d-d7a7c6910df7,0.5862902083204,215.77999999999997
3ea9a192-9e42-49f2-a470-ec5ddcdeb614,0.58462529786505,230.77999999999997
b0753011-4a56-4d36-ab4c-a325d0ec702b,0.58474417836845,250.77999999999997
42971890-f5ad-495d-8035-8407476e4163,0.58390285643515,241.77999999999997
818b476f-6364-47e6-8d69-785f12e09b7c,0.5858184144934,272.78
c6f7cfaa-3e10-4f0c-812d-ca8a13a255dc,0.5832846970881,196.77999999999997
337bc59f-1702-41fa-b70f-c2f058bc58ac,0.58332032415495,275.78
b1858e26-a4bd-4f67-af31-bd0e32955994,0.58593973394015,163.77999999999997
d4a77a55-4684-4dd8-8fb1-c90d97fb8613,0.58376965176765,266.78000000000003
3be8a27c-d043-4fcb-b50d-62fc17f47649,0.5861010903212,225.78
34b8df12-58a4-44f3-8870-e70849dc51e2,0.583876665146,233.77999999999997
0ca21312-4d8f-4cff-9748-db4084a92e56,0.58434026557805,254.78
1331958e-45c7-4ce6-bc67-a5473020353e,0.5850514650501,209.78
6d161a75-3a41-43f2-b123-aaf31837aa0b,0.58651912778815,208.77999999999997
25ab4792-4db4-4f66-a233-71209fadbf3d,0.581077090091,167.78
3f73976c-8870-47b1-9034-b83d4030e261,0.5875043328276,204.77999999999997
27fa464d-a52d-48fb-a9d0-cbe61a0bc2b4,0.5862902083204,215.77999999999997
f802bdb5-faf6-4d9b-9913-fe5772417970,0.58474417836845,250.77999999999997
300f475e-8be7-46e1-8ab6-59401cd0b417,0.58384987851075,251.78
b16be548-1080-4193-9ebd-1438d7e95396,0.5823965986801,247.77999999999997
f16de596-00fe-44ed-a839-c4baf58dd3bd,0.5849138017034,255.77999999999997
3d53b17c-a7f5-4692-aff4-ba1c1bde66cc,0.58581759107855,229.77999999999997
c448b223-3314-478b-b390-07c5a4afcafd,0.5815155634278,241.78
e9138362-a59e-40bf-a8aa-7819ad4dca8d,0.58593973394015,163.77999999999997
1955d931-2458-41a3-a3e7-1b9512785672,0.58273548856915,241.78
cae402d4-8e42-4756-ae36-4d06eff4a3ad,0.58480932866735,270.7800000000001
d3f4cc26-2b9d-4451-ba21-66bb9d9b5212,0.58576987940805,257.78
ab7d412b-7751-4065-ac16-3c97a7e50a47,0.58615254586475,240.78
7c206382-b428-40a7-8422-f7afa4fb5eb3,0.58386672027675,252.77999999999997
ea259121-8140-490d-bfd9-d7f976ccb131,0.5871630511207,250.77999999999997
1b07d4f4-083e-4228-89c7-3c1624df9afa,0.581077090091,167.78
9c1aa1b1-9276-4ce1-9e98-a6117990e0f0,0.58603185570265,203.77999999999997
ca436acd-0969-4f68-9cdd-603f3a47ca69,0.58196655421265,237.77999999999997
de4e412a-b6cc-4573-b321-58c4aa8300c5,0.5817885613588,265.78000000000003
3e491d37-d2ff-4e3d-8af8-df2bf20964a0,0.58527833161775,236.77999999999997
17f445fb-d90a-445f-9c2d-6aaf0df22252,0.583902540648,214.78
464e472a-8fa2-4e84-a4bb-819aec566604,0.58518896047125,244.78
765e4d2c-3e6b-4915-94cd-52bd6835611b,0.58581759107855,229.77999999999997
5089f52b-ab92-4069-becb-2ef9c86ec6c4,0.5815155634278,241.78
0221b820-f0e6-486a-baf7-353a31ddcd0a,0.58593973394015,163.77999999999997
4c8a892c-c6aa-4a8c-bb8d-9c7a3cb47330,0.58177960546075,246.78
85526147-118c-4db2-b172-57313c27df21,0.5845753879736,243.78
89304fe4-158c-4e7e-8184-15ace63f9ac6,0.58638106148685,244.77999999999997
a77f7fd8-3c26-434d-b5e3-71737f1917cb,0.58384987851075,251.78
01e01c9c-68ef-4b18-a2c3-c8565e59f7cc,0.5823965986801,247.77999999999997
7dc9e972-d20e-468a-aef8-3771464a2472,0.5792471084813,243.77999999999997
6d4a282e-e424-4210-a75d-ed3e1867cb0d,0.581077090091,167.78
a30b529f-7232-4ce9-84e6-23a0e6198234,0.58603185570265,203.77999999999997
f7210a10-dfc5-4086-a82a-b7b3f974b25e,0.58196655421265,237.77999999999997
9fa2ce9f-3335-47bc-9ae1-b7ff9ae985ec,0.5859318407154,250.77999999999997
b1bbbff0-b7f1-4da4-868f-c1e578c61796,0.5839154137587,272.78
b0ff883c-70c3-4f4b-8fb7-254449c8186b,0.5869278188196,221.77999999999997
b2625e59-efc8-4edc-beb0-574dfa23e85f,0.582449801157,235.78
e149fbc1-1ae4-482e-89e3-c107042a1b59,0.58327180656185,175.77999999999997
e6f24383-f74b-422c-8265-ef8b8e4fa1c7,0.58196249978625,214.78
30ee1cd5-4af2-4eee-aab3-f21d9d1aea82,0.58593973394015,163.77999999999997
96b2df85-2b55-409a-8d67-9c75d0f3d3ee,0.58424787892175,222.77999999999997
e9a5e3c0-85a1-482f-993c-6a36271e5350,0.5881749382483,214.77999999999997
e02517f2-3296-4104-b669-ee2a046d57ef,0.5877610140911,185.77999999999997
d95f2789-2e3a-464b-aba5-7bdf80f1a9db,0.58569552086895,242.78
b1bde3f8-e5c3-4299-9d4f-f0698cd357b0,0.5802550186887,260.78
319fa505-7509-4cb3-a63c-c83e68dee4f3,0.5838918546987,229.77999999999997
bc0b0f06-db01-47cf-a64d-686011625998,0.581077090091,167.78
e33e0f8d-e769-4e34-a6f1-3e04bc8785ed,0.5835973947246,258.78000000000003
d351d5b9-f435-4133-acde-bc874d9d50b5,0.58030591527425,268.78000000000003
dcee73d3-f697-4899-beee-ec6c5be4b50d,0.5871317902689,210.77999999999997
bc08c793-2a27-4cb3-992c-26d9bcf849f7,0.5839154137587,272.78
988d0706-f494-4389-a92a-2efbcf6b60d7,0.58020767138095,233.77999999999997
99c1bd7d-8c82-44c5-a9c5-1f52626335bb,0.582449801157,235.78
f0295d9a-624a-44d3-954c-3de0803fc3d1,0.58327180656185,175.77999999999997
575923ae-3889-4741-a38c-d5e3e75a0f72,0.58196249978625,214.78
4e8e22b6-c004-4590-8e91-a1c96e9a89fa,0.58593973394015,163.77999999999997
e2efad87-80c9-4ea5-8258-a0df3ba1743f,0.58208683163545,224.77999999999997
b5501a93-5ac4-49fb-aa52-838de3c90570,0.58327180656185,175.77999999999997
104ec3b7-cd99-4c39-9b28-e9385f2d61cc,0.5877610140911,185.77999999999997
b1b101cc-d723-46ca-9e4a-560db9bcd82a,0.58610001793225,221.77999999999997
3a25be39-cc35-408b-90c8-449ab78730a4,0.5830246634028,243.78
6d2b16ad-3b25-4df5-aa6f-9810a0e22078,0.58503424710125,245.78
639a56e0-9b46-4f21-9711-1061e449a454,0.581077090091,167.78
e30a9d8f-1409-49b5-818f-b2c044087c42,0.5869278188196,221.77999999999997
38ff9a2b-c8f2-451f-8554-5ec4015a5e51,0.5833751359179,228.78
a068cacd-4515-4b4c-b05a-edcba31675d2,0.5871317902689,210.77999999999997
f6ea7fd8-856a-42e6-b0d4-8da04174a6f4,0.58495869303715,248.77999999999997
92dbf2a7-01dc-4c23-b6ac-4da6f0a8eeab,0.5852718285438,231.77999999999997
2fec86a7-4f6c-477a-8b45-5b06edc814e9,0.5820651098469,225.77999999999997
e69196ae-7658-4b95-b49c-cdcb2724dbfe,0.58589433383375,297.78
86e18556-f3d5-4050-b3e3-bc0ed2be2d41,0.5822568061691,211.77999999999997
a6fd7d4b-8f94-494e-a947-3ab052b9bc83,0.58593973394015,163.77999999999997
d3fdc3fb-2600-4caa-aef7-315b2ca8a272,0.58590930383165,219.77999999999997
38ca400c-4ea0-4d12-943e-762d920ab0c5,0.5850487358942,229.78
d7589c4c-f5e7-4326-8bbc-509a621448f5,0.58260352411595,225.78
464f740f-7cb6-4f3d-8545-9a198555967f,0.5856867620782,220.77999999999997
0057544b-b338-407b-837b-309cac89a5f5,0.5825949353437,271.78000000000003
1d58fe0b-ff90-4085-a633-697729e5fc30,0.582554808205,274.78
fe2b6c5f-4d40-4196-8d3a-a97ee31a8cab,0.581077090091,167.78
6530653b-205f-47ea-b88d-1cfd0f450f55,0.5842368358344,215.78
e418aaa5-6ca4-436b-a73a-4094b49291ac,0.58025760906655,248.78
66ebad2e-684e-4276-bb7a-2b419840168c,0.58269595967355,240.78
76b385b5-a481-4c81-80ce-152daad484d5,0.5846115003747,226.77999999999997
a48831e7-31a4-4e35-bc60-d98aeb85e93e,0.5852718285438,231.77999999999997
e1363145-1a08-4210-921e-fe048d589bfd,0.5820651098469,225.77999999999997
0c1b3fb0-29a7-4331-a698-f8a3884c1c2c,0.5828419063287,210.77999999999997
c50b0b70-d9b9-40fb-aa44-5bc68e6f3003,0.5822568061691,211.77999999999997
9f44f4d8-2670-4331-bbf0-dbcf171040c9,0.58593973394015,163.77999999999997
949f7d85-d157-4fb6-9d36-08f57d107c1f,0.58590930383165,219.77999999999997
70291224-ea4b-4b7f-9909-830caac363a3,0.58495869303715,248.77999999999997
2a806429-550e-490a-8641-1255066fb3f9,0.58425813663215,260.78000000000003
966b90be-2779-4437-8173-cba8f8b12792,0.5856867620782,220.77999999999997
b56eea5b-cc6c-4839-958e-88844b9c2e92,0.5813165531449,243.77999999999997
41af99db-b85a-4cca-b055-b9e15cf099de,0.5850247268683,249.77999999999997
20d2014b-f82e-4983-ab58-ee31f910fe67,0.581077090091,167.78
dd28fc2f-e57a-4bd4-8e48-98a40cc4a5e1,0.5842368358344,215.78
12a26477-5404-4d89-8328-bc1842893a38,0.5858008139839,204.77999999999997
2c0f9cf9-272b-4f08-bb9f-c7eece36d962,0.5843924793747,204.77999999999997
b71f46df-a819-4757-92cf-6e194c2eaef0,0.58799447329115,221.78
8bad3fc8-d611-4bbf-b8ee-2431c89e155e,0.58555279554705,182.77999999999997
7d4213cd-b3e4-466e-9c4b-e8ded6815c98,0.58211062147685,243.77999999999997
b3c6fdc2-da02-464f-8aa6-f608b9bd8b1f,0.5841043645352,191.77999999999997
880cda26-3698-4944-be99-123246ad05e1,0.58598935478935,219.77999999999997
8621670a-be05-41d3-880f-f73e4381799b,0.58593973394015,163.77999999999997
4a4d52c2-a987-4ea7-8ca5-1d8c398d306a,0.5808772139042,243.78
b4830b3f-b13b-4e18-bbbb-a7084c488377,0.58446114675015,251.78
335d2d3e-1674-4e29-8030-5c1d6f24c95f,0.5847796541153,210.78
2897981e-b2fd-4ac1-8ec2-f0c9d7dd05e8,0.58565950847665,207.77999999999997
8a4efc1d-7ae3-4272-bc40-991a5602eb8b,0.58315538539785,270.78000000000003
e9638078-97f8-464a-9828-82d6fbefe3f0,0.58386027822785,246.77999999999997
4e40c5b7-559d-413a-aedb-48823b5994df,0.581077090091,167.78
791baff6-b1db-491c-b21c-78767f3574d2,0.5833605919352,230.78
2bf4689f-5a25-4174-9c31-72eb30ed98a2,0.5830013566836,243.77999999999997
f5a16820-8462-4669-ba15-a38b3a56f706,0.5811937267073,205.77999999999997
f8bd13b2-f4e7-4279-93ef-a9a82b0aa5b6,0.58799447329115,221.78
b68a3408-ee1f-427c-91e4-48df664f68c8,0.58555279554705,182.77999999999997
e7d6fde5-d7e7-495d-91ec-176f5d8985d5,0.5858891778918,182.77999999999997
78572350-b03c-4106-b707-a60d3383e6cf,0.5841043645352,191.77999999999997
581e746a-dde2-49c0-82c8-f210282d4c9f,0.5874134286317,182.77999999999997
ffec514f-85f6-46f4-9627-dddbeb041d47,0.58593973394015,163.77999999999997
5e33303a-b5ad-4170-8fa7-54c90629ba12,0.58799447329115,221.78
acb13e42-5970-4015-93ec-a0789f820513,0.58522935971945,224.77999999999997
0d263aa0-4a51-4994-8124-da5310bfd399,0.58658849779535,205.78
74cc6118-cdd9-4578-9056-585bba430977,0.58565950847665,207.77999999999997
c9585e70-ebba-41cb-9521-1270484568c2,0.58613448206775,205.77999999999997
b2d39355-e042-44f5-8291-24b1a758822d,0.5843363109866,218.78
50943e2e-623d-44f3-846e-18750f9de5e0,0.581077090091,167.78
4167b52d-6007-46b2-bc8c-b72956a32eb4,0.58799447329115,221.78
957a30c9-4397-4ad8-8cd6-a5edc6a5f5f1,0.58489135770275,215.77999999999997
9113cb4c-c00c-4054-9016-cc0f823e316d,0.5811937267073,205.77999999999997
cc433214-2e20-4426-9229-4fd837d9e3fe,0.58441024159245,247.77999999999997
87e9a886-65f3-4028-8fa8-c9a0259aa704,0.5854545093128,249.77999999999997
561d6d5f-f4ba-4bbd-8f53-972f1bce68ca,0.58221925021285,211.78
11e55a97-fa3e-47cd-8226-ffed5e21ae68,0.584660187581,199.77999999999997
4c67eb78-617b-41d9-9a03-c1e1e4e21c1e,0.5853774648034,226.77999999999997
6cba0816-681f-4048-8f72-79ac7f1ef240,0.58593973394015,163.77999999999997
8290a5d4-0582-4228-b4f6-a4c6bfb269fb,0.5845253213088,199.77999999999997
72ce015a-2a97-41c0-8cc1-8c4cb4355789,0.5836741906958,218.77999999999997
e49cd812-def3-4cc5-b551-b4076a85f01c,0.58689348288535,208.78
e57f78c8-bcf8-47fc-aa1a-135f139d1918,0.58362443137485,236.77999999999997
f8da6b12-afc1-47b8-8147-87ccbb90457d,0.58166056655965,258.78000000000003
b5078626-c52b-4606-bba5-e8d5d3b3bdab,0.5841004484716,255.78
89c9ab85-7e5e-42f8-8be9-7e1a1dd3f684,0.581077090091,167.78
8576d4b7-1129-4e8e-9124-4da78f0d3624,0.58543751629875,212.78
6e41241f-32be-4564-a246-cae053cdcfa3,0.582042260732,254.78000000000003
6cbd4430-4b87-46c1-b0a4-68bf1f14e444,0.584976241536,193.77999999999997
e4f3bd45-fb3c-4c41-b0f5-87aa4dd022ab,0.5854545093128,249.77999999999997
cb6e3614-b1f6-4033-8e69-ca98aa1ea8e6,0.5824138138846,221.78
5942b23c-9d19-4951-a37f-2dd8d5806604,0.58221925021285,211.78
26570d73-51c3-4954-ba15-48b64d7debb8,0.584660187581,199.77999999999997
4a0f20ba-7d56-4918-a50e-652a0f192ad7,0.5854545093128,249.77999999999997
2c805264-5f5b-4651-98d0-98ad6c6943d8,0.58593973394015,163.77999999999997
1b01e590-b32d-48d3-b185-f7b908e73cdc,0.5845253213088,199.77999999999997
0898df71-1607-4085-afb5-6e2013c0788c,0.58696978183715,239.77999999999997
3d542d32-08ba-46e3-91de-c21ae451cd66,0.58809093353585,231.77999999999997
a7ae4c59-a869-40ac-8409-43f86a5963a3,0.58680165864255,218.77999999999997
b787e752-64c7-474a-b862-ffe6008b321f,0.5854545093128,249.77999999999997
6cf7c77c-1fa8-4d25-adc0-ffe5d81a5407,0.58455085547765,214.77999999999997
5b8c1d73-fc7c-4c3b-82a1-0877012fd729,0.581077090091,167.78
a8e350a4-e3dd-4c13-8bac-3a2c870b8362,0.5854545093128,249.77999999999997
5e50ccd3-ab47-42ca-9c12-41af9e68b782,0.5840175673256,227.77999999999997
b87863ba-d004-49f8-b12e-9dde7d147079,0.584976241536,193.77999999999997
d0b06ca1-d633-47c6-be33-713fcfe5f0a1,0.585535255743,223.78
fdc0023c-3fa8-4f15-a68b-319f1c6c578d,0.5829946004562,255.77999999999997
cc710c3d-ee53-4688-a574-12a19ec68a65,0.5838654629701,217.77999999999997
c4a64946-d85a-4ef1-81c6-43291c55ec5d,0.5843388041884,244.77999999999997
bdbc1e2a-a799-4470-987f-ecd28e875494,0.5849965790259,228.77999999999997
ab82f95c-5147-4d44-89c3-b1142c26cf5a,0.58593973394015,163.77999999999997
7519b924-e585-42dd-b0b2-2fe879ae7ae6,0.582811823836,235.78
58e20bb9-7d2d-41e8-9c86-3d012e5d4391,0.5816309006177,289.78
c4f7e768-bb6f-48a1-b133-afeaccdc78e0,0.5818463877409,259.78000000000003
ddbe2bdf-8d3e-4150-bfd7-588c7514a688,0.5849269365242,222.77999999999997
e310188c-0c70-4854-9ce1-89b759f43e99,0.58250594733795,221.77999999999997
9c878844-4ae2-4d51-abde-8aa09fd37f91,0.58327362600495,255.77999999999997
5f798e8d-4ee3-41e1-90c9-2d8826478f0d,0.581077090091,167.78
06a2b9a0-6e68-4cbb-91e6-268e4bbc15c2,0.5832362145477,262.78
1251da3f-fab1-48a9-bf54-6375dc6a3640,0.58660825137465,248.78
eee7a8fe-3cab-4087-8bb9-d06c4a9be66d,0.58372468977695,225.77999999999997
1dc71514-7cfc-4f92-95a7-955b40437528,0.585535255743,223.78
2a47e2f1-48c5-46c3-a233-6d40507477dc,0.5856149343851,237.77999999999997
960cebe7-fd2f-4b57-b340-53109992d5e0,0.5838654629701,217.77999999999997
8c9934f0-57b2-414c-9449-ab9c75b3d7a7,0.58651939073925,240.77999999999997
0d53202f-8ac3-459d-b479-a642b4d4287a,0.585535255743,223.78
0af9ff4f-1466-4feb-be2c-64dd6e8e2a47,0.58593973394015,163.77999999999997
0bb89a20-d023-4534-964b-3bee9f2a0954,0.58076448110345,240.77999999999997
ded2b7b5-1d09-449a-af94-2a5332ce8e09,0.585535255743,223.78
d8deff38-1e8d-4ecc-83c4-238f3c55b273,0.5863377533191,238.78
7a0ebbea-201b-4342-aae8-cc83d63d1bbc,0.5849269365242,222.77999999999997
96b4e18a-903c-40eb-bc1f-862554b24d4f,0.58250594733795,221.77999999999997
7c5a5709-affd-41b8-a90d-7f96b7c59e27,0.585416149495,221.78
17eb3ec2-50f6-470f-8070-71f487dd71e2,0.581077090091,167.78
cca1b82c-3dce-4382-93e1-41762283d728,0.58517520819205,226.77999999999997
6a56e16b-fe18-48f0-ae35-c3bd35a0d7d4,0.58478593202225,258.78000000000003
241cf711-537b-4109-a1e0-f368dfb19755,0.585535255743,223.78
ce3c2575-eecf-41fb-ac7e-22435e1c6d39,0.58115241735545,232.78
83ef3547-f28c-4eac-80e3-54708277cd5e,0.5857614176391,207.77999999999997
e3356b16-d403-42e7-94ad-91150fbbc1b1,0.58448098378415,232.78
e17318fc-c65d-4bac-9f5b-817893dafaee,0.58231004713375,208.77999999999997
b0410bc9-f142-4992-94ca-7a556f8ab321,0.58534825258215,236.78
b4772185-94b7-4aa9-829c-ba981daf5fe0,0.58593973394015,163.77999999999997
ab9096e4-6646-4843-9e52-875960966319,0.58088953192765,208.77999999999997
a2ea0af3-bdb8-406d-9c44-f4b2427ed3f9,0.5897049085991,230.77999999999997
2fb36a2a-6447-43ed-a9f9-2495b1c303f3,0.5837773014998,261.78000000000003
44213955-0acb-4dd4-b71a-e11a17add1b5,0.5807225125205,223.77999999999997
db367749-e070-4c4f-8a31-c6d40ff6675b,0.5839718850224,239.77999999999997
ae4481b8-24d9-43e1-9445-25b0fc5a17cf,0.58321763140325,241.77999999999997
79b88c6a-b8ec-4a3e-acc1-62010fbe7532,0.581077090091,167.78
8e2a97ef-1df4-4592-b92e-cab55d67c1e1,0.583063863999,238.77999999999997
16dc12ec-693a-4aa8-a126-e65398f10e80,0.58792775021705,217.78
9444b091-2fc9-4da0-b5eb-6faff1bc3ff2,0.5872796262582,208.77999999999997
33ab9e78-84f5-48ff-954a-2128c22565b0,0.58115241735545,232.78
dc244590-5c97-489c-8427-c301e368d8d4,0.5857614176391,207.77999999999997
45a8fc33-3af2-4684-9efc-b2e0c654d23a,0.5857614176391,207.77999999999997
32e0a331-ebb0-4a79-b71c-04e0d148c949,0.58231004713375,208.77999999999997
d05a6df5-41f4-4e0c-bf20-fe8e052cd5a9,0.585433637791,215.77999999999997
cea7601b-c7ae-4f45-a400-84ab5773639f,0.58593973394015,163.77999999999997
7e2599f0-afad-4024-b7d7-9bd8912260ce,0.58088953192765,208.77999999999997
299e5e15-b3bc-4201-8451-2d89f9a30fed,0.58596897936915,235.78
fa47f8eb-5fbd-490b-bd3c-07b298bfde00,0.58115241735545,232.78
5b211c19-fcca-4b2f-8d2f-dfb3a6727007,0.58821629644105,205.77999999999997
2800a0b1-fbf5-4d5d-bfd9-32df22b8c537,0.5857614176391,207.77999999999997
f32be9d1-b88c-42b1-b55a-baf8e431821f,0.5825166552253,255.77999999999997
b1ece313-c590-495d-ab03-412f634f7a4c,0.581077090091,167.78
52b4effc-7206-4b1f-a9e5-7431d5f558a4,0.5857614176391,207.77999999999997
48586849-bfe6-48d7-ab7b-399898bb8921,0.58203296908895,212.77999999999997
eb30833b-8439-485c-844e-89fca3a6bdc0,0.5872796262582,208.77999999999997
6779cfe2-1c5c-407c-8849-3abf9f8c8e65,0.5871537539737,251.78
3f621565-c5af-45aa-aa42-2c13dbd9f100,0.5839901814775,247.77999999999997
717e974e-6224-4325-901c-a5c12250fcc5,0.5854293161595,187.77999999999997
a9af0d17-615b-4b1f-a405-e11008c59a2e,0.58233270368495,230.77999999999997
2f2bd1b2-45d3-4f39-a93d-e3614d72504c,0.5849270754314,209.78000000000003
6b7d30d6-a33a-4724-b432-1020a16cb74e,0.58593973394015,163.77999999999997
505590cf-767f-4217-9aeb-cd3474fe8269,0.5864243273041,193.77999999999997
a393c606-fd36-478d-9687-11b00f628328,0.58477812667875,247.78
e13c60e3-8986-43e1-8e36-1e3b30641971,0.5839799312125,232.78
bf1694a2-551c-402b-9e7e-d896632bf3f8,0.58302763468,226.78
3d0b3e7b-ef8e-4d85-90ac-db096ac880e2,0.5867356577372,195.78
de6dd0b9-31b9-40e2-a6f9-f86a562d79e2,0.58261038336785,214.77999999999997
78eb19f9-5abb-45b8-95bc-085293a2b274,0.581077090091,167.78
f352d6fd-c1c5-40d6-a470-4ec30921125a,0.5843273294176,222.78
fcfeef43-384a-43da-8933-0ca1e80dbb0f,0.58526006721305,227.77999999999997
96be2ca6-6f75-4879-b1ff-edb37a1d5d2b,0.5793098857051,237.77999999999997
b1c0626b-e983-4bbf-b877-2bc5fb98c8fd,0.5838002180962,238.78
668e6ce3-4d36-4a17-ac37-5903045df82e,0.58358934536735,214.77999999999997
034e6a45-2879-4b31-90e3-b4a6cc4bb252,0.5854293161595,187.77999999999997
fa253f6d-b116-440f-83cb-0c53f9adf2e8,0.5821727611964,212.77999999999997
d2dc27c8-8fca-4986-826f-dd6bc224fc00,0.5849270754314,209.78000000000003
4f432109-f7c1-40a1-8f7b-3a5e5a96b532,0.58593973394015,163.77999999999997
90256281-b329-43b5-bc8c-4554ea2c75c0,0.5864243273041,193.77999999999997
c335f10d-ea2e-4728-9a9d-56c069fdd8de,0.5840111642924,231.77999999999997
bf592862-8268-42d5-ab79-fbcfd71158ad,0.5830690119445,259.78
6f4a7c77-ed7a-432c-9155-8b95a3dd50f8,0.59046088125065,211.77999999999997
b2a0ff22-6eb9-4402-a85d-42ce29df20cb,0.5867356577372,195.78
b2d5d79f-4736-4202-ba0e-59b188ae7b39,0.585120062104,258.78000000000003
76530546-8438-4a78-8f97-63c87bf49a6a,0.581077090091,167.78
b2724c7d-aaeb-49b0-baaf-94ce72f21cab,0.58456245084865,201.77999999999997
74f3816d-9dc8-40f1-bb6e-211e843fb1c0,0.5839901814775,247.77999999999997
fc258bcc-deca-4569-9ced-d4f4a63316fc,0.58440855991995,185.78
1d06d414-ecd8-42d5-9d00-163b6528221b,0.5835138890724,253.78
f0ab3d50-a0fa-49d4-bf1d-048528efd844,0.5824701215421,216.77999999999997
9f04e852-e072-4a59-8de1-3477185c3e7a,0.5872386571232,271.78000000000003
6b2bf8d5-201a-409e-863f-90c255067a61,0.585414601024,257.78000000000003
a65c316e-7d72-4957-9974-a1ec6271c1dd,0.58398133814545,237.78
43317c23-56d9-4399-81bf-806560098876,0.58593973394015,163.77999999999997
92ff43d4-5bb9-4d01-b439-79e57efcc31c,0.58420347555155,222.77999999999997
c029e2eb-8fac-482a-a4f7-42a3e87591cb,0.5833451463472,234.78
364ec3ef-5acd-48d3-8957-4a1074df4461,0.5840142631743,250.77999999999997
fbefe9ac-9b0c-4c15-953e-753bfba499eb,0.5844094631127,241.78
48489c08-2447-4150-b994-4ad39ff334b0,0.58159068839365,254.78000000000003
a4c27c1e-ecd4-4a7e-a84b-9f6ea4bce905,0.5855966952927,197.77999999999997
8a6132a8-45c8-4ef8-9137-8c1488e9167d,0.581077090091,167.78
028ddbc2-4cfe-4e99-8353-ebcb872f9c4b,0.5863612140704,290.78
c1b06934-3f01-4e5e-8349-8fdd1bf2d094,0.58529234284095,248.77999999999997
642ae3c3-d5fb-49aa-8775-952ce41ed594,0.5838691224328,255.78
e4d364ca-bbe8-4894-9555-7cab079bc8ff,0.5866041462328,233.78
a568be2a-96a9-4c18-97af-bc1663dd08d7,0.5824701215421,216.77999999999997
0b58fd75-7027-4d00-96ff-18ad23f2e0c4,0.5831577330498,258.78
f7d172ae-d217-4d81-bb1e-e3837ac0c436,0.5853747077821,265.78000000000003
01a60880-13e0-46df-924b-e8c7f64ed69b,0.5815090071145,226.78
07178fc1-a4fd-4d73-bad7-b7ed9d6d8175,0.58593973394015,163.77999999999997
369c8719-63ef-49e8-9279-30cdb3edaa62,0.58420347555155,222.77999999999997
819efaec-da55-4834-8f9b-b5fa1d4345c6,0.5833451463472,234.78
b19ac4db-cb22-4b4a-b549-c8c9ed7301aa,0.5835138890724,253.78
ace0edfa-81f9-4d5b-af4d-df62ed171fd1,0.5872386571232,271.78000000000003
dbb54aae-0166-4e56-a3e9-959b4827b0f2,0.58429464966275,261.78
9b67f2b0-471d-461c-a56d-4295a3d11b5b,0.5855966952927,197.77999999999997
3d64dcfa-c31b-43a6-9dad-e6a9704c6a54,0.581077090091,167.78
3c307a7b-f377-4d01-938d-7084373ac77c,0.5860293432161,276.78
e1e3229e-8d10-4969-8805-7390932acca0,0.5835138890724,253.78
0ad72e10-ba62-447d-9e50-90b16ef349b4,0.584065026841,221.77999999999997
448631c2-4def-47db-82de-17747c5a85a9,0.58101042873165,225.77999999999997
672baf47-c7d2-4490-a4c2-0fc71f245e3a,0.58545731633735,227.78000000000003
407823bd-be5e-4bfb-8f6a-7887d6f642a1,0.5849765259164,260.78000000000003
e412bf3a-86b7-4d79-ae8f-a1e8df315d69,0.58604791827245,205.77999999999997
0490d787-8f2d-4ab3-849e-5e9e5d1e0c6f,0.5842418594349,196.77999999999997
82bdc6a9-89bb-4727-8190-cdac92410fb4,0.58593973394015,163.77999999999997
2077319b-57e2-42ec-a7a3-2ed5d89d69fb,0.5846718077794,242.77999999999997
bd6555a2-672a-48ea-b566-8b9857f0f669,0.58373506809135,242.77999999999997
faaac247-08a5-4f1b-9b56-a1b6f69722f9,0.5819284224031,194.77999999999997
1889608e-a17c-4d8d-874f-1adc85123718,0.5832099693105,239.77999999999997
1b73d79e-9cc6-4741-b0f8-03e553c78199,0.58418441508005,230.78
8d679ba7-3e82-4a07-bf19-84a724330646,0.5846512399961,240.78000000000003
cf7b51fb-7664-4dbb-9282-b8ba41d0ccc8,0.581077090091,167.78
5563017d-9e85-42d3-9d60-1ce84b8bafd2,0.58203782065915,246.78
561ba48f-ac95-4fd4-ba39-b88f1dad4738,0.5835123719292,223.77999999999997
3cd659b7-1fef-427a-97f1-01139d8b1498,0.5850515754344,280.78
1ae96edd-0606-46ef-8ff1-570577a8a78c,0.58607499344385,257.78
58839f6d-8391-4abb-aa8b-40ac58447dd9,0.5866673437014,191.77999999999997
4c8c82a3-053f-45cf-9376-7a7f7309610e,0.58675089202425,210.77999999999997
6bfc2b2e-5668-4d78-82b1-fe711d1fc6dc,0.58604791827245,205.77999999999997
407d580d-3582-4ec5-9058-f34672bd644c,0.5842418594349,196.77999999999997
3cc6b2b4-41c3-4e27-9698-d2b4803aeb4a,0.58593973394015,163.77999999999997
012e9304-8f18-4a50-96b0-e32231cdca62,0.58101042873165,225.77999999999997
a28b8393-f65b-4ce4-b760-5f149bd2bd2e,0.58357662204375,231.78
a662c196-6748-43c8-9abf-1b8752ee6b00,0.5819284224031,194.77999999999997
1f5ca8db-228e-4cc2-abb2-602a722eb8c7,0.5808189834013,265.78000000000003
7198d270-ea1f-437a-8c83-def11ec12db2,0.58655476822315,207.78
9a9f9dbc-a936-454b-8b24-fb0687c64312,0.5848023027067,224.77999999999997
600b86b1-c77d-4e35-897a-8c6b3b8c6e8d,0.581077090091,167.78
a31d1165-f507-41ca-88be-1c74e2c1a10e,0.58515192486505,248.77999999999997
e30a1565-e62b-4c7d-8c7c-b4f907526e37,0.5835123719292,223.77999999999997
82860b8c-a03f-4890-a119-ce6be24c66f6,0.5833830954763,250.78
be2b758e-3c1f-435e-8006-f8c57b0ebfe2,0.5859379023583,214.78
976c420d-ece0-4cfe-86c1-13c1bfc67e29,0.58255398503875,262.78000000000003
bef13f9c-bc0e-4336-b485-25eb76e9edc6,0.583325113803,244.78
a4e4f267-9214-4ff9-91a0-d4149899925e,0.5844327887132,223.77999999999997
a8243d84-c8df-4f1d-b6ae-566300e59def,0.5820974283015,269.78000000000003
143d4a39-9ef0-493b-a24f-7479fde8d294,0.58593973394015,163.77999999999997
e01bd900-2fb3-4d55-9ea6-2333c0783f69,0.58299622563785,278.78000000000003
ab4d16c6-7810-481a-aaba-2c0a97f357ea,0.58545891245305,241.78
fed84c0f-560e-432a-8577-495fb7d5e31d,0.58676174181045,211.77999999999997
7e1fe374-f733-4166-83bc-55b70652fd01,0.58340957380065,212.77999999999997
2bccae81-76c0-4f0c-a648-9aee021627c5,0.5831781112917,229.77999999999997
c6ec4c01-5dce-48ff-8bbf-e62b46b872cd,0.58410336545785,260.78000000000003
015a54f8-aada-48fa-9d18-14a197042cbc,0.581077090091,167.78
12bc7a43-6a69-4232-bcc7-a2ea5c9e14ca,0.5843786506649,222.78
67a76478-4621-422f-8e21-60f02dff42bd,0.58517979067685,221.77999999999997
52c4679b-30d8-4274-acc2-2e8900a84f35,0.5852407850163,208.77999999999997
d483b444-a9b4-4b5b-8883-e1f6b752da14,0.5859379023583,214.78
a0065d28-ac3b-4f7c-b2aa-bad0edc00bea,0.5841361901234,258.78000000000003
076a3235-adcf-4ef3-a0ca-b394d97aa7c5,0.5848862830295,205.77999999999997
6ff8464e-3e61-4a7c-8369-3411d4cfecc7,0.58255398503875,262.78000000000003
8c121af9-33d3-4b48-8f7a-3272a862ca9d,0.5831580012399,234.78
b5bc0273-7cdd-4ca8-a99e-6ad6d6a4cdd5,0.58593973394015,163.77999999999997
01806cd5-b335-4ac8-bc17-6d1c668d220d,0.5852483741408,229.78
ff153a52-ae4c-4377-bc8f-c22981f10fff,0.5859379023583,214.78
8fd1f4a9-63a9-4d0d-a0a3-d944bfc09756,0.58676174181045,211.77999999999997
56474341-6018-4996-991e-dd5724f3e2b2,0.58340957380065,212.77999999999997
7c0e1cf7-2f07-4942-8e17-72f473828ba7,0.5859379023583,214.78
10d39874-049f-4a25-9c2e-306dc1742293,0.5859379023583,214.78
5da8bdc8-9f91-4400-9611-688a549246cd,0.581077090091,167.78
ec62336f-2262-4cf3-b8bd-d1b9d222c4ce,0.5819007898105,248.77999999999997
eaeb14d3-cfd3-4071-b0f4-289f48a9a982,0.58255398503875,262.78000000000003
43cd85a2-bd3c-45c7-8156-22d1dc4adc3e,0.5852407850163,208.77999999999997
762b758f-e69c-49c9-95dd-6fed15e470cd,0.58320410905005,239.77999999999997
610bdf72-0559-4896-824b-dd0e9bcb87f5,0.58297324435705,236.77999999999997
bd3f93f4-365c-4057-9e4e-45b750dd381a,0.58318302302805,239.78
131d5595-f1ec-4a66-b8fe-36edbac3799f,0.58015213154125,206.77999999999997
007f32e7-8995-4f83-a201-ca98e39b1b17,0.58165284995445,197.77999999999997
a6892fb4-8087-418b-9cb1-5038fc29fa1b,0.58593973394015,163.77999999999997
35d83a79-bf73-437c-8e8c-e04988e0054e,0.5867654714583,222.77999999999997
867baab7-02f0-42e7-806f-6c1e66f5242c,0.58405319885565,253.78
dd9fc17f-e260-4ecb-8b29-3a0f2db797f2,0.5846660475893,235.78
37cd364a-296f-4acc-9014-2b07c8f12c11,0.5851108530349,239.77999999999997
fa7cd06b-4d1e-4537-adf8-dda8c1114056,0.58483977938915,208.77999999999997
3f0897b1-0cf6-403b-a7da-8e520c9685cb,0.58268075100845,267.78000000000003
3d1bba80-15a9-4cf0-893b-2def684276c0,0.581077090091,167.78
3317f9b5-eb83-474d-b1ac-2db151bf9e53,0.58524646520235,244.78000000000003
77fc1aa6-1d1e-43fa-b6e9-0ca9c87e391f,0.5844141498598,238.77999999999997
d15265c8-a600-452b-9004-88a8b5d40804,0.58419417064055,233.78
4bafcd65-cd0a-484e-be75-3f177f1ac0fb,0.5858699916573,205.77999999999997
907c7630-c4c0-4179-a266-56cab150d9d3,0.58188720248955,235.77999999999997
21336da2-cd7f-4b86-89f8-09536d463ee5,0.58320410905005,239.77999999999997
491e5d94-f390-45db-b76e-d709921ca095,0.58015213154125,206.77999999999997
b784fb8f-c7b1-498a-b447-d7a1df802118,0.58165284995445,197.77999999999997
9de1046e-e33f-4403-8c1a-b38fbda8a574,0.58593973394015,163.77999999999997
43432e7d-3eae-4295-8bc4-d4d50b8311c3,0.5867654714583,222.77999999999997
e9d2bd7e-bf0e-46cc-92a7-633cfd80ac4a,0.5835411729324,254.77999999999997
9739ecef-013d-4270-9112-95290dbe3c3f,0.58425008690775,247.78
1b7b1323-6ccd-4779-9557-47d42a9f8786,0.58501573676335,230.77999999999997
b17feea3-838c-4d33-825e-76e3b80c50aa,0.58483977938915,208.77999999999997
96821a39-60e6-4f3d-9b9b-6a4719bc493d,0.5838221274188,224.77999999999997
eabfa468-f81f-4538-a273-00356996db2a,0.581077090091,167.78
93b9f322-04d3-4eb0-9abd-e8dfef488fb8,0.5859789249093,207.77999999999997
201d9efe-bde1-42f9-ab10-74283b95b50e,0.58381567080285,263.78000000000003
7dd4456a-fd3e-4e08-9675-6fdbdb672ac7,0.5865136173435,232.77999999999997
8ce344e4-3367-46b6-8b3d-83895feb4c48,0.58020132485615,184.77999999999997
525f9ff7-c623-4110-a538-f3b88752ffbb,0.58581471425165,201.77999999999997
a9c2309c-4918-494f-92be-3ba0df89113e,0.58536466992195,185.78
1fc9c68c-803a-4df7-a719-4c0118574866,0.58223914444075,246.77999999999997
10ad83d1-59e5-4322-9be7-d5920ffe6ba6,0.58427965655305,261.78000000000003
dde012a2-57ad-4cd1-9089-c1e69325ca46,0.58593973394015,163.77999999999997
f77d5efd-fc9a-4b20-bd29-2f51cfa95465,0.58353662342515,251.78
a1dcfbe6-f4f7-4bed-bd9e-6087177d453b,0.5859513307196,255.78
2a8aa7ca-49af-48bd-b864-464520b11a92,0.5862623218624,270.78000000000003
a43b7033-a822-4606-a796-2dcb89f09a6f,0.5858735479064,226.77999999999997
7f0f0d6f-2905-4111-a991-049e2381e1d5,0.58211595984655,240.78
991b2818-870d-4563-82cf-5d59f59c58f9,0.58615644253385,257.78
716ae0d8-459c-4d15-b27d-c57d914cd07c,0.581077090091,167.78
3294d580-7f86-45fc-b8d2-c8c71a0ba092,0.58525612312765,258.78000000000003
2228eb42-aa4e-427f-ab35-d6fff388ac3a,0.58574447339195,207.77999999999997
4c9adabd-c071-42a1-818f-cba6e079c111,0.58528028979385,248.78
323846b1-88b1-4620-a559-2b0581d47563,0.58020132485615,184.77999999999997
b182fada-55f5-4932-9c10-9047ac621199,0.58581471425165,201.77999999999997
5c36af18-e462-468e-ae52-c7a6af5bf5f2,0.58536466992195,185.78
8f40fa59-dce4-4939-afa8-803e4ebfe9b7,0.58536466992195,185.78
68be9825-c358-49b3-bddb-ef044e358270,0.58593973394015,163.77999999999997
c9c206c9-485d-4ec9-aa84-2ef50aef6955,0.58593973394015,163.77999999999997
c8648283-2434-4228-a9b0-0c7f5cb9d808,0.58908018771425,159.78
966ec94c-1f70-4631-a365-63c90eaffd71,0.5886079679047,188.78
00c4387c-7aaf-43df-a2da-203f2ba45554,0.58815992661935,185.77999999999997
b90b42c6-59a3-4b65-8e54-bd01fcd20ab2,0.58474704124265,202.77999999999997
99e31ed7-ae89-4cf3-90c6-d2d64ab7d6d5,0.5833440184303,217.77999999999997
1c003523-4834-42b4-afde-1fe0c5bae124,0.58427965655305,261.78000000000003
2a70d786-97df-4b15-9f52-3c571c387d22,0.581077090091,167.78
982a5b42-ac97-4999-9390-068053f90004,0.58670130608305,194.77999999999997
1cb03fec-feee-4c6c-8e44-5bd28f5c82c4,0.58574447339195,207.77999999999997
54672167-9a25-4ace-ae17-41da82cfd33f,0.5884704902111,228.78
e95852ad-8bbd-4fc0-ad99-93a2ecb922cb,0.58433969291795,260.78000000000003
839af1c6-f281-4a27-8a25-e82cc94a4dea,0.58266853804725,284.78
e01f9a18-553d-4166-bbc2-27cf3c789a3d,0.5847831653093,201.77999999999997
b6601298-2ac5-498b-a648-014968e5b6f2,0.58314250112095,233.78
18d678c3-3929-42ae-8d2a-7cdd5b9b3418,0.58593973394015,163.77999999999997
266cf6a7-25e6-444f-aafa-80a764666c4a,0.5843230577723,231.77999999999997
352b43c0-41c9-4383-ad0c-f8bd1047e7c5,0.58908018771425,159.78
d0fbd906-22ac-4875-b4b2-1278430fbf52,0.58356443112135,271.78000000000003
0289d693-5604-444a-a503-fdef3b63cfeb,0.58775053218365,218.77999999999997
435642f0-6eb6-41d2-8126-c319e1e43a1f,0.58083328000115,246.77999999999997
62c741f0-c7c7-4812-99bb-0d997ab006ef,0.58419793773005,205.77999999999997
2eae63eb-f806-4cb1-810b-0204cb0960ca,0.5850182950042,222.78
979786f6-9264-4094-a444-04758993fe8b,0.5828251196488,264.78000000000003
e17b337b-7536-4af4-9db5-a082148c9217,0.58317140300765,240.78
02e66e4a-a749-4bbe-be15-ee79f04293ce,0.58882908930685,227.77999999999997
5e00afc9-3116-4085-9499-565eb3bf8983,0.58258363280965,257.78
95b39afb-de3d-4296-890a-0925bcde353e,0.5847831653093,201.77999999999997
8d62aeb5-4988-428b-8ac4-4584f0c25e99,0.58329374753235,232.77999999999997
50e427d7-66e7-4f3d-955b-bcc5cf0d0576,0.5847831653093,201.77999999999997
62dd6c13-0b3b-47fe-b82b-410d089d4ff2,0.5825437198572,267.78000000000003
2fba7d33-34f7-4022-84fb-d9b7aac1fcfd,0.58593973394015,163.77999999999997
2261c3a5-0231-42b1-9c48-d3f701b45730,0.58266853804725,284.78
744e1bfc-de9a-4eb1-b723-b8a1d88ab059,0.58908018771425,159.78
9a312994-5580-4db3-84bd-43f1918b9394,0.58509190451175,200.77999999999997
d72ced9f-d4a2-420f-bc6d-55f717d33e29,0.58775053218365,218.77999999999997
8df98e35-d988-438e-b300-65dc904ffbcb,0.58433969291795,260.78000000000003
779c3edb-df09-481f-9f25-682864d22d31,0.58419793773005,205.77999999999997
3cd59e52-e237-4240-9bbb-a1cc417d38a3,0.5850182950042,222.78
1affa031-d5cc-4d05-8730-8e046b3a2b2b,0.5840904473031,245.78
4d82eeea-fd89-4005-b723-6c151404f5c4,0.58288080535375,253.77999999999997
8b78d884-3756-4936-b1ab-818a99f393f3,0.58442225473795,253.77999999999997
9842482e-fd84-475d-ab24-60b4d8e2dac1,0.58433969291795,260.78000000000003
0193b069-31d9-4cee-bfd3-6c5dbd103b60,0.5830280291308,253.77999999999997
d0717eae-baa6-4854-b3dc-92c74e1a1b6c,0.58596743125075,212.77999999999997
5ba27105-9845-459b-901b-bc05b5528bb5,0.5812898146202,221.77999999999997
8f550c38-18d8-4f67-8a65-cbc560146fe4,0.58556703566805,211.77999999999997
bfee63bf-bd40-4926-b71a-8b8eb72601b0,0.58593973394015,163.77999999999997
9b648a17-80ab-4e84-be50-657ab9c6d92d,0.58306751486835,233.77999999999997
ea5343ee-9820-4f97-bb7f-5c17f4df2d10,0.58908018771425,159.78
880f0b9e-5574-4cf9-ac95-28ecdfae1813,0.5856277343399,256.78000000000003
358f5bda-346b-4d11-93ae-36d31a678233,0.5848224993098,248.78
1167eb05-a28f-4ec1-a2bc-957ee890ce91,0.5811377573062,240.78
e7a55a7c-8228-46b4-8baa-ea905c80767d,0.58344532973495,273.78
4a8db21a-790d-493d-b59a-8342be8a953b,0.58750643516495,253.77999999999997
9af2d231-8d68-4e8b-ac80-7841b1cb19dd,0.5832394026458,234.77999999999997
d4135391-ba56-4160-bcce-c89b53f52d0c,0.5878418679472,213.77999999999997
8fd4364b-5653-4a2f-84c9-5323209a8938,0.58411041817985,262.78000000000003
54b4dac5-725f-47c4-b88f-cf8c6d4bac94,0.58377550696165,235.77999999999997
46402995-0dac-4870-908b-6fe3012e8e67,0.58569262169615,211.77999999999997
5a241ce6-409f-45ea-be5d-2c4c7fdd8ca2,0.58596743125075,212.77999999999997
d0776860-4aca-45a5-b91f-53cc952cfde7,0.5812898146202,221.77999999999997
88bbe3de-54ff-402f-b399-259c9dde6a63,0.58556703566805,211.77999999999997
5bc8f79b-5736-41b7-92bf-5f0b15089883,0.58593973394015,163.77999999999997
d448ed0a-ef29-4940-be02-7acbf7792cfd,0.58546911053905,270.78000000000003
3732e2fb-7886-4327-a929-b102c74bf6e1,0.58908018771425,159.78
cb1828a3-d95c-4bfb-85c1-299f11a43604,0.5828450259115,254.77999999999997
1bd0f674-c8a1-4e18-b52f-04c5cc749e19,0.5830280291308,253.77999999999997
4b91ec0f-3c78-4a59-8a03-4cd318aa8106,0.58596743125075,212.77999999999997
be2f4c2d-df71-4d80-84e1-010bd679891c,0.5856325018022,214.77999999999997
4908e198-06f8-496b-bcd2-1a08c1e41ea2,0.58767538065455,234.77999999999997
a86988a9-d22d-4688-bc30-c5834d9d10eb,0.58283899216455,260.78
a4d39985-c268-4dcb-8af2-8b3268197a9e,0.5878418679472,213.77999999999997
103e39ae-01ed-4b09-bb18-ea52ef012460,0.5841138466413,193.77999999999997
35cb9331-4b11-4d15-a8df-83c25ecc6175,0.58267905398675,210.77999999999997
92129a4f-656c-4d01-ba6c-44d7740510cd,0.58576435630645,189.77999999999997
8b149c1a-dc53-4f3d-a285-1a2196b67b2d,0.5872462709886,216.77999999999997
e4e1f173-2693-49da-870c-c273474be7e4,0.58248896727255,271.78000000000003
0c74a26a-28cc-4033-9a26-718957b4736b,0.58504497609215,208.77999999999997
690be551-7d19-4827-b2e5-d5b45b7cc8f7,0.58593973394015,163.77999999999997
972eebfe-f912-405a-9951-62569dfb3982,0.58103862805605,280.78
1bad17c8-a840-4779-85fe-aa76b1e42103,0.58908018771425,159.78
361420c2-c2f8-4650-9b6d-73b112e82dad,0.5827716140595,267.7800000000001
cbd2a98d-7959-46b8-a726-523069655592,0.58422112388955,247.77999999999997
5f37dd24-2454-4057-994a-c143ec8f5736,0.58404141781185,227.77999999999997
38e90ee0-c770-498e-8bcb-e846c88cab6d,0.5848162868496,200.77999999999997
f8d6ddf2-9eef-415d-b740-da22a529a303,0.5861307751312,248.77999999999997
cbd8fe02-7484-4817-9d85-0dc3f46f0a0b,0.5875570836848,228.77999999999997
e20884fa-ea9a-4c67-93a6-4e8a04b14c26,0.58678345648635,221.78
2a29f17a-658c-4df6-b533-bcad87e107e1,0.5830223596098,226.77999999999997
100a2150-601d-49af-aa66-2cb05e5b4720,0.5883818097629,226.77999999999997
83e7cfb8-aa7e-46cc-bd0f-9d66621f597d,0.58576435630645,189.77999999999997
eb0e0b46-fbdc-4cfa-85ef-ccdaa23fca26,0.5872462709886,216.77999999999997
af7a102c-61ac-467b-8115-51e24fef2a11,0.5843144048775,217.77999999999997
d0333e1c-af2e-4b3c-b45e-f7a3667aad3d,0.58504497609215,208.77999999999997
536bebd9-c6e3-42df-83f1-24818c1f8ff1,0.58593973394015,163.77999999999997
e90116e2-91ab-4cbe-aa2a-81f751c1a121,0.58431079179205,201.77999999999997
56cbbb4b-0a5a-49b8-b501-6559512d7370,0.58908018771425,159.78
6d58e977-10a7-4a9b-8dd3-39d5c55cb680,0.58690924771935,227.78
d4cb12c9-64cb-44c9-97a3-82b0b24b7c80,0.5866558005476,258.78000000000003
b67b9570-a3a9-4ddb-9bc9-155c1e300600,0.58745169632825,245.78
66609a04-30ac-4989-82f3-d93e7f33e85d,0.5848162868496,200.77999999999997
26d67b7b-8e2c-468c-927b-f7efd3f6a30e,0.58788010422695,212.77999999999997
e9812b6c-cc9e-4d97-b3ee-6b72ddd55584,0.5861014833355,205.77999999999997
b6a36a98-eff1-4af8-8c5a-d1b102c2b8ed,0.590456576348,202.77999999999997
840bc732-0e21-4be3-b5a5-8f0a103e0a54,0.58614689246685,255.78
c8804a95-e274-4a33-beb3-28b1cf72f753,0.58511962425605,239.77999999999997
34bbb859-9a11-4d0c-8129-fffcb17feee4,0.58701203559625,235.78000000000003
ba72076f-2dda-4136-b2eb-62fc000e66e6,0.58359540997925,284.78
39ba9134-a848-4364-ab9e-871ce65872a9,0.58275624983715,253.78000000000003
e5fc18cd-46c3-40d2-9522-faddc2f4776d,0.5847463667204,226.77999999999997
ceb5eaa8-c46b-4bb0-acbe-bd6736ad5385,0.58593973394015,163.77999999999997
4514c173-6dd0-47b3-96bd-a69f9fb574fa,0.58433026260325,225.77999999999997
92d1d635-4278-454b-b9d3-af4f07749f20,0.58908018771425,159.78
4782c30d-e183-40cf-a105-89358147d39d,0.5869849172913,262.78
3832dae5-697d-4554-8370-fa091c6435ee,0.58670113828315,214.77999999999997
049fe068-ada1-4219-aec8-ed7f0ecf785b,0.5885077566283,206.77999999999997
9932fd46-2b5f-491a-9f9b-4da2e22620c0,0.5861173201297,209.77999999999997
c9347580-e820-4c63-a319-384032ed13ef,0.5814294653239,223.77999999999997
5e4d423c-26aa-4807-a628-d0fde3e826e2,0.5855872583479,235.78
da8d1e8c-afe8-4a77-a2a7-a7a818a5b300,0.5852852272539,231.78
6c22cca2-72d6-46b8-a45a-f5e8f49b3a4c,0.5864041298574,218.77999999999997
41d7faed-73d6-4686-b965-ee956ff97c37,0.58605252298375,203.77999999999997
5958de18-4a94-4eaf-9f83-d1cf3155e4b0,0.5859729418248,224.78
84c47e82-7a5c-4769-9671-df51dba8d750,0.58701203559625,235.78000000000003
276e77b8-0e5f-4468-9271-06c80c88a866,0.5859084607023,209.77999999999997
c3e57f05-472f-4cd2-a32e-2cb113f824f0,0.5824267351817,255.78000000000003
386a8a00-7629-467a-8f75-b35a6f2ffad0,0.58593973394015,163.77999999999997
568b9dff-1bb7-4667-820e-0f90dd5daaae,0.58359540997925,284.78
068a2383-80a6-4d33-b002-7ef5ba371c9f,0.58908018771425,159.78
4a3e9815-e914-4841-a0f1-9709c578c0e6,0.58457128983535,247.77999999999997
590e7a6f-d143-4a78-8130-40811a7f9b0c,0.58670113828315,214.77999999999997
6edd70b2-1650-471b-8085-fe3794db5687,0.5885077566283,206.77999999999997
f35c8ca1-759b-408c-8a6d-bc6439226b9c,0.5861173201297,209.77999999999997
e4d60c22-ec08-4fb4-91bf-a25b2bcbec73,0.5862118372059,249.78000000000003
636dd816-ae45-4096-92b2-abb3b240437b,0.58137635817225,286.78
1ebc0419-5bbf-4b6c-a99e-dedaf14eb17c,0.5842744597891,285.78
9fe2e1ba-e84a-4b7f-b14d-dfad7602512d,0.58701203559625,235.78000000000003
b7fa1087-1f8a-4b35-8fe5-94fb974a2201,0.58605252298375,203.77999999999997
599f0e2e-eddf-4bdf-87e0-40925e60ee50,0.58466962951435,224.77999999999997
a43a6c75-9e89-40ce-947c-a16dd4ae28fb,0.5839661943208,206.78
acdd1d87-0a2b-44ba-b5e6-25baf0cd5789,0.58688201817435,268.78000000000003
b2a530d4-8524-451e-8e1c-6308f1eec695,0.5827586829969,236.77999999999997
35b51cf5-a637-4719-924d-aa0a9fa2947c,0.58593973394015,163.77999999999997
da940f5d-105f-40be-bc85-e143cd6bf057,0.58310464345115,235.78
511b3f89-30e8-4295-8fca-28c7d2e76cc2,0.58908018771425,159.78
7935ddef-e591-482b-8e16-d3ec5f1354b8,0.5869125865695,202.77999999999997
d75bf328-857d-4939-81bf-ad6b03f22135,0.58591902323385,253.78
d4801cca-d43a-49ab-8498-76d6cb0feb66,0.58149682478685,233.77999999999997
5c37bee0-ccce-433c-8563-2b8807550d97,0.58424437551375,247.78
667a0080-d9bd-4801-9cc2-c1eb423db50a,0.58394532787855,226.77999999999997
3046a93a-9db0-4c07-99db-16450b597202,0.58854996786415,196.77999999999997
109c4c20-5cae-49dd-9c47-4cf575c2fdaa,0.5821722161256,240.77999999999997
ab88011d-9113-4262-b260-ccfde7e5d841,0.5841020958058,204.78
f891d867-3376-49e7-83cb-aed8169fa8d1,0.58176575618045,263.78000000000003
42e0535b-2454-4701-9b2f-8f2377e35df6,0.5828559342922,255.78
454c4fbe-2375-4419-a575-28630f1d92ee,0.5839661943208,206.78
356d64a4-4f47-4410-a24e-763cf15512eb,0.5828298901287,200.77999999999997
b12a5584-5bc3-4893-bb36-1814422bea21,0.58688201817435,268.78000000000003
3069a185-c4ba-49e0-8f70-ea0512d1120e,0.58593973394015,163.77999999999997
7ecf863a-58c5-4e22-b648-792b3dd71374,0.583641846264,194.77999999999997
3b77aa2c-b81a-4d6f-ab37-8910a8f03fac,0.58908018771425,159.78
29f798f1-06e8-4761-be92-f7f1c8d39ce4,0.5869125865695,202.77999999999997
c58b4440-a428-4589-957a-7ebbc6090039,0.58747192928545,206.77999999999997
41d19d2f-4e59-4dcf-b21d-f379e7c085e0,0.5827586829969,236.77999999999997
bb03800c-14e1-4ce6-8f3c-86daee815ea3,0.5853048379839,220.77999999999997
5b6d4d29-3aba-4e8e-ab3d-2f809afb27ef,0.58466962951435,224.77999999999997
202c6e21-9f30-4fb2-9b0e-dd3973f753a1,0.58854996786415,196.77999999999997
fbd69559-8089-43c0-8c7b-e32f362d8c4d,0.5884787275519,171.77999999999997
c8be1971-802a-44d2-b872-0cf1d382e769,0.5841020958058,204.78
b7332703-f3da-425a-9dc4-75a3ea634c19,0.5862212221745,232.78
d5c8ad14-c1a1-4498-8f08-1de7ad5dd9ab,0.58274039355495,217.77999999999997
cb7fb96e-73be-4db3-a2aa-0a790668e367,0.5856240426787,234.77999999999997
fd6af50f-1824-4e78-80ec-e7dc7f6a423f,0.5832875309104,239.78
3d09a233-b375-4388-b6f5-ad68948ff009,0.5850171382462,265.78000000000003
cce4445f-072c-4de1-9ef5-61938e0e440d,0.58593973394015,163.77999999999997
2d6862f2-0de7-46e5-a16d-90a2a16b30ef,0.58244663085195,279.78
4431a087-3a6c-48a4-a4a0-b084c4b149f1,0.58908018771425,159.78
5c7ff6ab-9006-4840-ab6c-2330079ffa15,0.5827526713304,230.77999999999997
3fbb1e0f-e01c-4479-920c-f6bf6c206a61,0.5817047480506,300.78
a4423c09-ee46-4958-98cb-b28a353401fa,0.5835450585538,217.77999999999997
26b5ca03-f74a-459f-b14a-284cc04cb801,0.5848277239403,242.78
c2fbc6ce-cc87-4bd9-9d28-a9a264f583a4,0.58157003225175,269.78000000000003
0085e103-7d1b-4a67-91c5-ecbb45509afb,0.5856690168513,244.77999999999997
a9b0e24a-c782-463f-bef6-339c6140045b,0.58314621415725,224.77999999999997
f46c3f10-62e6-4318-967b-dcb0ab42c118,0.58663843808295,246.77999999999997
0af59908-d498-48b1-b825-da0ff2d3ec2f,0.58077946997095,291.78
314aa113-eed0-4992-912d-2d6fd3db2a68,0.58274039355495,217.77999999999997
04b0e849-3f6d-4f76-9a5f-e3f3a2851567,0.58057439297755,240.77999999999997
e6c65b51-f095-4938-8b6e-93d81af5345e,0.5856240426787,234.77999999999997
932e4e8d-3a2e-4c12-acf2-6bad4d3fbbfe,0.58670840012305,248.77999999999997
8a3ba4e0-22a8-4857-9c3e-7ddf8c16ec88,0.58593973394015,163.77999999999997
1aac856b-6988-4a77-9ab3-b399a60b6eb0,0.5830089281618,211.77999999999997
57054830-89bc-46d6-8526-c493e9304920,0.58908018771425,159.78
65d2daf9-873f-4d60-997e-c33e3ccd6a8f,0.5827526713304,230.77999999999997
f88bb6cd-610f-4d4c-ba70-2673eef485a2,0.5840165423707,208.77999999999997
9466eff3-935a-40c2-9f31-688c2a42b0a1,0.5835450585538,217.77999999999997
d64d8f7a-b144-4b2f-88a4-0e33e05c88cf,0.58315465417115,243.78
a5dc58f8-93da-4f63-9a5f-631ec1303a9b,0.5853893997844,253.77999999999997
bc5cc990-8a18-4263-8e80-614f9d1aa9d3,0.58274039355495,217.77999999999997
bc039aa7-7adf-487c-9e01-24bcd2b23cf0,0.58314621415725,224.77999999999997
ad276c27-62cc-4a6f-96c8-a5e7109a98ac,0.58274039355495,217.77999999999997
b0c04ffe-96b4-482e-b35e-2750b44a0867,0.58569671574605,221.77999999999997
2e5bc235-d751-46d6-81c1-ae1a7b4817ea,0.5852404780918,174.78
b87e1c39-7b2a-45e1-9fb6-05d456c26515,0.5861123761877,221.78
6b431a61-8325-437b-903b-684a0ebe10c7,0.58599417956545,204.77999999999997
29f39a73-eb6a-42cc-9573-6170f0f099ac,0.5849145487334,176.78
8f5634ef-cbba-4c51-b282-1df9ae969f87,0.58593973394015,163.77999999999997
4b0ae7d0-a5cd-4a0e-b112-c2d89a2e0ec9,0.58291167982825,249.78
692be961-a60d-4d9f-9831-02c3929ce1b9,0.58908018771425,159.78
209fd6f0-dc5c-4271-b0b2-8daeb1c2b560,0.5853376207969,242.78
4484ae09-7347-400c-908e-81fcff427692,0.58504416320775,220.78
d64a8214-f4e8-44ad-b00a-dcc7b65bd6ba,0.58404657231405,229.77999999999997
cc2b643e-2d5d-423e-97cd-a0cd874432cd,0.58385866755105,252.77999999999997
02b7a19a-54ba-4928-9ef7-41a7678b76bd,0.58455582953755,268.78000000000003
be9732ee-d00a-498f-9b67-280164d42553,0.5848431540369,213.78
9dfecef5-8dda-4317-8f22-6414390c0209,0.5844381374679,239.77999999999997
31c82ad7-e316-4efe-8d4f-4309932f2d62,0.5839339366705,209.78
ff356777-45b7-48f6-9137-d808bd700196,0.58100761494975,236.78
e8b71940-fb8a-44d7-83d4-4fcb8c4112e3,0.5852404780918,174.78
47041f3e-06fa-4ae0-a81c-cecc366beefc,0.5821377119896,195.78
cdd218dd-4b36-4fda-bf38-a1690ae7ffd6,0.58599417956545,204.77999999999997
0bb7b454-26c4-4487-95ce-5d6d7b3c8f97,0.5849145487334,176.78
83a101af-782f-4ed5-9ded-852a269d9d1d,0.58593973394015,163.77999999999997
f47aabc1-634a-462b-99b2-e4c1a908e579,0.5840411225196,214.77999999999997
a0f7cfbc-a126-4222-8bd4-4c9e87692dbb,0.58908018771425,159.78
15a1da20-eedc-4f4d-9ac6-75848273a325,0.58784748544335,203.77999999999997
2d053f5b-3a86-4a2e-b7b2-5238d261d9aa,0.57927461689595,196.77999999999997
9d4e8c72-bdc0-41fc-8b27-2d3d22d97723,0.5852404780918,174.78
ed5364ec-538b-4241-b188-d7a1ef4b0f77,0.58431673596345,196.77999999999997
e64240da-a22e-4de6-9ec1-ca078df9f248,0.58716674758325,215.78000000000003
c2bad569-83f9-4fa5-971d-fce04ceb693b,0.58599417956545,204.77999999999997
f90bd863-ba96-4c4c-9f1f-ec8cc704782d,0.58426337996955,175.78
ab9d2606-b734-4fe0-a5b3-2628c1c7ceb1,0.5839339366705,209.78
8f83efd4-7458-4604-94c2-382c2c31feb7,0.5833432530247,226.78
af454219-affb-4934-8e22-586c2ccec8f4,0.5841106141181,207.77999999999997
a934c3c2-0667-4929-aec4-1083b290ac1b,0.58300486853245,259.78
8059d4dc-3455-42da-b7c4-578a08c105ac,0.5850261514299,222.77999999999997
e480fff6-3aaf-442c-866d-7c0961f5e440,0.58352662628915,251.78
e48a160d-58ee-4651-b655-90889f043e6b,0.58593973394015,163.77999999999997
111a4ca0-310d-4962-a4eb-a1459f90f086,0.5885178632689,186.77999999999997
923b638d-226a-4ef5-9044-06028c02c543,0.58908018771425,159.78
0c48b185-8658-431a-a8b2-a8753535c81a,0.58409164114935,232.77999999999997
2450b351-3e0a-45e9-b4b7-3893c1d932fe,0.5841437361763,200.77999999999997
ae88b212-0997-4f32-836b-2240e0559526,0.5827611827635,241.77999999999997
31c24ca5-551b-46f9-9c4e-071a9cc775de,0.58392256736045,259.78000000000003
c8886eec-9bf3-4669-b6c9-178107da1936,0.58543826221205,224.77999999999997
dea73efc-cc79-41a3-ad82-2f881c7ebad7,0.58659048527555,222.77999999999997
8a8a09f9-4396-46cc-8c38-edf3f0e7c6aa,0.5846675546634,227.77999999999997
16783f03-7fd4-44c0-b926-d89ec5a6e1f2,0.58364520829395,221.78
d3ccf095-b5e1-45c0-8680-934721e5f4f7,0.5850279221247,242.78
8ebbfb72-a433-41a2-ab39-d827d4b532cd,0.5841106141181,207.77999999999997
72a7eb0e-b292-4c49-a6d7-c3fd98857e0c,0.5850261514299,222.77999999999997
90971b0d-d475-4195-ab53-bffe329c8ef6,0.5830866304508,255.78
8354cad2-9f49-4327-8ff0-5dff91a1d21a,0.5841586026154,240.77999999999997
b23a14d2-0ce9-4250-95df-775a92317269,0.58593973394015,163.77999999999997
75d2ee23-059a-46e0-a7fa-a57cb0eed90c,0.5885178632689,186.77999999999997
2f48eecb-e4c7-44b8-83e5-eff0ad8c80e2,0.58908018771425,159.78
1d21dc1f-4ef0-415b-9573-62db72c161f3,0.58237842058255,252.78
b6a7d5aa-3b5c-4302-83fd-c7de759d93de,0.5841437361763,200.77999999999997
78a4f28b-dfd4-41e2-ab5f-16a7426a313f,0.5837303853481,240.78
99f13c9b-4335-4e6a-be17-656d744144e3,0.5842612654594,208.77999999999997
ae0104dc-1280-44b7-9802-bab43284a968,0.58158780475355,245.77999999999997
5dade25f-f16e-4ff5-8cf2-5f5433bb71a1,0.5841106141181,207.77999999999997
db1f9874-6b69-4c79-9a40-b82781a9b0b7,0.58421762539845,216.78
cd46a2e2-817b-4ced-94df-8a3df98159de,0.58364520829395,221.78
a9016e7e-f7d9-43e0-a5bb-5cf14dcc49d6,0.58356776336425,230.78
c74988a4-ea7f-49f6-ad2b-f776d006adbc,0.5853100924492,221.77999999999997
7b065942-518c-43f3-aaf3-c2de04ed5e9a,0.585552960993,243.78
ef3d680c-8c8c-431d-91c9-4c13afab008a,0.58510094729975,224.77999999999997
070fd9c0-bb00-42fc-bae4-2d76b1330b05,0.58929037463825,216.77999999999997
52ffaa2e-c578-4497-9eb5-680d1a272a7a,0.58593973394015,163.77999999999997
c2ca6139-9a5f-4d63-b891-49e13b62aafb,0.58569282571215,234.77999999999997
d02f768e-868a-47b5-acc0-dc17dbc1190c,0.58908018771425,159.78
3d4f8fa6-7b1f-42a7-ac67-cc732ba70b01,0.58547314183415,250.77999999999997
8b589948-5bf3-437c-91e5-e3b57dc08fbd,0.58583964100155,228.78
840c6cad-d9cf-4452-89a6-b010416fc033,0.5835202610795,238.77999999999997
8e51fd99-ff03-4648-9758-99b4c6b904ee,0.5846949713847,237.78
d84c005b-a569-4d87-bd00-4b7e299a97a4,0.5855471695186,246.78
c6b7b3bb-4273-437f-b568-08f64dce782a,0.5815863735096,250.77999999999997
fadac9d0-5f08-4f7c-931a-74715601c115,0.5848480625083,180.77999999999997
0845f3b3-63fd-455b-8217-f9d5481c92cd,0.5819844066486,240.78
17e76ca8-7b0a-44d6-81b2-0b93087510b7,0.58305083510905,263.78
9a39ee6a-894f-4069-9b25-8c8fc7ceac42,0.5853100924492,221.77999999999997
88b07d06-56d7-4ed0-9f7e-5c9c5991f669,0.58515360433495,248.77999999999997
f88da5ca-6cc5-4a8b-9beb-89bf568499fb,0.58510094729975,224.77999999999997
1b079089-5f36-41d9-b6ee-9b374928be2b,0.58929037463825,216.77999999999997
1b4f286e-e026-4ee0-8260-7096cc5fb54c,0.58593973394015,163.77999999999997
f93b9b31-855a-4f7b-a826-cf870d7f3f92,0.587398943883,233.77999999999997
d38e63f8-4893-475f-b39b-fb3c6b9e6113,0.58908018771425,159.78
65963570-d496-4d3d-9547-3fd2fbb970f0,0.5844752519218,223.77999999999997
31b8ccfa-4df0-445a-89a3-5358330d820d,0.58510094729975,224.77999999999997
d94c9c42-fe30-4e8f-85c7-003b1820df7f,0.585552960993,243.78
5cebcbf5-f521-4148-82f3-7292c4f2d478,0.5852388175993,221.77999999999997
6cdc8915-a68c-4594-b6d5-01d732c84823,0.58510094729975,224.77999999999997
cc73543b-4103-4521-8803-f112a8b1604c,0.57785943605835,244.77999999999997
29495e88-edd9-45de-88be-fab1e041d1b2,0.5848480625083,180.77999999999997
e0729542-6f56-4461-9ee6-7d3886f5b274,0.5853265011587,241.78
e089577a-5ce9-4bad-8376-ce7d72f38aab,0.58791589440975,223.78
16007e93-05f4-4cd9-abea-665a39ab1bcd,0.5823663677681,230.77999999999997
192b3376-a040-4b1a-a1c9-f01d28199e58,0.5825345740796,279.78
727d122a-2734-442f-b039-d9335d60838d,0.5875347480213,238.78
aab9cf41-444c-4829-92a3-4528e6e872f7,0.5823160852326,294.78
9d4e0d32-368f-4117-8018-0a2ab882da03,0.58593973394015,163.77999999999997
25c43ce9-1153-4787-838b-d1e3cfe13c76,0.58312456815925,263.78000000000003
10f73afb-68a4-4be0-b337-d0bba578193d,0.58908018771425,159.78
dea58cb8-3c04-4809-895d-6c82502a4f28,0.58599949847845,234.78
2d7e6b5c-0088-4d62-be2b-c6bb84b10eeb,0.5810543341165,295.78
1cedce1b-c790-4a97-9330-9bd3998f61a8,0.5850409245761,217.77999999999997
9044d05c-e294-45da-954e-79bda6941668,0.584059441847,249.77999999999997
ae126b21-ce2d-4967-8d2b-1b82e74264ce,0.5880220340021,268.78000000000003
21066bc2-d8aa-4a20-b5f3-dd1d5e341f60,0.58571022616935,224.77999999999997
1124fac5-5239-4075-a697-9992f000d936,0.5863369818295,201.77999999999997
0d27f8f2-140e-4bad-a62c-0efb8004b0d4,0.5842438439686,245.78
c307e78a-99ca-488a-a51a-59baadd2a3bb,0.5833032820712,221.78
02d0464a-d579-4e69-9c7a-b0a6ebeae9aa,0.5823663677681,230.77999999999997
2f15376f-1688-4466-88ac-22baecb02a4d,0.5823663677681,230.77999999999997
c351157a-a456-4293-886d-664776ba2dd0,0.5823663677681,230.77999999999997
9362da93-5cb1-4c85-93be-fb209281a2c5,0.58954670985105,195.77999999999997
19aeb936-97b2-479b-8583-a9fb5d7bf894,0.58593973394015,163.77999999999997
06aa75b4-6250-4d6d-85af-8a8b325d6ea2,0.5825345740796,279.78
21af96aa-f1bf-4c66-894a-2980dc9a4977,0.58908018771425,159.78
ecf88348-8c94-401a-8bea-a7dce0c649cc,0.5825345740796,279.78
af15527f-0794-4777-8c52-0504920ee7c6,0.5825345740796,279.78
694ad318-ca5b-4f13-8f53-08fada9d8999,0.5850409245761,217.77999999999997
1b3a9028-49bb-4e88-acc9-d627f093e484,0.5832199632339,239.77999999999997
10be4ddd-a638-42c2-ab29-7bd338bdde85,0.58664930528665,211.77999999999997
720ed19a-0662-4a5f-920a-4d83fe8928b1,0.58571022616935,224.77999999999997
8b96b893-11b8-45f3-99dd-f6a34a6ca227,0.5863369818295,201.77999999999997
01a18bec-8436-4d09-ad6a-a0019db836df,0.5825345740796,279.78
584328f9-fde5-438c-b3e2-46a4bebfe2da,0.5833032820712,221.78
ede9f971-27ef-4d25-9994-10114c113669,0.5809818514366,272.78
8a3a4758-8c3b-4e38-b2ce-c92c0a74db50,0.5834600075283,217.78
9b955b50-db39-40ca-9334-ee99662f5dec,0.58507211086435,238.77999999999997
117593f6-4baf-4652-9546-6eba190a48ae,0.5824519133539,257.78000000000003
34da0a85-0247-42e5-93a5-f9d96bf8e280,0.58593973394015,163.77999999999997
9a249346-5ac6-4243-806e-15064654541f,0.58457676598785,233.77999999999997
9a3f42c5-6e5e-439c-82e4-d5891e2d25bd,0.58908018771425,159.78
fb31a0d5-e6e8-49fe-8c45-bbc7c0fd967e,0.58057305098505,288.78
5c16603b-fe4e-4617-8118-0e7db2a911df,0.5809377087989,252.78
378c6d23-7a0d-407c-a8a7-89740484d645,0.58343916579335,283.78
41fa1aaa-d532-4667-9272-f48bfd6cefd0,0.5896394194041,222.78
2d2cfaff-aba5-4ea2-9200-77804e5298a5,0.58722248703915,225.77999999999997
8ef20cff-fd6f-4e8a-ac88-de378d013d67,0.58652829640245,233.78
91451664-b7be-4c20-9e1a-115da32703c6,0.58811177079365,228.77999999999997
29337c2d-4ece-4a4c-bd74-bb67188ff5bc,0.5845624962631,225.77999999999997
c3a90cb6-ddf7-42d8-9166-b88378aa4f1d,0.58742521779905,237.78
ad2e43d6-349b-4602-a34f-7f52dfa1d8f6,0.5809353630563,217.77999999999997
fdb362cc-c226-4bf6-b613-43229c6998da,0.5834600075283,217.78
24c4107b-927d-48ce-8890-5affd1387a81,0.5834600075283,217.78
4e4abe01-f4e6-483d-9525-a6eff617b6f2,0.5834600075283,217.78
a7f9d628-d415-4738-bd7d-864b1b5e598e,0.58593973394015,163.77999999999997
9b7a45fb-2781-459c-a0f3-0f62ef446b75,0.5836982760155,248.78
0ffaa3d0-9738-4daf-a1bb-884dbc08b38a,0.58908018771425,159.78
e7e2c766-b827-4a95-962c-587f0b02387d,0.5815013496483,240.77999999999997
2b17917d-a77e-46b7-99a1-e7920cb1f240,0.5809818514366,272.78
5e750a70-d316-46d1-b3cf-cde05237ce28,0.5851283539606,267.78000000000003
6db4605c-7004-485f-9cc8-8b86d59592f6,0.5896394194041,222.78
99186c74-96b1-4a58-812e-1a995b72e242,0.58722248703915,225.77999999999997
3bb73e99-0b84-422b-a2a9-082ad7ae4149,0.58346962313685,218.78
a0d866a2-ebc5-4dcc-b250-018b05fe664d,0.58479518823115,284.78
d63720f5-68fd-43a3-920c-a2f166344423,0.5845624962631,225.77999999999997
d0c28476-cc77-4898-bf52-c86b672ff631,0.5834600075283,217.78
bab2d9ff-9c38-41a0-9cfc-0746f2b92696,0.58905939764065,259.78
a177fde7-20a9-4092-b948-27285deaaede,0.58392377588535,235.77999999999997
61f0a3b6-7229-435e-9d12-f009b23066a2,0.58284844904215,268.78000000000003
fba402f5-3629-4e7b-8911-ced9a801ae9f,0.58762458440415,277.78
cc60b4bb-d279-41a3-97a8-9208e0a390fe,0.58593973394015,163.77999999999997
1d2b003f-10bd-4b5e-b330-f723611bbaf7,0.5852759509493,219.77999999999997
64ffa232-95d7-41fa-a02c-5e22f87ffe0d,0.58908018771425,159.78
9df30d83-6baf-4066-b8e8-74d5f2643dc7,0.58427225063625,266.78000000000003
3c019351-425b-400c-a918-efc941e2f5f5,0.5845471811071,222.77999999999997
83353bc8-35d7-4980-ba7c-e64b6e3f176b,0.58541198954435,204.77999999999997
2f5f3331-cd3c-4928-ac01-99c788e69092,0.58169256100555,298.78
c77876a3-0c19-467d-b537-7751e305d418,0.5856648403925,245.78
cbf8b8a4-d5dc-433c-9297-c7424e7cd695,0.58477964631985,233.78
8dc2676c-873b-4594-859f-6858c9693738,0.584735340006,224.77999999999997
ec50fcc0-3e19-4487-a2d6-fcb8b383d1ce,0.58543964143085,223.78000000000003
274a2755-2774-4fa9-a1ab-66edae2dd99f,0.5854485315767,222.78
14fc2d1f-a53a-4772-87e7-5fa767a9ecfc,0.58905939764065,259.78
4f2da0a0-8c6c-472b-9075-9cfdf61aff91,0.58739547472725,250.78
f96de9ed-69a6-4186-b3ab-0f1c0d4e22eb,0.58392377588535,235.77999999999997
2d40e702-4674-463e-8cb4-7eeb6aa26b54,0.58190002100335,253.78000000000003
7f131113-6810-41e0-91e9-a8896dbf013a,0.58593973394015,163.77999999999997
3b85f6c9-e70e-4d71-8921-532d45f0a70b,0.5852759509493,219.77999999999997
0232a105-f3e3-4cfa-9d3a-610153aec530,0.58908018771425,159.78
b8f75055-c587-4075-a40e-e7129cda1693,0.58491255165645,235.78000000000003
7b5d3228-1838-4389-a238-2cd7cb783a16,0.5845471811071,222.77999999999997
213f57df-090f-4ea2-967f-ae4c2867acbe,0.58541198954435,204.77999999999997
4a3c50b8-0beb-4ac7-ad77-6dc25a96eca0,0.58905939764065,259.78
6b06f74d-8b98-40a9-85cc-f181be322dc7,0.5832304423881,279.78
7e33ad01-ae22-476c-9a6e-818fb189c410,0.58905939764065,259.78
176711bd-c88f-4aa9-bb7e-c87387f167ed,0.5843654864691,250.78
e2de3e8a-e9c9-4de4-8b9f-665720021560,0.58905939764065,259.78
104fbcbc-e082-4031-b24b-e89d3e756569,0.5854485315767,222.78
cf77d918-e4c3-4e1c-b021-075faefe8258,0.5842148170605,233.77999999999997
76f354d5-50b7-430f-a42b-d57eae8c840e,0.5883546681166,237.78
ba72c57b-331e-4c03-b877-8f7a345bf562,0.57964275551085,251.77999999999997
ef21fda4-13f2-4502-837f-0b794186af64,0.58290366429475,240.78
e2e467a3-2cb0-40a5-bd04-e560df3bc6e4,0.58593973394015,163.77999999999997
f2a25a83-2b5b-4a04-b500-d57b94649a38,0.5834827115419,275.78
2610a51a-4b2d-4e2e-a45d-ce5125aaba69,0.58908018771425,159.78
db819df3-8684-490c-b610-279814dbcb53,0.5824988038908,252.78
e956e5cc-0a5e-4803-aca1-6d4d53a386c0,0.5868167122395,247.77999999999997
1b15678a-baf3-4d98-8057-04429a844e8e,0.5877766320173,192.78
eaf64281-e130-43fa-954d-91f36c27e14a,0.58542309725295,243.77999999999997
cd1da56a-28ad-4d03-813b-aa9576373b3d,0.58483431251435,229.77999999999997
b7c65770-9c0f-4579-95f3-91655a4795d7,0.58366971149205,206.77999999999997
301b2b16-3ef5-4109-976c-94b66bfd92bc,0.58527258311775,246.77999999999997
cb23e454-15f5-4052-b8b8-5666de8f32b9,0.58392629338175,219.77999999999997
66c295e1-9294-4095-84cc-186276f95734,0.58223731108905,239.77999999999997
4cd50f6d-f9da-4701-b184-3d5741fc9908,0.58602362814745,233.77999999999997
db334ab6-78b8-456a-a254-c9cce07ed3bc,0.58645382235325,237.77999999999997
13c723a8-2b14-4398-9455-8e26803e3a93,0.5853432749169,209.77999999999997
6563f85f-6d95-4dd7-bf88-86a296d27902,0.5809244288061,263.78
995c2e32-77f9-4ced-85c8-7d126c61e72e,0.58593973394015,163.77999999999997
5836f510-f346-460c-b442-a3ef413c2661,0.5883546681166,237.78
28a6a6ec-957d-49d4-b518-e0f09e369ae1,0.58908018771425,159.78
5a3ff463-8bb8-4f41-98c9-3966ac96a809,0.58222487259775,240.77999999999997
0159c72e-c789-412e-a9a7-fd5da6c2ffec,0.5883546681166,237.78
d63e2a2b-c201-4d5f-834c-096f5d7811f4,0.5877766320173,192.78
e587f0ce-da29-4d6b-8ff8-a5e77f680d92,0.5883546681166,237.78
bb344145-2b75-433b-a7db-0ab1342cb088,0.58483431251435,229.77999999999997
2630aaec-8568-4ad0-a58c-cd70a8434ca7,0.58366971149205,206.77999999999997
20951998-2341-49fe-9986-8eb5e5f4dd7a,0.5883546681166,237.78
aa12ccbf-b636-4213-98f7-8eb429cb6e54,0.58392629338175,219.77999999999997
65f13698-4730-4fcf-9b9f-0d979c282985,0.5883546681166,237.78
15d56680-a97e-48c5-868d-42bd21619d2a,0.58646828127915,275.78
0bd63585-c205-4906-a1f1-51b9ac725d43,0.58477642413855,234.78
4de49822-ee40-44aa-be9e-37e70d29bcb2,0.58031466823505,264.78000000000003
206aa88e-06ab-43d8-9278-5b3dfd139ccf,0.58355917543725,263.78000000000003
ad0fc053-e32e-47cf-84b7-0cca549de142,0.58593973394015,163.77999999999997
4087e2a9-0eea-41c8-8b76-f9e920b60d16,0.5851747289424,208.77999999999997
235bdd3a-65bd-4b4a-b3ef-cd965c52d84e,0.58908018771425,159.78
fb5f943a-44d2-4465-a5e3-d152adf89adb,0.58897774775325,218.78
18e310a0-3b74-4a46-b457-d7c4cf3250c7,0.58267282263885,239.77999999999997
3effedd3-114f-4f37-9368-9128bb22db2c,0.5820007732519,271.78000000000003
93c2bd57-30d1-446c-ada6-44deab22b565,0.5814327515205,247.77999999999997
853e633f-d676-4071-9068-6ca8a3dd03d3,0.5901956643684,168.77999999999997
e459af98-69ae-4a58-847e-615125678bbf,0.5858627717528,209.77999999999997
17446a66-9bdc-48ad-99ef-49a97e26ba4a,0.5841680740879,228.78
2a1f9d56-3ff1-48b7-95cf-613c27cb7d4a,0.58546652114475,224.78
b411f3aa-168a-431b-ba85-a449f9c29c03,0.58862160343475,230.77999999999997
c48dc2fc-9c9a-4400-9b92-6c82a03ee371,0.5859141891968,275.78
054748e0-ecf1-4870-9ad6-720a28ad5213,0.58429362015925,252.77999999999997
2dbcc326-2cb0-4dd5-a295-19b638a29a9e,0.5867766787951,252.78
8d5580e5-9444-4cd8-a06d-12e69560ef05,0.5872483475631,242.77999999999997
c22142ec-4b4c-4a11-aa6e-89ac2f25dd75,0.58593973394015,163.77999999999997
bece154d-cb30-4746-b01b-86b4e94ca665,0.5851747289424,208.77999999999997
852b86b6-95dd-42df-a467-94cdd1cba7fe,0.58908018771425,159.78
1fbb1bc6-d1c2-44c3-b1e4-a75af05dd6e6,0.58897774775325,218.78
e382627b-0817-449b-9b10-a1a825f9a858,0.58631047529625,222.77999999999997
cf801cb3-88f3-4a28-adc7-630e2ed550c4,0.5835672990234,239.77999999999997
f29a898f-925e-4a8e-a326-e8bbd9b6f22f,0.58477642413855,234.78
2e426e44-06f9-4204-a4f2-d6273a710ff0,0.5901956643684,168.77999999999997
79df0812-a68e-4d22-9456-c5aa1403cc68,0.5858627717528,209.77999999999997
0bb3468c-476e-4594-9f06-fffa6861743e,0.58031466823505,264.78000000000003
ac3a61fe-0f17-47fa-8278-8e89cfb2523f,0.58404549579185,276.78
fe6a36c2-6797-4f08-8edb-7c41ad2dc0ba,0.58698242929665,257.78
24cb271e-b302-44a4-a7db-73c7d58838c7,0.58304390969615,222.77999999999997
0a585fe3-0bfb-4d22-ab07-014d732ab7e0,0.58587318901605,210.77999999999997
c0b087a5-d732-46d8-81ab-472a17e8845c,0.58109537612985,239.77999999999997
989b23c7-1a9a-4f82-9287-29f01acd28aa,0.5867621747037,204.78
d55618a4-2b6e-44ef-af1e-fd4b0e347bbd,0.58593973394015,163.77999999999997
8e86b12c-3584-4fbe-87b3-1882ceb627a2,0.58717049164065,229.77999999999997
818a1ad3-bda1-485f-8013-173fb230a373,0.58908018771425,159.78
2bd164ad-e257-4743-89ba-4a96a5cd0ac8,0.58657981105565,218.78000000000003
97743fea-1300-4c4d-a0f4-ecdbaa9fb1cc,0.586214204637,276.78
d74939a0-ab29-400e-a126-97561b5bebc5,0.58157278010805,259.78000000000003
329c557f-3b98-4b86-9df0-86206b20c0a6,0.5871877810493,228.78
9f243b0e-0188-43a7-b225-e9a7c34c8e03,0.585233958286,209.78
36a19832-483b-4db5-94fa-f17f58684fc3,0.5840463890716,255.77999999999997
8a5cc223-804b-4adf-a1d2-2f2a3cbf2bc0,0.58731817141295,221.77999999999997
1bf331db-940d-4c9a-8686-8f107b843473,0.5812826089791,219.78
5cee8710-0f2c-4118-8146-0df590eb31ed,0.5848978912275,210.77999999999997
481d400e-884d-4a94-b80e-cfcf8145c125,0.583184991942,243.78000000000003
3c6b5392-dea7-4f54-93c3-057fd3f039e5,0.58587318901605,210.77999999999997
4270b5a7-1e4e-4aba-8529-eef3dcbf7511,0.58176123519775,204.77999999999997
907f9de3-71a1-4aac-9d17-314a27c9474a,0.5867621747037,204.78
5b5506d3-abf7-4981-9094-35415bb8e501,0.58593973394015,163.77999999999997
b6a95797-c229-46a3-a2ba-0f73d405aadd,0.58656661354555,200.77999999999997
803a978a-a713-47bb-92e1-084c8d169cac,0.58908018771425,159.78
a3583dba-3a27-464e-ad2f-ff45eaff26cb,0.58624448372225,199.77999999999997
3025e492-2bf5-4fb9-9fe8-cabfbe5ab3e8,0.58312738612025,215.77999999999997
020009a8-fff1-4341-b13f-0a7ef3decf61,0.5810176976842,223.77999999999997
560639ea-1c2e-40b0-a52d-c2526faf73ff,0.58304390969615,222.77999999999997
ad0d3d9d-008b-423f-991f-c6df2d6b65f7,0.585233958286,209.78
cede5ea3-c23d-4b64-acbd-8e9af331987e,0.5823052699148,215.77999999999997
95bef3a7-5ac0-4bbc-a30b-9b4e707b3294,0.58304390969615,222.77999999999997
f3aab96c-1dc1-444d-bae6-15338a206963,0.58587318901605,210.77999999999997
15c45d94-c588-4617-96a8-7abcee01bddb,0.5848978912275,210.77999999999997
8ca3096d-726b-40a3-9d61-ca1055bce9f6,0.582867137998,266.78000000000003
8d963222-17ab-4c60-bec2-14eed33da71c,0.58300351432565,204.77999999999997
dabf86fd-6163-48a7-8674-b7ff0228b359,0.58504259646865,217.77999999999997
6106309e-4e65-4193-8a8e-5c8fc6b83639,0.58294678489525,223.78
be9acb82-6acf-4e1a-a7e5-7f74d8793379,0.58593973394015,163.77999999999997
fcc3ed70-2daf-4893-b1a9-a74e0b7a3c88,0.5817418181006,262.78000000000003
a40d4a8a-c689-4379-b94e-4baae2360390,0.58908018771425,159.78
5629ec08-c051-451b-8bbc-dc22de037aa1,0.58657329724145,246.78
73671a58-7a3b-4d6b-a57c-2f6eab1b1759,0.584943757992,236.77999999999997
082fa91a-eccc-4b53-901e-590d897055b1,0.58630332676705,210.77999999999997
f7fe18c2-3b9b-4073-992f-61dc0fc588c1,0.58113182864525,272.78
817a742e-f4c7-4119-a90f-d3a5e79bcbe6,0.58279719700545,213.77999999999997
6a60e1ba-c6af-47a7-a3d2-987b76d64863,0.5823635785521,226.77999999999997
466abb13-efbb-40a9-971c-6cbcb19302fd,0.58514197879915,234.78
3ebf9f55-50a2-4351-bcf3-ef9104063319,0.5863220153858,228.77999999999997
51770231-e9c8-48ca-acdc-400ae6b5e50a,0.5828082003834,234.78
da381852-1f2d-411a-96d9-137d10baac18,0.58553554593725,245.77999999999997
84229a71-5460-439e-8ca9-cbfb5d039023,0.58300351432565,204.77999999999997
1580cccb-a652-4210-9429-bda07a13b52a,0.58504259646865,217.77999999999997
3c57977a-f675-43e1-81ca-836b3803eaad,0.58288880987165,207.77999999999997
3d58d24a-c984-4004-93fb-093a2dbe0296,0.58593973394015,163.77999999999997
68eb7b80-e414-4a66-a894-b889636953e8,0.5839184735217,250.77999999999997
a11cc5a3-5ee3-4a74-ac7e-a0174425b0f3,0.58908018771425,159.78
6844b921-540b-41a8-91fc-de5104efa6a6,0.58360193912965,250.78000000000003
ee145880-7071-4bbd-99ae-c5d9f1197e9e,0.58300351432565,204.77999999999997
61224206-9a07-4060-ad97-f60aff011699,0.58630332676705,210.77999999999997
f8d9fe20-0d43-4381-8809-66e06010bcaa,0.582867137998,266.78000000000003
00f901cf-4ed6-4d52-802f-ea48f5a0e325,0.58279719700545,213.77999999999997
d98b1ea2-4f7d-4222-ae6d-6ee647722f1d,0.58300351432565,204.77999999999997
0880a2fb-9412-4dcb-a25d-220456693689,0.5862990733603,181.77999999999997
cc9b3655-f89a-45d2-a5ee-49d9cdbd0fd9,0.58300351432565,204.77999999999997
fb816497-aeb5-44d3-8fa3-96bc93880ffb,0.582867137998,266.78000000000003
e532ef61-9e2a-4458-8bca-decf0ff64ac3,0.58251666029475,225.77999999999997
3dd37878-8802-43c4-88cd-1aed8cd0d6d5,0.58445624067625,256.78000000000003
08e8cdce-127f-412f-85fe-deea215baa58,0.58430754470405,213.78
ca27a206-eeda-4b3f-b96e-c79d473318b9,0.58691278790885,242.77999999999997
803842e7-2383-4e1d-821e-ed9335e30540,0.58593973394015,163.77999999999997
a3b8717f-4a6c-4ffe-b16b-3695a346a619,0.58668296127085,227.77999999999997
baf6fa0e-e9be-405c-b367-55d74de13681,0.58908018771425,159.78
da62d0ad-753b-4455-80ef-a47d10c07442,0.5865151301328,185.77999999999997
d503cf7e-4cf8-4e66-9ec1-b317c174d2d9,0.58465593686885,234.77999999999997
d9ca7837-c842-4578-84ee-2c654b250033,0.5822411408061,248.77999999999997
12fbe160-4f82-40c2-81ac-9dd2e32ac12a,0.5870552837748,242.77999999999997
4a65ca04-9b58-4f5e-abe9-ac95b56b5b6f,0.58128061078905,321.78
26a9591e-f707-4d92-a243-cc6521b25484,0.584734941184,260.78000000000003
b7d67b3b-0373-47cc-9a40-38c3b6812381,0.587642045939,207.77999999999997
e8f517fb-f974-457a-92bb-dc36f3fb8fe2,0.58107983165675,272.78
9a76526a-0dbb-4a15-9be6-e9b1f25848df,0.58636109017555,241.77999999999997
045fb2cb-dc15-4a8d-927e-f2cdcb4b7fbc,0.58251666029475,225.77999999999997
3bb6565d-87c0-401c-8204-fb8639077825,0.58192172951575,209.77999999999997
398e8228-9526-4f3a-928e-ad8af43e99d7,0.58430754470405,213.78
4f97c332-dc91-4547-8be6-aa26e72b6bf4,0.58251666029475,225.77999999999997
4bce46e8-a5cf-4d5d-bf06-68857fb42c72,0.58593973394015,163.77999999999997
b2a1fe03-c009-4ab7-bd78-a8cc859fcc9b,0.58307694125715,233.77999999999997
e6e67acd-1110-4b7b-b04b-e6383ad28f5c,0.58908018771425,159.78
8d093cfe-fd01-4061-94d8-8c9d43e60d68,0.5865151301328,185.77999999999997
2ae7e8e7-4ff8-4c44-adc1-91d0159f68c3,0.58553276554335,183.77999999999997
18bcc401-528b-4448-9fc1-f5c3cafe1251,0.58332954442005,236.78000000000003
0336613c-a29e-4a81-8ed5-fb85ea4a04eb,0.58306555111425,216.77999999999997
611c2654-51e3-4f01-8e65-9d1ae0daf6ee,0.5818409613517,235.78000000000003
148b002a-6fdb-40bd-8b29-7c65576df8cc,0.58537768135195,271.78000000000003
51af2936-0f45-42a9-a97b-e0252e57408f,0.587642045939,207.77999999999997
6220d42c-3d9e-4d5d-8633-738b535f129c,0.58685944788,222.77999999999997
f1d837ab-0e44-43aa-8c23-061489506f00,0.58251666029475,225.77999999999997
291f6ce2-8748-4ee8-a351-4e9696a8b5bc,0.5854792588759,230.78
73de8698-30f5-42ac-849f-c21bec73e84a,0.58741067094555,216.77999999999997
a9eeb6d8-1ed7-4b14-b43e-2815bb0d48e4,0.58416459219835,220.78
f3d854ce-3f13-459a-88b3-3cdec8d5b104,0.58471506466165,222.77999999999997
4de75013-5117-402e-8a5f-0765824268d7,0.58593973394015,163.77999999999997
5dc33815-e96b-4f3a-b949-936963437e23,0.5815864076977,227.77999999999997
8bb085fb-da79-4710-8f5d-9ae1892edd64,0.58908018771425,159.78
145e1e7b-6112-4281-bb59-76dc678b62cb,0.5835298707732,252.78
8b2e5164-0c77-4f7e-9840-5e7c5aeb3803,0.58633084476215,204.77999999999997
f2e0b6f1-6f11-4c4a-8dd0-0cf3fe492c1d,0.5830283137863,283.78
b77f4850-a47d-4774-970f-40b60f710940,0.58827395346755,210.77999999999997
d17c7387-deae-4006-b3b0-a10e9ab14a10,0.5861365011101,225.77999999999997
e092e1f7-3409-47fb-91fe-86e3e832db8f,0.58353817203075,240.77999999999997
9bd50075-4b03-459f-85b1-2f354d10ab08,0.58350746732155,186.77999999999997
afc883a5-b0b1-4c71-a560-9a818d5e3ae2,0.58783264463805,222.77999999999997
0d64de21-abbf-4d82-b876-8ef9f60da388,0.5828104122225,318.78
e94fb4a3-cc5c-4523-b79a-63e3fd9e50ea,0.58421912810245,252.77999999999997
a5c4f13b-d116-44a3-a83c-2d2ffd0131dd,0.58741067094555,216.77999999999997
301ed86f-b9ba-4dde-bd02-1495281de2df,0.58292648663535,223.78
c8ea2d33-60a7-47d0-982b-56afcf1dd970,0.5826448901611,194.77999999999997
6a7c5fdf-5e77-48a1-91f2-496ac9e9e771,0.58593973394015,163.77999999999997
7741d26a-32e6-427c-a725-e150c5bd6c07,0.58396155164505,223.78
64c78b08-8a77-4124-aa0a-08269d2a176f,0.58908018771425,159.78
a8862295-77e3-4476-8622-e822b33f27f1,0.5860277229803,202.77999999999997
9ba27287-1a89-4c20-9c39-93c84f5523a6,0.58633084476215,204.77999999999997
a8ef02d2-f3a6-4241-88a4-286d8887b3f9,0.58521921355,216.77999999999997
0d615b31-cdf5-4730-abbe-875a46bd9de8,0.58827395346755,210.77999999999997
e190479f-31bf-4e18-afcc-368ad4081dc3,0.58416459219835,220.78
eea28006-f195-4a58-ad49-4e118230c559,0.58501734933905,209.77999999999997
e04ad702-4778-4bd3-aec0-016e1c40a2fa,0.58350746732155,186.77999999999997
8ff091ef-56e5-44aa-81dd-cd06e9ff550d,0.583016060855,242.77999999999997
8d7328a6-9d33-41d1-882b-380272f75ffc,0.58741067094555,216.77999999999997
254f12f2-56c0-4bef-9423-93090687ff4b,0.58553947294245,214.77999999999997
5aa9986e-7eca-4208-8068-3d969b8ab41b,0.58571457513215,230.77999999999997
c09d6dca-e833-44a8-960b-e74ad8eede1a,0.5817645250381,242.78
419708e3-4c1a-4fc7-9b79-5b67ff0b4175,0.5835353380325,213.77999999999997
4b38d080-0e30-4954-9444-8485d2015c2b,0.58593973394015,163.77999999999997
b3200df8-b51f-4759-b400-6e0d00a993d6,0.58478771938495,261.78000000000003
8bd97a95-daae-4069-b775-dfd9b9a648eb,0.58908018771425,159.78
f8af3733-5f0e-4d2b-bc8f-eac6f935a2ae,0.58049493326225,225.77999999999997
36e89361-4321-4d37-ae43-1100c21496d5,0.5862928488876,200.77999999999997
34f43585-d610-46d6-84c6-3dc00aa06268,0.58464973155395,232.77999999999997
16c0247f-1a9a-454a-9673-b2a1eb59f7a5,0.5842754787504,198.77999999999997
70ba3219-4c0b-4ba7-878a-b5526790f920,0.5856720899726,230.78
b74f3fea-58cc-4836-8cd4-a58a2679053a,0.58297403734855,244.77999999999997
724c9477-b0a5-4f6e-9cba-f5e50444ef44,0.58485478656305,206.77999999999997
6771dbe7-e2a4-433c-bc4a-6b923120a63b,0.5840563612358,238.77999999999997
bd0b95b2-dc28-4b25-883f-276f8521514c,0.58341378313395,238.77999999999997
d1c2f6f2-bd2d-4ec5-89e8-45baae1bbada,0.58490368170985,226.77999999999997
8680fd44-d421-4304-9bad-9e9787ca0bbe,0.58553947294245,214.77999999999997
cd3cd2e3-faaf-4bf2-8ae1-d5cc24ff7884,0.58167779891655,233.77999999999997
0b5bbc1e-fb0e-4e38-a561-3c87a1961e27,0.5835353380325,213.77999999999997
0cd056d7-199a-460c-b5de-ba384685506c,0.58593973394015,163.77999999999997
cc6c3b86-1ece-4f29-a81c-fafa5c0757d6,0.5817645250381,242.78
41c92f29-ca45-4f16-80cd-62473978d7fe,0.58908018771425,159.78
b15a1f81-6b3e-454e-a814-624932017151,0.58553947294245,214.77999999999997
32728594-7903-4b17-b6ec-8a79c4a4b567,0.5862928488876,200.77999999999997
09248ac3-2bf0-4ea5-acf3-3935c73580a7,0.5859664693618,206.77999999999997
d1f67c72-ee0d-41db-a819-16f28aaaa4ce,0.5842754787504,198.77999999999997
09bd477f-9156-4286-8787-d6365491fa13,0.5836297857562,235.77999999999997
6b4b62e0-9248-4b12-88b5-ed2d97b60f79,0.58526566470105,239.77999999999997
83368a0f-cf2b-4a3a-8d77-1e5d590c2b67,0.58485478656305,206.77999999999997
98ec174d-f085-4eec-86ea-611979c170e2,0.5866207532758,219.77999999999997
0d367380-956e-4e08-b3ca-faa467ffa703,0.5817645250381,242.78
4b4a2f77-cc82-44d3-ac95-6e73c1be00c1,0.58189384358345,252.78
bde784c8-12c7-469f-bc8c-bf3f0fdb149b,0.58326418650285,235.78
493ed125-2fb5-4e46-8a18-7a90733d1094,0.58280427770125,217.77999999999997
bac62278-d995-44bf-9e9a-d932396cb7b1,0.5829616400484,184.77999999999997
351f2bf3-de0a-42f5-8b1b-7de9a8d1b4de,0.58593973394015,163.77999999999997
b4b7d381-f403-4c3c-a402-7e2a81db384f,0.5887210155746,232.77999999999997
f7e8b040-e7fa-4a58-94e0-740865b3c673,0.58908018771425,159.78
902f82d3-8bcd-4fca-9832-7e603f18d4f1,0.5792113908189,297.78
71c8dd04-f769-4060-b6cd-b605b1a0fb38,0.58490127356525,231.78
d98b2fe7-14cd-466c-bbdc-750d49dc95fa,0.58309833048645,254.78
056c2b71-c09d-4ea3-aa49-5c31941f0a20,0.5799240300033,219.77999999999997
b894aad7-f2b3-49af-8acd-0f705e19e23c,0.584705975946,224.77999999999997
0f3031f8-bfbc-4df3-b8b6-28cec6db50d2,0.5850126736428,245.77999999999997
bf0dfffe-f462-469b-9cc0-23ff5cdf1dc3,0.5848117018677,241.77999999999997
d411527d-81e0-4b28-80a5-189e664b298e,0.5842631786534,227.77999999999997
44fd7cd7-b9ba-49a2-8ec2-133bc642421f,0.58489540683935,256.78000000000003
b9dd80bc-2e6e-480f-acdd-4e33fa1d2a2b,0.5804787521801,238.77999999999997
45053dc0-4cd4-4684-84cb-3c21a75ca6b1,0.58326418650285,235.78
442d4769-c645-466d-a1c4-ee516e5168d8,0.58280427770125,217.77999999999997
27af3e3d-89e6-4421-858e-8f5447208b08,0.5829616400484,184.77999999999997
1c5d07ce-8af5-4663-a486-5875f7e30f84,0.58593973394015,163.77999999999997
5c0f8f94-83f3-4548-b177-350355917609,0.58312099426655,266.78000000000003
cbb69d81-2b5a-47c3-a9ed-69fb85e2b9bd,0.58908018771425,159.78
61b89d99-2ac5-4f12-ad1f-33c084d1cb90,0.5853733542807,263.78
0d3ad452-254c-4495-a8a9-ddb6406619bb,0.5851431589301,185.77999999999997
c96c06f9-18f4-47f3-bfa5-500685fabad8,0.5887387921451,157.77999999999997
e607ec80-29a8-4c1e-90de-de2117c18fb5,0.5799240300033,219.77999999999997
2bfbfa9a-8d57-4747-98a9-7afecb7227b7,0.584705975946,224.77999999999997
fe6a7706-a7bf-442c-87fd-5c8d872abf8e,0.5837490236148,222.77999999999997
e3684abb-7e0f-465c-a85e-7850ae74b750,0.5842511302783,200.78
b15ab06a-204f-4a37-be6a-616ba7d05bb9,0.58477973089815,225.77999999999997
56d0078f-6f8f-4cf6-8d55-cfcc46787a99,0.5841561946128,191.77999999999997
4fbe65f8-7270-45be-aead-f1cd3e83684c,0.58342310067935,243.77999999999997
f9b2f893-ecf2-475c-8579-20b1c9b32254,0.584297272002,230.78
c5ac1cb1-2015-4369-a6fc-01d0861ad016,0.5851685539663,220.77999999999997
c9e0cb98-2ce4-4525-b655-6e18fedba588,0.58020768537655,228.78
1c960e2a-0b23-439e-a78e-0635fd8aa495,0.5840915670353,255.77999999999997
1965d709-419c-4451-80f1-defa404a04c1,0.5835737855242,254.78
09d50099-d179-47b1-9769-29636fefd3e9,0.58908018771425,159.78
108727a2-c0ea-4258-a45d-829f596fb036,0.58614880456375,292.78
21c2d577-341f-46d3-be9a-160baf8c6d62,0.5853321777151,304.78
791d0352-cc9d-487e-93a7-9af4dffac0b8,0.5887387921451,157.77999999999997
b25ed468-3354-4c7e-9e7b-f31a99f0edb3,0.58119241474365,228.78
f4eeafc7-1ec1-4879-84eb-f6c04f7a4459,0.5845554153742,203.77999999999997
0f634570-e92d-4288-b6ac-8f1feb2f65da,0.58575798705295,253.78
dd7ae137-99c2-42c6-b960-33a06f2cdc58,0.5850310834609,227.78
cbb29530-f00f-42a5-aa23-bcaa1a4b38ed,0.58116122674645,219.77999999999997
e8aa3a32-a27c-49d0-85bf-efc42f9dd3aa,0.5863907849887,230.78
48ac2434-3a7c-41c9-9c07-75ebe3833bb1,0.58129649379685,241.77999999999997
cc6cc0da-b18e-458b-892e-3a8d90da8c35,0.58285855103275,223.77999999999997
b0adcc36-897f-4605-a94a-605225f5d72b,0.5851685539663,220.77999999999997
2d2e108f-f359-4f4b-9a94-baa57fe3554d,0.58020768537655,228.78
9a76acc3-a67a-473b-a8c2-439b70fa3b55,0.58538866288735,230.77999999999997
71cba7e2-43eb-4cdb-8fb6-bf28a09c58d5,0.584297272002,230.78
d5872e21-325f-4136-b077-afb3284fec68,0.58908018771425,159.78
b91359f7-9d05-4b07-8457-bc5a0ad3a386,0.58600940389,218.77999999999997
eca33535-7c8c-4575-8e7f-b6f33f1a0015,0.58471019791775,241.77999999999997
be3c3965-939d-467d-8e01-faa1fafeabfd,0.5887387921451,157.77999999999997
5c7dee64-51c4-4be1-b1f3-4295b6823327,0.58548377301045,257.78
cfcfb78f-ac96-4ff6-a3b1-179b3cd8ec68,0.5845554153742,203.77999999999997
64a60286-5d61-4e01-9da3-f60da51f2379,0.58603828315,212.77999999999997
349c03ed-b4f8-4f38-9669-4d860d459540,0.584297272002,230.78
ceea5c5a-6787-46b6-9cdb-ede1b23aa69b,0.58116122674645,219.77999999999997
14c54efa-e5ab-4903-bc92-0eb8dded3d39,0.584297272002,230.78
d12d9730-fc2e-4212-8802-90c874bf5645,0.5828565167638,259.78
500aa83a-03f2-4f3c-8898-8e52faf75ebe,0.58399849272965,227.78
2d3591aa-0ed5-4775-8629-2c51e5c46b90,0.58449904520575,196.77999999999997
8992ee4c-74e3-4476-8cbc-e469da6bc48f,0.5837287558649,216.77999999999997
92aef16d-4135-4d9c-bb59-d86994aff446,0.5860278112846,185.78
e1475f35-0ccc-43c3-bf2f-c0d496f020ef,0.5843295493672,225.77999999999997
cdfa1143-5e02-4f25-9925-3fd1ad6bd33a,0.58908018771425,159.78
c4fbb122-f7ce-4bef-9407-eeee17687dff,0.5813293263522,245.78000000000003
2673ada4-46a5-4251-9109-9094091f0d09,0.58268504936085,219.77999999999997
cd97492c-fcf1-487b-b0ce-12543aa008d5,0.5887387921451,157.77999999999997
c44f22bd-42e4-4113-a753-5a70f294ae0b,0.5825739661824,291.78
9b6e46be-e92f-47c6-b441-856cff6e897f,0.58506126484515,193.77999999999997
411290e5-2755-431b-af42-f35b501d7cd6,0.58467386864245,217.78
e43ebcdf-1e42-4ba8-b296-64a18be72d38,0.58475554310805,218.77999999999997
1b92e3fd-229c-4a77-a039-1224f7da406a,0.58386892371585,208.78
7c8603c4-fc33-4424-9113-f25f3fc96c61,0.5867571089351,200.77999999999997
63e3d7c3-a886-41cf-8e5e-56cd252f7c51,0.58399849272965,227.78
62d8ae84-aba6-4e01-b723-d867ce6aa9f3,0.5835958579785,203.78
68d94547-5034-4928-af07-6adcad31cfc4,0.58449904520575,196.77999999999997
757dc693-e96e-4da1-9676-fcd2946d8fb3,0.5860942940656,212.77999999999997
7e4318aa-cd5f-4f4f-bb4b-f800d09347fa,0.5860278112846,185.78
3d49b10c-97db-412c-a0d6-7fa515a1ebc5,0.58524421550205,226.78
ae4233c8-6f9b-41f6-b831-04aab1b29c16,0.58908018771425,159.78
b66e819d-302e-4ee2-a9ad-81ba0423c3db,0.5875038010718,242.77999999999997
a448aaa3-2ebc-4781-aa16-c1b826cbc1b4,0.5843975501121,214.77999999999997
905abd58-0a08-4291-aa29-73f5ff8c1007,0.5887387921451,157.77999999999997
c3107b37-6bab-4d7a-8d5e-e9f80ca928ba,0.5824667910732,247.78000000000003
03022401-59d5-43f1-b439-4da2a823756d,0.58506126484515,193.77999999999997
c4d81ca9-7308-4902-a3e4-aeac4ff13364,0.58399849272965,227.78
8a619022-3bf1-477a-9df9-4efc9074b7c2,0.58449904520575,196.77999999999997
f4a90468-a56e-4104-a2fc-49effffd7ef0,0.58238251927965,224.77999999999997
6109fee3-0338-4ce4-acc3-871bcd0b24bf,0.5867571089351,200.77999999999997
d5b4887b-6693-4d70-a88c-0ddf27c421a1,0.5832781535295,244.78
8e44d04b-08a5-483e-9c05-a2552d58c095,0.58428949476075,193.77999999999997
9577cd73-e93e-41cd-a33e-6573d7d30ee7,0.5821764690027,261.78000000000003
e17542ad-da74-4755-b21e-2c4931c6d9c9,0.5836955048805,199.77999999999997
87a4b36d-bd77-439e-9c27-c899ba55b5d0,0.58356824629235,268.78000000000003
8f93c3e3-a273-45f6-8c05-6b552aa5d7c1,0.5847364737453,251.77999999999997
6ba8d935-621f-419d-88e5-8c0c2dad7827,0.58908018771425,159.78
1d9df7ac-71d8-4041-abf3-b07a3d52d8fd,0.5866387570133,216.77999999999997
78b29433-33a1-4556-870c-372ed53546e2,0.5865310087635,237.77999999999997
663fb055-f122-4c8c-aa48-1161dce890f3,0.5887387921451,157.77999999999997
92049bd7-5803-4f99-a230-b6f2bf6dbd8d,0.58789634796025,248.78
16751bd1-e3a2-4f1d-88f7-c9495950d4b1,0.58434130459465,245.78
5dac74d4-ccf7-4172-8aa4-66bc978aa1df,0.58336314053035,205.78
2508f6c6-81dc-4cad-b454-dfbbfb9360c9,0.58514221211445,237.77999999999997
a830b2b7-6515-480a-8412-a4fe4cafbe2d,0.58339864998915,241.77999999999997
5d4fbb54-842a-4380-86aa-baa76cf9eb4d,0.5857217596737,254.78
0fb8e19f-d353-46dd-b6b5-bdc53f59349f,0.58483654413985,196.77999999999997
657246fd-d0bf-4c7c-a0c6-418647e97ee2,0.58428949476075,193.77999999999997
68c78f5c-4f99-4cdd-b74e-2e9093b99bdf,0.58586251227685,194.77999999999997
6fc3f219-c7b9-47f0-acdc-6b84fc57ddb7,0.5836955048805,199.77999999999997
76dabbbd-1a4a-4694-bebc-c1d8e21f39b9,0.5819785336256,225.78
1e728bb6-9b6e-414c-887d-4dd51384645b,0.58471697717735,221.78
e2ef2d16-dc12-4847-a1a1-6d7b03dbce8a,0.58908018771425,159.78
5c02ebde-f361-4c03-8d9b-18234d8f7adc,0.5866387570133,216.77999999999997
2eb8c16b-e4fd-495f-8389-7b6726de55a3,0.58200727023425,228.77999999999997
9e3a92a5-2a3d-4a09-b85f-ac69bb0cce31,0.5887387921451,157.77999999999997
ce2bb14d-35b9-411f-b5dc-00407e9ad345,0.58376680573765,268.78000000000003
0bc38d56-a3ee-4889-8ff9-3c1339fec550,0.58400374793665,267.78000000000003
95f2a985-bbfb-4dc8-b414-18a280961b22,0.58336314053035,205.78
a55a6670-2366-481d-8bf1-e78c4dd0a6d2,0.5832781535295,244.78
bf367305-2d09-4153-aca9-b293206e4867,0.58294024916835,245.77999999999997
74fc798d-1221-47ba-8110-1a8e48c14867,0.58486261361735,236.78
b94e4ea7-cb50-464a-aaeb-0cc46455ffa6,0.58519736215635,205.77999999999997
75111abf-97a9-472c-a75f-2ccc498411ab,0.58245188386,242.77999999999997
00ce9427-67c5-4d5f-ada7-fc0f45c09266,0.5837571012388,285.78
557581aa-6653-41c3-b341-8a93683e5081,0.5839786644878,309.78
c7002472-c1b7-47f4-bd77-c0d690282e14,0.58200583323455,282.78
eb62e992-1bf6-49d2-a3e9-f078d4ae6f6a,0.5820521841258,234.77999999999997
ee8378ee-932f-4c10-a336-b7202a1a1f3c,0.58908018771425,159.78
865eb9d5-2056-4bac-9435-0b9dada11510,0.58456395619155,240.78
ce723eae-ed53-4753-951d-2b83a41ba79b,0.58247314337875,250.78
58c97530-f167-4183-991e-6d4a504f9e49,0.5887387921451,157.77999999999997
148ae99d-d849-48ea-955f-c9bd4783e890,0.5820888272962,240.77999999999997
482b2b77-7e3a-418f-84fd-17a8727a4416,0.5842748480325,234.77999999999997
75f6b60f-91db-4431-bee9-ebea8a6f67c5,0.5868680732097,254.77999999999997
93d09215-bf64-435a-9ec3-f665f95ebb99,0.5832591081616,287.78
a26eee22-3168-424c-b58d-9612f19c5fce,0.58509380461565,221.78
0793de04-0c25-4241-95ed-2ed67c45096b,0.58588213188925,252.78
fefb4afc-416f-41f7-8307-4291890bf0c7,0.58519736215635,205.77999999999997
d5ecf87b-4a05-41f7-a199-2f73a17a29da,0.5841528217505,236.77999999999997
2121be4c-fcba-4de2-9cf2-a43e58316dc7,0.58477723686885,230.77999999999997
125cf0a1-3506-43ac-802c-4b7013308848,0.583517764466,232.77999999999997
75a2916a-9f59-4d33-9c60-7d1735061704,0.5839786644878,309.78
f0d75678-7557-4ff7-86f5-fcd6616838af,0.5820521841258,234.77999999999997
afb865cb-c3c3-43e3-af6a-13d626093db0,0.58908018771425,159.78
7750a9e1-4bf8-42e3-bcd8-353d9562fa7f,0.5846134389608,209.78
610f626b-3391-4d31-a585-b9acd60a14c5,0.58245188386,242.77999999999997
b2265c1c-feed-4b61-a07d-218e32b93b1b,0.5887387921451,157.77999999999997
f89fc1de-fde1-472b-9a38-0493ea52417f,0.5829630660444,212.77999999999997
c3384ce1-40bb-4259-b1c2-f7c5a83984b5,0.5842748480325,234.77999999999997
cb75d114-23ca-4b9b-ad01-e463b41f3cce,0.58166286281025,251.77999999999997
198b3912-256f-4351-ad50-8f6a920d184e,0.5850430414711,212.77999999999997
146007cc-9a6d-4ee8-a2f4-ada11139ea74,0.58509380461565,221.78
37cc47a1-605f-488c-bf87-da255cd31355,0.5846425407035,222.77999999999997
45630358-55f5-4edf-b869-e51a19c3fa18,0.5859314731011,283.78
752d6efb-8699-41a0-9557-5976be48b5e6,0.58290765805155,256.78
ab6e0168-c463-4f54-abfd-825b2adfb542,0.5841635563224,205.77999999999997
5251fd01-efa8-493b-93e8-8909b76b3d6f,0.5832841330012,237.78
61bffd9b-6ecd-4c62-9827-b90775110b83,0.5867131228193,212.77999999999997
3b2aec6c-4817-4a16-a5c9-ff987edb9b01,0.58784858723735,245.77999999999997
6859f4db-4d22-4ade-ba56-e5bcd831c2c0,0.58908018771425,159.78
5dec07d4-a9da-4019-ace9-1206e8bf0746,0.58456776184595,228.77999999999997
21dae9ed-45f3-4e8f-a00f-1068303f9b47,0.5865478877488,262.78000000000003
f31bb2a1-e694-4913-85a8-8f995dfbe05b,0.5887387921451,157.77999999999997
fada0c27-52a5-4e56-8822-9f9bee852c76,0.58222476206925,262.78000000000003
bc11fdf2-13ee-4643-b8eb-1c8ebe07d6f6,0.5846885986831,223.77999999999997
353c36d0-be38-4161-99d4-29d6dca37e7e,0.58458096009095,306.78
bdc1a392-a6e0-424b-b9de-6d9516161626,0.58446159925715,262.78
d84c6a2f-b400-4c38-9aee-4eaaf3646d12,0.58794339056675,239.77999999999997
ad361d09-b379-402b-b286-a9b51603c1f0,0.5868650741548,209.78
8ccbc35c-0c35-48b0-838b-756d1423f345,0.5829083267197,233.77999999999997
bada8e71-2301-4f92-bcd5-0d696f68b0cc,0.5853982574948,230.77999999999997
7eaf3ba8-0ddc-47b3-977e-57c50bf715dd,0.5841635563224,205.77999999999997
637ea483-0a4d-4d22-9a95-197c21e8b122,0.5859918048313,271.78000000000003
07fe3df6-6ee8-4d84-a591-1f5fff133709,0.5867131228193,212.77999999999997
5adfa1aa-7c53-4e8a-a480-27139da0e782,0.5867131228193,212.77999999999997
4bfbbbec-7848-4aa1-89d4-ddd9acaeaf95,0.58908018771425,159.78
f9086406-c3e9-4d6c-b560-e5c7f939d449,0.5858611796666,281.78
af881c11-f30e-4553-8c44-7ac863c6832c,0.5859314731011,283.78
6a597735-9f2c-42e9-906f-f0b1f7e8fa96,0.5887387921451,157.77999999999997
3947711f-f5c6-4cfc-a8f7-def24200158f,0.58290765805155,256.78
83f96e74-d96c-4f69-a5a3-932c0aec72a8,0.5846885986831,223.77999999999997
807d9deb-8b35-4d6e-8df8-7046dc346da3,0.58410534131405,245.77999999999997
ac5732b1-3a06-43ef-a192-48848a99631a,0.58290765805155,256.78
14b1dc69-d237-4eed-bdff-027d946957ea,0.5859314731011,283.78
ac6b2278-779c-4dcf-94ba-9747f92284b5,0.5868650741548,209.78
8555f5ac-d9ca-4145-bfcd-d41120421d9e,0.5827571051559,244.77999999999997
fadd672b-fb0c-43d7-be19-78d8e7eb72dc,0.5893176124688,214.77999999999997
992bc11c-43d3-4ec6-9274-9c8bdfc3e99e,0.58666026650665,227.77999999999997
625ed1f0-357e-4521-876f-678a23be0cce,0.58404406340385,245.78
54ac3fe9-d0aa-4db3-8295-3aedf37c761b,0.58530264501045,184.77999999999997
a16fe83e-fe9b-4281-9986-89a74c8f4941,0.5837413030981,218.77999999999997
810f741f-bed8-4882-8eee-7df75965e7a9,0.58908018771425,159.78
82451d89-913a-47c5-8de8-94cba4c3dc5f,0.5888939271941,188.77999999999997
0dc4fbd9-a5f8-4e89-87fa-0771b4f058e5,0.5848368822402,240.78000000000003
fdd7513b-f6fd-4e20-a911-6e0891ddcea9,0.5887387921451,157.77999999999997
ef7fe159-e5e2-4375-9e3a-b5ce70ea7d1d,0.5854287055138,198.77999999999997
8a00263f-dd7e-42b0-82c5-5738bc32c734,0.58574989033305,216.77999999999997
e9cdfc92-a131-4aec-968e-d0f5b23620ce,0.5833684998716,242.78
8dff6ebe-888c-43e2-8b2b-997671989ecd,0.58347473555935,271.78000000000003
eb210077-38c3-4e13-b5dc-2d2f43bcfcd1,0.58261678383195,282.78
b2dffb86-d214-4d21-b2c1-04e75b48dfcf,0.5810787535709,283.78
9cce930a-d0a0-4e7f-88b3-40ec933552e4,0.58444625345185,202.77999999999997
d44ff37f-28cf-45dd-bf79-f4f35e3b7a69,0.5851736560395,268.78000000000003
5a68e82e-9b29-4914-97c7-64c8d827632a,0.58666026650665,227.77999999999997
89474045-749f-481c-84ce-a1e195411c0b,0.58179356531335,227.78
37f9fef6-a9f1-4b4e-83e8-5d36acfe5ec8,0.58530264501045,184.77999999999997
3ca1e9b0-a130-4ea9-b166-c99af3c803fc,0.5827571051559,244.77999999999997
327ace9f-cc60-46d0-be41-d6d877aeb181,0.58908018771425,159.78
42ac601f-6b3e-476e-8d3e-e7c780479f6a,0.5888939271941,188.77999999999997
3e150461-25aa-4824-aca0-0d28ec3a65ee,0.58102407655865,226.77999999999997
6014d599-3e4f-4842-9e9d-9672af0a0991,0.5887387921451,157.77999999999997
68ebbc6f-9040-43ca-823f-e52c7674436a,0.5854287055138,198.77999999999997
64483392-4e81-4d0b-9037-af3f719c1e7d,0.58574989033305,216.77999999999997
bccb1ea9-02f3-44b6-82d8-9713d89c8ec0,0.58378033555375,212.78
fe6a4c55-9cc1-402a-ba86-05deffbb5ca2,0.5893176124688,214.77999999999997
a53daaeb-4d65-45a6-87c0-13187fe0c796,0.5811506073964,227.77999999999997
320a4191-2413-4435-bc87-b7b32ae61694,0.58451515899385,259.78
b983c68d-c18c-4894-aa55-6c00da2a1fa7,0.58173993958775,269.78000000000003
2d7cca57-6676-4345-923a-86898428e5a0,0.58306194487425,308.78
15489cce-b785-408b-b92f-ee3b895afb5a,0.5835790181089,245.77999999999997
104261d2-e7ee-415c-8195-7557405ada4d,0.5874306441515,237.78
3309d99f-28ad-4376-bda9-54715c06ca43,0.58719815028065,165.78
5da4884f-fd65-480f-93a3-a0ccd334b950,0.5808237358014,252.77999999999997
483935c9-3265-4428-9eea-75240fe8fc70,0.58908018771425,159.78
d3e68d8f-32ef-44a9-8e5d-850e63002544,0.586780655159,194.77999999999997
d8d6151f-657d-429c-9f9e-87a1e62705a1,0.58221797184785,189.77999999999997
3aeecbf8-ebd3-4079-9a43-2d83090c4cb8,0.5887387921451,157.77999999999997
ab684370-5952-41cf-9e98-da35702629d8,0.58245400589455,231.77999999999997
c34b0432-7638-48ae-89f6-7908ea619b72,0.58441562044065,212.77999999999997
af08e68e-e7f8-4341-aae5-44f2d73341ff,0.58813374831965,202.77999999999997
2ede527c-2c90-4c47-bbe2-f7b542458506,0.5823584811178,238.78
8889769b-5a3c-43fe-acc4-1ab05ee309af,0.58386741139495,250.78
78d626d9-c57b-4190-877a-1c265f1a2665,0.583357813561,226.77999999999997
36367214-0778-42bc-9653-88d12d3fe876,0.58444526610345,268.78000000000003
63a88978-c0b7-4b77-9e9c-8076c894abfe,0.58479873962705,241.78
10356fc1-582a-4726-98e1-d491bdc103c5,0.58173993958775,269.78000000000003
e3ac9a6d-45d9-4bf3-9a05-285b2a3d41fb,0.58006064986215,254.78000000000003
2d6ebc2e-83e8-4f83-95a1-823a21eeddb2,0.58719815028065,165.78
2405fe28-e4a2-429f-af69-2c78cb67a430,0.58227609978945,254.78
30e582e0-a880-4c98-a5c1-7651ab8fbbbf,0.58908018771425,159.78
a09efedb-382e-4c4e-8918-faaef4cd8a7a,0.586780655159,194.77999999999997
6262ba56-b98b-491e-a193-eefa5581ddb0,0.58221797184785,189.77999999999997
a937f7d3-c56e-49c8-9ba2-a0897fe87660,0.5887387921451,157.77999999999997
332dcd00-1cfb-439f-b04e-25f0d72426e9,0.58595722255425,258.78000000000003
befa3f61-97e2-41f8-9c05-8c96df6a4b6a,0.583162924778,277.78
593c234b-562a-45ee-969d-c937dc41650b,0.58813374831965,202.77999999999997
596603e9-aef7-4daf-a0a9-995e934cef56,0.58173993958775,269.78000000000003
e318337d-b8fd-48de-9dd3-67a4cb16979b,0.58133870274695,180.77999999999997
470f6ef7-6935-4642-bb56-0ccd380fec7b,0.58340680865365,209.77999999999997
138004b4-4cfe-47b2-a25e-6cbb9e466007,0.58530744844145,237.77999999999997
103f46f5-e233-4626-b9cb-75d1c8af353b,0.58271068219265,231.77999999999997
09addae2-7327-4ae3-b4b4-3b1eb38987c2,0.5870075111675,230.77999999999997
b9351556-b2f2-443b-a765-6600470d4299,0.58220869045075,291.78
61cf76e3-1480-401c-996d-9f29b83b2206,0.5820820326666,220.77999999999997
d15c832e-57c0-4876-98fe-aecc09ff9b9c,0.5840740460657,257.78000000000003
c3c416aa-2746-4213-97b9-1e8bd24b9210,0.58908018771425,159.78
cdc9cf7e-57dc-4092-aaf3-c3c1e3f83830,0.58604436774235,310.78
30be0291-d628-4d9d-b192-193fa3b8766c,0.5847169430107,231.77999999999997
32a6556c-3bf3-4661-8db0-a440e8b862a9,0.5887387921451,157.77999999999997
ee5e396f-d7dc-47ad-953f-d573e7d28314,0.58345170778565,218.78
43a0e0f6-15bf-4e36-b28e-ccc4dda77ea5,0.5832673786781,238.78000000000003
61f87141-960a-48ca-9561-b8b8d9c0fe02,0.58672728885575,255.78
a9611512-e109-4227-abf8-92da10591f98,0.5843639755279,184.77999999999997
10281027-fc04-4bf9-a8a7-ec4dd81fbe6a,0.58546516500315,209.77999999999997
084d6f8b-8423-499e-b972-b5f05a697d4a,0.58553898982015,223.78
2ae2da31-5f03-460d-86e0-96043770fd87,0.58377068271765,230.78
7be6de8a-7a41-49f6-9cb3-c84c865503a1,0.5884633153516,201.77999999999997
b5e2ffa6-41a6-44ad-bd59-ccd6e1a6c3f6,0.58632739119665,221.78
7e646c7b-f058-46d2-a8f9-48e2fd4baa4a,0.5862173761215,243.78
4ea13d33-11f0-4c81-97ff-2059740db3a5,0.5820820326666,220.77999999999997
9cf4634c-4a9e-45bf-83a4-cfe1aa515a88,0.58521816245015,197.77999999999997
b58a42d2-c48a-484f-ba48-a8193d1dd6d6,0.58908018771425,159.78
0413b965-37a6-48e6-83c8-012ef68fe596,0.58238145085565,255.78
d84c8b0b-0d51-49e4-a081-2116d8d1d870,0.58644821864305,230.77999999999997
14ebc381-029b-4abd-922e-e1f4e9020410,0.5887387921451,157.77999999999997
890814e6-5be0-40ac-8f7c-65effd046cfc,0.58345170778565,218.78
a994951d-56ca-4c4a-b1ce-0f4e16ca0489,0.5870075111675,230.77999999999997
5abaf816-3077-4b6e-bb17-e72b310a7de2,0.58696806764325,232.77999999999997
f1543808-bbaf-44e1-8e25-cc6e9d4513b2,0.5843639755279,184.77999999999997
db331ad8-efdd-46d1-aeb3-99e0b84bcebe,0.58546516500315,209.77999999999997
6c614134-6dcb-4daf-a8be-e6491a859838,0.58530744844145,237.77999999999997
dd8ef6c1-79ba-4f52-8c62-5147df5f9d46,0.585276407645,243.78
fc57dd77-7226-4c8a-a170-cbe71776d516,0.5854424726958,250.78
e79331a9-5e92-40c0-8dc6-4d2fde892829,0.58273327727485,272.78
a2d2defa-f38e-48f6-855b-55222c7049d1,0.58456414415045,241.77999999999997
33c10ac6-4724-4438-9d2e-8b1c64a8212a,0.58314028381425,228.78
a2cfc265-7a37-4844-8919-26582a01b88c,0.5848886097236,185.77999999999997
39a30b22-cad3-4f57-b2d9-63088f2e781c,0.58908018771425,159.78
3251332e-de0e-4e74-ad80-2032f5276eba,0.5825899387487,230.77999999999997
4050b98a-bc26-4624-9de9-2d0e6668b558,0.5856175679092,246.77999999999997
d180274c-a391-4f19-b461-1e3120fbce05,0.5887387921451,157.77999999999997
0fa0eb1a-1236-4f51-9e41-18c4b0e79dad,0.58729422158295,205.77999999999997
d9960a20-4d21-413f-b561-0db6274dce55,0.58411523718085,207.77999999999997
5ab5b60c-6018-43aa-b7bd-0b67ba8d46b5,0.58809632142155,225.77999999999997
55ddc108-bd4b-46fb-a473-0bd8c42d1ace,0.5880300778269,256.78000000000003
d6456ccd-eae8-4811-97fb-a18dfb7f1650,0.58469397436765,222.78
51fc5a3e-2c80-4892-bd93-4c27b83c77a5,0.58369672731425,227.77999999999997
b33eeef0-05e0-4c9c-995b-6a17da82b640,0.58406746355545,274.78
5070dc5b-4aae-439c-b007-acab237ee716,0.5840548771822,229.77999999999997
26368143-16ef-4ba8-946c-5372358b7379,0.58157099827515,257.78000000000003
4b940a6b-47ac-4cb8-821f-cbe786d7b3ab,0.585276407645,243.78
072ad081-97aa-4beb-b5f8-31a1e47f3f8f,0.5817169784392,218.78
5c91ec37-e2a3-4436-a6ad-d842f2d2c96b,0.5848886097236,185.77999999999997
94c43ec6-ed17-4697-9550-6484b8bc1de2,0.58908018771425,159.78
7ad14829-05b5-4886-9780-8e60370d2373,0.58647532754505,226.77999999999997
e7cfd225-7635-4ca3-9999-c3073243761f,0.5855908189333,251.78000000000003
447f386b-5bf1-41a2-a0c1-f7d4cd9ea1ea,0.5887387921451,157.77999999999997
1e6a75be-dd3c-4320-8027-001f5ecb316c,0.58729422158295,205.77999999999997
3e702227-57f6-4c89-b6eb-72037a4b99b1,0.58411523718085,207.77999999999997
20a95bdd-edc0-4b50-97af-9c1daff4ec2a,0.5853335965608,268.78000000000003
6fdd2abb-728c-4d50-9be0-c7c3d9d14b3e,0.58511264253475,234.78
3ad06882-d88d-4558-9ec9-1168942a3326,0.58469397436765,222.78
899be454-6acd-4036-a442-5f097ee81e07,0.58498428038185,244.78
44398dc5-b23d-4b77-a736-ebd81a379edf,0.58160653689895,246.78
c4c191a8-68c7-4095-a3aa-c85883c2fc3b,0.5822547385653,217.77999999999997
d8f913a0-e369-4976-9bd6-b9c955bc11c3,0.5863643832749,221.77999999999997
2ce28e40-5fae-4bb2-aa32-a5826645a5c0,0.58355744016265,228.77999999999997
247dcca4-cb1e-4bef-a6bb-e2a52c1b3e57,0.58211793073065,222.77999999999997
7d2425d4-894e-42f8-85c0-c59cdc0219b1,0.58082116952155,222.77999999999997
84e40fbb-f01e-4929-a80d-82afb2ea1294,0.58908018771425,159.78
49e7a2d6-476a-49ff-be7a-5bc40ce595ab,0.58361117849345,258.78000000000003
23a6226f-5c37-456c-a761-bf1b98fd1789,0.580087332875,234.77999999999997
1a141a42-85ad-469c-a136-28f57361c6ad,0.5887387921451,157.77999999999997
68e9f2d8-f178-4b7f-8356-634c71c0aca6,0.581025792121,241.77999999999997
5c462de1-f031-457b-bf58-f22be7be0d2e,0.58538167361705,231.77999999999997
2b052716-3220-414c-a866-4f0ff064381f,0.5825220041406,288.78
0c1dd0c5-6846-4dcf-b008-db09a4441891,0.5819588271593,234.78
c0794dc1-4733-4ead-b5c9-fc21137929ef,0.5844284754171,238.77999999999997
95a7c9d1-db1e-4194-8ed4-8a455ae4d239,0.58489359583465,210.77999999999997
c2eb1431-a072-48dd-aa62-5ecde425758e,0.5820163574912,237.78
99ef6edb-18f0-434a-a311-636125484a3c,0.5822547385653,217.77999999999997
c8ed0d51-a0c2-4b84-a667-36dd1e95411e,0.58353209584225,237.78
55be6b7f-0bdc-4010-a7bb-1e114c70aee4,0.5857049642721,217.78
57fa5bd6-12e1-4a18-bd7a-294b9909d003,0.58211793073065,222.77999999999997
d87775e4-2e80-4445-885d-97bf6a4428be,0.58082116952155,222.77999999999997
435094a0-6a8f-4b32-8599-aaf80799dd7b,0.58908018771425,159.78
6313945b-6921-4068-bb25-1ec4d84173bf,0.5854079361857,254.78
42177128-dcef-4778-b212-11ea1f8abc71,0.58160653689895,246.78
42a9cdba-f5ec-4e77-8b2b-7f6874faa576,0.5887387921451,157.77999999999997
cf81fef1-c8b6-4e70-84e2-0e41cf7356d8,0.58301766681455,188.77999999999997
4313c2fb-c975-4784-a00e-ddc650489ea4,0.5847887970342,243.77999999999997
aec349fc-1887-4707-aac8-d604fabe88e2,0.58441873957415,220.77999999999997
d3740571-9f92-4519-a7f8-60dec0063181,0.58382877990475,204.77999999999997
749db46c-7f47-4a3a-a8f5-665b87c08b98,0.58459513179775,237.78
60c2f260-1555-46ea-a456-411952ef99be,0.58489359583465,210.77999999999997
508cd45f-e039-493c-a383-b5401b61bfca,0.5831007399454,284.78
dae83a54-cfa1-434c-913a-2e88bf45fc74,0.58733125203685,268.78000000000003
981a7a37-782b-4dc3-8f99-69d4d99b0557,0.5859334714056,281.78000000000003
444f92a5-d18b-48af-a25d-4297c0254563,0.5852956389711,239.78
da13fcbc-8980-4925-be75-454579c5ce54,0.58490158387605,240.77999999999997
7208c2fe-ed71-44fd-99bd-fb747b23caf1,0.5836658810821,274.78
fa849cd9-1564-4d44-b2f7-a3dc8acc8a4f,0.58908018771425,159.78
bb540285-0348-4ac8-9e4d-891e3ada51b6,0.5828868013423,244.77999999999997
44c4629e-819f-4450-8738-56a03ee1ad2b,0.58730635044465,269.78000000000003
bb31edb1-31cf-44f1-a0c4-f68c70839039,0.5887387921451,157.77999999999997
1559c5d7-b20f-4a82-b9a4-9b223d98a1b2,0.58541532802525,251.77999999999997
406e6ade-bd7e-4491-8a6e-8939a85ced7d,0.5871914923706,228.77999999999997
b4fb319b-a949-4c4c-a361-629375a5efb5,0.5833743098907,230.77999999999997
b7a7a8fd-ef32-4403-8c1c-59685e44c214,0.58279968374735,215.77999999999997
1d09b147-a900-45f1-9a1c-fe837ac5d0fa,0.58399648852175,237.77999999999997
eb3df524-f6bf-4502-9cbc-70c504678afb,0.58664588379795,226.77999999999997
cbd3dbb6-cda6-4144-befd-44fda344150d,0.5831007399454,284.78
0ff924e9-85dd-435a-ab4a-8a244bc0c4ea,0.58733125203685,268.78000000000003
849636f1-093b-4c99-bb68-b201818472e0,0.58328517924335,277.78
35665fd1-a25a-4122-a624-e16b14192684,0.58535178228095,283.78
4210fbcd-67c8-47ee-90fc-a73e388642a9,0.5835198306694,259.78000000000003
86f868e1-8798-4ff9-a0e7-8268189ef502,0.58150935757245,253.77999999999997
ca9da6db-29c5-404b-88c6-4c8d2d157b9e,0.58908018771425,159.78
d4a0072c-9051-442c-8097-b8664a1ea0e8,0.58733125203685,268.78000000000003
d0411fa2-48a0-42b9-9c14-4e86524489b1,0.58733125203685,268.78000000000003
3ca0811c-865d-453a-a8c3-fde84f05fbdd,0.5887387921451,157.77999999999997
29e2dfec-1aad-40af-89b8-b80105cbdc82,0.5829556049281,330.78
6eb64bed-dca4-4bb8-9d2a-b68a9c60295b,0.5871914923706,228.77999999999997
3df4ffe3-dc1d-4e2a-8031-bdf1436a3086,0.5833743098907,230.77999999999997
9877989a-ef96-474f-9d7a-a1c8022f84b4,0.58279968374735,215.77999999999997
8d85b93a-7223-4538-9b11-2d01f9d2d734,0.58733125203685,268.78000000000003
64a4e82d-c0f0-46ab-a599-ace75caf7b26,0.58664588379795,226.77999999999997
beb585cc-dc7b-4fa9-953f-e9efff0d3cde,0.5824685132976,194.77999999999997
fb4aaae6-6747-465d-b53f-81bda9fb1eb3,0.58220551444675,230.78
ae7bb2d8-f229-4804-b7da-91ed4cf6ba25,0.58568178568575,263.78
49d630ae-92f1-4890-81d0-9e2560312408,0.5852163260488,258.78000000000003
3a7d42b5-d153-4592-a043-bea803ffa001,0.5844291822396,262.78000000000003
9ff54efe-bd64-4447-b835-5cbd22cb6c23,0.5844501278825,217.77999999999997
621912df-76a5-4710-b36e-d58aab65ae8f,0.58908018771425,159.78
fe89ffcc-e2d5-40c4-87f4-1fccc6b659b1,0.5855630788807,251.77999999999997
81aa0bfc-077a-4ab5-a229-f7ced47e034d,0.5832874119461,258.78000000000003
a31fc1c6-ecb9-4b47-bf5b-d85f755372b0,0.5887387921451,157.77999999999997
0086609d-4b95-422f-bcfe-d97ed7d52cfc,0.58445553704265,216.77999999999997
a8591da3-b080-4453-8c82-b968dcb23c29,0.5848826226086,231.77999999999997
27450315-ae76-4070-af0e-20721f2c2cad,0.5855826157348,270.78000000000003
3fa36a31-ec2e-49a9-baac-35ee7090deb6,0.58327332726345,236.77999999999997
a354c635-64f5-4f40-9acd-c654169393a7,0.5831827053075,238.78
7797b5fa-e519-4ddf-afec-af0e335cb57e,0.58456276646155,243.77999999999997
a4835068-403c-41a6-b16e-88519c82fc99,0.5824685132976,194.77999999999997
514a6b19-0278-4ec6-944d-00360e3ce709,0.58220551444675,230.78
8ef5137e-4d1c-4007-bb34-bc3bc372e094,0.58650358867005,210.78
1be1cb71-3800-4283-85d2-873fe0ef89e1,0.5805985398218,209.78
20e64796-d92c-46bf-8d4b-4d2dc805c5e7,0.5845978158822,243.77999999999997
c3763862-35b2-4502-8006-3e3a98472467,0.5844501278825,217.77999999999997
bb1182d1-2ef0-4e11-a2ca-1f799e653c3e,0.58908018771425,159.78
5586c4c0-132a-42bf-bafe-61793c74d216,0.58358257036855,276.78
cbcba925-889c-41b1-b207-51362d582833,0.58425909966995,239.78
a3e5f71c-bed2-4f67-8de2-a7c551653fc3,0.5887387921451,157.77999999999997
d4175df1-11b7-4e2b-8ba8-42f7dcec0d42,0.58445553704265,216.77999999999997
5b92b334-6428-4f90-9d88-d08cb3ae4c8f,0.58398361860945,254.77999999999997
25f479b5-3e0b-40bd-a95e-880d6faf16e6,0.58568178568575,263.78
ffd20a91-b30c-4c92-b66f-715b5fd8e3d1,0.5848280789086,209.77999999999997
3911f77f-a6a9-45fb-83a8-83d25fedf6e4,0.5824685132976,194.77999999999997
6709716e-7380-4ce7-8ec0-91eb7c0ba364,0.58252415014015,241.77999999999997
9e2a6a76-f0c0-46a2-bc83-43a401fba1a6,0.5827601786649,248.77999999999997
e69209e0-d4be-4ed0-a131-50331cc13126,0.58188809217555,230.78
f3827081-4ece-434f-bef4-e6fe5f76a6a0,0.5841392684236,203.77999999999997
63f1c0c4-599d-407c-b452-235ea5821251,0.5806229050295,249.78
f32c9b93-dbf7-4d12-a6d3-a1d17aa16e22,0.5806188217733,258.78000000000003
23569603-6b6b-485d-8052-a3acd363a04d,0.5862538962241,217.78000000000003
d9f34ac5-3bb7-47cf-8217-841bece5b892,0.58908018771425,159.78
2ca60490-eefe-42c8-9c29-632bb1f56631,0.58497370175735,258.78
8184513c-9e42-4691-8026-173173550e24,0.5835103922735,217.77999999999997
5b27fae2-d8b3-4640-94ea-d5609aff72ff,0.5887387921451,157.77999999999997
daf7800e-1935-456a-8c5d-ed651a570f13,0.5884747219857,255.77999999999997
f2fac751-9201-4eff-92be-f2b8e9d40d51,0.58487467888145,243.77999999999997
cb181a0c-f5e9-430b-974c-f7363211a3cc,0.58558724170685,214.78
5647a6a4-e50a-4b7f-affc-03a745e6ada9,0.58692884484285,194.77999999999997
613a19ee-29eb-42ec-a44d-05034ff0a760,0.58474995927965,181.77999999999997
c6b97121-f75b-48ba-adbd-b57c1f317348,0.58843041705575,251.77999999999997
4000d6ec-ce92-48a8-8f72-472224c40419,0.58407522243755,216.77999999999997
19ab7d9f-f935-4927-815a-291518020961,0.5842441924937,218.77999999999997
1783653a-fb6b-4a62-ada3-1651b38f72f9,0.5841392684236,203.77999999999997
93ae7b62-840f-442b-b068-b3ac37d64e27,0.58489072584685,225.77999999999997
a3e94835-3152-4410-bfcb-50b018da44e4,0.58059401457825,241.78000000000003
c6f8e88d-610a-4e7f-8eea-27cb34dc014e,0.58304853440525,234.77999999999997
6c82b27d-aa32-426a-8c2f-5341635a7365,0.58908018771425,159.78
9c0faba3-1bd6-4d8c-baf3-4443001abec9,0.5845285792103,217.78
3a5ff556-5fc2-4008-bf04-1f94a5f27f3b,0.58253285794985,213.77999999999997
faf4e564-843a-46a1-a225-f620a2d3d230,0.5887387921451,157.77999999999997
112c7435-904c-4c73-a057-2cafe1e54d0c,0.5870063644592,205.77999999999997
1cbbbe2c-2177-4a3e-a3ab-d8699ee128df,0.58541239859135,259.78
283debcf-ff19-438b-abd1-acffae955c0a,0.58558724170685,214.78
99b99959-6e24-48ae-919c-8fecf6b632a0,0.58692884484285,194.77999999999997
eab57991-66be-420b-b40d-814d5a6ce348,0.58474995927965,181.77999999999997
394559d4-8d98-41c3-990f-ffb0ec5dd86b,0.58494119016525,213.78
86216759-9ac4-4b60-8d1d-197f64267641,0.5829820867969,237.78
e9d66b4f-288e-4f2f-8b01-a27452b468cc,0.5803600091597,239.78
3e133f24-21d4-4716-97be-e75eda3d47ba,0.5869035069278,231.78
a3e60f31-0574-44ba-b376-3a2207c48069,0.5858954571557,220.77999999999997
675a22f2-3067-4d65-831e-1243208cbc26,0.5822505413173,233.77999999999997
29dfae81-79ad-467f-8bb0-1ca755245349,0.5809108109003,229.77999999999997
0ce15246-0715-4905-bfeb-6639ed83676f,0.58908018771425,159.78
29ab6e25-68b6-45d3-b76d-4727501f847e,0.5826989390895,245.77999999999997
95bb83ef-e2a7-4f73-a948-8cdd08209a19,0.58466576748445,245.78
f8626d9a-bc90-4f01-9966-4312378d46f8,0.5887387921451,157.77999999999997
b2408665-8b55-4554-8d2f-5689f6593bbf,0.5845469781803,197.77999999999997
d8c14e3c-5e24-4463-a8e0-b31f92c534f6,0.58595395839705,215.77999999999997
84b3269d-d440-4058-94c3-8346d0afb916,0.5843522730126,248.78
2d67e25c-ac8b-40a5-b371-5e95bfda8ebd,0.58785264637455,229.77999999999997
0e034623-edcc-4d68-bfb5-ea1d080df8c3,0.5853674115525,235.78
9f75eacf-c991-42be-9c1f-c578743c2c38,0.58273601511365,229.77999999999997
2515fbd2-9751-46d4-a25f-e4becd5ab473,0.5830755387425,216.77999999999997
ade76fcc-94be-43a9-a7a1-959a3fef0de1,0.5812960249802,217.77999999999997
d30cf84e-aeec-49be-a1a6-6452109bdcb9,0.5863475691077,210.77999999999997
2d95df03-2d87-4ffb-92a9-6eaca5416156,0.5858954571557,220.77999999999997
ecadc889-63b4-4817-ab3b-76019c568c11,0.58425063660095,227.77999999999997
a290af5b-dd4d-4178-a7d9-363796a78505,0.5809108109003,229.77999999999997
2239d49f-d961-4b7f-8c49-b1824b72d0c1,0.58908018771425,159.78
2a568e0a-76ef-4c9a-8e63-477715e666f0,0.5803600091597,239.78
85575efd-04d3-4068-9aff-dc37da161ec1,0.5869035069278,231.78
26bd04f9-b7aa-4e3f-90f7-26a6f642890b,0.5887387921451,157.77999999999997
5320d328-1c35-442f-a86f-b72af456d04c,0.5845469781803,197.77999999999997
7c6be147-abb5-4e35-92be-95a78ec7c085,0.58595395839705,215.77999999999997
20f15240-6b7c-4035-aa9b-33573e0bf536,0.58298790049475,223.77999999999997
c76cac51-1b50-485b-966c-0b3e72d9d5e4,0.5803600091597,239.78
629ac95b-7c61-4897-b4f7-3fecddcc1f2f,0.58622486953435,228.78
729ce856-ac9f-429e-a037-689992a60c22,0.5829820867969,237.78
20e68032-92b4-4cb3-aab3-ae46166d0ed3,0.5893179930201,239.77999999999997
362be4ff-e92f-4e38-9e9c-3333231ba195,0.58457282766325,177.78
d07ad978-e811-4f15-bb86-b05c2441dc7e,0.58190743097235,269.78000000000003
b62e1277-4d82-4a81-a3ae-6e61da9a4cde,0.58463806657105,250.78
2891826d-dcd9-4d79-a12a-4b6520dc2739,0.58490545495755,181.77999999999997
3ff83107-ccaf-492e-bc9c-0a90f0b89950,0.58447632861765,204.77999999999997
dda7c147-a60a-43c4-ab52-08d9217e3178,0.58908018771425,159.78
2fcd145a-864b-4af7-8344-b11412fa212b,0.583667264551,226.78
0c1b241e-1d13-49ce-b0b5-28d178551481,0.58415479334175,244.78
c36cd039-abaf-4940-ab81-055d8f03e6b6,0.5887387921451,157.77999999999997
4742e5ee-30c3-4212-b377-cfb234c80eca,0.5838298867241,253.78
3c0bb28e-af76-4ef1-b64d-6e4fee81dc27,0.58358480317765,226.77999999999997
d3d6c454-0222-4892-9b8d-7189ff95813c,0.5833394611859,247.78
645fc61f-0de7-43dd-a8c8-c9ae43d8b9cb,0.58282951213955,208.77999999999997
8fe701db-9f46-496f-a681-944bb11a34ad,0.5827600803938,263.78000000000003
d7fae0e3-a0ae-4d2b-acc9-9d6f647b3831,0.58641843320685,229.77999999999997
942c8ccd-231f-42b4-8cca-bf82044b0f3e,0.58457282766325,177.78
ef783c6c-b742-4cca-bb99-591a315b30d1,0.58457282766325,177.78
e04b9bff-bf98-40a7-b95d-3391893090be,0.5847873259067,216.78
91edeabe-69a6-4586-b75b-0de3b9f6d553,0.58190743097235,269.78000000000003
b4271563-1515-4d74-bf67-fd643725f6e9,0.58490545495755,181.77999999999997
e8c2ffab-dcd2-4c1b-acaa-baf55faf4800,0.58447632861765,204.77999999999997
4e2a242a-2db2-4d87-ac41-cfa30c917d9e,0.58908018771425,159.78
78053870-7fd7-4204-9c11-360ebc3a95b6,0.5857574858558,214.78000000000003
6c615e1a-3351-4fdf-a045-848a14d850a7,0.58486403694755,215.78
41d2e534-7029-443c-9f87-6a51edc2f13d,0.5887387921451,157.77999999999997
e7dc6393-9b2c-45e4-b1c9-55d4edfe6025,0.58355524360505,247.78
7b6850d8-2655-480e-bff0-72e0135e134e,0.58457282766325,177.78
5c0a14bf-1d05-461a-9633-1a8dd5062a5b,0.58426263289415,228.78
67c7c6e3-6ff4-4a7f-8df4-07ec4e1103b0,0.58282951213955,208.77999999999997
1be42d9b-b8ea-4374-a9ef-2a950e6bbe80,0.5833085408985,190.78
d3d5202b-d9dd-404e-bcba-b529d0b5bb74,0.58252273417505,242.78
9d62b41e-f0d8-4e89-a13c-05903b1420c5,0.58212331334795,236.78
b3d1bc8a-466b-4d09-b38a-0e84609fc58d,0.5837518319169,245.77999999999997
bf56709f-000c-4d18-a93f-3aac105f4108,0.5821964459526,299.78
810d409b-814c-4630-b658-1b14f9838ed0,0.58340089098505,295.78
aec44db4-2ba2-4ae3-9b39-6df008317d53,0.5842366360635,217.78
50573c87-f4d6-4f08-9571-48af605b4b35,0.58385630745785,244.78
f54c661c-9224-4c81-9ec0-97b79ab71d90,0.58908018771425,159.78
6da5bab8-1d92-4fc5-8a5a-abbdcaa44fa2,0.5867223853419,228.77999999999997
8f226fce-3ff4-491c-8265-59e78b4d20ab,0.5843464254645,251.77999999999997
30260b0c-d0d7-407a-a536-2bf500d59836,0.5887387921451,157.77999999999997
75103ca5-8fe3-4550-be2a-a5fc49adc84e,0.58591956641095,250.78
c7d02113-4535-488c-a8d4-46f98adb3a98,0.58087910871575,237.78
55f60473-9930-47a6-8540-3e50e678ba03,0.58129952020135,247.77999999999997
beebb979-c3cb-4269-9e0a-f44352f7af9f,0.5875100702612,190.77999999999997
4c504424-3d16-4ccb-9f54-7a7bf3ae540f,0.5849109599679,256.78
3f098286-5029-4932-a1b8-56942c123d9f,0.58447915116795,245.78
7778b186-ab51-4123-9aae-fc1d19277cd7,0.58212331334795,236.78
c4140b47-6d28-4ecb-8d40-7f8f2a41c59c,0.5831184156825,280.78
be5e8b24-bb57-4161-8a41-1fe12f36e49b,0.5846486947732,237.78
de43c13d-42a8-4d76-94cc-3bbafbe3b1cf,0.5837518319169,245.77999999999997
f0237e59-9231-4962-971f-edfbd32d5e3c,0.5842366360635,217.78
a5cabf2f-a574-41d3-a7d7-bb49bced8704,0.58025675121075,222.78
277329f8-5995-4ada-bf0e-089c51859d29,0.58908018771425,159.78
394c5016-8603-44fc-a458-18e503dcfe2b,0.5867223853419,228.77999999999997
e186916d-4dc1-4ad7-98d3-53faced07cf2,0.5837518319169,245.77999999999997
3dc9f58e-7b64-4bbb-98ff-87a339f1a913,0.5887387921451,157.77999999999997
7c267e21-6a3f-4340-8ebe-bc1ca3d0e211,0.58324993465735,264.78000000000003
78c30e58-037f-4f94-b954-5769ef2429d1,0.58212331334795,236.78
e8bb006e-afbf-4554-91e3-56141e70f6ec,0.5837518319169,245.77999999999997
dbd7db2c-1ca3-423c-8240-cefa2251c399,0.5875100702612,190.77999999999997
0475e927-9747-428e-bc88-a5cd85c2c941,0.57991586698585,268.7800000000001
d5a73352-3cd4-4813-a53e-c944d1c88eb8,0.5837518319169,245.77999999999997
2c1b9937-2a04-4f29-a78a-a79da352a44e,0.58424516595225,233.78
3e56015f-db6d-42af-9384-08a9a4e517f3,0.58285062898855,242.78
3f4ced4f-cb45-4eb3-b824-ddeba41de4ca,0.582240814361,245.78
94194ba8-582e-460e-8590-0d826da2837f,0.5818267438729,229.77999999999997
f204da1c-8c52-4051-b41a-10d0fc6da5a1,0.58580711852125,193.77999999999997
2eb9ed8c-d260-41e3-aa8b-0d8f14780cdf,0.5856650264349,221.78
e1f89189-307f-4e2a-a681-433308fc55ba,0.58908018771425,159.78
63d5a464-1acc-4b39-bbc2-d5222defb098,0.58566443676905,228.78
0201365c-26e0-4856-bb5e-a2d42b05fbfa,0.58222683724225,235.77999999999997
cd97b6a6-ef64-4269-8d4a-6f84a3f8b6b3,0.5887387921451,157.77999999999997
c1cce907-7e11-48df-b760-be6548543167,0.5855369610294,212.77999999999997
fcd3addd-c189-49c6-ad3e-3148e9b6d172,0.58247596841435,255.77999999999997
48aaf331-e97e-45b4-8cf1-94e3d8f2cb98,0.58041159924985,241.78
f8fa62b8-c501-45c1-992e-635de6fd5012,0.58556149756635,218.78
d33f5971-fc3a-4a6a-a9a3-e220ddfad07b,0.58400478446905,265.78000000000003
0a764039-2309-40d5-ad1a-5bca32279389,0.58594820914855,269.78000000000003
5edf804a-6229-4457-a6d9-8d9b41d336c4,0.58245007267725,216.77999999999997
8bf31186-17d7-4dfe-8986-dee41a165067,0.58659045194205,240.78
f00c1c63-689f-4ab5-a7d8-8d53ac58ed48,0.58285062898855,242.78
d8f94e3f-9231-42cd-b50b-f0e0913c3678,0.58512313855445,225.77999999999997
367d36c5-0c03-48be-8e0e-cc78961dea3a,0.58580711852125,193.77999999999997
87a65f07-70dd-49ad-bd49-4894fb48ede5,0.5856650264349,221.78
ab6e850a-57c4-46de-b14f-d2ce37789882,0.58908018771425,159.78
198c4039-c22b-4b83-af57-04f1578c1b45,0.58537723418025,242.77999999999997
30241bdd-611e-46a2-9321-5c77527b457a,0.5868381129862,232.77999999999997
371266f8-19dd-4614-88e3-feaf7ddaa401,0.5887387921451,157.77999999999997
1654dfa4-1a73-4d60-9564-18b968f7ff6f,0.5855369610294,212.77999999999997
e234571a-bbe7-4f97-8e97-de159e58c4f3,0.5842833963221,234.78
3e6dbd77-d651-4850-aa64-35ab9097d5b6,0.582699566748,233.78
34118b64-8bc3-49a2-ae8a-fb86e3c7bafc,0.58556149756635,218.78
338ca17c-0729-4f09-9f1c-a66564a2f6ac,0.5846157454716,271.78000000000003
183cdc76-2263-4b64-bd72-fee974517293,0.58407022580075,209.77999999999997
9ba5862e-c330-41bc-a3b8-573537dfd9e8,0.57887032813975,254.78
656fd6cb-b395-4d9e-8e4d-1933355df077,0.58413473508375,204.77999999999997
06693b20-cea7-48b6-8ada-40c79bb5fc7e,0.5857325694427,254.78
874569e9-4196-4965-b1d6-c96550e49cb6,0.5837336500672,220.77999999999997
1e397a3d-9d4f-400e-83aa-fec4c3f7afdc,0.58078832139345,308.78
b42e9e50-9e30-4aed-8de4-c48865ce56dd,0.5837267538249,226.78
144ddc9b-93d3-4a4f-8e28-0b5cf074043a,0.58908018771425,159.78
570d9342-566b-400c-933b-ab7a873e1c0e,0.5840804979131,237.77999999999997
27880249-89d7-46c1-8b32-b14a38d4502d,0.58521286343485,235.78
6f73ef7b-3a16-4b7c-9c4b-836fc609b54c,0.5887387921451,157.77999999999997
cbf382df-cf57-4a3d-9aaa-ae52e08db8ac,0.58457627412165,250.77999999999997
007e1e38-b5d8-4e68-9f46-deb5f2f7610a,0.5845029060814,286.78
d359930b-07b6-492a-b694-7c6303fbca36,0.5842885703669,230.78
821a1421-945e-48f1-b759-9f5de958918c,0.58254280884455,224.77999999999997
04f59ad8-5783-4601-9fea-30cb55afea93,0.58444202533235,226.77999999999997
9afa66eb-db66-4e18-b4db-e87a14499778,0.5877568757663,229.77999999999997
2897b0b1-4a8e-44e8-b07d-78904c299cbb,0.5820723427187,252.77999999999997
2a83ad96-0f5f-4033-8d74-9f3c1d7f137b,0.58413473508375,204.77999999999997
683f0a86-1cfe-4b25-867f-92df95bada73,0.58285755765515,216.77999999999997
1fbcc212-4064-43c9-b92e-949e1cd6c7c5,0.5837336500672,220.77999999999997
f6c14705-c340-4212-b49a-381a0fa752cd,0.58302935228965,251.77999999999997
b8933473-9075-41bd-9d90-a56a9abf2676,0.5837267538249,226.78
65b482a5-2f5c-45ba-ae96-69ef4c8abb2b,0.58908018771425,159.78
b3d1c66c-ce23-4891-a110-0690ffab4fe0,0.58413473508375,204.77999999999997
5cb8b489-d500-4132-9e00-8fb56e2b46d3,0.58167941181215,268.78000000000003
78d63b20-20cd-4528-b983-e0ab07f15f48,0.5887387921451,157.77999999999997
ef0ef00c-fd7b-46a4-b872-7ba12d0b3866,0.57887032813975,254.78
e80ec797-d6ac-4501-a4b9-ff002e34a3ef,0.5843886314439,198.78
5b33076e-eac2-4978-ac4a-5a0b90b5f813,0.57887032813975,254.78
7ca5c076-25e8-4a7e-8c2f-307f486ef9e9,0.58254280884455,224.77999999999997
5536cdbf-759a-48e0-acb2-acc558fdc6bd,0.583035188725,265.78000000000003
b9afa531-3619-46a7-901b-e1cbbf715477,0.58439919867325,230.77999999999997
b39effa9-af47-4e81-8fcb-c5c75aec38b6,0.58648641479285,199.77999999999997
6bf82054-ed46-4d99-9cfa-c55353dc7270,0.58369611589075,228.77999999999997
22fa6dfb-3905-40df-bace-a4488b7b5e5b,0.58698710907495,174.77999999999997
d76a0c40-84e4-4bb1-9ad2-078fdb962286,0.58334622704755,266.7800000000001
f7306f96-d2ad-47fe-baa3-2c12487637ac,0.5832001576756,239.77999999999997
0995f67e-7228-4193-92be-ce9a5d6a4258,0.58518827880215,247.78
6847fdbb-e14c-4138-9401-104398a559cb,0.58908018771425,159.78
d978a749-78e1-4718-bb04-b23d00f2bc70,0.587286950184,244.77999999999997
453d8b76-d6d6-4162-853c-5fead30e6701,0.5825336160448,205.77999999999997
be95541e-0e4b-48fa-bafb-94587c20b298,0.5887387921451,157.77999999999997
c656225c-9ea7-4ba6-8cc3-7754383866fc,0.58496998227665,227.77999999999997
e796dea6-f131-4b9c-87b3-1dbe89f64713,0.58431010406975,215.78
0e12e7d5-2cbd-42af-8b0d-75c0aa73f02d,0.5859010262072,230.77999999999997
a84835f6-d5e1-4087-9a3d-cff9de88567e,0.58214476620255,231.77999999999997
fe6489dd-3521-4466-9fab-a9ea982f52ad,0.5853536169172,263.78000000000003
6b90812e-62d5-4a19-b670-e8858619c415,0.5835908454227,239.77999999999997
510f776a-dce4-4ef8-aca1-005f7a727f73,0.58648641479285,199.77999999999997
186eeec7-2aa7-40b2-beaf-9ab64499626f,0.58366968759065,244.77999999999997
9ec9da21-eecc-40a6-abb0-bc4327120ea8,0.58698710907495,174.77999999999997
df42c0d4-2704-4b04-8554-f0ba82a4f69d,0.58734522936845,273.78000000000003
8273b93e-7a57-44cf-82be-9d4995b7cc21,0.5902136145304,171.78
b935ef4f-9999-4a62-8558-e78ab1ca3184,0.58772917952705,172.77999999999997
46ee0da4-b57b-419e-83aa-f4bd45aa8836,0.58908018771425,159.78
24fe6c14-bde1-48fd-a805-12ba463b0d0f,0.58694835784385,215.78
c4e55e34-1d7a-4ecd-a66a-9aafd77658bf,0.5825336160448,205.77999999999997
3e38b231-f056-413e-940b-f25d503ad30c,0.5887387921451,157.77999999999997
2352fcfb-4c8c-4be1-a6c8-625f888ece7c,0.5863733837802,182.78
eab79dd0-e0f2-4424-8853-e3769fc6cdc3,0.58431010406975,215.78
4db6615f-ee60-4a42-8a3a-3f01ce21b2db,0.58492483758265,211.78
d1df40ce-b581-4aca-8176-fdb46feae64e,0.58573142550055,162.78
dc778b00-04d7-413b-95dd-bc66eca9a803,0.5855682515277,218.77999999999997
1e870187-16b4-4204-a2af-73d5e994db87,0.58698710907495,174.77999999999997
afc5d99b-bcb2-4912-8ffa-1a3531de33a1,0.5825671441228,202.77999999999997
21a8e59c-e381-4328-b9e3-6fe20def3f1e,0.58382017548835,256.78000000000003
612e354f-7922-4b41-8a08-613f10778f07,0.5859756610209,245.78
39e109e9-0254-4e16-ae5c-31c231d7a40e,0.58587251974825,204.77999999999997
4d459f43-0a1c-4109-98a8-d4a6285de64a,0.5864320687855,216.78
36b5c7f9-f6fd-44f2-ade5-558d7b456dd2,0.5868074406628,229.78
0ebdf8af-93e3-4d6d-ad4e-7ee722c3f193,0.58908018771425,159.78
de8a3feb-7074-40a9-9a58-e5bd5d5371ec,0.5832611324906,312.78
9a9d6ab7-812d-4280-8a00-97c26b7f6b86,0.58627019468245,248.78
4caf9c6b-734d-4cbf-98fa-311ebb7b71fd,0.5887387921451,157.77999999999997
9d67eb94-783e-4770-8a0c-6d0f9fc5a6c7,0.5881172642713,228.77999999999997
b2d3f6d2-4f1f-4e64-8ece-1f4f2e1431b4,0.58603753440295,205.78
ce94ffd0-ce88-4169-9121-b683ece1ab49,0.5853002738732,209.77999999999997
27485e31-2497-4ad5-9a6a-8e5f3158897f,0.5844004883697,232.78
367dc343-8da6-43fb-8a35-b45f237b1040,0.58366069765075,210.77999999999997
aeff65fa-4099-4369-b8a8-7ad2a4720814,0.584999483443,239.77999999999997
456920e3-eb0d-473d-89d6-fafe24f49050,0.5825671441228,202.77999999999997
f9d5966b-b980-428d-b881-a8eaa6691e6f,0.58423455563845,202.77999999999997
88dba1c9-53f3-46de-8dcf-b2065a59ffa8,0.5825671441228,202.77999999999997
e2d344d1-6f46-457f-a140-618c877b1ca5,0.58587251974825,204.77999999999997
bb703d1f-325a-45bf-b856-4d42cc4b35f4,0.5859401526085,226.78
67ba8740-6dad-4cf5-8432-cbcd679847ef,0.5892422545329,202.77999999999997
ce1e2743-7869-43af-9441-d671d6f5c7c4,0.58908018771425,159.78
a1102dfe-7f62-433c-8839-755deb617764,0.5825671441228,202.77999999999997
f817f073-9a22-45f2-a8f1-1ddd9e6c4351,0.5843076713968,215.77999999999997
b204c4d4-23c8-41f7-b15f-a77d10532cd6,0.5887387921451,157.77999999999997
8fa79a99-8877-4c15-92ba-3c6258c10adf,0.58382017548835,256.78000000000003
404538d0-6629-4c76-8b8c-f2cfe32fb0b8,0.58603753440295,205.78
ee6ec609-74ec-4d10-8910-c252e31e9f50,0.5825671441228,202.77999999999997
b6d40d63-507a-4da9-b996-a8b3eab508cc,0.5861044941305,214.78
b10d188b-4aa3-476a-9b6b-e730544f6369,0.58366069765075,210.77999999999997
840a3c75-1e9a-4818-8473-634b12509a27,0.58579117969245,257.78000000000003
e28b5c61-1875-4e97-a2eb-9c47d51c6dac,0.58193923245145,222.77999999999997
d2b90b8c-cfd6-4804-ba20-9c7d7faf35f2,0.58463070587355,196.77999999999997
4b5d37fc-eddb-4fc5-8bc4-db90dfeb89e2,0.5820507843075,223.77999999999997
06ebb109-fd02-43f1-ae1d-06ec6bcb33f9,0.58208310201345,266.78000000000003
fdd3cf12-ad92-466a-8ff6-01e4f697485e,0.5816184515983,220.78
89224793-ae82-44b2-92e2-f33c8def144e,0.5874909247606,227.78
598be71d-9bd0-4a14-95c4-4baa0e51b6e8,0.58908018771425,159.78
9d4d68c5-1e95-4264-aa40-8a9cc196643c,0.5824050642943,265.7800000000001
66675369-2a92-43d9-80f4-a810e50fb336,0.5825857643549,223.77999999999997
2bad9624-b30a-4650-b2d9-08f2f564e24b,0.5887387921451,157.77999999999997
a0bd51bd-ab52-4b36-a51e-a745cc2e9792,0.5832894963237,239.77999999999997
813a674c-82aa-45f3-aa05-df215b8088c1,0.58480312841915,222.78
e203b2c5-5ee4-417f-b383-58d98fef9082,0.58585791873675,231.78
36f587f5-0fb7-4d69-8961-c8df0b42bb44,0.58378275346265,277.78000000000003
30ebfdb4-7316-45dc-b70c-bb52572742f8,0.58448666771195,213.78
c49cae99-a9bc-43c7-baf3-e4e0424e1cbc,0.58381405613175,232.77999999999997
dedad73b-3a0b-475c-8c7c-c032207594fc,0.58193923245145,222.77999999999997
441f07d4-3a80-40b5-9478-ad512219891c,0.58463070587355,196.77999999999997
25579f5a-7239-4437-8389-6d1552ee4212,0.5820507843075,223.77999999999997
f002f5b3-05d5-4f99-a6e5-8a358b4b361c,0.5820507843075,223.77999999999997
4db8f95a-24c4-4d65-844d-9bbac7b55f35,0.5816184515983,220.78
6ad88884-d4df-4bdb-903a-6cd73cd7dc14,0.5836139561736,205.77999999999997
36cf584a-9ded-4ae3-8f5b-5fc681cb78c9,0.58908018771425,159.78
5b2bd487-f9f6-4872-870e-4b07626636ea,0.58378508283565,223.77999999999997
7ba35777-6048-464f-a63c-43c028d54e40,0.58639308854405,220.77999999999997
a1a661b8-8b0a-40cb-ab17-8a5d8b64b827,0.5887387921451,157.77999999999997
f0e15cd1-6c15-43e8-ad8f-a28c72864853,0.58356427653525,204.77999999999997
66d783de-24b7-4b0b-a7cc-2b14feb9ea47,0.5833033454356,199.77999999999997
a6d6584a-6c30-4ab5-b642-af0d53928c2b,0.58320941114015,260.78
02f6a429-7dd9-4d8f-b8d6-52b9bc8b8a8d,0.58375037872125,224.77999999999997
e92b19b6-25b9-42cc-a177-258f7365ef3c,0.58448666771195,213.78
0bc30def-5ae5-43ef-b21c-e045c4e465b2,0.58295701987115,212.77999999999997
2f16473c-8daa-459c-b88c-7e4365b9fbe0,0.5837643604575,231.78
e76fe6f1-e7cc-45c8-84a3-338520af2bd9,0.58445823661725,243.78
882b0361-6d1f-41a3-af34-da4ed79cba73,0.5791737695196,264.78000000000003
36ff71e3-39fc-4e4d-b718-ae6e63aebe14,0.5882133775521,253.78
b75c71fc-65e6-4b28-ba8c-90b31cde5da8,0.5827951638839,254.78
85a64b41-d4bd-4959-a4c6-dd52d784a41b,0.58337386621045,247.78
604737cb-d8e2-4826-bac3-83244db103a2,0.58908018771425,159.78
48cf894d-8b01-40ab-a616-bd6d0c60376b,0.58342108311405,213.77999999999997
a205105e-1373-4869-bc05-ffa6f33ff022,0.5823382192643,253.78
b8fc2882-cf2d-4fe8-bedd-c9a374b0fdb6,0.5887387921451,157.77999999999997
79dfc231-b46b-43e4-aaa3-674b6413e96d,0.5797104523143,252.78
9b2a58b0-ec92-4105-a389-aed86cb6a355,0.58206435796055,213.77999999999997
4aa4a62e-3c90-41f7-b48e-141c4ea64b44,0.5816493735822,242.77999999999997
4b867843-1a40-4218-8dde-5f48200b0b16,0.58446106479975,249.78
9bba7abd-5d95-47d5-bcef-44f52e97c8cb,0.58770857923415,258.78
f05d30e0-0e9c-4486-81ce-c1b6521087b6,0.5837002752859,237.77999999999997
73bd13db-1a28-4e60-ab04-6c10f597d3d6,0.5837643604575,231.78
66e180b5-4f7f-48a4-af9a-17a8833e0b44,0.58445823661725,243.78
56b5506c-b39c-4832-9074-4db3a9321881,0.5837643604575,231.78
21a54fce-7a33-48bf-8012-8cda643f46e4,0.58562533653135,246.78
2c655fd9-149a-4f80-83e2-667ae62f6f0b,0.58445823661725,243.78
048beaaf-c6a6-4703-9ae3-136341256cab,0.58298053109785,265.7800000000001
139fb5c1-f2d3-4bc6-91fe-6c6ffbe8746a,0.58908018771425,159.78
0047203e-369b-434e-b981-9e7ff5fc1a30,0.58342108311405,213.77999999999997
193084bc-5927-4532-9261-b01cc6e30173,0.58428553306585,221.78
6e3514d7-bea5-4f7e-9c94-8e6f8ab252ea,0.5887387921451,157.77999999999997
9ee66b90-5873-477a-b417-1a246189baff,0.5853949447119,242.78
eec41cc9-675a-4f9e-aee5-6964290fbc43,0.58206435796055,213.77999999999997
957585f6-9527-479e-9c00-78b9969cbce3,0.5827510381616,226.77999999999997
9c65aaba-a147-4a33-bc4c-e3505e5b583d,0.5844331859278,214.77999999999997
c61ef565-16fa-4e17-805a-5e8c8654f3a7,0.58285622450375,207.77999999999997
d12c299d-8ca9-4eab-bc6b-f354c5dc24ed,0.5837002752859,237.77999999999997
2f886417-9a88-42aa-babd-e18eda133f83,0.5868758732119,187.78
bc4bd434-da0d-4c5c-9b13-c1c57467a515,0.5837296064552,241.78
caf91786-fe77-40b7-8df4-f82007b020cd,0.58743245388975,221.78
6f5aba96-ead4-4171-8070-f17068d41ec3,0.5887213034827,206.77999999999997
6b15e27b-66ff-4f55-b5b0-375a91a9967a,0.58308926166005,234.77999999999997
42cb158a-522b-4c2a-b2a7-922dadf24dd0,0.58642066054,220.77999999999997
d1f237a8-20fe-462d-ad8b-a21d18965cea,0.58908018771425,159.78
b5f79a74-c186-4482-9b41-145d572ac1cc,0.58498149695655,237.77999999999997
1dae53e9-c81c-49a2-a71e-46d9882b9e1a,0.5841253548948,222.78
0cbf683b-3f51-49b2-8026-ff26c8be18ae,0.5887387921451,157.77999999999997
be57cea2-42e0-4c8c-828a-a3db0a240cb0,0.587419625678,222.77999999999997
0f021eb9-0baa-4c74-8de0-44f5626edbc5,0.5880723419017,209.78
a75800a5-c010-4a83-ae3b-5ccc3c1147fc,0.58387611279515,266.78000000000003
8ffeaba8-5d81-4184-8832-c71c84f5da1f,0.58410438349715,214.77999999999997
894ce054-9f45-4165-b8bc-a3ceb38cc082,0.58507847921065,211.77999999999997
809e6f98-d615-4b11-a1fa-87472e51fbbb,0.58366960924075,250.77999999999997
81fcc922-dc0f-444f-99a0-56c9e3511221,0.5868758732119,187.78
379b9f75-0839-47b5-89f3-425a18276785,0.58620813858565,228.78
6ee2f69d-da53-430a-bab6-1124348f66a9,0.5837296064552,241.78
4f4b497b-181c-4e04-8d57-dfe376365083,0.5887213034827,206.77999999999997
09c96601-6c61-4ecd-ad42-3353c2b07942,0.59058151369925,186.78
7b2b2fa8-fc03-439c-8632-f8f3e71da51f,0.5868758732119,187.78
d3e0bf64-fed0-4189-abed-a663abf66c2a,0.58908018771425,159.78
84221ecc-b6c1-4663-a480-6a70ed23b66e,0.5837296064552,241.78
04d4b954-8531-40eb-8c1a-c8d6bac09600,0.5882132781508,194.78
a7747f14-3513-4665-bc74-7ae51a70b23f,0.5887387921451,157.77999999999997
daaf28fd-4791-4d51-9683-86f40a64fc39,0.58865102200805,199.78000000000003
16ee77a2-cff5-414d-9391-61c277d9659c,0.5880723419017,209.78
37638b0b-df15-4478-88aa-2d580f095be9,0.5863876254056,195.78
5bd118dc-027b-41c2-b358-e1d0c9a10834,0.5837296064552,241.78
f9a3991e-8181-4a5e-a6fa-e5660ea57d63,0.58507847921065,211.77999999999997
04b80332-2bb1-4692-ba63-5c0244e3203f,0.5837296064552,241.78
e0ccbbc7-8e39-48f5-83b2-0b9d7a7f83ef,0.5880997362687,252.78
c3002e1e-d203-46ae-9159-1a76e49df94e,0.58546986377945,239.77999999999997
da494947-0579-43d4-9d14-fade8b6d0e88,0.5850161339045,246.78
88de0657-748c-4704-9bc6-7c0a2af28686,0.58297768571965,244.77999999999997
f4891ace-d5fa-4ac8-852c-7eb67dfb7474,0.58395988595455,242.78
297ff818-c832-4e68-a68a-4e8aa666e2eb,0.5862914255718,207.77999999999997
ffe9517a-b7b2-448a-8438-d1c3aab541a8,0.58908018771425,159.78
d4a9b97f-4b6f-485c-a127-b5833e7b25a7,0.5839304917324,249.78
23e8105e-3fbb-412e-b07a-399d1c52d042,0.5853755210971,241.78
57e1e90c-7db1-46b0-b1c9-21df69dc676a,0.5887387921451,157.77999999999997
31caf22f-0840-4026-a883-f00b9eb992bb,0.577204532902,285.78
338bf720-99c1-43c8-ae49-153a2326d8c1,0.5816212198692,252.78
4c58f775-4280-4e68-8a6c-1fd93ff17e93,0.5856965944923,229.77999999999997
166e6d24-97ce-42fd-abde-e8046a9eef4c,0.5831353935917,259.78000000000003
d47bb405-08a9-416d-b5b0-6a634d43c4db,0.58217000115405,222.77999999999997
a62bafe9-88c3-4e0c-882d-b6f365eb37e2,0.5852009721086,253.78
05460348-9425-4785-94fc-839fb31c40cb,0.58546986377945,239.77999999999997
fe562ccb-45ce-43c5-b5ff-f4c90f362fc2,0.58546986377945,239.77999999999997
8c3e5d6c-417b-454b-a6a8-3682a383fe81,0.58384683298075,231.77999999999997
b12e335b-ae59-40b8-ba0e-de5b681e18d9,0.5859211282352,244.78000000000003
c03909ef-3622-40d2-9257-33b5ea0cbb42,0.58205679651265,235.78
c0dc4cdc-a33f-408a-88fe-382cfa29b566,0.5862914255718,207.77999999999997
1202f8c6-4abb-4f7f-bf2b-3abc5a3d3ef2,0.58908018771425,159.78
0d54ae66-d8f4-4cab-b1dd-dc2b1a91e00c,0.5840708401194,224.77999999999997
b8fcfd2e-eef2-449a-8da1-548d298a7f41,0.5818697952529,251.77999999999997
94244ba3-3754-4cc1-84a7-40ac577cc5a7,0.5887387921451,157.77999999999997
0928c8f9-42f4-4522-b7b9-7382e1b5fffd,0.58336338060065,255.78
052061be-453b-4c97-ba27-923cc0a80a61,0.5872167421516,224.77999999999997
0453ee72-8164-43d1-8014-962b5a2d5834,0.5856965944923,229.77999999999997
493ae0b7-9201-479b-93a7-5e03c35144e9,0.58328137039835,239.77999999999997
bb400138-43d0-425e-a17a-ef6e30f087ef,0.58217000115405,222.77999999999997
12a84f80-070e-481d-a14d-132c4347500c,0.5880997362687,252.78
7019cddd-8ead-42ed-98ab-09a848ee3d09,0.58608960172555,233.77999999999997
d9f2fa03-de07-48c9-b285-e8203adc664a,0.5870793535884,247.77999999999997
263f59f1-b75b-4504-bd81-8f23965de3a7,0.58862514234505,287.78
ba98110d-19e2-4c30-955d-2a4324c1f3f1,0.58343191721795,272.78
66e41750-6e58-4143-9cfa-f94216ce2873,0.586319910393,237.77999999999997
866e15a6-c3fb-4df7-a9bd-d3642ddc4cf7,0.5849416153104,243.77999999999997
96d5d1f3-eed0-458f-a53c-9212e015bb8c,0.58908018771425,159.78
0910e3db-7838-4ec9-a7d8-c340a9e2d57c,0.58228764181595,236.77999999999997
6d2cee80-6fc7-4f7f-b85e-0a0283b121f8,0.5842422283531,199.77999999999997
896282b5-f52d-4a66-a351-cfab0acddd35,0.5887387921451,157.77999999999997
28e73254-3207-4ff8-b88e-492ffe965c04,0.58361687008745,213.78
9ccb1135-4c20-4efd-86cd-37bfebf42aeb,0.58412962075845,242.77999999999997
747de2d2-3302-4116-b28c-6ad2640ad5c6,0.5826631889146,187.77999999999997
26a23b5b-ac8a-4107-abb6-c79781fde4a8,0.586487968253,244.77999999999997
2ffb958a-a379-48b9-822d-589a16816bfa,0.5865035392996,234.78
2c6dac3c-9e15-4234-b02f-bb4988444e71,0.58355777058,258.78
bcf76575-3724-4176-a5cc-160829d80d48,0.58608960172555,233.77999999999997
143c4494-eb57-4952-9a8c-2c7038ddd5e6,0.58464586797065,263.78000000000003
a9c46105-fa1d-4c6d-97ae-b560350e367f,0.58581092714675,279.78
24092e1a-19cf-47e7-ba47-846245d7d56a,0.58420288273835,258.78
b5d9d148-1e04-4e21-a750-f35aa95217de,0.58434557402095,284.78
acc2a96d-7f60-4fca-a09f-c701272c8658,0.5888776614449,264.78000000000003
b6faffab-5311-4d53-bae9-21f4b0473020,0.58908018771425,159.78
86039cd1-8004-4c9c-8531-f9ce6fc619e0,0.58519025991685,251.78
d847fce6-c632-4a69-a75f-f3d306494b6b,0.5842422283531,199.77999999999997
b75b8a08-2267-4c0d-b1e2-73b7dbed3c13,0.5887387921451,157.77999999999997
82556bc0-4a34-42bf-982c-f87996f8fec9,0.58361687008745,213.78
b0df542d-dadd-43db-8cae-3f42f570cf95,0.58935970505205,278.78
b9111df6-ef61-4eb5-8609-684888a65d27,0.5826631889146,187.77999999999997
de2135bc-5c3c-4330-999a-438f29c1c3ef,0.58512694785765,256.78
4ef7c7b7-8a8c-43b5-9ca2-a494c326b77a,0.58051670304185,276.78
73a29a74-df3c-441a-b00a-39fe3c3164cb,0.5870793535884,247.77999999999997
073011b3-890f-4849-b9fd-b2b4c8fc146c,0.58453829509585,238.77999999999997
2f21924a-2cc9-48ab-b343-84519f5697cc,0.5879371181635,230.78
e7f41f0d-9213-4f7b-9d91-2228dc8d5c63,0.58352242795345,219.78
ab9e2ef6-3f98-4174-b365-b03675cce8a2,0.58371661101715,240.77999999999997
2f27e6f1-f2d3-4cbd-b876-65cfddd0110a,0.58457013380725,215.77999999999997
5c26c78a-2d90-471e-8308-d0dc84d42a9b,0.58411527775995,223.78
ae4cf9bf-1d13-4ad8-b34c-93e339c866e3,0.58908018771425,159.78
41d4d26b-1d95-424b-9b98-4a6f6a0d6b23,0.5858024297338,215.77999999999997
47eebc19-a493-40c1-9966-633c09af5c33,0.58542819399725,220.77999999999997
4ebf1b96-35f1-4e00-b464-f376b39b881f,0.5887387921451,157.77999999999997
831c5e61-9aad-402a-8c25-e5bb3573eecb,0.5853715948089,198.77999999999997
ad009cd5-b134-4159-9109-d705e156deec,0.58841971464425,296.78
2557d82d-3044-4126-84cc-caf9debf46a3,0.58007516808425,256.78000000000003
171b1b5a-8c4a-4250-a2c6-6d51259b238e,0.5849156831502,203.77999999999997
b6ede74b-1543-4cbc-84dc-5b462b5bb6ae,0.58208784285805,209.77999999999997
662ddff1-7de7-46e7-b434-969a7515671a,0.58567819462785,219.77999999999997
eb068ff2-1ee1-4450-ac8f-f81b4110a03f,0.58523657324605,177.77999999999997
09f3f91f-75f7-4bc0-8816-0cc89aa32806,0.58438811965075,226.77999999999997
2666bfb3-5b36-4a37-b50b-f43cbb720215,0.5799710755966,238.77999999999997
3612d921-02ed-4b3c-bfc2-ec98d12566de,0.5865268182435,245.78000000000003
c53a3d4c-e1d8-4c34-8df4-deb9e5bfff46,0.58457013380725,215.77999999999997
f59d9bb3-db56-42da-ba68-080a3d855186,0.5819347569624,233.78
d4ef3b19-698d-41b6-9e96-0ec11515cf30,0.58908018771425,159.78
14841aca-348b-4c40-9d59-a66bcbddd103,0.5879371181635,230.78
fc96e497-f08e-4a42-948c-4ad3d51ecc9f,0.5862973213035,217.77999999999997
4b586400-7590-4ef5-ba4d-fc7e919b8055,0.5887387921451,157.77999999999997
dcc72fd7-20d4-4ac5-8587-31a3d94907c2,0.5853715948089,198.77999999999997
6edc5054-9a7f-4757-9ad8-c07d119e77ae,0.58585238939345,187.77999999999997
e10baa49-f82c-4516-9681-4d86fcb4acf8,0.58214570810845,244.78
33d8aa38-2ba3-41d7-b18d-7614d0c13c5a,0.5849156831502,203.77999999999997
7ad7496f-6570-420d-a5f9-19bf983db2aa,0.58208784285805,209.77999999999997
4aa35c3b-a22d-4c6a-9644-a00066a1307b,0.5861480671359,243.77999999999997
5c8ec70d-507c-40eb-8bc8-160dadeacd8a,0.5838858635197,213.78
324b671c-901f-462a-a65a-38dd57f8df14,0.58226019976735,264.7800000000001
e27bc19c-4683-4ff5-9cd1-4bad408cd8f6,0.58364805015715,243.77999999999997
657efd03-7711-4a98-a608-6c3346200d98,0.5835584695756,270.78000000000003
67fd097e-6e7f-4e7a-ab6c-7339d04b7628,0.5865741825141,226.78
b66e415d-3593-4f75-b1c1-73e926216840,0.58824995117705,256.78
1beb2e35-0644-4f00-9cac-032609f3b104,0.58908018771425,159.78
fed66d72-9b1f-4518-ae3f-2aa399a2e009,0.58440889231475,229.78
6d5e5baf-06b0-4b48-a0ae-c3e920fc5295,0.58295215150835,234.78
6718f1fc-f619-4467-b351-ea237e308354,0.5887387921451,157.77999999999997
41a4c05c-83c7-4252-a210-1faa30fa1ac8,0.58551198697475,217.77999999999997
494fd240-02b6-41df-baac-9b63f093b8e0,0.58458070380585,272.78
c94d0cb0-67d2-4956-a584-9c08ca4a67ba,0.58206956129855,238.78
3d80896f-3bd1-42d5-a469-10fa7aadd05e,0.5852931335485,234.78
615ddfce-a593-4333-a291-ff9d748d4050,0.58141071092395,248.78
a387f43f-4f73-4d8a-a4f0-a73541e08684,0.5834617852536,230.77999999999997
ade756c1-29a8-4d7e-9625-75a00bdbd7db,0.5838858635197,213.78
0d0b1b63-4835-4d8b-a4ee-02bfc9d46e40,0.58674912251705,240.78
d89fa607-842a-4754-a175-f6e73284ddb3,0.5857505665435,243.78
da09a9e0-fb82-4e13-8a74-21b22a690762,0.584986654358,252.78000000000003
9fc448b5-f18c-449b-95b2-db12a668a62e,0.5865741825141,226.78
45d7ad83-4d34-4878-8ba9-308c63bf9443,0.58226019976735,264.7800000000001
09e67ed1-0883-44b0-9232-e6ce46f0cf4c,0.58908018771425,159.78
6a336b87-2eaa-4862-adb3-c5d1ec3ee02f,0.58440889231475,229.78
49ff39b8-d249-480c-b02c-00c312d96458,0.5838210925396,229.77999999999997
bd3d931a-ea41-4ae6-8708-e6666165dc97,0.5887387921451,157.77999999999997
35c35633-fc9f-48c9-94a9-d74f44c12e8b,0.58551198697475,217.77999999999997
348f8cff-1eba-4f4a-99a5-4ddf5a1a9215,0.58715107478915,199.78
d11baee0-12ab-4d6c-a1fc-4b1a1d1a3eb1,0.58226019976735,264.7800000000001
5a533da2-3e5d-419b-8549-a41e271f1c0d,0.58452537277335,215.77999999999997
cf32a84c-7395-4fd3-a811-e49b110b426e,0.58226019976735,264.7800000000001
33e8c1d9-dfe0-4c2a-b30f-5f5d9db38f9d,0.5863356572008,202.77999999999997
6efd5c85-f086-400b-8a38-2559a6abae8f,0.58321268484705,255.78
3e7b988a-2340-4953-9677-9aa30c681559,0.58412898267065,213.77999999999997
9c0ea4d0-8e10-4025-9606-2eed9eadea84,0.58606108212315,208.77999999999997
abed6745-5743-46c6-bf3c-ce92308afc5f,0.58765358818695,245.77999999999997
151eb29d-edbd-44b1-9fa3-b05e8e20b492,0.58666287855915,220.77999999999997
d61f0a03-870f-4e78-8bf8-3492a53898da,0.58399926768755,226.78
498fa193-18b7-4304-87d2-8a31479ec7bc,0.58908018771425,159.78
36f21828-879d-443b-a602-fd22068a6468,0.584885470574,195.77999999999997
dcd40865-4eb9-4b44-bd97-56284a018f68,0.58500081088395,208.78
49e8b0ce-fb95-45ab-976d-5529d058a18c,0.5887387921451,157.77999999999997
b28a5366-445b-4b0b-b391-e5457f63984c,0.5845254992201,245.78
2cff2013-a966-4059-b400-de01146ab1c2,0.58326943595575,237.78
ce4f45f2-1e59-4e79-bc1c-f5c388c235b7,0.5837219994691,248.78
e21f4ce9-7e5b-4906-8094-50b1c2d24345,0.5847589644045,219.77999999999997
ef6fcb83-4f7f-46d1-923e-01ac0228ed45,0.5830261009443,216.77999999999997
089d8039-d27d-45e3-9662-e4913590c2cc,0.58429191261075,229.78
b9959733-14a7-4066-9ffd-8de7953c8e7b,0.583845666762,223.77999999999997
3e8760b6-1f70-4a24-98d6-d7afa5fca1c2,0.58412898267065,213.77999999999997
03ed89b6-2429-47df-8b86-7099dcdd94e4,0.58606108212315,208.77999999999997
559734d5-ddd8-4485-9e6b-52373deec92a,0.5830322465994,229.77999999999997
c0b6bf15-d9d4-4dde-a48f-eb5836f434d9,0.58754827608595,215.78
949e2f55-7b60-4e06-b1e7-82ebfb6465c1,0.58274654115175,235.78
071727ef-b012-4212-b53f-a7d98a41d6db,0.58908018771425,159.78
475c1c14-3ae8-438a-8555-c5cf0ce38751,0.584885470574,195.77999999999997
7208a85a-21aa-4090-a5ce-cce618117222,0.58500081088395,208.78
cf170c7c-3d5a-4e81-87f8-bf0fd06992bc,0.5887387921451,157.77999999999997
7de0683b-2c8b-42c6-bb6c-2dc60e6f365d,0.58412898267065,213.77999999999997
86bdc26d-b087-4bd3-a3ee-eba7e949f2c8,0.58412898267065,213.77999999999997
6c042545-f984-4d5d-b639-f9667e96d403,0.58613399769325,213.77999999999997
41b3b537-c04e-4bfc-b681-db9d616a6d15,0.58412898267065,213.77999999999997
434bcc8a-c56e-4f9c-918e-87797e7a936f,0.5811627108766,244.78
47dea2d1-7cb5-4c70-bef2-198990d33440,0.58447827658055,207.77999999999997
015dc5f7-60a4-45c6-a83a-9a3b4ac58be8,0.58329968971965,228.77999999999997
7b5b1640-1fac-41ef-afcf-abbd5b3bbf67,0.5820105709909,230.77999999999997
bb51ab36-813d-4481-bee2-4d94f79296bf,0.58395907390105,255.77999999999997
25327bd4-09df-455d-889b-6b95ee416749,0.58363919228375,249.78
15000108-9214-4c75-ad25-fcf30ad0848a,0.58331253682615,279.78
6a63b85c-da5d-4a86-ad14-dc01ac7dda7c,0.5836196818096,290.78
66700003-386d-4d16-8f45-253d45891a36,0.58908018771425,159.78
e14f9751-8f34-4151-b1fa-a64cf60b947a,0.57811568675865,255.77999999999997
13eeaa19-5c9d-41c7-9ad3-ff17b8096193,0.5875666875703,239.77999999999997
76f01ef2-4f6d-4d3a-806a-844fed3b1c8e,0.5887387921451,157.77999999999997
c72ccba3-8878-4193-8858-38782ffab3f0,0.5839075804346,207.77999999999997
e21bd1bd-eb61-40ca-ac82-047487a38f6f,0.5872886712718,239.77999999999997
29b2d812-b13b-4a73-9898-1a9c3499d7c9,0.58735497064095,213.77999999999997
90a85b4a-2160-49a7-a7e1-731630948db8,0.58546847350395,213.78
baf7e28d-cfd3-4e6c-8c88-89b4234e6d42,0.5829242168683,219.77999999999997
65ed8a64-04e3-4800-9f4e-64b07a4a4bb1,0.5839905190342,256.78000000000003
6d57de6c-c1f5-4ec5-ada2-021f3bbd3e12,0.58587099716045,240.77999999999997
75db3744-538e-44a9-8c06-41c2ba70d897,0.58244238875635,277.78
b5c08a31-a181-45d6-9f53-c95e48794ebe,0.58329968971965,228.77999999999997
c7807db7-a648-4040-864c-257ddd02e95f,0.584023143221,265.78000000000003
a66f2463-7829-4913-8931-c0c530e69f15,0.58426004339225,240.78
eb82e6be-272d-4380-a122-43a8a54751c3,0.5820105709909,230.77999999999997
df9a4d81-3ff6-4622-ac67-c09072b94132,0.58908018771425,159.78
5eb2e63d-4aa3-4fe2-81f8-7bbb9a14918b,0.5816208043461,267.78000000000003
f84fb4a6-ec86-4220-b214-51c4bfe7f901,0.5865842451467,228.78
aa7ef04d-66f0-4104-bd53-20940d5f28ce,0.5887387921451,157.77999999999997
d8d778c0-63d1-45b8-a877-1bede04abea3,0.5839075804346,207.77999999999997
7d50a4c1-4f51-4c0c-94f5-8d934a08113f,0.5820105709909,230.77999999999997
5aad21cd-c0d4-4cd5-80a0-a3dfa33dbd85,0.58735497064095,213.77999999999997
bf204dbb-3869-40c9-959a-dbbf13b01ea9,0.58546847350395,213.78
1b66f774-32b8-4446-92c9-35e360da85e6,0.5829242168683,219.77999999999997
f7f7d6d9-6589-4282-b2d4-a216470d4aa4,0.58395907390105,255.77999999999997
5db622c0-0f64-485a-a48d-2b6e84c0c225,0.5845290955227,284.78
fcb235e4-e9d5-4d79-964b-a761cf285597,0.5798057144742,251.78
41b6fecc-36a2-4166-96fd-6099b62d2c5d,0.58665362202235,217.78
adc0d037-c82a-4f42-bba9-3aa4a474c7e9,0.5860392743037,232.77999999999997
cb627de4-e5e1-4b34-89de-fd1485cc88b3,0.58624449597295,265.78000000000003
5548a83c-5f2c-40c0-bd9f-0575a328f521,0.5881603153378,263.78
10644c91-9c65-4bbd-95f4-830b78ce1c86,0.58908018771425,159.78
aecfb274-eee4-4e73-8a01-e7ee281b1eb9,0.5828802004123,254.78
a60d77ae-df6e-4f9e-a97b-019fef80a356,0.58138695038175,260.78000000000003
dd49ed93-cef3-4e0e-8163-31a2635e60fa,0.5887387921451,157.77999999999997
483db59d-0b2d-43f5-af20-cfc0a47082a2,0.5888645911806,217.77999999999997
236db94c-4ef2-4c59-a6c1-ec111b1b5f46,0.58354792251875,232.78
dc9194fe-c34b-4956-ac00-7bd2fc7234c5,0.5852865943867,223.78
e84bf269-870f-46d7-a5b9-b0f29b67fd1a,0.58656050676795,250.78
48aa7eda-cfa9-4b3c-b33c-f254ad9f0013,0.5853232166607,256.78
d7c5bcd7-99f0-4ce9-85e4-ebaaf27160e0,0.5812953184337,227.77999999999997
24245ed6-d240-4d8b-b1f5-f3cc57a74c6e,0.5798057144742,251.78
92215289-cf3a-4073-9568-21b27bc7ce0a,0.5869648846218,263.78000000000003
23d77046-9156-480b-8ec2-342583d75ce7,0.58665362202235,217.78
3b160189-89e3-4db6-8d96-77d7351a725b,0.5798057144742,251.78
4d3c6b65-6fdb-4a8b-820a-b2627e1aa3ef,0.5824286512764,278.78
2dcc4d5a-2aad-47fa-bd52-47bbbec91c9e,0.58290073308205,241.78
8823afe5-1d98-4a67-b37e-c36a30bd5589,0.58908018771425,159.78
c1121a60-9086-4f0e-8bf2-0bb7b9d259b8,0.5798057144742,251.78
f9d95fcf-5bab-46f3-8bfa-f727701ce059,0.586613308264,239.77999999999997
4cf16d18-25ba-4d23-a18d-da050b549104,0.5887387921451,157.77999999999997
1edfbd2d-8391-41f5-b29a-7ba0a4d29400,0.5888645911806,217.77999999999997
55b49de3-203f-41df-bb13-744f437f3584,0.5845290955227,284.78
d0e9fccd-1dcf-4485-994b-b35c2df36de6,0.5852865943867,223.78
e97d8f5a-0ff6-4221-82fc-150b72f5c5ae,0.5849031891407,239.78
620ea20d-c8a0-43f5-b03a-5ad9b87a7eee,0.5798057144742,251.78
fa02b106-d6fc-45e3-b7cb-354dbedd202c,0.5812953184337,227.77999999999997
4316cc3c-f558-48c2-abae-397b196f53ac,0.5845916267203,215.77999999999997
3f1da6f7-91bd-4afa-9997-2a87bc66e0cb,0.58486519199005,233.77999999999997
a3caf198-7f88-4ddf-9d3a-d33a5bbfe5f6,0.58324670439945,212.77999999999997
7cdcad4f-4625-4def-b759-9b10f602bf04,0.5845689838705,228.78
5acf1b19-9c6d-4c29-87c9-167e8bb91c03,0.582321026911,239.77999999999997
5fdc1a4e-5d27-4ecc-a913-3c3de58517d3,0.5830677424651,205.77999999999997
973bda3e-82ac-4c8b-a39f-1f715300a4d8,0.58908018771425,159.78
70aee3fe-9f19-41cd-b278-b1021af65b57,0.5835875909725,201.77999999999997
0b643de7-746a-43b4-a962-cd0cb87aedc4,0.58506331449585,211.77999999999997
7b5378d1-1380-4ea9-9451-54ca0c587937,0.5887387921451,157.77999999999997
1c6bb48b-1b5a-4361-ab51-7cd0ec5f6068,0.58751305746675,247.78
67e82140-04e7-4e05-950d-e63bf19fe8b8,0.58378583344075,250.77999999999997
e37bb696-4336-44f5-9410-dbbf9ecb39ea,0.58298623346535,261.78000000000003
c2296cae-8baa-4a63-b239-a4d1be774b6d,0.58169579719815,229.78
b1f0b0c9-305c-4e0c-b15b-b7782e97f07a,0.58154905510335,244.78
1cc1f343-65a4-4c13-9e89-dc72324106b2,0.58434348737715,230.77999999999997
633d06d5-80e2-4c10-afb2-06a3f0da8433,0.582796203068,243.77999999999997
5daed094-6577-4b5d-851c-5cfbf4f978f2,0.58285475175115,207.77999999999997
ebcea88e-6edd-4b00-a763-cc94396835cd,0.58324670439945,212.77999999999997
c436557d-8fc8-4e7a-b039-ce6a8591350f,0.58486519199005,233.77999999999997
9b01cde6-66ee-4524-96ba-87512ed66e60,0.58527176471415,201.77999999999997
e2ea2e4a-d5c6-4bd5-981c-ac829ffe191c,0.5830677424651,205.77999999999997
93badfd9-ce98-4eb4-9fd5-bf307e207476,0.58908018771425,159.78
61758e49-f70d-4d23-b9fc-7c7cdfccb10b,0.5835875909725,201.77999999999997
286371b9-29db-483a-ae7e-6080a15a2eb2,0.58506331449585,211.77999999999997
714c00ed-c626-4bc4-90c0-469cda28196e,0.5887387921451,157.77999999999997
bf6dd88a-b695-4152-9836-1b9e9973952c,0.5851312006975,229.78
226afa1d-bb51-4a44-bd18-9d959bb9f9ef,0.58513063457445,241.77999999999997
4d992f34-6b54-4cfb-9457-6b8cee6286db,0.5832429129632,203.77999999999997
9f70ed70-a1a4-4270-874b-c23ba5af9f7b,0.587046079623,201.77999999999997
b3d81a53-d176-4707-b69a-5b572a040871,0.58451836617295,243.77999999999997
da053e35-77d3-4347-8c96-455f77424a8f,0.5831059982338,231.78
4db3c793-ff8c-46d7-91ad-2659000bb1dc,0.58542214020035,249.78
21feeb31-fc83-46ff-985c-6b2d68aa7c2a,0.58738961078475,239.77999999999997
0e903362-c505-4688-b6a0-4e22db3e5532,0.58234127022485,231.78
18ca535e-c55b-4dcf-86b5-30e38c5a9bca,0.58694733805445,237.78
8296523f-e55f-48de-a160-79dd793e2da6,0.58506669444935,207.78
ece33d3f-35bb-4231-9321-0c0ad73802f3,0.58663009596105,193.77999999999997
a8200933-3126-4d9a-ae59-78b42eba38ba,0.58908018771425,159.78
c90507ba-df5e-4a93-bd93-48de150765cd,0.59100955702025,252.78000000000003
7ebe893f-a01c-4092-bf58-facdd57535cb,0.58584453694725,237.78
5890dc72-fbbe-42b4-a16c-be261b392aa6,0.5887387921451,157.77999999999997
dcd100ba-903b-489c-8663-1fa100cb3e0f,0.58744623952715,244.78
bb112155-cdb3-41d7-b5ad-32701a459f22,0.5836652268825,235.77999999999997
62529450-071c-4dca-88ce-b1b22f3a2a11,0.583772454158,220.77999999999997
3ba1ef0e-2ce2-4024-8ce4-8c82bfc7108a,0.59083505504425,258.78
4d08af9c-6bf7-4c6f-ab3a-6b6e59898c3f,0.582159721647,237.78
6d887929-2214-42ec-9ba0-92e81b0da7be,0.58333910592835,258.78
3c7fc2e9-e464-44d8-947a-b47f46382415,0.5840488863281,232.77999999999997
9f860754-dd01-44a9-bdc7-6cb09be1cae0,0.58509905330285,234.78
8863a25c-c6f4-449e-bfc7-d4e2d893bd98,0.58234127022485,231.78
e205b5de-7706-4cc4-b9cb-e3bff7155936,0.58255314951395,232.78
cbfeebdd-c8a2-44f0-adda-86cfb3de31f3,0.58506669444935,207.78
f01cd8b1-f8fd-41f0-9765-378e6d3121aa,0.58663009596105,193.77999999999997
f148a3fc-6fcf-404c-85ab-2dc67a84a422,0.58908018771425,159.78
a3326651-d317-4876-b654-d1246391c594,0.5855750748105,219.77999999999997
3f31b4b3-4861-43ef-89a5-ac821297049a,0.58372322522565,235.77999999999997
81ee91d8-5581-49a2-8ac7-c3c9ef39e782,0.5887387921451,157.77999999999997
07edd227-91cf-462c-9fd5-b8a4f606996c,0.58738961078475,239.77999999999997
a8609faf-739a-4e2c-9b6b-f5f4a76bc0f5,0.58688373314605,246.77999999999997
82bd5527-532b-4047-82a5-892ebbad001c,0.583772454158,220.77999999999997
7ab462fb-3aee-4b03-932c-6284e7ed21b6,0.58542214020035,249.78
b5674fb6-ded8-4bb8-8f7e-cc314614d895,0.5885426499018,238.78
2e83f659-cd87-4f40-a47d-1e9a0f43c6c9,0.58271935488035,248.78
9522d5cb-0f18-4b90-a36a-ba93cdc91c04,0.5862351863151,219.77999999999997
50009ee3-1249-44fb-b757-42f1ab93de4a,0.5856885665364,258.78000000000003
bd9ffeb2-b1bc-4f68-af6c-de651f093923,0.58115775187745,274.78000000000003
f81209ac-6d42-422d-a9da-0a00deba5b4c,0.5843371627408,211.77999999999997
37f4454d-0474-49ce-84ed-d81617c52633,0.5819777465931,258.78000000000003
88973062-62ea-43a2-9560-1257b5b0cf06,0.5843318419838,263.78000000000003
bd0b06de-e004-4520-acbd-1644e217f6d2,0.58908018771425,159.78
ae4463c4-410d-4af1-a81b-23637711844d,0.58557991104705,219.77999999999997
8f930ed2-6540-40e0-94b7-743eae62e244,0.5847456369512,224.77999999999997
9c660a79-60ab-480b-b3d6-b7b78760ee72,0.5887387921451,157.77999999999997
13a546d9-196c-40b0-83b6-1a474a0be9d4,0.58294780020875,255.77999999999997
fdb61048-eb68-4943-a3ac-4dfcada84555,0.5841682952729,256.78
b031325f-a71b-4a83-8b55-b16072ee4a43,0.58349040210315,270.78000000000003
1bb7403f-459d-4046-9e89-4d33acbbfc32,0.58314440650575,233.77999999999997
5ecf0383-343e-4c0d-9e43-88402a5b5157,0.58411082505685,208.78
4a47807b-b188-470c-badd-97a7ddc89c37,0.5860442843806,264.78000000000003
3365bd52-b2c4-4993-8914-88435669f3e6,0.5862351863151,219.77999999999997
694d2cc6-ad7a-4193-9bd8-bc3e5ad8451d,0.5830829012106,278.78000000000003
cee4bfde-4684-49b4-9df5-fc2467bb3c7b,0.5845515506072,230.77999999999997
3145d3e0-6006-4ab3-9d2d-0e2d3b99fe70,0.5843371627408,211.77999999999997
6d0cdd7b-c63d-477c-867c-3f88fc4041f9,0.5861593705214,274.78000000000003
38fd1385-9d0b-4f13-a081-f3eddbbfee19,0.5862351863151,219.77999999999997
89e4d3f3-325a-488f-aeb5-445e0fb34501,0.58908018771425,159.78
99d8c4c8-f7bc-4b1f-b8d3-12a20b2a3321,0.58557991104705,219.77999999999997
53994617-f189-40f6-b14d-7ffe2e9b3173,0.5838996961121,281.78000000000003
4b947810-605a-4074-a6e7-46655f3d93bb,0.5887387921451,157.77999999999997
ac8daaa3-ddb6-412a-b354-c45d8b3e443e,0.58303704533965,255.77999999999997
79c37df4-3476-4853-8523-43a2253a56f8,0.5860678742069,185.77999999999997
eab169b6-5892-41c4-8b48-ed9291a024bc,0.58002040327995,254.78
05904b57-7bc8-46b7-910e-24cc30d43358,0.58293012956875,266.78000000000003
539ed264-576f-4d39-b1f1-8c2e345f48d7,0.58411082505685,208.78
9e59ddc8-f64d-4606-9853-eadaa657d88d,0.582603484846,225.77999999999997
cf22a38f-35e8-474b-856a-8e0f482eda56,0.5830683200011,265.78000000000003
94574566-e882-4403-be8e-cdacefea2a05,0.5818511711285,295.78000000000003
f54e6d36-fb24-41ba-b9d8-d52293f74ce5,0.58327977525055,270.78000000000003
f4b3f594-f061-4fcc-8c5f-83e983ec6fc9,0.5829315455448,250.77999999999997
08ea93ef-21b3-402e-b086-2cede4c5eccd,0.58578918680245,259.78000000000003
0292b378-ce1a-4cba-9b10-fa2e8d27f838,0.58429919371715,270.78000000000003
6d2730e5-640c-4ef9-8c7e-646a60b1af54,0.58908018771425,159.78
8ad1e884-ed48-49d9-8fef-c0d3ca25d3f6,0.5851978859035,253.78
1b6fc2cb-becf-43f1-ae38-373fc9e53239,0.5828433762136,172.77999999999997
d6bc223a-cb0e-4e8f-b12c-39fb07474f85,0.5887387921451,157.77999999999997
83c1281b-20e8-48cb-b854-0f5011494080,0.58607801444315,207.77999999999997
a52aac81-734e-4b89-8a2d-65f698205ef1,0.58251381293375,222.78
4744f8d2-2a6c-4d05-8ded-d3a2e40d9a09,0.58427328482115,243.78
b741f951-b994-40ce-ad8f-8e73a1f01d15,0.5831824062126,215.77999999999997
29a7dcf3-3b98-44f5-a81f-61663e9580cc,0.5808343173326,212.78
9250e98d-8d14-4504-85b5-f8f23191ccbf,0.583621752481,218.78
cd6b8336-3121-4fac-b361-6b5db0eb020c,0.58302732649865,308.78
493bb565-274f-4a5a-afde-c3f4cd2c5ef4,0.5818511711285,295.78000000000003
c15bb3f5-2a0a-4b51-aef9-e3dad5a9918f,0.58099354308305,303.78
0976aa50-2f30-4bf2-9a4b-1c013771bffb,0.58327977525055,270.78000000000003
0811da2c-f752-4ad2-962f-3c21de9f051a,0.582878106322,277.78
f5c8056d-3279-4fdd-888d-d720d42b8c64,0.58327977525055,270.78000000000003
5d6022b9-ac1f-4741-a29a-2c11510e9d9a,0.58908018771425,159.78
1e4e14c4-d194-4207-abcc-b468eac6cac3,0.5830683200011,265.78000000000003
15e0f944-d263-4d09-be31-13cf0f21c38b,0.5828433762136,172.77999999999997
8ef80a3f-f028-4f41-b59e-08de22e9f1fb,0.5887387921451,157.77999999999997
92664b61-4460-4ab7-9439-5eb36f84b951,0.58607801444315,207.77999999999997
8f8ad5e8-7416-4811-84c7-12705fed89a8,0.5842769655389,276.78
2f4ee629-ef49-40de-b87e-314c8ff7a6ef,0.5831772579786,296.78
e4ecc7c6-d0a0-4246-bbf2-a76c66da2917,0.5831824062126,215.77999999999997
8d0f81dd-201a-4786-8bb7-7b3121bf51cf,0.5808343173326,212.78
77e14485-054a-4b47-9d49-a03f4a5ae5ad,0.5828851559749,272.78
7d81c2ac-ada4-4133-b493-8d7c5c8bc7fe,0.58308308633345,301.78
f00477d3-5843-4c93-9c6d-400e3f8ce5d4,0.58261429671395,284.78
c5814046-a75f-4cd9-b94c-ba95576610b8,0.58470113298905,226.77999999999997
d98e0519-30ab-49c1-adb0-fbbb7e1bc334,0.58671974433995,232.77999999999997
ede5541a-6c1d-4947-b3df-84e391b59ba6,0.58750925428565,176.77999999999997
dcbd2d49-bf03-4acb-90f3-3ad506412a2c,0.5844082424478,253.77999999999997
da84a545-50e3-482b-8c20-5c5133236cd2,0.58908018771425,159.78
17b34ea9-3e16-41cc-948b-8c7e639e6aaa,0.58286796547065,236.77999999999997
aca15797-7921-4430-b1fb-b260e1089a81,0.5825722265137,277.78
48a75df3-4e52-48fa-b744-97e11579305f,0.5887387921451,157.77999999999997
ecccd320-c038-45b3-9be4-bcc7f76e13bf,0.58058839459875,274.78
05958212-151c-403e-bc97-605d7ac5d851,0.58524843807345,252.77999999999997
84e54db0-d1be-4495-b43e-68977916510a,0.5852141972725,221.77999999999997
6de6d4a4-a81c-4453-b19b-05459e7ab1f6,0.58596606300065,230.78
ffc682a3-684c-45cb-adf6-5ba20623520c,0.58531479875755,272.78
eb17490c-1067-412a-8b99-df6f9d2ef683,0.5845095568141,197.77999999999997
353cd5ae-65d7-4bde-b31d-3e91732b0fab,0.5813174382149,289.78
916f0755-30d0-4416-967b-d47bd7e77f24,0.58470113298905,226.77999999999997
d7bbf434-90c7-4aca-9aa6-de0e3e25fbc5,0.58470113298905,226.77999999999997
63c0482a-f984-4fa6-bdff-1cfd1f65a08c,0.5853993936186,241.77999999999997
29fbf768-7f5a-47a6-b658-aaaa03759947,0.58750925428565,176.77999999999997
07b2b768-5ec5-4e63-aa21-71ac936ecc8c,0.5834907135599,280.78000000000003
19cd638c-c34c-48ed-a2d8-c250deb55fbd,0.58908018771425,159.78
3d1a7ddf-7575-4608-a2a3-f87c563deaf9,0.58818437312505,225.77999999999997
e64d152d-dea2-461d-bfa8-f4bc3eebcf19,0.58308422008915,267.78000000000003
107d7143-b511-4a59-a378-4450001e9a02,0.5887387921451,157.77999999999997
2daf7924-6f6b-42fe-b8b3-85ea8941d2fa,0.58125193958495,281.78
7b0a7b18-9714-427c-aaa2-c4cbae61f5be,0.58470113298905,226.77999999999997
29fdfbba-5fa0-4a74-bacc-3a92683ae60c,0.5852141972725,221.77999999999997
c09a277b-5c25-40ee-838b-70ba2a0dfd0a,0.582817274041,296.78
aaad23c0-a9af-4026-bdd3-c9bc1904ede5,0.57998636610185,228.77999999999997
3fae63fa-12a8-49a0-99dc-c91e91d1192a,0.5845095568141,197.77999999999997
f6f50659-e51f-4261-92e0-ed81fcc7d3b5,0.58814289849385,254.78000000000003
90648032-e4d7-414a-8884-15c3fee2bdf6,0.5840458056453,253.77999999999997
7fa13c6c-5584-47ba-9418-801579ee1bb3,0.58568901020915,212.77999999999997
aee66269-bae5-4413-82aa-bca754116305,0.5845027631333,225.77999999999997
99ca4c1d-4436-42bb-b7f9-aad1680c66c6,0.5861026524978,290.78
0a088885-cf6b-41e8-a34e-c9cff027e73c,0.58843422923175,178.77999999999997
efd23528-2954-4278-bb30-d91f6a8c3647,0.58908018771425,159.78
e482e355-1ad3-4b46-b892-90919beb5b35,0.5857967610974,258.78000000000003
4c3bc760-c640-4853-a46c-3c4e6a79086f,0.5836021105903,193.77999999999997
69e33b7c-52d8-4af7-8dd5-1f7019285a7a,0.5887387921451,157.77999999999997
92b51209-63c9-444f-a418-5761c3f51fc2,0.58017801223625,280.78
a8b057e0-061b-498f-bfdd-5dc53f580582,0.5846307827885,228.77999999999997
5b5a549c-f86d-4dd2-a379-af2f7d473795,0.5849644413773,213.77999999999997
1fed4c2a-54ce-4c6b-8a31-30e55b96c659,0.58407416470185,207.77999999999997
91efca4b-ea6b-4003-aa18-8ae25697f7c4,0.581015469244,233.77999999999997
385c9352-fb54-4405-9747-679199819492,0.5869396454605,197.77999999999997
b083b921-e09e-479c-af2a-aefb92293772,0.584176229885,235.78
bd0eb537-d16b-4d74-b0dc-c4bebd6ac95c,0.5855598360895,229.77999999999997
61b58373-b1f0-4d69-977c-6d2760a52246,0.58568901020915,212.77999999999997
215d7582-5661-42d0-84d9-ee601576e1c1,0.58194870186135,274.78
9fa780c7-a264-459c-9b67-a87390087c15,0.58882423510175,248.78
b1f64ba4-20d4-4a2f-a4c2-56e4012aa1ab,0.58843422923175,178.77999999999997
1965b729-4f88-4596-8016-c18a25a2bc57,0.58908018771425,159.78
d39e1d6e-af67-427c-8bbb-5c04d1e5cf4d,0.5840458056453,253.77999999999997
f4dc58a9-89d8-4afd-8aa3-b5a7bdc8ad21,0.5836021105903,193.77999999999997
d746e561-f158-4915-b65a-25b345eeee8c,0.5887387921451,157.77999999999997
1ac1633e-59a9-4857-a43b-3e1d6a1326bc,0.5857027883383,231.77999999999997
3570c264-c539-4005-97f7-1e0672b9b8da,0.5849783396283,227.77999999999997
d1b2b7e6-e5f5-46a1-8537-56821eb78254,0.5867529814265,233.77999999999997
21b01780-54ff-4494-9dd0-5308f436eb09,0.58407416470185,207.77999999999997
1944981e-8768-4d23-af31-b44b99679a1d,0.58568901020915,212.77999999999997
3d2b1b73-45bf-4847-a7ac-c4f24fd7b9cd,0.5869396454605,197.77999999999997
51f3b6d5-637a-42c3-9f77-b0226a37558f,0.5836069028106,202.77999999999997
ea3959be-1190-4ee6-8b47-baa9ccb5092f,0.5841840113073,278.78
e38b12bd-c2b7-47ba-bb5c-b0c1dbae5355,0.5862963996704,250.77999999999997
43f74d5a-06ff-42fc-a218-4e4232a4f631,0.5823757993557,241.77999999999997
418670fa-2126-47b0-9deb-fe54a2b99d23,0.58345135700285,223.77999999999997
0ea345f9-0032-49fa-8fdd-8837238d7e8f,0.5840301310603,243.78000000000003
8c8fae89-f96b-4b96-9a55-df559decee63,0.58908018771425,159.78
bb154c43-b059-42c4-887e-8b5534f56ad3,0.58306979703125,258.78000000000003
7ef9c091-e184-4410-9fa0-ed0bad05d277,0.58781220872065,204.77999999999997
76f5886f-d9b2-425f-8b3d-176777808ead,0.5887387921451,157.77999999999997
f69c86ad-dbc1-43a8-bb17-885be1bbb8d3,0.5832011626308,233.78
bf8fe07b-87e2-47c4-a551-d802fcd1ed79,0.5851882155871,247.78
c864798a-0f4f-4d04-a819-41aaf43bccb5,0.58191128442085,292.78
8147769a-99a3-45f8-ab89-06044840a3de,0.58296003860025,234.77999999999997
2460d3dd-fa31-43cd-be3b-906bbaded20d,0.5853129545306,204.77999999999997
b310460c-cd60-450f-adc6-c33ff9edfdfd,0.58567206886825,241.78
bed854bb-676f-475a-8a17-b835119236a5,0.5836069028106,202.77999999999997
798385ec-0730-4337-b5d8-3866e4772549,0.5841840113073,278.78
19eda2c3-0a45-4a3e-b8c7-45ff39081b9d,0.5809135373539,259.78000000000003
62d2eb68-a36e-4f3f-8ad4-e7a9f6a8e69c,0.5841840113073,278.78
0a1bd2bd-7597-415f-9b90-4ffe5ca11f34,0.58345135700285,223.77999999999997
a716dd1d-72a1-4bf7-9506-49fca16a6355,0.5841840113073,278.78
9e111505-9fe9-485c-88b7-26e9130a7d54,0.58908018771425,159.78
32d55a22-28a5-4996-91eb-cbae90358002,0.58830927300545,230.78
84307593-4ef6-4e2a-a02b-e3d057bc5ce8,0.58781220872065,204.77999999999997
da90b941-ded1-4893-9937-11423062c704,0.5887387921451,157.77999999999997
47d2c698-d810-45e3-9f5e-7eeef43ba066,0.5871133306531,203.77999999999997
70a9e734-6c5c-4b33-8f8e-e33dd619c7a3,0.5841840113073,278.78
aaca86cc-4a54-40cd-a81a-40ada03be9b6,0.5826843240179,242.78
5835cb25-600d-4834-9511-b8a3e199d5f8,0.5850225709799,212.78
db4b13cd-851d-467a-b2cc-c160b6290b43,0.5853129545306,204.77999999999997
24981823-eb6f-46bf-9e45-d8d02207e34a,0.5841840113073,278.78
5ea8e3aa-0541-4c9c-90b0-4beaa2d00665,0.5841853346353,255.78
16a45546-c3e4-4396-8b5e-fc32dd2abf93,0.5836657268619,220.78
b3a10759-7cd7-4ddb-92f2-7f421939526c,0.5844098965775,241.77999999999997
a939cb67-f9fc-48fe-909a-2bc9de9c135b,0.5869923194463,244.78
3bb757b0-087d-49f9-abf2-b0b7a31eb27a,0.5839871349215,261.78000000000003
d2e755d8-371d-408d-8853-0aff6430150b,0.58612303740915,237.77999999999997
58352168-1255-4052-a50e-bce917349ad7,0.58908018771425,159.78
fa51a0be-a419-44a4-9795-e9bf0af9607e,0.5805128861899,261.78000000000003
f0862400-31df-4dda-b46f-343f2502c5c1,0.5821373391641,206.77999999999997
c812d70a-3ad8-4e6c-8bd1-bf2372977c07,0.5887387921451,157.77999999999997
df0b49d2-8bae-4233-a38e-2e45df2c53ee,0.5846651161795,252.78
bd8e6a37-7d4d-4bb3-9ca0-aad72e521c36,0.5845434312391,243.77999999999997
1720da07-9049-4081-ad80-e29f50a35ef4,0.5856592022877,228.77999999999997
14ece7ef-f064-4f5e-b13b-54e582673b21,0.58509433493375,266.78000000000003
f1626bac-ed58-417a-81dc-494f7dfb9fe0,0.58524665011015,233.78
481672e6-19cf-4b5b-a160-7c08a17c6eb3,0.58621960189275,235.77999999999997
