SimulationID,AdjustedLatency,AdjustedNetworkCost
5ccacc82-ee24-4db5-8445-2a5259e26c02,0.5808388243728,249.78
9c2754be-27d9-406d-b01a-4070c37fd257,0.5858859545615,209.77999999999997
44fbe3ad-2ecc-4d4d-9b77-bde13da9d3bc,0.58449091967675,224.77999999999997
4f405817-a1d1-47e5-bee9-a0738781f2dc,0.58461333988795,231.78
4dcedca8-1570-4290-b3e8-8adaa3af9a4c,0.58347553272025,278.78
634ed7c5-0096-4d84-ab63-f2d30f1e7aa1,0.5807111200979,211.78
c0742925-d2d0-4c05-9d5d-b65c278ea837,0.58237236571075,254.77999999999997
cada070c-7d5f-440a-86a6-b2614d93aa52,0.58533342236955,210.77999999999997
6a29cab7-839d-4644-9bc4-217447ee017a,0.58175671302835,208.77999999999997
7d1bae31-a4ad-4fea-aca3-b7a4247d7c2b,0.5816759662252,224.78
e7c82bea-25d6-4da4-b8da-1cdf62980198,0.5852004188728,226.77999999999997
98532167-e1be-4fcd-a4ac-b88c8a5a0659,0.5813547779657,246.78000000000003
5808b290-d353-4dcd-918a-5aeb9e544d4c,0.58363240015015,252.77999999999997
18b25f35-ecae-4353-bab2-4e742794962f,0.58579711277745,273.78000000000003
63d1de38-33bc-4602-88ef-62e0f103e833,0.58500452053765,266.78000000000003
a58b1e86-c602-4d96-821c-f818a7472546,0.58504199678735,213.77999999999997
56752138-2c45-4995-be70-c0a9a77210bf,0.5858859545615,209.77999999999997
da8ce8c6-e5b4-4079-bf7a-b2d3ed3e55b5,0.5858859545615,209.77999999999997
230f7cc8-8e0e-44a5-87e4-cef151a27f87,0.58454678176275,233.78
9a3cf145-67ba-46da-b5a2-a0fc0d34ed1b,0.5823258578146,210.78
cb53d163-38b2-4cf9-94ea-51e394644e24,0.5814173563126,260.78000000000003
5bf70104-b40d-4add-aa23-3494650a38f4,0.5807111200979,211.78
dd7855d7-e828-4f31-bd87-4b68235f8e8d,0.58213756880065,256.78000000000003
4fe35207-dcf2-4588-b212-10e74d9eb25f,0.58533342236955,210.77999999999997
4ad07c4a-2951-404b-aa6f-3c5b33959a4a,0.58175671302835,208.77999999999997
379ca72d-9f06-4ef1-9f18-c5c4c8ca4df4,0.5816759662252,224.78
9c9154ca-49c7-4df9-a74e-c8edbd773140,0.5858859545615,209.77999999999997
aee204d5-a09b-4ccd-aae9-61f7f11b55f7,0.5825790791273,271.78000000000003
42dfa9c6-855e-463f-ac09-73934dd8df58,0.5835303033672,239.77999999999997
caa3903c-788e-45ff-b490-9a2720328077,0.583686738014,241.77999999999997
0b2dec04-2a52-4336-9981-8f0ac7e3373a,0.5852900091199,216.77999999999997
93c339e9-31a5-4327-9277-0cd42e1d0d79,0.58504199678735,213.77999999999997
b06c127f-0c68-4daa-b8ed-fa3bf3c85605,0.5804795362384,237.77999999999997
b381c09f-6fcb-4b66-826c-9f2260052dbe,0.58528823087895,238.78
a81167c5-e3df-4948-a187-2f4b52acc3ce,0.5820162482836,243.77999999999997
1cb7f527-abd4-4488-944c-07de4beabbfa,0.5791900556732,266.78000000000003
ef206b00-9dd0-4306-a3a9-03b488f9e58e,0.5833886867359,234.77999999999997
581eee8b-6dcb-41ba-a010-e7d7ca0dffd5,0.5807111200979,211.78
a4d6d587-0db4-44aa-8d50-419b773e58b4,0.5860347834586,213.78
b3c2ec8c-c075-45dc-b66c-05af7c2d931f,0.58655518641935,213.77999999999997
1e67bc7a-4e63-40ef-b407-5b0e71024316,0.58175671302835,208.77999999999997
3da43220-2e56-4e31-bee4-72bb7a9295d1,0.5864997810481,298.78
623c6d5c-7ab6-4157-9b6c-8a50bb7fb27c,0.5842627626956,209.77999999999997
144283bd-743d-42ef-879f-ab22ed97985a,0.58478776963265,209.77999999999997
f85fd344-4c36-4e2e-ada9-66e40ba7f2ca,0.5784806888845,209.77999999999997
6654594b-f1f1-47ba-bfe2-5081594d1f97,0.5830164810864,257.78000000000003
d7db24c8-c82e-4c52-875c-7b5fb8a87eb7,0.5831030703967,253.77999999999997
86bcb6f0-44a6-4acf-819b-672041baf83f,0.58630164566925,231.78000000000003
d5aeb43d-f267-41c1-9f44-43726bdffe52,0.58208861928105,235.78
bdd46eb2-ad9f-4c3f-8937-77aa9b43d982,0.5820162482836,243.77999999999997
0f0df003-6098-4cd9-9856-a828055d7244,0.5855410953528,206.77999999999997
0711bdd2-9f6a-4da5-86ea-fc4cd4359740,0.5828142834664,256.78
f9b3050d-f4fd-4215-8ba1-0fd7c05625c1,0.5827195645325,251.77999999999997
5f1c76f1-f320-408d-8e82-26a214e6f813,0.5807111200979,211.78
8bc237c5-82f5-4e60-a452-c43c5f94e494,0.5860347834586,213.78
0cace7d8-7d35-4184-bf01-11e9eeaf7cee,0.5804795362384,237.77999999999997
b0b7294d-b4b1-4f5b-afab-7c55978dcfdb,0.58175671302835,208.77999999999997
f454eae4-04ee-4ae0-b954-580060e4e0da,0.5804795362384,237.77999999999997
bd8f2841-c314-4c2b-a793-3e00df153c1a,0.5842627626956,209.77999999999997
7a79c2d0-dfbf-4611-bb34-f1afc90388b6,0.58478776963265,209.77999999999997
d9724156-235a-4c6c-89bd-d2f89263679f,0.5784806888845,209.77999999999997
9bf28b1c-9280-4d5e-8d39-dd555ee1278f,0.5825922611318,222.77999999999997
785f1b2d-4f36-44c9-8dbd-c7cf2bf8b3ca,0.5820162482836,243.77999999999997
2afb2678-6d91-4ac6-a617-5097fcadf2f6,0.5857534336324,194.77999999999997
5f0addfb-8ddc-4276-9a96-3cab8503befa,0.58353180306365,209.78
b9db7ab3-1462-4a8f-9a4b-05ac520c43f4,0.5846117021809,228.78
fcb98ea7-5517-4a92-9d18-43ddb1f63c09,0.58254441549045,240.78
80bf7b99-8d1a-43e7-8633-6da4bc25342a,0.58216283366345,231.77999999999997
9f88684a-9bd3-4873-a7fc-6efc9c93d6a4,0.58602144755355,225.77999999999997
d5c8f75a-0822-434a-9a37-fd3e19a5e3e2,0.58397332526285,190.77999999999997
016ff1cf-e3eb-47cd-b915-72db30ca6314,0.58680633680315,231.77999999999997
a9f1a201-30c2-4460-b53b-900374e541ab,0.5830247746832,188.77999999999997
d72401be-d2f4-4747-a0bc-6dfbabfd3883,0.58364555822995,226.77999999999997
8a0567ce-0445-4e3c-abcd-a12f3bd4f97b,0.58616112466995,210.77999999999997
8c8b27fa-3833-46cb-9ad4-b343471c220b,0.58431727746555,245.77999999999997
ac18f84d-ea55-4df1-a227-3e3bb837a510,0.5823684380468,224.78
15adad8d-73d7-4bb0-813b-5f7a3ee1c552,0.5784806888845,209.77999999999997
95e87df3-316d-4c87-8be9-a4f951e1a9ca,0.58394383548105,208.78
2fd05921-ff95-4ea4-9768-8004d7c237e1,0.5822530315005,282.78
9f85e6f7-4464-4e74-ad78-fe910302aa87,0.5857534336324,194.77999999999997
2a02475c-116a-4e7a-bc3c-b469713a8ebb,0.58353180306365,209.78
b16d4fe6-f3b0-4e79-9256-92d3bb69b3d6,0.5861954885387,246.77999999999997
e4289172-40a3-430e-85f7-2b1ecb5aada8,0.5846117021809,228.78
eeb0bcd8-c887-4def-bf79-003329f6db99,0.5846117021809,228.78
9aa314f8-b13a-49de-9e24-c81d407557d3,0.5845576145846,229.78
e2406974-5000-4b12-bef8-475a875ba4f6,0.58397332526285,190.77999999999997
2cf311f8-fb47-4ad4-903b-ae4c73b490c9,0.58254441549045,240.78
b5416eaa-e985-47ac-b52c-04d8874ba0cf,0.5830247746832,188.77999999999997
fc8288e4-c925-4785-8a85-6b2a9ddb63cf,0.58465268278735,228.77999999999997
570474f6-e639-46c0-8570-34e07e7f08ca,0.58242825195015,231.77999999999997
9112a80d-dcfc-4b68-8cc2-057eff009344,0.58517204808515,216.77999999999997
295858d6-12cb-4fcc-a7ae-aa80b9892087,0.5846117021809,228.78
5427bb53-3866-4d1e-a5fc-d268808cf962,0.5784806888845,209.77999999999997
0cd4c218-aa98-4223-ab30-b9ee4d294d75,0.58394383548105,208.78
9336bb77-d719-4aa8-a502-6e633c8898ce,0.5810741739692,231.77999999999997
8bc0a82f-2fb5-447a-9e05-eb996e6a724e,0.5857534336324,194.77999999999997
6215636f-b7ca-4a98-9c37-f31fe17a3d2a,0.5847569118572,267.78000000000003
1bf90113-a5fe-4cc4-b47e-7f857b509942,0.58370505756945,249.78
b81a65e3-ee25-4f3b-ad58-4cdb42857ebd,0.5860752772849,237.77999999999997
2901c1e7-8e64-4dd1-a696-485666ce5374,0.58400192189885,244.78
5c6ec4be-6689-4cbe-93c3-f23911fd0796,0.58528798615505,256.78000000000003
4fdd10ef-0076-4695-b2f3-b7b8b2d57195,0.58397332526285,190.77999999999997
38c0432b-1668-498f-8e45-e199aa321319,0.5847444883554,207.77999999999997
100a53c2-8ff7-4f5e-8baa-044c46f49500,0.5830247746832,188.77999999999997
fc862151-479f-4fbc-9ea4-9f2f05341074,0.58649456798915,235.78
01e560f7-78d0-4245-8aef-c2aa3302c963,0.58269531717865,240.78
36b33b7b-a9b3-4c4e-8e13-bed808c3fe36,0.5851905617127,189.78
ae5211d0-fef4-4209-be86-2e2c0e7ef7a9,0.584614651017,272.78
3262d777-aea7-400a-b8aa-26fbc6745362,0.58341734984825,242.77999999999997
db74bf7e-c6c0-4cb4-9b17-2e9bd24df231,0.57861083578335,287.78
751e6381-0bc9-480d-9995-db02503b7f16,0.5848500402991,227.77999999999997
c0700984-e19e-4620-9627-86ebef03bf40,0.58358943690015,248.78
af457712-bab7-4f96-8fa8-ff3d52c7c0d7,0.58057262063565,246.78
8f8f8890-e7aa-4793-98f9-9f17e1078791,0.58472520947445,233.77999999999997
526adc3e-dbcd-4a17-bff5-2ee3d9fa60e5,0.58476142977965,258.78000000000003
7a8379c1-17b7-44b5-9e60-c5dde71bb96f,0.5819730169765,305.78
4229fae8-928f-4668-ae18-d3896464620f,0.584414500275,269.78000000000003
852313f0-3397-4b98-a898-c544ef59d9eb,0.58397332526285,190.77999999999997
47a5c60f-8a9e-447c-8409-9cc6349a268b,0.5847444883554,207.77999999999997
69bd56ca-fc90-4ee0-8351-d5bba93a9b3c,0.5830247746832,188.77999999999997
28574e07-cd92-42be-9a82-f28ebf96f230,0.58649456798915,235.78
9418660e-3f01-4c39-9ad3-2d20bd2006c3,0.58563552451995,250.77999999999997
e6194086-e18a-4569-99f4-8aed3f501d28,0.5851905617127,189.78
930c3ef6-a797-40ea-9411-addf4f8bc4b7,0.5860752772849,237.77999999999997
d6bd46a0-2830-43c6-b4fc-283c6a167e80,0.58571233811655,237.78
9125ee4c-3c5f-4e69-8c4a-f67d0f3c2381,0.5858456172686,253.78
3e3dd0c4-5c4a-4344-a333-1fe19b9e02ff,0.5848500402991,227.77999999999997
dc51de50-3601-4e6c-8625-80725fd5a34e,0.58370505756945,249.78
b9498318-5761-4ad2-b843-cfc220db18eb,0.58806493212165,240.78
fb009995-ed76-4b68-9c5b-701045617afb,0.5856096478238,231.78
1393d9dd-84b2-4dc9-ae9b-5c237f382068,0.58082268908715,220.77999999999997
65182b23-e9e6-4766-b8ed-f5cfe3867b81,0.5847858989946,226.77999999999997
b206eae4-a766-4838-a65c-cb5700c8fe90,0.5853477707496,235.77999999999997
a2108c16-4a9b-4955-97fb-3f669fe45165,0.585809982764,241.77999999999997
4b03ea68-577c-4e8e-8dac-06a5d8240727,0.5885158128076,263.78000000000003
2e7da508-e557-4e7c-86a9-7797f89f56e5,0.5830247746832,188.77999999999997
ebbc7bbb-c241-490a-ace8-78e5949d561f,0.58538392070595,210.78
87c70550-9d61-4e15-8a8f-a89b209c2330,0.58729425773035,205.77999999999997
6559878f-7233-4bf7-87be-91a740d7b86f,0.5851905617127,189.78
f1129aaa-a8b0-4170-aedf-45c7bdcc52d2,0.585339998746,262.78000000000003
49e90613-9b87-4e52-8984-e13b6800b69a,0.5851910374778,240.77999999999997
fe728ce3-c599-4d40-b303-f75b635e7dfb,0.5826654257627,218.77999999999997
4387b1f5-a872-422c-8ec8-9c7684b00746,0.58359466323905,220.78
b9cd189e-f8d0-435e-a450-11d5fcc1dd18,0.58360932588025,215.77999999999997
6ac4205c-68d0-4763-922a-76d14c67bb70,0.58526855854615,235.78
1d927494-ecc5-49e5-a22c-ac008e25c5f2,0.5843231097708,239.78
42933b09-49c3-4316-bba3-a59f5e7adb29,0.5832128779677,243.77999999999997
a92b1d2f-e396-4e38-b3da-48823c85561a,0.58252157830375,245.78000000000003
33217dbe-8f3e-44d2-859e-c6de6ea17ebf,0.58562331584765,261.78000000000003
53e499f2-003c-41ef-96aa-b24b76a80647,0.58468784694485,231.78
fa10ff8b-f83f-4c1c-9cbb-945934aada17,0.58221207149665,206.77999999999997
840373fe-a39b-4b3e-9617-50222674c481,0.5830247746832,188.77999999999997
e9d16158-26ba-4d94-b718-d9f65272aa40,0.58538392070595,210.78
18057284-a597-4aa8-a1db-af1c307e2342,0.58729425773035,205.77999999999997
54f7dd71-0792-41dd-a766-bef87510148b,0.5851905617127,189.78
8783eeaf-8666-466a-a8d1-35f43896b787,0.5816911406562,232.78
d2445802-c289-43c2-af48-abe884475eaa,0.58352515963535,250.78
97ffab79-0022-4823-91ee-b8aa39c706fd,0.5826654257627,218.77999999999997
e868213f-2301-4231-bf84-ef3b37b404c2,0.5856096478238,231.78
155b6de1-6319-482d-a755-57c571123d98,0.58360932588025,215.77999999999997
694c3657-5586-43d9-8eaf-d9f8e586bfb1,0.5832725766834,234.77999999999997
093a4a7b-3752-4a0c-9859-556f13e3515a,0.58533443999265,248.77999999999997
332b5cb2-d8ab-4736-8e36-629b3361b41c,0.58495351078435,281.78
55fdd0db-2bf9-4d28-b497-ffcd0ad64cd7,0.58251537484155,249.77999999999997
63f959e4-77a7-424f-8568-ba119d476505,0.58386965268025,271.78000000000003
18f37f70-b067-4dc8-b108-dbc1e7490472,0.58528389528425,217.77999999999997
4fc16132-b1d7-4ffe-8426-c9a577a76f05,0.58465580313675,215.78
40ecf9b7-54e4-4cdd-9c17-8d7e81a0c43c,0.5830247746832,188.77999999999997
2c78a925-8931-4fd9-9432-dae55d94d4b0,0.585864181323,266.78000000000003
223b3924-49d0-4f6f-a8b3-f11bc804b526,0.5850901799364,241.78
290bb48c-8cf3-4820-ad15-ea26f2cdfb3c,0.5851905617127,189.78
0c719b37-c67c-469b-9b42-576cfcd7a789,0.5838189583002,229.77999999999997
65526ec5-1a26-405f-afcd-f499674fa4cd,0.58215161196345,250.77999999999997
05dc326c-9142-4a99-8b92-36156b91c07c,0.5816855489311,259.78000000000003
58891b2f-f239-4031-b73b-e23ae6018526,0.58484532927885,241.77999999999997
d1d0db18-22a5-4b65-8c24-ecafc981823f,0.58509647646495,194.77999999999997
2cc28f3f-7788-4b89-b884-09ea928013fb,0.58225391136475,243.78
20e01589-e963-4bdd-ba8d-db02d0db9937,0.58348390112785,240.77999999999997
ad0b86c3-99d2-4920-9a8a-fe51a23b7353,0.5867219054766,202.77999999999997
2b18e69d-01c1-4921-a44b-91472583df9b,0.58247801057655,257.78000000000003
ab6369b7-2d76-405f-8980-8b63266d21aa,0.58432645673575,270.78000000000003
2e13a73a-c7ca-4fe1-97eb-06c8cdac4fe1,0.58528389528425,217.77999999999997
3554f0ca-e270-485c-881c-7fef8bcf9465,0.58465580313675,215.78
c12fc39b-b757-4863-972e-414952ebeb17,0.5830247746832,188.77999999999997
e2c81bc1-41d3-4293-8d9e-62c4773df97d,0.5820728101302,242.78
f2af700a-0784-472b-a286-45f09c2710b7,0.5899772925724,248.77999999999997
3df407db-ccbb-4433-a026-9522b6b6ec3b,0.5851905617127,189.78
1410c0dd-f236-4d1f-865a-2a7e6e51149b,0.5838189583002,229.77999999999997
c28975ad-27fb-42d5-b1a6-d872edf0c8f6,0.58160749048225,260.78
9a60e1a3-e600-402b-a93d-5456a48f6c05,0.5845093655186,253.77999999999997
601914ec-6086-4fcd-a944-d4013b2917dc,0.58533443999265,248.77999999999997
560cfa30-9439-4475-ad23-62b8e5e5b225,0.58509647646495,194.77999999999997
5e99e18c-15a2-4a5f-8855-cddc749daed6,0.5841672910615,210.77999999999997
c14af4fc-5b8c-4421-9b01-87ed0fdad185,0.58415180987025,248.78
7a7daba6-069e-4831-97e0-f316a1b838a6,0.5827318172669,267.7800000000001
896c99c4-96a7-4cea-beb3-4ebe4f3f662e,0.58233629691085,198.77999999999997
de846ba1-c1b4-47ff-a986-464afb5bd177,0.5869604198153,197.77999999999997
bcae8ded-a409-4456-bc10-464cd616f183,0.58274142269985,268.7800000000001
375671d3-22e8-4831-a642-bc1279de5f57,0.5820236467461,265.78000000000003
2976e51e-8d74-4e5d-98c4-14afcdac07a0,0.5830247746832,188.77999999999997
870e5795-045a-40c3-be4a-e85ccc510628,0.58529504314435,213.78000000000003
309be015-b03d-4729-8afc-720a42ea0dd2,0.5848896193747,256.78000000000003
34cd8bdc-1d1d-45df-b6e0-8f0308ea24d9,0.5851905617127,189.78
29a663fc-3f16-43cb-bbd2-c6f502efb99a,0.5862318477811,248.78000000000003
ec5ba894-7d68-4142-bdc5-35b3f4c87327,0.5829555332387,294.78
4764ac78-7249-49bd-af99-35f4833401e3,0.5861074251033,261.78
50d72a6b-8954-4d75-87b1-914c00dfe105,0.5849098564616,213.77999999999997
cd71edcf-8a5b-47a0-bef8-913e0d681784,0.58372832369215,246.78000000000003
39975a40-9cb0-433f-9282-250ecf5cb9f7,0.5841672910615,210.77999999999997
0fce2fec-fbb9-44ac-bafa-0b74e0997caa,0.58388574264555,225.78
97ab02a4-dec7-4154-b188-128b32339c53,0.5829047300902,214.78
5f7440f3-beda-4533-afc3-95d4bcb9f0b6,0.58233629691085,198.77999999999997
5c9539d1-577a-49ad-83e7-82c5fdc0c8a2,0.5869604198153,197.77999999999997
a2a99501-c507-4d0d-a8d4-19150319d9eb,0.58422136711575,237.77999999999997
08ff0b45-8e26-4dec-a6fc-cd169f457925,0.58242727841715,249.78000000000003
becb8b0e-23e5-4726-9580-69c108d0c661,0.5830247746832,188.77999999999997
3a483a99-5ed1-4c12-9af7-29315446a1d1,0.58227553861105,263.78000000000003
8f882098-9976-4322-ae27-269981aadc8b,0.58522420090545,252.78
7c5d4492-9310-495e-bede-58aa0bde1a86,0.5851905617127,189.78
b63c8aaa-4f56-4f3a-aa5d-ff0b37b270df,0.58434742682825,222.78
8a19cdf9-e355-4264-b574-07f83c74c1d9,0.584155011016,258.78000000000003
15a7ffd5-58f9-4a01-b0eb-c4bac499b27a,0.5851351695726,216.78
dafb32d3-322e-4d50-8b9e-88ff4bfa2315,0.5849098564616,213.77999999999997
0c3ce49f-bd78-4362-8071-df7f62834bb5,0.5866057586752,222.78
26ace2b3-9d02-4af9-a85e-2b9f1aa3c0de,0.5810551088402,238.78
9bdf0d00-1c52-4a0b-99a6-ec5660409757,0.5843308369906,251.77999999999997
f4faea08-df73-4fff-9d2d-ab35e13f22a7,0.5867352505347,188.78
f0b5cab0-7d37-4061-bf0c-b0c4048de8bc,0.5835642536604,244.77999999999997
d21364d3-93f1-4177-9500-10e53a13ffcb,0.585413078256,247.77999999999997
9cc0ce90-d741-4c5e-b86b-cd09372bf71a,0.58592566774025,223.77999999999997
fd38cb7e-e079-44e3-acdc-004b94f74d99,0.5858177122254,230.77999999999997
11e3c85a-2294-4373-aa97-5ed8edf9a9aa,0.5830247746832,188.77999999999997
2caffd49-b673-4e23-a32e-fe8b072726c0,0.5820705352572,252.77999999999997
458908be-106d-4bb8-82c9-d1e674fb4ede,0.5812634764903,294.78
74508f6d-4ac7-4269-ba69-cd1fbaf062e7,0.5851905617127,189.78
313a8ca8-8bab-4a73-a504-ec17a5a5d631,0.5856027524829,274.78
1709fea4-5687-45ec-9ba2-d8f534d8b912,0.58417058969815,230.77999999999997
756ddb8b-c4c3-49ff-b713-c2b519023e56,0.5856343166473,232.77999999999997
948250bb-ebb0-4ba3-9e4d-eaa441ae7e30,0.58407338559915,260.78
4252398e-eb28-41a7-b2b2-3c74a9788a31,0.58638980020175,234.77999999999997
e9f725e9-a3fd-4b64-97df-7f1156d8b064,0.58411172697825,222.78
3a7c7426-474d-40a1-b023-0ab8623690b5,0.58439368496145,226.77999999999997
c1b547ca-8858-4f30-b9dd-6b380f9d0ea6,0.5867352505347,188.78
f2dddf3e-6dc6-4d5b-a8ed-84db972fa581,0.58264672650605,201.77999999999997
247b1d5f-d697-465d-8aa2-a6bde69dfde5,0.5843308369906,251.77999999999997
5cfd7021-47af-4197-81e2-c947e03f6b28,0.58592566774025,223.77999999999997
7d4908b8-a55d-4f42-927c-1f4e5837a6c9,0.5858177122254,230.77999999999997
79ffd4c7-1f0d-4775-a694-afb27cec5195,0.5830247746832,188.77999999999997
d6be49b0-aea3-4c4a-a467-7e4a39a91fdc,0.5872674658018,209.77999999999997
1cf81461-6371-4316-b4a1-310e0b5db9bf,0.58199288830475,254.77999999999997
ed5183a8-9cd6-4083-adda-f48fed454953,0.5851905617127,189.78
717f4f33-df6c-4b3b-aec8-24dd72c4e91e,0.5810551088402,238.78
fd6bc06f-a9dd-4091-8b46-3cbfbd25be06,0.58417058969815,230.77999999999997
c8efc5fa-5fdc-4b8a-b88a-63f085392a0c,0.5867352505347,188.78
7c57e48d-4bf4-4413-8370-e37514429df5,0.586177166091,213.77999999999997
98ed8623-66fa-4546-a7be-cda7f893ef1c,0.5819481569032,208.77999999999997
54b09498-93df-406d-8b29-e89eb609b7d9,0.5838875221034,256.78000000000003
daa6763b-c61d-4205-a26c-5be1a00c25e9,0.58313151846595,255.78000000000003
986ff3bb-51f7-4798-80ab-d87ccb0820a1,0.58278469331705,281.78
b4424ee9-1ab8-43d7-9fa9-d1d2f57aed53,0.5830053562583,250.78
53869e6d-4da4-4e64-9de8-26db229cc12f,0.58349893202375,209.77999999999997
af9c49e4-2619-4e57-8ed2-418c0fd42fe0,0.5842724658608,245.78
aa4ddc11-dc14-4d7c-b153-1a5698372a33,0.5844421538343,242.77999999999997
f682313b-f884-4cfa-90be-80cab6b1d0c0,0.5830247746832,188.77999999999997
49793831-7305-402d-a445-de88ae9caed7,0.58770422312085,209.77999999999997
9e177a93-5510-4c3a-b792-56d58e02825b,0.58625739464645,237.78
c599b79b-6a36-4c76-b240-d6cc20827117,0.5851905617127,189.78
a430ccd0-12a7-4830-8c4e-1b216ae1312b,0.58333605368325,229.77999999999997
f9c98874-1cea-4125-a5ef-9e6e894c59e0,0.5847426079077,265.78000000000003
26650871-37a7-4c22-b43d-36b586a820e2,0.58397580590965,240.78
566be00e-1fdf-4f21-8e6a-fdca12d6bcae,0.5840219835526,285.78000000000003
450fdecf-99e9-4008-a404-84e03fe3d97e,0.58336908416665,293.78000000000003
68ff9f05-7910-4bca-b374-530e7d4a90ee,0.58293172396435,300.78
e4922844-040c-40c4-a5da-80f9eac26666,0.58372174244655,236.78
b484197f-436e-4b73-8162-411d69a0a89c,0.58442197590415,256.78000000000003
4fa03268-859f-4489-ba4a-76a5a4983632,0.58647650170265,270.78000000000003
e461051f-eeff-464e-995a-36d872d7b852,0.58349893202375,209.77999999999997
04adfeb8-59a8-4b94-9d89-e6eef4547aef,0.58374294321365,254.77999999999997
d880254c-bcb4-4aca-83e8-435ac0e61ffd,0.5885631617328,285.78
431a2816-767e-4116-b615-7b39fed4c1dc,0.5830247746832,188.77999999999997
a98a0b3a-2613-46fb-829a-19ff024ba1ab,0.58770422312085,209.77999999999997
b14b859e-d56e-4592-8112-06f1ef71d333,0.58625739464645,237.78
f935379d-5017-4447-93d4-57177b417806,0.5851905617127,189.78
59cba55b-be9e-4cc0-bd80-64e554c95585,0.58333605368325,229.77999999999997
de50d897-0367-42b5-8ab4-96f1273a4c11,0.5823145237312,264.7800000000001
854cab2c-5de1-4d15-bf95-f9ef72de1014,0.58278469331705,281.78
758dfa16-b65c-4fe5-be26-6339d821b7ee,0.58313151846595,255.78000000000003
27d13d42-e689-4a79-aa77-c2d4663d5661,0.5859966783081,272.78
b1d412b9-b661-411b-a5b1-6e60286d9c18,0.58606617780805,224.77999999999997
925d2043-354a-4f74-bee2-59d8511e7aba,0.5844329010994,215.77999999999997
40e24180-d257-4f3f-aaa9-ce2236ec95de,0.585420479826,211.77999999999997
545dfaff-6800-4b37-896e-0aa4b7a4f29d,0.5861343388385,226.78
6076402c-7ba4-4a0d-9662-800e286f2957,0.5876906568178,221.78
5574e1ec-21b4-48d6-9d1a-c62db1b9bbf5,0.58315257894475,211.77999999999997
df591d91-7e95-43ce-a2d8-a7ca6bda391b,0.58329208836045,212.78000000000003
dc53d0b8-1dbe-4a6b-91d2-f0519ae8c464,0.5830247746832,188.77999999999997
ca8823b7-61d0-40e7-91ca-fa56495a55ac,0.58552904054835,210.78
754fb009-bb47-4da3-92ae-420abac6e81e,0.5825616292352,277.78
e3393cea-9882-478e-b00f-49c8da99a7ab,0.5851905617127,189.78
55a45fef-ee7c-4a5d-8a81-013c109a51b2,0.58444963316875,261.78000000000003
0563130b-e396-46ce-97a4-b949ba92f61f,0.5825696296912,257.78000000000003
122cefa1-89c9-49e4-a5ae-f4ff55a41e44,0.5850158569815,233.77999999999997
e09b7458-d7c0-4475-a6be-f322f2f046e3,0.5846120986391,224.77999999999997
2ce64a9a-521c-4e3b-a0b8-1a8f7e973b64,0.58756800659455,228.77999999999997
59818c59-6e6a-4dd8-8ef7-7ff9cf26bf02,0.5869479969471,204.77999999999997
b5c5645c-7561-4b0d-bc67-e72cc9e8b100,0.58606617780805,224.77999999999997
f9563787-7e1f-4b49-af4e-9ff76c8e3ca7,0.585420479826,211.77999999999997
d2393b9f-7d95-4168-b9fd-d5de29e657f9,0.5850100214083,218.77999999999997
1d7decd6-ec20-4a93-bae2-f4e611d50170,0.5816095743147,224.77999999999997
b4d76cd7-4a56-44ad-a147-aa11f499aff7,0.58315257894475,211.77999999999997
76d269f1-d57a-459a-b5fe-6faa98a2dd5d,0.58329208836045,212.78000000000003
2e7fe7b1-0928-43b7-b587-c8cb65d3bf37,0.5830247746832,188.77999999999997
0b02ebb4-9292-473b-8978-00400b4d16f4,0.58552904054835,210.78
346c29a5-b15e-4918-9397-5a7743fee3c0,0.58389772385495,203.77999999999997
0569d7e0-8638-4363-a7f5-dac0e57661a5,0.5851905617127,189.78
217474ed-e126-49d0-8e4e-669c5197474c,0.5844329010994,215.77999999999997
90749b9e-639e-4828-b308-2097553dcb02,0.5844329010994,215.77999999999997
7d101771-b9c1-47c0-8fc1-8af6cdcc8098,0.58665873990085,207.77999999999997
fc2bd6b3-7673-4b85-8625-0776b54ee3f0,0.5874396296274,206.77999999999997
b09bdc2e-d70c-4f33-8112-2fbd605a0673,0.5844329010994,215.77999999999997
de900bca-c0e5-435e-a32d-eebc4859a5e6,0.5810480852544,251.77999999999997
abe5a8a8-cc46-432c-96c8-f44402f9cd2a,0.58562756367925,215.77999999999997
b22d1b91-0661-45a1-99d8-1143ea023b2f,0.58509163196055,217.77999999999997
0298edd6-759d-483a-9762-ca8502795a7f,0.58429945689395,225.77999999999997
2973baa0-51ca-4f77-b740-dc9fd9b22d38,0.58753335938405,191.77999999999997
c095ca5e-4905-4cde-938b-c1080a3e99c4,0.58140982401035,211.77999999999997
6401a834-b8f0-479a-b301-2c42db13bc90,0.58210854381385,239.77999999999997
891d3580-6039-48dc-a871-ba813dcff9f5,0.5830247746832,188.77999999999997
e76e536e-b74f-4354-99b4-480c19a29590,0.58450384685835,263.78000000000003
63b12bb5-af06-45be-9649-b74041349f87,0.5829410431292,256.78000000000003
2824e51b-d93e-41cf-8487-30feb56c3e60,0.5851905617127,189.78
1eafbb7b-f273-452d-89de-c5681a2363e0,0.5874067403617,238.78
da92116f-a2ee-4cec-8273-7ae49fe4fa8a,0.58087782580645,261.78000000000003
f27ade54-55bf-4c30-90cd-4e15cbd6541b,0.58597570419225,272.78000000000003
7e7bf077-a2f7-4d32-affd-2b3bc2073887,0.58459211484455,252.77999999999997
7e4c81df-3661-438d-b085-4ace08402a7e,0.5861207324761,241.77999999999997
fef0adab-2014-4a98-87df-c37844eee271,0.58005845888675,235.77999999999997
58e4cdcc-005f-4308-bfd2-76eb94940ba2,0.58562756367925,215.77999999999997
3eaa69e6-e016-43f4-a303-da945c8dcba3,0.58509163196055,217.77999999999997
1a1c4974-bb1f-4405-85f7-5087c7604ab4,0.58429945689395,225.77999999999997
b859feb6-d6e8-4336-be53-efc0af5f12c4,0.58753335938405,191.77999999999997
1cfd82c0-92fd-4bc9-9499-6a31e83c8799,0.58140982401035,211.77999999999997
9a1aed0e-7220-4d75-9960-6820da941883,0.5861536225127,179.77999999999997
877e8327-15a2-4159-84a5-1bdb8dd67beb,0.5830247746832,188.77999999999997
78cda10e-0aa1-4ba3-bc0c-3a1647ec2870,0.58332112631105,218.77999999999997
a26d68a7-fbf3-4df3-99da-b4044569f793,0.58426532409355,232.77999999999997
f0e35e4d-1a88-4ac0-a32c-7fe331cc5886,0.5851905617127,189.78
04152897-d207-46cb-9acd-0b7457053a3a,0.58429945689395,225.77999999999997
9b53ad39-c2a3-4f29-94dd-f88427f91558,0.58509163196055,217.77999999999997
c3521606-708d-4b9c-a5c1-b3c24986d268,0.58275173117425,252.77999999999997
487c55dd-312f-47f2-8da6-7cfa78f8a8bb,0.58415005152545,227.78
e5998d8d-aba0-46ea-ac37-eb3d8c067619,0.5855245040905,238.77999999999997
d4535ea1-19bf-4237-b8a6-d202e7bc2183,0.58355788840595,277.78
c4207a1f-0fde-45c8-b5c7-a3595cf4fd07,0.58649338874755,266.78000000000003
7269e5dd-6567-4369-85c8-0261abefc415,0.58386877692675,213.77999999999997
b0a16dd1-31a2-4a6b-98ea-dcdf7a98e7b5,0.5872500956822,218.77999999999997
81c71a3b-2bbb-4449-81ba-3a1684497b35,0.58574621855825,274.78
0c303fa8-9346-4217-a49e-3683687f99ea,0.5828250324653,259.78000000000003
4311fabe-18c6-4dc6-b9c2-f5f1a314a9ae,0.5861536225127,179.77999999999997
4e9bd4d6-a607-4aa0-a5f0-805c7356e89d,0.5830247746832,188.77999999999997
404fe73a-8d7b-4754-ba16-f2d3b3d407b4,0.5860470810932,278.78
2a63db67-8955-4dc0-8b7b-a9488e61e5c6,0.58453871791735,194.77999999999997
97aa4d88-b3ae-47bc-b706-b5425a5ee157,0.58454743804705,217.78
2a00821d-6470-4d63-a8bd-08b21142c765,0.58547611821105,187.77999999999997
df1e3971-8bc8-4793-8763-9fdcb82171e5,0.5840204974709,254.77999999999997
3a4d8ec6-2e9c-488d-a2bf-9790c6932459,0.5856950446732,266.78000000000003
76299136-0c48-4686-a6bc-003fdd919312,0.5864130376988,218.78
9cb63c1a-7ac1-44f3-88b7-d89343def1cc,0.5845459573248,245.78
7ba678c2-aec4-499f-b66c-11fd4671f22c,0.5834230096511,253.77999999999997
7f1093ed-6d44-46ba-8cee-48be495324e0,0.58386877692675,213.77999999999997
db68691d-0543-4260-80dc-bf38a2c08ef1,0.58386877692675,213.77999999999997
ed12d79a-ba4e-4836-823a-4d7b342178c9,0.5819864908685,256.78000000000003
c3b4a18f-68ad-43db-93ca-4ce2690822aa,0.5840708051003,245.77999999999997
28231d7f-b77f-4292-bcc0-57799e864bb1,0.5833334865891,246.77999999999997
00a1f7e8-3fde-4421-a208-786db98d11e1,0.5861536225127,179.77999999999997
2a8eb7bc-e2b7-4570-a61a-a045f629a5f7,0.5830247746832,188.77999999999997
3d79ff91-7c1c-4dca-8374-2f6e928678e2,0.5872500956822,218.77999999999997
f0a950b5-2382-44fe-a8ff-09a754b19ddb,0.58453871791735,194.77999999999997
fbfd02c6-6904-4e28-9b23-9c3677ff2710,0.58454743804705,217.78
1a3265b0-3896-4538-b39f-f75f36af830c,0.58547611821105,187.77999999999997
fa26befa-3731-4f17-84bb-63ac38331ba0,0.58095955262865,255.77999999999997
84618230-86e5-46e3-97da-c5ad4b44b949,0.58523244803645,232.78
5c819c2d-cdbe-498c-b887-ef7595cd6ce6,0.58204790606465,233.78
d985cda8-9916-47e8-864c-f5824009273b,0.58663736184205,272.78
bae555df-c888-4100-b7fe-c1b17c177634,0.58334536837935,243.77999999999997
f556de4a-5018-42d8-8f96-04cb7da79128,0.58784983308005,212.78
09bcfdc3-009a-419d-9a7d-124f67cb853a,0.58198766682545,238.77999999999997
209651d8-c5ca-484c-b881-9a2a6105b4dd,0.58442209961855,223.77999999999997
dc14722f-a2d8-4ade-9282-bb17da8375b4,0.5846424150467,194.77999999999997
37ba7467-10e5-412f-9647-b8d9b2cedb78,0.587259835139,223.77999999999997
f9d9227e-e99a-4342-b1a5-e745ca5852a9,0.5861536225127,179.77999999999997
935a83be-9e76-478a-a0c6-a39089aa0347,0.5830247746832,188.77999999999997
bd529504-1404-49e2-9fce-bd9c7e3c0675,0.58596432257505,219.77999999999997
1c4c1a82-9172-450b-8e9e-be824d6f6280,0.58323933615975,220.77999999999997
ec5abaaa-220a-4885-8d34-4a68e7593f4e,0.5825961570225,240.78
5c010c9c-7235-4b14-951f-12dc61f9eb20,0.5840147151305,257.78000000000003
73806475-1d48-4aff-b013-ed502ec79cc9,0.58734204693335,196.77999999999997
af01c25e-b2e0-4e9f-bf13-ba772751a7ed,0.5843783211227,232.78
a14e63d9-29c3-49f6-8bcf-6005b85dc015,0.5870080890661,200.77999999999997
d047d15c-dff7-4a11-a43e-13fe56f6fad2,0.5828841616765,229.77999999999997
a7801909-09fb-425d-aa11-14d28fe9d4b5,0.5882111670413,240.78
f61e619a-56bb-478f-82d5-cd74757deb3c,0.58784983308005,212.78
54169206-f628-4e6c-a32e-b3da24bcb12e,0.58207342945235,223.77999999999997
baf54cd2-8bd0-4164-a064-e1d71dc4355e,0.58006194688015,250.78
641bf870-de35-4ec0-80d1-d8e4d6207f07,0.5846424150467,194.77999999999997
d228e5de-4014-4366-a2e3-b2b46befaf05,0.5850270752355,221.77999999999997
9acc7c62-e6f0-49f3-b6de-cec54086d0d6,0.5861536225127,179.77999999999997
edf93989-2ee4-47f9-bf53-785cb3405474,0.5830247746832,188.77999999999997
5bd2db09-fa13-421f-84a3-c6d0338eff81,0.5853581229945,239.78
02fe7133-0d7a-4932-ad78-c0ab01c4fa2e,0.58310804024445,232.78
cbec34b9-8148-437f-9f1e-35cbd1d893ec,0.58582367264015,223.77999999999997
704a6dc3-ec3e-4546-b384-54274b518521,0.58599156874455,209.77999999999997
8c199001-c430-4e6b-a640-0b784cd74481,0.58734204693335,196.77999999999997
cb5140e1-59f0-4b2c-93cb-32be6d6439a3,0.58198766682545,238.77999999999997
8d08fbe5-45db-41b7-a47f-e712080a7c67,0.5870080890661,200.77999999999997
73966932-a5ac-471b-b78b-fa69e85b9721,0.58392289924335,228.77999999999997
91d1ff86-4d8f-4eca-a4f7-b0c698b497f9,0.5850622745194,234.78
5dfd8f71-8f82-4a05-9eaf-3dfcb7ea96ba,0.5840621718307,238.77999999999997
5b93e07a-666a-4c8f-b778-d56be2374433,0.58331434346655,237.77999999999997
fe754aa4-25e3-4296-ab5e-62da0d315b5a,0.5845565487969,254.78
2eadaaf5-da6a-4288-9226-8862539f83da,0.5870704325822,202.77999999999997
897224fc-af90-48d2-9159-bb91bedab670,0.58265423048255,262.78000000000003
7280c705-5480-43df-905d-e417c1c000de,0.5861536225127,179.77999999999997
876607d1-436b-476f-b6ab-b64846bb1329,0.5830247746832,188.77999999999997
f7409ed6-3d21-4593-a1cf-f2964de9ea04,0.58535922766305,261.78000000000003
8acac0e9-89da-4834-8fcb-0e1f632a5c44,0.58564085155885,241.77999999999997
b4476d9f-11a0-43f3-8171-a64ec8621044,0.585851366853,249.77999999999997
06b33000-931f-48c0-aaaa-c1e6de55f7cf,0.5822290695907,233.77999999999997
369484b4-8490-4894-b5d2-3bac6a6bef9e,0.5806594845619,263.78
36a3a8b5-0667-40ef-899a-c9da4e0c30c2,0.58941699953075,222.78
c997c4c3-5dd0-44cc-9dc0-cb5774be5dc4,0.58580976840065,260.78000000000003
2da43516-3593-4e31-b4bf-48ba2621c5f2,0.58586407827415,235.77999999999997
8a80fea2-6b76-4ca7-8201-23e079d613de,0.5850622745194,234.78
a5f62054-43cc-4c26-bec4-f877f1840a42,0.58533966071135,235.78
7efa35a1-425c-4cc7-849c-85226fddde3d,0.58490099768115,250.77999999999997
129bd892-8834-4473-be91-a5aa58ecd510,0.5851693779017,216.77999999999997
24db1378-ae7e-4203-9259-02b7f7497912,0.5870704325822,202.77999999999997
af20bafa-98d4-42b7-afeb-e10977e04ffa,0.58594568615455,217.78
5d042163-5da6-4920-9377-d4ff795fce32,0.5861536225127,179.77999999999997
ca3d5c2a-1841-4b1f-8b5c-089addc3c14b,0.5830247746832,188.77999999999997
1750a1f1-1563-49e9-a5f0-060ed01bb59d,0.58331434346655,237.77999999999997
b7da8cc8-ff25-479e-92d8-fec1ecc93a74,0.5840621718307,238.77999999999997
046fe72c-c5d2-455d-a57c-dae46e52da12,0.5850622745194,234.78
9139b9a3-fb8f-42e6-a8a5-6c4e92578c1b,0.5822290695907,233.77999999999997
bb37e2c8-19a9-443e-ab96-944cbcc4bdae,0.58331434346655,237.77999999999997
1ea3d23d-7d56-4dd1-90e9-e5cb30de1c65,0.58941699953075,222.78
a83d0bcf-f23f-468b-a00f-95766d4a3891,0.58339373154685,240.77999999999997
1d7e59cd-0b87-4555-b15f-40b766416f91,0.58465690441595,227.78
70218a5e-2c0e-49e5-a065-5a90ae3d56e6,0.5857179334749,237.77999999999997
8c7dc12d-4c12-4e19-a4cd-3e82890bf1d4,0.5824748223153,214.77999999999997
9e51c7cb-0b38-42af-8191-82526b319d3b,0.5852651673053,270.7800000000001
b81e33a8-ec1b-425e-8c80-c5fad40f0d22,0.58703975768105,216.77999999999997
81b1b8f9-dfcf-47e4-ba6a-77f0e63c4e26,0.58639242046615,233.77999999999997
c373e357-f822-4fe7-9aa4-57619bf36584,0.58187957059705,254.78000000000003
8272e0ae-ada2-4d14-a4f0-0f5ad24a657a,0.5861536225127,179.77999999999997
86649534-5d12-4ea8-903c-b34aad8667ca,0.5830247746832,188.77999999999997
f2e274f2-4888-41b0-87ea-d525ccb0a79f,0.58296093031035,266.78000000000003
9edd84c1-df32-43b1-b445-7e19878b4508,0.58704868950915,224.78
1108825d-f9f5-419e-9539-da1f45c8f87a,0.58248072846375,247.78
2e6f1a87-c248-4de7-897b-28e0995bbd3f,0.5854066969985,203.77999999999997
f9724639-a221-43a8-aa2f-8306a1d05f7c,0.58575858909595,231.77999999999997
70ea2dbc-cd87-4921-9c60-199b7a048c41,0.58217496089925,252.78
b8d9636b-d027-4066-8e41-365f8075cef2,0.58464454472795,214.77999999999997
26079bcf-ae94-4eae-a8db-8aec79ddf416,0.5800577269217,241.78
72d9b909-6d0f-4b0f-a621-c665e3476b90,0.5857179334749,237.77999999999997
dcb4c945-5e3e-4da0-8c34-1a5b6dccc790,0.5824748223153,214.77999999999997
3a689e5f-1248-43a0-bf30-f2812723d9a8,0.58394905818935,246.78000000000003
c678cb72-44e2-4671-a99a-1966915a15b9,0.58703975768105,216.77999999999997
feb9c71e-9cd3-47d4-99ac-1f921ec2e480,0.5824748223153,214.77999999999997
120a5c53-1a15-4028-ae41-9b39d28f65b4,0.58378208627875,231.77999999999997
3a7743b0-68c7-4076-a602-15531daf794d,0.5861536225127,179.77999999999997
1086878b-3c0a-4d31-b88d-4e5b6206e680,0.5830247746832,188.77999999999997
fa8e18d9-1c8b-4798-ad80-9805d72f86fa,0.58362536547605,236.78
175e8fe0-f8d0-4738-8165-2612c903335c,0.5822662469906,232.77999999999997
7165cad3-351c-439c-9b4b-ca81489906e0,0.5865155804123,225.78
db47b931-ffcf-4a02-9a6a-6eae82efe40c,0.5854066969985,203.77999999999997
09fccf0b-f985-4cf5-b8af-9c57b9a0e355,0.5824748223153,214.77999999999997
ada02a74-4d9a-48a1-8556-1c5745b4c293,0.5807523507763,253.77999999999997
e9b6f8c9-b929-455a-9097-c3f8333f6d00,0.58464454472795,214.77999999999997
4f0b988a-7add-45b2-924f-771c0e27d5d6,0.5857179334749,237.77999999999997
221c8ceb-289a-42e0-85e1-63da3424d563,0.584018886681,212.77999999999997
3d4d5bfe-3335-4b58-a4ef-aa2ace81ccff,0.58137245473275,222.77999999999997
73eedb2e-bd4a-4c5f-abbf-cbbcb0e67267,0.58363738474005,222.77999999999997
22438d35-b247-4073-a14c-2daf8c17f724,0.58266578914815,221.78
54c2404c-2f56-4238-bcbb-77723563c7d0,0.58371557120415,217.77999999999997
6337875a-e7dd-4de9-b4a5-0d4ff37894c9,0.5844770598133,186.78
6ee94d98-786a-4ef8-8b83-596ac977e5b0,0.5861536225127,179.77999999999997
65710408-5151-421b-b483-0fad8c862486,0.5830247746832,188.77999999999997
02a9de9d-4b8c-4043-9159-6248678d77e0,0.5849953866178,248.78
4e4495df-cc66-432c-beda-f50ad8641897,0.5823788169904,194.77999999999997
5b693b70-91f2-46cf-bc44-a152c50b0ac7,0.5838860055995,230.78
9c105b9c-3c10-4e7b-8158-09963c4816b4,0.58487270915515,283.78
b3fafc5d-ce4f-4647-9416-8b68d6ca0e9e,0.58201487323185,184.77999999999997
901887f4-db31-4a15-98ea-e89bfc375fc2,0.58919535259465,254.77999999999997
fb989e73-0560-403b-9f9b-05030a92772a,0.58477748097785,208.77999999999997
b18636b8-f027-4e6c-9838-ffd529391578,0.5817669218597,263.78000000000003
e993230e-0d69-4ab1-9944-876879ba8e9c,0.58544561484325,233.77999999999997
553306d9-e703-4060-a233-50e5abf4621f,0.584018886681,212.77999999999997
c6c0bee1-3b9f-4e1b-a447-b5c98064a8e0,0.5839180763875,239.78
1a15f35b-dc97-4822-b83b-218b5f21c3b1,0.5816912907071,234.78
d22567a3-f1d4-486d-aa05-21cac2da323f,0.5855462604058,180.78
32dc413b-7a05-475b-a527-8b4d08b169b4,0.5844770598133,186.78
830ba2dd-5473-4819-afb0-f1eba3c98bd9,0.5861536225127,179.77999999999997
6d9f771d-9448-48c8-a0e8-64e8156c50a5,0.5830247746832,188.77999999999997
98643f1f-d0f6-405c-b46f-6158a04f0e77,0.58623404845185,226.78
e1d6f321-6597-4cfd-b593-eb9d5a58fc97,0.5823788169904,194.77999999999997
65ea3eb3-db87-4f16-bf78-65a691d62f78,0.58371557120415,217.77999999999997
2e007141-615c-4c5f-8c50-87b56ec85446,0.584018886681,212.77999999999997
ca81936d-014c-4930-99f1-34aa3f468d37,0.58201487323185,184.77999999999997
3b44e24a-69b4-4b81-85f0-6ad178e55e3c,0.58750446588445,232.77999999999997
d79ea9f3-c67e-4652-870f-3aefc5062d38,0.58477748097785,208.77999999999997
35786791-7d5d-488b-9316-bfda3fd6f169,0.58446367258535,217.77999999999997
d31254a8-48b9-43f9-b872-4b579545d9d3,0.5854321083516,251.78
ce10f89b-8ff4-4ee0-bd9c-7c13abe5d3bf,0.584522244209,239.78
984f512f-884c-4006-bf05-0de6793d4932,0.58214803474245,246.78
bd848e23-03d5-4425-9929-6e8390dcdcf0,0.5812444051088,251.78
5c1531ed-b1d9-4b6b-8f14-53a84eedb0c4,0.5855462604058,180.78
23a3811e-0c90-44e0-8936-6ec487c35599,0.5830795061391,218.77999999999997
8f3587ea-bfa9-47d5-b72f-3855d51b4c58,0.5861536225127,179.77999999999997
d7f6d6c3-96e0-4ed0-9aa3-4a21285e620e,0.58338702402585,238.78
3ddba29b-566a-43aa-bf0e-4e5d61a64df8,0.5821035087827,220.77999999999997
68b1875a-c0bb-4e94-83b1-d26210b1462d,0.58414823199025,266.78000000000003
23c14056-04ae-48ad-acc8-4d07b88e4207,0.5823153388323,205.78
0b06b724-8aaa-4210-b62d-472025be391c,0.5836692119513,311.78
75b3cb47-f693-4716-b149-72d8f7308e3d,0.58472368467545,235.77999999999997
a9ffcaef-214c-4d1a-bd20-7ac85f70dac5,0.581436873983,263.78000000000003
f09e87ca-71d8-4119-b25e-5d004c43ecf7,0.58466213523945,233.78
d8d48aca-1a25-49ed-ad2e-288a5a3025ed,0.5868078655869,250.78
a3f91c9c-b08e-4fcc-81ea-0d42b559af55,0.58422008438675,252.77999999999997
bbe08732-6368-4e07-ab82-3b84f67f6f18,0.58504753201415,227.77999999999997
9f1e2b18-78d6-461e-a3dd-362ce9dbf3f7,0.58214803474245,246.78
e35930f9-d24b-4369-84c7-4e4aac6bdefb,0.584522244209,239.78
e65a87f7-67fc-46fa-8b5f-51c42c079882,0.5855462604058,180.78
f6b93845-6610-44c4-8129-72c3910a0be1,0.5830795061391,218.77999999999997
637b613c-6c49-436c-abb2-1463aef88223,0.5861536225127,179.77999999999997
6c58421b-0b6f-4811-b8c2-00c6aa81661d,0.58889975210585,197.78
dbd28915-2faf-46b2-b315-467a3dd86a62,0.5821035087827,220.77999999999997
f17e42ed-1414-4028-93f9-e1e17fb217de,0.5855636318379,243.78
8dcef573-419a-4994-8fb7-ed7d1461436a,0.5823153388323,205.78
f74741fa-cd83-41fd-a18e-82f962d5a7f5,0.58318280250235,251.77999999999997
015219cc-9486-4d32-a9b3-782079fd70e2,0.58745407873305,262.78000000000003
9764b569-d026-4d24-8a44-d158edd764d3,0.584522244209,239.78
4899ec5f-da5a-4490-9c8d-0fecc66b608f,0.58466213523945,233.78
462f6f8e-1800-4cab-858e-a58cc1888ddb,0.5854321083516,251.78
1d50f74f-e972-436e-b750-c3eb1e56b2f9,0.5872459118552,173.78
b285e670-b3a6-4255-a075-ea153b8c1f50,0.58470623828725,225.77999999999997
dddeb418-4e0c-4d18-9555-0b717005d1ea,0.5851526066517,254.78
f824aa6a-6d1d-48a6-b6ff-8bb8910c0cea,0.58592591599905,195.77999999999997
85b155dc-4c2e-4330-a1cb-7182269bebca,0.5855462604058,180.78
859d38e6-db28-449a-b11a-415b3cb25079,0.58816929559025,246.78
bd7ea1a6-bebc-419b-8c43-ac83a498c26a,0.5861536225127,179.77999999999997
b522827b-c545-46e5-bfe8-886d8e21d041,0.5854534987663,211.77999999999997
074210c8-431f-472c-9a86-90a3f425c19c,0.5854395571975,200.77999999999997
8340f7de-c4d0-4ab7-847e-72a1a16071ce,0.5853630602184,219.77999999999997
e1809d1d-007e-4a53-a8ef-8c3df19d396a,0.5865201323968,258.78000000000003
dc480cff-221c-479d-9fc7-f54dfa0f1cd6,0.58728817667125,203.77999999999997
cddd130b-1f6b-4eca-a892-fec21c8c6dee,0.5838498727239,267.7800000000001
42119b45-7bdd-48b2-ab0a-17c09412291e,0.58308119640705,215.78
0bfd23e7-ce32-41c7-a487-5cc9316442cc,0.58490007822545,214.77999999999997
ccbe5f18-90fd-4041-bb3b-fce41cf41257,0.58237212669295,267.78000000000003
e7d9caf0-3d13-4ca5-8334-ac181d0bc675,0.5872459118552,173.78
75014c68-05bc-4c7f-a4ed-09a69814f9b6,0.5831151769511,223.77999999999997
96c5e8bf-037a-42d0-a065-9dfc57060825,0.58689304068085,197.77999999999997
28221fd4-c7b0-462d-a34d-1908420318a4,0.58592591599905,195.77999999999997
03f76267-b33e-43a3-9f4a-5c9d6339f038,0.5855462604058,180.78
cf6acbf0-bbeb-4511-ba47-aa854a10a67a,0.5851526066517,254.78
df3015ab-8c8b-439f-9970-fcda5b5bb780,0.5861536225127,179.77999999999997
04d29c4e-9ff9-4821-aacc-77e6ad1637aa,0.5851526066517,254.78
7cda18cc-122c-4903-91e0-c57822bbea87,0.5854395571975,200.77999999999997
b26104c1-a9f1-47a7-9f7a-a9a7820758a3,0.58432978053345,193.77999999999997
73c97dab-9f9b-4d63-ace3-494f1a2ca887,0.5873283145488,195.77999999999997
f79cb92f-bc7f-4dcb-814d-0346a1925797,0.58728817667125,203.77999999999997
ab6a6b32-cc6d-40ad-b8b2-c1261bec9a95,0.5830503753397,190.77999999999997
e2777876-b614-4cb7-ba05-fdb7f8dcecbc,0.5845844974115,237.78
0609b8af-e227-4d54-9c60-1c64813d4a90,0.5860100127137,209.77999999999997
a341be97-e52c-4277-b803-0938a7a59918,0.5843177808316,214.77999999999997
d022dfab-a149-461c-9eca-a4c6a642ef9f,0.5872459118552,173.78
c145624c-0491-43b5-a42d-e0569fe2ff48,0.5813653496944,272.78
48a805cf-073b-4d58-8963-ffc58fd1c7ef,0.58726742036,204.77999999999997
2144a20a-797d-4e34-aa21-18f71c748860,0.58442510710535,186.77999999999997
4c3a1710-d3bc-4608-ae95-3f4130cad9ce,0.58396268534745,257.78000000000003
d57ec53f-f1a7-4264-b3b5-7f37acc0737c,0.58361039394525,225.78
2f4ea44e-ae99-4b18-ae89-162a64f54b56,0.5861536225127,179.77999999999997
3829604e-abae-4836-867f-f0d8251b5a73,0.5833578156124,242.78
3ccb79a9-22f5-4bb9-ae9a-f56a2b3103f1,0.5861602887652,231.78
50adb57c-561f-48ac-aa3f-aacb560a3e4f,0.58056416021325,222.77999999999997
cf254d5f-ff2c-4b8d-bea9-49891aace8ee,0.5870951919163,240.78
5dcf956b-06e1-4694-887b-801676333ba3,0.588796247413,192.77999999999997
0b062052-40f4-4db1-8542-be201995b905,0.5830730050258,226.77999999999997
f620b04e-d0dd-4a20-a6a1-8fbb528d5ff8,0.5858774776081,197.77999999999997
2e791748-814f-4648-9e2a-c03f50eda968,0.58262988887555,254.78
6dfd82ec-60c6-4ab8-9181-db4d90b82afd,0.582999247617,221.77999999999997
4e3060bc-1830-4493-89fb-823a3e1dd3a7,0.5872459118552,173.78
a258dede-1a7d-4c24-9c50-5de73497c19c,0.5846766322303,213.77999999999997
23a16102-0a30-4c4b-bcd9-886fd1bc8024,0.58726742036,204.77999999999997
ed429ac4-f741-4487-9d8f-c9bc842316b1,0.58442510710535,186.77999999999997
69447891-a620-4479-9d97-10380bfa9d25,0.58578333552085,223.77999999999997
6d4b5bbf-a14d-491f-8071-74bd78bfb572,0.5825328955855,271.78000000000003
493b4851-ab3a-48c9-a293-7949062e1797,0.5861536225127,179.77999999999997
0f1abeea-2fb8-418e-92d0-9f3211782910,0.5902681795533,198.78
5a29242c-d6f5-4b0b-9c9f-494c23bee016,0.5832078305563,234.78
3f8098ea-f7b3-4700-9295-f75600cc69e7,0.5847228266963,229.78
6e795b31-b630-41b3-a13b-bd099a069ba9,0.58404563050625,242.77999999999997
fe086def-6c68-425c-b88c-9f15b5398287,0.588796247413,192.77999999999997
8ae8d528-4793-494d-a61b-9e67e461d7d7,0.5875931033602,231.77999999999997
25d9f273-8c9d-4632-83d6-e3aa9d608b1a,0.5858774776081,197.77999999999997
815c5e61-5d33-4448-a1e2-dfbc66dc8ac4,0.5831057478106,227.77999999999997
71679399-a510-4e28-8f29-0f1184a56bff,0.58178743794325,168.77999999999997
93528ac1-7b5a-4512-b4ea-f5d7105e3a6e,0.5872459118552,173.78
451a4931-6331-4a62-9f09-e2263c4237cc,0.58638436249915,222.77999999999997
92f09ea2-f73e-4521-a60e-8f760098432e,0.58304747932895,215.77999999999997
359e7883-529c-479b-befe-4c422f54d31f,0.5839901120656,219.78
584f6872-094b-440b-8fd7-a3cd56c3f872,0.58299987379745,259.78
662930c8-f02c-4a8e-adbf-c03b5e92d624,0.583969029673,273.78
019ba816-f7cc-411a-a2d5-88f9cd9d4b47,0.58724561929045,268.78000000000003
6a6a5186-1a3c-4256-b321-cacdc4a80739,0.58330260088185,225.77999999999997
156ecde0-b62b-41fe-aa15-cb23c8579606,0.5860716933516,221.77999999999997
08c9ea84-632a-4adb-83d1-2c4e647d5be7,0.5872431385153,220.77999999999997
6bae5b96-3559-4951-8c54-1ca40a1cae0f,0.58522579146875,242.78
a92a2ba1-5bc7-4799-a699-ad9ac58d2490,0.58485279301525,252.78
b389e524-648d-4db0-994e-3acbd0046588,0.5817094622931,284.78
c45df7b6-95fc-4420-a3a4-bb420090eba4,0.58462151142775,268.78000000000003
f6b0182a-5aa3-40e7-beb4-b39a9cf39e28,0.5831584553486,202.77999999999997
c00ad3f2-47c8-47cb-bd65-6a1a4ef1bc83,0.58178743794325,168.77999999999997
3d55249f-f6ae-44d0-9ce9-02f4908a8dff,0.5872459118552,173.78
2ad3ef71-d12c-4b51-b29a-473f79e62b3d,0.58602837810055,228.77999999999997
2f210b7d-69e2-4b57-906b-5ea5d8104290,0.58304747932895,215.77999999999997
d8effd69-b164-4352-8eff-fbb62421ffe2,0.5839901120656,219.78
744f6e3d-9864-4d08-87ed-89e241f721ea,0.58638436249915,222.77999999999997
e96aca37-294c-4fb8-84a0-d7d39bea4123,0.58327617597385,197.77999999999997
901aa98c-567b-41ab-928a-6a852a7d107c,0.5865701329638,204.78
3f2d7d1c-0047-49ba-8f57-efdd0198520c,0.58765974816845,185.78
ce47de35-e8e5-4c36-8cbe-602236b5b28e,0.58504572456265,241.77999999999997
e3d9d86a-e18a-4422-94de-2b584bef1ee3,0.5872431385153,220.77999999999997
aacd01ee-5062-4b2d-bbd8-4fde02783d39,0.58304747932895,215.77999999999997
d9655f9e-cab8-443c-8576-92e3e89e380a,0.58311375637085,206.77999999999997
3564360a-090c-4ac7-83b8-4755ce2d9f2f,0.58450298700625,185.78
d35a3cd4-6dca-4649-90ac-17a15835e952,0.58416922433205,263.78
73507c00-2d30-44e0-8dae-27724b94a621,0.5831584553486,202.77999999999997
7c403136-4ee1-439e-a43e-cc806931646a,0.58178743794325,168.77999999999997
ac5cf33e-5bb3-4640-9bf1-09b4a3e9dfca,0.5872459118552,173.78
210c6d1d-8e27-464e-8832-bc00ad2b98c6,0.58598743622715,230.78
b7df32ed-288e-4b47-b166-291dcf9c791d,0.58298650547645,236.78
dfa4de2d-2d4f-434c-b0cf-135222f7c533,0.5850300220254,242.77999999999997
035e5c81-a1fa-446c-a93a-f068010b8079,0.5854406964408,253.78
a4d75ddb-1386-4d9b-ab59-46bf54fcee4c,0.58143598322575,285.78
d6e529a8-2e1e-4fb7-83ce-a5b7653ecaaa,0.5864531294519,206.77999999999997
86891ef8-e1f7-4bbc-a625-394724ba39cd,0.58433112912305,238.77999999999997
965af54d-443d-4b10-8288-63f5996bafba,0.5834297033451,221.78
f341b99a-fd59-4124-b3b9-3b59024ea7f5,0.58565568209405,240.78
7e227e51-8e11-445c-b2f6-09efebd42a3f,0.5853414748418,229.77999999999997
6e280b23-bfa7-4210-bdf3-385c6f96b4a7,0.5799383391768,241.77999999999997
0519bb81-39cd-42af-9b44-1839a14482fb,0.5814868715882,247.77999999999997
0f3ffafe-a92e-4372-aa30-68a3b7d8a8f2,0.5841805647085,262.78000000000003
10db0fc9-7184-4408-9aec-bd160c410008,0.58494847359185,268.78000000000003
9372b598-b241-4cdb-bf17-3e1ddd3dca70,0.58178743794325,168.77999999999997
7e7648f7-723b-4114-a943-6323c540f7f9,0.5872459118552,173.78
d15bcecc-4e5f-4080-b9f8-ace8cfda9509,0.58598743622715,230.78
2c7fbb67-bb20-408a-9a11-8f99909fb63b,0.5836542434207,195.78
def8a7a9-d578-4ef5-b13a-19633cd7543d,0.58704796585015,200.77999999999997
e1cfafb9-581c-4a1f-be5e-43858bcbe17b,0.5859922261599,245.77999999999997
ea7dc6f5-88f0-42ea-9505-fd0de3b986fd,0.58221322648635,249.78
7c731871-9d00-4bf8-895d-4ba97027256a,0.5864531294519,206.77999999999997
540b6d47-d358-4fc8-9297-3826970d9d63,0.586293190676,186.77999999999997
c4bfc43a-476d-412d-a8ef-699c85070944,0.5834297033451,221.78
d0a4b6d6-544b-4893-b68f-364458e90b40,0.5872459118552,173.78
818ff76e-c0cb-48c5-b250-16c15e3d2166,0.5853414748418,229.77999999999997
81f91247-dc6d-4aaf-9e24-b17aa1322376,0.5858801315624,254.78
aafb4f16-9f14-4e58-bb8d-76d5e54b4a02,0.5872459118552,173.78
0d6d2149-df26-482d-a98c-184bd8afba6e,0.5854194395827,247.78
0cd167d8-ca40-443b-9090-2e1e1c3abb6b,0.5872459118552,173.78
4c583531-aef9-4788-8858-4f0cf3760504,0.58178743794325,168.77999999999997
9a3e144f-9201-4f54-b1b9-268b5f6bff58,0.5872459118552,173.78
a1e7c3f5-9476-4125-b492-be6d186cfea5,0.58374063966995,229.78
84736d78-b38e-4c4d-a12f-ec2210692418,0.58605189147455,233.77999999999997
1c6ebd42-9fd6-47bd-b93c-ca54244e4803,0.57933989138485,257.78000000000003
b0ea4e99-795e-485f-a457-74ac231393a9,0.58673657022165,228.77999999999997
fbbfcfea-30a3-4a15-ab24-2f575bd755b3,0.5820634568116,215.77999999999997
d75afcda-4e97-439f-a457-895a6be86cee,0.58191950225775,244.78
c4b616c0-1d56-4864-8baf-550803d32134,0.5827266148131,244.78000000000003
f30b0b5c-2c07-41a6-80c1-93708f9a12b0,0.5831977859422,274.78
cc5bb9d5-85af-4060-b0be-a3e410540144,0.58904966239025,257.78
050ca81e-43ad-4b70-83bd-8d69760b3b97,0.5824187953835,235.77999999999997
d1793a8c-5517-4b58-84fb-a3981e76a4cb,0.58753760593025,165.77999999999997
c2512761-3fb7-4704-b486-1e88c49a6d20,0.58500524064895,218.77999999999997
ba5d5227-fa5f-4a1a-8c31-44fdfc0a5fc5,0.58518193867085,227.78
7a22c494-17f7-4e91-858c-fe24b5b01673,0.58689361318605,215.77999999999997
bad88fee-1636-4f8e-bb2a-f49a34ce8c87,0.58178743794325,168.77999999999997
ed6e8a97-bd98-48c9-b940-3ddf896cafb4,0.5872459118552,173.78
bd55078d-3e37-43fb-a035-3829ecd008cc,0.5857080964703,258.78
8144a6f0-4b8a-472f-abc6-80cde6704045,0.58673657022165,228.77999999999997
887c61ab-06cf-48c2-81e7-e6c41686dd60,0.58374063966995,229.78
be8ff61a-88bc-4f91-bea7-4aacb048930b,0.58374063966995,229.78
c49ea16d-a629-4150-978a-d716b357f628,0.5820634568116,215.77999999999997
f632ab47-395b-475c-8294-535b140ce456,0.5872459118552,173.78
07b410b1-673b-416b-8296-f9c06c183e31,0.58005786037985,204.77999999999997
cbd16eee-2b58-4822-b9e6-679602e40c82,0.5809516552077,248.78
3bb2b2ee-88b6-4fb9-90ca-a93fd47f87c3,0.586862080231,244.77999999999997
0f37423e-857c-4d97-b6c3-3064d6cf1a02,0.58605189147455,233.77999999999997
1e4516c6-5c18-4bc5-8870-c127545685b3,0.58753760593025,165.77999999999997
d5131c2c-5406-4f02-8849-f25aafabe572,0.58500524064895,218.77999999999997
6e2eb708-b0fc-4d4c-8f46-5840409880eb,0.5836293726795,221.77999999999997
e95bedcf-59eb-4b45-a33b-549e34103e4a,0.58689361318605,215.77999999999997
b7f4e1c8-605c-4d97-a415-e68d1413312b,0.58178743794325,168.77999999999997
2c33dede-323a-443f-854d-b108d8844777,0.58293507126825,271.7800000000001
65152e9a-ff94-4276-bdb4-7c6b1680ac45,0.58414149286905,222.77999999999997
53fa09c4-7df6-4f09-a76f-e5f8bb275fe7,0.58405347272405,233.78
deaffa86-3b61-414f-82e7-dacbc81c38a2,0.58283580254285,214.78
3a0868f7-daa3-477e-99df-9aafc072d7eb,0.58733408774865,217.78
9c3b860c-c460-465a-a266-1c3ff5f6f334,0.58455316280795,241.77999999999997
ee060a6b-b8eb-48f0-a2ee-276f633ed744,0.5842463969378,196.77999999999997
24e3d504-0fb4-4e2d-b502-97b1d24d1c73,0.5848543906923,272.78
2dff7a0a-a43b-4686-b006-b6e58deb1674,0.5857815253769,217.77999999999997
1a14cb95-ecf9-4706-b47c-71abaeba01c3,0.58392141384755,264.78000000000003
73a3d256-6bd4-44d5-b78f-e790b23b4fd2,0.58785820085575,202.77999999999997
860f044e-3c3c-42f2-be38-20577c8e3101,0.58753760593025,165.77999999999997
3ce6f4ba-b0b6-481b-a904-274f0af2d6e6,0.58362861552475,235.77999999999997
8c50da12-2b11-404b-82c3-5529af1ea9e9,0.58586094480065,242.77999999999997
f314ff99-ea46-488c-b13c-2e2c33877d42,0.58589005370675,210.77999999999997
f4d655b1-f172-426c-b1e6-bc64bcc203fa,0.58178743794325,168.77999999999997
ca60bb61-114a-4f1c-ab20-82ac9b663c6f,0.58424655468545,217.78
2fb5a515-b620-41af-8f7f-1d189775d269,0.58355408759375,274.78
1bf1a7e0-ea3c-4f4d-81a0-b3b40f96a2ed,0.58436805157805,226.77999999999997
a791b04b-ed88-47a6-a2f8-a3695f64d34d,0.58283580254285,214.78
6df85b41-f8f9-403b-9169-fdce6e8d4ab6,0.5833187630721,216.78
c3bc98d0-e77a-4fbd-9631-262bf787b393,0.58293507126825,271.7800000000001
dd7bf354-820f-4336-9eed-5f887575b045,0.5842463969378,196.77999999999997
d8b4644f-728a-4993-b0c6-125015cc1169,0.58283580254285,214.78
0e8cac25-4df9-48b4-b62b-3ed1d9f1c133,0.58293507126825,271.7800000000001
d1b94eaa-b3d4-494f-81c8-9c9bd54333f2,0.5839080558245,261.78000000000003
fde2e21d-3e5c-44a9-bdce-0e9540c2ada2,0.58785820085575,202.77999999999997
7d3b4130-b5dd-40cf-907e-dceb730fab47,0.58753760593025,165.77999999999997
1f5f1a80-4b2c-475e-b0de-d0f1a0dcb8dc,0.58534013044395,238.77999999999997
7611fe12-0730-4363-bdd8-9a0919ea0a69,0.58502424310095,212.77999999999997
c56a2b50-0db1-4a3e-90f2-5d5dbb3ae067,0.58589005370675,210.77999999999997
a6ad9774-9815-41cd-afa2-799dc0ef934c,0.58178743794325,168.77999999999997
f5d8afd0-67c7-4a55-8841-7673ab236d3b,0.58920863770755,251.78
bb511d4a-7d20-4fd6-b20b-63d03c7d7782,0.58297771115615,269.78000000000003
b33f954d-8d73-49c6-af91-2d1863440bce,0.58233578999755,290.78
6b636316-2ff6-4105-8d79-860480ea33e2,0.57987737279075,251.77999999999997
985453e1-895b-4404-a0cf-0357e307ab46,0.58157543922015,277.78
ae5dcb83-e689-47ae-8a04-632d18b8c953,0.58296551996865,272.78
7fb28569-da05-4f31-9b78-3fd4f71d62e1,0.5855890682438,197.77999999999997
7d8c3d30-8218-477f-8969-1f3fe884bc72,0.58713247538495,224.77999999999997
bb24e3b9-ca95-4fe7-b362-f6e22cd9b6d7,0.5848926950122,208.77999999999997
35f7a2d7-fac1-49c6-8fd3-9e6ec87d3eff,0.58590208371255,198.78
1cbfe6c4-b111-4620-902a-38896c991974,0.58766720930435,211.77999999999997
4b94ef2d-e901-4b04-a2ee-9fa9132d2459,0.58753760593025,165.77999999999997
0f70d241-92c6-480b-b3f0-d8171cc54654,0.58121883395595,236.77999999999997
b4b91591-48da-4a8d-a8ce-b437c8cd089a,0.58536918539125,240.77999999999997
da4e0597-218d-46d7-9d9d-8fb88b2aa4b0,0.5845913854083,240.77999999999997
6eaf5011-cab4-40b2-a0a0-fd47d389dcc4,0.58178743794325,168.77999999999997
4fcb5b09-5ece-42af-bbaf-41bd386eb23c,0.584702176357,314.78
7bfc6555-b7a6-4824-b667-7d21bd363632,0.58336633168965,294.78
f87f9412-d054-487e-b15a-502854db291a,0.5821729871518,283.78
aa77f3e6-0a90-4c4c-b717-7515dfa799c8,0.584054726159,279.78
d6753b21-ff1b-4f1d-915d-c340925ef688,0.5849512903677,246.77999999999997
54680520-eea1-4cc3-82c4-004e95067ab3,0.58109765009005,290.78
b0e307df-3e49-4d20-beb3-9c1dbe4bfe9b,0.5855890682438,197.77999999999997
8582ed61-1ca8-46e3-bad9-8cee730eb839,0.5837802188573,243.78
4398683f-802f-4c23-825b-3bf192eacad2,0.5848926950122,208.77999999999997
b88fe590-affb-470c-8584-8a3c5cf86b33,0.58590208371255,198.78
cede54d4-c2e3-43a7-8f26-c937e9766756,0.58766720930435,211.77999999999997
361196bd-961c-4ec3-bd74-bd45f8d0f03d,0.58753760593025,165.77999999999997
a0b8f2ac-608c-4603-a6d3-332bfb92a5ca,0.5824623860765,304.78000000000003
48d4fac2-8302-4978-bebf-1a6676c53bb0,0.58920863770755,251.78
2ebcd64f-20c7-4c95-b9fc-c294b58dec09,0.58352002743805,226.78
14f03f7f-d226-4eb2-aed0-4c6fcfbd524e,0.58178743794325,168.77999999999997
0886949a-f643-42a6-ac31-3f23ed2963af,0.5843206123389,271.78000000000003
2822890e-f339-423a-ac71-2a2f8cea7781,0.58436491503855,234.78
eb066b20-0f26-4c7e-b506-3184e71c69b9,0.5851690720325,262.78000000000003
85b7e91b-238e-4e66-8d46-0cdf4024885d,0.58341626402215,266.78000000000003
1c175f8b-ec9e-463f-81c8-1ccb1679a24b,0.5865395934014,216.77999999999997
c4c1aabf-1fa1-4a61-8793-fe064bcb4a38,0.5832411092878,238.78
ad182f3b-c793-46b9-a25b-fa0dfa6e459b,0.5863991929503,197.77999999999997
76a4edac-285a-47b5-af9b-1905dfcb06f5,0.58472347848755,246.77999999999997
1351ee8b-821b-4bbd-9555-0412b0de333e,0.58413210023605,248.77999999999997
39365fe5-5577-45f5-9db4-49c79ad18c92,0.58488367294165,232.78
8fce70c0-a392-4978-a5c9-d74490cfe88a,0.5875281825141,211.78
d8b68cf3-355a-47ec-bc1d-27a771500c57,0.58753760593025,165.77999999999997
82336fa7-b630-45b2-890f-8f845c8726bf,0.58443927002375,219.77999999999997
9aeafbd2-fecc-495c-b440-e181e6e4aa15,0.5848969278674,206.77999999999997
18767712-3167-4ec0-a325-5ca404ecfa88,0.58193412632405,202.77999999999997
86b45b66-ab94-4894-b167-db4618e0ae23,0.58178743794325,168.77999999999997
502e46f9-195b-4e40-a0aa-1fdf618aa1c7,0.5796966909476,262.78
b7ec54dd-a167-4959-8d3e-79dc8bf5711f,0.5864818067213,262.78000000000003
af88b8d8-ea0e-48fb-85cc-67250f7710c3,0.58481528686545,262.78000000000003
92a551f8-2867-42c2-a8fa-a2abef220150,0.58524810113785,274.78
cb6a34d0-04f8-43e9-a0ad-1ab3be979f33,0.5855145142921,278.78
aac91dd6-de79-45fb-bb56-7b48842630bd,0.5851690720325,262.78000000000003
51d220b0-4d31-4c3a-b423-56835d9c522b,0.5863991929503,197.77999999999997
31025ff1-fc34-496e-ab72-2fda799cacb4,0.5843129149521,248.78
7635e177-e85f-450f-b0cf-a804c3576e40,0.5843206123389,271.78000000000003
3f756e92-c439-4540-8161-4ccf476b5a05,0.58306609936175,258.78000000000003
c403ecd7-6698-47cd-8f79-4fdd7257c197,0.5875281825141,211.78
c1fbe9cc-8802-42f4-a632-7a44d1764baf,0.58753760593025,165.77999999999997
9d9d546c-5f83-4feb-b994-7bba4817244d,0.58560430979095,263.78000000000003
430cf70e-c922-41fd-b5cb-92a71460bbf9,0.5848969278674,206.77999999999997
e07a4e1d-bf67-4eeb-a683-e254704a62b2,0.58193412632405,202.77999999999997
f3bd52fb-e949-4033-89c9-306994bf334c,0.58178743794325,168.77999999999997
0bbfd560-2886-4e86-9e31-629b543a10e4,0.58486370834085,217.77999999999997
c1f60d00-e280-4a1b-8b1d-bfa44e0e07b7,0.5842323311936,206.78
2e135aa3-89c1-47cf-bf8b-36320328f60b,0.58945984145085,228.78
11efb4f4-117d-4b5e-9244-0b207824841a,0.588877106262,241.77999999999997
96fbec9b-7dc2-457d-b807-bed66a76e2f5,0.5833179658613,229.77999999999997
6cb878e3-6810-41ad-8600-0f7c9c5da50a,0.58287142206325,248.78
e388de30-8c59-44e0-8124-e0836b610eba,0.5849052920465,181.77999999999997
941d7817-eb0d-4e04-a086-82128bbf9bb0,0.5854099500725,206.77999999999997
6de16bc6-cbe8-4927-bcb9-b1d6d0bea471,0.57990090494045,268.78000000000003
85e0eaad-87bc-4ef7-a51d-c5c3a4abe22d,0.5847376125767,251.77999999999997
06d457c4-2b0e-44d7-9b99-5d0950401f7d,0.5861629647683,228.77999999999997
5fd4da0d-761a-4671-9f52-5dc3941ab7af,0.58753760593025,165.77999999999997
9b59b0e3-d598-4017-a076-d62a46aeda09,0.5828219866112,220.78
6b9c3212-f641-4f76-94cb-78734699ed31,0.58450459132025,222.77999999999997
cc8eb227-9bd9-4598-b248-d7612caf532d,0.5851602318152,206.78000000000003
5a5d8d84-fdd7-4025-8078-131f2db0e0c8,0.58178743794325,168.77999999999997
e583f0e3-bdd1-4654-b7e7-e8ec4545a9ab,0.58517602500465,242.78
7ed3f523-b0ef-4c70-ab11-e6c0fbabef49,0.5842323311936,206.78
2f7513bb-f946-4e54-aa9d-c420d4677cda,0.582578152393,226.77999999999997
bb7913c5-84e8-4664-a746-7ac88ae054f8,0.58633381576685,196.78
28764a37-c153-48e8-8802-679b43e754e1,0.581443339887,236.77999999999997
a0ef26e7-971f-449f-a387-0e7fc149f484,0.58451661501455,231.78
92a1b7bc-f436-4793-ae4e-530201250b20,0.5849052920465,181.77999999999997
92e60a80-b545-449a-85a2-c31b3be57212,0.5854099500725,206.77999999999997
aec83051-ec22-4dc5-a1cb-8db94b18e09c,0.58079272357805,215.77999999999997
39a6d9a1-a6b5-413c-bf8e-779eab88f13d,0.58538879829295,226.77999999999997
e6cae5a8-b945-4c87-a577-3e4732785c54,0.58397435054135,219.77999999999997
d34180f3-910c-4e24-a062-20d01da8958e,0.58753760593025,165.77999999999997
fd664166-8936-4105-bb08-bd6400476045,0.5865228157312,203.77999999999997
bd0fd20a-d3e6-41b6-9ef2-1f4ea162cbd5,0.5844304213484,179.77999999999997
c1a1d6fc-0bcc-4678-9f73-8669dbd96ec8,0.5851602318152,206.78000000000003
b65b67f2-1bb3-4530-854a-a223fc20cde2,0.58178743794325,168.77999999999997
0aae6c66-5ad0-44c0-b7b7-92e5d643b9fd,0.58353688379975,245.78
9c6268eb-0e1f-4374-bdeb-5debfa4d6a2c,0.58239264365895,235.78
519375a5-82bd-43ef-9a2c-cd20ad11003b,0.5869353962499,189.78
66b48d98-7459-4876-bc74-3a26751803a3,0.58183945000545,249.77999999999997
4d148650-7755-4d54-ab75-4a8e5231ad5b,0.5849615496309,218.77999999999997
50a6550f-5abb-470e-bcd6-87afc0103f08,0.58474362414345,230.77999999999997
062d4c41-1a27-4a93-bad2-982ce511567c,0.58494078191975,209.77999999999997
c7881277-028c-4398-addf-b7c8249a4bb7,0.58290904433015,249.78
19863fcc-bdb7-4ce8-a231-ccce382c02e6,0.58668917804225,193.78
d62d4431-d98f-418d-bb01-5ea91dbf7aa9,0.5865989129677,225.77999999999997
0e9970f6-b182-4e59-b061-bdffd4c8d941,0.58556866776615,252.78
e2d30dac-3a04-4844-a48f-b85c149c32d4,0.58753760593025,165.77999999999997
182f0bd0-ee76-424b-9c88-98d9e6d2597b,0.58467268622395,248.78
b33dea40-946f-4803-b71b-c7796eddb37e,0.5808000672135,203.77999999999997
535700f2-48ad-43c2-9a88-99a05018b0d7,0.5855454598006,216.77999999999997
c073c0ea-4ab1-4106-9ddc-1042be43b689,0.58178743794325,168.77999999999997
b509c9d7-dbbc-422f-9989-8b4131eb5486,0.5855693416602,212.77999999999997
33e707d8-8023-4d62-96e4-a45d8ce44637,0.58239264365895,235.78
f73e23fb-ece4-43a1-beb0-17d560a52206,0.5869353962499,189.78
965680cf-5dca-4a21-956c-126c5e313bfd,0.58385336763745,255.78
454bc820-7700-447a-b62d-8e56e4f0d21d,0.58151210708985,246.78
c92f6ba6-8c61-44af-9854-87f178b9f6bb,0.5824510566069,261.78000000000003
fcc35968-4e88-40d5-957d-c4c0b7e09b49,0.58494078191975,209.77999999999997
51534000-6f8f-4a1a-855f-667c92af17e6,0.5853046377296,174.77999999999997
351951c9-5506-41f5-94c9-794dd2561666,0.58668917804225,193.78
267888ef-e377-4eed-a07a-83f33447037b,0.58212775778335,222.77999999999997
f47d8c70-0353-44ad-9439-be63914cbfe6,0.58239264365895,235.78
bcbcb9c3-aa89-4323-9f4f-912609c9cdec,0.58753760593025,165.77999999999997
eb38c25f-78c1-4d1c-be3f-95a6ac660d0d,0.58504653052135,238.77999999999997
53e22ee4-14ee-45ee-9e6c-7c15e14c2967,0.5808000672135,203.77999999999997
f351b3f0-e1aa-4ecc-a572-e89e54375c64,0.58434407943945,203.77999999999997
0dd04a95-3392-45a1-bbfb-818c1f7d9902,0.58178743794325,168.77999999999997
77409cc6-8f32-4ff2-8f64-1c70c080c8a7,0.5828668021381,250.77999999999997
2273fe99-bd45-4047-9adf-a6f8b006f966,0.58385177837925,265.78000000000003
1acffb7a-4652-4097-b280-790141e42a2f,0.5869362469631,241.77999999999997
16ed57c0-7f75-43d6-867f-d66d7646c917,0.58518957428175,229.78
b5eb732e-278e-45ec-b7ee-6ab7f6940562,0.58210556826255,214.77999999999997
cae033ad-0b07-4090-957c-8a304bcf0774,0.58465946522015,223.77999999999997
f24733fc-7a89-4a65-8540-ea8b877b1df6,0.58579580094055,257.78000000000003
80cf0a0c-3230-4f03-8d96-89847b7f2614,0.58724048355535,266.78000000000003
599f27ee-64d9-479e-9c5d-be22aa89c7a6,0.5863100135774,206.77999999999997
c00552a9-0c1a-44ea-9908-9a064db49d5b,0.5849375970652,202.78
201df4b9-2f4d-456b-9371-636cebe48caa,0.58270408428835,255.78
91da2a18-5a82-44ab-87bc-1dda1a45cdc3,0.58753760593025,165.77999999999997
694d6bd7-892b-4eeb-a8cb-8c84b4188dd0,0.58789609567635,217.77999999999997
edc935fe-9cf5-44ca-ac6b-4550438ba005,0.58043288550145,232.77999999999997
578c692c-3839-4993-8fd4-c6ac724a8a7d,0.5823802349779,248.77999999999997
6fbddcd0-9b04-4cd9-9bd5-93c4c4a74f0d,0.58178743794325,168.77999999999997
4799c471-90ee-4cd6-ac4f-c0c01c392ca6,0.58526935725315,255.77999999999997
3b9ff19e-db2e-4c06-b38a-d36eec1c8a9d,0.5828668021381,250.77999999999997
41176a8b-af5a-4e06-bb21-a94cb40b456b,0.5829986719543,266.78000000000003
c177fb57-cbba-41da-ad1d-bb9c6629a1b2,0.5849891035237,259.78000000000003
78dcdb9a-0502-4fa9-ae87-e6d47d8a9a1d,0.58210556826255,214.77999999999997
b8afbfc7-f601-4b7b-a4b9-98fd02a30ba8,0.5828668021381,250.77999999999997
1749c5a5-9957-402f-b28a-c14f3efae471,0.5828668021381,250.77999999999997
b35cc068-1f37-4489-b1b8-98dc7f5b7b47,0.5869650235846,277.78
c46dae94-0d59-416d-b237-fc3ddb91a1dc,0.5863100135774,206.77999999999997
3fba07b8-fbc2-4589-a55c-09edc4c7af6d,0.5849375970652,202.78
32f84af5-7126-40ae-a6cb-d22364dcccee,0.58476904590635,221.77999999999997
74f096b6-2b3a-4c13-9382-dbca103f4de9,0.58753760593025,165.77999999999997
c372b53a-d6f3-4420-b2e2-5fb05666c694,0.58789609567635,217.77999999999997
dc23c161-707e-44cd-97bd-f726920391bc,0.5836089330798,268.78000000000003
82df6145-d815-4231-9a03-3b888f180d02,0.58681474837745,225.77999999999997
d0755a04-e16f-46c3-8bab-830e44de42a2,0.58178743794325,168.77999999999997
514911ce-a282-487e-b11f-7949829c8e06,0.5859892597673,191.77999999999997
c989cbd8-806d-4418-a90e-5adb4db58dcf,0.58257956067885,227.77999999999997
65f925c3-1a1a-4d0d-ae85-4ce291138bac,0.57958993746365,255.77999999999997
da075565-0adf-4f83-b882-075d7b36a18d,0.5846001234628,212.78
be6f7f62-b123-4e21-9636-70f71e10d4ff,0.5851568923084,249.78
a87b07a1-ee60-47d3-9533-7d0003fa3123,0.58535533313925,234.78
924566c0-8eae-498e-a6c9-3644909665f6,0.5823393594739,250.78
df230200-5e9a-44b4-8744-be5ffa71a798,0.5845859475415,267.7800000000001
26e75e35-976c-4569-b1bc-40f120e1d2c1,0.5911565699262,240.77999999999997
1048b3aa-bd5d-44af-95c6-c8f44b2717aa,0.58294001402815,231.77999999999997
557f8e22-ebdc-41ff-abe3-2f31b6522333,0.58409117814455,212.77999999999997
a90d1237-2d9b-4deb-b802-ef66c00c3e9d,0.58753760593025,165.77999999999997
7bae2570-14ed-4e3b-a9e6-4baa08e5e1e5,0.5885462123284,229.78
8133b033-4d24-47d6-b621-a5f2b9d37885,0.58473791524795,220.77999999999997
1f21f2f3-662e-4e0b-9f5f-0344cdab07cc,0.58561078379125,214.77999999999997
dd00e9a4-5571-47a4-a56c-668bd21cacb8,0.58178743794325,168.77999999999997
695d45cc-1f2e-426b-a15e-53e97353a8b6,0.5859892597673,191.77999999999997
b807b70f-63ea-494e-96b2-8101890de1d3,0.5842199315429,225.77999999999997
461ddd25-5c27-4686-b1cb-fc4c4e3f5793,0.58596809730425,216.78
5aa10a5c-d41c-45af-99fe-9bb5c697805e,0.5846001234628,212.78
be9efd3a-1ce6-44aa-aeb0-7b5cd45e745b,0.58585395405805,221.77999999999997
3096e86b-d84d-434b-9d7b-c847b316d503,0.5861038137458,225.78
049a64f4-d5e3-46ad-977a-9f00bf669f02,0.57958993746365,255.77999999999997
af8371f6-636e-4da5-b290-05a6008fb1ea,0.58257956067885,227.77999999999997
a9efefae-2199-4206-b7b9-ede7154a8f58,0.5842192027448,187.78
736fd373-0c61-49c9-b7e5-481a2e58259e,0.5859892597673,191.77999999999997
8f9e09c0-4e3a-48fb-8c9c-bfca2bff42de,0.58409117814455,212.77999999999997
9988e4b7-b56e-4708-adb2-2286a21d1e2d,0.58753760593025,165.77999999999997
f4efd300-034b-4247-b4c8-b876e511b7ee,0.58169291160145,237.78
af90e9bb-c0f6-4a72-831c-5b5ffe3d8b51,0.582723666763,229.77999999999997
406d88f8-1698-4dce-8026-996c1fb0c1e7,0.58561078379125,214.77999999999997
7c013d99-f55e-46c5-8c40-fe3d2050d348,0.58178743794325,168.77999999999997
bab9cfae-c44a-476a-b461-14268ee42b31,0.58296781457095,223.77999999999997
aa1a47d9-bcb6-459e-9457-480d36ab54d6,0.5823623572798,205.77999999999997
8b8b245b-642f-454e-b274-ff2750183053,0.58571584807305,239.78
92d046f5-0bac-4e89-a7a9-024716c8220e,0.58461120197465,241.77999999999997
08fc6528-3f38-4e53-ad43-42e43ceb3d9a,0.58360504237995,236.77999999999997
ebb339d9-4c68-44db-a35d-b28698fac95a,0.58182873118315,256.78000000000003
302ec510-e4cc-4320-a528-ebbcde3ebaa0,0.5863814782136,256.78000000000003
29de7a95-1613-4005-80f0-e74f5fa82b16,0.5807031936867,282.78
f011f444-4a8c-48b5-ae18-29430acf43f3,0.58651410360155,246.77999999999997
38936c28-d5f2-44c7-9ae7-c1a9ccd3e46a,0.58367885301255,255.78
ad441c56-dfa3-4841-ad1e-b68c530b5602,0.5870314789189,203.77999999999997
86b591ab-31a8-4257-907a-b618578bb911,0.58753760593025,165.77999999999997
8f6d1d06-c2f4-464c-bf86-88fc951f2996,0.5843542547112,207.77999999999997
5fffb18a-4c52-491a-91cd-5d1989191c48,0.58294477252275,204.78
7913ff33-7227-47ea-a843-d9ba4bf3958b,0.5836261738389,250.78000000000003
1be20fe4-aebf-40e5-958f-77b2bc74fcaa,0.58178743794325,168.77999999999997
86768edb-8289-4b18-84fb-47865bfaf8be,0.58129051520505,228.77999999999997
88c4ebed-46da-452e-aa5c-134e73f020a7,0.5823623572798,205.77999999999997
d3981d48-1abf-45ac-bb79-e635e65e4763,0.58704075383325,247.77999999999997
6ffbc409-0e40-4772-8168-591f16b1957d,0.58296781457095,223.77999999999997
d1f7f774-66c0-4410-b70f-d829404019fb,0.58296781457095,223.77999999999997
4a57e05c-5ba6-408b-b484-3beed99d4280,0.58461120197465,241.77999999999997
fcc07a5f-0606-41d0-a167-42f382920a2a,0.58599670444175,218.78
47351ee8-1259-4cf6-beb7-e3ef14e362c5,0.5855190259209,255.78
164bf82b-3cf4-4a4b-a12a-c132ad14a75f,0.58571584807305,239.78
e691be3b-27c9-47d7-8ba3-b2301444eb0a,0.58337046406515,219.77999999999997
ab6cab09-6b1e-454f-bba6-3414e665e9f0,0.5870314789189,203.77999999999997
b2f27432-6bc5-4e07-b3ae-0d0f09f83429,0.58753760593025,165.77999999999997
204c096c-6f8b-4125-8ab1-7c6d357fb32b,0.5843542547112,207.77999999999997
2934c152-dbe8-4b62-9ced-04b515abcbeb,0.58294477252275,204.78
253cbaa3-1a16-428d-9e86-1c079ebd4077,0.5851393044754,236.77999999999997
c500f0e1-f34a-4b87-8070-930a027d0974,0.58178743794325,168.77999999999997
45ea19ff-bdc2-484c-b82f-8c0b61d987a6,0.58525576654495,242.78
376595d7-f0c3-495a-8a52-845ec606a43f,0.58345449847335,253.77999999999997
546712b4-10ef-4352-8fdf-90810a12894f,0.5822059236067,253.78
f1bb9977-51eb-45ce-8d1d-0de3234d319b,0.5858033878838,244.78
0bf08116-7907-4a95-837e-9c265569a07f,0.58455001925535,230.78
024980a1-d033-49a0-ab28-b7c1a52a5e5d,0.58431085829555,225.77999999999997
11ce732a-7c95-4dbd-892a-8f37ef1de868,0.58576546989155,224.77999999999997
c3d93d9a-0433-4ac9-9707-cd00ba0f6a95,0.58735852763865,257.78000000000003
34620f09-ce58-47ad-9ffa-a721ed242c7f,0.5868154131593,256.78000000000003
ed4ecde0-7be1-4f2e-b98f-602a9a5cb3b9,0.5850354825791,269.78000000000003
16311aaa-db67-4a73-ad6f-45290a675514,0.58620316815265,210.77999999999997
dbaad2b4-04f3-48ca-b7e2-e54f83a857d6,0.58753760593025,165.77999999999997
7a5daf87-2977-4a7c-a3ee-4c2a2f1234cb,0.5818751597471,252.78
577c8f44-b1f8-4816-8817-ef84aae257cd,0.58478938143035,258.78000000000003
ccc3dc4e-868f-4c14-93e7-4ea1a316981e,0.58636651249945,225.77999999999997
cdaaf873-862c-4479-abb1-4d64ca80836d,0.58178743794325,168.77999999999997
436a6147-9eeb-4757-88f8-be0947501fe8,0.58183832127285,247.77999999999997
e6550b29-8180-4822-a52f-afd4dc241374,0.58482770304995,246.77999999999997
eee76701-cd81-493c-a611-76f10d39622f,0.58345449847335,253.77999999999997
d94b47cf-826d-49e6-98f8-56870447e42c,0.58345449847335,253.77999999999997
097e1c0b-2b72-4c5a-a3f2-b3dde5a9a9cc,0.582974699812,240.78
2e677f7c-89fa-4842-a7d7-746bd00622c8,0.58431085829555,225.77999999999997
7ebf6e34-6172-4efd-aa52-cc2051eb40b3,0.58576546989155,224.77999999999997
88289d27-6b51-44b9-a2e2-226329b3d516,0.58525576654495,242.78
1cafa689-8c1a-4b0b-8a83-5cf77f2c0adc,0.58614054477815,238.77999999999997
51fed3ac-29b2-4368-977f-d30d6d2efc88,0.5834962625563,270.78000000000003
e28b2509-c810-4ff5-9ffc-6565c34729f6,0.58620316815265,210.77999999999997
d83ac77a-a854-4798-990c-c1f9730bbf9c,0.58753760593025,165.77999999999997
67f8acb2-f144-4e91-bca1-7ad632e13ba1,0.58345449847335,253.77999999999997
5b336a86-c736-41c4-a7a6-8393174e1d03,0.5850656666896,251.78
bdfa2ff3-c861-41b2-88e8-c71814cdb4a9,0.58636651249945,225.77999999999997
88d9b6e4-fffd-49d4-a7e9-b449af56fb84,0.58178743794325,168.77999999999997
5272eb0d-7239-411e-beb8-e9b45c8fe83e,0.5847477655444,206.78
ef5ef9dd-f108-49b9-867f-c3bd1766870e,0.58607105689785,250.77999999999997
b8308db5-50f0-4eb2-a0a5-6d64d6126df9,0.5841657444228,225.78
2da6c075-ee19-49c5-ade0-084971564b9c,0.5879090796076,270.78000000000003
0387b6cc-3cf3-45db-8691-7c5bedb2a311,0.58420676559715,256.78000000000003
461a71fd-5d88-4e00-8032-7396a9130d8a,0.584170193484,251.77999999999997
c6315430-91c0-415a-9ef7-2a80918397f2,0.58580465862505,245.78
b5c6e648-5d99-490b-a618-05bf8c3c427e,0.5841516343354,250.78
04dff91d-7877-40ce-951a-6a6e48720f12,0.58599239463185,235.77999999999997
cba5541e-d5eb-4169-aa58-3f25e386e9ae,0.5822713887736,238.77999999999997
2960c5aa-a8f7-47bb-aab9-db276fa3ade6,0.585193840538,239.77999999999997
e50bab4d-a451-4ee4-999b-ac58bd1395cd,0.58753760593025,165.77999999999997
935b83d1-9b2c-4565-aaf5-a4da8adfa6b4,0.5852653981378,249.77999999999997
03b16d73-97b0-4b4d-8f69-009ceda9a36c,0.58457556553695,180.77999999999997
c2168f0c-4c8e-48a3-a9b2-be31b8756de4,0.58734352402765,205.77999999999997
7c164519-8cb5-4839-a0cf-7781d96fdde1,0.58178743794325,168.77999999999997
da638563-935a-4e7b-ae29-7cd0b6015234,0.5847477655444,206.78
5311ad72-83e4-4b25-9d31-f43aed0ffef4,0.5847477655444,206.78
c01acee1-54de-4879-a1c5-fc470874226e,0.5841657444228,225.78
e41b028b-6d51-4f0b-b946-a9adcff7b438,0.5856216616778,237.77999999999997
bc8848fe-8069-499f-bb59-d66dd98c4617,0.5847477655444,206.78
a9b4c8d3-d84e-4818-b7eb-d8d605843924,0.58607105689785,250.77999999999997
ba43c613-6fc5-4a5e-b76d-6281bf1bac9a,0.5841657444228,225.78
e23adb2c-f8dd-4ccc-a415-23a140d18615,0.58407975241045,210.77999999999997
f8978c28-ab16-4cf1-96c9-dd396ac8e4fe,0.5841657444228,225.78
17ad7408-92cb-4424-a9cf-251786cf833d,0.58645132467345,236.77999999999997
6987efed-2ab5-4af7-a664-5f47a6608391,0.58607105689785,250.77999999999997
2cbdeeb0-97f5-4b92-8ad4-b7ec6d8bc2c5,0.58753760593025,165.77999999999997
5afcaf0b-26f4-41fa-b15e-c3b7037a1411,0.5833496710378,241.77999999999997
997d9b10-9f05-48b8-a01e-43b55a33dfae,0.58457556553695,180.77999999999997
2ee8ffbc-03cc-4268-9354-c882339b37bd,0.58734352402765,205.77999999999997
6c2f4187-8795-4036-9de5-ead2f56eb272,0.58178743794325,168.77999999999997
ef0e3ac2-27e7-4045-9f36-9431f49d1be7,0.5811055040678,259.78000000000003
38dcbf12-af4a-4dbb-97a3-cef174d61c40,0.58535479758875,285.78
78d2bced-b6ed-4738-aa77-9d4863650cb4,0.5814167311401,234.77999999999997
1232a8df-76de-4cbd-90ba-ab2feb2eaf86,0.5809765125527,227.77999999999997
7afce6e1-3da2-44b1-996b-989a7246fe74,0.58524602377045,207.78
b1b3a1fc-6abe-4f1c-99ed-14f3ccc49d21,0.5843926210527,197.77999999999997
5a608d8c-61ba-4fd3-937d-055e58071412,0.5862023109681,242.77999999999997
80bfbf05-bd53-4811-95e6-d1eb63d8cd03,0.58277956336175,178.77999999999997
a6fb8d84-2811-4bae-97fb-ec994ab4b60c,0.5873201571798,218.77999999999997
c109bc9c-e977-4fec-aaf8-f39f15e70001,0.5892553760126,201.78
b0e73050-0d4b-48e4-aeb7-f6c352b454a8,0.5874040895941,229.77999999999997
cd492eaa-7830-4895-b16e-cd54c7980686,0.58753760593025,165.77999999999997
2d692b17-52b4-44e7-8863-0779ff4085a8,0.58492468112265,264.78000000000003
2df2acda-e520-42ee-9acd-13f078b248c2,0.5830361595683,282.78
cbdcb8c2-147c-4e2f-a0ae-1735fc4c7cee,0.58320161462925,237.77999999999997
e30c3962-e6ee-4940-b7ec-fde7f967f202,0.58178743794325,168.77999999999997
e15d5a96-5c25-4268-aae9-f42c912f0466,0.58286148196345,272.78
c043d609-696f-4b3d-a097-94a7551cf717,0.5823745266033,246.77999999999997
7d3da7b7-97eb-4c73-a473-f828a86c451a,0.5803837639729,239.78
a72902f2-18f1-492d-8a4d-d8c41f527805,0.5830991813415,215.77999999999997
6cdb8df0-36d1-41cf-964c-eb7b6d9d301a,0.58524602377045,207.78
c1a791ac-4cc9-4f5d-82c0-f2ac829395c8,0.5843926210527,197.77999999999997
776b484d-c155-4a11-8b61-3d06ae26a420,0.5851908602444,232.78
299fe6ce-9a09-4c9e-b384-d78791eec566,0.58277956336175,178.77999999999997
f4ee1cf2-2737-4db8-9065-c9e6eeb6a3f3,0.5818929814856,230.78
36af1614-2e58-4c54-a252-db63fec25b9b,0.5892553760126,201.78
533f32d9-fc34-47d3-bec6-2364645eee10,0.5811055040678,259.78000000000003
e48d95a0-bb60-482a-9db3-6c7fe02e6d91,0.58753760593025,165.77999999999997
7bf70ac5-e32e-44ab-b0c1-698a0bd27de7,0.5811055040678,259.78000000000003
2b003db5-870f-4fc8-aa0c-b4ba93725092,0.58399002751105,231.77999999999997
71b948e1-d36d-4dbe-a4e6-2fa9edc71424,0.5840531144719,254.78
f79921bf-9ee8-414b-92d7-e9807544670f,0.58178743794325,168.77999999999997
49e35745-5c15-4a32-b290-ad080a412f0f,0.58581619263135,209.77999999999997
ee58e3f3-f6b6-4120-a277-a215405ce85a,0.58560339820185,243.78
ca5b55e6-1d3e-4b71-ac68-638b59f491dd,0.58389833895955,214.77999999999997
6b555804-f27d-404a-b5ac-0d6bd843daef,0.58314590245445,248.78
65fe8f65-feaa-4428-9630-1ca6f83d0a0d,0.5818308106898,224.77999999999997
24609b6e-ee3e-4dc3-9c92-6ac678a29b6c,0.5874430083195,234.77999999999997
734fb9be-dcc2-4dcf-8bb9-dee845008e5b,0.5832176527469,285.78
81339759-b1f2-493e-8cf3-495ef1774775,0.5860244820141,246.77999999999997
4bde13a4-3a50-44ec-8a27-2a1aef4407bc,0.5842309136447,278.78
2fcfdb19-bc6d-442e-8368-1da4cdaf632d,0.5871069323665,245.77999999999997
9a0905a6-f0be-4ead-b624-e9c641e0191d,0.5832272821743,261.78000000000003
40af5a90-fe85-4832-90f4-6abb3f547c20,0.58753760593025,165.77999999999997
976ba339-0d93-44f6-8ed5-35ff6bb9fa32,0.58369996280195,229.77999999999997
67ddf3ee-d92c-4d94-be97-ab355bb1995f,0.587487236287,219.77999999999997
f555723e-8781-401c-8b18-b859658bd5b8,0.5867237403042,229.77999999999997
73bfddc7-cf37-4fe5-981f-1a5e227e464e,0.58178743794325,168.77999999999997
159d70a9-1822-4cad-bcb1-4626085e928f,0.58581619263135,209.77999999999997
f73d9fbb-4665-435f-a0b4-200ea041178a,0.58449639767665,204.77999999999997
8b4f1286-12db-46d9-850f-2284570965e3,0.58389833895955,214.77999999999997
b5a484f5-29ea-4df9-b352-b77d988addb0,0.5864661014144,233.77999999999997
b05d77b3-5696-4d08-be23-dd2361b26391,0.5818308106898,224.77999999999997
4c801ddb-d63d-4026-a618-57481aaa6dbf,0.58560339820185,243.78
f10d9d71-6c3f-430e-92f8-9fd2c877d22e,0.58498004537735,234.78
8332c46e-fd9e-4b81-9393-8097e36e863d,0.583115777423,247.77999999999997
bfe0d638-1797-4448-93c3-25664ce56631,0.5866304122831,210.77999999999997
fb815348-eb10-4c8c-95b6-e7a19409d059,0.58560339820185,243.78
97231476-c584-4e0f-a6fd-c49482947d96,0.5877194677249,236.77999999999997
00e0b5f2-8f7b-414c-927d-bb6ca0e2245e,0.58753760593025,165.77999999999997
63816d23-3a21-4a46-b127-f577f34b512f,0.58560339820185,243.78
21f79a12-a2c0-4c5f-ba2a-7ec4e037fab3,0.587487236287,219.77999999999997
ad448f09-ec49-4357-ac9f-a96a69b84814,0.5863749903717,221.77999999999997
7fe89e42-348b-40c0-8031-fc01508649ab,0.58178743794325,168.77999999999997
6513e257-c9d2-4fd7-925e-5110cd32a802,0.585972733288,254.77999999999997
d42a1881-ce9b-4aa0-8e5e-7887475d3208,0.58506734245775,221.77999999999997
f9fb9a2f-75bc-4119-9e36-7f4534d74fb6,0.5833316052604,252.77999999999997
172f1512-7608-42fa-afb1-5ce1b6ddbf2c,0.5826030634029,275.78
1d5fdb29-4dc8-4623-99cb-8775b066766c,0.5837972885647,245.77999999999997
5f9a0493-b0f6-484a-bc2d-af65d412cb04,0.58523197942765,232.77999999999997
00677d65-c569-4933-a39f-2e6da03fc8f2,0.58605683751705,231.77999999999997
5ff1aea2-df9f-40a7-a73b-82b222e20a3d,0.5825131870486,203.77999999999997
7ed0366d-4609-4df5-92aa-9359fb8afc7c,0.5864082533158,219.77999999999997
da73adb7-b624-4893-9270-e672b91c1882,0.58500058389665,253.78000000000003
7c3978ec-54d5-4c54-8614-3258d67f01cc,0.58399366263065,194.77999999999997
31c38bf7-2f57-48c4-a625-15471398864d,0.58753760593025,165.77999999999997
7bdd5771-9849-41ba-8069-cdccab7f00e3,0.5839769643477,262.78
12df3b63-6852-46a4-a595-7e6d678061c4,0.58432510569115,232.77999999999997
22a3117f-449f-4880-b4cd-f6025c584951,0.58616415360915,267.78000000000003
e278ba6d-0f8b-407d-9f3a-5c015fabe051,0.58178743794325,168.77999999999997
bc5e221f-a09e-4665-bfd6-3fd6517e42fa,0.5839154272456,231.77999999999997
52cd8a47-ff46-480e-9c81-14ac7205aa9e,0.58506734245775,221.77999999999997
bcdac939-0f93-4dc9-9159-bc143cf5a672,0.583056001073,229.77999999999997
bee2a4a0-410b-4eb8-950c-6e4abf07bdf4,0.585972733288,254.77999999999997
fa75c320-18d3-4098-ab1f-5c288bcf345e,0.5845313385365,199.77999999999997
c241c12d-3de6-414a-b670-ada18de18b52,0.585972733288,254.77999999999997
12b78ad5-b555-4d79-bbb9-87c1e8c6b78b,0.5871705245069,233.77999999999997
4460845a-9832-49d0-a702-ed844bb8c47c,0.5825131870486,203.77999999999997
66418559-f2e2-4bd0-9e65-779b91a6377a,0.5864082533158,219.77999999999997
5813630a-4e54-4fb4-b1cd-94f10269426e,0.58791512372525,241.77999999999997
f177ad79-3484-43d1-ac6d-0be1a7a9f8ce,0.58399366263065,194.77999999999997
e4e4ed0f-d0b3-42ea-b3e3-78cfa1f0bac3,0.58753760593025,165.77999999999997
6c613526-66c4-4c3b-8950-d69d97c4447e,0.5833316052604,252.77999999999997
f49f9471-62f5-4857-80df-734d70287388,0.58506734245775,221.77999999999997
077980f9-5847-4196-9deb-644edb9d4001,0.58580697311855,271.78000000000003
2e815fce-a52c-4213-84b1-aacd3c3092e4,0.58178743794325,168.77999999999997
ffd2733b-6cee-4331-809c-5eafeb4e61ab,0.58607189814775,204.78000000000003
901cf8e2-e863-47d0-82df-a0a03ee4a358,0.5846862512984,228.78000000000003
3761cc54-4c36-4676-a6d5-f67391a44750,0.58627493708845,213.77999999999997
783c7453-d356-4782-816f-5b0076fe4c53,0.58368369561315,218.77999999999997
3702149a-d33e-4e0e-84d0-7a3d8f30c434,0.58437904589745,256.78000000000003
3fd52fb6-c492-46a2-a31b-c763080cb2e1,0.5848847023197,235.77999999999997
cf4b1a3b-8421-4847-b31b-6672284d556a,0.58584919295915,236.77999999999997
8215d06a-32de-4da0-adcb-37bf7e76d89c,0.5874797770434,263.78000000000003
0f3b4d26-2add-4c70-a2d7-e157e3789603,0.58289836854395,254.78
43217122-778c-4429-ba2e-5b1613cc7ce9,0.5838335081469,239.78
b31e9a57-6266-4442-aa18-d04b9a4cac32,0.58729702478125,217.78
11815b09-5ca2-45be-a349-bbad5d49d737,0.58753760593025,165.77999999999997
f12dc391-440c-4c34-8579-84bf760aaed0,0.58430709870995,245.77999999999997
df2e1dbc-b6ef-41c1-a779-5d6fde763d83,0.58544705192665,231.78
c57a01f1-7cc4-4a27-9359-db1fb42ca5c8,0.5868105187216,286.78
dd2dae71-c978-4381-89ae-f4d708a2452f,0.58178743794325,168.77999999999997
a8e2b58d-327d-43dc-b84e-0af42c1d836a,0.58607189814775,204.78000000000003
928ef714-a9b3-430b-86c5-94c63914aa6a,0.58582686225825,221.77999999999997
a999fdc2-0020-4f1e-90a2-48803c7965fc,0.58627493708845,213.77999999999997
fc745742-91c4-47c4-b282-94632836f3b3,0.58368369561315,218.77999999999997
297c5c57-a25d-4193-b910-7e864e967741,0.58607189814775,204.78000000000003
d3e00801-164e-4d3a-8349-43c3b3966597,0.5843900034029,206.77999999999997
a74a1af8-a54b-48fc-b151-d4e7f1a3f122,0.5852014579673,216.77999999999997
d0a67cc0-e4fe-452b-a7df-f538d0f3d166,0.5862857285875,248.77999999999997
076ff432-d597-41a4-bfef-4304d650322f,0.58627493708845,213.77999999999997
e2c21b8e-6999-498a-a8f7-feabf50027e0,0.58607189814775,204.78000000000003
d2eae0da-8cc5-4bca-9f7a-4fbd67b9bba7,0.58729702478125,217.78
fb089a0e-0450-40e2-8c9b-01ee72118056,0.58753760593025,165.77999999999997
194ebb96-b4bc-4125-974b-f3a952e086f1,0.58607189814775,204.78000000000003
ba036526-e387-416c-a017-806ad327ce99,0.58627493708845,213.77999999999997
0efd2934-c762-4add-9f88-a2279f85d0f2,0.5861071098976,240.78
f53c6551-332f-49b9-812c-6b64385c87b3,0.58178743794325,168.77999999999997
af0eb0ad-b312-47bb-8e9f-42732ef81f1f,0.58352695409765,267.78000000000003
074b0660-2f91-4df6-8506-aaf3b28d7471,0.58928550741545,235.77999999999997
60313853-dca6-43b9-ae1c-a33403e5e313,0.5879134415805,187.77999999999997
20a6ae6e-005b-45c7-a6be-61c6294de297,0.58535100576685,278.78
080f9683-8166-44a3-b756-1e34e2e1d5eb,0.5835416377159,255.78
3883cdbd-150a-4d56-ad24-77e94cd74ef5,0.58404064500295,207.77999999999997
99c34d3d-2354-4da6-a74a-3bc63006b901,0.5849202483472,251.78000000000003
38872ef0-f997-4ff1-9c44-520c0a86db14,0.5818737077932,258.78
95627cef-0715-4e90-8428-8cc85dea2fdd,0.58796454368585,242.78
faab50ab-39f6-4d6e-acad-4ff3bda1d10d,0.58574891711055,218.78
aceb8f8c-11b3-44ee-b54a-42b38c2169b0,0.58738809249425,226.77999999999997
7f746c9b-64f1-488b-8694-f2ca223b3aef,0.58753760593025,165.77999999999997
621a5510-122c-46b2-a096-6d16ec32768e,0.5821268443641,210.77999999999997
36b8fe03-ee9e-40bc-b892-a122e7a8741a,0.58188371903615,222.77999999999997
d1db5f9a-47e4-45de-bcd2-6354ace26753,0.58677695382835,221.77999999999997
17a43913-caa9-416c-860d-9cd2db945476,0.58178743794325,168.77999999999997
822a7f1e-8715-413b-a2a4-96e141222548,0.58530420778775,195.77999999999997
afeea507-3a48-4aae-a710-ab7491cb72f5,0.58928550741545,235.77999999999997
442b14ce-949f-436b-9ec5-59b6a606052a,0.5879134415805,187.77999999999997
684e6154-4c76-4482-9ebe-fe73a5626ed3,0.58352695409765,267.78000000000003
9daffef4-2009-404b-93fc-12b58a14a376,0.5861717308112,239.78
87925f3c-74d1-43d9-92d2-133b69abe1f9,0.58404064500295,207.77999999999997
c51ec7f0-dc87-43a3-a66d-095873b58c99,0.5856129145509,274.78
7428953e-7d2d-44bd-872d-859bb29dcfe6,0.58352695409765,267.78000000000003
16a0bed4-823e-4328-abbd-4dd7df893140,0.58352695409765,267.78000000000003
868e11a9-0520-43f7-b3fb-2f6f3d0b7102,0.58574891711055,218.78
7ad9a203-a972-4cc7-be5f-b9c1c7ef6ccb,0.5854094606372,212.77999999999997
7257e758-7e5a-4f81-adb3-25831d420955,0.58753760593025,165.77999999999997
653f46fe-a13b-4270-abed-3e112310c32a,0.5821268443641,210.77999999999997
e78f9f75-7df1-4dfd-b1fd-2ed4943520dd,0.58265292798405,279.78
b1f41f28-9a9b-4a06-b9ba-a0663e01abd5,0.5893261619594,246.77999999999997
54d4a2d7-a90e-4441-9c6c-b21b4c41f080,0.58178743794325,168.77999999999997
0c3b6f01-1c2d-4608-b5d9-c2ef787718b3,0.58594513125095,188.78
7a4557a4-72e2-40f5-b6bf-2e53c1b9745a,0.58200206373615,215.77999999999997
f2b38422-f183-4266-86cf-b7e3776774f2,0.5863331059756,247.78000000000003
7c9b2f72-f591-481e-a105-6cb88a1c1abd,0.5861532429646,224.77999999999997
37c15202-8fbb-4d3a-8e9e-98fe71a0e704,0.58338876827385,249.78
502cd785-1699-410a-890c-426c3ca9effa,0.5840300525862,240.78
f0b2df24-f07a-4b77-9663-b5274a046110,0.58418214587795,194.77999999999997
6d8a8877-904f-45e0-8472-4fc0c513b946,0.5858106841102,233.77999999999997
5eb0afe1-ba26-4138-8930-c16511ed736a,0.5844135404431,268.78000000000003
b321e9ba-86d0-43ce-8f16-928aec00bf32,0.58190693890965,271.78000000000003
25222383-d727-4257-a81d-0536631d30e7,0.5865252641048,222.77999999999997
05b9ab78-6edb-44b1-abe2-cd82de5f0623,0.58753760593025,165.77999999999997
36a312a9-3991-446b-98f1-56d27075013f,0.584693505127,239.78
128ddbda-4cd5-4c93-b8e7-698ff9f950bf,0.58283120441755,229.77999999999997
471ae5c0-e525-4d1c-8e3e-22928cc7afac,0.58769141596665,226.77999999999997
9d535b98-3ed8-42a8-9122-0d5ac725b72e,0.58178743794325,168.77999999999997
0b908118-25a7-4d9a-8eb0-1d469dd19cab,0.58594513125095,188.78
e73221c5-693a-402f-8a41-c711cb85b0d6,0.58200206373615,215.77999999999997
9176bc50-61cb-4771-95eb-b5b204bf7340,0.58487270022415,247.78
186bcd81-35ad-4b8b-8919-e2b9fae8b78b,0.58197299640345,204.77999999999997
59c0f85d-f249-4c16-b35d-87b9c9c5e0bb,0.5856207661661,205.77999999999997
a4a274a0-3065-4aba-bcb1-d43ab1ba3b91,0.58200206373615,215.77999999999997
b0227ac5-7910-4f7f-8771-3c039a42a653,0.58418214587795,194.77999999999997
8ff65110-2e1c-4fbb-96ae-e37271babac3,0.5847113586201,206.78000000000003
5425594e-1978-4601-9b11-d484f20cd37c,0.58594513125095,188.78
37940198-b44a-40a9-ae88-4d2985127215,0.58382976112835,217.78
a6797d8e-1386-497f-9fb2-8ec0352bd849,0.5865252641048,222.77999999999997
0f580f86-568f-4467-8867-2f08fcf81d3a,0.58753760593025,165.77999999999997
f0e556e4-6176-4ba9-84d0-ec2837f85bcc,0.58437159192485,198.78000000000003
193ac63e-22e8-4fac-a546-74b4503f036a,0.5860753511282,218.78
f93695cf-ca78-45a1-a538-bd2f49d57005,0.58594513125095,188.78
500e6c07-21ef-459f-adaf-9dc9fb1a5d18,0.58178743794325,168.77999999999997
23de4305-6c95-4b23-8190-aef46ee9a71c,0.5872643008018,266.78000000000003
0b29cf78-9559-46a0-850c-89fd89cf0100,0.58406447095035,235.77999999999997
16ca0902-61f9-41fc-b10a-456ee317e4fd,0.5852556780352,216.77999999999997
a4ded378-3e00-47d2-8f29-075e8d69ec5e,0.58396210875815,263.78000000000003
d12b9080-3688-448a-a407-cf4c6018f0de,0.5848989028459,239.78
17a2de79-6645-412b-b9ef-cfdb6dff2662,0.58419620428975,237.77999999999997
29820cc6-f2df-4759-ab4f-bd153c593f2d,0.58112316661915,260.78000000000003
08a76666-a616-4993-beb4-ae9bc3f5d565,0.58668806341835,224.77999999999997
42be1e46-399d-4e2b-a08a-c37d6cf24718,0.58498957202365,244.78
fed16b4e-d02b-41d8-9844-1bf6cb911c82,0.58347583098855,300.78
cb7a6776-56c3-4f29-88ee-24e1c3c8eebd,0.58538120591955,229.78
4d103b4e-9b9b-402e-a443-fd10ca5172da,0.58753760593025,165.77999999999997
a556cc44-55a8-4113-b035-cd2781be888a,0.58706484499425,218.77999999999997
89b1db29-bef2-412f-9eb0-f2469f0ec764,0.5877629804984,205.77999999999997
21f9d9a8-6ca5-4ba3-9e50-42e81b9eeb40,0.58348962030455,207.77999999999997
c2c3edd6-f1ba-4c58-9033-9991d2a7a9b3,0.58178743794325,168.77999999999997
17c0cb1e-56ad-441b-8e0e-86a0c2798aa9,0.58203736212545,255.78
7b775f02-7e2b-45c6-8bf1-d7502e6b77f3,0.58806199686445,229.78
6c2fb0a5-b682-4777-aed8-e9ab02148baf,0.5852556780352,216.77999999999997
98453364-f533-4f36-923d-a5626cb24003,0.58167848768285,265.7800000000001
4b25455a-f4f9-400f-9668-c3e0caa1bb59,0.58476787238595,280.78
633be611-64c1-45d3-b8a9-878be9bf4653,0.58576361494975,307.78
19321512-8e67-4d89-b4b8-d9e9f13bb7ed,0.5872643008018,266.78000000000003
9a54b950-e3b8-4bf4-82a5-16ba2684f205,0.58406447095035,235.77999999999997
69cab498-27a7-4d59-bd2a-393101d2f444,0.58484321497935,239.77999999999997
f4c29732-bdcc-4a83-8436-a9404416dd03,0.58406447095035,235.77999999999997
b68fa26d-5c6e-4168-927b-a6eb6f1ab823,0.5872643008018,266.78000000000003
9f8f104d-5618-4e87-9cf7-9e8a773d4b5a,0.58753760593025,165.77999999999997
f5c262e9-5dad-414a-8027-4ecb93c58eea,0.58706484499425,218.77999999999997
40168a30-7067-41e4-a3bc-0526d554b612,0.5877629804984,205.77999999999997
94b78419-3fea-435e-971e-99ffd1865735,0.58348962030455,207.77999999999997
2428cd6e-8e8f-40ff-9d80-a82ea68eb18b,0.58178743794325,168.77999999999997
93c728e0-f210-4b14-9023-7bfcfdc3b83e,0.58497683412755,214.77999999999997
2a873a62-7a9e-4bd6-88ea-4c8a37fb5ba1,0.588044200642,233.77999999999997
ad063dbb-bb06-424e-97a2-af88f8368e56,0.5816211810837,269.78000000000003
afa0338a-b715-431c-a7af-4070634c2304,0.58483668955085,209.77999999999997
01c60ca9-d77b-4bce-a4a0-5b3f6f111bf8,0.5828817007608,253.77999999999997
26adf98a-791d-4e74-ac4b-828a692b221a,0.5851793541951,225.77999999999997
a4b74c74-3a99-4642-9dcf-445f55116ac8,0.5849430352968,252.77999999999997
96a5cf29-771f-4f27-89bc-077474da732f,0.58527593969625,232.78
f2c2c772-92bc-4480-aa91-7770f00b0588,0.5849593204643,236.77999999999997
af48dcd3-4cc5-40d3-b1da-5b34c5d8140b,0.5833580297121,235.77999999999997
9448e9b4-ea33-42a1-a046-09dc71a9f01e,0.5856704741053,277.78
f6f2bd80-b088-400f-a83f-6a3bc3adbc58,0.58753760593025,165.77999999999997
e23d18c2-ee81-4da8-ac3a-582fa0ab3b16,0.58489605315065,270.78000000000003
22069738-16d7-4448-bb76-9934816276a2,0.58285612959745,234.77999999999997
24955452-ef6f-4aa8-bf2f-3fd3e742de53,0.5835038354417,267.78000000000003
658f6aec-b7de-421d-87de-74bef9431332,0.58178743794325,168.77999999999997
0bab344f-da03-4bef-8035-698e2eeb1ed9,0.58497683412755,214.77999999999997
b8322029-dccd-45ff-b779-8e014bb76040,0.5864713738213,249.77999999999997
804ca25a-aade-4e3a-a8e9-fed68bdcb0a3,0.5861355707971,206.77999999999997
24645772-79e7-4aa1-9747-bdac9c375ce4,0.58483668955085,209.77999999999997
de7dca16-b26e-4292-859b-ef2c2b6979b2,0.588044200642,233.77999999999997
4f32e9b2-15a4-4492-a74b-54c436fe70b0,0.5851793541951,225.77999999999997
90e5eb9f-2002-48e4-9a61-1d1b0508229d,0.58763666073985,214.77999999999997
598fb1ad-0934-4e17-9fae-318f4213bc37,0.58527593969625,232.78
737f9209-5481-4e69-b98a-4e5ee2574c66,0.58158431802985,232.77999999999997
0dbe1d84-dbce-45ee-8a53-eb6453fbea5c,0.582606879638,268.78000000000003
29005c23-b69e-4e9f-89c9-e64b4538fced,0.58497683412755,214.77999999999997
a10119e3-8c35-478f-bbff-b88784960efb,0.58753760593025,165.77999999999997
293d9552-9cc7-4207-8bd6-efbdc026685e,0.5870429637705,232.77999999999997
1382616c-59ce-4d07-804d-5690bc7e7375,0.58418619566065,244.78
e3eb4e6d-4e6a-4b77-bf88-1de486a059cb,0.58497683412755,214.77999999999997
60db772d-8fb0-4094-a8cf-8f2b96f57d7b,0.58178743794325,168.77999999999997
8993a799-1a85-4f04-80d8-4d2c674c14d4,0.5843098169046,244.77999999999997
e4999f18-4f40-40eb-ad1d-70d1db15d6db,0.582506478673,242.78
d9ebf1b8-a2cc-4776-ad5b-4d5e46a676a3,0.5850990629769,230.77999999999997
2ca2233c-0711-41aa-a6d5-f14fa82d9d24,0.58258785791735,233.78
058ae3e7-4c82-4cf2-aa66-409694f73ac2,0.58055421682055,255.78
61fcae4b-313c-4335-a6cd-91318058422d,0.58280258979195,246.78
5edf9c8e-1bad-48c4-8dae-b2210edf1bc6,0.5846989865315,264.78000000000003
0cbdf119-21fc-4e79-a65a-fb4045d4092d,0.58378696727075,271.78000000000003
ca6f0c2d-981f-49eb-b9c6-18d92237d2e4,0.58431953641855,235.78
bc3bf03c-41da-4290-be7d-49077b6365e7,0.58637856290865,205.77999999999997
659a0ade-ae3b-42b9-b036-83d0d059ddea,0.58419191578645,225.77999999999997
48a048c4-a0d7-405e-a3b8-028fe2b0f99d,0.58753760593025,165.77999999999997
83863da5-816f-4573-b6f5-1cd1a95bffe1,0.58455445528405,243.77999999999997
711fc304-f816-4ae9-99a8-392299a8759e,0.58489238337485,283.78
e03f8ad4-6358-4d16-a40e-2cef5833d769,0.58517281305485,217.77999999999997
168e3ec7-f812-4cf2-8d5b-765e9c615fcf,0.58178743794325,168.77999999999997
5da79378-0b31-4635-8926-316cabaad4dc,0.5843098169046,244.77999999999997
39cadca8-3d0e-4fc2-8d7f-ce263c47ddb7,0.58377186777525,261.78
7fc5b25b-dccc-41c4-b4b4-26427c70b98c,0.5850990629769,230.77999999999997
208d523a-8ef2-4c8b-8399-5874f4f26d2b,0.5815722240831,234.77999999999997
c653a801-53f1-4777-a9f2-4fd1ba574d80,0.582506478673,242.78
b1a723b5-a8ca-4287-857c-aed19f87dcc6,0.5843098169046,244.77999999999997
9842df9d-f99e-42ba-ba73-87bb76bebdd4,0.5843098169046,244.77999999999997
0d628272-db4e-4dce-a281-b03f33ca948a,0.58366028415565,230.77999999999997
d0cd7ea0-213a-4e2f-9882-26c00f3ee733,0.5841251011604,248.77999999999997
25df69fc-9e8e-47d4-9ca6-316b322116e9,0.58637856290865,205.77999999999997
e000a825-cd82-47de-95e1-b1b3376f936d,0.58419191578645,225.77999999999997
52af4578-1b04-48fe-9df3-3ec1603c226b,0.58753760593025,165.77999999999997
87e20a66-f855-4bb9-9cdb-df62d4caf70a,0.5843098169046,244.77999999999997
22829827-3a22-4636-be2c-b3bea4b4f933,0.5850990629769,230.77999999999997
fee249bd-ed5b-42ec-bcb2-35601dcc0b5a,0.58517281305485,217.77999999999997
f8936055-7589-46fa-acda-969016042785,0.58178743794325,168.77999999999997
519a2933-f571-41ed-88b1-2d73117e5e56,0.58497376091105,264.78000000000003
324490ad-f151-4d9a-8c4a-4e7b411e5af9,0.58867550582335,218.78
5ddb3df8-0b2e-421d-8661-adbb2f53bbf5,0.5856737806799,187.78
06e18a26-df5f-48b0-8b12-757bea98603e,0.5853337463266,218.77999999999997
8e09d035-a4ef-4b65-978b-87f28e1a83c4,0.58363590895805,220.77999999999997
cc1880af-ac9d-497b-92a8-62276d72af3c,0.5858795401133,201.77999999999997
0f27a2e7-dd09-4b25-90fa-999f3661f99a,0.5842549560959,229.78
a156ec4f-26e0-43d4-b308-8a2c6aff0005,0.5857465874142,263.78000000000003
d7bea661-6060-4546-a628-e263c4ea1eba,0.58353659381545,253.77999999999997
1f9bd342-2592-43ef-b12f-32b7859e119e,0.5817239682389,244.78
5335a61a-1410-48f2-a8b5-c1bb47e51d7e,0.5816972867405,224.78
6d350d1a-ec73-4b52-b5dc-701bb0db5602,0.58753760593025,165.77999999999997
c10d0c7e-b4ff-4ec7-bcb8-ab372b65c2d3,0.58594948979735,221.78000000000003
83149b16-63f3-42ee-b4a0-a67a45f7f932,0.5837521797923,264.78000000000003
6a786f20-db2d-44d9-9923-9443fb1eff4e,0.58333536967515,239.77999999999997
d3190309-ccc5-4bf5-89c8-80759f6edb39,0.58178743794325,168.77999999999997
6e40d2df-cd22-4ea5-8c89-873987da6423,0.58867550582335,218.78
79bd4465-2814-4866-9bf9-17d21cf78b59,0.58385237220525,260.78000000000003
5d824591-94d6-42af-9f9c-087b4d234963,0.5856737806799,187.78
88c1d50d-2599-4ab8-9a80-21401d495362,0.5853337463266,218.77999999999997
3996dc5a-2739-4aa9-8ab4-bd84347eb5ac,0.58363590895805,220.77999999999997
f60ca14d-45f2-4b73-82c4-929c6053edb3,0.5858795401133,201.77999999999997
2f38691f-a9b7-4aff-843a-9c4cefea5d59,0.58516828325935,235.78
92f1a071-db4d-4e4b-8d95-3eb3d643c19f,0.5864780073476,208.78
ea10f994-70ea-4466-b712-86b5ee9ce6dc,0.5858302265943,194.77999999999997
71f2c48f-0848-4eab-bf44-478c82e72ff9,0.583744667397,239.77999999999997
b5959910-67d0-4cc8-9923-8e0f75d15c0b,0.5859596235785,237.78
98c1d74f-e163-44c9-b9a3-d75238ff1fd2,0.58753760593025,165.77999999999997
6004f2f7-065d-43a0-a2c3-1472a2ca92df,0.58453172354085,223.78
09d0234d-9ead-406c-8eec-00af54a245e5,0.58466333665645,241.77999999999997
e800a427-8ae5-46ca-8c77-2aa90efebf9b,0.58456201450415,253.77999999999997
c0294355-b97d-4cdd-811f-2da88064fd54,0.58178743794325,168.77999999999997
8fdddad8-c181-4d06-94ff-efe5836b31bc,0.5869985680114,194.77999999999997
1afb8a30-bf0a-4d83-9797-bc8e1dff6f4c,0.5818389323767,256.78000000000003
c42bdf58-7d21-48de-b2e3-76bbf9334872,0.5831126337902,270.78000000000003
fe58b13c-0c9c-4032-a759-f3fb3e005b3a,0.5823162776229,270.78000000000003
f76b6d84-fcf7-4aaa-9ca2-d453d029e817,0.5861031850565,251.78
c42f6bc7-7d6b-48bb-923d-c00075cf475a,0.5836878473836,223.78
0f385c7f-a163-4844-b39b-f4162adaf9b5,0.58405603903015,206.77999999999997
c190da4d-1d6e-49dd-8a67-81a25dac1823,0.58676113025755,229.77999999999997
70803500-e739-47fb-b417-4edfeeb1c137,0.58748034116295,231.78
ad6ad0dd-62e1-4cbf-b83d-78a27ffc77cb,0.5841812077308,218.77999999999997
a77ea8bf-f4d2-4c71-935a-0aa99f17aed0,0.584340958182,254.78
90be6eda-2fc4-4bda-912f-baf3d57acd93,0.58753760593025,165.77999999999997
79bf945b-f56c-47a2-88f2-54f816abc120,0.5825461487929,245.78000000000003
fd3fe50d-50d9-444c-bcc9-5f63973a5c67,0.58445184008615,216.77999999999997
93bccae8-9a95-46c2-92ee-0b009c4f12be,0.5873766031565,220.77999999999997
005f0fbd-d33a-4878-8d75-95a284a59b56,0.58178743794325,168.77999999999997
96fb8873-4edf-471d-abcf-fa17a2b4765d,0.5869985680114,194.77999999999997
38136f26-397b-4d55-903e-602d743276b3,0.5818389323767,256.78000000000003
0f5b1d6c-752e-41ea-ae9d-3b9092b49809,0.5823162776229,270.78000000000003
1ab8b59e-d3b5-4b2f-8876-83cfda7b25fe,0.58193045436785,261.78000000000003
e1b294c9-2988-4201-8abe-64a391a72179,0.58289811002175,221.78
40a156ea-9b74-4df0-9954-a0c6299c7a34,0.58662415607165,220.77999999999997
5046396e-dd65-49fe-972d-f4eb94379952,0.58405603903015,206.77999999999997
04e43508-6e2c-4fac-bc99-d714515546d1,0.58282162294995,286.78
20880d93-2ca1-441a-a656-319dff88ee6f,0.5869985680114,194.77999999999997
dff08fba-fff3-4b34-ac37-d1413272096c,0.5841812077308,218.77999999999997
af966a15-c6a6-4f5c-8344-331b371c9401,0.5845797009531,253.78
8dbc2e95-8bea-4d23-8e8a-1cb28e94a4f3,0.58753760593025,165.77999999999997
dc893c88-d9bd-44b0-9d8f-2c97e8ef1899,0.5832345507279,210.77999999999997
ea95db92-ff4f-4133-8700-7c34089da526,0.58445184008615,216.77999999999997
e63435c3-c62e-4c02-b841-6eb29b09af1d,0.58378615167255,241.78
0b01f4a0-bd80-4375-86fa-6385f7610901,0.58178743794325,168.77999999999997
4d85936f-f9e4-45da-a14b-af727d572580,0.58542514556775,246.77999999999997
9df6b1c7-b131-47ca-a594-6f1fae22aa73,0.5903646106838,195.78
ecba4fc0-2a27-4037-bef0-9fd318cc0932,0.5843848474043,216.77999999999997
a22ab841-28da-4e26-b448-114cc2fd2b66,0.584671706837,227.78
38fb2357-0ce9-40ec-9d69-1d03d733870f,0.58166769443095,233.77999999999997
9c8263c9-5b1a-4ac6-8048-a26195f89a64,0.58718427488815,262.78
fc681908-fd0b-46c9-afb3-77ebc471b221,0.58872632611405,173.78
fd7520f8-a488-42c8-820f-4122b3cf8377,0.58425797440045,252.77999999999997
6a8ff45d-09f6-47ff-b1bd-0e629790695d,0.58653865088595,197.77999999999997
613d922f-d617-4964-95d9-0c2a60ffba99,0.58892368919835,251.77999999999997
59daade8-5029-4376-b6da-811dcdcc99ab,0.58486145164185,252.77999999999997
2ded0aca-8427-4c58-978d-eeac7ed3a1b6,0.58753760593025,165.77999999999997
0c361abe-ff18-43d8-b652-d6189648458b,0.58665857195415,252.77999999999997
afdfbb25-b3da-479b-807e-5d22a7c1645c,0.58388992826085,221.77999999999997
9fdfcfb0-6174-4858-9298-6317d9e97f9c,0.5827763704149,245.77999999999997
12e4a43f-ebee-425e-bc41-c77fbea9ca39,0.58178743794325,168.77999999999997
7f5e6765-3e8f-439b-8a37-93e52341de3b,0.58435306757155,259.78000000000003
8e49588e-4df3-413d-859f-7c08194c5bb6,0.5903646106838,195.78
f224b5f7-d248-4fb8-8d2b-b01cf4b007ff,0.5843848474043,216.77999999999997
50d31002-bbd5-48bb-8397-9e964f854b07,0.58254512896075,277.78
4d7e5110-224c-44b6-8fa4-ef00a809e355,0.5857931706219,209.78000000000003
f74e1af1-6a77-4f28-8c63-8ff8ac448ebc,0.5860358418382,205.77999999999997
dbec2034-47e2-43f5-b196-2d1eb12b98e7,0.58872632611405,173.78
8f92fcee-4d4e-492a-8075-7e73f0146963,0.5864104419758,254.78
859c3d96-c85f-437a-817d-a0418839121e,0.58653865088595,197.77999999999997
dfbe6bc2-ce2f-4f16-8a1c-279f2999a4df,0.5843123170856,247.77999999999997
7d2ca342-6725-4054-b420-edf7866f73bf,0.58810754827095,218.77999999999997
41f62392-2376-4600-80de-3dd161492c3f,0.58753760593025,165.77999999999997
fb55dc88-5a22-4c3f-be12-d9cb83bef135,0.5843848474043,216.77999999999997
ada39d21-d092-497e-83cc-7a7b0a8c60fa,0.5849954875267,237.78
63d36478-a73c-4a17-9c58-61c7a24f9df9,0.5843848474043,216.77999999999997
4e78287a-04a4-42fe-8419-bcb4b497cbb2,0.58178743794325,168.77999999999997
ba2ac255-13a0-46bb-830a-b4b61775c54b,0.5841919441041,274.78
aa6f640b-c865-457f-9c13-1a15041db0cf,0.58095165449025,196.77999999999997
d0cbb27c-1434-461e-8ccf-6f55518cacef,0.58595050907395,259.78000000000003
18249b99-ac4d-4b35-9f2b-62124027eb0a,0.58609151076765,199.77999999999997
0a4e5992-9949-4f2c-8b43-73ec639f3c4d,0.58396716043995,282.78000000000003
b7a2b9f0-7c2b-43d9-97e5-d73b13e49974,0.58354896920065,202.78
b46b5fad-78f8-46e8-9fc1-d2500659f25a,0.58648027824615,201.77999999999997
6241b1e3-6e6e-45ad-9ded-7cf1336f3baa,0.5855742904714,247.78000000000003
cb7d9956-9f7d-4f68-9e4e-10fff7dacd79,0.5870030442584,206.78
cab2cbde-ea47-4379-b093-699e6b68c6e1,0.5838464525743,218.77999999999997
bdd19aec-0768-433c-b478-57a146b76472,0.58337606654195,262.78
c1edce54-7d4a-47ad-8f0a-d10cb6ff4388,0.58753760593025,165.77999999999997
c538bfa5-7c02-420a-b332-b15cac7a1934,0.5880841046415,221.78
bddddf70-f932-4ac2-be45-42ad64b639c5,0.58443078916015,190.77999999999997
ac2da979-5460-41c5-beac-7629bb8b3485,0.5837682373799,178.77999999999997
941a49a0-5ee7-4e75-bb1d-be6dc6605a02,0.58178743794325,168.77999999999997
59c7f0ef-d91b-4cf4-9a56-92911686595d,0.58595050907395,259.78000000000003
3d532141-1600-4ffa-b21c-17844d1edaee,0.58095165449025,196.77999999999997
803c35b5-7335-410d-b072-76f12c61fcf3,0.5805945811651,241.78000000000003
e21dadb8-2d61-4e9a-abe8-2d8c3ec41583,0.58609151076765,199.77999999999997
f7e7fe28-4e78-48e3-b8f3-330431ce9daa,0.5875720065994,224.77999999999997
70a52305-f6dd-4f1e-92e8-16d6746d1861,0.58202120395475,212.78
68fdc02a-cafe-4943-bbc7-4a1f94bf4fb5,0.5857942013163,223.77999999999997
0a238464-02db-48d0-ad5f-6607d1a8a75b,0.58595050907395,259.78000000000003
c6b7ce5e-3dbe-42b5-9271-93d2ae39ed6f,0.58480745001005,221.77999999999997
b1af2fcf-008a-424a-9e08-43bf04d12854,0.5844918451049,256.78000000000003
56c30890-b3ae-409b-b938-623a6cf20131,0.5845937195197,260.78000000000003
a7f275d4-722d-4756-b2fa-0c26692ead42,0.58753760593025,165.77999999999997
5bc0b480-b920-46be-8f47-18e471c7e911,0.58385400210815,279.78
7df9ac59-c064-4bf7-9bfa-62ba40155d02,0.58443078916015,190.77999999999997
20507c4b-c05b-497f-aca0-8b83b0726712,0.5837682373799,178.77999999999997
79f1488f-1b4d-445b-9a4e-05f23783c1dc,0.58178743794325,168.77999999999997
16d239d7-b20b-46b3-9118-5631b62b668f,0.5817316274132,231.78
0b51c26f-b470-46bf-a2b3-3660b306e586,0.58491363906145,211.77999999999997
03bed028-9aa7-4edf-b5f2-322a203009ae,0.5845263760001,279.78
a56ad5e9-4e22-481b-a134-67320e61f30d,0.58481263153995,247.77999999999997
2c853d84-839b-4afa-b8ca-91057b9c75b1,0.58452904472885,237.77999999999997
e10eaf8a-1aa5-4991-9ff7-0e9d0b49e0c7,0.5833243196156,221.77999999999997
4408aff1-c819-410b-8c3e-10ea27b3f6fe,0.58696281568665,247.77999999999997
3a2596a6-e3f7-403c-8fef-f3600930bc38,0.58592038011365,257.78000000000003
93b1af96-0ca9-44f2-ba24-cc05d20ed1a8,0.58561058034945,195.77999999999997
4d95bd9d-b06b-4f9e-8aaf-af51fe621882,0.58524138959855,266.78000000000003
fbc8c01b-67fb-4d76-bf80-d6ae4a753d84,0.5853475410703,187.77999999999997
363c6c44-1cee-4b08-b7ae-6007338bb803,0.58753760593025,165.77999999999997
a867933b-482e-4790-b6a0-1bacc23c0087,0.58775308365675,173.77999999999997
8975990a-0f35-4ebe-a499-0bb95754d891,0.5835457760229,217.77999999999997
b6b7596e-f9bb-4f83-bf7d-8f0a35351314,0.5853553193918,239.78
ec8a68cc-c479-4c20-b2eb-b0f8c9aa772c,0.58178743794325,168.77999999999997
a5e53ea5-294b-4e85-9a7b-75fed6dce99b,0.5842290430565,232.78
0e12a032-a9af-43b8-9c71-8d8bf80c6d7a,0.58491363906145,211.77999999999997
36012831-24bf-4972-9763-fab6d2ffc97e,0.5830258404753,257.78
32d841ca-5564-418d-9661-834b35598c15,0.5831762196429,217.77999999999997
95573b79-0082-4fb5-848e-923a735064fe,0.586807493956,244.77999999999997
92a015bf-858c-4d83-ae99-fab85079e49d,0.5837083137126,279.78
3254b255-5399-42bc-9e7c-cc2d6f248d61,0.5827035737092,259.78
141411d5-e790-4d98-8af2-2dd3bd069995,0.58339342478305,225.77999999999997
4819e1b4-782a-419e-81ab-07615c0c1964,0.58561058034945,195.77999999999997
71ddbf63-222b-4748-b6dc-f7240a5b9c1c,0.5808665385943,262.78
b60d9fef-a5e5-4a6a-b5c5-ed4e8bec1611,0.5853475410703,187.77999999999997
4fb733e7-13ec-46fe-9d11-a31194d4c79e,0.58753760593025,165.77999999999997
ee4343d0-e037-4a80-8459-672e88bdb614,0.58775308365675,173.77999999999997
02237912-5e33-4db6-9f53-71ae1bff1eb0,0.58253126268855,211.78
691b5b10-d5f4-4485-ae13-63470badc7df,0.58491363906145,211.77999999999997
9960dcfa-853c-45d9-81b4-a646b0abf9b0,0.58178743794325,168.77999999999997
499827fc-b68a-4665-b41e-18d35c873ee3,0.58144856459185,237.77999999999997
ee58f84e-97f1-4472-8268-c4e76f9e2c25,0.58560446924815,241.77999999999997
8f6e71cd-dae7-45b1-a01a-d9e740e2e8fa,0.58551093919235,242.77999999999997
31cfea21-bc27-4889-b529-5ba2543b463f,0.58189718726975,265.78000000000003
3bd2ec67-91fc-4c5f-bdf2-ff44c478f9dc,0.5834036152159,238.78
f37ea949-d1b8-4902-8373-d16e6666fcce,0.58472024058185,246.78000000000003
41a31a80-7bff-45f0-ab39-9ea70a5adc6b,0.583013515554,186.77999999999997
748f1a7e-c95a-4770-9e06-b90026da9aeb,0.586891084629,246.77999999999997
0e17fc19-421a-485c-85a0-089f57af8333,0.58618679931925,245.78000000000003
a0d0d685-39c9-4567-bd2b-cdf9a7376264,0.5867108560197,228.78
7c0f2cbd-3f44-4343-855f-3569fbd2d8e2,0.5865149235183,248.78000000000003
46abff09-9019-4f7a-a840-d1da7ae2baa8,0.58753760593025,165.77999999999997
5700bd32-3c0c-4cc9-b9c5-fd6880a4eb0e,0.5867440383024,201.77999999999997
bb9556eb-ff12-4962-bf9b-742f4039b8a6,0.58526554365095,245.77999999999997
2e1c8137-603c-4b5a-8da9-ce22671c2478,0.58642014549255,211.77999999999997
e3eb700f-2a4d-4d95-b165-d8b01042a482,0.58178743794325,168.77999999999997
ca4393a8-64ff-452f-b875-559f7cfcad7f,0.5874195326213,217.77999999999997
3bb8977f-dc29-47c3-9dca-88a76ad27c96,0.58393283095425,224.77999999999997
570fec61-7f79-4346-ab91-ffe4ea5cda63,0.58551093919235,242.77999999999997
b847173a-719e-485a-b598-ff1fdaac5ca6,0.5856084625068,242.77999999999997
28546052-f430-4dae-9a8a-a9ef00c7b547,0.58551093919235,242.77999999999997
77a566d6-b0f8-45b7-857d-e75d04a82db7,0.5824085164865,243.78000000000003
67aaad96-33e6-4b42-9512-9111984f7b98,0.583013515554,186.77999999999997
efd02013-86df-4829-9576-ae71deaf545f,0.58560446924815,241.77999999999997
565f532b-0d5e-40f3-84b0-7942c6e36779,0.58452466060305,261.78000000000003
e924e71f-e554-4816-b792-961a557e59cc,0.5867108560197,228.78
90accb09-83ad-4ea1-8409-69c924116009,0.5862991452123,258.78
b82509c0-c92b-421b-a304-9346a21ec9db,0.58753760593025,165.77999999999997
41c3992f-1384-45b7-a259-442fc7ffc7a2,0.5867440383024,201.77999999999997
f39eae86-6b58-4bb4-89ac-f9d8d01613a1,0.5873200990443,241.78
bc7be479-a609-462f-b6fb-6e5f3fdf4359,0.58642014549255,211.77999999999997
7ad0f9e0-a51f-4f86-a161-43a5bcf1c007,0.58178743794325,168.77999999999997
8e64f1f7-3052-4461-975a-7fe0c0a5bcdf,0.5839555179422,243.77999999999997
f82b0ca3-1b3f-45b9-95e9-d3780212b50d,0.5845678868309,250.77999999999997
d62e5f27-62aa-4830-a620-00722c93c588,0.5855909598607,257.78
178d287f-7da1-4aa3-8069-7618f368a48d,0.58279605124845,257.78000000000003
466c61ba-b084-43ae-83c2-2a3fd81f9756,0.58473318265515,243.78
21cf66ef-381e-4f18-82d9-1c26fc160c2a,0.5850948941878,211.77999999999997
9d447c51-771c-4d3d-9fc4-64bc1ba25422,0.5804916579224,251.78
d6518af0-1dc7-450c-997b-967ab721461d,0.58257295787555,290.78
951b9bcc-54e0-4976-be2d-7c432552da3d,0.58178387118955,315.78
ee2a4470-b6bb-445e-94bd-e7e60645b7bc,0.58484368535605,232.78
f8762f51-2661-4e4d-ae6f-3e18ad82acca,0.58493532590285,231.77999999999997
985abb31-dbf1-41e6-8915-115ad6a49294,0.58753760593025,165.77999999999997
803845e3-f2c5-466f-a7c4-233f2bca8d67,0.5812095200142,241.78
9ffa3049-0830-496c-ab0c-690c9f402a52,0.5856839358614,257.78
c7d6e586-33b5-4e6d-8f65-9ce8d470b372,0.58211031487915,236.78
1bf0a466-87c5-4369-9ed5-22feb5b6c81e,0.58178743794325,168.77999999999997
23cfcaa0-77bf-458b-a18c-a9f8decdfdf2,0.58656662550075,222.77999999999997
087dcc9e-6a22-4a6f-b2af-3d52280c7692,0.5855909598607,257.78
1a98fe0e-c49c-41fa-a0c0-9fd1f274a757,0.58520628889375,268.78000000000003
63c63a2d-d8bd-441c-a385-a3ff25c41dca,0.5845678868309,250.77999999999997
3ab1a2b2-0644-47ce-beae-78a84d04e6ad,0.5839555179422,243.77999999999997
df8cb3c1-a41d-4443-a134-973f6c6d0227,0.5850948941878,211.77999999999997
98813603-c259-4215-b23f-355c9e2011fc,0.58225984483655,260.78000000000003
280b941f-70b0-4834-9e5c-cc12b0d660cd,0.5845678868309,250.77999999999997
61279fc3-47fd-4476-a481-d436a5eb6782,0.58004473731255,234.77999999999997
33dccb55-f9b5-463f-9dbc-1af76e18f097,0.58484368535605,232.78
a085bc5f-adac-46c0-8fa2-b4c6ef21c9f4,0.58493532590285,231.77999999999997
21783af0-df7b-4df4-bf72-c70323685f05,0.58753760593025,165.77999999999997
1cd6acc4-e6a6-4430-a1d9-f0f4c896d5f2,0.5839555179422,243.77999999999997
ac405d77-3f7f-48d3-a27e-8b16d33b01ba,0.5839555179422,243.77999999999997
f8b45289-daa2-4b1e-a43f-10f3c0247c27,0.58211031487915,236.78
9cc70d75-de6d-4a9b-88d4-b8e23d3fcc31,0.58178743794325,168.77999999999997
bad55900-8290-4ee1-a21d-9501295e8498,0.5837161342109,232.77999999999997
9624f63a-100d-4c9d-a1e1-92a10b9445c8,0.5815500730469,263.78000000000003
ea527c9e-99f1-4b1d-99d1-fd694fac9f60,0.58256813282135,212.77999999999997
4e336a1d-6207-4cf3-99d9-6833bbaa370c,0.58309154729725,242.78000000000003
aed33b7f-d239-451f-967d-81c06d07eb8d,0.5865404271021,193.77999999999997
297cfb61-90c6-4a83-b0f9-84495e606efc,0.5876158368206,263.78000000000003
858a9b07-a76c-498b-b8d0-de3f7111d5bf,0.5881164951774,212.77999999999997
14cea7d0-f736-423d-8357-9b27aa799fcb,0.58522342416405,246.78
8f96d2c0-fe3d-44f9-83be-1c998bb96f6d,0.58776877327215,193.77999999999997
617b2c8c-b062-47a0-bbc6-abc928bdc9ab,0.58051147564,242.78
9d653e78-6b5a-4579-a3fa-2e75ca2af6a7,0.5833212627222,252.78000000000003
9847acf0-4780-4258-b79e-b491c16c2b2d,0.58753760593025,165.77999999999997
558fdd4f-61cc-4f06-a72a-e8e1e38afca3,0.57886477645085,252.77999999999997
a0845e83-f262-4ea7-9f90-f903c9119e6f,0.5829665800559,219.77999999999997
a2538b41-8b70-4e5c-911a-5a88e75e1a45,0.58383832356905,253.77999999999997
532f0a27-59df-4e17-9647-db2596ab0039,0.58178743794325,168.77999999999997
fe47b1d1-77cf-4a2e-bb00-5953fbb638ed,0.58383790890785,251.78
362a0451-59cf-43bf-89a5-c76e9acf740e,0.5860593133159,233.78
8e07d054-8f90-4152-92bc-fd5d20bb56c6,0.58256813282135,212.77999999999997
dea857f6-bf18-4ef2-b0d7-8fb293b18ae5,0.58164699975195,244.78
a05ddfc3-8b89-4ac7-a036-cf8ab5e645c0,0.5865404271021,193.77999999999997
8c9c31dd-655c-41e7-972e-8fe2e57b31d2,0.58464499684395,248.78
f6eea7d7-fd02-4ad8-8759-71ff8a8e3cdc,0.5881164951774,212.77999999999997
1db500a4-d016-441d-88ec-6ca651299e1b,0.58256813282135,212.77999999999997
bb771bab-d6a8-40a8-9608-c32f6c0fb1a8,0.58776877327215,193.77999999999997
aaa17164-a2be-493c-82bc-68dd3e1b8556,0.5856563557837,255.77999999999997
c1c9c56c-a6c3-4dc3-b585-f7ccceb651e0,0.58205011629055,224.78
2d345cae-1bf1-4a64-83ff-355431fb4359,0.58753760593025,165.77999999999997
5eaef2c7-4e3d-4cc4-8896-93c2d72f4d37,0.58289304592405,255.78
f6d538aa-131b-4610-9b3c-c2a042bee8e3,0.5842710134493,220.78
8b4c651e-1285-4996-b3d7-b624290a85a1,0.58347910569125,226.77999999999997
9e1186f7-37d1-449d-b823-b1fd957c47c4,0.58178743794325,168.77999999999997
f875335e-abb0-45ad-8708-7d5157c6aec5,0.5856587926527,258.78000000000003
0908d404-bc0a-4c7d-844c-a4391f977b3f,0.58199465810415,244.78
9d3612a2-fbb6-4d8a-847f-9444aff9732e,0.58110968078205,267.78000000000003
fe01396a-4a79-4c49-b1ef-2a60d2d93f2e,0.58244335182765,236.77999999999997
165fc58c-445b-4598-a209-3dd272c75c89,0.5827264581213,220.77999999999997
e74636fc-5570-4eb1-8754-f521efad3d1a,0.58427602001665,193.77999999999997
e621471d-98ca-470c-a69c-9709eaa71829,0.5873476502721,248.77999999999997
029436fd-63cd-4446-891a-082c1c6f5444,0.5826702104532,236.78
13e08e71-754f-4ca3-8792-f56442d91b8e,0.5862907017091,244.78
745fde0e-4747-423c-82f0-c90add5556b7,0.58500155544935,252.77999999999997
5e23ba06-9273-4207-bffe-ac950a7d320e,0.58338414615475,248.78
184eda1e-5d55-4007-96f9-93fa5610756e,0.58753760593025,165.77999999999997
50591bbb-9923-4b47-ab86-030aabb07b5f,0.58419709569555,226.77999999999997
90242386-5f20-4a8f-a54e-d1f88621ca4d,0.583229936584,252.77999999999997
3799f7f2-b3b8-4807-ab70-f82057f5c433,0.58792587455985,206.77999999999997
15af2f61-b0b9-4916-82c5-22a65a022b31,0.58178743794325,168.77999999999997
94dd33d9-6169-44a1-abc5-1337b6229163,0.5840689002701,264.78000000000003
2ee3210d-6b87-4494-be11-ed861d92b2aa,0.58483457096585,259.78
a8da6720-6a61-414d-b8f1-84577f14c937,0.5839260218508,241.78
29a22be5-c9d2-4d64-80bc-c9580abd19e3,0.5845052890843,290.78
e04ffdf0-5055-4bef-9a11-afcda72404b8,0.5827264581213,220.77999999999997
93311ad4-0aa9-4d7d-b919-0cc688b4ba72,0.58427602001665,193.77999999999997
4d7685be-52c3-4898-8545-1977d733e4ce,0.58244335182765,236.77999999999997
391b2995-dc87-414b-a339-64b2df1264c3,0.58296457382045,221.78
8d8db241-3ba8-460a-96cb-091fe6c947a4,0.58199465810415,244.78
47281af2-b0fd-4315-90ec-19d4c45cf7eb,0.58621744290005,219.78
139a2839-d885-4f94-a64b-c337a49d2e64,0.58196524453945,255.77999999999997
68a85d14-0f69-45f0-ae07-b37f469f5fbf,0.58753760593025,165.77999999999997
d20b6c74-7ddd-40b1-b808-97c93cd76f90,0.58419709569555,226.77999999999997
166a9e4c-8e03-4ed9-a82a-691d0fc97bd0,0.5842288343817,241.78
8d348562-7c6a-4fe9-8bfe-641300089b28,0.58792587455985,206.77999999999997
79945a8c-c152-4681-81e1-a013de57653d,0.58178743794325,168.77999999999997
d4c9966f-3b1e-4624-9ab1-3f8cac64ace5,0.58432692453095,223.77999999999997
a0b6a1a4-7792-4864-8528-766e25afe334,0.5812046436026,213.78
ed9bf273-d47c-46eb-9d7a-8071d9379bca,0.5836298286952,226.78
6cb1b8cf-bf89-450e-a1e2-7ccf068ed635,0.5854208870565,226.77999999999997
27462fbf-7682-468d-9880-39ee062c880b,0.58424735522415,205.77999999999997
74979386-9541-4cec-91b5-1eb111b27fc0,0.5842577700621,262.78000000000003
95e9e168-54f7-4f81-b0f1-b10941658a01,0.58438710052165,198.77999999999997
e0dc9379-9675-4d95-8f63-8a46323311d0,0.5877833172259,235.78
3a7d9a85-0c72-48d0-87c3-a701bf42b281,0.5861629129319,268.78000000000003
f030a636-c43f-469b-a19c-bccc72357cdb,0.5894530014973,204.77999999999997
0f47251f-a252-4074-a547-b5e1d7216da2,0.58351976723935,218.78
34140dba-7da3-40c6-b66d-d3a6fa0f3d3b,0.58753760593025,165.77999999999997
1330694d-364b-43f0-ac92-f38da6b92ce5,0.5814918037401,248.78
7696779c-b5ab-4c85-8227-d121e78bb938,0.5865191570214,247.78
caeec212-f138-4c68-ac4b-5ad308e9ac99,0.5838133189104,244.77999999999997
3d2a1c44-0ab2-4cc2-8362-cf82bfdc7333,0.58178743794325,168.77999999999997
588e08b5-0336-4ca3-91c2-10e32e717856,0.5812046436026,213.78
b697d9d0-f77c-4749-912a-79457027afc2,0.5812046436026,213.78
cedc21e4-4fdb-4bbc-9b7d-267b507b9db6,0.58287916215915,242.77999999999997
a8585077-0772-420d-9766-079bee577c5b,0.58421340417845,203.77999999999997
abf06dba-8d26-447c-9a44-61cdda7faabf,0.58424735522415,205.77999999999997
a45a5b88-9295-4ceb-aaaa-064f81dc175b,0.58405773735835,229.77999999999997
296707bf-699c-4aaf-815b-082b3a6f1e17,0.58438710052165,198.77999999999997
be8678b7-21bd-4d66-8a03-59ca1b807a10,0.58388431003165,233.77999999999997
0b72cff5-057d-4f66-8493-4a79c54798b2,0.5873383585002,232.77999999999997
1f18582f-df36-4a7f-ae84-07a5a28d0a35,0.5894530014973,204.77999999999997
b384bf1d-a68d-4654-8aad-e8bf3d16d775,0.5836298286952,226.78
ba08aec8-608f-4d2b-b2de-e8acf5df5f28,0.58753760593025,165.77999999999997
7e71d2e9-9191-4d9b-b627-7524ec944ff6,0.58270616441815,219.77999999999997
524c4365-65bd-4d4d-890b-22d0e9081449,0.5849477990372,219.77999999999997
f4ad818f-1937-4959-940c-aa93e06bdee3,0.58115025625745,225.77999999999997
ac3e4c12-aa94-454b-9ca4-07118c80804c,0.58178743794325,168.77999999999997
0f5be1d6-1675-4ad2-ae21-edd2e7cef822,0.58753195396905,192.78
4ed50b33-81f5-4bdf-a0ac-814501bde3ec,0.58589741885855,247.78
69a5265a-939f-4258-9318-da540f9e1d13,0.5830895674191,244.78
eb0a9743-5f65-4812-a076-91aa4807d509,0.5883684615756,211.77999999999997
ed9d7b1f-8c65-42d7-bf29-98007a1c12df,0.58780902138315,207.77999999999997
3008781f-3dfa-4ef3-a9b2-59d153406568,0.5863024723303,268.7800000000001
dd535f6f-626f-40f7-8ffc-7f489d7b5f22,0.58487886821555,247.78
9c3c0d82-50d3-447d-b79d-7ae852b6cf97,0.58477639933035,211.78
f6c5faf7-fc09-40c1-a6bc-941d00913060,0.5804892887338,252.77999999999997
617e4834-3dab-482a-9799-87bfcf6d784d,0.58461075337185,219.77999999999997
cd79caf1-8489-43dc-a247-bea548e925bc,0.5841804477099,221.78
e1aca426-b9bc-448e-916e-5bdf3668121a,0.58753760593025,165.77999999999997
5e50ae46-7f20-4a3b-ae77-afd92908c0b4,0.581142697853,204.77999999999997
0c288cc2-1954-439d-b725-5079d31f64bb,0.58556893816155,272.78
93f7bede-0f7f-415a-92f1-712047964e4b,0.5827959772699,282.78
e1320570-09ac-4e0c-b6d6-ac5ecefdfa7b,0.58178743794325,168.77999999999997
b6f053bb-9734-4bad-bede-58e841a1789d,0.58753195396905,192.78
40dc3010-04dc-4a3f-b7b0-34336106da54,0.58589741885855,247.78
05a56462-a43f-4c89-af92-654035f84d8c,0.5830895674191,244.78
60452a34-b05d-4cef-b79b-52d72a6e1c59,0.585533132497,250.78
3e8ab79d-4390-4882-8a1d-56d5edce88c3,0.58780902138315,207.77999999999997
03fba30a-1d35-43b4-8943-7265549d8965,0.58483406960135,233.78
9cc43f6e-fed0-4548-8d5e-5e0a310f74f9,0.58434136491805,224.78
b05d83b1-e27f-4cff-9cdf-59dc4fd4465c,0.58477639933035,211.78
01f987d3-1013-4b6b-9dd2-41a2b0bc4af3,0.58217532182785,249.78
66d7eab8-f83b-42c8-b112-43a0d6571ace,0.58753195396905,192.78
f1ead266-9ec6-46ad-8353-85bfeab1f920,0.58589741885855,247.78
adf665a0-80bd-4f98-8a1d-4650ad439789,0.58753760593025,165.77999999999997
64a87174-cbcf-4c76-89d7-363d801f8e59,0.581142697853,204.77999999999997
38bcf5dc-ace2-4bcd-82c3-84219d60d72b,0.58272898238025,229.78
3a3a7f05-4ec7-4c35-a0c9-ed215bb2307a,0.58753195396905,192.78
f6bf87fc-f44a-409e-b6d1-908e86aa66fb,0.58178743794325,168.77999999999997
aee0413f-da7e-4a4e-939a-fd34089904cf,0.5854431357742,231.78
33d62c77-99cc-493e-aa5a-2a461a7d01f1,0.58556812750335,271.78000000000003
ab11a55e-4fac-4a73-8c95-835b6ad7d238,0.58364055421485,248.78
dace2bbd-0a19-48d8-9f35-49a1c1eb90e5,0.58364560907605,224.78
a7d80d58-005a-4e6f-aa78-697b28249729,0.5854504908343,226.78
c2a5e254-42e7-4555-865c-d944df5118a2,0.5832540955756,207.78000000000003
115cc660-2d9f-4567-adec-24631a555d00,0.58126156119965,295.78
52958f31-3955-418b-b79d-dc9f3d8cb110,0.58417545067395,217.78
4196f0f0-d2ec-46c9-ab86-aafee6b58e2d,0.5843886795614,247.77999999999997
89220973-53ab-49be-9f74-cda116a53fdd,0.58704108243345,264.7800000000001
d12d6b87-2059-4443-acb2-85c982dcc43c,0.58324906347295,217.78
eb19b019-900d-4084-bf8f-24362317d051,0.58753760593025,165.77999999999997
41b2cf80-96d3-48ad-9872-f68aac7db98a,0.58183958808555,283.78
6e914436-3bc8-465d-b4cd-d0933b35c13f,0.5845387487145,235.78
dee85d99-fb7b-465d-a4ea-bec98e7f6bc5,0.58200108615555,235.78
eca0ab39-4f34-4ee9-8026-04e161b1ed3a,0.58178743794325,168.77999999999997
5edaef5a-c20b-4756-860f-5cc73b4bf89e,0.58572666380445,236.77999999999997
1c13ed02-d561-463d-8aa0-c4ce1825c3a5,0.5849738640234,246.78
1d4c44c2-35a1-481e-919b-d18ee888884a,0.58269487218605,242.78
9c103085-9536-45c6-8613-313fadeb83cc,0.58364560907605,224.78
103c78f5-2224-4d21-9486-419eabd3f777,0.58578186351605,263.78000000000003
27adbf8a-445b-4240-93d5-78ceda94f239,0.5832540955756,207.78000000000003
c7e7d3c4-456b-4a55-9a21-8a736b851b8e,0.58556812750335,271.78000000000003
877d0f14-abf5-4dff-81a1-db7178171b0f,0.58417545067395,217.78
3096b9e6-ea6d-4a4d-92ec-0f88d0cbdbe9,0.5826484911922,265.78000000000003
8773e5b6-fc22-4947-87dc-07dec8fe74d6,0.5802089130447,252.78000000000003
a094c69b-a072-4a0f-b359-cc7e4a1be7c9,0.58324906347295,217.78
2142c51b-6d60-4231-b596-9630a115672c,0.58753760593025,165.77999999999997
5656505e-53b0-4948-8ce2-b31d9ce65bd5,0.58556812750335,271.78000000000003
06c07e04-f245-4be9-be73-63efaf00f364,0.58556812750335,271.78000000000003
2605c76b-e041-4e35-b17d-7633ae91c091,0.5854431357742,231.78
05d73ae4-4b24-442f-806b-ccdb27eed52a,0.58178743794325,168.77999999999997
4e04c814-da83-4754-a8f4-a50f4b938b8e,0.5825016721602,237.77999999999997
67c254ef-33a6-4a60-9321-f025823ab2d7,0.58469088121565,229.78
dc975237-7535-4545-a32c-d0cb3a7bdf0e,0.58111251996175,217.77999999999997
890b82d4-0b90-477b-a790-81dc87b19798,0.5819968052666,234.78
b03d467b-dfef-452f-86cd-98fc6945acab,0.58492843418795,231.77999999999997
c470ea73-d12c-4944-8e58-7f8ea242e687,0.58655266195485,287.78
28591f58-e3c9-43bb-8915-c4dbcd27a3f5,0.5856489060258,297.78
4fe930c2-9da5-4d65-95fa-afb10ed9203c,0.5847992590341,224.77999999999997
f254461f-690c-4c46-92a6-a83f615b05a4,0.58528335186765,232.77999999999997
5b4a19fb-9ef4-4a4d-b5d9-9c7d2a9531a8,0.58545949644075,254.78
8bbeffe5-7e7f-44a4-b99f-f064b0b1b74c,0.58435122414475,273.78
2858e240-d214-4326-a4c3-f1ec91ac7c2e,0.58753760593025,165.77999999999997
cdaf4a4f-8392-432a-b303-4b18fd5e0d77,0.5828444796023,225.77999999999997
c3bd4aa6-7f41-42ae-b357-9101aca92b97,0.58385034557655,266.7800000000001
208a0bea-d449-4368-8ab0-896f2f198cd0,0.5835587480219,257.78000000000003
ec0f64a8-e211-470f-9ce2-c400857cb185,0.58178743794325,168.77999999999997
cb212df1-8a8b-4222-994c-45c7ffad8500,0.58409781978215,220.77999999999997
29f18325-9db9-446b-a67e-45657e321fce,0.58469088121565,229.78
98d7930f-19fb-452c-a459-ae63828d90cd,0.58111251996175,217.77999999999997
10c88f38-242d-4bde-9ad0-4ecb441a51e8,0.5861758688162,219.77999999999997
963dd274-b78d-471e-a580-dcc41e4523fe,0.5849527836923,249.78
5b440d6e-9745-42c1-b00e-b376e8694e41,0.58267662578115,238.78
6673cc41-e949-4400-9e90-ac509eb7fc55,0.58469088121565,229.78
4cb99cbc-01dc-4b35-84ec-3473e1b9c7fd,0.5847992590341,224.77999999999997
e9f48ce9-924b-40bb-98ea-e15ad770df02,0.58150187247745,236.77999999999997
4551f10d-5a78-4bab-bc54-97474f742de5,0.58176949666195,247.77999999999997
4eaca351-8c53-42ff-b3c6-67033e60c232,0.5867459460962,201.77999999999997
0efb86e0-a082-44da-ab09-5cda2bfbfda8,0.58753760593025,165.77999999999997
9d32b583-8681-46e2-b8a9-76732d40faa5,0.5828444796023,225.77999999999997
dfae0338-4083-4431-b5d4-4884f7806ede,0.58606739178005,247.78
c611ba7f-e5f5-439e-a279-6606ef45f646,0.5833898547812,206.77999999999997
9c5b7190-46ec-45ec-9cba-43f7c1cc5504,0.58178743794325,168.77999999999997
e2a7ff35-5375-4b8e-a199-b53b187496e0,0.58182496370835,257.78000000000003
22bf7e58-db76-4cc1-b558-6ea134775422,0.5881588288194,258.78
2e1c2fed-de63-481c-928f-55654975c7da,0.58595581350205,303.78
05916434-ccee-49fd-a5fc-b134586c03c0,0.5850214023785,233.77999999999997
303609ec-2335-4e74-b000-5f5202c31cdc,0.58286503108065,226.77999999999997
6894eb3f-79a1-45ae-bf6d-4c5c545a0b8b,0.5868324693597,219.77999999999997
4435c5e3-41af-44ec-9167-1a61c82a402a,0.5831760542937,230.77999999999997
12606dea-3c17-4940-b2bd-655fe110000b,0.58870928926615,232.78
d7555d56-efec-4fac-8c2d-3de29baa6844,0.58136864609085,246.77999999999997
f7b893b9-3447-4a3c-819a-9a6bc714a4cb,0.5830147100566,224.77999999999997
bffa8744-0bec-4d46-9c30-867304df71f3,0.5842371335479,221.77999999999997
f2c87587-67c4-49e4-802e-ee880db1ec39,0.58753760593025,165.77999999999997
06354014-4603-4a5c-9863-a2ea0e6bb311,0.5832374623615,236.77999999999997
26f52adb-321f-46ed-b668-13bba801b324,0.5829566216976,204.77999999999997
6cb57f9a-dc04-4e5b-8c09-064161f2078d,0.5826691002727,230.77999999999997
e5a8a2e3-5848-4c51-9802-b037250630f1,0.58178743794325,168.77999999999997
0aacfdef-219c-4ea5-9666-1cd6c057334c,0.58268060205165,253.77999999999997
875ffbcb-9710-47ad-bda2-a2dd9ad2e12a,0.58306110436065,276.78
e8290cb7-a348-4d78-80e5-3579c4328808,0.5840665336674,264.78000000000003
37eca42c-22f8-48bf-b7fd-bf7dbb97eb25,0.58202086426965,271.78000000000003
6927092c-1be1-4200-978f-f4f329be312f,0.58182496370835,257.78000000000003
9dcfbb8a-7900-40aa-a247-c300d721141c,0.5868324693597,219.77999999999997
d2cbf13f-c1c5-47b4-b739-fa6c7ec86cde,0.58182496370835,257.78000000000003
f6e1b81a-5b48-4d08-999e-d35fb675c346,0.5881588288194,258.78
18d6a1fb-0d27-46a7-82ee-9e1bcf859fbd,0.58071155620105,312.78
a7092001-9db0-4462-890c-8bc65cb853b1,0.5830147100566,224.77999999999997
d0105ea1-d320-4d8e-99ac-6bb150c41c9a,0.5842371335479,221.77999999999997
39c86195-3d75-48af-84bd-233f8fc01c6a,0.58753760593025,165.77999999999997
ff1a8421-fbf2-40c7-9b88-deec9fe33b15,0.58182496370835,257.78000000000003
e8ab1861-48b5-4d28-8a1c-eb0bab483c3f,0.5829566216976,204.77999999999997
03c8588d-af7b-4e93-8732-abedad2dc9b1,0.58369381399065,260.78000000000003
85c78e7c-3ec6-4a41-bb52-1276de3e0b3c,0.58178743794325,168.77999999999997
1d34f5eb-d194-4430-a1e4-ad5fc94640b0,0.58301326687745,269.78000000000003
35bfa88e-bcd2-4c9e-9d53-175d81d4d9a6,0.58395630262105,235.77999999999997
e9667b95-8437-4995-ae43-8ab6489cf437,0.58587646161125,254.77999999999997
6bc4384e-1423-4dfb-971b-7f05d9b77b8d,0.5827554481611,251.77999999999997
665ff730-18b9-479e-bfb6-b3e9c8edf0df,0.5852388367626,214.77999999999997
1fbf7a76-1b85-4b76-bf74-d5bf49cd19ee,0.5866966118611,192.77999999999997
7086cda7-3667-4a20-afcb-82b589d03915,0.5844650003025,249.78
2460bd36-d64c-4fb1-ae71-2aa757601f28,0.5832263022382,208.77999999999997
ae3a2e93-1460-43bb-af6f-722836357d5c,0.58493726210365,208.77999999999997
65f5f741-a11c-4361-96ad-ab42cc413321,0.58705429034715,196.77999999999997
9fb05fa5-b70c-485f-988d-8e083f8f872f,0.5861404225369,251.77999999999997
a09a40ea-a0ee-465b-9068-37843bbb408c,0.58753760593025,165.77999999999997
038af5c2-af7d-4aed-b50b-3751ff27b64e,0.5841479345008,242.77999999999997
b08e38ce-6572-46bf-a173-a9551528b22b,0.58630974774645,216.77999999999997
df354c33-8175-4ea1-a85b-d3d1162612f8,0.5843528059779,267.78000000000003
79ca7d2a-6559-4409-b49c-1028660c38ae,0.58178743794325,168.77999999999997
65e2a5de-ef20-4db2-9e29-112450be3ef0,0.5840899999058,270.78000000000003
26d0857b-2c5f-4536-8b53-d19ab3c8063e,0.58395630262105,235.77999999999997
7005eee8-d94c-450e-b551-63d3b37b02b3,0.58496891146955,268.78000000000003
1903e143-08f8-46e3-bc0d-ea876437d0ec,0.58305883438155,263.78
cc90b38c-8a58-4417-a86c-f07613551228,0.584841603154,226.77999999999997
79ecc75f-efa4-48b7-9c01-7ca6b006d53e,0.5866966118611,192.77999999999997
15bab679-af16-4a9a-98b9-4d37c0573d98,0.58497491689375,235.77999999999997
89296938-4a4b-4d22-bd91-62c885dc8388,0.5832263022382,208.77999999999997
eb573dad-0c1e-4a9f-9f2e-61e50b6b6a60,0.58493726210365,208.77999999999997
a67ff2e7-905b-4dbb-9fd7-bb831d06bef6,0.58705429034715,196.77999999999997
440a326e-4c33-4b96-a3f7-59f58a658f46,0.58909699847155,245.77999999999997
bcca6573-4081-489e-872e-d8f6b3af2c9b,0.58753760593025,165.77999999999997
aca780d2-17b0-44da-85d3-e72189720e8b,0.58395630262105,235.77999999999997
ceeb657d-5533-4056-b994-e6ecf125068b,0.58301326687745,269.78000000000003
9d6b1ce9-9e91-468b-8626-6f7cfa5276ad,0.5850861607317,211.77999999999997
6e33eb73-5276-402d-aa89-205f5916c255,0.58178743794325,168.77999999999997
6e962a4c-cbea-4256-8554-9a394f5167e4,0.58384421480235,262.78000000000003
d0436538-e560-4280-8306-8e19ac0e3122,0.5874471875205,221.77999999999997
a91d5383-51c7-4db2-b548-44b692473a4a,0.5838743927871,270.7800000000001
9450fe6e-198d-498a-8c1d-397b8c8615fb,0.5852229445573,241.77999999999997
61742c82-4c5c-4ded-8913-bf8db2f3b093,0.5806805779435,234.77999999999997
f2ee9031-5d0a-4a70-b722-841c8518eb0d,0.58714887599595,221.77999999999997
17f212fd-31a3-4e1d-afd2-e1d52c6848ee,0.5844533197339,229.77999999999997
b76aef21-bdf2-4723-bd0b-886f7277f866,0.5835527233735,225.77999999999997
3877b221-5c02-4d17-b08b-92eb7648fead,0.583922608499,253.77999999999997
963d1e4c-4fc3-4e08-aeef-a39eea7076b5,0.5834698141019,214.77999999999997
e7903fa6-c077-4431-a750-7434ebd73579,0.58103359964785,269.78000000000003
78657d6a-4927-4054-ab16-8db75ff11705,0.58753760593025,165.77999999999997
97bab7fb-0a5c-46b9-9067-27f95c70d0eb,0.5886998819831,262.78
bf50252d-7f29-45fa-9f44-82a8f21bbc3d,0.5856807853556,195.77999999999997
40f0fa4f-5afa-4513-892a-f854a03799d5,0.586764068335,234.77999999999997
681b5173-ea1a-482f-8693-92d660e676f3,0.58178743794325,168.77999999999997
79c68367-0397-4ad0-9b3b-c45c99d40a37,0.583563124073,221.77999999999997
723fc46f-77ed-4ac1-a3d4-5d1851e502db,0.5874471875205,221.77999999999997
ec447032-8ba4-4b17-9b3f-e7863009ff96,0.5849438330326,220.78
f8dc2cf2-1a9d-4a79-974a-69dae6de1228,0.5845527542603,243.77999999999997
a03ec4da-a2d4-444a-8c0e-eb4c33c7c4a0,0.58384421480235,262.78000000000003
7a8bea10-8b99-4add-ba11-8f92da126437,0.58714887599595,221.77999999999997
4aeb5e3c-7e03-466d-b0b6-b559c5eacb98,0.58559459349965,274.78
1f9e5f12-39c0-4a9b-974a-b3e672867fd4,0.5806355411783,283.78
ece30292-8ed2-4b9d-9aea-465d1bd1e95a,0.58384421480235,262.78000000000003
25543de0-daec-4941-bf1d-adccc8351568,0.5834698141019,214.77999999999997
50ede03b-13fe-43fe-88f9-8ba5526f6427,0.58650823583575,211.77999999999997
6d911cdb-e9e0-4344-9656-a9a5f89d455b,0.58753760593025,165.77999999999997
926da098-9782-4672-b055-7e7492eb7344,0.58222858685005,214.77999999999997
83356fa6-6d86-418e-a460-b86051d53926,0.5856807853556,195.77999999999997
0dcb9524-8b90-4fd2-bd00-1057d6ee2c06,0.58412654955245,243.78000000000003
0aea8fce-be4c-49ba-9ae1-85c9113d1a6d,0.58178743794325,168.77999999999997
ca81d90c-f43b-4983-8e80-388de5140ce3,0.58494426096055,228.78
cdd5be23-6e43-4653-ae5a-d351d5b432c4,0.5824508143044,240.77999999999997
0542a809-5a59-4e13-b516-1962cc3f5da4,0.58458807921755,252.78
17cef911-3f73-4ffd-a0e5-1756cfec1162,0.586365091687,234.78
8aaefdfd-add9-461a-b4df-a97505089931,0.58463103255275,253.77999999999997
9ce034e3-8779-473c-b6d4-782a2097dff8,0.5843380497543,207.77999999999997
2ca7053d-97c1-4cf1-bd7e-705eff159556,0.58518725882185,230.78
f224bd97-d679-43ce-b5cf-d923bd88c592,0.5848914897372,259.78000000000003
334b08b5-0f16-4d16-98cc-b129da4f64a9,0.58786224667425,191.77999999999997
82b02a63-345c-426c-b049-a20c69e1cbec,0.5831565835188,255.78
bc6624b0-88b5-4062-8ef3-efd45e074835,0.58791055252975,240.77999999999997
e831825b-511a-4109-b977-8b4e09442814,0.58753760593025,165.77999999999997
8223ec88-43d1-4433-a786-ad88439ca7a3,0.58304244457005,220.77999999999997
dd57ff42-0e79-47fb-8491-93d7a2f3b65d,0.58518774650665,244.77999999999997
6ae72a61-566e-41eb-b18a-05cd19cb1868,0.58350637524685,208.77999999999997
2996088f-f13b-4220-b8b9-12e914295b4c,0.58178743794325,168.77999999999997
5606a8e3-1b43-4c4f-bae2-db933199a350,0.587723902806,220.77999999999997
93e666f8-ffce-4431-9ea3-449a0b38274d,0.58363459164005,233.78
8bdb9d13-f089-44b5-939b-5b456a4d6131,0.58178382615535,244.78
c6aa91a0-2a52-4921-a195-9b3cacc9099f,0.5825880911504,228.77999999999997
b792751d-0f77-4581-a90b-447a7ac79b27,0.58458807921755,252.78
76b3937d-ba37-45fb-85d0-775f40ebf496,0.5843380497543,207.77999999999997
eded049f-491b-45b7-a3a0-12c4e0dabb2b,0.58236770557755,244.78
8ec27ad2-4c1e-4f0f-bf33-c7ccbb1a168e,0.58407985849975,254.78
9099ef3a-1121-4c42-ba68-be439263d18e,0.58786224667425,191.77999999999997
9980929a-cf69-4b3a-81c6-4d64a1c8441e,0.58714475465105,219.78
b974ed17-1b31-44b8-8901-da70b75cc336,0.58180192104885,259.78000000000003
5120acac-a2d4-421e-a0e0-125c54cfe3e3,0.58753760593025,165.77999999999997
f3111f74-666c-4132-8b5b-d91ee87a8a95,0.58304244457005,220.77999999999997
7fbb6cc5-e2a6-4f84-b0d8-c99d06354447,0.58494426096055,228.78
0653684e-86e5-4674-a8d9-920973515a98,0.58350637524685,208.77999999999997
3911e9fa-acda-4f58-9a21-46cb57151543,0.58178743794325,168.77999999999997
bb62e82d-4a39-40ec-b9e5-94cbb70bd20b,0.5823410838906,241.77999999999997
40885002-855e-4fde-bcf9-c8ddafe6f0cb,0.58634510578075,237.78
8de2c2b0-0dee-48cd-974e-928ac053904e,0.5862370702457,236.77999999999997
0c43a980-0b59-41c7-a0a6-fc180c033a2c,0.58173482117335,250.78
791fd6d0-8f0b-4eb4-b615-b1ab4745208e,0.58634291044075,269.78000000000003
b5090c01-8ed7-442a-9960-b050d32095e2,0.58715579192315,198.77999999999997
a561d9b5-7f93-4a4b-96c7-b7fef0fa5bdc,0.58362118173055,258.78
14bd377f-463b-4ac2-a650-34705f73bc01,0.5796681957407,230.77999999999997
ab7332a2-17bb-4d04-a268-4581a56272be,0.5842615015655,215.77999999999997
2e37f658-88c7-47c9-9641-aaadbd202053,0.5896826592934,237.77999999999997
37567a85-dd89-4621-8edb-c44187d86786,0.57993270877265,267.78000000000003
8acc1fdc-dfe4-41bc-b624-4e244f5ec137,0.58753760593025,165.77999999999997
726c8102-b199-4319-a281-69a3845d68e5,0.5835956657153,268.78000000000003
c0c40fe7-3f8c-450c-a1ca-2f4de02fcd09,0.585243588131,249.78
dd51e5bb-500c-4f55-b37f-6ce8d1f60e2a,0.5846437260581,210.77999999999997
becb5c83-56d0-46dd-b7e7-9ce01d45074f,0.58178743794325,168.77999999999997
98ea33ff-f451-4e86-9624-415a8c422b80,0.5823410838906,241.77999999999997
15559ef0-80a8-4e26-b6e2-e2e0e1030c21,0.5830436843753,238.77999999999997
d2522bde-ea3f-4a13-839c-89f7de6612df,0.5865706163839,210.77999999999997
b78016c9-e5ab-4082-8897-ea68d97289ce,0.5812982709451,241.77999999999997
48637be0-bdd6-4648-87d2-71faffa16308,0.584760196656,225.77999999999997
8d23e99a-f3fd-419a-9117-49774ae418fc,0.58715579192315,198.77999999999997
0b59ba21-7be1-4478-91f4-4f4c1e403898,0.5818690742213,262.78000000000003
7c26433a-052f-462c-863f-fc4911be3204,0.5796681957407,230.77999999999997
d62af6f8-0f60-49b3-89f9-e4006c803f92,0.5842615015655,215.77999999999997
7824ce52-c8b6-4bbd-b1d4-041e6728d378,0.5836600477992,243.78
63d14c81-c1c5-43b5-a0ca-c55af719d324,0.58792824055215,214.77999999999997
2c7bb703-22fe-4196-9bb9-3298f90bce7c,0.58753760593025,165.77999999999997
018273a8-85be-41ba-a262-616caf09cef7,0.58624189381595,230.77999999999997
c9c399ba-090d-42be-a1ea-74f0c83649fc,0.58542050071845,233.78
c951947b-6fd3-43fe-ba1c-60db7bcb2520,0.5846437260581,210.77999999999997
a91c0cd0-d6a6-4b4e-a16b-7f12eab5dadb,0.58178743794325,168.77999999999997
0fd80f74-c5ba-42d7-a43a-c32bf864e063,0.5864463049577,226.77999999999997
1ace8d7b-1635-4449-b820-7df883a5251f,0.5873152982907,207.77999999999997
85c8a0a2-3549-4210-9eba-f19049a103f7,0.58534447914805,225.77999999999997
98f88b2d-3363-46dd-96be-f57f35c92d84,0.5857121929257,272.78
e629a9f4-6eb9-4fcd-9d5f-4393709b4227,0.5827790254334,211.77999999999997
afa714b6-08fb-4fcf-b1a0-cc0bcf04059a,0.5861921189165,210.77999999999997
8d893412-1f48-491f-8619-33426c1ab7a8,0.58519719983695,218.77999999999997
0651bc85-a8bb-480f-b8d8-bd787576a97a,0.58295517660555,252.78
7e66336b-056b-4ff3-b5a2-7f57f704a3df,0.5820585017203,250.77999999999997
63be9fc7-74c7-4146-9eca-95fbd407230a,0.5838355321557,230.77999999999997
a68fba4b-7a40-4ef1-9bad-dcad841a0ae3,0.58562522867915,254.78000000000003
1327e1d8-41b4-4415-8373-3e2ddce142aa,0.58753760593025,165.77999999999997
62311a9d-1f5a-476d-8653-3b452dcd3cd2,0.5841524199448,235.77999999999997
be143db6-b42d-4df1-bdd6-4495417ceaa3,0.582313028331,264.78000000000003
382cb134-62e1-4d4e-b393-ae94d7f8a3ab,0.5840514843389,208.77999999999997
acff9ca7-22b1-4c1f-96b7-589e5dc4f1ca,0.58178743794325,168.77999999999997
db907c5a-d0fa-4815-85b4-3bbfba14f70a,0.583707862061,238.77999999999997
e8bb1f2b-c091-4591-b009-1abe678f0e85,0.5873152982907,207.77999999999997
8f7af823-5521-4d8a-86d7-ef7c1a657e84,0.58380578543745,223.78
986c4159-c0d6-47b4-aefa-9b41dc279d03,0.5858075670133,222.77999999999997
6ef1b0d7-5072-4137-bd4b-6bb3a71d1b34,0.5827790254334,211.77999999999997
ff2f59b7-cb1a-4c82-b671-338af854a214,0.5861921189165,210.77999999999997
50768920-3955-4d9c-9bd3-40e4a0e80dea,0.5864463049577,226.77999999999997
e4fc26a7-c900-4459-9904-77b88d04d3b8,0.58570782133995,197.77999999999997
cb054cc0-98d0-4dbe-a527-5f38dbc3c337,0.5860258876028,183.77999999999997
40021936-8a53-440c-93f5-ffe0bb0d6c1f,0.58798326838315,194.77999999999997
5a9fe30d-6fd2-494c-b284-9aa8b85e0c9c,0.58534447914805,225.77999999999997
bf5871e0-119d-441f-8243-b38d31edebf9,0.58753760593025,165.77999999999997
3ee90c9a-2713-4b6c-b060-2434935bb919,0.58323951156395,241.78
2763c8ff-4f83-49c2-85e3-927002462f07,0.58930927843795,251.78
4fb714af-9f73-4310-92c8-f52e8a6cb045,0.5840514843389,208.77999999999997
d80f019d-d4b4-40e6-b49b-d091b86e8f2d,0.58178743794325,168.77999999999997
6229bd20-8d60-4a9b-becb-ffac5f0fba04,0.58385475811765,230.77999999999997
4995ada1-6597-462e-ae69-9ae9cbc1a33e,0.5810963896792,287.78
caf2c778-531f-4a5c-a512-33fe7a0c8bec,0.5818135304596,213.77999999999997
ab532b9f-cb2d-47a8-90de-977b96a412c0,0.5843332852953,201.77999999999997
f4bd92c7-5c83-42e7-bdd1-ff59cb12ff3c,0.58308752354785,241.77999999999997
b9db9ec4-1f4e-4f03-97c0-e20eeefe4eb9,0.5843439021764,239.78
9ced5d92-f9d7-467d-8509-c64ed9d25dc6,0.583012047299,261.78000000000003
ff1ade42-4414-43ee-9fac-2e1328a1479b,0.58276908414945,266.78000000000003
fd46a258-658a-4005-8106-795a6665f89b,0.5855879217806,236.77999999999997
159a08a3-3d73-44c6-942a-d26b14423175,0.5876353621943,207.78000000000003
15efa43a-b17d-4c53-9041-44217cde4cf7,0.58311769823005,243.77999999999997
f352cd2c-5c5c-4075-810b-9ca75c733619,0.58753760593025,165.77999999999997
b9fdb390-a636-4aea-bcaa-1d3e05e10bbb,0.5849354858867,212.77999999999997
7207a5e8-7d00-4a80-9feb-6145c9bfe00c,0.58414859192575,247.78
d0bb5b3c-ceb6-4950-909d-84d38b6d1fd8,0.5849817749349,212.77999999999997
f286532b-85b2-4d15-8d7a-3e5f077906d2,0.58178743794325,168.77999999999997
