SimulationID,AdjustedLatency,AdjustedNetworkCost
fc532c39-36ca-4974-86ae-925e5e3aab13,0.58517285290695,266.7800000000001
b02956a0-f1b4-4efa-a98b-e26f86d99955,0.58445928740655,193.77999999999997
fbbdb880-738d-4cc2-8ef7-8bdbac930962,0.58430450933775,229.78
d933c7f5-0e43-479d-9435-858d1c3e0aa0,0.58278847409505,223.77999999999997
1706fbdb-5973-402c-a25c-94fc2f6aea17,0.58617996053885,240.78000000000003
9762c02c-fe23-4d6c-9575-65af9add2136,0.58453074664585,232.77999999999997
d2c9706b-602f-4e65-b32e-4f9eceb200a0,0.58285332258735,223.77999999999997
698346e0-5563-4b34-9303-d0676177a09f,0.58407934860435,245.78
e9271b1f-5aeb-44ed-97e3-1d2a291776d0,0.5878168179325,257.78000000000003
eaab7f37-2990-4c8f-8762-a3ccce32d088,0.58683325818535,203.77999999999997
89b76b94-df4e-4838-9939-aa315c643893,0.5842403134362,272.78
3353d639-324f-4e35-97c7-faf7d49d74c8,0.5853504200859,245.78
8f525e60-54e3-4743-8ce6-2bb2cc619a52,0.58467148412005,232.77999999999997
4539eedc-7592-452d-9adc-821d329a39e8,0.5821137184985,208.77999999999997
cdc76acc-961d-47c5-8d01-0d2e4c1bf601,0.58641758211815,269.78000000000003
2ffd08ac-0390-437e-87de-219711452b5c,0.5838604674555,226.77999999999997
c1d551a7-b62b-43c5-a0b4-35f6748f95de,0.5841258990342,208.77999999999997
b4f68c00-2a6f-4331-91ca-0ef6af549f18,0.58445928740655,193.77999999999997
7f5008b0-3cd0-4d5e-8e14-93bf89fd5d8d,0.584002146136,192.77999999999997
00ac66ca-2f91-4ab4-818e-5214564a3e21,0.5857348541488,176.77999999999997
8246b368-774f-4cbc-aee7-46efe50b41fd,0.58559949464595,184.77999999999997
4260b252-271f-4ed7-b43c-d30f763c2880,0.581153259242,211.77999999999997
94d3a1ab-de3d-4529-be4f-cc08fb0d3aec,0.58243687480355,188.77999999999997
2cb3af83-9bf8-4aa4-a5a8-1f98ac8c5876,0.58228221126155,197.77999999999997
b8767db3-3f26-4c74-93be-7377f767a01e,0.58033997007635,208.77999999999997
ad9b7fb9-aff7-49e7-a9fb-334f43ddc60e,0.5846881261052,172.77999999999997
dda4a10d-a155-480b-8552-b7b9b1f8df24,0.5816724557885,230.77999999999997
ad9f0c22-b02d-4f83-9c85-52b5f48f930d,0.5841270203051,206.77999999999997
147cd632-e4c0-4e7b-a1cf-bb277f8ee68a,0.58165631844835,200.77999999999997
abb9d312-501a-47d8-a24d-23d7631ac6f1,0.58169582499835,171.77999999999997
38eff1bc-5104-41f4-a152-3f8117c31a20,0.58007218763135,222.77999999999997
1c25bf29-9d22-46b3-8c88-31ea33af09d7,0.5855782269392,208.77999999999997
cc6f0375-34ad-4455-af06-bbe64530d4ba,0.5850868633275,196.77999999999997
60924caa-273c-40ed-8bf0-ff157199ee6e,0.584864451008,168.77999999999997
42d34e16-186d-4a55-a3c5-b8d024cadd5c,0.58501828800155,181.77999999999997
915bc45d-4fcd-4313-bb97-9d3bada50c96,0.58320397094005,151.77999999999997
05ea9a69-68e1-4cb9-8562-4aa6f6da283a,0.586273663249,162.77999999999997
055d0ce0-6751-44f5-bd95-1b1443342a1a,0.5826978667278,187.77999999999997
4cf98f86-049c-4600-9ac0-3a19dbef52a8,0.57872133588025,176.77999999999997
8d522e1f-d35b-40f3-8f6a-1ac890eeaaa6,0.580996148124,170.77999999999997
b374e565-12aa-4c6b-8210-60b2a4d2c5a3,0.58504287000615,197.77999999999997
a84ad6ee-3570-42d9-bf88-fe74f5e049a0,0.58251674276305,154.77999999999997
ac47ac8b-7ab2-4192-8ff1-a47c9b353af8,0.58288337116835,199.77999999999997
2da0d586-286c-4287-9d80-f2876e393a7e,0.58615611906665,165.77999999999997
f10e169e-2f7f-415a-8bab-ad689c6c2d1a,0.58790224659405,200.77999999999997
0f11d6fa-2abf-43ab-ae79-1bc640bf889d,0.58596019086055,169.77999999999997
a4c5fd54-283c-4a1d-b0ed-39e4e7fd4b03,0.58191777604195,184.77999999999997
e3358230-99f2-48ed-82fc-ebfedb4613fc,0.57820933493445,176.77999999999997
9d78cb59-9a99-4f93-8c8f-df710a23e5c6,0.5833476484784,177.77999999999997
91555bf0-44ff-4f64-b920-96d124468dfa,0.58479853120885,162.77999999999997
6ce5e87f-3921-4a81-aa21-e0f380582a06,0.5830939423534,171.77999999999997
61595380-b381-4ad8-9a82-d7dc6518e940,0.58472083271335,159.78
cd6eb348-ee5c-4fe1-b6a6-a73706dd15eb,0.5853604914274,164.77999999999997
be53e8f3-27b0-4fc6-af6b-4c6edb0d924e,0.58383171427565,173.77999999999997
1dca26f2-e857-4810-a545-414e8a46e319,0.5866600449157,164.77999999999997
535919f1-fcbb-415e-a2e9-048e30fa5145,0.58449392013535,166.77999999999997
069e3dcb-0e6c-4392-a6f5-b3451bd2fa07,0.58472748972885,182.77999999999997
55dc41d1-31ba-4efd-a992-2c2bb5d67510,0.5804211287985,167.77999999999997
2788ce78-4970-4418-9002-1ce1ed31010d,0.58401253546385,173.77999999999997
79fac121-6cd2-48a9-b5eb-d40911057fc3,0.58703897979175,178.77999999999997
51c9d56a-3775-457a-8c42-fc6f44a3db5d,0.5874711764344,178.77999999999997
177a1816-8d3a-4a6c-86e9-f1c2dcd58b7c,0.5839485108935,161.77999999999997
2c894d67-58bc-4b37-a444-f4640c16dfff,0.58548528005235,178.77999999999997
b875cc37-8ffe-4201-b2e5-dd79e3898d8e,0.583378080364,163.77999999999997
dff8e0fd-5638-46ba-85fa-34ac0a130d44,0.5848618262014,173.77999999999997
84bf5f0a-f51b-445a-990a-e45e61852b0b,0.5829951334752,168.77999999999997
39c0670f-c37c-4e55-9672-e0a85ff67f98,0.58315642632245,164.77999999999997
3267529e-b1f5-4883-8759-47c6f495d871,0.58472083271335,159.78
116d1946-034c-49d4-babd-a71f29cf8f05,0.5857815673753,165.77999999999997
fb8943c7-7b3e-48c7-8c38-2b42a6b3a43b,0.5847256895264,170.77999999999997
6b6e0c1f-337c-47fd-be3a-329195577723,0.58194265074335,160.77999999999997
204f58c4-4530-4554-9fa6-7a6557d7fff8,0.58327294599335,182.77999999999997
e7eb35ee-a50e-401f-8b97-f84dcf33b355,0.58673694261205,163.77999999999997
c1fd5988-15dc-41af-9758-96625425763a,0.58472804120395,168.77999999999997
824eca8f-6452-40f9-b2a9-e001374d064f,0.5867392102046,162.77999999999997
9cdeff49-10cd-41fd-9926-bb233a675d54,0.58611553541675,166.77999999999997
f3854e19-47b9-4cd7-adfc-045b3a36e7d6,0.58393668669335,175.77999999999997
178be37f-6197-4a32-8337-c07aa1fa1c31,0.5866911053454,152.77999999999997
c2f774cd-c68c-4f4c-b07d-8987303dd30d,0.5833154302556,169.77999999999997
e6e76ba5-c624-4bfb-8e57-bc3ab68e37b7,0.58321050285625,160.77999999999997
9bb6a181-3ad8-4ad2-b49d-86a29e1ff13e,0.5840328883172,159.77999999999997
d65ffb07-03d3-4c4a-a655-49e88b148d24,0.584499916273,163.77999999999997
07785212-e522-4c1c-aa44-631773f291a2,0.58554179672525,154.77999999999997
fd2884d3-787e-496f-bf55-378b450fb05d,0.58472083271335,159.78
ad13fe61-e7ad-44d7-bfeb-8e35adf710a5,0.58526985702035,161.77999999999997
4d5ad4c7-5f3c-46ef-90fa-3a891f6b32c5,0.58261165135645,166.77999999999997
b0d9689d-51f2-4a45-86bb-4153f3bf57b0,0.58479870967685,156.77999999999997
724f0a5b-b6be-42a2-9466-d99b0db293c9,0.58358077352015,180.77999999999997
aa5f9bb5-69fb-4257-a8a4-54bacec91097,0.5849818230675,155.77999999999997
7ac0f61a-0710-4673-b04a-6c4928fcefd7,0.58434378339135,184.77999999999997
39a4dd40-2f0d-4f98-8416-ad2331bb867c,0.58530948690495,157.77999999999997
fbd27047-9ee1-4b45-bba5-bd347ba92fa0,0.5816728122479,168.77999999999997
35e2c3e8-6584-45c1-9b4f-59d07379392e,0.5832830862184,159.77999999999997
0a483eeb-fed2-4d46-b551-b7f5ea204912,0.58501847510925,154.77999999999997
8ec9bc9b-3641-42a0-9ec8-931e3a7c56e0,0.5819693453525,155.77999999999997
f0f1290f-916e-493e-a00d-ea837e29127a,0.58340285875265,158.77999999999997
a5ec5661-b9e7-40b1-b8ea-13f091249cf2,0.58320397094005,151.77999999999997
2dbfc478-782a-49a8-911d-08ec38dec6b1,0.5847743138476,160.77999999999997
4e6afde8-42ba-44bf-89a9-f557d12687bf,0.5846875142649,156.77999999999997
72a40671-3079-4106-a964-bc5227010387,0.58472083271335,159.78
47c27b86-d10e-4ac5-be63-0b49ca7ebfd5,0.58162718723835,172.77999999999997
b9104f3b-0b65-45e8-a924-71c29b980b12,0.5850560255297,156.78
1a5b0a20-c37e-4717-88a2-e57512d87f19,0.58307543444695,154.77999999999997
81d54608-da08-4f49-8d92-a0b2e0bbef1f,0.5819806138789,178.77999999999997
28ae5549-5763-4ac3-8bc2-9b2598afd4f8,0.5850882897216,150.77999999999997
321ec81c-8e2c-4f74-9029-ac28d4ece46c,0.586132105239,174.77999999999997
ba97759f-929c-4f11-b5f0-db6b64eaad50,0.58461808027855,158.77999999999997
a506c1f3-311c-48f5-8069-ca397524d71b,0.5867132910859,160.77999999999997
fd4baf87-e57f-41dc-9776-6e185d5d8c84,0.5852506593264,158.77999999999997
09a3409e-1bff-4e84-b443-85dacceb5380,0.58501847510925,154.77999999999997
40541d26-8030-48a4-bf93-5d4ae9b5555d,0.5800877994189,157.77999999999997
8154563c-2778-44dd-859e-08fc24798982,0.5845628223792,162.77999999999997
112193f4-8e6c-486c-9805-f91ec0ead6d2,0.5836862609899,149.77999999999997
82beff0d-2fd2-4cd2-92c9-65155a37ead8,0.58349544674965,169.77999999999997
c20e0f84-9a7f-46fd-817a-f3b75f3cf834,0.58102239447725,162.77999999999997
9daf39b2-0351-4b72-995f-5f7ccf1e9308,0.58554022245465,160.77999999999997
043f7e1a-fb9f-4ca7-8738-8bf36316d30f,0.58385439734715,162.77999999999997
856a1139-2582-45b9-a0ad-39c041bde1fb,0.58320397094005,151.77999999999997
edd01183-4a15-44d6-85d2-043e50d5ee79,0.584096054858,161.77999999999997
47e3001e-492b-4730-a05d-5d99ee005973,0.5843151329727,174.77999999999997
aa6c53b0-30a2-408a-b42c-adb1fa9b3c0c,0.583513562936,148.77999999999997
a64f1b6c-1007-44e4-9047-11412fa4f05c,0.58458246734865,167.77999999999997
3ae6ba26-e24c-46d8-85a3-b92948613bb3,0.5843937683531,150.77999999999997
55686f7a-324c-47da-8dd5-634cf6caa7c4,0.58415489340755,156.78
af99e02a-01d5-410a-a63c-7575afdcca33,0.5856629853123,156.77999999999997
3608baf9-5031-4ebb-b4af-b98ddbb10cba,0.5852322792238,150.78
5c6d4ee6-6820-4009-957f-ab2d0d2a5327,0.58575567331245,150.77999999999997
ff7dfe6a-b042-40e5-8ec2-7ee464795131,0.58404089678685,154.77999999999997
779584c1-0458-4ef1-b666-43c2d46dc72b,0.5836862609899,149.77999999999997
782d1a3b-858e-447e-944f-125691c2828b,0.58487022312615,163.77999999999997
65a2c9dc-8c58-4020-b285-b7febfe8403d,0.58323327750525,155.77999999999997
11dcf43d-dd28-47f3-b644-dfaa6cdc4185,0.58396910260735,154.78
506f0a58-853c-4044-998a-8245c2ad9195,0.5843282941003,163.77999999999997
edca28ef-8e4d-4f4a-9559-7c7bd91377c7,0.58393898401805,150.77999999999997
8d064d1b-86cc-4b2f-9cbd-6b8d8b4e519d,0.58501043197285,154.77999999999997
401bc72b-c5ee-4dfd-a606-90b90740680f,0.58353020056545,181.77999999999997
4fd2bd3f-48cc-4021-ad06-953151fe9ad3,0.5837039510302,153.77999999999997
41dc4a3c-fd58-41a2-a294-94eb8d0e652e,0.58285356177685,159.77999999999997
e03c8eca-8cc3-457b-8c16-f436b4d0d3ba,0.583513562936,148.77999999999997
8f28901e-0451-4a47-84d9-b18cd216ae0a,0.5851451013075,154.77999999999997
47f30431-1fee-4bf6-acbe-1673e941ef4c,0.5849860423495,148.77999999999997
6405dee0-0f4c-441e-a87d-d24a517fc507,0.58486391991615,159.77999999999997
991754ac-5f33-42d8-8581-ff1a3661c2db,0.57999751862595,152.77999999999997
0ee69ca8-367b-4b0e-90ba-466ee5df1639,0.583513562936,148.77999999999997
4f0da3f4-d8d1-4478-92b2-b0d5684d5a23,0.58320397094005,151.77999999999997
ce7ba230-4a5d-4879-b814-f8e5c9a40cf1,0.58617912633375,166.77999999999997
f51e1415-1001-41d9-bd05-1837cabf1baf,0.5846434134693,153.78
a57ed61d-3c72-4fba-80fc-d47e7e7f7afe,0.58703072455215,155.78
0760d911-04b7-4c9b-b0dd-2bf810d008c4,0.5833421872505,161.77999999999997
f45df54c-4951-42ce-8e6e-d5e820cef3dd,0.58519944343955,153.77999999999997
c4fdfeff-6d0b-4e37-9f62-1475274b31df,0.5858523896819,160.77999999999997
8b8c6fc4-d575-4600-9a5b-860303c64016,0.58399238529235,186.77999999999997
bb97ef68-9d64-4c19-a524-82d5bebd289a,0.5837039510302,153.77999999999997
ee143aba-d52d-40b6-80a5-cd4bcb41d815,0.5850191512639,171.77999999999997
7e1aa259-b4e0-483f-918c-22742398a927,0.58449878200415,149.77999999999997
eca7daa2-dd7a-4eb9-9b6d-9ebe980fe793,0.5810880855955,152.77999999999997
a2f1fb7a-9b5c-41c7-bf12-7d757dc251f4,0.5839514948092,149.77999999999997
5b64d3fa-05a9-4011-895c-a37fedaa95b6,0.58225047034825,169.77999999999997
4d32c058-b77b-4a24-8935-14a905bbbdb6,0.5832904899729,156.77999999999997
4052056f-b618-4280-8e0c-b65c002c62c5,0.58320397094005,151.77999999999997
c19fd537-26b5-4157-a23c-1f3a91313f12,0.58322917651905,152.77999999999997
14fad1bf-1778-4431-8fbd-f48b430ce841,0.58379425283305,158.77999999999997
8c8fa26f-c132-4c0c-910b-fc4d96c34689,0.58550207041475,153.78
3331fbf6-0fc1-4e9c-afd1-5a80cb270f3e,0.58472083271335,159.78
da816ae9-5369-4260-b9c0-1a8fdc90da3f,0.5844404908293,157.77999999999997
0854b287-c772-45e3-a3a9-8d365fd4a383,0.5834274618709,154.77999999999997
b0085431-9d96-40a7-8097-22b43d72267e,0.5822027776896,158.77999999999997
8ca233c0-c108-4d9c-a135-4e1cf6006b77,0.58359004794735,168.78
c9c9cf2a-62c4-47af-a875-da70efde6c10,0.5837039510302,153.77999999999997
b6c5ce88-216f-48ec-9dec-211bb04685fc,0.5855239785422,164.77999999999997
f660b306-ca2d-41ba-a01e-de58b6c11b96,0.58449878200415,149.77999999999997
a6c51054-8c20-4d94-9aa5-939d68736496,0.5817901645986,151.77999999999997
fd15081a-b14b-44c5-b4f8-e85cd56ba6c4,0.5839514948092,149.77999999999997
bf0e5e64-eadb-4e46-8111-3d08cd489cc9,0.58486391991615,159.77999999999997
2ea198da-abdb-4c03-a143-a605b72a4488,0.58320397094005,151.77999999999997
0b350d28-4364-4fb0-9b88-ec1828a13b77,0.57999751862595,152.77999999999997
e5356b2c-e05a-456e-8d21-fce81344fb2f,0.58322917651905,152.77999999999997
35b3dda7-e266-4724-b879-9d3ce47ed6a9,0.58369441418105,153.78
fc590b68-0959-44b8-a7cc-9bb85031b1a5,0.58424763984215,157.77999999999997
ce1b33c7-537e-4b09-8cf9-34d06642d07d,0.58472083271335,159.78
db3cb9b1-50e8-4b06-9eb1-4dded7fa9ccf,0.58329295772435,157.77999999999997
7884576d-6e3c-4782-841b-cd33044852ef,0.5834274618709,154.77999999999997
a17cb60a-3871-45bf-b543-bc623f43afdd,0.58463998570735,155.77999999999997
35fe1e13-d3dc-443e-9b4d-89a5fa2c9d82,0.583576799544,180.77999999999997
8af0cb82-9fef-4f11-9337-f19564ac5939,0.5837039510302,153.77999999999997
781eca92-0b51-4fab-aa62-83b1351a6a05,0.58551621418245,170.77999999999997
6904fb0a-44fc-49fb-b68b-2c86b2360620,0.58449878200415,149.77999999999997
aff85e93-02d6-472d-933d-74defa0abfd1,0.583513562936,148.77999999999997
ba8764e8-0531-4d50-a3e7-09fead1a4ae7,0.5849860423495,148.77999999999997
9a5affe4-f58d-434d-8ea7-4bcb3b0509f7,0.58486391991615,159.77999999999997
11244dc4-3ef1-49db-bfc2-fd260435e9d0,0.58320397094005,151.77999999999997
08160e25-65b3-4a91-96fb-b0035349cc49,0.57999751862595,152.77999999999997
5ceacb1f-3163-4b9b-bf41-630820de8194,0.58322917651905,152.77999999999997
ef25e582-52ec-406b-9c7b-6079a52b0d06,0.58375699607995,164.77999999999997
1dd5a134-0a28-4543-9153-d09fa8285f31,0.58363413454575,157.78
000c7fd6-11bd-419f-a09b-e26471b12934,0.58396910260735,154.78
43a16c62-12a9-4fa5-b2a9-845388295131,0.58320397094005,151.77999999999997
60f5629d-354a-4f0e-8ba9-08445275be1b,0.58519944343955,153.77999999999997
c57340de-9268-412e-8fbd-3fa3cfcf236e,0.584096054858,161.77999999999997
a7eb34df-9fed-42d5-a97b-686b608ac2ed,0.58064970258775,182.77999999999997
d6c09283-c0cd-4d8f-b59c-0727ebbc33dc,0.5837039510302,153.77999999999997
b396ce3d-b387-47ac-a389-65daebb6b819,0.58491324263655,171.77999999999997
cf7e2eb5-deb0-40d0-a638-f80d307f7a78,0.58449878200415,149.77999999999997
9855af20-1fd4-4e07-85f3-faab9a3fd4ed,0.583513562936,148.77999999999997
ae1de3bf-3def-4f49-b8ec-30d398d89e46,0.5839514948092,149.77999999999997
7813bb77-9b69-43bb-8a51-5c6671957a65,0.58340131883225,164.77999999999997
455d0251-c1c3-4971-8bfe-0e2f4000aed2,0.5832904899729,156.77999999999997
e2c01225-f0d9-4df2-92c8-f61fa60256a6,0.58320397094005,151.77999999999997
25d91ca3-19d1-421c-b68c-8db7ef8c9d53,0.58322917651905,152.77999999999997
765bdf24-3a1a-4ae8-b995-82e88a82bba9,0.5851415635987,152.78
7ead769c-c418-4514-9fe7-137593f06b99,0.58475321366435,154.78
7f9a5543-4fea-411f-8e25-9bdae64b8dee,0.58472083271335,159.78
a3ab3a0e-6f8d-400b-8c87-b7e6871c38ce,0.58320397094005,151.77999999999997
84d47832-f3e3-4160-8077-f1f4ca91daf6,0.58519944343955,153.77999999999997
aaf3fa15-5392-410f-be64-953ad3cb4a7b,0.584096054858,161.77999999999997
f0aa680e-30c2-49d3-bbba-d66517a7883d,0.583576799544,180.77999999999997
6fbfaa31-cb5b-4341-a0f2-3274adfe408a,0.5837039510302,153.77999999999997
b8f7b1fc-ee65-4077-9920-808605ba042d,0.5875494570793,167.77999999999997
f6113c5e-049f-450b-876c-bb80cdb3a3ad,0.58449878200415,149.77999999999997
4b09b7fe-4bd1-47c7-b16d-36a532ea9d9a,0.583513562936,148.77999999999997
fd637199-f1c0-4e95-ab0c-154a3cbd6b90,0.5839514948092,149.77999999999997
549a706b-bdca-4db1-ba40-1b92b3c6f905,0.5832692207542,161.77999999999997
73d9c55d-a4e2-4e14-9a32-af008f867a2c,0.58320397094005,151.77999999999997
b2e73332-4010-4fe1-a4a5-71b0c063aa7f,0.57999751862595,152.77999999999997
454b214d-1a22-4d28-8a36-0872629ad286,0.58322917651905,152.77999999999997
5f5aaf74-f14d-4400-8534-b0e1b88bdf2f,0.58479870967685,156.77999999999997
c56baed7-d19f-4aaa-98ab-c03810ff66d7,0.5846401438407,155.77999999999997
e2a97732-e065-4db8-8ce2-532c1fdeefb7,0.58472083271335,159.78
0409ce2d-45f3-48ba-904b-9117727db328,0.58320397094005,151.77999999999997
66e20c25-1cb5-4d96-b3fa-3773629637c0,0.58519944343955,153.77999999999997
f04c0a71-d23c-4c47-ad0d-81bcba710e9d,0.584096054858,161.77999999999997
2ab8f817-621b-4462-a2fc-ab7e52a11535,0.583055877853,170.77999999999997
627c59e7-ff8d-4579-b2a7-7f10b60e3912,0.5837039510302,153.77999999999997
42a57e7a-3f6b-4989-bdb9-6efc4950fc6a,0.58862291802215,173.77999999999997
4d27b1db-ab72-4073-807c-de67a484ac4a,0.58449878200415,149.77999999999997
cd83624b-6d0b-4e99-b1d4-a2786d0cc955,0.583513562936,148.77999999999997
66e66020-12ba-4e18-8e5c-92975b433995,0.5839514948092,149.77999999999997
1c2ddf65-87f1-4aad-9d1f-1911fcfaf3f4,0.5827819230914,164.77999999999997
650ff71f-622a-4137-a81f-87558dc53bc7,0.5832904899729,156.77999999999997
46fede36-3bf6-4375-be3a-6086aec0d099,0.57999751862595,152.77999999999997
408d87db-a083-4cb5-9a31-b877645c992d,0.58322917651905,152.77999999999997
dfa2c9bf-ae63-449f-91b0-2592857be0e7,0.58188514105555,153.77999999999997
5313a6de-fb89-4cec-ab4d-235db5427790,0.5846401438407,155.77999999999997
91fc4f49-1837-4a28-ae33-3a3431d2172e,0.58324964110685,160.78
c878b19d-5b17-48a2-98d9-97174e2138c9,0.583513562936,148.77999999999997
dbd14cbe-aa2a-42cd-b502-a7835a8f3a24,0.5834274618709,154.77999999999997
fbb77cfb-f247-426a-bdb4-7a28e6c06c3a,0.584096054858,161.77999999999997
303b735e-e6ce-4adf-8470-76dc86471930,0.58491742488085,175.77999999999997
220eac28-de40-41e3-ab9a-152811cb73e4,0.5837039510302,153.77999999999997
4d1d12d9-2bc0-44bc-8f16-bd68d706f136,0.58567797758245,171.77999999999997
91b87df0-fd09-4418-aaa2-475c4816b08b,0.58449878200415,149.77999999999997
cdbb4c42-c8d8-47e2-b309-3ed6fa2d01ec,0.583513562936,148.77999999999997
7ad11f2f-85be-4947-81c9-5c865b389fd3,0.5839514948092,149.77999999999997
8e770a8d-82f0-4a28-a59b-1fb94c8bff76,0.58486391991615,159.77999999999997
6f13befc-9381-4dac-99eb-eb89718d1a4f,0.58320397094005,151.77999999999997
401ce00a-d66b-42f2-9d60-85ecb873b61f,0.57999751862595,152.77999999999997
26363578-5aca-48dd-997c-fea21456355b,0.58322917651905,152.77999999999997
7912338c-ee61-4337-a859-1eff60fd3a79,0.58188514105555,153.77999999999997
517d258f-deff-455e-9be2-a7c706ce87f8,0.58550207041475,153.78
474ebb30-0c4f-4b5c-9659-6a2366a6e579,0.58396910260735,154.78
ad664b4d-13ff-4102-8655-00a0c58d7f29,0.583513562936,148.77999999999997
d2200214-3083-4dc3-bf27-e3e2eaae6381,0.5834274618709,154.77999999999997
a81324f5-4dbc-4eee-ae44-c446708f344e,0.584096054858,161.77999999999997
cd15549b-b8ef-4d94-bcc5-84493bd32b82,0.5818130732735,186.77999999999997
9d9a90f1-ce78-4fa4-b286-e0d8702c0f61,0.5837039510302,153.77999999999997
8fa89a41-8628-457f-b6ae-a5637edf530b,0.58749379516175,171.77999999999997
7393294b-9130-4c10-8145-7870339cc81e,0.583513562936,148.77999999999997
9a2c5d16-f558-4613-bf29-1c45fb6ff135,0.583513562936,148.77999999999997
bf59e0d3-5454-445d-936b-afadd215490a,0.5839514948092,149.77999999999997
ccc11177-0883-463e-9011-e43794f85a42,0.5827819230914,164.77999999999997
453314f3-1d25-4b65-a019-1d0bf429334c,0.58320397094005,151.77999999999997
73dc67b3-d29a-4eb5-bf6e-e0189fee6e38,0.57999751862595,152.77999999999997
574f911c-abfa-4e28-b5d3-ebd7c066a41f,0.58322917651905,152.77999999999997
9e192b89-83b9-4a62-90a9-9ef11e1329af,0.583513562936,148.77999999999997
dcb011a7-c6f0-4845-b1c0-93da78bdcd1e,0.5846401438407,155.77999999999997
62683020-ccac-4172-8e93-cd0fe34e2720,0.58472083271335,159.78
d68a820e-aaa6-440d-9fa2-95ab45fd00a9,0.583513562936,148.77999999999997
f52c167e-69dd-4368-b394-3acd1bc6fc2d,0.58519944343955,153.77999999999997
db2680f4-bf4a-4667-a773-1cffd70e2f8f,0.5810816422096,157.77999999999997
2c81d4f0-e35e-422b-8b67-0b4ee70dacff,0.5873857610197,182.77999999999997
fb11a64b-225b-428d-a920-cae7f192d74c,0.5837039510302,153.77999999999997
c6662c54-8921-4953-a289-f45c94a8aaed,0.5868029350982,165.77999999999997
e3eb4f5c-f220-4746-b7c8-116a5e548cde,0.583513562936,148.77999999999997
ccf6db96-ca8c-4341-ae6c-023ddb3455b4,0.583513562936,148.77999999999997
bad72bf5-8ace-41d4-bab7-bd08f29de256,0.5839514948092,149.77999999999997
d71c4654-dbcf-45a7-a64d-c50b77600a7f,0.58340131883225,164.77999999999997
4627b45e-f0af-4c4c-9752-8d7d14aa56a6,0.5832904899729,156.77999999999997
1accd07d-4f48-4328-a458-7125c825d8a8,0.57999751862595,152.77999999999997
a7906c21-c4fb-4054-a670-350280136a64,0.58322917651905,152.77999999999997
1b30bb17-3690-43d3-82fe-d1d487308091,0.583513562936,148.77999999999997
24519258-e3fa-4cc3-898b-c773b78c7771,0.58475321366435,154.78
128f4f0b-921b-48bd-ab2b-6a298d832f89,0.58703072455215,155.78
3a01e48f-43b3-4739-8918-0ecd0b3384af,0.583513562936,148.77999999999997
2b10746c-3987-408e-8396-0a468527fd8a,0.58519944343955,153.77999999999997
61aeb538-2008-43a3-b32f-0627523d7780,0.58463998570735,155.77999999999997
633e3f39-f375-4f8f-b650-eacdb7998934,0.5841661533544,162.78
9f096b89-6ff9-47c1-a173-f5c5e0ce29f0,0.5837039510302,153.77999999999997
8af027cd-6f0c-4bec-8584-3297d3420fd3,0.5871805533624,173.77999999999997
f4183cbb-a7cf-49ea-8c89-e9a8c7ac87f6,0.5836862609899,149.77999999999997
98bce968-b4e1-482d-a18f-309d866cff68,0.583513562936,148.77999999999997
6ac68b09-0aa5-4e49-82ea-54cbfc5cd208,0.5839514948092,149.77999999999997
11d28bc3-3364-40d3-a24e-b51970bea72a,0.58668910107155,168.78
b2b91d3b-d8e5-4d24-8ec3-a928a1e0930b,0.5832904899729,156.77999999999997
d42ae25e-ef5c-409c-a9f8-7e9674a03a33,0.58449878200415,149.77999999999997
6e0db7b9-7084-41da-8b9c-b53759763b85,0.58322917651905,152.77999999999997
fcb59a5b-d355-4464-a5b4-a4150128eb86,0.583513562936,148.77999999999997
65f21734-e249-405a-bc04-79380b85a781,0.5846401438407,155.77999999999997
f3b55e07-793d-4b9b-b109-154abfaa17d1,0.58396910260735,154.78
26d6b5b2-6393-41bb-941d-8dd007deea99,0.583513562936,148.77999999999997
6982f276-8093-4e6c-9dab-9354cef1703f,0.58519944343955,153.77999999999997
b5322119-62c2-48d5-8d45-325fc637cbb6,0.58463998570735,155.77999999999997
3dbde3c3-438f-4cf9-bc02-41c5131980ea,0.58593343460525,163.78
adc3d772-1c4e-442b-843f-aa6989e7aa6c,0.5837039510302,153.77999999999997
05bf0339-a75a-44ae-b75c-9cf07db46692,0.58477677692205,161.77999999999997
943be162-49dc-4cc2-8b1a-ec1fb317c44b,0.5836862609899,149.77999999999997
5f260937-5854-4f3c-86c7-36a850036146,0.583513562936,148.77999999999997
d00b0de9-6c77-4be4-a40f-3d97198334fa,0.5839514948092,149.77999999999997
571a2958-b21d-46d1-bca5-0ba45a5438d9,0.5846810391755,161.77999999999997
dd94ee1b-3831-4a5f-87e5-6aa135846fdc,0.5832904899729,156.77999999999997
17926399-de4d-400e-a8b9-17ceb0ae36a4,0.58567957348985,153.77999999999997
3b39f374-c375-435a-ac93-21c70907bc41,0.58322917651905,152.77999999999997
28f151b1-f236-4689-9a6f-3febfe5c8efa,0.583513562936,148.77999999999997
71f20185-1560-4229-b608-f563d3f29dab,0.5846401438407,155.77999999999997
58af9d88-da83-46bb-93ed-6929bb70adb6,0.58703072455215,155.78
488819f4-1c67-438f-85ba-9713ca975fb2,0.583513562936,148.77999999999997
bbe5c2db-db82-4a2d-a359-cf493f83dd92,0.5834274618709,154.77999999999997
2ef43ebf-12e1-40a2-af01-37c4088110a5,0.5820509733185,157.77999999999997
cfde6a7d-c592-44ec-b5ed-d4117db17876,0.58707317153295,155.78
107847d3-6fb3-43a1-b521-d70b80a32ada,0.5837039510302,153.77999999999997
dcfb81ac-911e-4de5-b86f-5b1a511f9070,0.5871832918101,172.77999999999997
c1680fd6-7ca8-433a-bba5-8aa237f8da92,0.5836862609899,149.77999999999997
1de814b5-4802-4181-96ae-c8a1e4a38678,0.583513562936,148.77999999999997
56315821-b353-43b6-a85f-86e928e2006a,0.5839514948092,149.77999999999997
ac452431-7a6d-40c4-9c06-6371ea4b8544,0.5835933695805,163.78
eb9b58d6-03e1-45fc-949e-df03db563f4b,0.58320397094005,151.77999999999997
9011314e-cc6c-495c-a8b1-abbdd47e8232,0.58567957348985,153.77999999999997
4e4ebf25-6ed0-4a8a-a7e2-f95d6be936b9,0.58322917651905,152.77999999999997
8c007242-86a3-4de0-9bb3-b9872bba1e7c,0.583513562936,148.77999999999997
d613fd04-2ea4-4991-b386-743585e7998a,0.5846401438407,155.77999999999997
7ef0baec-c1b3-4de2-9c41-0ac30e2acf25,0.58018262122585,157.78
f84f7df7-0a18-4910-94c3-0c74a37fa246,0.583513562936,148.77999999999997
278393a5-5078-4005-953b-fe75d8d658f1,0.58519944343955,153.77999999999997
e06d6a4c-21ac-4ab1-bbea-09ef30b3eb2b,0.5820509733185,157.77999999999997
f1401440-0cd0-45cd-8bce-f5f466e873da,0.5843632689719,158.77999999999997
f6462930-5779-49a7-987c-5108a46e7f0b,0.5837039510302,153.77999999999997
651b8539-9752-4efa-b8b2-fb1bf65eb77a,0.5840195497482,177.77999999999997
a787671d-b775-463f-8801-784628ce143d,0.5836862609899,149.77999999999997
56efc99a-dc73-4854-a988-b52da2bf9b6f,0.583513562936,148.77999999999997
6a3e427d-24b5-4f4f-a6dc-172f3031fd9f,0.5839514948092,149.77999999999997
d0a5c2d8-bc25-43e6-a4ff-eec262387b02,0.5827819230914,164.77999999999997
4cb905b5-ffb6-4283-bff1-a54191b7e9dc,0.5832904899729,156.77999999999997
ff3c5b40-a196-446f-94d2-de12dc72c682,0.57999751862595,152.77999999999997
2afb8a0d-03e7-4ab5-b2cd-a6b3da3c7209,0.5836862609899,149.77999999999997
a896c735-ce0f-40a2-b1c8-5a6924cf06cb,0.583513562936,148.77999999999997
cda2a3d1-3227-4e0f-bb16-d3414b1f18f5,0.5846401438407,155.77999999999997
075d84fc-c7a0-49c6-935b-352f7b49bf1b,0.58018262122585,157.78
6310c2c2-a512-4ecc-bb85-1b120ad2bb2a,0.583513562936,148.77999999999997
cbf59aea-322c-4a9e-9955-f30709f6df16,0.5834274618709,154.77999999999997
fe8a608e-b3fd-4d0a-a9ac-575760320db9,0.584096054858,161.77999999999997
01b97013-b963-4879-b193-84f5b4fa7a20,0.5832904899729,156.77999999999997
d4392780-6593-4cd7-9863-c69d4f63f982,0.5837039510302,153.77999999999997
b4fdede4-2eed-4365-a197-2f99ff30ae7b,0.58741877719545,162.77999999999997
eeb9090c-3d14-4953-b584-bc1995fd206d,0.5836862609899,149.77999999999997
cb0d0691-e790-40f8-b197-76361517ff56,0.583513562936,148.77999999999997
b587bf5c-193b-45c3-b486-c88e8e86f608,0.5839514948092,149.77999999999997
937ba2e5-3c6a-4881-8f80-1ac06b8e5127,0.58340131883225,164.77999999999997
e3b55940-ce29-4716-9d83-a0f1fdd43015,0.58320397094005,151.77999999999997
98f6c674-8335-4f9e-a499-4cc36b0e634e,0.58567957348985,153.77999999999997
aeb03019-3019-4605-8b01-5436765a2205,0.583513562936,148.77999999999997
365ca2f3-ff44-4396-9fc0-2891fd6e9748,0.583513562936,148.77999999999997
ddbe30ed-ace0-4003-a66f-9cd725783f78,0.5846401438407,155.77999999999997
afc14ac7-4025-4226-976b-53d7aae7a450,0.58018262122585,157.78
b92b9fbd-89a6-4976-9b62-227c6ab466ef,0.583513562936,148.77999999999997
f9784c17-2634-49ff-8175-480c1e938ca1,0.5834274618709,154.77999999999997
b8f6c875-dbfa-41f2-8745-6b88a65a4c83,0.5820509733185,157.77999999999997
6803238a-1cf6-4f7b-8502-fdfb94e78400,0.58227052052385,162.77999999999997
16c140f2-3178-461e-bcc1-ff673c71bf39,0.5837039510302,153.77999999999997
2c49d4f3-1eb3-46cc-9106-54f5bdd7e9ba,0.58298980896945,166.77999999999997
d93367c6-931c-4473-bdff-40bbfd5fb3ee,0.5836862609899,149.77999999999997
4e2b1d82-797e-42c1-b23f-ccf813d25b11,0.583513562936,148.77999999999997
65f378aa-9f6a-4d82-b3a3-fc62c6f6e6f4,0.5839514948092,149.77999999999997
ecece2e8-0ac5-4118-a87e-561342c73be9,0.58340131883225,164.77999999999997
61040d68-6c30-42ad-8b5b-a3f9d0a6207a,0.5832904899729,156.77999999999997
4010b88d-65fc-4156-914b-1af6a92afd66,0.58567957348985,153.77999999999997
771f0230-cff3-4a3f-ab9d-1b25be00c707,0.583513562936,148.77999999999997
6f7837a2-194c-4d49-a1cd-7a5e1f8ab725,0.583513562936,148.77999999999997
fec30809-5ca5-4503-88e6-e196ea87d516,0.58363413454575,157.78
2265252d-958b-4174-8ff2-b2927d12997b,0.5860336497656,156.78
30a95884-ef7e-4148-996f-1951b232b728,0.583513562936,148.77999999999997
3e034926-3f6e-419f-89f8-1957fbd448d9,0.5834274618709,154.77999999999997
29e595cc-0fe1-4476-a31a-7b00e3c854db,0.5822027776896,158.77999999999997
7dae2abb-4351-4869-ace6-e4bb00b7311f,0.58227052052385,162.77999999999997
d9dcd292-da9f-4850-b43b-404514a5ca66,0.5837039510302,153.77999999999997
3de8d6b6-35fe-4eb1-b763-01694d4b1765,0.58252642820505,162.77999999999997
7d407ae7-3b95-4896-b52e-b41a636d8a5e,0.5836862609899,149.77999999999997
710f1c9e-044f-4bd1-b062-dcadf2b8ec27,0.583513562936,148.77999999999997
2d02a7a8-d1c1-461a-9e24-1c8dee46c3eb,0.58521654094445,151.77999999999997
47a29714-823f-445f-9ca3-b06deece1a61,0.58340131883225,164.77999999999997
97fa803f-c3b7-4757-aed6-d34c8f906dff,0.58320397094005,151.77999999999997
2ff0b8c4-f52e-4026-aee9-dee9d11a3c0f,0.58567957348985,153.77999999999997
d3cf62e0-9bbc-445e-90cc-3066e23b39a3,0.583513562936,148.77999999999997
e6347b86-323c-4ae2-a573-339ab73ce595,0.583513562936,148.77999999999997
eccfa3bf-b386-4da5-adb0-e070825a66f2,0.58369152684385,158.77999999999997
31b3c58b-51dc-4725-ac37-3764cbddd11d,0.58396910260735,154.78
80c4281c-20db-4330-9a8c-e4f15850f79a,0.583513562936,148.77999999999997
9b4475fa-d987-4600-8115-c2df7b424604,0.5834274618709,154.77999999999997
d575f898-4f14-46bf-8ee3-b76f7e06816d,0.5824619035503,161.77999999999997
f696688b-36b4-4567-b01f-126f5a08df53,0.58464701468545,160.77999999999997
e16263d5-8d92-4514-b01a-e5146546f4c1,0.5837039510302,153.77999999999997
e45477c4-fd75-43bd-9481-16ec5e8d6bd5,0.5838134647282,159.77999999999997
058e5a45-334d-440d-85aa-6556a6397dc4,0.5836862609899,149.77999999999997
ecd61efa-a38f-41e0-b305-329e226e6347,0.583513562936,148.77999999999997
9d239b3b-abc1-4359-8e6f-0b78c76d3612,0.5849860423495,148.77999999999997
e9e7e7f4-9331-4db9-8077-646e4e326580,0.5832904899729,156.77999999999997
017eaafd-77bf-4468-a90b-735fc45ac797,0.58320397094005,151.77999999999997
6e1d7667-0039-4a6b-8f72-a0dbdf4db90c,0.57999751862595,152.77999999999997
c0ae103f-ce8c-48d8-8e4a-1841edb7356d,0.583513562936,148.77999999999997
c8041d11-d6ee-45f6-abaf-ff6510e0d5a9,0.583513562936,148.77999999999997
706ff52a-a2c5-4606-b291-120df3c5d04e,0.58363413454575,157.78
83a5eec9-59fc-47aa-b6ea-9637165be4c2,0.58472083271335,159.78
21645e7b-6c35-4c73-bcfa-c7bdeb65ee47,0.58320397094005,151.77999999999997
698b07a0-a1dc-42a3-bbc6-35fa92b0e608,0.5834274618709,154.77999999999997
0796f784-1e4d-40c2-8c05-fbe972ea91b4,0.5810816422096,157.77999999999997
c62c6fab-494b-4943-b920-64795bb75111,0.58227052052385,162.77999999999997
87561624-a145-45d4-aefb-9a317d9c8c55,0.5837039510302,153.77999999999997
de307a58-3b28-4eb9-8ef3-0d5d99ea7818,0.5839635811251,169.77999999999997
7bfd8724-25a1-4b57-b1c3-8847183b5030,0.583513562936,148.77999999999997
352e4a40-eb97-45a7-9281-2fe435031905,0.583513562936,148.77999999999997
b581f2ff-c0db-4bcc-927b-dfce1350e32a,0.58263797562545,152.77999999999997
6e720eff-c1b1-41fb-8dc2-7f2753382df6,0.58486391991615,159.77999999999997
4702074d-0796-431b-9ce4-90dde56b3c9a,0.58320397094005,151.77999999999997
82695a6d-0363-44ea-9223-0713af3a278e,0.57999751862595,152.77999999999997
ebbd5ccb-b6f6-4759-a056-a4fdbab64a5c,0.583513562936,148.77999999999997
66cd986f-ddde-49e3-84f1-ce75dfbbbc8d,0.58320397094005,151.77999999999997
0d1015d4-ba9b-4d60-afcc-3dda43a6f704,0.5813284679575,159.78
b249254c-c58a-4b8f-9e38-84d02b6f3ff0,0.58472083271335,159.78
ea683fd4-477d-4fa7-9d09-48e8a10ca2bc,0.58320397094005,151.77999999999997
92c22a47-ec2b-4baa-81aa-6cb9d75384e4,0.5834274618709,154.77999999999997
0cf8519c-0cf6-4f30-a930-a76d4ff70ba8,0.58501043197285,154.77999999999997
031e783f-0704-4cda-baf7-805a9294f221,0.58160961955715,157.77999999999997
dbda589d-dca5-4c84-8fad-3b2566c2f28e,0.5837039510302,153.77999999999997
deb2a6df-a489-42d5-8ed5-7ab8c3596e58,0.5844046462754,182.77999999999997
5e6ec3ad-471a-4a1d-8ce0-29ff8e50b9d9,0.58320397094005,151.77999999999997
e0c7d202-a853-4a71-a7de-957800e746d3,0.58320397094005,151.77999999999997
0948b8b1-35d1-4f0b-b44a-4e9932da3200,0.58263797562545,152.77999999999997
dfde69fc-dccc-4680-aab4-b22d610f8098,0.58340131883225,164.77999999999997
3237564e-6785-4e6f-b47c-fa51fdec4c01,0.5832904899729,156.77999999999997
70c42c43-2964-49e3-870a-05b875a903df,0.57999751862595,152.77999999999997
0ac1a26c-11bb-42d4-ae27-953be9f34e9a,0.583513562936,148.77999999999997
5950a6d6-9fa7-43aa-84be-55e5dd5f46b2,0.58320397094005,151.77999999999997
b216d297-b060-42b7-930d-36a1f9a5e1e1,0.58363413454575,157.78
5ce70ab4-6f9f-491e-9dae-3ec17da98a4f,0.5860336497656,156.78
300b0f78-4a18-4adb-a544-72189b9677cb,0.58320397094005,151.77999999999997
695e289b-cc58-4174-9811-8783cac3de85,0.58519944343955,153.77999999999997
558e6812-b08f-418f-8256-ae806e599fcb,0.5843632689719,158.77999999999997
9509f7cb-5445-4429-ba16-e6188d61e9ea,0.58251060603545,154.77999999999997
69eb172c-c265-4463-a5c8-d082086deaf2,0.5837039510302,153.77999999999997
5b6ed985-a5c1-4049-911e-e2e5e607abdb,0.58746452989895,160.77999999999997
2d5e1772-aad5-45b3-9f06-640555c105d4,0.58320397094005,151.77999999999997
c4933f5a-38cc-48d2-840e-7acb7896733d,0.58320397094005,151.77999999999997
aceb922d-ad03-4ec1-bf72-06e02886c39a,0.58263797562545,152.77999999999997
deab68f7-7865-4634-bfd9-0ecc1482642a,0.58486391991615,159.77999999999997
d10affd8-e3de-4695-89d3-f419a44d32d9,0.5832904899729,156.77999999999997
e50587a0-a83e-43fc-931b-de6a8338e9a1,0.57999751862595,152.77999999999997
71ce5831-629a-4c48-a5a0-22fb00ed4b71,0.583513562936,148.77999999999997
694088bc-7950-43e9-b167-37943cc2bf21,0.58320397094005,151.77999999999997
905c0b3b-99a9-4443-a569-ddabe8282590,0.5846401438407,155.77999999999997
51ebb64f-102a-4ae6-9b23-112b0dd4b519,0.58411701598075,151.78
f0ba758c-6464-4af1-abf5-9cd8363307de,0.58320397094005,151.77999999999997
2ff82101-1312-4930-869d-8d6aa2a1987a,0.5834274618709,154.77999999999997
2b154a0a-60e1-41df-a5f4-4feb7be4f0a6,0.5858523896819,160.77999999999997
9c3639ca-0b68-4a1a-ab17-6f74544144eb,0.58251060603545,154.77999999999997
f17eb58e-9a56-43e6-b0cf-e98fb69c505d,0.5837039510302,153.77999999999997
64e9c9b1-deeb-4061-b7f4-e7b0f5f60036,0.58395960269755,172.77999999999997
67ffb256-33cd-41ca-b0df-275a54df0050,0.58320397094005,151.77999999999997
c1726074-bb1a-4aff-8158-7c3cb4a98e66,0.58320397094005,151.77999999999997
70f023b4-9b82-4969-8ce2-ee2c61668476,0.58320397094005,151.77999999999997
9e29fc4b-87d0-4e16-9ca1-0bf5d3519ee9,0.5835933695805,163.78
c4012f78-bf9f-4442-af01-219a8dab1de9,0.5800877994189,157.77999999999997
2fc174f5-932e-49c3-af38-9883a8c302fe,0.57999751862595,152.77999999999997
f08b4564-8aa3-41ff-a097-8a723a0e5719,0.583513562936,148.77999999999997
52faae4b-8912-4d51-9175-ea4f5955dc30,0.58320397094005,151.77999999999997
005bafe6-52a0-465a-9724-1c0d9b17fc45,0.5846401438407,155.77999999999997
3e5cfcf4-8bbd-4787-a667-fdb9608bd607,0.5860336497656,156.78
3e0afdc4-22b2-4c92-aa34-bc807cf67c1c,0.58320397094005,151.77999999999997
f02cebc7-b52e-4ac4-ab06-11042498fe29,0.58519944343955,153.77999999999997
dc71bdb7-08f2-42ef-ad4c-b2f31950b2a8,0.58463998570735,155.77999999999997
9af841fd-17a6-4ff1-a362-a4cda89ba549,0.5851415635987,152.78
d180958d-8693-4d77-8531-b84dfbf27dab,0.5837039510302,153.77999999999997
d8668035-a321-4bba-9972-c5180400b3ab,0.5837592432966,160.77999999999997
753b3ed7-39eb-43d6-9872-9482d6a5e76e,0.58320397094005,151.77999999999997
d8aa1567-db09-4b9a-bb55-d9884c1fa40b,0.58320397094005,151.77999999999997
a98b1844-1b00-4e83-9a1d-5badd1ff8600,0.58263797562545,152.77999999999997
d8af3ff3-cc87-407c-9dc5-d9399f1d4273,0.58340131883225,164.77999999999997
0f0464e2-6833-4141-9f5c-76e0a41c9e55,0.5832904899729,156.77999999999997
4909c9d4-77ad-409d-becf-d09c5b01fabc,0.57999751862595,152.77999999999997
7930a250-2572-4f43-9908-af6a84cbec4e,0.583513562936,148.77999999999997
c6bfa266-52fb-4db9-bbfc-67518e2db757,0.58320397094005,151.77999999999997
4c77c131-99c0-49ab-a1ba-c8971b8b6fbb,0.58475321366435,154.78
98634ab6-e4f0-41d4-8e5d-c4bf164ddaa0,0.58411701598075,151.78
a65a5bf9-0d44-475b-a28f-46c7eae16bfa,0.58320397094005,151.77999999999997
907d98e1-ab1b-4fc5-8982-9e1bba5a1c44,0.5834274618709,154.77999999999997
46da5589-f61c-43c1-8bf3-c17dadf2bfb2,0.5822027776896,158.77999999999997
49a677ad-5db1-4373-b0b3-f0bd6d231992,0.5851415635987,152.78
0b649928-2228-43fd-aeb7-3ccfe245f99d,0.5837039510302,153.77999999999997
20abd986-ba86-45ff-bfee-befe50897ca5,0.58157367831455,169.77999999999997
b31963ba-b7ff-4dd8-8d19-87f9e3f49d7b,0.58320397094005,151.77999999999997
b413be9e-8a09-447d-99c1-f1773c035979,0.58320397094005,151.77999999999997
93aee897-0fb2-4e23-91d1-181e6c0e51da,0.58521654094445,151.77999999999997
7aac2263-7b63-4b3b-8684-1206c893b68b,0.58486391991615,159.77999999999997
de9d25e6-6797-43d5-b6c8-de9cb05c6232,0.5832904899729,156.77999999999997
cd528990-6974-4e9a-8184-f53346b7c5be,0.57999751862595,152.77999999999997
2ae03e81-22e4-483b-8dc5-6acf837d9230,0.583513562936,148.77999999999997
aefcb5a8-4266-4a09-9874-416afa1903e1,0.58320397094005,151.77999999999997
64555739-5d59-4974-9a7a-38a9ee308d62,0.58363413454575,157.78
88251716-7828-4c7c-9680-cabe507c7ba4,0.58472083271335,159.78
d93355d4-c308-47b8-a80e-887a473fa6f8,0.58320397094005,151.77999999999997
743e1e9c-b5f7-4e57-b0f2-6132cd6d6afb,0.58519944343955,153.77999999999997
793e7c66-5f09-4d51-a075-ddd3a84fb974,0.58463998570735,155.77999999999997
d6d8fc52-9109-4cab-99bf-0463399267d8,0.58208535306935,147.78
19d2dae0-48e8-4539-8d96-43dcace6a270,0.5837039510302,153.77999999999997
14304f18-59ed-4f44-9b59-b2f2e6f2b108,0.5849057713272,171.77999999999997
fc7265b0-67de-4e99-a803-58812b251b0e,0.583513562936,148.77999999999997
e509b841-b5c4-4acd-8625-fe0503c2c8dd,0.58320397094005,151.77999999999997
801b67c4-3587-4dee-8c40-03384e5d3f9e,0.58263797562545,152.77999999999997
f4f1604a-9a3c-4125-95a1-9ae743b23583,0.58340131883225,164.77999999999997
63fb6025-5504-4dae-826b-5c56444996ef,0.58320397094005,151.77999999999997
66d1ab15-1139-4f9f-8d77-b54f78baae10,0.57999751862595,152.77999999999997
6eb8a871-be68-4b85-bc32-98e23d9670bb,0.583513562936,148.77999999999997
6b5ff5b0-4863-401c-a613-241bd499efd9,0.583513562936,148.77999999999997
34ae920b-d1a7-4575-9945-416a374b068c,0.5813284679575,159.78
20e34cb2-64fc-4fa6-b24c-a6c80a6ea3a2,0.5860336497656,156.78
939208c9-b214-478a-88bd-23ecfc18c18b,0.58208535306935,147.78
5fedbe91-ac3c-428b-9f80-0e0c8c06227c,0.58519944343955,153.77999999999997
1f5adb32-92ac-482c-a2e1-1397e25d95d3,0.5858523896819,160.77999999999997
d652138a-5efd-4ad4-83df-85a69c511c19,0.58208535306935,147.78
453cc5a5-2183-40f8-b305-7bc3f6845fe7,0.5837039510302,153.77999999999997
a00d1116-9bda-4ed3-a061-edee88cb22b7,0.5851342025271,165.77999999999997
4a497b80-3d46-4999-ad56-e3a71ec0feef,0.58325825703975,150.78
450648d1-79ec-4e45-b347-15af1aa5f574,0.583513562936,148.77999999999997
a4ce649b-7cf4-40d2-8cb5-f89876c66894,0.5839514948092,149.77999999999997
056fb09c-47ff-4f97-8c4e-65a04a5acb4a,0.58513165480485,160.78
c951fd37-7dcd-4029-befc-44f536e04c05,0.58320397094005,151.77999999999997
b8fae5d9-a76c-40da-a567-38377309bcdc,0.58449878200415,149.77999999999997
1ff63d39-4690-4c5d-8337-935787debaf9,0.58208535306935,147.78
036d998a-505b-4806-9fc6-6012a26de672,0.58208535306935,147.78
55e19673-ca8e-4c61-9b37-543275c84db8,0.5813284679575,159.78
c962387a-e129-43ef-8ca5-37b7d86a4f83,0.5860336497656,156.78
bbdb4745-0365-4a70-891c-2d325afc7416,0.58208535306935,147.78
c3764663-7eec-4fbd-9a78-52fcfed338e8,0.5834274618709,154.77999999999997
aaf5bcd7-2bd0-4b1f-817b-f7fd782c7d22,0.5824619035503,161.77999999999997
bc55b021-93fd-4018-9a15-7d936e5d49b5,0.58208535306935,147.78
a2626bd4-77b6-487c-9581-b5c5b1269192,0.5837039510302,153.77999999999997
7a3c3105-486a-47fc-b570-6f79fb4661de,0.58585871450585,175.77999999999997
e50b84d3-6826-48ef-86f0-7a21bc861c6e,0.58320397094005,151.77999999999997
68688f60-94ed-42fe-940c-3f19353b9243,0.58208535306935,147.78
f74180c4-828f-42f4-b169-1e94fc6eb8c3,0.58320397094005,151.77999999999997
fe086fe0-b14a-4c59-87d5-739f79ff157b,0.58503395982245,158.78
9a1adacf-803f-4419-8157-2c3077779ecb,0.58320397094005,151.77999999999997
32597cd7-7b0c-495b-aed5-35459a2ed12a,0.57999751862595,152.77999999999997
2182a676-26c4-49d3-b14f-e037a420d55e,0.58208535306935,147.78
ed85b7ba-e64d-46a9-9755-5bda9aee226a,0.58208535306935,147.78
78e5f3de-fb8d-418e-8267-ed30ad7b2039,0.58475321366435,154.78
cbe7d93e-99d6-4a94-999f-92c73ff4aaf9,0.5860336497656,156.78
012e8fb1-ffa3-4130-8e99-abb2aecf0aea,0.58208535306935,147.78
af019fcd-76bb-4f87-9fb7-ad3d679df60b,0.58519944343955,153.77999999999997
f6470d9f-08a0-4abb-9ba3-034e1c8f371a,0.5822027776896,158.77999999999997
fc184636-2fd5-41a9-bc04-423b350a277b,0.58208535306935,147.78
5c282995-28b0-4c5a-a6bb-d3779603e9a9,0.5837039510302,153.77999999999997
a0bc213d-6670-4fb2-b348-2a3f3516e594,0.58535602243355,171.77999999999997
d87826bf-36a0-4ac5-a111-aa77fc67d2db,0.58208535306935,147.78
087928eb-23ad-463c-9d7c-eee5228915da,0.58208535306935,147.78
6b9caabe-05c6-46ac-b917-fe62d5fe23c8,0.58263797562545,152.77999999999997
b2019449-7db3-420c-9387-4b8191087cfb,0.5827819230914,164.77999999999997
fe0c88a7-4e0d-4c64-bcce-304a9b1b780b,0.58320397094005,151.77999999999997
07795705-ef7b-4c09-9f51-f0486bd2a420,0.58449878200415,149.77999999999997
42ff1471-354d-4005-b930-3ad340ea6aae,0.58208535306935,147.78
b25a7ed9-722a-404a-93bd-c6d27859f0a8,0.58208535306935,147.78
1f86307c-5713-422d-9155-e2017da5b729,0.58475321366435,154.78
e12dc10e-6b5f-46e1-97f1-abfbfd139d3a,0.58472083271335,159.78
e364fad4-1b1d-4191-8646-67320a1da719,0.58208535306935,147.78
52c90513-4a44-4ce2-bf11-7b184787b849,0.58480627128975,151.77999999999997
ae47c8eb-0425-4bad-a41d-95536d867ff5,0.5810816422096,157.77999999999997
31df95fd-f42b-4776-92fd-b73879a83c7d,0.58208535306935,147.78
c7cfafbc-3a34-4348-aba1-af2bffe102ab,0.5837039510302,153.77999999999997
4f6aa392-9521-4143-927c-e4d58606b480,0.58621800772075,170.77999999999997
bbe98dc2-b2d7-4d1a-999b-dac4bdc584e2,0.58208535306935,147.78
49c37d7b-8532-41c7-a269-35e39b7f304c,0.58208535306935,147.78
069ef752-061c-4531-9c58-738578159961,0.5839514948092,149.77999999999997
0998b4a9-65e0-40e1-9676-68165729c0e0,0.58340131883225,164.77999999999997
d5c1e693-a5b1-4c20-a1df-d60eb62c927c,0.58320397094005,151.77999999999997
5a8ee693-f0cb-45f5-bd9c-d03dfa896232,0.58449878200415,149.77999999999997
3b600791-59d8-4695-970b-e3c62ddaba0e,0.58208535306935,147.78
5d4b20b1-b9a3-4de4-9593-64a2c7e6274f,0.58208535306935,147.78
6e248dd6-e112-47df-b483-c5d3c8619dd1,0.58475321366435,154.78
69ef4e19-cd93-4e26-a7de-d2a52b93f410,0.5860336497656,156.78
6ca75af9-9a43-4296-9ea2-07a5333a3c58,0.58208535306935,147.78
8d272709-3af9-45a9-b4eb-eac86cb0de8a,0.58480627128975,151.77999999999997
5d7ca76e-37f0-4f6f-b38b-aa48e59cf49c,0.584096054858,161.77999999999997
7d3be65c-bc21-4d2f-b621-c25a7a72cdc5,0.58208535306935,147.78
a6e4f1ed-1f05-470d-b007-b45806338f8a,0.5837039510302,153.77999999999997
8e033248-ebdf-4aa7-9ce4-2ef5710727f4,0.5827778515968,170.77999999999997
6b5faea4-cac1-4e8e-ace3-fb8c474c0e56,0.58208535306935,147.78
90ec1ef1-7280-48b1-9f32-459661677757,0.58208535306935,147.78
2c3bc02c-428e-4cd3-b32d-74fc946e2117,0.5852863765908,148.78
f6a4e5f3-e88e-41ee-bcec-ced66fc99217,0.58486391991615,159.77999999999997
b7a45fc7-3c8c-464a-8f7a-07d127eac169,0.5832904899729,156.77999999999997
7947da4a-9e94-45e8-aca4-2bb9b6f1338f,0.58449878200415,149.77999999999997
facd2f37-6a94-439f-b55f-88e35ae1f775,0.58208535306935,147.78
a2adbdfe-9c65-42d9-9578-8df14f1f810a,0.58208535306935,147.78
37d3cf8a-0c19-45ca-88e2-917f463ed511,0.5813284679575,159.78
dbb05be4-db50-44c7-b529-dcc9365d577c,0.58396910260735,154.78
b311ccc4-9fee-4d28-96ed-6ff1851189c1,0.58208535306935,147.78
27a404d3-7a00-4f0b-bcfe-643558ef4af4,0.58575567331245,150.77999999999997
434fdb8a-f7d5-4cd3-9e5a-0239af46f405,0.5810816422096,157.77999999999997
52a78a34-cbb0-4007-ba4b-05ab1c9e3e4f,0.58208535306935,147.78
3cbc1140-eb63-4a3b-901f-396b4a0042de,0.5837039510302,153.77999999999997
e31c525a-a1fe-4a22-9199-4767fba0ffbd,0.58269577174975,173.77999999999997
647092e8-82c4-46a8-9f02-ead9f7a890ed,0.58208535306935,147.78
dd39c895-968f-4050-aa8f-a9eb74b22566,0.58208535306935,147.78
b75823a4-0ff5-4c68-998d-8614bbeb2580,0.5839514948092,149.77999999999997
4c5b54cc-fdc4-4bc8-ad18-e1679e59b04e,0.5846810391755,161.77999999999997
ac159d00-d186-4a1d-87d5-6cfc441e3c75,0.5832904899729,156.77999999999997
565d0a1d-55fe-456b-b188-7e23e80bf720,0.5852863765908,148.78
556efb83-a886-4d39-a168-a7355e715821,0.58208535306935,147.78
a0777bee-a84b-493b-9927-28376a957c5a,0.58208535306935,147.78
d32ad3b7-4366-47b1-9ffb-aa2d6ca70c4a,0.58475321366435,154.78
8ae9aafb-a2d1-446a-83ae-246d3207a820,0.58472083271335,159.78
d401fada-7410-4810-857b-87dd4f275cbc,0.58208535306935,147.78
0defe8bf-6ba0-49a1-a21a-a7c289c3e462,0.58519944343955,153.77999999999997
a08fd5c6-f70b-4d46-af5d-a55944291ce3,0.5843632689719,158.77999999999997
64ba702d-f38d-40c5-8471-baf6f5d34b16,0.58208535306935,147.78
5c96ead9-432b-4658-bd62-5486051c40c7,0.5837039510302,153.77999999999997
1699ebd9-6454-4c43-8f64-09a89aa872b1,0.5824949384888,164.77999999999997
3b65dc57-5d69-45ee-8540-07644b4d84f4,0.58208535306935,147.78
5f75ffc7-8b7f-4f8d-9cea-e4bdb2ae5856,0.58208535306935,147.78
617163f1-3271-45e2-98f1-0b0c745a605d,0.5839514948092,149.77999999999997
64925d8e-c96a-47c4-824c-945699ec2b34,0.58340131883225,164.77999999999997
454f38ed-080d-401e-98d8-b01f323802ea,0.5832904899729,156.77999999999997
d5881890-7ef8-4622-935a-9fbe0f29310b,0.57999751862595,152.77999999999997
7a8a9ece-e2e8-400f-b92c-527fd14b89b8,0.58208535306935,147.78
1b8aba9b-8e03-47c4-aead-010d5fde764e,0.58208535306935,147.78
7aa5052e-4a7c-4c55-bfec-4d03738a7a50,0.5813284679575,159.78
0e8d90ed-e8a2-4595-a272-5ae8f7c233e6,0.58411701598075,151.78
80f8c2fe-272b-4e46-8259-1fe5a11ed075,0.58208535306935,147.78
6c05bcdc-71ee-4bc1-962e-38c2b89ddf12,0.58480627128975,151.77999999999997
7b56548e-1f84-4ce4-9445-293bfbd0e64e,0.58463998570735,155.77999999999997
51ca3950-2e40-40f5-abb2-ccac72321dc9,0.58208535306935,147.78
6dcabff5-7bcf-4c92-a5e4-64133d1d4222,0.5837039510302,153.77999999999997
c66d987e-8a2d-4e8a-bfd5-f18f4be1e6d1,0.5858055236463,170.77999999999997
072c5066-93cd-4f1a-a1e2-de8851e9fa12,0.58208535306935,147.78
fa08fc24-782c-4ff7-bc6c-862f1ca0bfb8,0.58208535306935,147.78
a295bb67-dbb0-4277-af98-287cf2f05de2,0.5839514948092,149.77999999999997
4824fd6f-1551-4a4d-b2f1-598b8be74551,0.58503395982245,158.78
e494a575-cab4-46bb-b12e-382bdab2035b,0.57999751862595,152.77999999999997
5ac2dbc5-a9e7-4d3c-9e83-9828c595d754,0.5852863765908,148.78
7391c181-ad0c-4db7-930b-714f788ef695,0.58208535306935,147.78
8180f294-cfb1-4b8b-b0d1-48817e785479,0.58208535306935,147.78
27ec7e43-605e-4a3f-9a8e-66075e1f34e4,0.58475321366435,154.78
86a76815-9be1-457d-a6fa-1d3fb0bf3aaf,0.58472083271335,159.78
d498b77a-af36-4621-b23f-45202a23b0fc,0.58208535306935,147.78
35b13997-82aa-4c93-a23b-d442df58969a,0.5834274618709,154.77999999999997
97046a12-9e10-4122-8b38-bb575524dc6b,0.58501043197285,154.77999999999997
f93d7134-c1df-47c4-b3cc-caf47be41d71,0.58208535306935,147.78
ce1f9492-b903-4f2f-850c-19086d608cf0,0.5837039510302,153.77999999999997
111d8fd8-58b8-4896-a456-8d7b1f0648ca,0.58419680961265,156.77999999999997
64ae2094-c7ad-4ba9-84ac-087cd9295949,0.58208535306935,147.78
c29c46e6-4bc5-429c-8fc2-4987e3fb6c2a,0.58208535306935,147.78
3b18509b-2f86-4f96-8704-c3eb75e6fc21,0.583513562936,148.77999999999997
f2ea6289-c573-451f-9cdb-d52532de42c8,0.58503395982245,158.78
e20c0abe-61f3-44d2-a9ae-93e3a2859464,0.5841954465872,151.78
91522857-14c7-4445-b52e-52d87f88a1bb,0.58449878200415,149.77999999999997
65ec04f3-9d33-48af-a710-a65a4ef67d29,0.58208535306935,147.78
3d591c68-78e8-40ea-93e7-41aae2848d1d,0.58208535306935,147.78
54df1e28-110f-43d9-a934-75b1613feaca,0.5813284679575,159.78
f032b6d5-8b53-41bc-bc67-074d59312c90,0.58472083271335,159.78
16c398b5-f349-4961-b02e-6fc50e1220fa,0.58208535306935,147.78
8b87bd65-a9d4-4c7b-ba53-b1f453c2f882,0.5834274618709,154.77999999999997
94d96811-98ec-47da-a966-d38f7c41fdd5,0.58501043197285,154.77999999999997
46796aaf-2e18-489d-bcbe-b058248cb720,0.58208535306935,147.78
50a4af31-6988-4218-af77-6fa9cd739017,0.5837039510302,153.77999999999997
0030741c-c97f-4d1b-a06a-fbbd4b0737c0,0.5854030905217,168.77999999999997
83cae8cf-609c-4c72-90a2-fad1a5d50023,0.58208535306935,147.78
567dddda-fcfb-40e4-9f55-6071369d7f88,0.58208535306935,147.78
e847ac8b-482d-4430-abcc-7cbee94775a4,0.583513562936,148.77999999999997
4918f632-39c6-4f68-a434-2bf195eb8d73,0.5832904899729,156.77999999999997
5fcdff22-e175-4892-919e-4f4d59665e63,0.57999751862595,152.77999999999997
c0a350f6-c61f-4396-9ca9-e821d9459080,0.5852863765908,148.78
d54bcb23-9247-444d-955a-96e13cafacd6,0.58208535306935,147.78
b7ca929f-6b28-4735-8fba-ef0972261a00,0.58208535306935,147.78
275816e1-31d8-44c7-b2d7-eeb17d7fe088,0.5813284679575,159.78
841ef173-9749-40a0-b491-6903c56cc7cb,0.58396910260735,154.78
1a186bfa-1c92-43e6-b605-f62090475ab6,0.58208535306935,147.78
411d7906-faca-449a-ba44-ad516540b9b5,0.5834274618709,154.77999999999997
2558d6b6-39c9-4cf8-af9e-b12b5b93aceb,0.58501043197285,154.77999999999997
fe95fc16-208e-4a0f-b3d0-467c2ff29db4,0.58208535306935,147.78
020f171a-2a30-449c-b230-47444ed9053a,0.5837039510302,153.77999999999997
9c081d92-968e-4967-9169-cb2668e6058a,0.58645042142775,170.77999999999997
681523ca-4e7e-45a1-b8df-69bcc4561010,0.58208535306935,147.78
0b2aba02-2daf-4a7a-9dfe-66750b6da27a,0.58208535306935,147.78
9eea5d19-d755-4dd7-aeaf-7aab1cee1349,0.58208535306935,147.78
649e99eb-6010-4dd0-ad0e-7859e553f112,0.58340131883225,164.77999999999997
abd6db2d-dcd0-48d6-9e22-9bc091b75cf7,0.5852863765908,148.78
e122897d-26a0-417a-a9be-8bc78eee3f08,0.57999751862595,152.77999999999997
63434bc3-c740-44f7-90bf-06e05ba2e3fc,0.58208535306935,147.78
30819b97-ee30-423f-bc08-17789f37f2b1,0.58208535306935,147.78
f782e4b3-366f-4d72-845d-7663a97f40b4,0.58475321366435,154.78
87b3399d-7bc1-44fb-bea3-0ce223bbe032,0.58411701598075,151.78
6588d009-22ed-46da-af55-b30f5c9e59a3,0.58208535306935,147.78
0e11cf50-2c25-45df-b9f4-9afacddf62bd,0.58519944343955,153.77999999999997
36342e2b-5f38-4007-a709-5949e416382e,0.58501043197285,154.77999999999997
ca7e81f8-f1a8-4017-a803-e9f0da522e9d,0.58208535306935,147.78
f98d8576-9738-4bea-97c6-2195b9c6171f,0.5837039510302,153.77999999999997
a5a901cb-babc-4d73-b9c6-221b46d75264,0.58395960269755,172.77999999999997
88f5ef02-7bac-424e-83e8-f898e7f90257,0.58208535306935,147.78
1057fbe0-800b-4601-853f-62b10c845670,0.58208535306935,147.78
3116c268-50a9-43bc-bfd2-cff6d40b1c7c,0.58208535306935,147.78
f7779c17-1d60-4e87-9ddc-0d6ffd744aa0,0.5835933695805,163.78
bc5c5c7e-670a-4947-8312-8d829809e7ec,0.58208535306935,147.78
44c1aef6-d05f-419f-ac31-b1cf247038b2,0.58449878200415,149.77999999999997
6691141b-dc8d-48f8-a99a-99e30ed9621b,0.58208535306935,147.78
d0c32500-abd7-4ae8-b27b-0c455ab3da89,0.58208535306935,147.78
99a53a1b-fb86-4f4b-99b4-b8db983adcd1,0.58475321366435,154.78
1197508a-268a-4c0e-80c8-b62722d0c521,0.5860336497656,156.78
91bbe408-c7d7-4bf1-87a9-1d4220cb48e0,0.58208535306935,147.78
d9e8d035-c1d9-4d43-8a9a-dccc4bf3d010,0.58519944343955,153.77999999999997
fda3c476-e5d5-4c14-a8a1-db1c6aedccae,0.5843632689719,158.77999999999997
9e6b5c40-1a88-44ec-b42b-cd1ba6b18e34,0.58208535306935,147.78
53b03627-2df3-446e-b38d-b4be03041784,0.5837039510302,153.77999999999997
42f3d5f8-113e-49f2-bf7a-cd91f00464dc,0.58549636957195,169.77999999999997
531c7e8c-3038-4664-b9ac-bf675d7ad295,0.58208535306935,147.78
b891dc46-7a4b-4f08-b775-ecec150946f7,0.58208535306935,147.78
220101fa-407a-4eff-bcdc-608a316644af,0.58208535306935,147.78
47486ef6-539d-4931-aaa0-f7de2b975085,0.58340131883225,164.77999999999997
717864ae-e577-4419-bbe6-0e7b57191f19,0.58208535306935,147.78
a2a32753-c505-42c5-a273-fa6da3668863,0.5852863765908,148.78
afcbb210-7780-43b6-92b0-5dc2a73e6cf0,0.58208535306935,147.78
9b747cfa-5b6e-4b64-b21c-3e023e67a44b,0.58208535306935,147.78
91a93e6a-e7c0-4179-b013-e7b9f98ab1d3,0.58475321366435,154.78
94ae2fda-bc4e-4a96-a7a8-6c6b82ebdc82,0.5860336497656,156.78
ae60d7d0-7281-4cd9-a954-1bc74fb2252e,0.58208535306935,147.78
c52d0bf8-9d9b-4473-93a3-098f861f3fd6,0.58519944343955,153.77999999999997
2b0733a5-b7a4-4751-87d3-a1a8499c5aa6,0.58463998570735,155.77999999999997
00262dbe-487c-4b56-ba06-38ad2094adc3,0.58208535306935,147.78
0995d975-37d3-420e-b0d0-802112a5f56f,0.5808204172948,152.78
512fe577-0e56-4ef8-9415-0cc5ce3d2de6,0.5828222156268,174.77999999999997
bc1a784f-443b-4641-9429-e8a941ba128a,0.58208535306935,147.78
04031971-eb40-4acc-a9c4-3245ad58bf3e,0.58208535306935,147.78
49f6d67d-b174-4c16-82d5-34fe56367999,0.58208535306935,147.78
08914f80-4616-49e5-a4e5-303d79885d7a,0.58425948289485,155.78
59cda494-8a90-4c89-8b19-05b21bead76f,0.58208535306935,147.78
0dba2ed6-7634-47ae-84c6-ed92867b4fac,0.5841954465872,151.78
9464fd86-221d-43c3-922c-9365d30d0529,0.58208535306935,147.78
1369888b-2638-4da6-ab9f-ac1544aeb767,0.58208535306935,147.78
802940d0-6f74-4964-b477-122245f59c9e,0.5813284679575,159.78
d5ac1a78-a22d-4323-bc81-f888f06e3e85,0.5860336497656,156.78
128a33d1-ace5-43aa-b241-29fd395d8013,0.58208535306935,147.78
ccef437b-9433-4ad0-b9f3-d65416cf2410,0.58480627128975,151.77999999999997
8c79f78d-aee8-4a63-b168-1975c9fe0aa3,0.584096054858,161.77999999999997
998dddad-a433-43dc-bc7d-dc636d66ed6b,0.58208535306935,147.78
f9d23505-7472-4356-85ff-1692ba8f632d,0.5837039510302,153.77999999999997
389ee5a8-82ce-4017-a451-c1d14d4d2afa,0.583390286115,178.77999999999997
e90609d4-87fd-48b3-8927-dcca4d61425b,0.58208535306935,147.78
7f8af12f-5884-4570-85a4-5d3322a39594,0.58208535306935,147.78
a798aa0f-6704-4039-9c2e-20a71b5c5976,0.58208535306935,147.78
7c5ea580-6ec4-4178-a24c-a709adcd32a9,0.58425948289485,155.78
d0e85ddb-93cb-4185-8b6a-6b421da7c1f0,0.58208535306935,147.78
a6325ba0-c420-4f4c-b115-eac5bc52f418,0.58449878200415,149.77999999999997
e2eae98d-4352-4963-a220-30324b2e180a,0.58208535306935,147.78
ba8aefcf-bc69-4d23-995b-78c185694f6b,0.58208535306935,147.78
50053f6d-2113-4fa4-a71e-2be21248d59e,0.5813284679575,159.78
8255036c-4874-4ec4-80da-9ab713b6705e,0.58396910260735,154.78
81ce2ad7-042d-4b24-8ff0-d4e44eb76dd7,0.58208535306935,147.78
ddb96d24-a08b-45ef-890c-e207fd83ebeb,0.58575567331245,150.77999999999997
2e3ce0aa-31fd-4166-815e-55a2031fda78,0.5810816422096,157.77999999999997
e8436c03-c63d-48db-af9b-2ed086a3cba9,0.58208535306935,147.78
da844582-daab-401c-ae8e-a8521e103b15,0.5837039510302,153.77999999999997
f98ab3c1-ced3-451f-b8cc-cfa490456f06,0.58233666070945,172.77999999999997
a67ea59c-7bcd-4f57-8977-48cce0571b71,0.58208535306935,147.78
17ca7753-2582-473c-b868-4a6aaf124390,0.58208535306935,147.78
8ef5a0b4-2759-4344-8d20-4c031af1692d,0.58208535306935,147.78
fd4375d0-0dff-4bfb-85c2-1dab1a91f6e4,0.5846810391755,161.77999999999997
7241133a-6706-4145-94fa-000daf934cb4,0.58208535306935,147.78
8b17621b-f340-47cb-88c2-70bc1209aa4f,0.5852863765908,148.78
1c81aff1-971d-4ae7-a3f2-e66e6e3e2b4f,0.58208535306935,147.78
65c61d11-c79d-4415-afb4-6d82aabfd3e6,0.58208535306935,147.78
d92b60c5-c7f4-4687-8108-bec417dea117,0.58475321366435,154.78
47751ec4-e0d1-4703-b16b-ad2c041da675,0.5860336497656,156.78
3a9202a2-a2b0-4c77-ae18-e271c21b5c3a,0.58208535306935,147.78
410dbceb-07d2-4e09-930e-9baad1cc0119,0.58519944343955,153.77999999999997
f7de5cc3-7f16-429a-8b5f-b4c9e7641d87,0.58463998570735,155.77999999999997
40920f15-e6f2-4d0a-84e4-fc8eca087847,0.58208535306935,147.78
c65e0aec-b825-4c2c-a51b-ee25cee82bbe,0.5808204172948,152.78
aa1e27b4-d300-4836-b4a9-33d8bfddb693,0.5862089098486,174.77999999999997
c187cf14-3867-424d-a72e-bf09313be316,0.58208535306935,147.78
f7bdd114-69aa-487e-8619-80ab0dc9a4bc,0.58208535306935,147.78
261f68bc-f6a1-41f0-b032-75d57b6a3670,0.58208535306935,147.78
3c89a6a7-7be5-40d8-ae61-c1c5e7f4cfad,0.58486391991615,159.77999999999997
64eb5c3f-48fa-4135-a94b-d0ca2ad67735,0.58208535306935,147.78
a70504db-6709-4864-ab61-f235c4afccd4,0.5841954465872,151.78
e7541fdf-eefc-4e9d-a120-513d301431a5,0.58208535306935,147.78
7ead0d38-01d3-49ca-861b-c6ae3741a414,0.58208535306935,147.78
592e299d-6d0e-46b5-b67b-3e56e73008bd,0.5813284679575,159.78
89947a49-d91e-45aa-99f4-07e4df7305e5,0.58396910260735,154.78
cd26c967-bb8e-4bb4-82ec-e809538d6618,0.58208535306935,147.78
3de06f64-8d7f-459a-ae3b-b4f440c6301a,0.5834274618709,154.77999999999997
7f956bc0-ea34-46d9-b81a-565da37c8fa9,0.58501043197285,154.77999999999997
60419194-1182-4c8d-ab4c-154f09fd2aea,0.58208535306935,147.78
e5cbaf2b-386c-4701-9e72-c88a229f2f35,0.5808204172948,152.78
76044b29-fc2d-4643-8bb8-109ee524eca8,0.5855065621365,165.77999999999997
8e862ee5-13c0-4fc9-94d9-301e93a43e1f,0.58208535306935,147.78
a2f83e1b-4906-4ea9-8145-d05f2b948264,0.58208535306935,147.78
ab71e106-eb36-4d1d-b51e-e61dd9c486ee,0.58208535306935,147.78
9d85d59c-2412-4b37-8c72-59eb64bfc96c,0.58486391991615,159.77999999999997
ae5b0f99-a2b6-4679-8547-bdb2668f4e7e,0.58208535306935,147.78
a6c858d1-56f9-4d13-8c86-f35114c40cb4,0.5852863765908,148.78
04f15fff-d6a8-4648-a902-bf3f459f8707,0.58208535306935,147.78
8c6a6e22-590e-47af-9ad0-217841504941,0.58208535306935,147.78
83c3cad0-bb2c-4d3b-8c20-af55fb168e38,0.5813284679575,159.78
575b6ba6-eecd-4e19-a93f-400ff2cdf1d4,0.5860336497656,156.78
f1307efd-d9db-404a-8425-495e612b943e,0.58208535306935,147.78
a765f182-7c35-4ff7-ac41-c0d2484f3234,0.58575567331245,150.77999999999997
8d31bcbf-0dee-4b07-bb9f-16ea36b90e34,0.584096054858,161.77999999999997
10114d87-c281-4cc1-b4f2-490bdb5dc61f,0.58208535306935,147.78
10dd2ba2-06f3-4381-adc5-2c2a271aab6b,0.5837039510302,153.77999999999997
a828ddde-cb08-4871-8e98-6394020a2d1d,0.584910939957,164.77999999999997
ef096576-2721-4a38-8a09-124b2a7dedbe,0.58208535306935,147.78
ec577ca4-c845-4ae9-a41f-d970d1ddd38a,0.58208535306935,147.78
1399a671-daf7-488b-bc2b-b4d1e7f93367,0.58208535306935,147.78
e0ce7a34-1494-4d26-b0c2-b741d80499e9,0.5846810391755,161.77999999999997
4973eaca-9973-41c3-9cf9-7f40f3233da0,0.58208535306935,147.78
748c54f8-1969-407a-8be6-6705180aa582,0.57999751862595,152.77999999999997
fc886e99-4d66-4ff1-9fb7-46f9878887d5,0.58208535306935,147.78
76ffafc9-b5f9-4ab1-9f0e-0c9dd15c70cf,0.58208535306935,147.78
649c94d2-a58b-4bfd-a08f-20eb1d32b3f7,0.58475321366435,154.78
d2de5dbd-aaeb-467e-912a-a086742e19ca,0.5860336497656,156.78
d2c1a3d5-dc33-45ab-99cd-7d3e308c67dd,0.58208535306935,147.78
57c4c0f5-0d95-4c8e-9c5f-ddae243e2729,0.5834274618709,154.77999999999997
72063fa1-9cd5-4873-a328-92b45514403c,0.5843632689719,158.77999999999997
d83049a3-048b-45b4-84f3-9f15e59aba86,0.58208535306935,147.78
410c111e-bab6-416f-a78d-8f36cba8458a,0.5837039510302,153.77999999999997
85bd295e-0bca-45df-8bf9-451466ce5a6c,0.58494171967475,175.77999999999997
cb722487-74ce-4f80-a969-7f52cd0f51e5,0.58208535306935,147.78
46cfbbca-7bae-40a5-9e77-0ac8f4b3ef5a,0.58208535306935,147.78
01298876-14f9-4e16-aecd-a41d0a0d9fbd,0.58208535306935,147.78
118cadd7-8b4c-45b9-a748-d60fe9f98a98,0.5832904899729,156.77999999999997
9ba1e0fa-7fb7-4be0-9fd8-e22f348db425,0.58208535306935,147.78
2b357436-650f-40a4-8f64-0753f2e7d2a0,0.58449878200415,149.77999999999997
9230679d-c1ba-4379-9b10-569a1c93f529,0.58208535306935,147.78
bc17e08a-7cd7-4f02-8e0b-5f1dbf279d33,0.58208535306935,147.78
c54d3978-8304-4094-9a99-14b8220e4554,0.58475321366435,154.78
11469a85-e060-43a9-a09d-1201cf1ecdfa,0.58411701598075,151.78
c0ae60de-0766-4b35-abfc-979b641a32b0,0.58208535306935,147.78
12e9e573-d1d1-47d9-9b33-15e0e4d0102f,0.58480627128975,151.77999999999997
2c435682-9b88-4eda-b136-4a98eb1738fc,0.5810816422096,157.77999999999997
4484b6e7-6695-4760-82de-a34ca75b70c2,0.58208535306935,147.78
318cc5cb-083e-47d1-82de-33f877e675e9,0.5837039510302,153.77999999999997
14fba448-b6cb-40d3-93bc-a6e69008e073,0.58555420284975,165.77999999999997
2c0229de-0dd8-4b15-b724-f2f38ecd836a,0.58208535306935,147.78
b906c897-23ed-4b14-9141-f2712b9a9950,0.58208535306935,147.78
e69e725e-c8e7-42dd-a7a5-3abeec07b574,0.58208535306935,147.78
c90566e2-a043-46d2-b4ab-5f0126630579,0.58486391991615,159.77999999999997
0eb9ef6b-e4ea-43a9-a87a-ba8932704e98,0.58208535306935,147.78
3b629888-9ed5-416d-8326-c78c649b8614,0.58449878200415,149.77999999999997
f0fd192c-7257-4c0b-9a94-b96372378378,0.58208535306935,147.78
8df2cf6f-1058-48dd-921d-9944c72e8bca,0.58208535306935,147.78
29ea291c-58de-4181-a31c-f65efdb8cd90,0.5813284679575,159.78
1eab0391-2819-4ee0-be1c-ae25222a662d,0.5860336497656,156.78
5c7b9a2e-3946-4a1e-a14e-7d354c2342c7,0.58208535306935,147.78
b5daabf3-4395-4342-a224-8290c22a9d73,0.58480627128975,151.77999999999997
92e93049-d9b2-4dc9-bc05-54e21c0794b5,0.5843632689719,158.77999999999997
bdc12063-61f3-42c5-a22d-f9f340518a50,0.58208535306935,147.78
6ef67989-2bfd-4e66-9c2a-4277b50d95f2,0.5808204172948,152.78
74183759-5db8-4b30-903c-1ba8fecbebce,0.58394395383335,153.77999999999997
870b61f1-ec47-4dec-b691-6110d03e7747,0.58208535306935,147.78
b28a96c7-ad6b-4e22-af42-be8abf94aefa,0.58208535306935,147.78
e17b1af9-911f-4caf-b2d2-52a809b5f430,0.58208535306935,147.78
b3b89c11-e017-4de7-b2ac-a01c5b5c3018,0.58340131883225,164.77999999999997
cf679945-b70f-49c6-8edc-b2ce9e680fbb,0.58208535306935,147.78
a1adb1f0-eed3-4e97-9eea-65a815394c17,0.58449878200415,149.77999999999997
c7e72644-d996-415b-a0e4-2ad3d5cc6eed,0.58208535306935,147.78
a6626ea5-020b-42b8-9576-24d876abf520,0.58208535306935,147.78
9248ecbc-a81d-4c64-8b54-8cae1f933474,0.5813284679575,159.78
c6198815-5b0a-4ac7-b7cf-51bb0c359570,0.58472083271335,159.78
0a8f616d-6216-4a8f-a8f4-cb5e83778ae3,0.58208535306935,147.78
982ce7b3-470e-44bc-8d97-00cc896e5d86,0.58480627128975,151.77999999999997
5d547c8e-8c15-42df-9050-889bd6d24e07,0.5822027776896,158.77999999999997
2b0df182-269e-4e90-ad1a-ac6c20e6447f,0.58208535306935,147.78
f9700386-c4d6-4abf-a1f9-f20141d938d1,0.5837039510302,153.77999999999997
67485e95-2ce7-4359-8303-ac384cdcf83c,0.5882020856826,163.77999999999997
08f50a6b-1e5d-428f-97fd-c62eae05ca4a,0.58208535306935,147.78
705ba43b-88ec-4cdb-9182-db306d72236a,0.58208535306935,147.78
9d5d7c3e-6edb-4b82-836d-503b0e879f02,0.58208535306935,147.78
1677a5a2-d150-4e6a-b30e-4b0660184dc4,0.5835933695805,163.78
254c1c3f-5d40-4894-9bde-dd7942202f5c,0.58208535306935,147.78
6f4f55e3-2fa7-4a1d-85b4-b453faac22e8,0.58449878200415,149.77999999999997
db0cccec-81b9-44a0-b34d-d5b432300f8f,0.58208535306935,147.78
af852ae0-d194-4760-9f56-b6ab9757f1aa,0.58208535306935,147.78
b8ec2247-6eb4-41a2-a38f-6d1c3b16f9d1,0.58475321366435,154.78
2cba1d99-0916-46b5-b62e-f0aa46bdc35b,0.5860336497656,156.78
4a88c4fa-2363-4f44-8de9-0c9445509406,0.58208535306935,147.78
cf3e3fb3-0c23-4817-9d7e-6030d2a1e084,0.5834274618709,154.77999999999997
3b7b2c0b-c004-4c36-9343-0eac19038a93,0.58463998570735,155.77999999999997
de6149d2-069a-43ce-9cea-27c1f9fb7fdc,0.58208535306935,147.78
2a8c7039-0e17-4618-b40c-d6aeb0846508,0.5837039510302,153.77999999999997
531f9a7a-8998-4356-a222-9d80a3a4c0e7,0.5848920863563,167.77999999999997
6a95243d-08cf-49cf-87c3-feb6e894b57a,0.58208535306935,147.78
9ce35044-6a2f-4093-9c60-3b74bb6b83d1,0.58208535306935,147.78
da2f0d14-94ea-4e02-aad6-899c3a7fa69b,0.58208535306935,147.78
5fc458f0-2ab2-49f5-b1a2-8936afa80873,0.58486391991615,159.77999999999997
8ff5b78e-c6b1-4eb0-b46f-6c85260790bc,0.58208535306935,147.78
e9924c5c-f3c3-4f54-90c6-583719e6e7f7,0.58449878200415,149.77999999999997
b87e55f4-df97-4534-8519-bdc624b165b0,0.58208535306935,147.78
7989580a-b1dd-46ba-b039-8bd892f2105c,0.58208535306935,147.78
58c12413-12a6-41b6-a263-6c8855537dc2,0.5813284679575,159.78
a405c8d9-9eea-42f4-a2da-019de133f563,0.58396910260735,154.78
923aac47-8cdf-41ef-9f0a-f1b332b6a6e9,0.58208535306935,147.78
5591a35f-da47-4a75-904c-288a2b7cd8d3,0.5834274618709,154.77999999999997
94e7eb83-d555-4ddf-874f-2a8bb08723be,0.5820509733185,157.77999999999997
b0a659d2-31dc-4c55-96b5-1678e549eec2,0.58208535306935,147.78
23c32cd5-7f01-40bb-9cb3-3dfde3d825f2,0.5837039510302,153.77999999999997
24563c37-ee84-4683-a2a0-3a673f69110c,0.5866880244294,170.77999999999997
c3026357-e3de-4181-87c0-b791f33a9a4e,0.58208535306935,147.78
72418994-ebf2-433c-abab-9b56f8100414,0.58208535306935,147.78
aea58254-404e-42f1-9586-1bd251d33457,0.58208535306935,147.78
ae7b4eb1-9d73-42f2-ba25-b7c2f2263b03,0.58340131883225,164.77999999999997
ca82c735-3d0f-4497-9c32-1173888a6651,0.58208535306935,147.78
0bc2cd5c-690e-4210-bb55-635e0b91f9ce,0.58449878200415,149.77999999999997
15c07101-a306-4db5-8c2d-9d3153ea4182,0.58208535306935,147.78
3cce018e-e3ff-4c82-ad70-e62df7127d05,0.58208535306935,147.78
9fa59899-a60e-4a59-b955-71cb3c97b1b2,0.58475321366435,154.78
db444510-c514-43ff-adc0-d91c9b5e9dbe,0.58411701598075,151.78
9ab1f35f-ca63-4413-bd99-8e66dc064ace,0.58208535306935,147.78
ce49c886-5393-4e89-a56a-13a4bae78e45,0.5834274618709,154.77999999999997
a299da1d-2eac-4545-bed7-13e6e298a118,0.5843632689719,158.77999999999997
10348898-ae6a-48ff-a930-b5aa16405e68,0.58208535306935,147.78
858117b9-77bd-4ccc-91cd-24bf8c2e065f,0.5837039510302,153.77999999999997
5e0dd7ff-2835-4a47-8325-d997ab1c2e6a,0.5836223867891,166.77999999999997
97ef0090-64ac-47fb-850f-88b2a79236e9,0.58208535306935,147.78
90bfeb1a-9612-4e5c-aa65-2eaf6a3fb746,0.58208535306935,147.78
9d4503c5-813b-4f34-b5ce-ba256de72195,0.58208535306935,147.78
48fc9638-01f0-4538-a504-92cf0634cec7,0.5835933695805,163.78
0a549e8b-77ef-4822-a121-390b3e1f7746,0.58208535306935,147.78
5c1b586c-6833-4c2b-b956-f8c8a266d251,0.58449878200415,149.77999999999997
b9869347-bc02-4016-a758-d278ca224ad9,0.58208535306935,147.78
4b2d8e48-362a-4ca8-9b62-1ad4a5fc5be3,0.58208535306935,147.78
f7ba9272-a6b1-4067-9fcb-fcca701b9351,0.5813284679575,159.78
779b31fd-60d2-452f-9629-3d16a0e13e2e,0.5860336497656,156.78
f937fd5a-dd2e-4ccf-a37c-04112141832c,0.58208535306935,147.78
5f634a66-61cb-4faf-bc5a-99c9a1eb5dd8,0.58480627128975,151.77999999999997
c74cd4dd-5f5e-4dc7-b9e3-bfaf939936e0,0.5822027776896,158.77999999999997
0b10f105-d820-404c-9e64-8fc9f1f7b41f,0.58208535306935,147.78
1e379b46-4cee-48b3-a757-fe4a1b341d59,0.5837039510302,153.77999999999997
83b9d0ea-5542-4ef7-aebb-915343012908,0.5833460434439,166.77999999999997
fef0906f-2a96-4751-930b-f3bc25e65a10,0.58208535306935,147.78
82f1f3e3-48f6-443b-b950-28b9af433768,0.58208535306935,147.78
a5db79ec-3ce2-4025-b425-f59400abed92,0.58208535306935,147.78
8c5d4141-3935-4774-96ec-02afb2beac09,0.5828378313034,163.78
99e8738e-24e0-43d0-a5ff-1b4c8fad4976,0.58208535306935,147.78
ae28eb22-b9b9-434d-9cc2-37bcca42ed4e,0.5852863765908,148.78
94fcde9e-b595-42a1-be5d-34c4370e03b8,0.58208535306935,147.78
e761b7de-599a-4d0d-9fc6-4f73dfa21a78,0.58208535306935,147.78
cc39699d-6569-4ecf-b004-fe686e0bee06,0.5813284679575,159.78
3f9d53ca-e4a0-4fce-8e8d-c0a001e32b25,0.58472083271335,159.78
c4074075-749a-4dfa-9f8c-b55a0b468278,0.58208535306935,147.78
7ca81d32-899a-407d-a918-e2ad5380fce4,0.5834274618709,154.77999999999997
0cf3f03d-0be9-4ef0-9e45-5f5d266980c0,0.584096054858,161.77999999999997
47229b75-7905-432c-9b1c-e6b916a849fc,0.58208535306935,147.78
7b1a1181-1cac-4b4d-bf52-2d7095030668,0.5808204172948,152.78
2996387a-53e0-4aba-907d-8b697979f09e,0.5847610711404,179.77999999999997
d5d811b1-b3eb-40a8-9d1c-acf30ab8924a,0.58208535306935,147.78
779837e6-93c3-40bc-bbdd-eaacd46fe649,0.58208535306935,147.78
b9a0c879-d9e9-47c3-ae03-e73251498a72,0.58208535306935,147.78
9a5e983e-c6ab-403b-9a1b-caf0e1e15ad8,0.58668910107155,168.78
ba37ff6c-91e6-4a67-8250-8312c4c1a669,0.58208535306935,147.78
5f0a42ef-1928-4f66-929c-d2d6fb3e26c9,0.5841954465872,151.78
ade68c7b-cf1c-41c9-b58c-13bf16a303f4,0.58208535306935,147.78
66b267bb-ebfb-4e58-9203-160554cf0674,0.58208535306935,147.78
b5319b9b-694b-4130-95f7-13497da6d980,0.58475321366435,154.78
34571d7e-d79f-4d68-ac90-38c585ffface,0.58472083271335,159.78
b0f4a795-f695-4b97-8a8c-e1a152474a71,0.58208535306935,147.78
55f6e871-9d7c-420f-8af3-b703f7bee188,0.58519944343955,153.77999999999997
0ea970cb-e885-4b68-819e-cdb5f92a7448,0.5820509733185,157.77999999999997
e9193b2a-1e9b-4787-9e24-1c27b36d000a,0.58208535306935,147.78
bbde6037-7da3-4088-8a77-df3c7d31eb4b,0.5808204172948,152.78
ee0406f3-9886-4bbb-b690-047c12001ef9,0.5809602892195,165.77999999999997
3f1b1c88-2c79-45f6-b974-48cb09647b27,0.58208535306935,147.78
e08ef910-7e4d-4a60-beee-3a1e13659bbd,0.58208535306935,147.78
8b50fadc-2769-4e79-bb1b-c36e684b7a6d,0.58208535306935,147.78
d7f8b3f2-569d-4bb2-8182-efee4da2c468,0.58340131883225,164.77999999999997
6adc457d-7d67-4159-ac5a-af1ab65de666,0.58208535306935,147.78
538f426f-e261-4f0b-bddc-8310dffb30c9,0.5852863765908,148.78
41c91c5e-ba18-4d4c-bc26-d861ce25bba7,0.58208535306935,147.78
658920a4-0b52-497b-b1ee-0573eba25e3c,0.58208535306935,147.78
9788fafa-fc27-4853-86ee-29c18af97918,0.5813284679575,159.78
42acf18a-9a31-4b6f-a170-7ba5ce45896d,0.58472083271335,159.78
6f52e6ce-0bb1-4d02-8050-b1c7c98604bd,0.58208535306935,147.78
ade3e8bf-4ddd-4542-b6cd-2b042465b45c,0.5834274618709,154.77999999999997
40561f55-a518-4896-b274-e6d5b6cedd4b,0.58463998570735,155.77999999999997
01f89e7e-1fc8-41bf-8199-ac098da0b4c9,0.58208535306935,147.78
0670ff64-a6e4-4912-b5b5-121107a3f294,0.5837039510302,153.77999999999997
14ab9be0-5612-4f08-ae00-bddd1b9601c6,0.5854052871885,167.77999999999997
5f707ce6-45f4-4b32-9c13-19fadd42b1ac,0.58208535306935,147.78
9b8434be-dca3-4ebb-82bc-03b0afd126dc,0.58208535306935,147.78
c13e21d3-6b29-4810-bcc3-67ef1daf71ca,0.58208535306935,147.78
ae4cf7c1-4f6d-41da-9fce-76c1166f226c,0.58340131883225,164.77999999999997
7a62862a-67d3-4939-a031-0fcdcf58755c,0.58208535306935,147.78
1811a0c0-dbbf-4e2b-af9a-2acbf10a1450,0.58449878200415,149.77999999999997
0d775518-4819-417c-ae3b-28f829fdc32a,0.58208535306935,147.78
487d0f96-bff6-4263-b388-f405214e1cb4,0.58208535306935,147.78
d95c2dd5-376e-498c-b18a-ec16028f6a9b,0.5813284679575,159.78
8425b23f-8250-416f-9c81-3e7e48b65538,0.58396910260735,154.78
7aa18666-67b5-4f1c-884c-881ba94916ba,0.58208535306935,147.78
4a5f485d-e312-448b-a402-804fc2df7165,0.58480627128975,151.77999999999997
5eb17371-09b4-43cf-9c22-e45ffb38dd38,0.58463998570735,155.77999999999997
bb6de7f0-12b6-4cba-b968-692f2a77247e,0.58208535306935,147.78
bd2bf4c0-59f9-4b8f-b199-cc54e4f5b899,0.5837039510302,153.77999999999997
b9433677-a95f-456b-92ea-63363063dbf2,0.5874284147802,165.77999999999997
6c4ce52e-54bf-4ece-8ae8-e3bc8c21536a,0.58208535306935,147.78
98a57fdf-8750-48d6-8569-95f6dc92f013,0.58208535306935,147.78
da0f4b34-113a-4e62-bcc2-ec37895185c2,0.58208535306935,147.78
dde61945-1318-495d-8e76-07c52e27a853,0.58503395982245,158.78
df5f1071-3eb0-4a33-ae8e-db39e68f2312,0.58208535306935,147.78
ea7a7923-01a5-41d3-8437-f715f59e596d,0.58449878200415,149.77999999999997
18198b9f-dc77-4ebe-b7bc-527fec892cf3,0.58208535306935,147.78
7e0767b5-de4e-49ee-aaa3-e989cb6173f1,0.58208535306935,147.78
1b0add35-87db-45d1-8ef3-980ddc5a3c2e,0.5813284679575,159.78
db487d07-c96e-401c-9120-0e9b432db587,0.58411701598075,151.78
d31820a5-96a9-4a4b-a824-87f9f4d082aa,0.58208535306935,147.78
a19a7922-42e6-44bb-8a3b-23c3c94f87ac,0.5834274618709,154.77999999999997
8db62757-76b5-43ed-8c2e-2738c395c845,0.5820509733185,157.77999999999997
b99af25c-74e5-45c5-a0ca-3c790a1b58ce,0.58208535306935,147.78
5a0c500b-6e16-4250-ae77-4bb57f9fc0fe,0.5837039510302,153.77999999999997
72a6e3e1-4b40-4889-8a8b-ce1fa0c5fde6,0.58409619189375,174.77999999999997
93557e9b-2393-4f07-baac-7651c123b0ea,0.58208535306935,147.78
07c125e2-8307-4e99-a439-6547ddd80b8e,0.58208535306935,147.78
b5c44e22-b861-46f1-9367-be9789df6ce0,0.58208535306935,147.78
65024209-c00b-421a-84d3-afb69b540390,0.58486391991615,159.77999999999997
b9f5043f-aabe-4a1c-a777-3eccce751cd3,0.58208535306935,147.78
0d476669-5688-478c-8955-ca894c71d567,0.58449878200415,149.77999999999997
90288188-1495-4e08-aacf-d408a5f41a95,0.58208535306935,147.78
06f4653d-dce8-4488-97d0-ccc2cc8b9f1e,0.58208535306935,147.78
f9b861bb-6bc3-4df9-959c-9baf8d18616c,0.58475321366435,154.78
2851a2a1-fb20-42b7-9171-350ebe5af79e,0.58411701598075,151.78
9e5686d0-be0c-481a-9a6b-6c70e2bfa8d2,0.58208535306935,147.78
48f674f2-dd66-4edd-b7a4-0fb8192d8159,0.5834274618709,154.77999999999997
070356f4-b2a5-40b0-a0dd-155bb6917c88,0.58463998570735,155.77999999999997
e97eff7c-43ce-4ec1-83fd-bf46af51da87,0.58208535306935,147.78
5db2ea8c-af66-435a-bd9f-80724e1becd0,0.5837039510302,153.77999999999997
7ff67988-e5a0-41ff-954d-f1e1eda8afa5,0.58367589061885,164.77999999999997
3eb7ff1d-50a5-46f9-b101-4da6d7c2f20a,0.58208535306935,147.78
6fae6d58-5532-4494-9aa8-5bf8057509c6,0.58208535306935,147.78
7581b951-1d50-4215-9859-5525e28823a1,0.58208535306935,147.78
4d10a545-c891-4bab-802e-72a4681c2fd7,0.58503395982245,158.78
e13712d4-84eb-422a-936a-095e832d3c9b,0.58208535306935,147.78
3f4f1d30-29fc-4d34-9b8c-916db183ec83,0.58449878200415,149.77999999999997
a299fb2e-e8f8-4a92-80eb-abc8cc811561,0.58208535306935,147.78
34a572e7-c955-4a10-8c00-490d848232ba,0.58208535306935,147.78
31c3095d-0d92-476a-ab66-c6af0e3f0acd,0.58475321366435,154.78
366af6c3-1aed-48ca-bfa8-5710dccb3373,0.5860336497656,156.78
04832481-924e-410d-b550-ce079f6b4a05,0.58208535306935,147.78
ea29593a-f16b-41a9-8e6a-d19962d1312f,0.58480627128975,151.77999999999997
e090c508-0c0c-4dd8-a951-038f2df3c817,0.584096054858,161.77999999999997
cb494b5a-1792-4747-a642-992c1015b3eb,0.58208535306935,147.78
8ee60318-036d-492e-a31a-7681665b8e80,0.5808204172948,152.78
8f6ee35a-0383-400e-890e-bfe545d8b001,0.58729513395415,165.77999999999997
de6d8cd5-65b7-4c59-baf0-25a657f3eb76,0.58208535306935,147.78
5fcf5a25-d71d-4afa-9959-1430942b1498,0.58208535306935,147.78
95b5a6d6-6e7f-4496-9aff-1e5950804e29,0.58208535306935,147.78
e97b7556-9394-49c3-a94e-e01cd33eea8b,0.5832904899729,156.77999999999997
1b806665-cdba-41fd-b5e5-1f0fd0574774,0.58208535306935,147.78
0ee954f2-539d-4346-86d9-5aee1b824435,0.58449878200415,149.77999999999997
cb31efd0-a4fd-443c-a90c-4c9c62d48da5,0.58208535306935,147.78
63ebf4fd-4ef7-4445-9f15-4a16b7f442be,0.58208535306935,147.78
943a47af-bb22-4502-94fc-d8345852d803,0.5813284679575,159.78
3a6de409-a890-45ca-b243-177214a1bc49,0.58411701598075,151.78
fdb425c2-b659-4aca-9fed-ab23a6ae183c,0.58208535306935,147.78
de3606e8-8be1-4945-80eb-86d8626202ce,0.5834274618709,154.77999999999997
7c791588-b1aa-4141-bcf3-3799048d947d,0.58463998570735,155.77999999999997
42d871a9-9d33-4a4d-b689-0429db61937f,0.58208535306935,147.78
f0a4ba83-8d37-4d0a-ab5d-b340c0ac7e4c,0.5837039510302,153.77999999999997
90e108c8-fd9f-42e2-b3fd-54ead18be93c,0.5867482436737,164.77999999999997
0d9450a6-1647-434f-a508-16d8318493f6,0.58208535306935,147.78
87e2f31e-a553-4d29-a2ac-117af1f965c7,0.58208535306935,147.78
c951638b-f77e-4162-8e42-25473d518600,0.58208535306935,147.78
a41df879-ed95-47e0-a7b9-24d3820cc436,0.58503395982245,158.78
64a26e6d-066d-4859-95a3-34d1e9d85dfb,0.58208535306935,147.78
24c4177c-311a-436c-9a9d-b336a02a2ee4,0.58449878200415,149.77999999999997
15da4d9a-414d-4dea-905b-4677d651110c,0.58208535306935,147.78
b1126bac-fb83-4dbe-871e-742d6b7192a8,0.58208535306935,147.78
3d92fd18-458e-406c-b264-5c61a9669f32,0.58475321366435,154.78
5763a088-62f3-46c7-895f-ee561ddcd1b5,0.58396910260735,154.78
2a17581f-2c3b-4107-93c5-ab70c94b0784,0.58208535306935,147.78
85c94782-0ffd-446b-9459-e77ca5c87b6f,0.58480627128975,151.77999999999997
8bcc1ef3-9f0c-4750-a461-c8205a3c1923,0.58501043197285,154.77999999999997
bcfb749c-ad10-4064-9049-482f89aa7f72,0.58208535306935,147.78
69c6b090-5325-4ec2-b8bc-c83d6dad9a02,0.5808204172948,152.78
ace8918d-732f-4c81-ae9d-107ec906a28b,0.5863941845566,156.77999999999997
d0aac97b-60c1-4173-92e5-87735bbc7c7b,0.58208535306935,147.78
0aa16d88-a0b6-4d59-8270-aef6a96f15d5,0.58208535306935,147.78
a59a7c94-63f8-4391-918e-021feede427d,0.58208535306935,147.78
a4bcdc7d-6187-4770-95ae-fb3b38f7a378,0.58225047034825,169.77999999999997
87e0a6d1-05ee-45bf-bf08-d8952789c34e,0.58208535306935,147.78
30ee240b-6131-4eaa-978d-74a240fa58b3,0.58449878200415,149.77999999999997
a98e8474-7aa1-403b-9911-940377e0babb,0.58208535306935,147.78
cdf3e30e-0573-41c2-84a4-86b5f7dbf9ff,0.58208535306935,147.78
f4283f08-797b-4d18-9012-06a4031104d4,0.58475321366435,154.78
09037c67-1f5a-4f19-b482-eb27aa66b366,0.58396910260735,154.78
906baba7-2a8d-4d5f-b327-c38618da19f1,0.58208535306935,147.78
8bc3000d-1cd5-47f8-8a0b-ef87902098de,0.5834274618709,154.77999999999997
7eb5cd9d-b7a6-47ee-80ec-c44abf2676ea,0.5810816422096,157.77999999999997
3ce96792-4f8c-4793-9031-1e6bf983b341,0.58208535306935,147.78
60077da5-ef1e-4223-ab34-cebf90932bf9,0.5837039510302,153.77999999999997
8213c8b0-db9a-41e1-8845-9173f0bdcf49,0.58250727022,161.77999999999997
35df1910-660f-4752-bc5c-35f3f74b9285,0.58208535306935,147.78
0f2c4e97-1ba7-493e-9ec7-6794bae43d0a,0.58208535306935,147.78
38f90eb9-f72a-4687-8818-213146100014,0.58208535306935,147.78
294d1842-31c0-4bc5-ba6d-a28030bf0d44,0.5835933695805,163.78
6786ad5e-863c-469e-8ea4-c2a844175bf3,0.58208535306935,147.78
fa6f6e26-b0da-4132-a073-6f33485b14e8,0.58449878200415,149.77999999999997
84f0dfac-d45d-4f98-9dbe-22e373c022ca,0.58208535306935,147.78
49fd2a4b-7ee9-43bf-a3c6-c8b5fa5706b1,0.58208535306935,147.78
166be109-75bf-435f-bcf2-ba3cf5065df0,0.58475321366435,154.78
c76016ef-ab14-4b3d-b43d-1395a266dfa7,0.58396910260735,154.78
f813764f-de92-45dd-87c1-14cc81a3305c,0.58208535306935,147.78
529fb7b5-6c93-48e2-b8ac-c8ee91550dc1,0.58480627128975,151.77999999999997
68b66c7d-1cd4-46ac-9285-3f1336ba9893,0.5820509733185,157.77999999999997
f1e5d0e1-e16a-4e22-aeda-4b136ffc5388,0.58208535306935,147.78
6e3b9ee1-8236-4d0e-b0e5-9e1bfab0b0d0,0.5837039510302,153.77999999999997
0c966ef3-42df-460e-a3d7-7a3bf069a50f,0.58498857224255,174.77999999999997
7bb74754-be64-4742-bdf6-2707b7ca0df6,0.58208535306935,147.78
9024462d-cb01-4653-8ecb-2f17c2880abf,0.58208535306935,147.78
ffd22c29-da55-4855-bb51-d733a8d31ae0,0.58208535306935,147.78
7a8d3166-5972-4fc4-893d-20b93b4d6296,0.58486391991615,159.77999999999997
d681430d-139c-4bc3-be36-df5e1aa51f54,0.58208535306935,147.78
6e6ad7d3-5f07-43b0-8b88-45ec271dcb64,0.58449878200415,149.77999999999997
13eae66c-d702-4e18-b6a5-f21c66f98328,0.58208535306935,147.78
1bd7d5e8-20e2-4bd6-acc0-2fcb272c3265,0.58208535306935,147.78
2a24af52-3a69-4e69-a5bb-7fb8e473d665,0.58475321366435,154.78
6cd35e13-390d-4e05-ad06-7f7a5a6df354,0.5860336497656,156.78
681f143c-501d-47a2-9898-8619b484583d,0.58208535306935,147.78
2a95c988-99ed-4ded-b2c2-f8bbaf35438e,0.58480627128975,151.77999999999997
2c09965e-86ff-49ee-97f7-f2b89e120374,0.5843632689719,158.77999999999997
4031c8de-03d6-4dc4-9fb1-25150742f5ac,0.58208535306935,147.78
ac030925-6390-4f09-a4f9-3b1eb72bae22,0.5808204172948,152.78
85085aae-3370-442e-80fc-4f76a5922ea5,0.5859205744083,172.77999999999997
41070471-b906-490a-922d-327419fdb523,0.58208535306935,147.78
18f59412-eb41-4dd7-ac9b-d0f1dadedcb5,0.58208535306935,147.78
0e21db7f-ee58-4144-9aaa-a549e8880747,0.58208535306935,147.78
74f8ca53-bc4e-4966-848d-356638e47d68,0.58668910107155,168.78
0e0713dd-0fe2-4109-aa86-a665d76c4d8b,0.58208535306935,147.78
ef1ef166-c216-4236-826a-60e69e0647f1,0.57999751862595,152.77999999999997
5964330d-e9eb-4c91-a0e8-88c2fa1c418e,0.58208535306935,147.78
154f36c0-df52-4905-8adb-4eb7eea1b7d0,0.58208535306935,147.78
e81a94b5-0885-47e0-9527-bd7bea45141f,0.58475321366435,154.78
5c64f085-02ea-4ca8-88f1-3f1cbfc3dbf0,0.58411701598075,151.78
9e56cce3-9b48-4748-a085-8257d8a5fa59,0.58208535306935,147.78
702db64c-b00b-4fcd-8f14-43b06c620ad3,0.58480627128975,151.77999999999997
e14b048d-922e-4731-85cd-f89d8e2edc39,0.5843632689719,158.77999999999997
683b2792-3185-4ebe-8397-fe28c7b480ae,0.58208535306935,147.78
cf48b64a-a4c8-49b2-b22e-8f84a787da47,0.5837039510302,153.77999999999997
c265398b-689c-451a-8ce4-db4df9dc510f,0.58701823618365,160.77999999999997
fbc63ec8-a225-4f47-b976-bb98d86a0450,0.58208535306935,147.78
cd39e607-d202-435a-b0cf-1a416f80267a,0.58208535306935,147.78
5f4df071-6731-4a57-a50e-21f9f4631fc2,0.58208535306935,147.78
5cd9f564-f119-4258-877a-59d019447c95,0.58340131883225,164.77999999999997
972f72b2-d5ef-4e0c-b1ea-ad08d5a4b093,0.58208535306935,147.78
f7c29848-33a7-434f-8b9e-949669dc53e4,0.57999751862595,152.77999999999997
7d8aa228-6212-4c5c-af16-7101e94dd4b1,0.58208535306935,147.78
a64ecb9d-356d-466f-9c6b-9ef54c5e84ba,0.58208535306935,147.78
8c2e7e47-4327-4c11-becc-30a951395d32,0.5813284679575,159.78
8f59e927-87c1-42e5-bddc-9cc6d6f4d845,0.58472083271335,159.78
8770b032-9eb2-43c2-8bab-00c59f383328,0.58208535306935,147.78
5dd29213-4b92-4c73-a8e2-fa925de7b9a2,0.58480627128975,151.77999999999997
295c2de9-bbdf-4451-9d98-f712686f9fff,0.5822027776896,158.77999999999997
ac830348-f522-4d35-9989-041b78e21e2a,0.58208535306935,147.78
33a3adeb-2a81-463f-95b7-92b266caf96f,0.5837039510302,153.77999999999997
7796c415-f1fb-4475-b839-37c513506090,0.5852292161425,169.77999999999997
658821e4-2852-4e2b-bee8-043bc107e9d4,0.58208535306935,147.78
2bc8e1e6-05d0-423e-ab4e-94da06be22c7,0.58208535306935,147.78
1e41c4de-adf0-4383-b3ba-d6cebbcbc76a,0.58208535306935,147.78
9473790b-e4da-4252-85ef-d8026734b728,0.58225047034825,169.77999999999997
390b9429-6098-4ec0-9266-f424b471a82c,0.58208535306935,147.78
3f9fb054-0e5d-4bff-b3a1-a81ef46d71f2,0.58449878200415,149.77999999999997
73d63943-8a81-42cd-be5c-27263ae19619,0.58208535306935,147.78
c72aae2f-59f7-4ee4-afdf-e92adac49795,0.58208535306935,147.78
2c2ccc9a-bdd3-42a6-85d9-f8eb804b8282,0.58475321366435,154.78
60d7b858-65ae-4690-955d-cef9885ca16a,0.58396910260735,154.78
b5819635-9481-42bc-941b-701f5cc09eb5,0.58208535306935,147.78
fa18fa25-edb9-4c5c-b950-2f48dd70dec7,0.5834274618709,154.77999999999997
5040bbb6-e3c4-4305-a180-d179ccd65f48,0.5843632689719,158.77999999999997
176fbd99-cf33-421c-a7ee-04fcc2189eff,0.58208535306935,147.78
0431892a-03d8-43f8-a76d-9fdc7137b65c,0.5837039510302,153.77999999999997
b31ef9a8-28b6-4bfe-9e58-5b72ee64b42e,0.5839799094124,171.77999999999997
c401a5dc-27df-4910-9d94-f425c7a5a51e,0.58208535306935,147.78
ce64a1c2-5af8-4bc8-947c-9c6f06a2cad7,0.58208535306935,147.78
e80a4a90-2dc6-4b7a-aa97-fe114c634778,0.58208535306935,147.78
eaf2d09f-7df9-43a2-a9e9-e62c91093d15,0.5835933695805,163.78
af7a027d-b21f-4e55-9213-82a44b328ec1,0.58208535306935,147.78
25382974-b8d7-4331-a41e-d740f13bb783,0.58449878200415,149.77999999999997
b900717c-abed-4bba-9cf6-80de8a7f783c,0.58208535306935,147.78
a707f58a-6c5f-4079-802f-a4b4f7624317,0.58208535306935,147.78
6018c3d3-275e-441e-aa50-5fd22414cf53,0.5813284679575,159.78
01ca91d7-8c17-4373-8416-0e2acd7abde8,0.5860336497656,156.78
65dfe45f-0e5b-4590-861c-b648b66f2d5e,0.58208535306935,147.78
26745886-f968-40d5-aec6-b16b306f3420,0.58575567331245,150.77999999999997
1ed3f142-9670-4bc4-9407-388bdfbd9838,0.58463998570735,155.77999999999997
07cb46e1-c18b-4eac-b4f5-81e8751fdabe,0.58208535306935,147.78
9a0fea8f-d950-4dc9-a593-85a63e3c5601,0.5837039510302,153.77999999999997
92450ead-ed5f-4c5e-9f73-0da248ac3873,0.58468191590715,172.77999999999997
501c4c8f-4ba7-4117-b318-b61a6f70e300,0.58208535306935,147.78
cb08f1e8-b0ce-42ca-bab8-fe8afc189ad7,0.58208535306935,147.78
07619c4c-3334-4d72-af1a-099ca559da7b,0.58208535306935,147.78
6333938c-4e1c-4619-8a53-c5bcf2bdfbcb,0.5835933695805,163.78
057dd11e-23cd-498a-be79-f25f1ad27bd0,0.58208535306935,147.78
33378773-0a82-47ec-8e77-fd278b5ab059,0.58449878200415,149.77999999999997
eea2d65b-c952-4553-b7f0-c6ad99787dfd,0.58208535306935,147.78
6e8183d0-66f0-4c4d-8be2-1c7583c85b5d,0.58208535306935,147.78
aa645f4c-f49d-4b14-a7c2-215fc3e29ba4,0.58475321366435,154.78
f5684ed7-6692-4d8c-8e2b-1e9f15faed36,0.58411701598075,151.78
25fa7996-797e-414f-b161-284e4a0d783b,0.58208535306935,147.78
8074274f-db83-4a80-953b-26b458925208,0.58519944343955,153.77999999999997
99f0b623-aa63-43e6-8608-63cbdbd2237e,0.58501043197285,154.77999999999997
b0799007-334e-486b-832f-d412c662f47f,0.58208535306935,147.78
2c74d7f6-caaa-45c8-81c5-b7c4a37ffcce,0.5837039510302,153.77999999999997
1382bea5-0911-43f4-8773-972dbe60ddd9,0.5837279777393,154.77999999999997
36ce5fa4-13bb-4cae-90de-547c2b7987ed,0.58208535306935,147.78
2b7a919c-9da0-485a-8fb8-5d26d3f29070,0.58208535306935,147.78
3b93da7d-b94e-441c-af42-3c6172b50cf5,0.58208535306935,147.78
3f3047e5-d032-4519-b439-4acaf1906438,0.58486391991615,159.77999999999997
7dbaf965-5e0c-41a3-a0c7-235f9ff95a18,0.58208535306935,147.78
1ba1fcdd-8e6e-40cb-8b6d-239f6fb0cf23,0.58449878200415,149.77999999999997
a7b1c3cf-09c9-420b-b124-6af3a1cafe47,0.58208535306935,147.78
b6bf4a8e-303a-4d7f-ad0c-bee4b979aef3,0.58208535306935,147.78
59d6532e-595a-4e46-8cf4-c57a33b8f229,0.58475321366435,154.78
3201df74-1583-4596-968f-8639baa2d9e2,0.5860336497656,156.78
1a3a6767-a853-4c3c-bb9b-c1abd30a71c2,0.58208535306935,147.78
e56b51d7-899e-4951-bf7c-214ce3794748,0.58480627128975,151.77999999999997
9b01b5cd-7d19-4c13-a93f-bdceeda3fd2b,0.58501043197285,154.77999999999997
b867263e-2ec5-42e1-9144-88e2b86e64fb,0.58208535306935,147.78
ceb5585c-31ed-421b-9957-4fdab6ee6ec5,0.5837039510302,153.77999999999997
339c66b3-29eb-47b8-98c1-e6a2ed6d1a3e,0.58534027818655,164.77999999999997
7ef4edd0-f7cd-4de4-927c-c11acefda728,0.58208535306935,147.78
44f6a58e-ecf6-4a4a-a878-351d48fe7ffb,0.58208535306935,147.78
d7601bbd-18b5-4fea-8a4e-0c0420ab2477,0.58208535306935,147.78
814d963c-c20e-43e9-b12f-79a70768d550,0.58486391991615,159.77999999999997
36f1d074-baea-4b15-9f7d-f831465b1eda,0.58208535306935,147.78
fca8944a-527e-4455-98e7-6ced9c8825bc,0.58449878200415,149.77999999999997
06f6508f-85aa-4901-be2e-9613e716bb9c,0.58208535306935,147.78
4faf2f94-f049-4667-ad36-6187438a2c3d,0.58208535306935,147.78
6669e896-7cb1-44a8-a880-3f4f10fb5113,0.58475321366435,154.78
09b987fb-afd3-43dc-9bee-de03f198a077,0.58472083271335,159.78
6cba0ea2-af85-4951-b521-13fc919aaaec,0.58208535306935,147.78
136cdf3f-55d5-4691-b6c7-835f0a9e4944,0.5834274618709,154.77999999999997
1a2dcc10-5d71-434c-9d95-240f1c5ca62b,0.58463998570735,155.77999999999997
2ccf23d8-195a-4393-ac80-67f5fb1dc420,0.58208535306935,147.78
1e782da0-77fc-4554-a8d7-9a5ce2cc55f3,0.5837039510302,153.77999999999997
1e795a8c-9622-4cb8-80d9-d82349f92399,0.5852550553456,176.77999999999997
ea19407d-820f-49e6-b14f-41363000ae07,0.58208535306935,147.78
ca0de193-95a1-435d-a062-a73fed4eb723,0.58208535306935,147.78
d8e5f63d-9576-49b4-a74c-cf60517331c9,0.58208535306935,147.78
ec8febfe-e413-4bed-9c40-027821951461,0.5835933695805,163.78
5895266d-576c-456b-a09f-242e28a7eb72,0.58208535306935,147.78
8cb13d20-997a-4882-a133-076b65b0790c,0.57999751862595,152.77999999999997
236a8337-ce62-41ae-8f24-78b4234b96cf,0.58208535306935,147.78
673d4959-3cfd-405d-a0a5-fc0b38cf8501,0.58208535306935,147.78
f8352fe7-4e91-4a13-98c9-133ce5b28376,0.5813284679575,159.78
cb151689-f5e7-46b0-94f9-dc9751f1a5c8,0.5860336497656,156.78
e555eed3-0786-4d6d-9cfc-3d6bf76f884b,0.58208535306935,147.78
d9c603ea-dce0-434f-8454-98d1a70a5e90,0.5834274618709,154.77999999999997
b8f29518-440a-4162-a400-4a0cf9832079,0.5822027776896,158.77999999999997
a8440c92-d107-4b36-90e9-69bbb2377ccf,0.58208535306935,147.78
ed262415-d102-43b3-b1db-c35567579292,0.5837039510302,153.77999999999997
4e64717f-8e99-4bb4-88c2-caabf2f97592,0.58563859775445,159.77999999999997
8c21d40e-c837-4b80-861b-9cdfa283abd1,0.58208535306935,147.78
7275c810-be81-4f6a-ab72-caf5bf5ea367,0.58208535306935,147.78
d34fca34-1bdb-44d7-b50e-77b14e0b71b5,0.58208535306935,147.78
9903f5ca-14a1-4b82-8e40-1b8f1914c270,0.58340131883225,164.77999999999997
17002b85-293a-49cf-b619-94210ae53bad,0.58208535306935,147.78
470909e1-d62f-468d-b226-61cd544e072a,0.5852863765908,148.78
d8974823-a66e-45de-b72c-c98bb2d696fc,0.58208535306935,147.78
07370efc-03a6-411f-a638-fd1eae1050d6,0.58208535306935,147.78
c68aaed4-97cf-413a-b584-496e9f854167,0.5813284679575,159.78
d6e20eab-36d5-4a34-b473-e6910ddd41e3,0.58396910260735,154.78
da27941a-9663-482d-8c56-0a74ecd55c8d,0.58208535306935,147.78
070a4c7b-3746-40e5-9705-f7ab88858403,0.58519944343955,153.77999999999997
48b1e645-92d2-4b7c-a79f-393a28fd221a,0.5843632689719,158.77999999999997
ef06f8ce-2263-4996-add0-43307cae1234,0.58208535306935,147.78
9eda5384-4b17-480d-8c87-7d4ea6eb9b7f,0.5837039510302,153.77999999999997
0ee091db-329c-4ef7-b561-2254d92bc31c,0.58714106907165,168.77999999999997
48b705ac-6cc6-4b2e-b81b-f4bf68f5ab74,0.58208535306935,147.78
eed28452-1997-45fe-ba91-34b895b21ca3,0.58208535306935,147.78
fe07b363-f3ab-465c-a59a-3f0096bdba64,0.58208535306935,147.78
18c40681-0f81-4734-8192-112194e5f2a3,0.5851316994259,160.78
36c71768-ae6b-486f-9157-796438d52a7c,0.58208535306935,147.78
5a217154-c5fe-490d-99bb-4f1ae95b5c5f,0.58449878200415,149.77999999999997
a93c0eb2-e1e3-48a9-b099-9a00e1015073,0.58208535306935,147.78
ed0bd8e8-3195-4d6d-a56a-fc49e15c9a60,0.58208535306935,147.78
470e63b4-98cd-474d-8571-8531ee03d820,0.5813284679575,159.78
5e2120c8-33ff-40f9-a747-2a782a02ffde,0.58411701598075,151.78
e9e35996-64e3-4203-9fd7-ab0940bbee97,0.58208535306935,147.78
812240df-24c0-485a-b9de-b4a71e2e96fa,0.58519944343955,153.77999999999997
1b70dca8-8f5b-4641-a026-a5b13ca26483,0.58463998570735,155.77999999999997
049267b4-b566-402f-aaf9-69fac8eea957,0.58208535306935,147.78
3dc37906-0b3d-4781-badf-8a1e870f6e2a,0.5837039510302,153.77999999999997
37df61f6-d5ad-46cb-a306-73887c3814e9,0.58531668994715,157.77999999999997
5884f96c-ea6d-4985-96ed-f0e3670ede16,0.58208535306935,147.78
6cba2c63-617e-4f10-845a-20a519bf1102,0.58208535306935,147.78
a050b76e-154e-4afe-94ee-7bfdb01c1f7b,0.58208535306935,147.78
545410b0-ed8b-479e-bc96-865de10fea10,0.58513165480485,160.78
68cb4105-05f9-4188-bf2d-65efc5edf1cd,0.58208535306935,147.78
f1d62718-65f7-4370-9b44-41e2d688786d,0.58449878200415,149.77999999999997
81e3fda1-3d6c-44a2-a5d4-6570c3405eaf,0.58208535306935,147.78
19f0cb8e-27dc-49dc-98e9-2255ed2509ab,0.58208535306935,147.78
59e1fe93-57f6-441e-88a3-4a255bc61d8d,0.5813284679575,159.78
7c2a03b1-b5d8-4cda-81f3-44f023de1136,0.5860336497656,156.78
889fb95e-cdab-4423-b695-1ebadd5d45e0,0.58208535306935,147.78
ac9b1a24-2f52-4c40-b313-081247121cc9,0.58480627128975,151.77999999999997
490c50e8-d2b7-444c-955c-4bf8340d3f93,0.5843632689719,158.77999999999997
845ddfe4-3be7-4749-af9d-61602ab92cad,0.58208535306935,147.78
a9b41b9d-8530-4271-836b-ee5b0e8ab64e,0.5837039510302,153.77999999999997
4977b012-bad3-4950-a5ce-a16dc022a535,0.5849281162619,168.77999999999997
074026de-98c2-4efe-b0c6-0b6402e82425,0.58208535306935,147.78
fd7f7529-04b6-47d6-8875-32090b61b835,0.58208535306935,147.78
5d3210a1-aada-4a36-8c0f-9e5a4384a247,0.58208535306935,147.78
f44f22f4-fbd6-4562-a0a7-206da81228e7,0.5835933695805,163.78
d49d7369-c07a-4b32-9b9c-e5a8be51c63e,0.58208535306935,147.78
deb13c04-22e3-40d8-8267-a8ff1907655d,0.5852863765908,148.78
c834dd6d-9048-4708-aa85-d4a4c763b5c0,0.58208535306935,147.78
e4e73a52-1807-4748-bf94-9328704fff3a,0.58208535306935,147.78
dd88b6e7-2211-4fef-a997-87d2e2c20659,0.58475321366435,154.78
37e8b63b-3577-450d-a21a-37b8f8b1ebc2,0.58472083271335,159.78
013ca555-9a04-4089-aee0-5219bc44558b,0.58208535306935,147.78
24ffdaac-a3cc-4a7c-8c8c-acd8b8bff133,0.5834274618709,154.77999999999997
0566d654-8303-479c-8bfc-eff6a9c46496,0.584096054858,161.77999999999997
fe17da2a-f17f-473e-8aeb-208061624d72,0.58208535306935,147.78
5c688b9e-1494-4c4f-98d1-e202f477ccce,0.5808204172948,152.78
1ed4475e-4d51-4e93-ac4c-b41fba2a4420,0.5837914809717,166.77999999999997
7df7c14e-9e70-41ee-b268-1ac58f051515,0.58208535306935,147.78
5a9a4073-6815-4d44-8fca-2987879d38a9,0.58208535306935,147.78
5cdd3706-0f4a-42fe-9813-505479ad4442,0.58208535306935,147.78
9e22dafc-482f-4b57-a22f-6ec9caf26c19,0.58340131883225,164.77999999999997
3ae74bda-fcfa-4859-9ec3-5607c232f548,0.58208535306935,147.78
6aa41b58-30c1-42b0-a051-0704ff582fd3,0.5841954465872,151.78
0e65b8ee-e945-45a9-afa5-9a1685ae7f85,0.58208535306935,147.78
db0c3ba8-08a6-4122-a536-43e98efbd7a5,0.58208535306935,147.78
33208dfa-e9a5-4d1e-9b3d-b820fcf4c8a9,0.5813284679575,159.78
38ba0fe3-3ade-4bdb-8a2f-45d87e58fc22,0.58411701598075,151.78
a5c993cd-2332-4708-89c0-05a69206cec0,0.58208535306935,147.78
a40e2007-681f-4681-8106-910d520edc05,0.58519944343955,153.77999999999997
d687dcb5-70be-473f-a688-d4127e8a4b95,0.584096054858,161.77999999999997
3fd530ed-1d02-4d62-8659-31e934bf0a06,0.58208535306935,147.78
06815713-f180-4461-9070-9ba183796b36,0.5837039510302,153.77999999999997
f0b097a1-dbdc-4697-99c5-2a9e02513736,0.58226560608915,159.77999999999997
5e493ccd-e352-4016-9686-26ffb399f096,0.58208535306935,147.78
fe5de553-9415-494f-9741-d84bcbd4d67d,0.58208535306935,147.78
bb196461-7ec3-4e1c-8f43-df92b07aa4c7,0.58208535306935,147.78
9da8a7e8-f75e-4789-9922-97f62ce3a952,0.58225047034825,169.77999999999997
7b9a6fea-681a-42af-809b-a12ce0c96d2a,0.58208535306935,147.78
bc9bc52c-819a-42a6-9ba5-e74a40902c6f,0.58449878200415,149.77999999999997
d1e57357-0625-447e-8809-458490becd47,0.58208535306935,147.78
0dd33bbe-6eaa-4f5b-8df0-88fa8e7582c6,0.58208535306935,147.78
f5df7f2a-156a-4ed6-b667-55a35cf4a4b6,0.58475321366435,154.78
dee91987-f321-429f-8de4-8c9416211d25,0.58472083271335,159.78
3fd30c3d-77ba-4364-bd03-8c667b7493ed,0.58208535306935,147.78
3bb2ba67-df4b-4ae9-b1e8-03c46443e55e,0.5834274618709,154.77999999999997
fc048595-0594-4f68-8c41-984a7be67f90,0.58501043197285,154.77999999999997
d6af9523-9105-45a4-88ea-107d49d29961,0.58208535306935,147.78
46dc7791-d6dd-40f5-a587-938d14bbd649,0.5808204172948,152.78
991dc709-21b0-4a13-8ac8-8437d9d8fe22,0.58478472327455,166.77999999999997
7fb74ded-f42b-4ba9-99de-bbeb0c6b9167,0.58208535306935,147.78
d84cb1db-fee0-4a45-aa20-07bade34bacf,0.58208535306935,147.78
944b3616-1247-4aea-86bf-224ed6d301ad,0.58208535306935,147.78
8853ad0a-5dbb-4601-9c5f-b598503ee3b8,0.58425948289485,155.78
035ea272-518e-4b7f-be72-59e3d1307507,0.58208535306935,147.78
194751cb-3b61-4d82-a3ee-d89c4037d4df,0.58449878200415,149.77999999999997
ceba5295-7ef2-4540-b150-193b0262f9f8,0.58208535306935,147.78
eae000ae-c827-4d88-9f94-cdcf44ac1b13,0.58208535306935,147.78
d7dc949f-0c97-41df-bcd8-aba571ce3d2b,0.58475321366435,154.78
0a3c017c-4cda-4a7a-9262-cfb0ff02bd31,0.58472083271335,159.78
c4cf9577-8865-4a54-948f-6bea6ed6a899,0.58208535306935,147.78
f77c0a92-5f97-4915-9e40-bbc1c1b9c705,0.5834274618709,154.77999999999997
897150f0-b48c-4c68-ba0f-a4ba61f9af5a,0.5843632689719,158.77999999999997
d3234fdf-6cdb-4f6d-aff1-b2a80b9c2d7a,0.58208535306935,147.78
4a1811c9-6fc4-4b5d-8624-96f6b15017c5,0.5808204172948,152.78
41251721-5f21-4347-8ffb-fac3db39a348,0.5863373832233,169.77999999999997
637c8c3c-87b5-4b1f-a584-9009e8ee1b2a,0.58208535306935,147.78
a17b4f23-6696-4dfc-b6a6-417f6e810a7c,0.58208535306935,147.78
03dc7245-ce20-4e9b-a3b8-502004161afd,0.58208535306935,147.78
5eec4440-793c-4583-bc2c-1567e1a9a32a,0.5835933695805,163.78
6aba6bba-8ece-47a3-afcf-33eb1a09f2e4,0.58208535306935,147.78
7e025a62-1702-4175-8d01-431ca67b1ded,0.58449878200415,149.77999999999997
cb80dc8c-b571-4d7c-95eb-1beebf21ae09,0.58208535306935,147.78
9ade1bea-0660-4f4e-9441-0c2ecbaddaf8,0.58208535306935,147.78
51d0bda9-ffc9-4d97-8fac-ff08736e106a,0.58475321366435,154.78
c658f8bb-5a5d-4079-99e6-bc642835155c,0.58396910260735,154.78
d9cb7261-f54e-45a3-8866-f51f4f8219c9,0.58208535306935,147.78
ad20966a-6ac0-4764-9949-aed09e38c9d5,0.5834274618709,154.77999999999997
ddb6471c-22ba-4e89-b3ac-7b47eb64be96,0.5822027776896,158.77999999999997
f6cf31ad-06b8-496a-8637-868781ba80a2,0.58208535306935,147.78
c493882f-5aa6-4272-883c-3989f2405728,0.5837039510302,153.77999999999997
b0250e5a-7ded-4f18-ba65-f5421376ca46,0.58481160248835,180.77999999999997
77a5688f-4f16-4b0f-8c4b-51a0f8402710,0.58208535306935,147.78
4ca51f4f-dc5c-4330-86c2-23adba0d0f73,0.58208535306935,147.78
aa935f68-c0af-4bcc-8509-d916b98d61d6,0.58208535306935,147.78
12da261d-c1ed-4341-910e-e40a0770425c,0.58340131883225,164.77999999999997
80a71b30-98a9-474d-9eaf-c19bd30d4cd9,0.58208535306935,147.78
280bd12e-6cfb-4a62-9a77-a239e5d07df0,0.58449878200415,149.77999999999997
10bd25d7-9cf2-44a8-b229-186b3b6605cc,0.58208535306935,147.78
5a826336-828d-41f7-abb8-71c19b75e1a8,0.58208535306935,147.78
eb81d45d-423c-4812-aebf-6a062a70f211,0.58475321366435,154.78
bd41d535-e95f-4f4a-af41-9d98189a1edb,0.5860336497656,156.78
f122dbb5-6a0b-4539-8c3a-f817ec718e45,0.58208535306935,147.78
707f88c7-434d-49af-b53b-b6ced982c68a,0.58519944343955,153.77999999999997
4942d034-90c3-473c-93f6-8c8e9624346d,0.5843632689719,158.77999999999997
109278af-b36c-4419-bd16-9f93e0fe1cae,0.58208535306935,147.78
85c17e54-84e8-4977-9e20-ed1f5a729acb,0.5837039510302,153.77999999999997
568d38e6-ffec-4e92-8a9c-13db5122290d,0.5812899627238,175.77999999999997
cde7696e-e9d7-4aa1-8ed3-336ccfc99651,0.58208535306935,147.78
c43d5478-21cb-4bc1-b1bb-2ecafe5b1ccc,0.58208535306935,147.78
8bc4b3c7-2020-4dd6-8c98-3bbef0f23c94,0.58208535306935,147.78
f147598c-9efd-4359-ac54-39a745f7af3a,0.5835933695805,163.78
5bc18669-be6b-4cb0-ad7c-71ef447a5f70,0.58208535306935,147.78
0d03b9c9-836f-49c7-a33c-2125e072697f,0.58449878200415,149.77999999999997
e04a8132-4dfc-4fd7-b785-15c73d9a953a,0.58208535306935,147.78
4ec961f1-ad8a-404f-b12b-29f77a15fbb9,0.58208535306935,147.78
3da143a9-10f5-4199-a194-982ea51f482a,0.58475321366435,154.78
10fdf41d-6d5a-4eb1-a388-9721f8e71a18,0.5860336497656,156.78
9384ff0f-6313-478b-ad5f-99d6e77ee07f,0.58208535306935,147.78
70b846cd-cffe-41ca-8885-76dc92fb28ce,0.58575567331245,150.77999999999997
6106ef39-663b-403b-9db6-e3894ecd73dc,0.5810816422096,157.77999999999997
cb573e31-2a61-4ba7-88b1-09efe2163222,0.58208535306935,147.78
c5e9165f-b723-4094-a7e8-88d50489f140,0.5837039510302,153.77999999999997
11c08afa-a9a9-40b0-b398-a41f2c6514ee,0.58684681912115,159.77999999999997
c6f288e6-78a4-4ab1-86ad-49f19895ba48,0.58208535306935,147.78
5091672c-9f4f-49c3-83c2-fe4715c4b262,0.58208535306935,147.78
2c97630f-0f66-4b57-a57d-cc44a3b0538c,0.58208535306935,147.78
6b7eda34-4291-4520-afe3-2903c288ddc2,0.58486391991615,159.77999999999997
e08875fa-a276-4ff9-873e-1525c7b112aa,0.58208535306935,147.78
8afc0659-f0fb-488c-a1df-7a7f9d26dc09,0.5852863765908,148.78
5738612c-18dc-421a-903d-fbc4f701102b,0.58208535306935,147.78
78f15c8e-96f5-4836-918f-432d3cad9d90,0.58208535306935,147.78
2d651744-9da2-458c-941f-025aa2fd2cb6,0.58475321366435,154.78
d6cce821-7b04-4ecc-84cb-31d3301309aa,0.58472083271335,159.78
dafcae7e-89fe-45c3-b6c1-1d633d00e41f,0.58208535306935,147.78
66348170-f48a-41ee-8acc-d735514ad9a5,0.58519944343955,153.77999999999997
7f7de62d-4684-4fec-bd0b-276f92faf75e,0.58408782306845,156.77999999999997
95030986-438c-4225-bc7b-d71800a9f7a5,0.58208535306935,147.78
ba61f735-3868-4394-a46e-5e81a32187ef,0.5837039510302,153.77999999999997
42c5c5de-00a6-4074-912f-22bf87f90ce7,0.5862281367603,174.77999999999997
0699fafa-d9ba-4bd1-9ed8-25fdb1f6f6b2,0.58208535306935,147.78
addb8b24-0f5d-4aff-a38f-0b9a5fcdce5a,0.58208535306935,147.78
d9d33845-328c-49ce-956c-a7b7f74f6795,0.58208535306935,147.78
d056d396-7f19-432d-8977-ec3f1fa3494f,0.58513165480485,160.78
a15d0b1a-a40f-4bf1-933e-9b847d085cba,0.58208535306935,147.78
426c2fdd-384a-4bf1-97f8-84d0215460cb,0.57999751862595,152.77999999999997
54af6689-d74b-4b7b-822e-06159737cc0a,0.58208535306935,147.78
518f141b-1418-4279-b3cf-b80b23df19a3,0.58208535306935,147.78
06ceaa31-49d2-4566-a1c8-5c4767c81880,0.58475321366435,154.78
839677a1-91a7-4948-93cb-29c807e00d0e,0.58472083271335,159.78
a5776cde-0ec4-4e6a-bfe4-2523e1a0e9fe,0.58208535306935,147.78
b5271a35-ca74-42a9-8839-2c2f145d1b18,0.5834274618709,154.77999999999997
51dbecc5-88e1-4ffb-931a-557c915703a1,0.5858523896819,160.77999999999997
ce164700-d299-4b0f-946f-877405a91734,0.58208535306935,147.78
20cf7668-c631-4083-af07-3e8f57036153,0.5837039510302,153.77999999999997
e9da8010-ad1d-47cc-a8ca-710e7bc06005,0.58332659062805,166.77999999999997
1d64f33b-7d00-4715-a4b0-02181cfde563,0.58208535306935,147.78
dc0ec853-e444-4733-bc10-d2055222b5f4,0.58208535306935,147.78
65f94538-d40c-4608-adae-2db100c4a2af,0.58208535306935,147.78
a74cf0f2-0293-41f5-bee2-7f92561626a1,0.5846810391755,161.77999999999997
eaad7f72-8503-4388-9ab7-f4d6697fb67f,0.58208535306935,147.78
28d45e00-5690-464d-9ffe-5ec3b6812051,0.5852863765908,148.78
c6e2b0fa-0cdb-49ee-90b7-9a50a58ebe59,0.58208535306935,147.78
71894ed7-56aa-4b3d-b311-4775256ffea5,0.58208535306935,147.78
07955419-d9de-4b19-adfc-83ed9126938f,0.58475321366435,154.78
f69f5463-eaa0-41ce-b2bc-79c28cad106d,0.58396910260735,154.78
56955cce-bf08-4248-9ec1-11ecb57ef68e,0.58208535306935,147.78
9230052d-6980-4844-b192-40a7795cd209,0.58519944343955,153.77999999999997
b3738cd2-d0ae-495f-9277-de4c4ab19370,0.5843632689719,158.77999999999997
107c2217-7da3-43f7-bba0-b8821c906ad8,0.58208535306935,147.78
1b0ed711-4077-4b9e-8cf1-a419fad512d1,0.5837039510302,153.77999999999997
84d95278-812f-4347-81fc-4fd3dec73dfd,0.5854548446118,177.77999999999997
e033229b-7412-4ab8-87d0-79b7d082dc61,0.58208535306935,147.78
bdf75506-7cae-4f75-b874-dadba1818d21,0.58208535306935,147.78
6da032b7-2ec5-405e-97d1-5f22a31d37a6,0.58208535306935,147.78
4a52e2f9-6ebd-4b95-ab60-b75fd273befa,0.58486391991615,159.77999999999997
e6869172-79af-4c0c-9bef-9a659e273535,0.58208535306935,147.78
e7778283-833b-455f-9cf4-20a04541fd00,0.58449878200415,149.77999999999997
3c071edc-2c55-4158-a73b-e7352e12638d,0.58208535306935,147.78
bb675682-f632-4f36-831b-64407c132e08,0.58208535306935,147.78
393d8f18-9a32-4c0f-b2c6-11cc622f5254,0.5813284679575,159.78
e99b66c0-0af5-4c1b-ac36-639ac6e329af,0.58472083271335,159.78
92a3f913-635b-488b-81d8-045c83ee5dc9,0.58208535306935,147.78
f494bf1b-618c-4b6a-b4a6-8f8cc5531ee2,0.58519944343955,153.77999999999997
bec3fa1f-9c1f-473b-b827-5feb404ec1b0,0.58501043197285,154.77999999999997
92ec7443-c128-413e-9ea0-e936e1ae1789,0.58208535306935,147.78
eed28f12-094a-4cfa-88d9-7d620ff9b1ed,0.5837039510302,153.77999999999997
471292a8-2986-47b6-bfe3-4637a635ae68,0.5858861399511,164.77999999999997
24cd2c1a-e30b-41d0-b476-3f2287a286fd,0.58208535306935,147.78
bfd5ec11-4e7d-4083-b492-36d389c2e6c0,0.58208535306935,147.78
d91d5db1-3939-4074-91e5-093570cd7f14,0.58208535306935,147.78
191433ab-ebf1-410e-881c-3ba902d28a72,0.58340131883225,164.77999999999997
c072b325-4c4c-49dd-b923-ce97db98da65,0.58208535306935,147.78
45c87504-772d-4d64-9394-42c9ca9edc8b,0.58449878200415,149.77999999999997
1c92d51e-ffae-48f5-bbfd-38d8f0576593,0.58208535306935,147.78
cc2fddbb-ba55-4746-9039-f25930c0afb3,0.58208535306935,147.78
ec3d7110-e5f4-496b-8aef-5b11b935e733,0.58475321366435,154.78
3633929d-e7d2-4d66-82a0-c82c08ef4bb2,0.5860336497656,156.78
916b1b43-409b-4b78-8645-323f084ec875,0.58208535306935,147.78
5cbfe778-1f08-4720-b58b-9d24f2c27db3,0.5834274618709,154.77999999999997
3d016ee9-4dd9-4380-9269-8180514609f6,0.5843632689719,158.77999999999997
02cabc2c-5da7-4d79-a791-a0668f336033,0.58208535306935,147.78
33059fb1-003a-45b1-84d7-d1a9eb984933,0.5837039510302,153.77999999999997
1519a190-8290-4d5b-acb7-9663aac2fce0,0.5849310151632,173.77999999999997
2a93ac33-b890-4b4b-a3bb-49e87a3aaad2,0.58208535306935,147.78
bb3758fa-9bb9-45a9-88cc-aff65ba27fd8,0.58208535306935,147.78
f0eb46cb-662d-421b-8772-44a5ac6d7243,0.58208535306935,147.78
0f88641f-948d-4aa6-8ca3-d37585c9b236,0.58486391991615,159.77999999999997
9f278480-a876-4125-bb18-dc695deb8e80,0.58208535306935,147.78
6b33ca56-0312-4ca4-8737-d0c1749d9e3a,0.58449878200415,149.77999999999997
b092b50c-e2ce-48ee-84ec-acab2b62b632,0.58208535306935,147.78
2733dcf1-fba9-4f7a-bbb3-f8c936b8a9e8,0.58208535306935,147.78
6a80b533-b2cb-444a-a3b9-9410c6d25ff9,0.5813284679575,159.78
293f4309-d9f1-4ba8-9e89-11ad3d8a841d,0.58472083271335,159.78
1b4f6e89-ed0d-42b3-a10a-d51e49386f5d,0.58208535306935,147.78
24fb4556-21fd-4d11-9d91-a8f7e4b1b152,0.5834274618709,154.77999999999997
90d73f3c-41ac-4737-8935-2d38b1bcef7b,0.5843632689719,158.77999999999997
f0db1fe5-ecbc-4300-a3b0-f1821852e0bb,0.58208535306935,147.78
6fd797e7-0f17-4ae8-a499-c9776ef45819,0.5837039510302,153.77999999999997
cf4a52bd-4b13-46e0-970f-1a51d89b3428,0.58352863764435,173.77999999999997
8dc5adab-4c08-4be1-a3b9-5f42a0eb496f,0.58208535306935,147.78
b1694852-f9af-4182-b22c-a5426f5e9c34,0.58208535306935,147.78
ee6e0745-d34a-4b1e-874a-23d13a178c43,0.58208535306935,147.78
47b09468-0b48-496d-8a83-9b327e52a68a,0.5827819230914,164.77999999999997
a46e8381-d356-4761-8afd-00641a41ac1a,0.58208535306935,147.78
3b478400-b5c4-47dc-9eda-c74ba6a98ab1,0.58449878200415,149.77999999999997
a85d8470-7756-4874-b0dd-d7174fc4f146,0.58208535306935,147.78
94949f8b-8ec2-499e-8bba-886668818e45,0.58208535306935,147.78
2f265b14-f695-40ec-966a-af728421f350,0.5813284679575,159.78
de9b010b-d422-450e-add3-982e8d2fc94e,0.58411701598075,151.78
22c0dad7-83ce-41b7-b8fe-a8c70a2c5b90,0.58208535306935,147.78
914d0aa6-495c-4d11-9745-985f663a05de,0.58480627128975,151.77999999999997
f68f1496-880c-45b1-95b3-5394847f1399,0.58501043197285,154.77999999999997
4393d194-c4bd-4ca4-bce9-809bc67a1d73,0.58208535306935,147.78
fe6e97a6-deee-40ea-afed-f8a1cf9fb12c,0.5837039510302,153.77999999999997
fef49c34-fe49-414c-aa66-e43746aa110e,0.5851014083537,164.77999999999997
88fec376-6b4f-4316-8fb5-a07512a78efe,0.58208535306935,147.78
d2d0e66b-6809-4c6c-9f09-7d08a455bb32,0.58208535306935,147.78
b896f731-66b0-4784-bca3-bdec0f9eec53,0.58208535306935,147.78
130a9543-24ff-44ee-8ca1-23f4841a3b3d,0.58225047034825,169.77999999999997
b9f9905d-5026-4c4d-9e20-e6ec6a2afcbf,0.58208535306935,147.78
d3fb7c71-ad4c-4fae-9aca-d659126e2770,0.58449878200415,149.77999999999997
c90546e1-fe9d-41a2-a60f-af60a63eaca1,0.58208535306935,147.78
b5f16b87-2213-4af8-bbca-062aeeef642a,0.58208535306935,147.78
d0e0f394-6c51-4eeb-ac2f-abe060fbd43e,0.58475321366435,154.78
625a799e-ce40-4425-afea-bdb46ed6aa27,0.58396910260735,154.78
669a0af3-de0c-4e7d-8d6a-6ab5cb88128e,0.58208535306935,147.78
129af1e6-42ca-4253-b76a-583077d65a42,0.58575567331245,150.77999999999997
a8006bb0-7c7a-474c-bdf4-62f48922929f,0.5856203919324,156.77999999999997
33c3bf0b-d37d-411b-bd83-ac1f12630d33,0.58208535306935,147.78
5a6f13c1-7b91-4a2a-9774-5892f01b220b,0.5837039510302,153.77999999999997
cf823745-2d30-48de-8dd3-e567be970184,0.5848599667981,182.77999999999997
8070f499-d557-41b6-8486-9489574e6f06,0.58208535306935,147.78
61bca21b-dbc8-4a18-9cfa-68a5c825a412,0.58208535306935,147.78
0dd336d3-1b80-44e4-8d2a-2227e89869f8,0.58208535306935,147.78
d02b5ed2-54f3-4bc2-ac1a-ec98e5da21ce,0.5835933695805,163.78
089ee4f0-3449-4b95-ab1d-9169b9e91723,0.58208535306935,147.78
fc9e5a3a-f889-489b-b0d5-21a954778807,0.5841954465872,151.78
ac2e01c1-1fa3-407f-8759-5ee8e804d0c2,0.58208535306935,147.78
877ba01c-46a0-4ec3-b111-3ddae93559d1,0.58208535306935,147.78
758ded9c-21a8-46e1-87ec-844786af82e8,0.5813284679575,159.78
f10337e3-da3c-4732-b94f-d63a110de3bd,0.58411701598075,151.78
1d4b31a3-1f00-4e01-89dd-b4041ab6b836,0.58208535306935,147.78
8cf7e96b-30c8-4f9f-862a-f38669bb3abc,0.5834274618709,154.77999999999997
769ec4ce-ef42-434a-9a04-1d604c81e950,0.5858523896819,160.77999999999997
74dd13e0-5f0d-4b53-b470-42883ed13a54,0.58208535306935,147.78
eb3ed7bf-d210-4ed3-ae44-86498ada5a8f,0.5837039510302,153.77999999999997
e0decc2a-891e-4a6e-bc73-4bcac8baa0d1,0.5845110152936,177.77999999999997
1add5649-a886-43cb-9b4a-a6e6e3b4d09a,0.58208535306935,147.78
79dc59a6-7dfd-4421-a7cd-f4ee68a70c3b,0.58208535306935,147.78
35394e7a-19b1-4bfa-a297-ba9b5b9d11da,0.58208535306935,147.78
a7b51d48-d19b-4c25-bf87-4c0f1d4cbd2e,0.58486391991615,159.77999999999997
abc27d0e-0654-418b-9a1e-94eff4ac1ecc,0.58208535306935,147.78
0c144e31-89cb-45c9-ad2e-bbd05cc11245,0.5852863765908,148.78
81047af5-3fed-4965-ab66-b34603ec8fac,0.58208535306935,147.78
b26e5f62-b422-469c-8875-ebe035e8fada,0.58208535306935,147.78
f32d8714-e1af-4ec3-a368-a8f422855fc3,0.58475321366435,154.78
d45cabd9-7c37-4c0e-a73b-56d089e73b46,0.5860336497656,156.78
dc1ddfab-1268-4943-8bf2-80dcf5a3e8e8,0.58208535306935,147.78
2b74d71a-c77a-4ac6-b8a4-e8bee34aa14d,0.58575567331245,150.77999999999997
6846fae5-ba47-483f-b2dc-eda440ef23bc,0.5858523896819,160.77999999999997
8aeae19a-7084-4504-84e0-e2770538e0d2,0.58208535306935,147.78
cbc01472-1926-42a3-945b-cc200fc46dd6,0.5837039510302,153.77999999999997
388cb0b4-20f7-4f54-b40c-e868be5abdfe,0.58559875427775,179.77999999999997
408a33f5-dbb2-4581-a6fb-cba83c68d28b,0.58208535306935,147.78
986f901c-a4ac-46cb-84cf-02b83b540a5f,0.58208535306935,147.78
f5d335b5-a95b-4846-a59f-2047f22e6c9b,0.58208535306935,147.78
20be5ebf-c0ee-4939-bb26-89a362d17bfa,0.58486391991615,159.77999999999997
f6b47893-9908-4415-bc77-b1bcf59f8163,0.58208535306935,147.78
e9a1a7fb-43e8-4dbd-b499-75b0de5c87cc,0.5852863765908,148.78
3d538fc8-a8ff-430f-a1c6-2ec7186a72ee,0.58208535306935,147.78
9f4489ea-a5b4-41cd-b217-0e7474d343e2,0.58208535306935,147.78
f5cfc22b-1cd5-45bb-ae47-39323521aa93,0.58475321366435,154.78
aa4f63af-0676-4573-8c77-6d49bd66ca20,0.5860336497656,156.78
411e77bb-fac6-4242-950a-8db38841e7f0,0.58208535306935,147.78
7a7cc86e-7b15-4b99-8014-b532e1a48e75,0.58575567331245,150.77999999999997
7745a64e-d6af-4f4b-8cbb-e2ccc2051a7e,0.584096054858,161.77999999999997
1bd1e0fc-5b33-4149-9a74-2547626830e8,0.58208535306935,147.78
34ac1748-7546-4aef-b1e4-90c30f8bd004,0.5837039510302,153.77999999999997
3648fdde-536e-4d54-b471-3316b3be9f48,0.58812441781345,160.77999999999997
78c2f8dd-ee75-4f18-90f6-5e5668b324e3,0.58208535306935,147.78
a6585d24-311a-419d-abd7-d729bebbfb96,0.58208535306935,147.78
83b044e5-277d-4c19-81be-20752f592c13,0.58208535306935,147.78
5704017a-0fed-459e-949e-d6f26110cbf0,0.58340131883225,164.77999999999997
43f14037-bcfa-4982-ac28-cff41d9cdaaa,0.58208535306935,147.78
e8ef0f1f-7f92-4954-9550-e8790680912f,0.58449878200415,149.77999999999997
