best_fitness_value_untill_current_iteration,configuration_point_1,configuration_point_2,configuration_point_3,configuration_point_4,configuration_point_5,configuration_point_6,configuration_point_7,configuration_point_8,configuration_point_9,configuration_point_10,configuration_point_11,configuration_point_12,configuration_point_13,configuration_point_14,configuration_point_15,configuration_point_16,configuration_point_17,configuration_point_18,configuration_point_19,configuration_point_20,configuration_point_21,configuration_point_22,configuration_point_23,configuration_point_24,configuration_point_25,configuration_point_26,configuration_point_27,configuration_point_28,configuration_point_29,configuration_point_30,configuration_point_31,configuration_point_32,configuration_point_33,configuration_point_34,configuration_point_35,configuration_point_36,configuration_point_37,configuration_point_38,configuration_point_39,configuration_point_40,configuration_point_41,configuration_point_42,configuration_point_43,configuration_point_44,configuration_point_45,configuration_point_46,configuration_point_47,configuration_point_48,configuration_point_49
0.6372293751500402,0.2412105161237873,0.6014664532173517,0.4169790905773053,0.8379063696952218,0.834162949379906,0.3484658383225241,0.25845252811407626,0.9377183506790168,0.3078490155680039,0.39629466640774547,0.8855189077672035,0.019950243921861732,0.05533951590427466,0.7155327563199079,0.2785796411851733,0.18075047841076874,0.08784928140989867,0.038645610665045016,0.012267802228810076,0.9884303659970141,0.6095321605738007,0.3720287817234017,0.08292978605929269,0.17264141798571542,0.12082684950342681,0.8361359454806144,0.7997664657078788,0.2618316763171421,0.34746947649073345,0.7274043787981486,0.5703588474703563,0.004609532688557905,0.16345886217309902,0.6257352209136928,0.33710888838940556,0.6208294400601596,0.5986328873384975,0.721769272761786,0.25593996519697404,0.41344439173586933,0.09971537379756679,0.17082701594380922,0.6575185440361386,0.07658971583747176,0.4888239636443681,0.9372972222167759,0.49443946362395386,0.6058462024943462,0.40227142625920087
0.6372293751500402,0.2412105161237873,0.6014664532173517,0.4169790905773053,0.8379063696952218,0.834162949379906,0.3484658383225241,0.25845252811407626,0.9377183506790168,0.3078490155680039,0.39629466640774547,0.8855189077672035,0.019950243921861732,0.05533951590427466,0.7155327563199079,0.2785796411851733,0.18075047841076874,0.08784928140989867,0.038645610665045016,0.012267802228810076,0.9884303659970141,0.6095321605738007,0.3720287817234017,0.08292978605929269,0.17264141798571542,0.12082684950342681,0.8361359454806144,0.7997664657078788,0.2618316763171421,0.34746947649073345,0.7274043787981486,0.5703588474703563,0.004609532688557905,0.16345886217309902,0.6257352209136928,0.33710888838940556,0.6208294400601596,0.5986328873384975,0.721769272761786,0.25593996519697404,0.41344439173586933,0.09971537379756679,0.17082701594380922,0.6575185440361386,0.07658971583747176,0.4888239636443681,0.9372972222167759,0.49443946362395386,0.6058462024943462,0.40227142625920087
0.6372293751500402,0.2412105161237873,0.6014664532173517,0.4169790905773053,0.8379063696952218,0.834162949379906,0.3484658383225241,0.25845252811407626,0.9377183506790168,0.3078490155680039,0.39629466640774547,0.8855189077672035,0.019950243921861732,0.05533951590427466,0.7155327563199079,0.2785796411851733,0.18075047841076874,0.08784928140989867,0.038645610665045016,0.012267802228810076,0.9884303659970141,0.6095321605738007,0.3720287817234017,0.08292978605929269,0.17264141798571542,0.12082684950342681,0.8361359454806144,0.7997664657078788,0.2618316763171421,0.34746947649073345,0.7274043787981486,0.5703588474703563,0.004609532688557905,0.16345886217309902,0.6257352209136928,0.33710888838940556,0.6208294400601596,0.5986328873384975,0.721769272761786,0.25593996519697404,0.41344439173586933,0.09971537379756679,0.17082701594380922,0.6575185440361386,0.07658971583747176,0.4888239636443681,0.9372972222167759,0.49443946362395386,0.6058462024943462,0.40227142625920087
0.6372293751500402,0.2412105161237873,0.6014664532173517,0.4169790905773053,0.8379063696952218,0.834162949379906,0.3484658383225241,0.25845252811407626,0.9377183506790168,0.3078490155680039,0.39629466640774547,0.8855189077672035,0.019950243921861732,0.05533951590427466,0.7155327563199079,0.2785796411851733,0.18075047841076874,0.08784928140989867,0.038645610665045016,0.012267802228810076,0.9884303659970141,0.6095321605738007,0.3720287817234017,0.08292978605929269,0.17264141798571542,0.12082684950342681,0.8361359454806144,0.7997664657078788,0.2618316763171421,0.34746947649073345,0.7274043787981486,0.5703588474703563,0.004609532688557905,0.16345886217309902,0.6257352209136928,0.33710888838940556,0.6208294400601596,0.5986328873384975,0.721769272761786,0.25593996519697404,0.41344439173586933,0.09971537379756679,0.17082701594380922,0.6575185440361386,0.07658971583747176,0.4888239636443681,0.9372972222167759,0.49443946362395386,0.6058462024943462,0.40227142625920087
0.6287858287406759,0.6903175804913774,0.4304077092443418,0.4193408967135305,0.41495338879387755,0.33491209419711254,0.9599990289722895,0.51037191336521,0.2830550609633973,0.3045581146903259,0.4196185889728814,0.12245175670707109,0.5350114498392066,0.235025967090579,0.8923588576421322,0.8022905014202015,0.019524092813892557,0.17530308942730288,0.09338979080424792,0.45659647201308917,0.5968554048113005,0.31294749774922603,0.9966073569475905,0.5431773365622466,0.1139348954937861,0.12661645845869351,0.13630170537722675,0.3546717450293878,0.8937231405293231,0.44038489367796463,0.3088282569579487,0.8136913524715744,0.06584679495559176,0.09790050395344785,0.8510495370943332,0.20435304967024748,0.8892476762324855,0.6949883383240251,0.04433324622726498,0.012673132333959614,0.5554664161299496,0.7483583057126124,0.2065263299916109,0.3005405499011332,0.44124407297749724,0.21827649202743127,0.549434998956593,0.605351056497336,0.21006702864672322,0.2295465293829715
0.6287858287406759,0.6903175804913774,0.4304077092443418,0.4193408967135305,0.41495338879387755,0.33491209419711254,0.9599990289722895,0.51037191336521,0.2830550609633973,0.3045581146903259,0.4196185889728814,0.12245175670707109,0.5350114498392066,0.235025967090579,0.8923588576421322,0.8022905014202015,0.019524092813892557,0.17530308942730288,0.09338979080424792,0.45659647201308917,0.5968554048113005,0.31294749774922603,0.9966073569475905,0.5431773365622466,0.1139348954937861,0.12661645845869351,0.13630170537722675,0.3546717450293878,0.8937231405293231,0.44038489367796463,0.3088282569579487,0.8136913524715744,0.06584679495559176,0.09790050395344785,0.8510495370943332,0.20435304967024748,0.8892476762324855,0.6949883383240251,0.04433324622726498,0.012673132333959614,0.5554664161299496,0.7483583057126124,0.2065263299916109,0.3005405499011332,0.44124407297749724,0.21827649202743127,0.549434998956593,0.605351056497336,0.21006702864672322,0.2295465293829715
0.6240544662236264,0.5286461879815421,0.8206400086778466,0.26809934203980346,0.9786201725526388,0.35251251257951965,0.4166372124539761,0.4554230811873019,0.2615514201394984,0.1746610307890033,0.20928718074578945,0.5331005286127058,0.04746937561593745,0.8727680241740474,0.06772339787869097,0.46298662484301456,0.8569373129645805,0.04547393752934237,0.6171466595097679,0.48528037507131905,0.1697010516903512,0.1750331846189307,0.9855152105049289,0.595947573351342,0.14004166369252324,0.4584161527041468,0.9239392865003402,0.7233538109439821,0.412357960708737,0.44038489367796463,0.153004632107817,0.15233808040910346,0.380261069616441,0.1825643376356576,0.7488080478307739,0.7278000508157719,0.2939502256952037,0.06737004335298125,0.3026368368433855,0.833947090200129,0.23664308738019935,0.3228621348229661,0.16603219795453894,0.3186797803088607,0.10992569787763307,0.7830919076387934,0.22606048740718465,0.605351056497336,0.33502178154810147,0.20324726991071107
0.616556620584595,0.5286461879815421,0.4304077092443418,0.26809934203980346,0.41495338879387755,0.35251251257951965,0.4166372124539761,0.51037191336521,0.2615514201394984,0.1746610307890033,0.20928718074578945,0.5331005286127058,0.04746937561593745,0.8727680241740474,0.06772339787869097,0.8022905014202015,0.019524092813892557,0.17530308942730288,0.6171466595097679,0.48528037507131905,0.5968554048113005,0.31294749774922603,0.9855152105049289,0.595947573351342,0.1139348954937861,0.4584161527041468,0.13630170537722675,0.3546717450293878,0.412357960708737,0.44038489367796463,0.153004632107817,0.8136913524715744,0.06584679495559176,0.1825643376356576,0.8510495370943332,0.20435304967024748,0.8892476762324855,0.06737004335298125,0.3026368368433855,0.012673132333959614,0.5554664161299496,0.3228621348229661,0.16603219795453894,0.3186797803088607,0.44124407297749724,0.7830919076387934,0.549434998956593,0.605351056497336,0.33502178154810147,0.20324726991071107
0.616556620584595,0.5286461879815421,0.4304077092443418,0.26809934203980346,0.41495338879387755,0.35251251257951965,0.4166372124539761,0.51037191336521,0.2615514201394984,0.1746610307890033,0.20928718074578945,0.5331005286127058,0.04746937561593745,0.8727680241740474,0.06772339787869097,0.8022905014202015,0.019524092813892557,0.17530308942730288,0.6171466595097679,0.48528037507131905,0.5968554048113005,0.31294749774922603,0.9855152105049289,0.595947573351342,0.1139348954937861,0.4584161527041468,0.13630170537722675,0.3546717450293878,0.412357960708737,0.44038489367796463,0.153004632107817,0.8136913524715744,0.06584679495559176,0.1825643376356576,0.8510495370943332,0.20435304967024748,0.8892476762324855,0.06737004335298125,0.3026368368433855,0.012673132333959614,0.5554664161299496,0.3228621348229661,0.16603219795453894,0.3186797803088607,0.44124407297749724,0.7830919076387934,0.549434998956593,0.605351056497336,0.33502178154810147,0.20324726991071107
0.616556620584595,0.5286461879815421,0.4304077092443418,0.26809934203980346,0.41495338879387755,0.35251251257951965,0.4166372124539761,0.51037191336521,0.2615514201394984,0.1746610307890033,0.20928718074578945,0.5331005286127058,0.04746937561593745,0.8727680241740474,0.06772339787869097,0.8022905014202015,0.019524092813892557,0.17530308942730288,0.6171466595097679,0.48528037507131905,0.5968554048113005,0.31294749774922603,0.9855152105049289,0.595947573351342,0.1139348954937861,0.4584161527041468,0.13630170537722675,0.3546717450293878,0.412357960708737,0.44038489367796463,0.153004632107817,0.8136913524715744,0.06584679495559176,0.1825643376356576,0.8510495370943332,0.20435304967024748,0.8892476762324855,0.06737004335298125,0.3026368368433855,0.012673132333959614,0.5554664161299496,0.3228621348229661,0.16603219795453894,0.3186797803088607,0.44124407297749724,0.7830919076387934,0.549434998956593,0.605351056497336,0.33502178154810147,0.20324726991071107
0.616556620584595,0.5286461879815421,0.4304077092443418,0.26809934203980346,0.41495338879387755,0.35251251257951965,0.4166372124539761,0.51037191336521,0.2615514201394984,0.1746610307890033,0.20928718074578945,0.5331005286127058,0.04746937561593745,0.8727680241740474,0.06772339787869097,0.8022905014202015,0.019524092813892557,0.17530308942730288,0.6171466595097679,0.48528037507131905,0.5968554048113005,0.31294749774922603,0.9855152105049289,0.595947573351342,0.1139348954937861,0.4584161527041468,0.13630170537722675,0.3546717450293878,0.412357960708737,0.44038489367796463,0.153004632107817,0.8136913524715744,0.06584679495559176,0.1825643376356576,0.8510495370943332,0.20435304967024748,0.8892476762324855,0.06737004335298125,0.3026368368433855,0.012673132333959614,0.5554664161299496,0.3228621348229661,0.16603219795453894,0.3186797803088607,0.44124407297749724,0.7830919076387934,0.549434998956593,0.605351056497336,0.33502178154810147,0.20324726991071107
0.611947568513113,0.5286461879815421,0.4304077092443418,0.4093603817183469,0.5195123004701011,0.35251251257951965,0.31684864585106276,0.51037191336521,0.2615514201394984,0.1746610307890033,0.20928718074578945,0.5331005286127058,0.04746937561593745,0.33100548124574736,0.06772339787869097,0.6670612641761756,0.14798751436974644,0.4474745109939099,0.3648552970823815,0.48528037507131905,0.5279070169210681,0.31294749774922603,0.9855152105049289,0.7849356756027388,0.7321097027400704,0.4584161527041468,0.42675077929226823,0.27257844488284766,0.412357960708737,0.44038489367796463,0.24307101936140452,0.16145438862600625,0.0006800013670592575,0.1825643376356576,0.1080223714870664,0.5597455904852455,0.782052729803966,0.06737004335298125,0.4434138501480399,0.28474617914845524,0.5554664161299496,0.3228621348229661,0.5063373183643817,0.882217630394953,0.44124407297749724,0.3163303440976766,0.8616444376383063,0.605351056497336,0.33502178154810147,0.2989291090934896
0.611947568513113,0.5286461879815421,0.4304077092443418,0.4093603817183469,0.5195123004701011,0.35251251257951965,0.31684864585106276,0.51037191336521,0.2615514201394984,0.1746610307890033,0.20928718074578945,0.5331005286127058,0.04746937561593745,0.33100548124574736,0.06772339787869097,0.6670612641761756,0.14798751436974644,0.4474745109939099,0.3648552970823815,0.48528037507131905,0.5279070169210681,0.31294749774922603,0.9855152105049289,0.7849356756027388,0.7321097027400704,0.4584161527041468,0.42675077929226823,0.27257844488284766,0.412357960708737,0.44038489367796463,0.24307101936140452,0.16145438862600625,0.0006800013670592575,0.1825643376356576,0.1080223714870664,0.5597455904852455,0.782052729803966,0.06737004335298125,0.4434138501480399,0.28474617914845524,0.5554664161299496,0.3228621348229661,0.5063373183643817,0.882217630394953,0.44124407297749724,0.3163303440976766,0.8616444376383063,0.605351056497336,0.33502178154810147,0.2989291090934896
0.611947568513113,0.5286461879815421,0.4304077092443418,0.4093603817183469,0.5195123004701011,0.35251251257951965,0.31684864585106276,0.51037191336521,0.2615514201394984,0.1746610307890033,0.20928718074578945,0.5331005286127058,0.04746937561593745,0.33100548124574736,0.06772339787869097,0.6670612641761756,0.14798751436974644,0.4474745109939099,0.3648552970823815,0.48528037507131905,0.5279070169210681,0.31294749774922603,0.9855152105049289,0.7849356756027388,0.7321097027400704,0.4584161527041468,0.42675077929226823,0.27257844488284766,0.412357960708737,0.44038489367796463,0.24307101936140452,0.16145438862600625,0.0006800013670592575,0.1825643376356576,0.1080223714870664,0.5597455904852455,0.782052729803966,0.06737004335298125,0.4434138501480399,0.28474617914845524,0.5554664161299496,0.3228621348229661,0.5063373183643817,0.882217630394953,0.44124407297749724,0.3163303440976766,0.8616444376383063,0.605351056497336,0.33502178154810147,0.2989291090934896
0.6098498878745144,0.07963572693593568,0.21164039145604263,0.7963730678599495,0.3029454952784054,0.8118685665111091,0.3468525961262514,0.24611710709864876,0.5988495416259727,0.04487219415600674,0.8894566202200102,0.29638441767164647,0.21841004127781571,0.4790158694238994,0.3112351510209521,0.7885918489655142,0.7209522803502135,0.8973741077589843,0.09731690128619197,0.16904576366821,0.2066360306830437,0.3060294955969626,0.024850282473441565,0.07598178347783469,0.06941478924645839,0.48623465967283963,0.3820139607586619,0.12126698452896834,0.7554969905103773,0.3742820059777745,0.7232801769978486,0.11436009090936905,0.4897586870440984,0.5520128065502039,0.3825533910561386,0.4584884366350688,0.20089479577377056,0.029111377081989076,0.7023273767866423,0.26440822770426375,0.42539700101680866,0.45640806237022546,0.31978771811966766,0.2282831988378572,0.35421715572258894,0.5357403686362894,0.6537386417460073,0.5699643623715202,0.44108475997346874,0.5216077752501134
0.6098498878745144,0.07963572693593568,0.21164039145604263,0.7963730678599495,0.3029454952784054,0.8118685665111091,0.3468525961262514,0.24611710709864876,0.5988495416259727,0.04487219415600674,0.8894566202200102,0.29638441767164647,0.21841004127781571,0.4790158694238994,0.3112351510209521,0.7885918489655142,0.7209522803502135,0.8973741077589843,0.09731690128619197,0.16904576366821,0.2066360306830437,0.3060294955969626,0.024850282473441565,0.07598178347783469,0.06941478924645839,0.48623465967283963,0.3820139607586619,0.12126698452896834,0.7554969905103773,0.3742820059777745,0.7232801769978486,0.11436009090936905,0.4897586870440984,0.5520128065502039,0.3825533910561386,0.4584884366350688,0.20089479577377056,0.029111377081989076,0.7023273767866423,0.26440822770426375,0.42539700101680866,0.45640806237022546,0.31978771811966766,0.2282831988378572,0.35421715572258894,0.5357403686362894,0.6537386417460073,0.5699643623715202,0.44108475997346874,0.5216077752501134
0.6098498878745144,0.07963572693593568,0.21164039145604263,0.7963730678599495,0.3029454952784054,0.8118685665111091,0.3468525961262514,0.24611710709864876,0.5988495416259727,0.04487219415600674,0.8894566202200102,0.29638441767164647,0.21841004127781571,0.4790158694238994,0.3112351510209521,0.7885918489655142,0.7209522803502135,0.8973741077589843,0.09731690128619197,0.16904576366821,0.2066360306830437,0.3060294955969626,0.024850282473441565,0.07598178347783469,0.06941478924645839,0.48623465967283963,0.3820139607586619,0.12126698452896834,0.7554969905103773,0.3742820059777745,0.7232801769978486,0.11436009090936905,0.4897586870440984,0.5520128065502039,0.3825533910561386,0.4584884366350688,0.20089479577377056,0.029111377081989076,0.7023273767866423,0.26440822770426375,0.42539700101680866,0.45640806237022546,0.31978771811966766,0.2282831988378572,0.35421715572258894,0.5357403686362894,0.6537386417460073,0.5699643623715202,0.44108475997346874,0.5216077752501134
0.6098498878745144,0.07963572693593568,0.21164039145604263,0.7963730678599495,0.3029454952784054,0.8118685665111091,0.3468525961262514,0.24611710709864876,0.5988495416259727,0.04487219415600674,0.8894566202200102,0.29638441767164647,0.21841004127781571,0.4790158694238994,0.3112351510209521,0.7885918489655142,0.7209522803502135,0.8973741077589843,0.09731690128619197,0.16904576366821,0.2066360306830437,0.3060294955969626,0.024850282473441565,0.07598178347783469,0.06941478924645839,0.48623465967283963,0.3820139607586619,0.12126698452896834,0.7554969905103773,0.3742820059777745,0.7232801769978486,0.11436009090936905,0.4897586870440984,0.5520128065502039,0.3825533910561386,0.4584884366350688,0.20089479577377056,0.029111377081989076,0.7023273767866423,0.26440822770426375,0.42539700101680866,0.45640806237022546,0.31978771811966766,0.2282831988378572,0.35421715572258894,0.5357403686362894,0.6537386417460073,0.5699643623715202,0.44108475997346874,0.5216077752501134
0.6098498878745144,0.07963572693593568,0.21164039145604263,0.7963730678599495,0.3029454952784054,0.8118685665111091,0.3468525961262514,0.24611710709864876,0.5988495416259727,0.04487219415600674,0.8894566202200102,0.29638441767164647,0.21841004127781571,0.4790158694238994,0.3112351510209521,0.7885918489655142,0.7209522803502135,0.8973741077589843,0.09731690128619197,0.16904576366821,0.2066360306830437,0.3060294955969626,0.024850282473441565,0.07598178347783469,0.06941478924645839,0.48623465967283963,0.3820139607586619,0.12126698452896834,0.7554969905103773,0.3742820059777745,0.7232801769978486,0.11436009090936905,0.4897586870440984,0.5520128065502039,0.3825533910561386,0.4584884366350688,0.20089479577377056,0.029111377081989076,0.7023273767866423,0.26440822770426375,0.42539700101680866,0.45640806237022546,0.31978771811966766,0.2282831988378572,0.35421715572258894,0.5357403686362894,0.6537386417460073,0.5699643623715202,0.44108475997346874,0.5216077752501134
0.6098498878745144,0.07963572693593568,0.21164039145604263,0.7963730678599495,0.3029454952784054,0.8118685665111091,0.3468525961262514,0.24611710709864876,0.5988495416259727,0.04487219415600674,0.8894566202200102,0.29638441767164647,0.21841004127781571,0.4790158694238994,0.3112351510209521,0.7885918489655142,0.7209522803502135,0.8973741077589843,0.09731690128619197,0.16904576366821,0.2066360306830437,0.3060294955969626,0.024850282473441565,0.07598178347783469,0.06941478924645839,0.48623465967283963,0.3820139607586619,0.12126698452896834,0.7554969905103773,0.3742820059777745,0.7232801769978486,0.11436009090936905,0.4897586870440984,0.5520128065502039,0.3825533910561386,0.4584884366350688,0.20089479577377056,0.029111377081989076,0.7023273767866423,0.26440822770426375,0.42539700101680866,0.45640806237022546,0.31978771811966766,0.2282831988378572,0.35421715572258894,0.5357403686362894,0.6537386417460073,0.5699643623715202,0.44108475997346874,0.5216077752501134
0.6098498878745144,0.07963572693593568,0.21164039145604263,0.7963730678599495,0.3029454952784054,0.8118685665111091,0.3468525961262514,0.24611710709864876,0.5988495416259727,0.04487219415600674,0.8894566202200102,0.29638441767164647,0.21841004127781571,0.4790158694238994,0.3112351510209521,0.7885918489655142,0.7209522803502135,0.8973741077589843,0.09731690128619197,0.16904576366821,0.2066360306830437,0.3060294955969626,0.024850282473441565,0.07598178347783469,0.06941478924645839,0.48623465967283963,0.3820139607586619,0.12126698452896834,0.7554969905103773,0.3742820059777745,0.7232801769978486,0.11436009090936905,0.4897586870440984,0.5520128065502039,0.3825533910561386,0.4584884366350688,0.20089479577377056,0.029111377081989076,0.7023273767866423,0.26440822770426375,0.42539700101680866,0.45640806237022546,0.31978771811966766,0.2282831988378572,0.35421715572258894,0.5357403686362894,0.6537386417460073,0.5699643623715202,0.44108475997346874,0.5216077752501134
0.6098498878745144,0.07963572693593568,0.21164039145604263,0.7963730678599495,0.3029454952784054,0.8118685665111091,0.3468525961262514,0.24611710709864876,0.5988495416259727,0.04487219415600674,0.8894566202200102,0.29638441767164647,0.21841004127781571,0.4790158694238994,0.3112351510209521,0.7885918489655142,0.7209522803502135,0.8973741077589843,0.09731690128619197,0.16904576366821,0.2066360306830437,0.3060294955969626,0.024850282473441565,0.07598178347783469,0.06941478924645839,0.48623465967283963,0.3820139607586619,0.12126698452896834,0.7554969905103773,0.3742820059777745,0.7232801769978486,0.11436009090936905,0.4897586870440984,0.5520128065502039,0.3825533910561386,0.4584884366350688,0.20089479577377056,0.029111377081989076,0.7023273767866423,0.26440822770426375,0.42539700101680866,0.45640806237022546,0.31978771811966766,0.2282831988378572,0.35421715572258894,0.5357403686362894,0.6537386417460073,0.5699643623715202,0.44108475997346874,0.5216077752501134
0.6098498878745144,0.07963572693593568,0.21164039145604263,0.7963730678599495,0.3029454952784054,0.8118685665111091,0.3468525961262514,0.24611710709864876,0.5988495416259727,0.04487219415600674,0.8894566202200102,0.29638441767164647,0.21841004127781571,0.4790158694238994,0.3112351510209521,0.7885918489655142,0.7209522803502135,0.8973741077589843,0.09731690128619197,0.16904576366821,0.2066360306830437,0.3060294955969626,0.024850282473441565,0.07598178347783469,0.06941478924645839,0.48623465967283963,0.3820139607586619,0.12126698452896834,0.7554969905103773,0.3742820059777745,0.7232801769978486,0.11436009090936905,0.4897586870440984,0.5520128065502039,0.3825533910561386,0.4584884366350688,0.20089479577377056,0.029111377081989076,0.7023273767866423,0.26440822770426375,0.42539700101680866,0.45640806237022546,0.31978771811966766,0.2282831988378572,0.35421715572258894,0.5357403686362894,0.6537386417460073,0.5699643623715202,0.44108475997346874,0.5216077752501134
0.6098498878745144,0.07963572693593568,0.21164039145604263,0.7963730678599495,0.3029454952784054,0.8118685665111091,0.3468525961262514,0.24611710709864876,0.5988495416259727,0.04487219415600674,0.8894566202200102,0.29638441767164647,0.21841004127781571,0.4790158694238994,0.3112351510209521,0.7885918489655142,0.7209522803502135,0.8973741077589843,0.09731690128619197,0.16904576366821,0.2066360306830437,0.3060294955969626,0.024850282473441565,0.07598178347783469,0.06941478924645839,0.48623465967283963,0.3820139607586619,0.12126698452896834,0.7554969905103773,0.3742820059777745,0.7232801769978486,0.11436009090936905,0.4897586870440984,0.5520128065502039,0.3825533910561386,0.4584884366350688,0.20089479577377056,0.029111377081989076,0.7023273767866423,0.26440822770426375,0.42539700101680866,0.45640806237022546,0.31978771811966766,0.2282831988378572,0.35421715572258894,0.5357403686362894,0.6537386417460073,0.5699643623715202,0.44108475997346874,0.5216077752501134
0.6098498878745144,0.07963572693593568,0.21164039145604263,0.7963730678599495,0.3029454952784054,0.8118685665111091,0.3468525961262514,0.24611710709864876,0.5988495416259727,0.04487219415600674,0.8894566202200102,0.29638441767164647,0.21841004127781571,0.4790158694238994,0.3112351510209521,0.7885918489655142,0.7209522803502135,0.8973741077589843,0.09731690128619197,0.16904576366821,0.2066360306830437,0.3060294955969626,0.024850282473441565,0.07598178347783469,0.06941478924645839,0.48623465967283963,0.3820139607586619,0.12126698452896834,0.7554969905103773,0.3742820059777745,0.7232801769978486,0.11436009090936905,0.4897586870440984,0.5520128065502039,0.3825533910561386,0.4584884366350688,0.20089479577377056,0.029111377081989076,0.7023273767866423,0.26440822770426375,0.42539700101680866,0.45640806237022546,0.31978771811966766,0.2282831988378572,0.35421715572258894,0.5357403686362894,0.6537386417460073,0.5699643623715202,0.44108475997346874,0.5216077752501134
0.6098498878745144,0.07963572693593568,0.21164039145604263,0.7963730678599495,0.3029454952784054,0.8118685665111091,0.3468525961262514,0.24611710709864876,0.5988495416259727,0.04487219415600674,0.8894566202200102,0.29638441767164647,0.21841004127781571,0.4790158694238994,0.3112351510209521,0.7885918489655142,0.7209522803502135,0.8973741077589843,0.09731690128619197,0.16904576366821,0.2066360306830437,0.3060294955969626,0.024850282473441565,0.07598178347783469,0.06941478924645839,0.48623465967283963,0.3820139607586619,0.12126698452896834,0.7554969905103773,0.3742820059777745,0.7232801769978486,0.11436009090936905,0.4897586870440984,0.5520128065502039,0.3825533910561386,0.4584884366350688,0.20089479577377056,0.029111377081989076,0.7023273767866423,0.26440822770426375,0.42539700101680866,0.45640806237022546,0.31978771811966766,0.2282831988378572,0.35421715572258894,0.5357403686362894,0.6537386417460073,0.5699643623715202,0.44108475997346874,0.5216077752501134
0.6098498878745144,0.07963572693593568,0.21164039145604263,0.7963730678599495,0.3029454952784054,0.8118685665111091,0.3468525961262514,0.24611710709864876,0.5988495416259727,0.04487219415600674,0.8894566202200102,0.29638441767164647,0.21841004127781571,0.4790158694238994,0.3112351510209521,0.7885918489655142,0.7209522803502135,0.8973741077589843,0.09731690128619197,0.16904576366821,0.2066360306830437,0.3060294955969626,0.024850282473441565,0.07598178347783469,0.06941478924645839,0.48623465967283963,0.3820139607586619,0.12126698452896834,0.7554969905103773,0.3742820059777745,0.7232801769978486,0.11436009090936905,0.4897586870440984,0.5520128065502039,0.3825533910561386,0.4584884366350688,0.20089479577377056,0.029111377081989076,0.7023273767866423,0.26440822770426375,0.42539700101680866,0.45640806237022546,0.31978771811966766,0.2282831988378572,0.35421715572258894,0.5357403686362894,0.6537386417460073,0.5699643623715202,0.44108475997346874,0.5216077752501134
0.6098498878745144,0.07963572693593568,0.21164039145604263,0.7963730678599495,0.3029454952784054,0.8118685665111091,0.3468525961262514,0.24611710709864876,0.5988495416259727,0.04487219415600674,0.8894566202200102,0.29638441767164647,0.21841004127781571,0.4790158694238994,0.3112351510209521,0.7885918489655142,0.7209522803502135,0.8973741077589843,0.09731690128619197,0.16904576366821,0.2066360306830437,0.3060294955969626,0.024850282473441565,0.07598178347783469,0.06941478924645839,0.48623465967283963,0.3820139607586619,0.12126698452896834,0.7554969905103773,0.3742820059777745,0.7232801769978486,0.11436009090936905,0.4897586870440984,0.5520128065502039,0.3825533910561386,0.4584884366350688,0.20089479577377056,0.029111377081989076,0.7023273767866423,0.26440822770426375,0.42539700101680866,0.45640806237022546,0.31978771811966766,0.2282831988378572,0.35421715572258894,0.5357403686362894,0.6537386417460073,0.5699643623715202,0.44108475997346874,0.5216077752501134
0.6098498878745144,0.07963572693593568,0.21164039145604263,0.7963730678599495,0.3029454952784054,0.8118685665111091,0.3468525961262514,0.24611710709864876,0.5988495416259727,0.04487219415600674,0.8894566202200102,0.29638441767164647,0.21841004127781571,0.4790158694238994,0.3112351510209521,0.7885918489655142,0.7209522803502135,0.8973741077589843,0.09731690128619197,0.16904576366821,0.2066360306830437,0.3060294955969626,0.024850282473441565,0.07598178347783469,0.06941478924645839,0.48623465967283963,0.3820139607586619,0.12126698452896834,0.7554969905103773,0.3742820059777745,0.7232801769978486,0.11436009090936905,0.4897586870440984,0.5520128065502039,0.3825533910561386,0.4584884366350688,0.20089479577377056,0.029111377081989076,0.7023273767866423,0.26440822770426375,0.42539700101680866,0.45640806237022546,0.31978771811966766,0.2282831988378572,0.35421715572258894,0.5357403686362894,0.6537386417460073,0.5699643623715202,0.44108475997346874,0.5216077752501134
0.5928961766421706,0.07963572693593568,0.21164039145604263,0.4093603817183469,0.3029454952784054,0.8118685665111091,0.31684864585106276,0.24611710709864876,0.2615514201394984,0.1746610307890033,0.8894566202200102,0.29638441767164647,0.04746937561593745,0.4790158694238994,0.3112351510209521,0.7885918489655142,0.14798751436974644,0.8973741077589843,0.3648552970823815,0.16904576366821,0.2066360306830437,0.3060294955969626,0.9855152105049289,0.07598178347783469,0.06941478924645839,0.4584161527041468,0.42675077929226823,0.27257844488284766,0.412357960708737,0.44038489367796463,0.24307101936140452,0.11436009090936905,0.4897586870440984,0.1825643376356576,0.1080223714870664,0.5597455904852455,0.20089479577377056,0.06737004335298125,0.7023273767866423,0.26440822770426375,0.42539700101680866,0.3228621348229661,0.5063373183643817,0.2282831988378572,0.35421715572258894,0.3163303440976766,0.8616444376383063,0.605351056497336,0.33502178154810147,0.2989291090934896
0.5928961766421706,0.07963572693593568,0.21164039145604263,0.4093603817183469,0.3029454952784054,0.8118685665111091,0.31684864585106276,0.24611710709864876,0.2615514201394984,0.1746610307890033,0.8894566202200102,0.29638441767164647,0.04746937561593745,0.4790158694238994,0.3112351510209521,0.7885918489655142,0.14798751436974644,0.8973741077589843,0.3648552970823815,0.16904576366821,0.2066360306830437,0.3060294955969626,0.9855152105049289,0.07598178347783469,0.06941478924645839,0.4584161527041468,0.42675077929226823,0.27257844488284766,0.412357960708737,0.44038489367796463,0.24307101936140452,0.11436009090936905,0.4897586870440984,0.1825643376356576,0.1080223714870664,0.5597455904852455,0.20089479577377056,0.06737004335298125,0.7023273767866423,0.26440822770426375,0.42539700101680866,0.3228621348229661,0.5063373183643817,0.2282831988378572,0.35421715572258894,0.3163303440976766,0.8616444376383063,0.605351056497336,0.33502178154810147,0.2989291090934896
0.5928961766421706,0.07963572693593568,0.21164039145604263,0.4093603817183469,0.3029454952784054,0.8118685665111091,0.31684864585106276,0.24611710709864876,0.2615514201394984,0.1746610307890033,0.8894566202200102,0.29638441767164647,0.04746937561593745,0.4790158694238994,0.3112351510209521,0.7885918489655142,0.14798751436974644,0.8973741077589843,0.3648552970823815,0.16904576366821,0.2066360306830437,0.3060294955969626,0.9855152105049289,0.07598178347783469,0.06941478924645839,0.4584161527041468,0.42675077929226823,0.27257844488284766,0.412357960708737,0.44038489367796463,0.24307101936140452,0.11436009090936905,0.4897586870440984,0.1825643376356576,0.1080223714870664,0.5597455904852455,0.20089479577377056,0.06737004335298125,0.7023273767866423,0.26440822770426375,0.42539700101680866,0.3228621348229661,0.5063373183643817,0.2282831988378572,0.35421715572258894,0.3163303440976766,0.8616444376383063,0.605351056497336,0.33502178154810147,0.2989291090934896
0.5928961766421706,0.07963572693593568,0.21164039145604263,0.4093603817183469,0.3029454952784054,0.8118685665111091,0.31684864585106276,0.24611710709864876,0.2615514201394984,0.1746610307890033,0.8894566202200102,0.29638441767164647,0.04746937561593745,0.4790158694238994,0.3112351510209521,0.7885918489655142,0.14798751436974644,0.8973741077589843,0.3648552970823815,0.16904576366821,0.2066360306830437,0.3060294955969626,0.9855152105049289,0.07598178347783469,0.06941478924645839,0.4584161527041468,0.42675077929226823,0.27257844488284766,0.412357960708737,0.44038489367796463,0.24307101936140452,0.11436009090936905,0.4897586870440984,0.1825643376356576,0.1080223714870664,0.5597455904852455,0.20089479577377056,0.06737004335298125,0.7023273767866423,0.26440822770426375,0.42539700101680866,0.3228621348229661,0.5063373183643817,0.2282831988378572,0.35421715572258894,0.3163303440976766,0.8616444376383063,0.605351056497336,0.33502178154810147,0.2989291090934896
0.5928961766421706,0.07963572693593568,0.21164039145604263,0.4093603817183469,0.3029454952784054,0.8118685665111091,0.31684864585106276,0.24611710709864876,0.2615514201394984,0.1746610307890033,0.8894566202200102,0.29638441767164647,0.04746937561593745,0.4790158694238994,0.3112351510209521,0.7885918489655142,0.14798751436974644,0.8973741077589843,0.3648552970823815,0.16904576366821,0.2066360306830437,0.3060294955969626,0.9855152105049289,0.07598178347783469,0.06941478924645839,0.4584161527041468,0.42675077929226823,0.27257844488284766,0.412357960708737,0.44038489367796463,0.24307101936140452,0.11436009090936905,0.4897586870440984,0.1825643376356576,0.1080223714870664,0.5597455904852455,0.20089479577377056,0.06737004335298125,0.7023273767866423,0.26440822770426375,0.42539700101680866,0.3228621348229661,0.5063373183643817,0.2282831988378572,0.35421715572258894,0.3163303440976766,0.8616444376383063,0.605351056497336,0.33502178154810147,0.2989291090934896
0.5928961766421706,0.07963572693593568,0.21164039145604263,0.4093603817183469,0.3029454952784054,0.8118685665111091,0.31684864585106276,0.24611710709864876,0.2615514201394984,0.1746610307890033,0.8894566202200102,0.29638441767164647,0.04746937561593745,0.4790158694238994,0.3112351510209521,0.7885918489655142,0.14798751436974644,0.8973741077589843,0.3648552970823815,0.16904576366821,0.2066360306830437,0.3060294955969626,0.9855152105049289,0.07598178347783469,0.06941478924645839,0.4584161527041468,0.42675077929226823,0.27257844488284766,0.412357960708737,0.44038489367796463,0.24307101936140452,0.11436009090936905,0.4897586870440984,0.1825643376356576,0.1080223714870664,0.5597455904852455,0.20089479577377056,0.06737004335298125,0.7023273767866423,0.26440822770426375,0.42539700101680866,0.3228621348229661,0.5063373183643817,0.2282831988378572,0.35421715572258894,0.3163303440976766,0.8616444376383063,0.605351056497336,0.33502178154810147,0.2989291090934896
0.5928961766421706,0.07963572693593568,0.21164039145604263,0.4093603817183469,0.3029454952784054,0.8118685665111091,0.31684864585106276,0.24611710709864876,0.2615514201394984,0.1746610307890033,0.8894566202200102,0.29638441767164647,0.04746937561593745,0.4790158694238994,0.3112351510209521,0.7885918489655142,0.14798751436974644,0.8973741077589843,0.3648552970823815,0.16904576366821,0.2066360306830437,0.3060294955969626,0.9855152105049289,0.07598178347783469,0.06941478924645839,0.4584161527041468,0.42675077929226823,0.27257844488284766,0.412357960708737,0.44038489367796463,0.24307101936140452,0.11436009090936905,0.4897586870440984,0.1825643376356576,0.1080223714870664,0.5597455904852455,0.20089479577377056,0.06737004335298125,0.7023273767866423,0.26440822770426375,0.42539700101680866,0.3228621348229661,0.5063373183643817,0.2282831988378572,0.35421715572258894,0.3163303440976766,0.8616444376383063,0.605351056497336,0.33502178154810147,0.2989291090934896
0.5928961766421706,0.07963572693593568,0.21164039145604263,0.4093603817183469,0.3029454952784054,0.8118685665111091,0.31684864585106276,0.24611710709864876,0.2615514201394984,0.1746610307890033,0.8894566202200102,0.29638441767164647,0.04746937561593745,0.4790158694238994,0.3112351510209521,0.7885918489655142,0.14798751436974644,0.8973741077589843,0.3648552970823815,0.16904576366821,0.2066360306830437,0.3060294955969626,0.9855152105049289,0.07598178347783469,0.06941478924645839,0.4584161527041468,0.42675077929226823,0.27257844488284766,0.412357960708737,0.44038489367796463,0.24307101936140452,0.11436009090936905,0.4897586870440984,0.1825643376356576,0.1080223714870664,0.5597455904852455,0.20089479577377056,0.06737004335298125,0.7023273767866423,0.26440822770426375,0.42539700101680866,0.3228621348229661,0.5063373183643817,0.2282831988378572,0.35421715572258894,0.3163303440976766,0.8616444376383063,0.605351056497336,0.33502178154810147,0.2989291090934896
0.5928961766421706,0.07963572693593568,0.21164039145604263,0.4093603817183469,0.3029454952784054,0.8118685665111091,0.31684864585106276,0.24611710709864876,0.2615514201394984,0.1746610307890033,0.8894566202200102,0.29638441767164647,0.04746937561593745,0.4790158694238994,0.3112351510209521,0.7885918489655142,0.14798751436974644,0.8973741077589843,0.3648552970823815,0.16904576366821,0.2066360306830437,0.3060294955969626,0.9855152105049289,0.07598178347783469,0.06941478924645839,0.4584161527041468,0.42675077929226823,0.27257844488284766,0.412357960708737,0.44038489367796463,0.24307101936140452,0.11436009090936905,0.4897586870440984,0.1825643376356576,0.1080223714870664,0.5597455904852455,0.20089479577377056,0.06737004335298125,0.7023273767866423,0.26440822770426375,0.42539700101680866,0.3228621348229661,0.5063373183643817,0.2282831988378572,0.35421715572258894,0.3163303440976766,0.8616444376383063,0.605351056497336,0.33502178154810147,0.2989291090934896
0.5928961766421706,0.07963572693593568,0.21164039145604263,0.4093603817183469,0.3029454952784054,0.8118685665111091,0.31684864585106276,0.24611710709864876,0.2615514201394984,0.1746610307890033,0.8894566202200102,0.29638441767164647,0.04746937561593745,0.4790158694238994,0.3112351510209521,0.7885918489655142,0.14798751436974644,0.8973741077589843,0.3648552970823815,0.16904576366821,0.2066360306830437,0.3060294955969626,0.9855152105049289,0.07598178347783469,0.06941478924645839,0.4584161527041468,0.42675077929226823,0.27257844488284766,0.412357960708737,0.44038489367796463,0.24307101936140452,0.11436009090936905,0.4897586870440984,0.1825643376356576,0.1080223714870664,0.5597455904852455,0.20089479577377056,0.06737004335298125,0.7023273767866423,0.26440822770426375,0.42539700101680866,0.3228621348229661,0.5063373183643817,0.2282831988378572,0.35421715572258894,0.3163303440976766,0.8616444376383063,0.605351056497336,0.33502178154810147,0.2989291090934896
0.5928961766421706,0.07963572693593568,0.21164039145604263,0.4093603817183469,0.3029454952784054,0.8118685665111091,0.31684864585106276,0.24611710709864876,0.2615514201394984,0.1746610307890033,0.8894566202200102,0.29638441767164647,0.04746937561593745,0.4790158694238994,0.3112351510209521,0.7885918489655142,0.14798751436974644,0.8973741077589843,0.3648552970823815,0.16904576366821,0.2066360306830437,0.3060294955969626,0.9855152105049289,0.07598178347783469,0.06941478924645839,0.4584161527041468,0.42675077929226823,0.27257844488284766,0.412357960708737,0.44038489367796463,0.24307101936140452,0.11436009090936905,0.4897586870440984,0.1825643376356576,0.1080223714870664,0.5597455904852455,0.20089479577377056,0.06737004335298125,0.7023273767866423,0.26440822770426375,0.42539700101680866,0.3228621348229661,0.5063373183643817,0.2282831988378572,0.35421715572258894,0.3163303440976766,0.8616444376383063,0.605351056497336,0.33502178154810147,0.2989291090934896
0.5928961766421706,0.07963572693593568,0.21164039145604263,0.4093603817183469,0.3029454952784054,0.8118685665111091,0.31684864585106276,0.24611710709864876,0.2615514201394984,0.1746610307890033,0.8894566202200102,0.29638441767164647,0.04746937561593745,0.4790158694238994,0.3112351510209521,0.7885918489655142,0.14798751436974644,0.8973741077589843,0.3648552970823815,0.16904576366821,0.2066360306830437,0.3060294955969626,0.9855152105049289,0.07598178347783469,0.06941478924645839,0.4584161527041468,0.42675077929226823,0.27257844488284766,0.412357960708737,0.44038489367796463,0.24307101936140452,0.11436009090936905,0.4897586870440984,0.1825643376356576,0.1080223714870664,0.5597455904852455,0.20089479577377056,0.06737004335298125,0.7023273767866423,0.26440822770426375,0.42539700101680866,0.3228621348229661,0.5063373183643817,0.2282831988378572,0.35421715572258894,0.3163303440976766,0.8616444376383063,0.605351056497336,0.33502178154810147,0.2989291090934896
0.5928961766421706,0.07963572693593568,0.21164039145604263,0.4093603817183469,0.3029454952784054,0.8118685665111091,0.31684864585106276,0.24611710709864876,0.2615514201394984,0.1746610307890033,0.8894566202200102,0.29638441767164647,0.04746937561593745,0.4790158694238994,0.3112351510209521,0.7885918489655142,0.14798751436974644,0.8973741077589843,0.3648552970823815,0.16904576366821,0.2066360306830437,0.3060294955969626,0.9855152105049289,0.07598178347783469,0.06941478924645839,0.4584161527041468,0.42675077929226823,0.27257844488284766,0.412357960708737,0.44038489367796463,0.24307101936140452,0.11436009090936905,0.4897586870440984,0.1825643376356576,0.1080223714870664,0.5597455904852455,0.20089479577377056,0.06737004335298125,0.7023273767866423,0.26440822770426375,0.42539700101680866,0.3228621348229661,0.5063373183643817,0.2282831988378572,0.35421715572258894,0.3163303440976766,0.8616444376383063,0.605351056497336,0.33502178154810147,0.2989291090934896
0.5928961766421706,0.07963572693593568,0.21164039145604263,0.4093603817183469,0.3029454952784054,0.8118685665111091,0.31684864585106276,0.24611710709864876,0.2615514201394984,0.1746610307890033,0.8894566202200102,0.29638441767164647,0.04746937561593745,0.4790158694238994,0.3112351510209521,0.7885918489655142,0.14798751436974644,0.8973741077589843,0.3648552970823815,0.16904576366821,0.2066360306830437,0.3060294955969626,0.9855152105049289,0.07598178347783469,0.06941478924645839,0.4584161527041468,0.42675077929226823,0.27257844488284766,0.412357960708737,0.44038489367796463,0.24307101936140452,0.11436009090936905,0.4897586870440984,0.1825643376356576,0.1080223714870664,0.5597455904852455,0.20089479577377056,0.06737004335298125,0.7023273767866423,0.26440822770426375,0.42539700101680866,0.3228621348229661,0.5063373183643817,0.2282831988378572,0.35421715572258894,0.3163303440976766,0.8616444376383063,0.605351056497336,0.33502178154810147,0.2989291090934896
0.5928961766421706,0.07963572693593568,0.21164039145604263,0.4093603817183469,0.3029454952784054,0.8118685665111091,0.31684864585106276,0.24611710709864876,0.2615514201394984,0.1746610307890033,0.8894566202200102,0.29638441767164647,0.04746937561593745,0.4790158694238994,0.3112351510209521,0.7885918489655142,0.14798751436974644,0.8973741077589843,0.3648552970823815,0.16904576366821,0.2066360306830437,0.3060294955969626,0.9855152105049289,0.07598178347783469,0.06941478924645839,0.4584161527041468,0.42675077929226823,0.27257844488284766,0.412357960708737,0.44038489367796463,0.24307101936140452,0.11436009090936905,0.4897586870440984,0.1825643376356576,0.1080223714870664,0.5597455904852455,0.20089479577377056,0.06737004335298125,0.7023273767866423,0.26440822770426375,0.42539700101680866,0.3228621348229661,0.5063373183643817,0.2282831988378572,0.35421715572258894,0.3163303440976766,0.8616444376383063,0.605351056497336,0.33502178154810147,0.2989291090934896
0.5928961766421706,0.07963572693593568,0.21164039145604263,0.4093603817183469,0.3029454952784054,0.8118685665111091,0.31684864585106276,0.24611710709864876,0.2615514201394984,0.1746610307890033,0.8894566202200102,0.29638441767164647,0.04746937561593745,0.4790158694238994,0.3112351510209521,0.7885918489655142,0.14798751436974644,0.8973741077589843,0.3648552970823815,0.16904576366821,0.2066360306830437,0.3060294955969626,0.9855152105049289,0.07598178347783469,0.06941478924645839,0.4584161527041468,0.42675077929226823,0.27257844488284766,0.412357960708737,0.44038489367796463,0.24307101936140452,0.11436009090936905,0.4897586870440984,0.1825643376356576,0.1080223714870664,0.5597455904852455,0.20089479577377056,0.06737004335298125,0.7023273767866423,0.26440822770426375,0.42539700101680866,0.3228621348229661,0.5063373183643817,0.2282831988378572,0.35421715572258894,0.3163303440976766,0.8616444376383063,0.605351056497336,0.33502178154810147,0.2989291090934896
0.5928961766421706,0.07963572693593568,0.21164039145604263,0.4093603817183469,0.3029454952784054,0.8118685665111091,0.31684864585106276,0.24611710709864876,0.2615514201394984,0.1746610307890033,0.8894566202200102,0.29638441767164647,0.04746937561593745,0.4790158694238994,0.3112351510209521,0.7885918489655142,0.14798751436974644,0.8973741077589843,0.3648552970823815,0.16904576366821,0.2066360306830437,0.3060294955969626,0.9855152105049289,0.07598178347783469,0.06941478924645839,0.4584161527041468,0.42675077929226823,0.27257844488284766,0.412357960708737,0.44038489367796463,0.24307101936140452,0.11436009090936905,0.4897586870440984,0.1825643376356576,0.1080223714870664,0.5597455904852455,0.20089479577377056,0.06737004335298125,0.7023273767866423,0.26440822770426375,0.42539700101680866,0.3228621348229661,0.5063373183643817,0.2282831988378572,0.35421715572258894,0.3163303440976766,0.8616444376383063,0.605351056497336,0.33502178154810147,0.2989291090934896
0.5928961766421706,0.07963572693593568,0.21164039145604263,0.4093603817183469,0.3029454952784054,0.8118685665111091,0.31684864585106276,0.24611710709864876,0.2615514201394984,0.1746610307890033,0.8894566202200102,0.29638441767164647,0.04746937561593745,0.4790158694238994,0.3112351510209521,0.7885918489655142,0.14798751436974644,0.8973741077589843,0.3648552970823815,0.16904576366821,0.2066360306830437,0.3060294955969626,0.9855152105049289,0.07598178347783469,0.06941478924645839,0.4584161527041468,0.42675077929226823,0.27257844488284766,0.412357960708737,0.44038489367796463,0.24307101936140452,0.11436009090936905,0.4897586870440984,0.1825643376356576,0.1080223714870664,0.5597455904852455,0.20089479577377056,0.06737004335298125,0.7023273767866423,0.26440822770426375,0.42539700101680866,0.3228621348229661,0.5063373183643817,0.2282831988378572,0.35421715572258894,0.3163303440976766,0.8616444376383063,0.605351056497336,0.33502178154810147,0.2989291090934896
0.5928961766421706,0.07963572693593568,0.21164039145604263,0.4093603817183469,0.3029454952784054,0.8118685665111091,0.31684864585106276,0.24611710709864876,0.2615514201394984,0.1746610307890033,0.8894566202200102,0.29638441767164647,0.04746937561593745,0.4790158694238994,0.3112351510209521,0.7885918489655142,0.14798751436974644,0.8973741077589843,0.3648552970823815,0.16904576366821,0.2066360306830437,0.3060294955969626,0.9855152105049289,0.07598178347783469,0.06941478924645839,0.4584161527041468,0.42675077929226823,0.27257844488284766,0.412357960708737,0.44038489367796463,0.24307101936140452,0.11436009090936905,0.4897586870440984,0.1825643376356576,0.1080223714870664,0.5597455904852455,0.20089479577377056,0.06737004335298125,0.7023273767866423,0.26440822770426375,0.42539700101680866,0.3228621348229661,0.5063373183643817,0.2282831988378572,0.35421715572258894,0.3163303440976766,0.8616444376383063,0.605351056497336,0.33502178154810147,0.2989291090934896
0.5928961766421706,0.07963572693593568,0.21164039145604263,0.4093603817183469,0.3029454952784054,0.8118685665111091,0.31684864585106276,0.24611710709864876,0.2615514201394984,0.1746610307890033,0.8894566202200102,0.29638441767164647,0.04746937561593745,0.4790158694238994,0.3112351510209521,0.7885918489655142,0.14798751436974644,0.8973741077589843,0.3648552970823815,0.16904576366821,0.2066360306830437,0.3060294955969626,0.9855152105049289,0.07598178347783469,0.06941478924645839,0.4584161527041468,0.42675077929226823,0.27257844488284766,0.412357960708737,0.44038489367796463,0.24307101936140452,0.11436009090936905,0.4897586870440984,0.1825643376356576,0.1080223714870664,0.5597455904852455,0.20089479577377056,0.06737004335298125,0.7023273767866423,0.26440822770426375,0.42539700101680866,0.3228621348229661,0.5063373183643817,0.2282831988378572,0.35421715572258894,0.3163303440976766,0.8616444376383063,0.605351056497336,0.33502178154810147,0.2989291090934896
0.5928961766421706,0.07963572693593568,0.21164039145604263,0.4093603817183469,0.3029454952784054,0.8118685665111091,0.31684864585106276,0.24611710709864876,0.2615514201394984,0.1746610307890033,0.8894566202200102,0.29638441767164647,0.04746937561593745,0.4790158694238994,0.3112351510209521,0.7885918489655142,0.14798751436974644,0.8973741077589843,0.3648552970823815,0.16904576366821,0.2066360306830437,0.3060294955969626,0.9855152105049289,0.07598178347783469,0.06941478924645839,0.4584161527041468,0.42675077929226823,0.27257844488284766,0.412357960708737,0.44038489367796463,0.24307101936140452,0.11436009090936905,0.4897586870440984,0.1825643376356576,0.1080223714870664,0.5597455904852455,0.20089479577377056,0.06737004335298125,0.7023273767866423,0.26440822770426375,0.42539700101680866,0.3228621348229661,0.5063373183643817,0.2282831988378572,0.35421715572258894,0.3163303440976766,0.8616444376383063,0.605351056497336,0.33502178154810147,0.2989291090934896
0.5928961766421706,0.07963572693593568,0.21164039145604263,0.4093603817183469,0.3029454952784054,0.8118685665111091,0.31684864585106276,0.24611710709864876,0.2615514201394984,0.1746610307890033,0.8894566202200102,0.29638441767164647,0.04746937561593745,0.4790158694238994,0.3112351510209521,0.7885918489655142,0.14798751436974644,0.8973741077589843,0.3648552970823815,0.16904576366821,0.2066360306830437,0.3060294955969626,0.9855152105049289,0.07598178347783469,0.06941478924645839,0.4584161527041468,0.42675077929226823,0.27257844488284766,0.412357960708737,0.44038489367796463,0.24307101936140452,0.11436009090936905,0.4897586870440984,0.1825643376356576,0.1080223714870664,0.5597455904852455,0.20089479577377056,0.06737004335298125,0.7023273767866423,0.26440822770426375,0.42539700101680866,0.3228621348229661,0.5063373183643817,0.2282831988378572,0.35421715572258894,0.3163303440976766,0.8616444376383063,0.605351056497336,0.33502178154810147,0.2989291090934896
0.5928961766421706,0.07963572693593568,0.21164039145604263,0.4093603817183469,0.3029454952784054,0.8118685665111091,0.31684864585106276,0.24611710709864876,0.2615514201394984,0.1746610307890033,0.8894566202200102,0.29638441767164647,0.04746937561593745,0.4790158694238994,0.3112351510209521,0.7885918489655142,0.14798751436974644,0.8973741077589843,0.3648552970823815,0.16904576366821,0.2066360306830437,0.3060294955969626,0.9855152105049289,0.07598178347783469,0.06941478924645839,0.4584161527041468,0.42675077929226823,0.27257844488284766,0.412357960708737,0.44038489367796463,0.24307101936140452,0.11436009090936905,0.4897586870440984,0.1825643376356576,0.1080223714870664,0.5597455904852455,0.20089479577377056,0.06737004335298125,0.7023273767866423,0.26440822770426375,0.42539700101680866,0.3228621348229661,0.5063373183643817,0.2282831988378572,0.35421715572258894,0.3163303440976766,0.8616444376383063,0.605351056497336,0.33502178154810147,0.2989291090934896
0.5928961766421706,0.07963572693593568,0.21164039145604263,0.4093603817183469,0.3029454952784054,0.8118685665111091,0.31684864585106276,0.24611710709864876,0.2615514201394984,0.1746610307890033,0.8894566202200102,0.29638441767164647,0.04746937561593745,0.4790158694238994,0.3112351510209521,0.7885918489655142,0.14798751436974644,0.8973741077589843,0.3648552970823815,0.16904576366821,0.2066360306830437,0.3060294955969626,0.9855152105049289,0.07598178347783469,0.06941478924645839,0.4584161527041468,0.42675077929226823,0.27257844488284766,0.412357960708737,0.44038489367796463,0.24307101936140452,0.11436009090936905,0.4897586870440984,0.1825643376356576,0.1080223714870664,0.5597455904852455,0.20089479577377056,0.06737004335298125,0.7023273767866423,0.26440822770426375,0.42539700101680866,0.3228621348229661,0.5063373183643817,0.2282831988378572,0.35421715572258894,0.3163303440976766,0.8616444376383063,0.605351056497336,0.33502178154810147,0.2989291090934896
0.5928961766421706,0.07963572693593568,0.21164039145604263,0.4093603817183469,0.3029454952784054,0.8118685665111091,0.31684864585106276,0.24611710709864876,0.2615514201394984,0.1746610307890033,0.8894566202200102,0.29638441767164647,0.04746937561593745,0.4790158694238994,0.3112351510209521,0.7885918489655142,0.14798751436974644,0.8973741077589843,0.3648552970823815,0.16904576366821,0.2066360306830437,0.3060294955969626,0.9855152105049289,0.07598178347783469,0.06941478924645839,0.4584161527041468,0.42675077929226823,0.27257844488284766,0.412357960708737,0.44038489367796463,0.24307101936140452,0.11436009090936905,0.4897586870440984,0.1825643376356576,0.1080223714870664,0.5597455904852455,0.20089479577377056,0.06737004335298125,0.7023273767866423,0.26440822770426375,0.42539700101680866,0.3228621348229661,0.5063373183643817,0.2282831988378572,0.35421715572258894,0.3163303440976766,0.8616444376383063,0.605351056497336,0.33502178154810147,0.2989291090934896
0.5928961766421706,0.07963572693593568,0.21164039145604263,0.4093603817183469,0.3029454952784054,0.8118685665111091,0.31684864585106276,0.24611710709864876,0.2615514201394984,0.1746610307890033,0.8894566202200102,0.29638441767164647,0.04746937561593745,0.4790158694238994,0.3112351510209521,0.7885918489655142,0.14798751436974644,0.8973741077589843,0.3648552970823815,0.16904576366821,0.2066360306830437,0.3060294955969626,0.9855152105049289,0.07598178347783469,0.06941478924645839,0.4584161527041468,0.42675077929226823,0.27257844488284766,0.412357960708737,0.44038489367796463,0.24307101936140452,0.11436009090936905,0.4897586870440984,0.1825643376356576,0.1080223714870664,0.5597455904852455,0.20089479577377056,0.06737004335298125,0.7023273767866423,0.26440822770426375,0.42539700101680866,0.3228621348229661,0.5063373183643817,0.2282831988378572,0.35421715572258894,0.3163303440976766,0.8616444376383063,0.605351056497336,0.33502178154810147,0.2989291090934896
0.5928961766421706,0.07963572693593568,0.21164039145604263,0.4093603817183469,0.3029454952784054,0.8118685665111091,0.31684864585106276,0.24611710709864876,0.2615514201394984,0.1746610307890033,0.8894566202200102,0.29638441767164647,0.04746937561593745,0.4790158694238994,0.3112351510209521,0.7885918489655142,0.14798751436974644,0.8973741077589843,0.3648552970823815,0.16904576366821,0.2066360306830437,0.3060294955969626,0.9855152105049289,0.07598178347783469,0.06941478924645839,0.4584161527041468,0.42675077929226823,0.27257844488284766,0.412357960708737,0.44038489367796463,0.24307101936140452,0.11436009090936905,0.4897586870440984,0.1825643376356576,0.1080223714870664,0.5597455904852455,0.20089479577377056,0.06737004335298125,0.7023273767866423,0.26440822770426375,0.42539700101680866,0.3228621348229661,0.5063373183643817,0.2282831988378572,0.35421715572258894,0.3163303440976766,0.8616444376383063,0.605351056497336,0.33502178154810147,0.2989291090934896
0.5928961766421706,0.07963572693593568,0.21164039145604263,0.4093603817183469,0.3029454952784054,0.8118685665111091,0.31684864585106276,0.24611710709864876,0.2615514201394984,0.1746610307890033,0.8894566202200102,0.29638441767164647,0.04746937561593745,0.4790158694238994,0.3112351510209521,0.7885918489655142,0.14798751436974644,0.8973741077589843,0.3648552970823815,0.16904576366821,0.2066360306830437,0.3060294955969626,0.9855152105049289,0.07598178347783469,0.06941478924645839,0.4584161527041468,0.42675077929226823,0.27257844488284766,0.412357960708737,0.44038489367796463,0.24307101936140452,0.11436009090936905,0.4897586870440984,0.1825643376356576,0.1080223714870664,0.5597455904852455,0.20089479577377056,0.06737004335298125,0.7023273767866423,0.26440822770426375,0.42539700101680866,0.3228621348229661,0.5063373183643817,0.2282831988378572,0.35421715572258894,0.3163303440976766,0.8616444376383063,0.605351056497336,0.33502178154810147,0.2989291090934896
0.5928961766421706,0.07963572693593568,0.21164039145604263,0.4093603817183469,0.3029454952784054,0.8118685665111091,0.31684864585106276,0.24611710709864876,0.2615514201394984,0.1746610307890033,0.8894566202200102,0.29638441767164647,0.04746937561593745,0.4790158694238994,0.3112351510209521,0.7885918489655142,0.14798751436974644,0.8973741077589843,0.3648552970823815,0.16904576366821,0.2066360306830437,0.3060294955969626,0.9855152105049289,0.07598178347783469,0.06941478924645839,0.4584161527041468,0.42675077929226823,0.27257844488284766,0.412357960708737,0.44038489367796463,0.24307101936140452,0.11436009090936905,0.4897586870440984,0.1825643376356576,0.1080223714870664,0.5597455904852455,0.20089479577377056,0.06737004335298125,0.7023273767866423,0.26440822770426375,0.42539700101680866,0.3228621348229661,0.5063373183643817,0.2282831988378572,0.35421715572258894,0.3163303440976766,0.8616444376383063,0.605351056497336,0.33502178154810147,0.2989291090934896
0.5928961766421706,0.07963572693593568,0.21164039145604263,0.4093603817183469,0.3029454952784054,0.8118685665111091,0.31684864585106276,0.24611710709864876,0.2615514201394984,0.1746610307890033,0.8894566202200102,0.29638441767164647,0.04746937561593745,0.4790158694238994,0.3112351510209521,0.7885918489655142,0.14798751436974644,0.8973741077589843,0.3648552970823815,0.16904576366821,0.2066360306830437,0.3060294955969626,0.9855152105049289,0.07598178347783469,0.06941478924645839,0.4584161527041468,0.42675077929226823,0.27257844488284766,0.412357960708737,0.44038489367796463,0.24307101936140452,0.11436009090936905,0.4897586870440984,0.1825643376356576,0.1080223714870664,0.5597455904852455,0.20089479577377056,0.06737004335298125,0.7023273767866423,0.26440822770426375,0.42539700101680866,0.3228621348229661,0.5063373183643817,0.2282831988378572,0.35421715572258894,0.3163303440976766,0.8616444376383063,0.605351056497336,0.33502178154810147,0.2989291090934896
0.5928961766421706,0.07963572693593568,0.21164039145604263,0.4093603817183469,0.3029454952784054,0.8118685665111091,0.31684864585106276,0.24611710709864876,0.2615514201394984,0.1746610307890033,0.8894566202200102,0.29638441767164647,0.04746937561593745,0.4790158694238994,0.3112351510209521,0.7885918489655142,0.14798751436974644,0.8973741077589843,0.3648552970823815,0.16904576366821,0.2066360306830437,0.3060294955969626,0.9855152105049289,0.07598178347783469,0.06941478924645839,0.4584161527041468,0.42675077929226823,0.27257844488284766,0.412357960708737,0.44038489367796463,0.24307101936140452,0.11436009090936905,0.4897586870440984,0.1825643376356576,0.1080223714870664,0.5597455904852455,0.20089479577377056,0.06737004335298125,0.7023273767866423,0.26440822770426375,0.42539700101680866,0.3228621348229661,0.5063373183643817,0.2282831988378572,0.35421715572258894,0.3163303440976766,0.8616444376383063,0.605351056497336,0.33502178154810147,0.2989291090934896
0.5928961766421706,0.07963572693593568,0.21164039145604263,0.4093603817183469,0.3029454952784054,0.8118685665111091,0.31684864585106276,0.24611710709864876,0.2615514201394984,0.1746610307890033,0.8894566202200102,0.29638441767164647,0.04746937561593745,0.4790158694238994,0.3112351510209521,0.7885918489655142,0.14798751436974644,0.8973741077589843,0.3648552970823815,0.16904576366821,0.2066360306830437,0.3060294955969626,0.9855152105049289,0.07598178347783469,0.06941478924645839,0.4584161527041468,0.42675077929226823,0.27257844488284766,0.412357960708737,0.44038489367796463,0.24307101936140452,0.11436009090936905,0.4897586870440984,0.1825643376356576,0.1080223714870664,0.5597455904852455,0.20089479577377056,0.06737004335298125,0.7023273767866423,0.26440822770426375,0.42539700101680866,0.3228621348229661,0.5063373183643817,0.2282831988378572,0.35421715572258894,0.3163303440976766,0.8616444376383063,0.605351056497336,0.33502178154810147,0.2989291090934896
0.5928961766421706,0.07963572693593568,0.21164039145604263,0.4093603817183469,0.3029454952784054,0.8118685665111091,0.31684864585106276,0.24611710709864876,0.2615514201394984,0.1746610307890033,0.8894566202200102,0.29638441767164647,0.04746937561593745,0.4790158694238994,0.3112351510209521,0.7885918489655142,0.14798751436974644,0.8973741077589843,0.3648552970823815,0.16904576366821,0.2066360306830437,0.3060294955969626,0.9855152105049289,0.07598178347783469,0.06941478924645839,0.4584161527041468,0.42675077929226823,0.27257844488284766,0.412357960708737,0.44038489367796463,0.24307101936140452,0.11436009090936905,0.4897586870440984,0.1825643376356576,0.1080223714870664,0.5597455904852455,0.20089479577377056,0.06737004335298125,0.7023273767866423,0.26440822770426375,0.42539700101680866,0.3228621348229661,0.5063373183643817,0.2282831988378572,0.35421715572258894,0.3163303440976766,0.8616444376383063,0.605351056497336,0.33502178154810147,0.2989291090934896
0.5928961766421706,0.07963572693593568,0.21164039145604263,0.4093603817183469,0.3029454952784054,0.8118685665111091,0.31684864585106276,0.24611710709864876,0.2615514201394984,0.1746610307890033,0.8894566202200102,0.29638441767164647,0.04746937561593745,0.4790158694238994,0.3112351510209521,0.7885918489655142,0.14798751436974644,0.8973741077589843,0.3648552970823815,0.16904576366821,0.2066360306830437,0.3060294955969626,0.9855152105049289,0.07598178347783469,0.06941478924645839,0.4584161527041468,0.42675077929226823,0.27257844488284766,0.412357960708737,0.44038489367796463,0.24307101936140452,0.11436009090936905,0.4897586870440984,0.1825643376356576,0.1080223714870664,0.5597455904852455,0.20089479577377056,0.06737004335298125,0.7023273767866423,0.26440822770426375,0.42539700101680866,0.3228621348229661,0.5063373183643817,0.2282831988378572,0.35421715572258894,0.3163303440976766,0.8616444376383063,0.605351056497336,0.33502178154810147,0.2989291090934896
0.5928961766421706,0.07963572693593568,0.21164039145604263,0.4093603817183469,0.3029454952784054,0.8118685665111091,0.31684864585106276,0.24611710709864876,0.2615514201394984,0.1746610307890033,0.8894566202200102,0.29638441767164647,0.04746937561593745,0.4790158694238994,0.3112351510209521,0.7885918489655142,0.14798751436974644,0.8973741077589843,0.3648552970823815,0.16904576366821,0.2066360306830437,0.3060294955969626,0.9855152105049289,0.07598178347783469,0.06941478924645839,0.4584161527041468,0.42675077929226823,0.27257844488284766,0.412357960708737,0.44038489367796463,0.24307101936140452,0.11436009090936905,0.4897586870440984,0.1825643376356576,0.1080223714870664,0.5597455904852455,0.20089479577377056,0.06737004335298125,0.7023273767866423,0.26440822770426375,0.42539700101680866,0.3228621348229661,0.5063373183643817,0.2282831988378572,0.35421715572258894,0.3163303440976766,0.8616444376383063,0.605351056497336,0.33502178154810147,0.2989291090934896
0.5928961766421706,0.07963572693593568,0.21164039145604263,0.4093603817183469,0.3029454952784054,0.8118685665111091,0.31684864585106276,0.24611710709864876,0.2615514201394984,0.1746610307890033,0.8894566202200102,0.29638441767164647,0.04746937561593745,0.4790158694238994,0.3112351510209521,0.7885918489655142,0.14798751436974644,0.8973741077589843,0.3648552970823815,0.16904576366821,0.2066360306830437,0.3060294955969626,0.9855152105049289,0.07598178347783469,0.06941478924645839,0.4584161527041468,0.42675077929226823,0.27257844488284766,0.412357960708737,0.44038489367796463,0.24307101936140452,0.11436009090936905,0.4897586870440984,0.1825643376356576,0.1080223714870664,0.5597455904852455,0.20089479577377056,0.06737004335298125,0.7023273767866423,0.26440822770426375,0.42539700101680866,0.3228621348229661,0.5063373183643817,0.2282831988378572,0.35421715572258894,0.3163303440976766,0.8616444376383063,0.605351056497336,0.33502178154810147,0.2989291090934896
0.5928961766421706,0.07963572693593568,0.21164039145604263,0.4093603817183469,0.3029454952784054,0.8118685665111091,0.31684864585106276,0.24611710709864876,0.2615514201394984,0.1746610307890033,0.8894566202200102,0.29638441767164647,0.04746937561593745,0.4790158694238994,0.3112351510209521,0.7885918489655142,0.14798751436974644,0.8973741077589843,0.3648552970823815,0.16904576366821,0.2066360306830437,0.3060294955969626,0.9855152105049289,0.07598178347783469,0.06941478924645839,0.4584161527041468,0.42675077929226823,0.27257844488284766,0.412357960708737,0.44038489367796463,0.24307101936140452,0.11436009090936905,0.4897586870440984,0.1825643376356576,0.1080223714870664,0.5597455904852455,0.20089479577377056,0.06737004335298125,0.7023273767866423,0.26440822770426375,0.42539700101680866,0.3228621348229661,0.5063373183643817,0.2282831988378572,0.35421715572258894,0.3163303440976766,0.8616444376383063,0.605351056497336,0.33502178154810147,0.2989291090934896
0.5928961766421706,0.07963572693593568,0.21164039145604263,0.4093603817183469,0.3029454952784054,0.8118685665111091,0.31684864585106276,0.24611710709864876,0.2615514201394984,0.1746610307890033,0.8894566202200102,0.29638441767164647,0.04746937561593745,0.4790158694238994,0.3112351510209521,0.7885918489655142,0.14798751436974644,0.8973741077589843,0.3648552970823815,0.16904576366821,0.2066360306830437,0.3060294955969626,0.9855152105049289,0.07598178347783469,0.06941478924645839,0.4584161527041468,0.42675077929226823,0.27257844488284766,0.412357960708737,0.44038489367796463,0.24307101936140452,0.11436009090936905,0.4897586870440984,0.1825643376356576,0.1080223714870664,0.5597455904852455,0.20089479577377056,0.06737004335298125,0.7023273767866423,0.26440822770426375,0.42539700101680866,0.3228621348229661,0.5063373183643817,0.2282831988378572,0.35421715572258894,0.3163303440976766,0.8616444376383063,0.605351056497336,0.33502178154810147,0.2989291090934896
0.5928961766421706,0.07963572693593568,0.21164039145604263,0.4093603817183469,0.3029454952784054,0.8118685665111091,0.31684864585106276,0.24611710709864876,0.2615514201394984,0.1746610307890033,0.8894566202200102,0.29638441767164647,0.04746937561593745,0.4790158694238994,0.3112351510209521,0.7885918489655142,0.14798751436974644,0.8973741077589843,0.3648552970823815,0.16904576366821,0.2066360306830437,0.3060294955969626,0.9855152105049289,0.07598178347783469,0.06941478924645839,0.4584161527041468,0.42675077929226823,0.27257844488284766,0.412357960708737,0.44038489367796463,0.24307101936140452,0.11436009090936905,0.4897586870440984,0.1825643376356576,0.1080223714870664,0.5597455904852455,0.20089479577377056,0.06737004335298125,0.7023273767866423,0.26440822770426375,0.42539700101680866,0.3228621348229661,0.5063373183643817,0.2282831988378572,0.35421715572258894,0.3163303440976766,0.8616444376383063,0.605351056497336,0.33502178154810147,0.2989291090934896
0.5928961766421706,0.07963572693593568,0.21164039145604263,0.4093603817183469,0.3029454952784054,0.8118685665111091,0.31684864585106276,0.24611710709864876,0.2615514201394984,0.1746610307890033,0.8894566202200102,0.29638441767164647,0.04746937561593745,0.4790158694238994,0.3112351510209521,0.7885918489655142,0.14798751436974644,0.8973741077589843,0.3648552970823815,0.16904576366821,0.2066360306830437,0.3060294955969626,0.9855152105049289,0.07598178347783469,0.06941478924645839,0.4584161527041468,0.42675077929226823,0.27257844488284766,0.412357960708737,0.44038489367796463,0.24307101936140452,0.11436009090936905,0.4897586870440984,0.1825643376356576,0.1080223714870664,0.5597455904852455,0.20089479577377056,0.06737004335298125,0.7023273767866423,0.26440822770426375,0.42539700101680866,0.3228621348229661,0.5063373183643817,0.2282831988378572,0.35421715572258894,0.3163303440976766,0.8616444376383063,0.605351056497336,0.33502178154810147,0.2989291090934896
0.5928961766421706,0.07963572693593568,0.21164039145604263,0.4093603817183469,0.3029454952784054,0.8118685665111091,0.31684864585106276,0.24611710709864876,0.2615514201394984,0.1746610307890033,0.8894566202200102,0.29638441767164647,0.04746937561593745,0.4790158694238994,0.3112351510209521,0.7885918489655142,0.14798751436974644,0.8973741077589843,0.3648552970823815,0.16904576366821,0.2066360306830437,0.3060294955969626,0.9855152105049289,0.07598178347783469,0.06941478924645839,0.4584161527041468,0.42675077929226823,0.27257844488284766,0.412357960708737,0.44038489367796463,0.24307101936140452,0.11436009090936905,0.4897586870440984,0.1825643376356576,0.1080223714870664,0.5597455904852455,0.20089479577377056,0.06737004335298125,0.7023273767866423,0.26440822770426375,0.42539700101680866,0.3228621348229661,0.5063373183643817,0.2282831988378572,0.35421715572258894,0.3163303440976766,0.8616444376383063,0.605351056497336,0.33502178154810147,0.2989291090934896
0.5928961766421706,0.07963572693593568,0.21164039145604263,0.4093603817183469,0.3029454952784054,0.8118685665111091,0.31684864585106276,0.24611710709864876,0.2615514201394984,0.1746610307890033,0.8894566202200102,0.29638441767164647,0.04746937561593745,0.4790158694238994,0.3112351510209521,0.7885918489655142,0.14798751436974644,0.8973741077589843,0.3648552970823815,0.16904576366821,0.2066360306830437,0.3060294955969626,0.9855152105049289,0.07598178347783469,0.06941478924645839,0.4584161527041468,0.42675077929226823,0.27257844488284766,0.412357960708737,0.44038489367796463,0.24307101936140452,0.11436009090936905,0.4897586870440984,0.1825643376356576,0.1080223714870664,0.5597455904852455,0.20089479577377056,0.06737004335298125,0.7023273767866423,0.26440822770426375,0.42539700101680866,0.3228621348229661,0.5063373183643817,0.2282831988378572,0.35421715572258894,0.3163303440976766,0.8616444376383063,0.605351056497336,0.33502178154810147,0.2989291090934896
0.5928961766421706,0.07963572693593568,0.21164039145604263,0.4093603817183469,0.3029454952784054,0.8118685665111091,0.31684864585106276,0.24611710709864876,0.2615514201394984,0.1746610307890033,0.8894566202200102,0.29638441767164647,0.04746937561593745,0.4790158694238994,0.3112351510209521,0.7885918489655142,0.14798751436974644,0.8973741077589843,0.3648552970823815,0.16904576366821,0.2066360306830437,0.3060294955969626,0.9855152105049289,0.07598178347783469,0.06941478924645839,0.4584161527041468,0.42675077929226823,0.27257844488284766,0.412357960708737,0.44038489367796463,0.24307101936140452,0.11436009090936905,0.4897586870440984,0.1825643376356576,0.1080223714870664,0.5597455904852455,0.20089479577377056,0.06737004335298125,0.7023273767866423,0.26440822770426375,0.42539700101680866,0.3228621348229661,0.5063373183643817,0.2282831988378572,0.35421715572258894,0.3163303440976766,0.8616444376383063,0.605351056497336,0.33502178154810147,0.2989291090934896
0.5928961766421706,0.07963572693593568,0.21164039145604263,0.4093603817183469,0.3029454952784054,0.8118685665111091,0.31684864585106276,0.24611710709864876,0.2615514201394984,0.1746610307890033,0.8894566202200102,0.29638441767164647,0.04746937561593745,0.4790158694238994,0.3112351510209521,0.7885918489655142,0.14798751436974644,0.8973741077589843,0.3648552970823815,0.16904576366821,0.2066360306830437,0.3060294955969626,0.9855152105049289,0.07598178347783469,0.06941478924645839,0.4584161527041468,0.42675077929226823,0.27257844488284766,0.412357960708737,0.44038489367796463,0.24307101936140452,0.11436009090936905,0.4897586870440984,0.1825643376356576,0.1080223714870664,0.5597455904852455,0.20089479577377056,0.06737004335298125,0.7023273767866423,0.26440822770426375,0.42539700101680866,0.3228621348229661,0.5063373183643817,0.2282831988378572,0.35421715572258894,0.3163303440976766,0.8616444376383063,0.605351056497336,0.33502178154810147,0.2989291090934896
0.5928961766421706,0.07963572693593568,0.21164039145604263,0.4093603817183469,0.3029454952784054,0.8118685665111091,0.31684864585106276,0.24611710709864876,0.2615514201394984,0.1746610307890033,0.8894566202200102,0.29638441767164647,0.04746937561593745,0.4790158694238994,0.3112351510209521,0.7885918489655142,0.14798751436974644,0.8973741077589843,0.3648552970823815,0.16904576366821,0.2066360306830437,0.3060294955969626,0.9855152105049289,0.07598178347783469,0.06941478924645839,0.4584161527041468,0.42675077929226823,0.27257844488284766,0.412357960708737,0.44038489367796463,0.24307101936140452,0.11436009090936905,0.4897586870440984,0.1825643376356576,0.1080223714870664,0.5597455904852455,0.20089479577377056,0.06737004335298125,0.7023273767866423,0.26440822770426375,0.42539700101680866,0.3228621348229661,0.5063373183643817,0.2282831988378572,0.35421715572258894,0.3163303440976766,0.8616444376383063,0.605351056497336,0.33502178154810147,0.2989291090934896
0.5928961766421706,0.07963572693593568,0.21164039145604263,0.4093603817183469,0.3029454952784054,0.8118685665111091,0.31684864585106276,0.24611710709864876,0.2615514201394984,0.1746610307890033,0.8894566202200102,0.29638441767164647,0.04746937561593745,0.4790158694238994,0.3112351510209521,0.7885918489655142,0.14798751436974644,0.8973741077589843,0.3648552970823815,0.16904576366821,0.2066360306830437,0.3060294955969626,0.9855152105049289,0.07598178347783469,0.06941478924645839,0.4584161527041468,0.42675077929226823,0.27257844488284766,0.412357960708737,0.44038489367796463,0.24307101936140452,0.11436009090936905,0.4897586870440984,0.1825643376356576,0.1080223714870664,0.5597455904852455,0.20089479577377056,0.06737004335298125,0.7023273767866423,0.26440822770426375,0.42539700101680866,0.3228621348229661,0.5063373183643817,0.2282831988378572,0.35421715572258894,0.3163303440976766,0.8616444376383063,0.605351056497336,0.33502178154810147,0.2989291090934896
0.5928961766421706,0.07963572693593568,0.21164039145604263,0.4093603817183469,0.3029454952784054,0.8118685665111091,0.31684864585106276,0.24611710709864876,0.2615514201394984,0.1746610307890033,0.8894566202200102,0.29638441767164647,0.04746937561593745,0.4790158694238994,0.3112351510209521,0.7885918489655142,0.14798751436974644,0.8973741077589843,0.3648552970823815,0.16904576366821,0.2066360306830437,0.3060294955969626,0.9855152105049289,0.07598178347783469,0.06941478924645839,0.4584161527041468,0.42675077929226823,0.27257844488284766,0.412357960708737,0.44038489367796463,0.24307101936140452,0.11436009090936905,0.4897586870440984,0.1825643376356576,0.1080223714870664,0.5597455904852455,0.20089479577377056,0.06737004335298125,0.7023273767866423,0.26440822770426375,0.42539700101680866,0.3228621348229661,0.5063373183643817,0.2282831988378572,0.35421715572258894,0.3163303440976766,0.8616444376383063,0.605351056497336,0.33502178154810147,0.2989291090934896
0.5928961766421706,0.07963572693593568,0.21164039145604263,0.4093603817183469,0.3029454952784054,0.8118685665111091,0.31684864585106276,0.24611710709864876,0.2615514201394984,0.1746610307890033,0.8894566202200102,0.29638441767164647,0.04746937561593745,0.4790158694238994,0.3112351510209521,0.7885918489655142,0.14798751436974644,0.8973741077589843,0.3648552970823815,0.16904576366821,0.2066360306830437,0.3060294955969626,0.9855152105049289,0.07598178347783469,0.06941478924645839,0.4584161527041468,0.42675077929226823,0.27257844488284766,0.412357960708737,0.44038489367796463,0.24307101936140452,0.11436009090936905,0.4897586870440984,0.1825643376356576,0.1080223714870664,0.5597455904852455,0.20089479577377056,0.06737004335298125,0.7023273767866423,0.26440822770426375,0.42539700101680866,0.3228621348229661,0.5063373183643817,0.2282831988378572,0.35421715572258894,0.3163303440976766,0.8616444376383063,0.605351056497336,0.33502178154810147,0.2989291090934896
0.5928961766421706,0.07963572693593568,0.21164039145604263,0.4093603817183469,0.3029454952784054,0.8118685665111091,0.31684864585106276,0.24611710709864876,0.2615514201394984,0.1746610307890033,0.8894566202200102,0.29638441767164647,0.04746937561593745,0.4790158694238994,0.3112351510209521,0.7885918489655142,0.14798751436974644,0.8973741077589843,0.3648552970823815,0.16904576366821,0.2066360306830437,0.3060294955969626,0.9855152105049289,0.07598178347783469,0.06941478924645839,0.4584161527041468,0.42675077929226823,0.27257844488284766,0.412357960708737,0.44038489367796463,0.24307101936140452,0.11436009090936905,0.4897586870440984,0.1825643376356576,0.1080223714870664,0.5597455904852455,0.20089479577377056,0.06737004335298125,0.7023273767866423,0.26440822770426375,0.42539700101680866,0.3228621348229661,0.5063373183643817,0.2282831988378572,0.35421715572258894,0.3163303440976766,0.8616444376383063,0.605351056497336,0.33502178154810147,0.2989291090934896
0.5928961766421706,0.07963572693593568,0.21164039145604263,0.4093603817183469,0.3029454952784054,0.8118685665111091,0.31684864585106276,0.24611710709864876,0.2615514201394984,0.1746610307890033,0.8894566202200102,0.29638441767164647,0.04746937561593745,0.4790158694238994,0.3112351510209521,0.7885918489655142,0.14798751436974644,0.8973741077589843,0.3648552970823815,0.16904576366821,0.2066360306830437,0.3060294955969626,0.9855152105049289,0.07598178347783469,0.06941478924645839,0.4584161527041468,0.42675077929226823,0.27257844488284766,0.412357960708737,0.44038489367796463,0.24307101936140452,0.11436009090936905,0.4897586870440984,0.1825643376356576,0.1080223714870664,0.5597455904852455,0.20089479577377056,0.06737004335298125,0.7023273767866423,0.26440822770426375,0.42539700101680866,0.3228621348229661,0.5063373183643817,0.2282831988378572,0.35421715572258894,0.3163303440976766,0.8616444376383063,0.605351056497336,0.33502178154810147,0.2989291090934896
0.5928961766421706,0.07963572693593568,0.21164039145604263,0.4093603817183469,0.3029454952784054,0.8118685665111091,0.31684864585106276,0.24611710709864876,0.2615514201394984,0.1746610307890033,0.8894566202200102,0.29638441767164647,0.04746937561593745,0.4790158694238994,0.3112351510209521,0.7885918489655142,0.14798751436974644,0.8973741077589843,0.3648552970823815,0.16904576366821,0.2066360306830437,0.3060294955969626,0.9855152105049289,0.07598178347783469,0.06941478924645839,0.4584161527041468,0.42675077929226823,0.27257844488284766,0.412357960708737,0.44038489367796463,0.24307101936140452,0.11436009090936905,0.4897586870440984,0.1825643376356576,0.1080223714870664,0.5597455904852455,0.20089479577377056,0.06737004335298125,0.7023273767866423,0.26440822770426375,0.42539700101680866,0.3228621348229661,0.5063373183643817,0.2282831988378572,0.35421715572258894,0.3163303440976766,0.8616444376383063,0.605351056497336,0.33502178154810147,0.2989291090934896
0.5928961766421706,0.07963572693593568,0.21164039145604263,0.4093603817183469,0.3029454952784054,0.8118685665111091,0.31684864585106276,0.24611710709864876,0.2615514201394984,0.1746610307890033,0.8894566202200102,0.29638441767164647,0.04746937561593745,0.4790158694238994,0.3112351510209521,0.7885918489655142,0.14798751436974644,0.8973741077589843,0.3648552970823815,0.16904576366821,0.2066360306830437,0.3060294955969626,0.9855152105049289,0.07598178347783469,0.06941478924645839,0.4584161527041468,0.42675077929226823,0.27257844488284766,0.412357960708737,0.44038489367796463,0.24307101936140452,0.11436009090936905,0.4897586870440984,0.1825643376356576,0.1080223714870664,0.5597455904852455,0.20089479577377056,0.06737004335298125,0.7023273767866423,0.26440822770426375,0.42539700101680866,0.3228621348229661,0.5063373183643817,0.2282831988378572,0.35421715572258894,0.3163303440976766,0.8616444376383063,0.605351056497336,0.33502178154810147,0.2989291090934896
0.5928961766421706,0.07963572693593568,0.21164039145604263,0.4093603817183469,0.3029454952784054,0.8118685665111091,0.31684864585106276,0.24611710709864876,0.2615514201394984,0.1746610307890033,0.8894566202200102,0.29638441767164647,0.04746937561593745,0.4790158694238994,0.3112351510209521,0.7885918489655142,0.14798751436974644,0.8973741077589843,0.3648552970823815,0.16904576366821,0.2066360306830437,0.3060294955969626,0.9855152105049289,0.07598178347783469,0.06941478924645839,0.4584161527041468,0.42675077929226823,0.27257844488284766,0.412357960708737,0.44038489367796463,0.24307101936140452,0.11436009090936905,0.4897586870440984,0.1825643376356576,0.1080223714870664,0.5597455904852455,0.20089479577377056,0.06737004335298125,0.7023273767866423,0.26440822770426375,0.42539700101680866,0.3228621348229661,0.5063373183643817,0.2282831988378572,0.35421715572258894,0.3163303440976766,0.8616444376383063,0.605351056497336,0.33502178154810147,0.2989291090934896
0.5928961766421706,0.07963572693593568,0.21164039145604263,0.4093603817183469,0.3029454952784054,0.8118685665111091,0.31684864585106276,0.24611710709864876,0.2615514201394984,0.1746610307890033,0.8894566202200102,0.29638441767164647,0.04746937561593745,0.4790158694238994,0.3112351510209521,0.7885918489655142,0.14798751436974644,0.8973741077589843,0.3648552970823815,0.16904576366821,0.2066360306830437,0.3060294955969626,0.9855152105049289,0.07598178347783469,0.06941478924645839,0.4584161527041468,0.42675077929226823,0.27257844488284766,0.412357960708737,0.44038489367796463,0.24307101936140452,0.11436009090936905,0.4897586870440984,0.1825643376356576,0.1080223714870664,0.5597455904852455,0.20089479577377056,0.06737004335298125,0.7023273767866423,0.26440822770426375,0.42539700101680866,0.3228621348229661,0.5063373183643817,0.2282831988378572,0.35421715572258894,0.3163303440976766,0.8616444376383063,0.605351056497336,0.33502178154810147,0.2989291090934896
0.5928961766421706,0.07963572693593568,0.21164039145604263,0.4093603817183469,0.3029454952784054,0.8118685665111091,0.31684864585106276,0.24611710709864876,0.2615514201394984,0.1746610307890033,0.8894566202200102,0.29638441767164647,0.04746937561593745,0.4790158694238994,0.3112351510209521,0.7885918489655142,0.14798751436974644,0.8973741077589843,0.3648552970823815,0.16904576366821,0.2066360306830437,0.3060294955969626,0.9855152105049289,0.07598178347783469,0.06941478924645839,0.4584161527041468,0.42675077929226823,0.27257844488284766,0.412357960708737,0.44038489367796463,0.24307101936140452,0.11436009090936905,0.4897586870440984,0.1825643376356576,0.1080223714870664,0.5597455904852455,0.20089479577377056,0.06737004335298125,0.7023273767866423,0.26440822770426375,0.42539700101680866,0.3228621348229661,0.5063373183643817,0.2282831988378572,0.35421715572258894,0.3163303440976766,0.8616444376383063,0.605351056497336,0.33502178154810147,0.2989291090934896
0.5928961766421706,0.07963572693593568,0.21164039145604263,0.4093603817183469,0.3029454952784054,0.8118685665111091,0.31684864585106276,0.24611710709864876,0.2615514201394984,0.1746610307890033,0.8894566202200102,0.29638441767164647,0.04746937561593745,0.4790158694238994,0.3112351510209521,0.7885918489655142,0.14798751436974644,0.8973741077589843,0.3648552970823815,0.16904576366821,0.2066360306830437,0.3060294955969626,0.9855152105049289,0.07598178347783469,0.06941478924645839,0.4584161527041468,0.42675077929226823,0.27257844488284766,0.412357960708737,0.44038489367796463,0.24307101936140452,0.11436009090936905,0.4897586870440984,0.1825643376356576,0.1080223714870664,0.5597455904852455,0.20089479577377056,0.06737004335298125,0.7023273767866423,0.26440822770426375,0.42539700101680866,0.3228621348229661,0.5063373183643817,0.2282831988378572,0.35421715572258894,0.3163303440976766,0.8616444376383063,0.605351056497336,0.33502178154810147,0.2989291090934896
0.5928961766421706,0.07963572693593568,0.21164039145604263,0.4093603817183469,0.3029454952784054,0.8118685665111091,0.31684864585106276,0.24611710709864876,0.2615514201394984,0.1746610307890033,0.8894566202200102,0.29638441767164647,0.04746937561593745,0.4790158694238994,0.3112351510209521,0.7885918489655142,0.14798751436974644,0.8973741077589843,0.3648552970823815,0.16904576366821,0.2066360306830437,0.3060294955969626,0.9855152105049289,0.07598178347783469,0.06941478924645839,0.4584161527041468,0.42675077929226823,0.27257844488284766,0.412357960708737,0.44038489367796463,0.24307101936140452,0.11436009090936905,0.4897586870440984,0.1825643376356576,0.1080223714870664,0.5597455904852455,0.20089479577377056,0.06737004335298125,0.7023273767866423,0.26440822770426375,0.42539700101680866,0.3228621348229661,0.5063373183643817,0.2282831988378572,0.35421715572258894,0.3163303440976766,0.8616444376383063,0.605351056497336,0.33502178154810147,0.2989291090934896
0.5928961766421706,0.07963572693593568,0.21164039145604263,0.4093603817183469,0.3029454952784054,0.8118685665111091,0.31684864585106276,0.24611710709864876,0.2615514201394984,0.1746610307890033,0.8894566202200102,0.29638441767164647,0.04746937561593745,0.4790158694238994,0.3112351510209521,0.7885918489655142,0.14798751436974644,0.8973741077589843,0.3648552970823815,0.16904576366821,0.2066360306830437,0.3060294955969626,0.9855152105049289,0.07598178347783469,0.06941478924645839,0.4584161527041468,0.42675077929226823,0.27257844488284766,0.412357960708737,0.44038489367796463,0.24307101936140452,0.11436009090936905,0.4897586870440984,0.1825643376356576,0.1080223714870664,0.5597455904852455,0.20089479577377056,0.06737004335298125,0.7023273767866423,0.26440822770426375,0.42539700101680866,0.3228621348229661,0.5063373183643817,0.2282831988378572,0.35421715572258894,0.3163303440976766,0.8616444376383063,0.605351056497336,0.33502178154810147,0.2989291090934896
0.5928961766421706,0.07963572693593568,0.21164039145604263,0.4093603817183469,0.3029454952784054,0.8118685665111091,0.31684864585106276,0.24611710709864876,0.2615514201394984,0.1746610307890033,0.8894566202200102,0.29638441767164647,0.04746937561593745,0.4790158694238994,0.3112351510209521,0.7885918489655142,0.14798751436974644,0.8973741077589843,0.3648552970823815,0.16904576366821,0.2066360306830437,0.3060294955969626,0.9855152105049289,0.07598178347783469,0.06941478924645839,0.4584161527041468,0.42675077929226823,0.27257844488284766,0.412357960708737,0.44038489367796463,0.24307101936140452,0.11436009090936905,0.4897586870440984,0.1825643376356576,0.1080223714870664,0.5597455904852455,0.20089479577377056,0.06737004335298125,0.7023273767866423,0.26440822770426375,0.42539700101680866,0.3228621348229661,0.5063373183643817,0.2282831988378572,0.35421715572258894,0.3163303440976766,0.8616444376383063,0.605351056497336,0.33502178154810147,0.2989291090934896
0.5928961766421706,0.07963572693593568,0.21164039145604263,0.4093603817183469,0.3029454952784054,0.8118685665111091,0.31684864585106276,0.24611710709864876,0.2615514201394984,0.1746610307890033,0.8894566202200102,0.29638441767164647,0.04746937561593745,0.4790158694238994,0.3112351510209521,0.7885918489655142,0.14798751436974644,0.8973741077589843,0.3648552970823815,0.16904576366821,0.2066360306830437,0.3060294955969626,0.9855152105049289,0.07598178347783469,0.06941478924645839,0.4584161527041468,0.42675077929226823,0.27257844488284766,0.412357960708737,0.44038489367796463,0.24307101936140452,0.11436009090936905,0.4897586870440984,0.1825643376356576,0.1080223714870664,0.5597455904852455,0.20089479577377056,0.06737004335298125,0.7023273767866423,0.26440822770426375,0.42539700101680866,0.3228621348229661,0.5063373183643817,0.2282831988378572,0.35421715572258894,0.3163303440976766,0.8616444376383063,0.605351056497336,0.33502178154810147,0.2989291090934896
0.5928961766421706,0.07963572693593568,0.21164039145604263,0.4093603817183469,0.3029454952784054,0.8118685665111091,0.31684864585106276,0.24611710709864876,0.2615514201394984,0.1746610307890033,0.8894566202200102,0.29638441767164647,0.04746937561593745,0.4790158694238994,0.3112351510209521,0.7885918489655142,0.14798751436974644,0.8973741077589843,0.3648552970823815,0.16904576366821,0.2066360306830437,0.3060294955969626,0.9855152105049289,0.07598178347783469,0.06941478924645839,0.4584161527041468,0.42675077929226823,0.27257844488284766,0.412357960708737,0.44038489367796463,0.24307101936140452,0.11436009090936905,0.4897586870440984,0.1825643376356576,0.1080223714870664,0.5597455904852455,0.20089479577377056,0.06737004335298125,0.7023273767866423,0.26440822770426375,0.42539700101680866,0.3228621348229661,0.5063373183643817,0.2282831988378572,0.35421715572258894,0.3163303440976766,0.8616444376383063,0.605351056497336,0.33502178154810147,0.2989291090934896
0.5928961766421706,0.07963572693593568,0.21164039145604263,0.4093603817183469,0.3029454952784054,0.8118685665111091,0.31684864585106276,0.24611710709864876,0.2615514201394984,0.1746610307890033,0.8894566202200102,0.29638441767164647,0.04746937561593745,0.4790158694238994,0.3112351510209521,0.7885918489655142,0.14798751436974644,0.8973741077589843,0.3648552970823815,0.16904576366821,0.2066360306830437,0.3060294955969626,0.9855152105049289,0.07598178347783469,0.06941478924645839,0.4584161527041468,0.42675077929226823,0.27257844488284766,0.412357960708737,0.44038489367796463,0.24307101936140452,0.11436009090936905,0.4897586870440984,0.1825643376356576,0.1080223714870664,0.5597455904852455,0.20089479577377056,0.06737004335298125,0.7023273767866423,0.26440822770426375,0.42539700101680866,0.3228621348229661,0.5063373183643817,0.2282831988378572,0.35421715572258894,0.3163303440976766,0.8616444376383063,0.605351056497336,0.33502178154810147,0.2989291090934896
0.5928961766421706,0.07963572693593568,0.21164039145604263,0.4093603817183469,0.3029454952784054,0.8118685665111091,0.31684864585106276,0.24611710709864876,0.2615514201394984,0.1746610307890033,0.8894566202200102,0.29638441767164647,0.04746937561593745,0.4790158694238994,0.3112351510209521,0.7885918489655142,0.14798751436974644,0.8973741077589843,0.3648552970823815,0.16904576366821,0.2066360306830437,0.3060294955969626,0.9855152105049289,0.07598178347783469,0.06941478924645839,0.4584161527041468,0.42675077929226823,0.27257844488284766,0.412357960708737,0.44038489367796463,0.24307101936140452,0.11436009090936905,0.4897586870440984,0.1825643376356576,0.1080223714870664,0.5597455904852455,0.20089479577377056,0.06737004335298125,0.7023273767866423,0.26440822770426375,0.42539700101680866,0.3228621348229661,0.5063373183643817,0.2282831988378572,0.35421715572258894,0.3163303440976766,0.8616444376383063,0.605351056497336,0.33502178154810147,0.2989291090934896
0.5928961766421706,0.07963572693593568,0.21164039145604263,0.4093603817183469,0.3029454952784054,0.8118685665111091,0.31684864585106276,0.24611710709864876,0.2615514201394984,0.1746610307890033,0.8894566202200102,0.29638441767164647,0.04746937561593745,0.4790158694238994,0.3112351510209521,0.7885918489655142,0.14798751436974644,0.8973741077589843,0.3648552970823815,0.16904576366821,0.2066360306830437,0.3060294955969626,0.9855152105049289,0.07598178347783469,0.06941478924645839,0.4584161527041468,0.42675077929226823,0.27257844488284766,0.412357960708737,0.44038489367796463,0.24307101936140452,0.11436009090936905,0.4897586870440984,0.1825643376356576,0.1080223714870664,0.5597455904852455,0.20089479577377056,0.06737004335298125,0.7023273767866423,0.26440822770426375,0.42539700101680866,0.3228621348229661,0.5063373183643817,0.2282831988378572,0.35421715572258894,0.3163303440976766,0.8616444376383063,0.605351056497336,0.33502178154810147,0.2989291090934896
0.5928961766421706,0.07963572693593568,0.21164039145604263,0.4093603817183469,0.3029454952784054,0.8118685665111091,0.31684864585106276,0.24611710709864876,0.2615514201394984,0.1746610307890033,0.8894566202200102,0.29638441767164647,0.04746937561593745,0.4790158694238994,0.3112351510209521,0.7885918489655142,0.14798751436974644,0.8973741077589843,0.3648552970823815,0.16904576366821,0.2066360306830437,0.3060294955969626,0.9855152105049289,0.07598178347783469,0.06941478924645839,0.4584161527041468,0.42675077929226823,0.27257844488284766,0.412357960708737,0.44038489367796463,0.24307101936140452,0.11436009090936905,0.4897586870440984,0.1825643376356576,0.1080223714870664,0.5597455904852455,0.20089479577377056,0.06737004335298125,0.7023273767866423,0.26440822770426375,0.42539700101680866,0.3228621348229661,0.5063373183643817,0.2282831988378572,0.35421715572258894,0.3163303440976766,0.8616444376383063,0.605351056497336,0.33502178154810147,0.2989291090934896
0.5928961766421706,0.07963572693593568,0.21164039145604263,0.4093603817183469,0.3029454952784054,0.8118685665111091,0.31684864585106276,0.24611710709864876,0.2615514201394984,0.1746610307890033,0.8894566202200102,0.29638441767164647,0.04746937561593745,0.4790158694238994,0.3112351510209521,0.7885918489655142,0.14798751436974644,0.8973741077589843,0.3648552970823815,0.16904576366821,0.2066360306830437,0.3060294955969626,0.9855152105049289,0.07598178347783469,0.06941478924645839,0.4584161527041468,0.42675077929226823,0.27257844488284766,0.412357960708737,0.44038489367796463,0.24307101936140452,0.11436009090936905,0.4897586870440984,0.1825643376356576,0.1080223714870664,0.5597455904852455,0.20089479577377056,0.06737004335298125,0.7023273767866423,0.26440822770426375,0.42539700101680866,0.3228621348229661,0.5063373183643817,0.2282831988378572,0.35421715572258894,0.3163303440976766,0.8616444376383063,0.605351056497336,0.33502178154810147,0.2989291090934896
0.5928961766421706,0.07963572693593568,0.21164039145604263,0.4093603817183469,0.3029454952784054,0.8118685665111091,0.31684864585106276,0.24611710709864876,0.2615514201394984,0.1746610307890033,0.8894566202200102,0.29638441767164647,0.04746937561593745,0.4790158694238994,0.3112351510209521,0.7885918489655142,0.14798751436974644,0.8973741077589843,0.3648552970823815,0.16904576366821,0.2066360306830437,0.3060294955969626,0.9855152105049289,0.07598178347783469,0.06941478924645839,0.4584161527041468,0.42675077929226823,0.27257844488284766,0.412357960708737,0.44038489367796463,0.24307101936140452,0.11436009090936905,0.4897586870440984,0.1825643376356576,0.1080223714870664,0.5597455904852455,0.20089479577377056,0.06737004335298125,0.7023273767866423,0.26440822770426375,0.42539700101680866,0.3228621348229661,0.5063373183643817,0.2282831988378572,0.35421715572258894,0.3163303440976766,0.8616444376383063,0.605351056497336,0.33502178154810147,0.2989291090934896
0.5928961766421706,0.07963572693593568,0.21164039145604263,0.4093603817183469,0.3029454952784054,0.8118685665111091,0.31684864585106276,0.24611710709864876,0.2615514201394984,0.1746610307890033,0.8894566202200102,0.29638441767164647,0.04746937561593745,0.4790158694238994,0.3112351510209521,0.7885918489655142,0.14798751436974644,0.8973741077589843,0.3648552970823815,0.16904576366821,0.2066360306830437,0.3060294955969626,0.9855152105049289,0.07598178347783469,0.06941478924645839,0.4584161527041468,0.42675077929226823,0.27257844488284766,0.412357960708737,0.44038489367796463,0.24307101936140452,0.11436009090936905,0.4897586870440984,0.1825643376356576,0.1080223714870664,0.5597455904852455,0.20089479577377056,0.06737004335298125,0.7023273767866423,0.26440822770426375,0.42539700101680866,0.3228621348229661,0.5063373183643817,0.2282831988378572,0.35421715572258894,0.3163303440976766,0.8616444376383063,0.605351056497336,0.33502178154810147,0.2989291090934896
0.5928961766421706,0.07963572693593568,0.21164039145604263,0.4093603817183469,0.3029454952784054,0.8118685665111091,0.31684864585106276,0.24611710709864876,0.2615514201394984,0.1746610307890033,0.8894566202200102,0.29638441767164647,0.04746937561593745,0.4790158694238994,0.3112351510209521,0.7885918489655142,0.14798751436974644,0.8973741077589843,0.3648552970823815,0.16904576366821,0.2066360306830437,0.3060294955969626,0.9855152105049289,0.07598178347783469,0.06941478924645839,0.4584161527041468,0.42675077929226823,0.27257844488284766,0.412357960708737,0.44038489367796463,0.24307101936140452,0.11436009090936905,0.4897586870440984,0.1825643376356576,0.1080223714870664,0.5597455904852455,0.20089479577377056,0.06737004335298125,0.7023273767866423,0.26440822770426375,0.42539700101680866,0.3228621348229661,0.5063373183643817,0.2282831988378572,0.35421715572258894,0.3163303440976766,0.8616444376383063,0.605351056497336,0.33502178154810147,0.2989291090934896
0.5928961766421706,0.07963572693593568,0.21164039145604263,0.4093603817183469,0.3029454952784054,0.8118685665111091,0.31684864585106276,0.24611710709864876,0.2615514201394984,0.1746610307890033,0.8894566202200102,0.29638441767164647,0.04746937561593745,0.4790158694238994,0.3112351510209521,0.7885918489655142,0.14798751436974644,0.8973741077589843,0.3648552970823815,0.16904576366821,0.2066360306830437,0.3060294955969626,0.9855152105049289,0.07598178347783469,0.06941478924645839,0.4584161527041468,0.42675077929226823,0.27257844488284766,0.412357960708737,0.44038489367796463,0.24307101936140452,0.11436009090936905,0.4897586870440984,0.1825643376356576,0.1080223714870664,0.5597455904852455,0.20089479577377056,0.06737004335298125,0.7023273767866423,0.26440822770426375,0.42539700101680866,0.3228621348229661,0.5063373183643817,0.2282831988378572,0.35421715572258894,0.3163303440976766,0.8616444376383063,0.605351056497336,0.33502178154810147,0.2989291090934896
0.5928961766421706,0.07963572693593568,0.21164039145604263,0.4093603817183469,0.3029454952784054,0.8118685665111091,0.31684864585106276,0.24611710709864876,0.2615514201394984,0.1746610307890033,0.8894566202200102,0.29638441767164647,0.04746937561593745,0.4790158694238994,0.3112351510209521,0.7885918489655142,0.14798751436974644,0.8973741077589843,0.3648552970823815,0.16904576366821,0.2066360306830437,0.3060294955969626,0.9855152105049289,0.07598178347783469,0.06941478924645839,0.4584161527041468,0.42675077929226823,0.27257844488284766,0.412357960708737,0.44038489367796463,0.24307101936140452,0.11436009090936905,0.4897586870440984,0.1825643376356576,0.1080223714870664,0.5597455904852455,0.20089479577377056,0.06737004335298125,0.7023273767866423,0.26440822770426375,0.42539700101680866,0.3228621348229661,0.5063373183643817,0.2282831988378572,0.35421715572258894,0.3163303440976766,0.8616444376383063,0.605351056497336,0.33502178154810147,0.2989291090934896
0.5928961766421706,0.07963572693593568,0.21164039145604263,0.4093603817183469,0.3029454952784054,0.8118685665111091,0.31684864585106276,0.24611710709864876,0.2615514201394984,0.1746610307890033,0.8894566202200102,0.29638441767164647,0.04746937561593745,0.4790158694238994,0.3112351510209521,0.7885918489655142,0.14798751436974644,0.8973741077589843,0.3648552970823815,0.16904576366821,0.2066360306830437,0.3060294955969626,0.9855152105049289,0.07598178347783469,0.06941478924645839,0.4584161527041468,0.42675077929226823,0.27257844488284766,0.412357960708737,0.44038489367796463,0.24307101936140452,0.11436009090936905,0.4897586870440984,0.1825643376356576,0.1080223714870664,0.5597455904852455,0.20089479577377056,0.06737004335298125,0.7023273767866423,0.26440822770426375,0.42539700101680866,0.3228621348229661,0.5063373183643817,0.2282831988378572,0.35421715572258894,0.3163303440976766,0.8616444376383063,0.605351056497336,0.33502178154810147,0.2989291090934896
0.5928961766421706,0.07963572693593568,0.21164039145604263,0.4093603817183469,0.3029454952784054,0.8118685665111091,0.31684864585106276,0.24611710709864876,0.2615514201394984,0.1746610307890033,0.8894566202200102,0.29638441767164647,0.04746937561593745,0.4790158694238994,0.3112351510209521,0.7885918489655142,0.14798751436974644,0.8973741077589843,0.3648552970823815,0.16904576366821,0.2066360306830437,0.3060294955969626,0.9855152105049289,0.07598178347783469,0.06941478924645839,0.4584161527041468,0.42675077929226823,0.27257844488284766,0.412357960708737,0.44038489367796463,0.24307101936140452,0.11436009090936905,0.4897586870440984,0.1825643376356576,0.1080223714870664,0.5597455904852455,0.20089479577377056,0.06737004335298125,0.7023273767866423,0.26440822770426375,0.42539700101680866,0.3228621348229661,0.5063373183643817,0.2282831988378572,0.35421715572258894,0.3163303440976766,0.8616444376383063,0.605351056497336,0.33502178154810147,0.2989291090934896
0.5928961766421706,0.07963572693593568,0.21164039145604263,0.4093603817183469,0.3029454952784054,0.8118685665111091,0.31684864585106276,0.24611710709864876,0.2615514201394984,0.1746610307890033,0.8894566202200102,0.29638441767164647,0.04746937561593745,0.4790158694238994,0.3112351510209521,0.7885918489655142,0.14798751436974644,0.8973741077589843,0.3648552970823815,0.16904576366821,0.2066360306830437,0.3060294955969626,0.9855152105049289,0.07598178347783469,0.06941478924645839,0.4584161527041468,0.42675077929226823,0.27257844488284766,0.412357960708737,0.44038489367796463,0.24307101936140452,0.11436009090936905,0.4897586870440984,0.1825643376356576,0.1080223714870664,0.5597455904852455,0.20089479577377056,0.06737004335298125,0.7023273767866423,0.26440822770426375,0.42539700101680866,0.3228621348229661,0.5063373183643817,0.2282831988378572,0.35421715572258894,0.3163303440976766,0.8616444376383063,0.605351056497336,0.33502178154810147,0.2989291090934896
0.5928961766421706,0.07963572693593568,0.21164039145604263,0.4093603817183469,0.3029454952784054,0.8118685665111091,0.31684864585106276,0.24611710709864876,0.2615514201394984,0.1746610307890033,0.8894566202200102,0.29638441767164647,0.04746937561593745,0.4790158694238994,0.3112351510209521,0.7885918489655142,0.14798751436974644,0.8973741077589843,0.3648552970823815,0.16904576366821,0.2066360306830437,0.3060294955969626,0.9855152105049289,0.07598178347783469,0.06941478924645839,0.4584161527041468,0.42675077929226823,0.27257844488284766,0.412357960708737,0.44038489367796463,0.24307101936140452,0.11436009090936905,0.4897586870440984,0.1825643376356576,0.1080223714870664,0.5597455904852455,0.20089479577377056,0.06737004335298125,0.7023273767866423,0.26440822770426375,0.42539700101680866,0.3228621348229661,0.5063373183643817,0.2282831988378572,0.35421715572258894,0.3163303440976766,0.8616444376383063,0.605351056497336,0.33502178154810147,0.2989291090934896
0.5928961766421706,0.07963572693593568,0.21164039145604263,0.4093603817183469,0.3029454952784054,0.8118685665111091,0.31684864585106276,0.24611710709864876,0.2615514201394984,0.1746610307890033,0.8894566202200102,0.29638441767164647,0.04746937561593745,0.4790158694238994,0.3112351510209521,0.7885918489655142,0.14798751436974644,0.8973741077589843,0.3648552970823815,0.16904576366821,0.2066360306830437,0.3060294955969626,0.9855152105049289,0.07598178347783469,0.06941478924645839,0.4584161527041468,0.42675077929226823,0.27257844488284766,0.412357960708737,0.44038489367796463,0.24307101936140452,0.11436009090936905,0.4897586870440984,0.1825643376356576,0.1080223714870664,0.5597455904852455,0.20089479577377056,0.06737004335298125,0.7023273767866423,0.26440822770426375,0.42539700101680866,0.3228621348229661,0.5063373183643817,0.2282831988378572,0.35421715572258894,0.3163303440976766,0.8616444376383063,0.605351056497336,0.33502178154810147,0.2989291090934896
0.5928961766421706,0.07963572693593568,0.21164039145604263,0.4093603817183469,0.3029454952784054,0.8118685665111091,0.31684864585106276,0.24611710709864876,0.2615514201394984,0.1746610307890033,0.8894566202200102,0.29638441767164647,0.04746937561593745,0.4790158694238994,0.3112351510209521,0.7885918489655142,0.14798751436974644,0.8973741077589843,0.3648552970823815,0.16904576366821,0.2066360306830437,0.3060294955969626,0.9855152105049289,0.07598178347783469,0.06941478924645839,0.4584161527041468,0.42675077929226823,0.27257844488284766,0.412357960708737,0.44038489367796463,0.24307101936140452,0.11436009090936905,0.4897586870440984,0.1825643376356576,0.1080223714870664,0.5597455904852455,0.20089479577377056,0.06737004335298125,0.7023273767866423,0.26440822770426375,0.42539700101680866,0.3228621348229661,0.5063373183643817,0.2282831988378572,0.35421715572258894,0.3163303440976766,0.8616444376383063,0.605351056497336,0.33502178154810147,0.2989291090934896
0.5928961766421706,0.07963572693593568,0.21164039145604263,0.4093603817183469,0.3029454952784054,0.8118685665111091,0.31684864585106276,0.24611710709864876,0.2615514201394984,0.1746610307890033,0.8894566202200102,0.29638441767164647,0.04746937561593745,0.4790158694238994,0.3112351510209521,0.7885918489655142,0.14798751436974644,0.8973741077589843,0.3648552970823815,0.16904576366821,0.2066360306830437,0.3060294955969626,0.9855152105049289,0.07598178347783469,0.06941478924645839,0.4584161527041468,0.42675077929226823,0.27257844488284766,0.412357960708737,0.44038489367796463,0.24307101936140452,0.11436009090936905,0.4897586870440984,0.1825643376356576,0.1080223714870664,0.5597455904852455,0.20089479577377056,0.06737004335298125,0.7023273767866423,0.26440822770426375,0.42539700101680866,0.3228621348229661,0.5063373183643817,0.2282831988378572,0.35421715572258894,0.3163303440976766,0.8616444376383063,0.605351056497336,0.33502178154810147,0.2989291090934896
0.5928961766421706,0.07963572693593568,0.21164039145604263,0.4093603817183469,0.3029454952784054,0.8118685665111091,0.31684864585106276,0.24611710709864876,0.2615514201394984,0.1746610307890033,0.8894566202200102,0.29638441767164647,0.04746937561593745,0.4790158694238994,0.3112351510209521,0.7885918489655142,0.14798751436974644,0.8973741077589843,0.3648552970823815,0.16904576366821,0.2066360306830437,0.3060294955969626,0.9855152105049289,0.07598178347783469,0.06941478924645839,0.4584161527041468,0.42675077929226823,0.27257844488284766,0.412357960708737,0.44038489367796463,0.24307101936140452,0.11436009090936905,0.4897586870440984,0.1825643376356576,0.1080223714870664,0.5597455904852455,0.20089479577377056,0.06737004335298125,0.7023273767866423,0.26440822770426375,0.42539700101680866,0.3228621348229661,0.5063373183643817,0.2282831988378572,0.35421715572258894,0.3163303440976766,0.8616444376383063,0.605351056497336,0.33502178154810147,0.2989291090934896
0.5928961766421706,0.07963572693593568,0.21164039145604263,0.4093603817183469,0.3029454952784054,0.8118685665111091,0.31684864585106276,0.24611710709864876,0.2615514201394984,0.1746610307890033,0.8894566202200102,0.29638441767164647,0.04746937561593745,0.4790158694238994,0.3112351510209521,0.7885918489655142,0.14798751436974644,0.8973741077589843,0.3648552970823815,0.16904576366821,0.2066360306830437,0.3060294955969626,0.9855152105049289,0.07598178347783469,0.06941478924645839,0.4584161527041468,0.42675077929226823,0.27257844488284766,0.412357960708737,0.44038489367796463,0.24307101936140452,0.11436009090936905,0.4897586870440984,0.1825643376356576,0.1080223714870664,0.5597455904852455,0.20089479577377056,0.06737004335298125,0.7023273767866423,0.26440822770426375,0.42539700101680866,0.3228621348229661,0.5063373183643817,0.2282831988378572,0.35421715572258894,0.3163303440976766,0.8616444376383063,0.605351056497336,0.33502178154810147,0.2989291090934896
0.5928961766421706,0.07963572693593568,0.21164039145604263,0.4093603817183469,0.3029454952784054,0.8118685665111091,0.31684864585106276,0.24611710709864876,0.2615514201394984,0.1746610307890033,0.8894566202200102,0.29638441767164647,0.04746937561593745,0.4790158694238994,0.3112351510209521,0.7885918489655142,0.14798751436974644,0.8973741077589843,0.3648552970823815,0.16904576366821,0.2066360306830437,0.3060294955969626,0.9855152105049289,0.07598178347783469,0.06941478924645839,0.4584161527041468,0.42675077929226823,0.27257844488284766,0.412357960708737,0.44038489367796463,0.24307101936140452,0.11436009090936905,0.4897586870440984,0.1825643376356576,0.1080223714870664,0.5597455904852455,0.20089479577377056,0.06737004335298125,0.7023273767866423,0.26440822770426375,0.42539700101680866,0.3228621348229661,0.5063373183643817,0.2282831988378572,0.35421715572258894,0.3163303440976766,0.8616444376383063,0.605351056497336,0.33502178154810147,0.2989291090934896
0.5928961766421706,0.07963572693593568,0.21164039145604263,0.4093603817183469,0.3029454952784054,0.8118685665111091,0.31684864585106276,0.24611710709864876,0.2615514201394984,0.1746610307890033,0.8894566202200102,0.29638441767164647,0.04746937561593745,0.4790158694238994,0.3112351510209521,0.7885918489655142,0.14798751436974644,0.8973741077589843,0.3648552970823815,0.16904576366821,0.2066360306830437,0.3060294955969626,0.9855152105049289,0.07598178347783469,0.06941478924645839,0.4584161527041468,0.42675077929226823,0.27257844488284766,0.412357960708737,0.44038489367796463,0.24307101936140452,0.11436009090936905,0.4897586870440984,0.1825643376356576,0.1080223714870664,0.5597455904852455,0.20089479577377056,0.06737004335298125,0.7023273767866423,0.26440822770426375,0.42539700101680866,0.3228621348229661,0.5063373183643817,0.2282831988378572,0.35421715572258894,0.3163303440976766,0.8616444376383063,0.605351056497336,0.33502178154810147,0.2989291090934896
0.5928961766421706,0.07963572693593568,0.21164039145604263,0.4093603817183469,0.3029454952784054,0.8118685665111091,0.31684864585106276,0.24611710709864876,0.2615514201394984,0.1746610307890033,0.8894566202200102,0.29638441767164647,0.04746937561593745,0.4790158694238994,0.3112351510209521,0.7885918489655142,0.14798751436974644,0.8973741077589843,0.3648552970823815,0.16904576366821,0.2066360306830437,0.3060294955969626,0.9855152105049289,0.07598178347783469,0.06941478924645839,0.4584161527041468,0.42675077929226823,0.27257844488284766,0.412357960708737,0.44038489367796463,0.24307101936140452,0.11436009090936905,0.4897586870440984,0.1825643376356576,0.1080223714870664,0.5597455904852455,0.20089479577377056,0.06737004335298125,0.7023273767866423,0.26440822770426375,0.42539700101680866,0.3228621348229661,0.5063373183643817,0.2282831988378572,0.35421715572258894,0.3163303440976766,0.8616444376383063,0.605351056497336,0.33502178154810147,0.2989291090934896
0.5928961766421706,0.07963572693593568,0.21164039145604263,0.4093603817183469,0.3029454952784054,0.8118685665111091,0.31684864585106276,0.24611710709864876,0.2615514201394984,0.1746610307890033,0.8894566202200102,0.29638441767164647,0.04746937561593745,0.4790158694238994,0.3112351510209521,0.7885918489655142,0.14798751436974644,0.8973741077589843,0.3648552970823815,0.16904576366821,0.2066360306830437,0.3060294955969626,0.9855152105049289,0.07598178347783469,0.06941478924645839,0.4584161527041468,0.42675077929226823,0.27257844488284766,0.412357960708737,0.44038489367796463,0.24307101936140452,0.11436009090936905,0.4897586870440984,0.1825643376356576,0.1080223714870664,0.5597455904852455,0.20089479577377056,0.06737004335298125,0.7023273767866423,0.26440822770426375,0.42539700101680866,0.3228621348229661,0.5063373183643817,0.2282831988378572,0.35421715572258894,0.3163303440976766,0.8616444376383063,0.605351056497336,0.33502178154810147,0.2989291090934896
0.5928961766421706,0.07963572693593568,0.21164039145604263,0.4093603817183469,0.3029454952784054,0.8118685665111091,0.31684864585106276,0.24611710709864876,0.2615514201394984,0.1746610307890033,0.8894566202200102,0.29638441767164647,0.04746937561593745,0.4790158694238994,0.3112351510209521,0.7885918489655142,0.14798751436974644,0.8973741077589843,0.3648552970823815,0.16904576366821,0.2066360306830437,0.3060294955969626,0.9855152105049289,0.07598178347783469,0.06941478924645839,0.4584161527041468,0.42675077929226823,0.27257844488284766,0.412357960708737,0.44038489367796463,0.24307101936140452,0.11436009090936905,0.4897586870440984,0.1825643376356576,0.1080223714870664,0.5597455904852455,0.20089479577377056,0.06737004335298125,0.7023273767866423,0.26440822770426375,0.42539700101680866,0.3228621348229661,0.5063373183643817,0.2282831988378572,0.35421715572258894,0.3163303440976766,0.8616444376383063,0.605351056497336,0.33502178154810147,0.2989291090934896
0.5928961766421706,0.07963572693593568,0.21164039145604263,0.4093603817183469,0.3029454952784054,0.8118685665111091,0.31684864585106276,0.24611710709864876,0.2615514201394984,0.1746610307890033,0.8894566202200102,0.29638441767164647,0.04746937561593745,0.4790158694238994,0.3112351510209521,0.7885918489655142,0.14798751436974644,0.8973741077589843,0.3648552970823815,0.16904576366821,0.2066360306830437,0.3060294955969626,0.9855152105049289,0.07598178347783469,0.06941478924645839,0.4584161527041468,0.42675077929226823,0.27257844488284766,0.412357960708737,0.44038489367796463,0.24307101936140452,0.11436009090936905,0.4897586870440984,0.1825643376356576,0.1080223714870664,0.5597455904852455,0.20089479577377056,0.06737004335298125,0.7023273767866423,0.26440822770426375,0.42539700101680866,0.3228621348229661,0.5063373183643817,0.2282831988378572,0.35421715572258894,0.3163303440976766,0.8616444376383063,0.605351056497336,0.33502178154810147,0.2989291090934896
0.5928961766421706,0.07963572693593568,0.21164039145604263,0.4093603817183469,0.3029454952784054,0.8118685665111091,0.31684864585106276,0.24611710709864876,0.2615514201394984,0.1746610307890033,0.8894566202200102,0.29638441767164647,0.04746937561593745,0.4790158694238994,0.3112351510209521,0.7885918489655142,0.14798751436974644,0.8973741077589843,0.3648552970823815,0.16904576366821,0.2066360306830437,0.3060294955969626,0.9855152105049289,0.07598178347783469,0.06941478924645839,0.4584161527041468,0.42675077929226823,0.27257844488284766,0.412357960708737,0.44038489367796463,0.24307101936140452,0.11436009090936905,0.4897586870440984,0.1825643376356576,0.1080223714870664,0.5597455904852455,0.20089479577377056,0.06737004335298125,0.7023273767866423,0.26440822770426375,0.42539700101680866,0.3228621348229661,0.5063373183643817,0.2282831988378572,0.35421715572258894,0.3163303440976766,0.8616444376383063,0.605351056497336,0.33502178154810147,0.2989291090934896
0.5928961766421706,0.07963572693593568,0.21164039145604263,0.4093603817183469,0.3029454952784054,0.8118685665111091,0.31684864585106276,0.24611710709864876,0.2615514201394984,0.1746610307890033,0.8894566202200102,0.29638441767164647,0.04746937561593745,0.4790158694238994,0.3112351510209521,0.7885918489655142,0.14798751436974644,0.8973741077589843,0.3648552970823815,0.16904576366821,0.2066360306830437,0.3060294955969626,0.9855152105049289,0.07598178347783469,0.06941478924645839,0.4584161527041468,0.42675077929226823,0.27257844488284766,0.412357960708737,0.44038489367796463,0.24307101936140452,0.11436009090936905,0.4897586870440984,0.1825643376356576,0.1080223714870664,0.5597455904852455,0.20089479577377056,0.06737004335298125,0.7023273767866423,0.26440822770426375,0.42539700101680866,0.3228621348229661,0.5063373183643817,0.2282831988378572,0.35421715572258894,0.3163303440976766,0.8616444376383063,0.605351056497336,0.33502178154810147,0.2989291090934896
0.5928961766421706,0.07963572693593568,0.21164039145604263,0.4093603817183469,0.3029454952784054,0.8118685665111091,0.31684864585106276,0.24611710709864876,0.2615514201394984,0.1746610307890033,0.8894566202200102,0.29638441767164647,0.04746937561593745,0.4790158694238994,0.3112351510209521,0.7885918489655142,0.14798751436974644,0.8973741077589843,0.3648552970823815,0.16904576366821,0.2066360306830437,0.3060294955969626,0.9855152105049289,0.07598178347783469,0.06941478924645839,0.4584161527041468,0.42675077929226823,0.27257844488284766,0.412357960708737,0.44038489367796463,0.24307101936140452,0.11436009090936905,0.4897586870440984,0.1825643376356576,0.1080223714870664,0.5597455904852455,0.20089479577377056,0.06737004335298125,0.7023273767866423,0.26440822770426375,0.42539700101680866,0.3228621348229661,0.5063373183643817,0.2282831988378572,0.35421715572258894,0.3163303440976766,0.8616444376383063,0.605351056497336,0.33502178154810147,0.2989291090934896
0.5928961766421706,0.07963572693593568,0.21164039145604263,0.4093603817183469,0.3029454952784054,0.8118685665111091,0.31684864585106276,0.24611710709864876,0.2615514201394984,0.1746610307890033,0.8894566202200102,0.29638441767164647,0.04746937561593745,0.4790158694238994,0.3112351510209521,0.7885918489655142,0.14798751436974644,0.8973741077589843,0.3648552970823815,0.16904576366821,0.2066360306830437,0.3060294955969626,0.9855152105049289,0.07598178347783469,0.06941478924645839,0.4584161527041468,0.42675077929226823,0.27257844488284766,0.412357960708737,0.44038489367796463,0.24307101936140452,0.11436009090936905,0.4897586870440984,0.1825643376356576,0.1080223714870664,0.5597455904852455,0.20089479577377056,0.06737004335298125,0.7023273767866423,0.26440822770426375,0.42539700101680866,0.3228621348229661,0.5063373183643817,0.2282831988378572,0.35421715572258894,0.3163303440976766,0.8616444376383063,0.605351056497336,0.33502178154810147,0.2989291090934896
0.5928961766421706,0.07963572693593568,0.21164039145604263,0.4093603817183469,0.3029454952784054,0.8118685665111091,0.31684864585106276,0.24611710709864876,0.2615514201394984,0.1746610307890033,0.8894566202200102,0.29638441767164647,0.04746937561593745,0.4790158694238994,0.3112351510209521,0.7885918489655142,0.14798751436974644,0.8973741077589843,0.3648552970823815,0.16904576366821,0.2066360306830437,0.3060294955969626,0.9855152105049289,0.07598178347783469,0.06941478924645839,0.4584161527041468,0.42675077929226823,0.27257844488284766,0.412357960708737,0.44038489367796463,0.24307101936140452,0.11436009090936905,0.4897586870440984,0.1825643376356576,0.1080223714870664,0.5597455904852455,0.20089479577377056,0.06737004335298125,0.7023273767866423,0.26440822770426375,0.42539700101680866,0.3228621348229661,0.5063373183643817,0.2282831988378572,0.35421715572258894,0.3163303440976766,0.8616444376383063,0.605351056497336,0.33502178154810147,0.2989291090934896
0.5928961766421706,0.07963572693593568,0.21164039145604263,0.4093603817183469,0.3029454952784054,0.8118685665111091,0.31684864585106276,0.24611710709864876,0.2615514201394984,0.1746610307890033,0.8894566202200102,0.29638441767164647,0.04746937561593745,0.4790158694238994,0.3112351510209521,0.7885918489655142,0.14798751436974644,0.8973741077589843,0.3648552970823815,0.16904576366821,0.2066360306830437,0.3060294955969626,0.9855152105049289,0.07598178347783469,0.06941478924645839,0.4584161527041468,0.42675077929226823,0.27257844488284766,0.412357960708737,0.44038489367796463,0.24307101936140452,0.11436009090936905,0.4897586870440984,0.1825643376356576,0.1080223714870664,0.5597455904852455,0.20089479577377056,0.06737004335298125,0.7023273767866423,0.26440822770426375,0.42539700101680866,0.3228621348229661,0.5063373183643817,0.2282831988378572,0.35421715572258894,0.3163303440976766,0.8616444376383063,0.605351056497336,0.33502178154810147,0.2989291090934896
0.5928961766421706,0.07963572693593568,0.21164039145604263,0.4093603817183469,0.3029454952784054,0.8118685665111091,0.31684864585106276,0.24611710709864876,0.2615514201394984,0.1746610307890033,0.8894566202200102,0.29638441767164647,0.04746937561593745,0.4790158694238994,0.3112351510209521,0.7885918489655142,0.14798751436974644,0.8973741077589843,0.3648552970823815,0.16904576366821,0.2066360306830437,0.3060294955969626,0.9855152105049289,0.07598178347783469,0.06941478924645839,0.4584161527041468,0.42675077929226823,0.27257844488284766,0.412357960708737,0.44038489367796463,0.24307101936140452,0.11436009090936905,0.4897586870440984,0.1825643376356576,0.1080223714870664,0.5597455904852455,0.20089479577377056,0.06737004335298125,0.7023273767866423,0.26440822770426375,0.42539700101680866,0.3228621348229661,0.5063373183643817,0.2282831988378572,0.35421715572258894,0.3163303440976766,0.8616444376383063,0.605351056497336,0.33502178154810147,0.2989291090934896
0.5928961766421706,0.07963572693593568,0.21164039145604263,0.4093603817183469,0.3029454952784054,0.8118685665111091,0.31684864585106276,0.24611710709864876,0.2615514201394984,0.1746610307890033,0.8894566202200102,0.29638441767164647,0.04746937561593745,0.4790158694238994,0.3112351510209521,0.7885918489655142,0.14798751436974644,0.8973741077589843,0.3648552970823815,0.16904576366821,0.2066360306830437,0.3060294955969626,0.9855152105049289,0.07598178347783469,0.06941478924645839,0.4584161527041468,0.42675077929226823,0.27257844488284766,0.412357960708737,0.44038489367796463,0.24307101936140452,0.11436009090936905,0.4897586870440984,0.1825643376356576,0.1080223714870664,0.5597455904852455,0.20089479577377056,0.06737004335298125,0.7023273767866423,0.26440822770426375,0.42539700101680866,0.3228621348229661,0.5063373183643817,0.2282831988378572,0.35421715572258894,0.3163303440976766,0.8616444376383063,0.605351056497336,0.33502178154810147,0.2989291090934896
0.5928961766421706,0.07963572693593568,0.21164039145604263,0.4093603817183469,0.3029454952784054,0.8118685665111091,0.31684864585106276,0.24611710709864876,0.2615514201394984,0.1746610307890033,0.8894566202200102,0.29638441767164647,0.04746937561593745,0.4790158694238994,0.3112351510209521,0.7885918489655142,0.14798751436974644,0.8973741077589843,0.3648552970823815,0.16904576366821,0.2066360306830437,0.3060294955969626,0.9855152105049289,0.07598178347783469,0.06941478924645839,0.4584161527041468,0.42675077929226823,0.27257844488284766,0.412357960708737,0.44038489367796463,0.24307101936140452,0.11436009090936905,0.4897586870440984,0.1825643376356576,0.1080223714870664,0.5597455904852455,0.20089479577377056,0.06737004335298125,0.7023273767866423,0.26440822770426375,0.42539700101680866,0.3228621348229661,0.5063373183643817,0.2282831988378572,0.35421715572258894,0.3163303440976766,0.8616444376383063,0.605351056497336,0.33502178154810147,0.2989291090934896
0.5928961766421706,0.07963572693593568,0.21164039145604263,0.4093603817183469,0.3029454952784054,0.8118685665111091,0.31684864585106276,0.24611710709864876,0.2615514201394984,0.1746610307890033,0.8894566202200102,0.29638441767164647,0.04746937561593745,0.4790158694238994,0.3112351510209521,0.7885918489655142,0.14798751436974644,0.8973741077589843,0.3648552970823815,0.16904576366821,0.2066360306830437,0.3060294955969626,0.9855152105049289,0.07598178347783469,0.06941478924645839,0.4584161527041468,0.42675077929226823,0.27257844488284766,0.412357960708737,0.44038489367796463,0.24307101936140452,0.11436009090936905,0.4897586870440984,0.1825643376356576,0.1080223714870664,0.5597455904852455,0.20089479577377056,0.06737004335298125,0.7023273767866423,0.26440822770426375,0.42539700101680866,0.3228621348229661,0.5063373183643817,0.2282831988378572,0.35421715572258894,0.3163303440976766,0.8616444376383063,0.605351056497336,0.33502178154810147,0.2989291090934896
0.5928961766421706,0.07963572693593568,0.21164039145604263,0.4093603817183469,0.3029454952784054,0.8118685665111091,0.31684864585106276,0.24611710709864876,0.2615514201394984,0.1746610307890033,0.8894566202200102,0.29638441767164647,0.04746937561593745,0.4790158694238994,0.3112351510209521,0.7885918489655142,0.14798751436974644,0.8973741077589843,0.3648552970823815,0.16904576366821,0.2066360306830437,0.3060294955969626,0.9855152105049289,0.07598178347783469,0.06941478924645839,0.4584161527041468,0.42675077929226823,0.27257844488284766,0.412357960708737,0.44038489367796463,0.24307101936140452,0.11436009090936905,0.4897586870440984,0.1825643376356576,0.1080223714870664,0.5597455904852455,0.20089479577377056,0.06737004335298125,0.7023273767866423,0.26440822770426375,0.42539700101680866,0.3228621348229661,0.5063373183643817,0.2282831988378572,0.35421715572258894,0.3163303440976766,0.8616444376383063,0.605351056497336,0.33502178154810147,0.2989291090934896
0.5928961766421706,0.07963572693593568,0.21164039145604263,0.4093603817183469,0.3029454952784054,0.8118685665111091,0.31684864585106276,0.24611710709864876,0.2615514201394984,0.1746610307890033,0.8894566202200102,0.29638441767164647,0.04746937561593745,0.4790158694238994,0.3112351510209521,0.7885918489655142,0.14798751436974644,0.8973741077589843,0.3648552970823815,0.16904576366821,0.2066360306830437,0.3060294955969626,0.9855152105049289,0.07598178347783469,0.06941478924645839,0.4584161527041468,0.42675077929226823,0.27257844488284766,0.412357960708737,0.44038489367796463,0.24307101936140452,0.11436009090936905,0.4897586870440984,0.1825643376356576,0.1080223714870664,0.5597455904852455,0.20089479577377056,0.06737004335298125,0.7023273767866423,0.26440822770426375,0.42539700101680866,0.3228621348229661,0.5063373183643817,0.2282831988378572,0.35421715572258894,0.3163303440976766,0.8616444376383063,0.605351056497336,0.33502178154810147,0.2989291090934896
0.5909113367281693,0.07963572693593568,0.21164039145604263,0.34482701876510025,0.3029454952784054,0.7428195158259026,0.40193095771761267,0.24611710709864876,0.2615514201394984,0.44549909652862707,0.8894566202200102,0.29638441767164647,0.04746937561593745,0.4790158694238994,0.3112351510209521,0.7885918489655142,0.2457641889443246,0.45360331936859466,0.05057001095988467,0.16904576366821,0.6521047499467826,0.3060294955969626,0.9855152105049289,0.07598178347783469,0.06941478924645839,0.4584161527041468,0.42675077929226823,0.27257844488284766,0.1944775523265464,0.4503935960861609,0.24307101936140452,0.11436009090936905,0.4897586870440984,0.656471933571982,0.1080223714870664,0.5597455904852455,0.20089479577377056,0.8506215772700735,0.7023273767866423,0.21167815585246041,0.1829264929904535,0.3228621348229661,0.5063373183643817,0.13509759007598265,0.7972910027331521,0.3163303440976766,0.14359577930249068,0.605351056497336,0.0843647948836842,0.2989291090934896
0.5909113367281693,0.07963572693593568,0.21164039145604263,0.34482701876510025,0.3029454952784054,0.7428195158259026,0.40193095771761267,0.24611710709864876,0.2615514201394984,0.44549909652862707,0.8894566202200102,0.29638441767164647,0.04746937561593745,0.4790158694238994,0.3112351510209521,0.7885918489655142,0.2457641889443246,0.45360331936859466,0.05057001095988467,0.16904576366821,0.6521047499467826,0.3060294955969626,0.9855152105049289,0.07598178347783469,0.06941478924645839,0.4584161527041468,0.42675077929226823,0.27257844488284766,0.1944775523265464,0.4503935960861609,0.24307101936140452,0.11436009090936905,0.4897586870440984,0.656471933571982,0.1080223714870664,0.5597455904852455,0.20089479577377056,0.8506215772700735,0.7023273767866423,0.21167815585246041,0.1829264929904535,0.3228621348229661,0.5063373183643817,0.13509759007598265,0.7972910027331521,0.3163303440976766,0.14359577930249068,0.605351056497336,0.0843647948836842,0.2989291090934896
0.5887025077638968,0.07963572693593568,0.21164039145604263,0.34482701876510025,0.3029454952784054,0.8118685665111091,0.31684864585106276,0.24611710709864876,0.2615514201394984,0.44549909652862707,0.8894566202200102,0.29638441767164647,0.04746937561593745,0.4790158694238994,0.3112351510209521,0.7885918489655142,0.2457641889443246,0.8973741077589843,0.05057001095988467,0.16904576366821,0.2066360306830437,0.3060294955969626,0.9855152105049289,0.07598178347783469,0.06941478924645839,0.4584161527041468,0.42675077929226823,0.27257844488284766,0.412357960708737,0.44038489367796463,0.24307101936140452,0.11436009090936905,0.4897586870440984,0.1825643376356576,0.1080223714870664,0.5597455904852455,0.20089479577377056,0.06737004335298125,0.7023273767866423,0.21167815585246041,0.1829264929904535,0.3228621348229661,0.5063373183643817,0.13509759007598265,0.7972910027331521,0.3163303440976766,0.14359577930249068,0.605351056497336,0.0843647948836842,0.2989291090934896
0.5887025077638968,0.07963572693593568,0.21164039145604263,0.34482701876510025,0.3029454952784054,0.8118685665111091,0.31684864585106276,0.24611710709864876,0.2615514201394984,0.44549909652862707,0.8894566202200102,0.29638441767164647,0.04746937561593745,0.4790158694238994,0.3112351510209521,0.7885918489655142,0.2457641889443246,0.8973741077589843,0.05057001095988467,0.16904576366821,0.2066360306830437,0.3060294955969626,0.9855152105049289,0.07598178347783469,0.06941478924645839,0.4584161527041468,0.42675077929226823,0.27257844488284766,0.412357960708737,0.44038489367796463,0.24307101936140452,0.11436009090936905,0.4897586870440984,0.1825643376356576,0.1080223714870664,0.5597455904852455,0.20089479577377056,0.06737004335298125,0.7023273767866423,0.21167815585246041,0.1829264929904535,0.3228621348229661,0.5063373183643817,0.13509759007598265,0.7972910027331521,0.3163303440976766,0.14359577930249068,0.605351056497336,0.0843647948836842,0.2989291090934896
0.5887025077638968,0.07963572693593568,0.21164039145604263,0.34482701876510025,0.3029454952784054,0.8118685665111091,0.31684864585106276,0.24611710709864876,0.2615514201394984,0.44549909652862707,0.8894566202200102,0.29638441767164647,0.04746937561593745,0.4790158694238994,0.3112351510209521,0.7885918489655142,0.2457641889443246,0.8973741077589843,0.05057001095988467,0.16904576366821,0.2066360306830437,0.3060294955969626,0.9855152105049289,0.07598178347783469,0.06941478924645839,0.4584161527041468,0.42675077929226823,0.27257844488284766,0.412357960708737,0.44038489367796463,0.24307101936140452,0.11436009090936905,0.4897586870440984,0.1825643376356576,0.1080223714870664,0.5597455904852455,0.20089479577377056,0.06737004335298125,0.7023273767866423,0.21167815585246041,0.1829264929904535,0.3228621348229661,0.5063373183643817,0.13509759007598265,0.7972910027331521,0.3163303440976766,0.14359577930249068,0.605351056497336,0.0843647948836842,0.2989291090934896
0.5887025077638968,0.07963572693593568,0.21164039145604263,0.34482701876510025,0.3029454952784054,0.8118685665111091,0.31684864585106276,0.24611710709864876,0.2615514201394984,0.44549909652862707,0.8894566202200102,0.29638441767164647,0.04746937561593745,0.4790158694238994,0.3112351510209521,0.7885918489655142,0.2457641889443246,0.8973741077589843,0.05057001095988467,0.16904576366821,0.2066360306830437,0.3060294955969626,0.9855152105049289,0.07598178347783469,0.06941478924645839,0.4584161527041468,0.42675077929226823,0.27257844488284766,0.412357960708737,0.44038489367796463,0.24307101936140452,0.11436009090936905,0.4897586870440984,0.1825643376356576,0.1080223714870664,0.5597455904852455,0.20089479577377056,0.06737004335298125,0.7023273767866423,0.21167815585246041,0.1829264929904535,0.3228621348229661,0.5063373183643817,0.13509759007598265,0.7972910027331521,0.3163303440976766,0.14359577930249068,0.605351056497336,0.0843647948836842,0.2989291090934896
0.5887025077638968,0.07963572693593568,0.21164039145604263,0.34482701876510025,0.3029454952784054,0.8118685665111091,0.31684864585106276,0.24611710709864876,0.2615514201394984,0.44549909652862707,0.8894566202200102,0.29638441767164647,0.04746937561593745,0.4790158694238994,0.3112351510209521,0.7885918489655142,0.2457641889443246,0.8973741077589843,0.05057001095988467,0.16904576366821,0.2066360306830437,0.3060294955969626,0.9855152105049289,0.07598178347783469,0.06941478924645839,0.4584161527041468,0.42675077929226823,0.27257844488284766,0.412357960708737,0.44038489367796463,0.24307101936140452,0.11436009090936905,0.4897586870440984,0.1825643376356576,0.1080223714870664,0.5597455904852455,0.20089479577377056,0.06737004335298125,0.7023273767866423,0.21167815585246041,0.1829264929904535,0.3228621348229661,0.5063373183643817,0.13509759007598265,0.7972910027331521,0.3163303440976766,0.14359577930249068,0.605351056497336,0.0843647948836842,0.2989291090934896
0.5887025077638968,0.07963572693593568,0.21164039145604263,0.34482701876510025,0.3029454952784054,0.8118685665111091,0.31684864585106276,0.24611710709864876,0.2615514201394984,0.44549909652862707,0.8894566202200102,0.29638441767164647,0.04746937561593745,0.4790158694238994,0.3112351510209521,0.7885918489655142,0.2457641889443246,0.8973741077589843,0.05057001095988467,0.16904576366821,0.2066360306830437,0.3060294955969626,0.9855152105049289,0.07598178347783469,0.06941478924645839,0.4584161527041468,0.42675077929226823,0.27257844488284766,0.412357960708737,0.44038489367796463,0.24307101936140452,0.11436009090936905,0.4897586870440984,0.1825643376356576,0.1080223714870664,0.5597455904852455,0.20089479577377056,0.06737004335298125,0.7023273767866423,0.21167815585246041,0.1829264929904535,0.3228621348229661,0.5063373183643817,0.13509759007598265,0.7972910027331521,0.3163303440976766,0.14359577930249068,0.605351056497336,0.0843647948836842,0.2989291090934896
0.5887025077638968,0.07963572693593568,0.21164039145604263,0.34482701876510025,0.3029454952784054,0.8118685665111091,0.31684864585106276,0.24611710709864876,0.2615514201394984,0.44549909652862707,0.8894566202200102,0.29638441767164647,0.04746937561593745,0.4790158694238994,0.3112351510209521,0.7885918489655142,0.2457641889443246,0.8973741077589843,0.05057001095988467,0.16904576366821,0.2066360306830437,0.3060294955969626,0.9855152105049289,0.07598178347783469,0.06941478924645839,0.4584161527041468,0.42675077929226823,0.27257844488284766,0.412357960708737,0.44038489367796463,0.24307101936140452,0.11436009090936905,0.4897586870440984,0.1825643376356576,0.1080223714870664,0.5597455904852455,0.20089479577377056,0.06737004335298125,0.7023273767866423,0.21167815585246041,0.1829264929904535,0.3228621348229661,0.5063373183643817,0.13509759007598265,0.7972910027331521,0.3163303440976766,0.14359577930249068,0.605351056497336,0.0843647948836842,0.2989291090934896
0.5887025077638968,0.07963572693593568,0.21164039145604263,0.34482701876510025,0.3029454952784054,0.8118685665111091,0.31684864585106276,0.24611710709864876,0.2615514201394984,0.44549909652862707,0.8894566202200102,0.29638441767164647,0.04746937561593745,0.4790158694238994,0.3112351510209521,0.7885918489655142,0.2457641889443246,0.8973741077589843,0.05057001095988467,0.16904576366821,0.2066360306830437,0.3060294955969626,0.9855152105049289,0.07598178347783469,0.06941478924645839,0.4584161527041468,0.42675077929226823,0.27257844488284766,0.412357960708737,0.44038489367796463,0.24307101936140452,0.11436009090936905,0.4897586870440984,0.1825643376356576,0.1080223714870664,0.5597455904852455,0.20089479577377056,0.06737004335298125,0.7023273767866423,0.21167815585246041,0.1829264929904535,0.3228621348229661,0.5063373183643817,0.13509759007598265,0.7972910027331521,0.3163303440976766,0.14359577930249068,0.605351056497336,0.0843647948836842,0.2989291090934896
0.5784347908724876,0.07963572693593568,0.21164039145604263,0.34482701876510025,0.33309576350873704,0.7428195158259026,0.40193095771761267,0.24611710709864876,0.36326328817577513,0.7119604097811,0.24070522209760714,0.29638441767164647,0.29866185128221945,0.4790158694238994,0.02963362189677865,0.059945864048866815,0.2457641889443246,0.5952972398604928,0.44750761121369587,0.16904576366821,0.4443495462667846,0.3060294955969626,0.16891697116655602,0.07598178347783469,0.9896807689658967,0.4584161527041468,0.42675077929226823,0.27257844488284766,0.1944775523265464,0.4503935960861609,0.24307101936140452,0.11436009090936905,0.4897586870440984,0.3323798344895684,0.48515088055840805,0.19436429862579796,0.02936810006389856,0.8506215772700735,0.30356425949571564,0.21167815585246041,0.9704686972060347,0.09877429915817382,0.5063373183643817,0.7720984386967537,0.7972910027331521,0.3163303440976766,0.14359577930249068,0.10190118464715003,0.0843647948836842,0.1932830141312386
0.5784347908724876,0.07963572693593568,0.21164039145604263,0.34482701876510025,0.33309576350873704,0.7428195158259026,0.40193095771761267,0.24611710709864876,0.36326328817577513,0.7119604097811,0.24070522209760714,0.29638441767164647,0.29866185128221945,0.4790158694238994,0.02963362189677865,0.059945864048866815,0.2457641889443246,0.5952972398604928,0.44750761121369587,0.16904576366821,0.4443495462667846,0.3060294955969626,0.16891697116655602,0.07598178347783469,0.9896807689658967,0.4584161527041468,0.42675077929226823,0.27257844488284766,0.1944775523265464,0.4503935960861609,0.24307101936140452,0.11436009090936905,0.4897586870440984,0.3323798344895684,0.48515088055840805,0.19436429862579796,0.02936810006389856,0.8506215772700735,0.30356425949571564,0.21167815585246041,0.9704686972060347,0.09877429915817382,0.5063373183643817,0.7720984386967537,0.7972910027331521,0.3163303440976766,0.14359577930249068,0.10190118464715003,0.0843647948836842,0.1932830141312386
0.5784347908724876,0.07963572693593568,0.21164039145604263,0.34482701876510025,0.33309576350873704,0.7428195158259026,0.40193095771761267,0.24611710709864876,0.36326328817577513,0.7119604097811,0.24070522209760714,0.29638441767164647,0.29866185128221945,0.4790158694238994,0.02963362189677865,0.059945864048866815,0.2457641889443246,0.5952972398604928,0.44750761121369587,0.16904576366821,0.4443495462667846,0.3060294955969626,0.16891697116655602,0.07598178347783469,0.9896807689658967,0.4584161527041468,0.42675077929226823,0.27257844488284766,0.1944775523265464,0.4503935960861609,0.24307101936140452,0.11436009090936905,0.4897586870440984,0.3323798344895684,0.48515088055840805,0.19436429862579796,0.02936810006389856,0.8506215772700735,0.30356425949571564,0.21167815585246041,0.9704686972060347,0.09877429915817382,0.5063373183643817,0.7720984386967537,0.7972910027331521,0.3163303440976766,0.14359577930249068,0.10190118464715003,0.0843647948836842,0.1932830141312386
0.5784347908724876,0.07963572693593568,0.21164039145604263,0.34482701876510025,0.33309576350873704,0.7428195158259026,0.40193095771761267,0.24611710709864876,0.36326328817577513,0.7119604097811,0.24070522209760714,0.29638441767164647,0.29866185128221945,0.4790158694238994,0.02963362189677865,0.059945864048866815,0.2457641889443246,0.5952972398604928,0.44750761121369587,0.16904576366821,0.4443495462667846,0.3060294955969626,0.16891697116655602,0.07598178347783469,0.9896807689658967,0.4584161527041468,0.42675077929226823,0.27257844488284766,0.1944775523265464,0.4503935960861609,0.24307101936140452,0.11436009090936905,0.4897586870440984,0.3323798344895684,0.48515088055840805,0.19436429862579796,0.02936810006389856,0.8506215772700735,0.30356425949571564,0.21167815585246041,0.9704686972060347,0.09877429915817382,0.5063373183643817,0.7720984386967537,0.7972910027331521,0.3163303440976766,0.14359577930249068,0.10190118464715003,0.0843647948836842,0.1932830141312386
0.5784347908724876,0.07963572693593568,0.21164039145604263,0.34482701876510025,0.33309576350873704,0.7428195158259026,0.40193095771761267,0.24611710709864876,0.36326328817577513,0.7119604097811,0.24070522209760714,0.29638441767164647,0.29866185128221945,0.4790158694238994,0.02963362189677865,0.059945864048866815,0.2457641889443246,0.5952972398604928,0.44750761121369587,0.16904576366821,0.4443495462667846,0.3060294955969626,0.16891697116655602,0.07598178347783469,0.9896807689658967,0.4584161527041468,0.42675077929226823,0.27257844488284766,0.1944775523265464,0.4503935960861609,0.24307101936140452,0.11436009090936905,0.4897586870440984,0.3323798344895684,0.48515088055840805,0.19436429862579796,0.02936810006389856,0.8506215772700735,0.30356425949571564,0.21167815585246041,0.9704686972060347,0.09877429915817382,0.5063373183643817,0.7720984386967537,0.7972910027331521,0.3163303440976766,0.14359577930249068,0.10190118464715003,0.0843647948836842,0.1932830141312386
0.5784347908724876,0.07963572693593568,0.21164039145604263,0.34482701876510025,0.33309576350873704,0.7428195158259026,0.40193095771761267,0.24611710709864876,0.36326328817577513,0.7119604097811,0.24070522209760714,0.29638441767164647,0.29866185128221945,0.4790158694238994,0.02963362189677865,0.059945864048866815,0.2457641889443246,0.5952972398604928,0.44750761121369587,0.16904576366821,0.4443495462667846,0.3060294955969626,0.16891697116655602,0.07598178347783469,0.9896807689658967,0.4584161527041468,0.42675077929226823,0.27257844488284766,0.1944775523265464,0.4503935960861609,0.24307101936140452,0.11436009090936905,0.4897586870440984,0.3323798344895684,0.48515088055840805,0.19436429862579796,0.02936810006389856,0.8506215772700735,0.30356425949571564,0.21167815585246041,0.9704686972060347,0.09877429915817382,0.5063373183643817,0.7720984386967537,0.7972910027331521,0.3163303440976766,0.14359577930249068,0.10190118464715003,0.0843647948836842,0.1932830141312386
0.5784347908724876,0.07963572693593568,0.21164039145604263,0.34482701876510025,0.33309576350873704,0.7428195158259026,0.40193095771761267,0.24611710709864876,0.36326328817577513,0.7119604097811,0.24070522209760714,0.29638441767164647,0.29866185128221945,0.4790158694238994,0.02963362189677865,0.059945864048866815,0.2457641889443246,0.5952972398604928,0.44750761121369587,0.16904576366821,0.4443495462667846,0.3060294955969626,0.16891697116655602,0.07598178347783469,0.9896807689658967,0.4584161527041468,0.42675077929226823,0.27257844488284766,0.1944775523265464,0.4503935960861609,0.24307101936140452,0.11436009090936905,0.4897586870440984,0.3323798344895684,0.48515088055840805,0.19436429862579796,0.02936810006389856,0.8506215772700735,0.30356425949571564,0.21167815585246041,0.9704686972060347,0.09877429915817382,0.5063373183643817,0.7720984386967537,0.7972910027331521,0.3163303440976766,0.14359577930249068,0.10190118464715003,0.0843647948836842,0.1932830141312386
0.5784347908724876,0.07963572693593568,0.21164039145604263,0.34482701876510025,0.33309576350873704,0.7428195158259026,0.40193095771761267,0.24611710709864876,0.36326328817577513,0.7119604097811,0.24070522209760714,0.29638441767164647,0.29866185128221945,0.4790158694238994,0.02963362189677865,0.059945864048866815,0.2457641889443246,0.5952972398604928,0.44750761121369587,0.16904576366821,0.4443495462667846,0.3060294955969626,0.16891697116655602,0.07598178347783469,0.9896807689658967,0.4584161527041468,0.42675077929226823,0.27257844488284766,0.1944775523265464,0.4503935960861609,0.24307101936140452,0.11436009090936905,0.4897586870440984,0.3323798344895684,0.48515088055840805,0.19436429862579796,0.02936810006389856,0.8506215772700735,0.30356425949571564,0.21167815585246041,0.9704686972060347,0.09877429915817382,0.5063373183643817,0.7720984386967537,0.7972910027331521,0.3163303440976766,0.14359577930249068,0.10190118464715003,0.0843647948836842,0.1932830141312386
0.5784347908724876,0.07963572693593568,0.21164039145604263,0.34482701876510025,0.33309576350873704,0.7428195158259026,0.40193095771761267,0.24611710709864876,0.36326328817577513,0.7119604097811,0.24070522209760714,0.29638441767164647,0.29866185128221945,0.4790158694238994,0.02963362189677865,0.059945864048866815,0.2457641889443246,0.5952972398604928,0.44750761121369587,0.16904576366821,0.4443495462667846,0.3060294955969626,0.16891697116655602,0.07598178347783469,0.9896807689658967,0.4584161527041468,0.42675077929226823,0.27257844488284766,0.1944775523265464,0.4503935960861609,0.24307101936140452,0.11436009090936905,0.4897586870440984,0.3323798344895684,0.48515088055840805,0.19436429862579796,0.02936810006389856,0.8506215772700735,0.30356425949571564,0.21167815585246041,0.9704686972060347,0.09877429915817382,0.5063373183643817,0.7720984386967537,0.7972910027331521,0.3163303440976766,0.14359577930249068,0.10190118464715003,0.0843647948836842,0.1932830141312386
0.5784347908724876,0.07963572693593568,0.21164039145604263,0.34482701876510025,0.33309576350873704,0.7428195158259026,0.40193095771761267,0.24611710709864876,0.36326328817577513,0.7119604097811,0.24070522209760714,0.29638441767164647,0.29866185128221945,0.4790158694238994,0.02963362189677865,0.059945864048866815,0.2457641889443246,0.5952972398604928,0.44750761121369587,0.16904576366821,0.4443495462667846,0.3060294955969626,0.16891697116655602,0.07598178347783469,0.9896807689658967,0.4584161527041468,0.42675077929226823,0.27257844488284766,0.1944775523265464,0.4503935960861609,0.24307101936140452,0.11436009090936905,0.4897586870440984,0.3323798344895684,0.48515088055840805,0.19436429862579796,0.02936810006389856,0.8506215772700735,0.30356425949571564,0.21167815585246041,0.9704686972060347,0.09877429915817382,0.5063373183643817,0.7720984386967537,0.7972910027331521,0.3163303440976766,0.14359577930249068,0.10190118464715003,0.0843647948836842,0.1932830141312386
0.5784347908724876,0.07963572693593568,0.21164039145604263,0.34482701876510025,0.33309576350873704,0.7428195158259026,0.40193095771761267,0.24611710709864876,0.36326328817577513,0.7119604097811,0.24070522209760714,0.29638441767164647,0.29866185128221945,0.4790158694238994,0.02963362189677865,0.059945864048866815,0.2457641889443246,0.5952972398604928,0.44750761121369587,0.16904576366821,0.4443495462667846,0.3060294955969626,0.16891697116655602,0.07598178347783469,0.9896807689658967,0.4584161527041468,0.42675077929226823,0.27257844488284766,0.1944775523265464,0.4503935960861609,0.24307101936140452,0.11436009090936905,0.4897586870440984,0.3323798344895684,0.48515088055840805,0.19436429862579796,0.02936810006389856,0.8506215772700735,0.30356425949571564,0.21167815585246041,0.9704686972060347,0.09877429915817382,0.5063373183643817,0.7720984386967537,0.7972910027331521,0.3163303440976766,0.14359577930249068,0.10190118464715003,0.0843647948836842,0.1932830141312386
0.5784347908724876,0.07963572693593568,0.21164039145604263,0.34482701876510025,0.33309576350873704,0.7428195158259026,0.40193095771761267,0.24611710709864876,0.36326328817577513,0.7119604097811,0.24070522209760714,0.29638441767164647,0.29866185128221945,0.4790158694238994,0.02963362189677865,0.059945864048866815,0.2457641889443246,0.5952972398604928,0.44750761121369587,0.16904576366821,0.4443495462667846,0.3060294955969626,0.16891697116655602,0.07598178347783469,0.9896807689658967,0.4584161527041468,0.42675077929226823,0.27257844488284766,0.1944775523265464,0.4503935960861609,0.24307101936140452,0.11436009090936905,0.4897586870440984,0.3323798344895684,0.48515088055840805,0.19436429862579796,0.02936810006389856,0.8506215772700735,0.30356425949571564,0.21167815585246041,0.9704686972060347,0.09877429915817382,0.5063373183643817,0.7720984386967537,0.7972910027331521,0.3163303440976766,0.14359577930249068,0.10190118464715003,0.0843647948836842,0.1932830141312386
0.5784347908724876,0.07963572693593568,0.21164039145604263,0.34482701876510025,0.33309576350873704,0.7428195158259026,0.40193095771761267,0.24611710709864876,0.36326328817577513,0.7119604097811,0.24070522209760714,0.29638441767164647,0.29866185128221945,0.4790158694238994,0.02963362189677865,0.059945864048866815,0.2457641889443246,0.5952972398604928,0.44750761121369587,0.16904576366821,0.4443495462667846,0.3060294955969626,0.16891697116655602,0.07598178347783469,0.9896807689658967,0.4584161527041468,0.42675077929226823,0.27257844488284766,0.1944775523265464,0.4503935960861609,0.24307101936140452,0.11436009090936905,0.4897586870440984,0.3323798344895684,0.48515088055840805,0.19436429862579796,0.02936810006389856,0.8506215772700735,0.30356425949571564,0.21167815585246041,0.9704686972060347,0.09877429915817382,0.5063373183643817,0.7720984386967537,0.7972910027331521,0.3163303440976766,0.14359577930249068,0.10190118464715003,0.0843647948836842,0.1932830141312386
0.5784347908724876,0.07963572693593568,0.21164039145604263,0.34482701876510025,0.33309576350873704,0.7428195158259026,0.40193095771761267,0.24611710709864876,0.36326328817577513,0.7119604097811,0.24070522209760714,0.29638441767164647,0.29866185128221945,0.4790158694238994,0.02963362189677865,0.059945864048866815,0.2457641889443246,0.5952972398604928,0.44750761121369587,0.16904576366821,0.4443495462667846,0.3060294955969626,0.16891697116655602,0.07598178347783469,0.9896807689658967,0.4584161527041468,0.42675077929226823,0.27257844488284766,0.1944775523265464,0.4503935960861609,0.24307101936140452,0.11436009090936905,0.4897586870440984,0.3323798344895684,0.48515088055840805,0.19436429862579796,0.02936810006389856,0.8506215772700735,0.30356425949571564,0.21167815585246041,0.9704686972060347,0.09877429915817382,0.5063373183643817,0.7720984386967537,0.7972910027331521,0.3163303440976766,0.14359577930249068,0.10190118464715003,0.0843647948836842,0.1932830141312386
0.5784347908724876,0.07963572693593568,0.21164039145604263,0.34482701876510025,0.33309576350873704,0.7428195158259026,0.40193095771761267,0.24611710709864876,0.36326328817577513,0.7119604097811,0.24070522209760714,0.29638441767164647,0.29866185128221945,0.4790158694238994,0.02963362189677865,0.059945864048866815,0.2457641889443246,0.5952972398604928,0.44750761121369587,0.16904576366821,0.4443495462667846,0.3060294955969626,0.16891697116655602,0.07598178347783469,0.9896807689658967,0.4584161527041468,0.42675077929226823,0.27257844488284766,0.1944775523265464,0.4503935960861609,0.24307101936140452,0.11436009090936905,0.4897586870440984,0.3323798344895684,0.48515088055840805,0.19436429862579796,0.02936810006389856,0.8506215772700735,0.30356425949571564,0.21167815585246041,0.9704686972060347,0.09877429915817382,0.5063373183643817,0.7720984386967537,0.7972910027331521,0.3163303440976766,0.14359577930249068,0.10190118464715003,0.0843647948836842,0.1932830141312386
0.5784347908724876,0.07963572693593568,0.21164039145604263,0.34482701876510025,0.33309576350873704,0.7428195158259026,0.40193095771761267,0.24611710709864876,0.36326328817577513,0.7119604097811,0.24070522209760714,0.29638441767164647,0.29866185128221945,0.4790158694238994,0.02963362189677865,0.059945864048866815,0.2457641889443246,0.5952972398604928,0.44750761121369587,0.16904576366821,0.4443495462667846,0.3060294955969626,0.16891697116655602,0.07598178347783469,0.9896807689658967,0.4584161527041468,0.42675077929226823,0.27257844488284766,0.1944775523265464,0.4503935960861609,0.24307101936140452,0.11436009090936905,0.4897586870440984,0.3323798344895684,0.48515088055840805,0.19436429862579796,0.02936810006389856,0.8506215772700735,0.30356425949571564,0.21167815585246041,0.9704686972060347,0.09877429915817382,0.5063373183643817,0.7720984386967537,0.7972910027331521,0.3163303440976766,0.14359577930249068,0.10190118464715003,0.0843647948836842,0.1932830141312386
0.5784347908724876,0.07963572693593568,0.21164039145604263,0.34482701876510025,0.33309576350873704,0.7428195158259026,0.40193095771761267,0.24611710709864876,0.36326328817577513,0.7119604097811,0.24070522209760714,0.29638441767164647,0.29866185128221945,0.4790158694238994,0.02963362189677865,0.059945864048866815,0.2457641889443246,0.5952972398604928,0.44750761121369587,0.16904576366821,0.4443495462667846,0.3060294955969626,0.16891697116655602,0.07598178347783469,0.9896807689658967,0.4584161527041468,0.42675077929226823,0.27257844488284766,0.1944775523265464,0.4503935960861609,0.24307101936140452,0.11436009090936905,0.4897586870440984,0.3323798344895684,0.48515088055840805,0.19436429862579796,0.02936810006389856,0.8506215772700735,0.30356425949571564,0.21167815585246041,0.9704686972060347,0.09877429915817382,0.5063373183643817,0.7720984386967537,0.7972910027331521,0.3163303440976766,0.14359577930249068,0.10190118464715003,0.0843647948836842,0.1932830141312386
0.5784347908724876,0.07963572693593568,0.21164039145604263,0.34482701876510025,0.33309576350873704,0.7428195158259026,0.40193095771761267,0.24611710709864876,0.36326328817577513,0.7119604097811,0.24070522209760714,0.29638441767164647,0.29866185128221945,0.4790158694238994,0.02963362189677865,0.059945864048866815,0.2457641889443246,0.5952972398604928,0.44750761121369587,0.16904576366821,0.4443495462667846,0.3060294955969626,0.16891697116655602,0.07598178347783469,0.9896807689658967,0.4584161527041468,0.42675077929226823,0.27257844488284766,0.1944775523265464,0.4503935960861609,0.24307101936140452,0.11436009090936905,0.4897586870440984,0.3323798344895684,0.48515088055840805,0.19436429862579796,0.02936810006389856,0.8506215772700735,0.30356425949571564,0.21167815585246041,0.9704686972060347,0.09877429915817382,0.5063373183643817,0.7720984386967537,0.7972910027331521,0.3163303440976766,0.14359577930249068,0.10190118464715003,0.0843647948836842,0.1932830141312386
0.5784347908724876,0.07963572693593568,0.21164039145604263,0.34482701876510025,0.33309576350873704,0.7428195158259026,0.40193095771761267,0.24611710709864876,0.36326328817577513,0.7119604097811,0.24070522209760714,0.29638441767164647,0.29866185128221945,0.4790158694238994,0.02963362189677865,0.059945864048866815,0.2457641889443246,0.5952972398604928,0.44750761121369587,0.16904576366821,0.4443495462667846,0.3060294955969626,0.16891697116655602,0.07598178347783469,0.9896807689658967,0.4584161527041468,0.42675077929226823,0.27257844488284766,0.1944775523265464,0.4503935960861609,0.24307101936140452,0.11436009090936905,0.4897586870440984,0.3323798344895684,0.48515088055840805,0.19436429862579796,0.02936810006389856,0.8506215772700735,0.30356425949571564,0.21167815585246041,0.9704686972060347,0.09877429915817382,0.5063373183643817,0.7720984386967537,0.7972910027331521,0.3163303440976766,0.14359577930249068,0.10190118464715003,0.0843647948836842,0.1932830141312386
0.5784347908724876,0.07963572693593568,0.21164039145604263,0.34482701876510025,0.33309576350873704,0.7428195158259026,0.40193095771761267,0.24611710709864876,0.36326328817577513,0.7119604097811,0.24070522209760714,0.29638441767164647,0.29866185128221945,0.4790158694238994,0.02963362189677865,0.059945864048866815,0.2457641889443246,0.5952972398604928,0.44750761121369587,0.16904576366821,0.4443495462667846,0.3060294955969626,0.16891697116655602,0.07598178347783469,0.9896807689658967,0.4584161527041468,0.42675077929226823,0.27257844488284766,0.1944775523265464,0.4503935960861609,0.24307101936140452,0.11436009090936905,0.4897586870440984,0.3323798344895684,0.48515088055840805,0.19436429862579796,0.02936810006389856,0.8506215772700735,0.30356425949571564,0.21167815585246041,0.9704686972060347,0.09877429915817382,0.5063373183643817,0.7720984386967537,0.7972910027331521,0.3163303440976766,0.14359577930249068,0.10190118464715003,0.0843647948836842,0.1932830141312386
0.5784347908724876,0.07963572693593568,0.21164039145604263,0.34482701876510025,0.33309576350873704,0.7428195158259026,0.40193095771761267,0.24611710709864876,0.36326328817577513,0.7119604097811,0.24070522209760714,0.29638441767164647,0.29866185128221945,0.4790158694238994,0.02963362189677865,0.059945864048866815,0.2457641889443246,0.5952972398604928,0.44750761121369587,0.16904576366821,0.4443495462667846,0.3060294955969626,0.16891697116655602,0.07598178347783469,0.9896807689658967,0.4584161527041468,0.42675077929226823,0.27257844488284766,0.1944775523265464,0.4503935960861609,0.24307101936140452,0.11436009090936905,0.4897586870440984,0.3323798344895684,0.48515088055840805,0.19436429862579796,0.02936810006389856,0.8506215772700735,0.30356425949571564,0.21167815585246041,0.9704686972060347,0.09877429915817382,0.5063373183643817,0.7720984386967537,0.7972910027331521,0.3163303440976766,0.14359577930249068,0.10190118464715003,0.0843647948836842,0.1932830141312386
0.5784347908724876,0.07963572693593568,0.21164039145604263,0.34482701876510025,0.33309576350873704,0.7428195158259026,0.40193095771761267,0.24611710709864876,0.36326328817577513,0.7119604097811,0.24070522209760714,0.29638441767164647,0.29866185128221945,0.4790158694238994,0.02963362189677865,0.059945864048866815,0.2457641889443246,0.5952972398604928,0.44750761121369587,0.16904576366821,0.4443495462667846,0.3060294955969626,0.16891697116655602,0.07598178347783469,0.9896807689658967,0.4584161527041468,0.42675077929226823,0.27257844488284766,0.1944775523265464,0.4503935960861609,0.24307101936140452,0.11436009090936905,0.4897586870440984,0.3323798344895684,0.48515088055840805,0.19436429862579796,0.02936810006389856,0.8506215772700735,0.30356425949571564,0.21167815585246041,0.9704686972060347,0.09877429915817382,0.5063373183643817,0.7720984386967537,0.7972910027331521,0.3163303440976766,0.14359577930249068,0.10190118464715003,0.0843647948836842,0.1932830141312386
0.5784347908724876,0.07963572693593568,0.21164039145604263,0.34482701876510025,0.33309576350873704,0.7428195158259026,0.40193095771761267,0.24611710709864876,0.36326328817577513,0.7119604097811,0.24070522209760714,0.29638441767164647,0.29866185128221945,0.4790158694238994,0.02963362189677865,0.059945864048866815,0.2457641889443246,0.5952972398604928,0.44750761121369587,0.16904576366821,0.4443495462667846,0.3060294955969626,0.16891697116655602,0.07598178347783469,0.9896807689658967,0.4584161527041468,0.42675077929226823,0.27257844488284766,0.1944775523265464,0.4503935960861609,0.24307101936140452,0.11436009090936905,0.4897586870440984,0.3323798344895684,0.48515088055840805,0.19436429862579796,0.02936810006389856,0.8506215772700735,0.30356425949571564,0.21167815585246041,0.9704686972060347,0.09877429915817382,0.5063373183643817,0.7720984386967537,0.7972910027331521,0.3163303440976766,0.14359577930249068,0.10190118464715003,0.0843647948836842,0.1932830141312386
0.5784347908724876,0.07963572693593568,0.21164039145604263,0.34482701876510025,0.33309576350873704,0.7428195158259026,0.40193095771761267,0.24611710709864876,0.36326328817577513,0.7119604097811,0.24070522209760714,0.29638441767164647,0.29866185128221945,0.4790158694238994,0.02963362189677865,0.059945864048866815,0.2457641889443246,0.5952972398604928,0.44750761121369587,0.16904576366821,0.4443495462667846,0.3060294955969626,0.16891697116655602,0.07598178347783469,0.9896807689658967,0.4584161527041468,0.42675077929226823,0.27257844488284766,0.1944775523265464,0.4503935960861609,0.24307101936140452,0.11436009090936905,0.4897586870440984,0.3323798344895684,0.48515088055840805,0.19436429862579796,0.02936810006389856,0.8506215772700735,0.30356425949571564,0.21167815585246041,0.9704686972060347,0.09877429915817382,0.5063373183643817,0.7720984386967537,0.7972910027331521,0.3163303440976766,0.14359577930249068,0.10190118464715003,0.0843647948836842,0.1932830141312386
0.5784347908724876,0.07963572693593568,0.21164039145604263,0.34482701876510025,0.33309576350873704,0.7428195158259026,0.40193095771761267,0.24611710709864876,0.36326328817577513,0.7119604097811,0.24070522209760714,0.29638441767164647,0.29866185128221945,0.4790158694238994,0.02963362189677865,0.059945864048866815,0.2457641889443246,0.5952972398604928,0.44750761121369587,0.16904576366821,0.4443495462667846,0.3060294955969626,0.16891697116655602,0.07598178347783469,0.9896807689658967,0.4584161527041468,0.42675077929226823,0.27257844488284766,0.1944775523265464,0.4503935960861609,0.24307101936140452,0.11436009090936905,0.4897586870440984,0.3323798344895684,0.48515088055840805,0.19436429862579796,0.02936810006389856,0.8506215772700735,0.30356425949571564,0.21167815585246041,0.9704686972060347,0.09877429915817382,0.5063373183643817,0.7720984386967537,0.7972910027331521,0.3163303440976766,0.14359577930249068,0.10190118464715003,0.0843647948836842,0.1932830141312386
0.5784347908724876,0.07963572693593568,0.21164039145604263,0.34482701876510025,0.33309576350873704,0.7428195158259026,0.40193095771761267,0.24611710709864876,0.36326328817577513,0.7119604097811,0.24070522209760714,0.29638441767164647,0.29866185128221945,0.4790158694238994,0.02963362189677865,0.059945864048866815,0.2457641889443246,0.5952972398604928,0.44750761121369587,0.16904576366821,0.4443495462667846,0.3060294955969626,0.16891697116655602,0.07598178347783469,0.9896807689658967,0.4584161527041468,0.42675077929226823,0.27257844488284766,0.1944775523265464,0.4503935960861609,0.24307101936140452,0.11436009090936905,0.4897586870440984,0.3323798344895684,0.48515088055840805,0.19436429862579796,0.02936810006389856,0.8506215772700735,0.30356425949571564,0.21167815585246041,0.9704686972060347,0.09877429915817382,0.5063373183643817,0.7720984386967537,0.7972910027331521,0.3163303440976766,0.14359577930249068,0.10190118464715003,0.0843647948836842,0.1932830141312386
0.5784347908724876,0.07963572693593568,0.21164039145604263,0.34482701876510025,0.33309576350873704,0.7428195158259026,0.40193095771761267,0.24611710709864876,0.36326328817577513,0.7119604097811,0.24070522209760714,0.29638441767164647,0.29866185128221945,0.4790158694238994,0.02963362189677865,0.059945864048866815,0.2457641889443246,0.5952972398604928,0.44750761121369587,0.16904576366821,0.4443495462667846,0.3060294955969626,0.16891697116655602,0.07598178347783469,0.9896807689658967,0.4584161527041468,0.42675077929226823,0.27257844488284766,0.1944775523265464,0.4503935960861609,0.24307101936140452,0.11436009090936905,0.4897586870440984,0.3323798344895684,0.48515088055840805,0.19436429862579796,0.02936810006389856,0.8506215772700735,0.30356425949571564,0.21167815585246041,0.9704686972060347,0.09877429915817382,0.5063373183643817,0.7720984386967537,0.7972910027331521,0.3163303440976766,0.14359577930249068,0.10190118464715003,0.0843647948836842,0.1932830141312386
0.5784347908724876,0.07963572693593568,0.21164039145604263,0.34482701876510025,0.33309576350873704,0.7428195158259026,0.40193095771761267,0.24611710709864876,0.36326328817577513,0.7119604097811,0.24070522209760714,0.29638441767164647,0.29866185128221945,0.4790158694238994,0.02963362189677865,0.059945864048866815,0.2457641889443246,0.5952972398604928,0.44750761121369587,0.16904576366821,0.4443495462667846,0.3060294955969626,0.16891697116655602,0.07598178347783469,0.9896807689658967,0.4584161527041468,0.42675077929226823,0.27257844488284766,0.1944775523265464,0.4503935960861609,0.24307101936140452,0.11436009090936905,0.4897586870440984,0.3323798344895684,0.48515088055840805,0.19436429862579796,0.02936810006389856,0.8506215772700735,0.30356425949571564,0.21167815585246041,0.9704686972060347,0.09877429915817382,0.5063373183643817,0.7720984386967537,0.7972910027331521,0.3163303440976766,0.14359577930249068,0.10190118464715003,0.0843647948836842,0.1932830141312386
0.5784347908724876,0.07963572693593568,0.21164039145604263,0.34482701876510025,0.33309576350873704,0.7428195158259026,0.40193095771761267,0.24611710709864876,0.36326328817577513,0.7119604097811,0.24070522209760714,0.29638441767164647,0.29866185128221945,0.4790158694238994,0.02963362189677865,0.059945864048866815,0.2457641889443246,0.5952972398604928,0.44750761121369587,0.16904576366821,0.4443495462667846,0.3060294955969626,0.16891697116655602,0.07598178347783469,0.9896807689658967,0.4584161527041468,0.42675077929226823,0.27257844488284766,0.1944775523265464,0.4503935960861609,0.24307101936140452,0.11436009090936905,0.4897586870440984,0.3323798344895684,0.48515088055840805,0.19436429862579796,0.02936810006389856,0.8506215772700735,0.30356425949571564,0.21167815585246041,0.9704686972060347,0.09877429915817382,0.5063373183643817,0.7720984386967537,0.7972910027331521,0.3163303440976766,0.14359577930249068,0.10190118464715003,0.0843647948836842,0.1932830141312386
0.5784347908724876,0.07963572693593568,0.21164039145604263,0.34482701876510025,0.33309576350873704,0.7428195158259026,0.40193095771761267,0.24611710709864876,0.36326328817577513,0.7119604097811,0.24070522209760714,0.29638441767164647,0.29866185128221945,0.4790158694238994,0.02963362189677865,0.059945864048866815,0.2457641889443246,0.5952972398604928,0.44750761121369587,0.16904576366821,0.4443495462667846,0.3060294955969626,0.16891697116655602,0.07598178347783469,0.9896807689658967,0.4584161527041468,0.42675077929226823,0.27257844488284766,0.1944775523265464,0.4503935960861609,0.24307101936140452,0.11436009090936905,0.4897586870440984,0.3323798344895684,0.48515088055840805,0.19436429862579796,0.02936810006389856,0.8506215772700735,0.30356425949571564,0.21167815585246041,0.9704686972060347,0.09877429915817382,0.5063373183643817,0.7720984386967537,0.7972910027331521,0.3163303440976766,0.14359577930249068,0.10190118464715003,0.0843647948836842,0.1932830141312386
0.5784347908724876,0.07963572693593568,0.21164039145604263,0.34482701876510025,0.33309576350873704,0.7428195158259026,0.40193095771761267,0.24611710709864876,0.36326328817577513,0.7119604097811,0.24070522209760714,0.29638441767164647,0.29866185128221945,0.4790158694238994,0.02963362189677865,0.059945864048866815,0.2457641889443246,0.5952972398604928,0.44750761121369587,0.16904576366821,0.4443495462667846,0.3060294955969626,0.16891697116655602,0.07598178347783469,0.9896807689658967,0.4584161527041468,0.42675077929226823,0.27257844488284766,0.1944775523265464,0.4503935960861609,0.24307101936140452,0.11436009090936905,0.4897586870440984,0.3323798344895684,0.48515088055840805,0.19436429862579796,0.02936810006389856,0.8506215772700735,0.30356425949571564,0.21167815585246041,0.9704686972060347,0.09877429915817382,0.5063373183643817,0.7720984386967537,0.7972910027331521,0.3163303440976766,0.14359577930249068,0.10190118464715003,0.0843647948836842,0.1932830141312386
0.5784347908724876,0.07963572693593568,0.21164039145604263,0.34482701876510025,0.33309576350873704,0.7428195158259026,0.40193095771761267,0.24611710709864876,0.36326328817577513,0.7119604097811,0.24070522209760714,0.29638441767164647,0.29866185128221945,0.4790158694238994,0.02963362189677865,0.059945864048866815,0.2457641889443246,0.5952972398604928,0.44750761121369587,0.16904576366821,0.4443495462667846,0.3060294955969626,0.16891697116655602,0.07598178347783469,0.9896807689658967,0.4584161527041468,0.42675077929226823,0.27257844488284766,0.1944775523265464,0.4503935960861609,0.24307101936140452,0.11436009090936905,0.4897586870440984,0.3323798344895684,0.48515088055840805,0.19436429862579796,0.02936810006389856,0.8506215772700735,0.30356425949571564,0.21167815585246041,0.9704686972060347,0.09877429915817382,0.5063373183643817,0.7720984386967537,0.7972910027331521,0.3163303440976766,0.14359577930249068,0.10190118464715003,0.0843647948836842,0.1932830141312386
0.5784347908724876,0.07963572693593568,0.21164039145604263,0.34482701876510025,0.33309576350873704,0.7428195158259026,0.40193095771761267,0.24611710709864876,0.36326328817577513,0.7119604097811,0.24070522209760714,0.29638441767164647,0.29866185128221945,0.4790158694238994,0.02963362189677865,0.059945864048866815,0.2457641889443246,0.5952972398604928,0.44750761121369587,0.16904576366821,0.4443495462667846,0.3060294955969626,0.16891697116655602,0.07598178347783469,0.9896807689658967,0.4584161527041468,0.42675077929226823,0.27257844488284766,0.1944775523265464,0.4503935960861609,0.24307101936140452,0.11436009090936905,0.4897586870440984,0.3323798344895684,0.48515088055840805,0.19436429862579796,0.02936810006389856,0.8506215772700735,0.30356425949571564,0.21167815585246041,0.9704686972060347,0.09877429915817382,0.5063373183643817,0.7720984386967537,0.7972910027331521,0.3163303440976766,0.14359577930249068,0.10190118464715003,0.0843647948836842,0.1932830141312386
0.5784347908724876,0.07963572693593568,0.21164039145604263,0.34482701876510025,0.33309576350873704,0.7428195158259026,0.40193095771761267,0.24611710709864876,0.36326328817577513,0.7119604097811,0.24070522209760714,0.29638441767164647,0.29866185128221945,0.4790158694238994,0.02963362189677865,0.059945864048866815,0.2457641889443246,0.5952972398604928,0.44750761121369587,0.16904576366821,0.4443495462667846,0.3060294955969626,0.16891697116655602,0.07598178347783469,0.9896807689658967,0.4584161527041468,0.42675077929226823,0.27257844488284766,0.1944775523265464,0.4503935960861609,0.24307101936140452,0.11436009090936905,0.4897586870440984,0.3323798344895684,0.48515088055840805,0.19436429862579796,0.02936810006389856,0.8506215772700735,0.30356425949571564,0.21167815585246041,0.9704686972060347,0.09877429915817382,0.5063373183643817,0.7720984386967537,0.7972910027331521,0.3163303440976766,0.14359577930249068,0.10190118464715003,0.0843647948836842,0.1932830141312386
0.5784347908724876,0.07963572693593568,0.21164039145604263,0.34482701876510025,0.33309576350873704,0.7428195158259026,0.40193095771761267,0.24611710709864876,0.36326328817577513,0.7119604097811,0.24070522209760714,0.29638441767164647,0.29866185128221945,0.4790158694238994,0.02963362189677865,0.059945864048866815,0.2457641889443246,0.5952972398604928,0.44750761121369587,0.16904576366821,0.4443495462667846,0.3060294955969626,0.16891697116655602,0.07598178347783469,0.9896807689658967,0.4584161527041468,0.42675077929226823,0.27257844488284766,0.1944775523265464,0.4503935960861609,0.24307101936140452,0.11436009090936905,0.4897586870440984,0.3323798344895684,0.48515088055840805,0.19436429862579796,0.02936810006389856,0.8506215772700735,0.30356425949571564,0.21167815585246041,0.9704686972060347,0.09877429915817382,0.5063373183643817,0.7720984386967537,0.7972910027331521,0.3163303440976766,0.14359577930249068,0.10190118464715003,0.0843647948836842,0.1932830141312386
0.5784347908724876,0.07963572693593568,0.21164039145604263,0.34482701876510025,0.33309576350873704,0.7428195158259026,0.40193095771761267,0.24611710709864876,0.36326328817577513,0.7119604097811,0.24070522209760714,0.29638441767164647,0.29866185128221945,0.4790158694238994,0.02963362189677865,0.059945864048866815,0.2457641889443246,0.5952972398604928,0.44750761121369587,0.16904576366821,0.4443495462667846,0.3060294955969626,0.16891697116655602,0.07598178347783469,0.9896807689658967,0.4584161527041468,0.42675077929226823,0.27257844488284766,0.1944775523265464,0.4503935960861609,0.24307101936140452,0.11436009090936905,0.4897586870440984,0.3323798344895684,0.48515088055840805,0.19436429862579796,0.02936810006389856,0.8506215772700735,0.30356425949571564,0.21167815585246041,0.9704686972060347,0.09877429915817382,0.5063373183643817,0.7720984386967537,0.7972910027331521,0.3163303440976766,0.14359577930249068,0.10190118464715003,0.0843647948836842,0.1932830141312386
0.5784347908724876,0.07963572693593568,0.21164039145604263,0.34482701876510025,0.33309576350873704,0.7428195158259026,0.40193095771761267,0.24611710709864876,0.36326328817577513,0.7119604097811,0.24070522209760714,0.29638441767164647,0.29866185128221945,0.4790158694238994,0.02963362189677865,0.059945864048866815,0.2457641889443246,0.5952972398604928,0.44750761121369587,0.16904576366821,0.4443495462667846,0.3060294955969626,0.16891697116655602,0.07598178347783469,0.9896807689658967,0.4584161527041468,0.42675077929226823,0.27257844488284766,0.1944775523265464,0.4503935960861609,0.24307101936140452,0.11436009090936905,0.4897586870440984,0.3323798344895684,0.48515088055840805,0.19436429862579796,0.02936810006389856,0.8506215772700735,0.30356425949571564,0.21167815585246041,0.9704686972060347,0.09877429915817382,0.5063373183643817,0.7720984386967537,0.7972910027331521,0.3163303440976766,0.14359577930249068,0.10190118464715003,0.0843647948836842,0.1932830141312386
0.5784347908724876,0.07963572693593568,0.21164039145604263,0.34482701876510025,0.33309576350873704,0.7428195158259026,0.40193095771761267,0.24611710709864876,0.36326328817577513,0.7119604097811,0.24070522209760714,0.29638441767164647,0.29866185128221945,0.4790158694238994,0.02963362189677865,0.059945864048866815,0.2457641889443246,0.5952972398604928,0.44750761121369587,0.16904576366821,0.4443495462667846,0.3060294955969626,0.16891697116655602,0.07598178347783469,0.9896807689658967,0.4584161527041468,0.42675077929226823,0.27257844488284766,0.1944775523265464,0.4503935960861609,0.24307101936140452,0.11436009090936905,0.4897586870440984,0.3323798344895684,0.48515088055840805,0.19436429862579796,0.02936810006389856,0.8506215772700735,0.30356425949571564,0.21167815585246041,0.9704686972060347,0.09877429915817382,0.5063373183643817,0.7720984386967537,0.7972910027331521,0.3163303440976766,0.14359577930249068,0.10190118464715003,0.0843647948836842,0.1932830141312386
0.5784347908724876,0.07963572693593568,0.21164039145604263,0.34482701876510025,0.33309576350873704,0.7428195158259026,0.40193095771761267,0.24611710709864876,0.36326328817577513,0.7119604097811,0.24070522209760714,0.29638441767164647,0.29866185128221945,0.4790158694238994,0.02963362189677865,0.059945864048866815,0.2457641889443246,0.5952972398604928,0.44750761121369587,0.16904576366821,0.4443495462667846,0.3060294955969626,0.16891697116655602,0.07598178347783469,0.9896807689658967,0.4584161527041468,0.42675077929226823,0.27257844488284766,0.1944775523265464,0.4503935960861609,0.24307101936140452,0.11436009090936905,0.4897586870440984,0.3323798344895684,0.48515088055840805,0.19436429862579796,0.02936810006389856,0.8506215772700735,0.30356425949571564,0.21167815585246041,0.9704686972060347,0.09877429915817382,0.5063373183643817,0.7720984386967537,0.7972910027331521,0.3163303440976766,0.14359577930249068,0.10190118464715003,0.0843647948836842,0.1932830141312386
0.5784347908724876,0.07963572693593568,0.21164039145604263,0.34482701876510025,0.33309576350873704,0.7428195158259026,0.40193095771761267,0.24611710709864876,0.36326328817577513,0.7119604097811,0.24070522209760714,0.29638441767164647,0.29866185128221945,0.4790158694238994,0.02963362189677865,0.059945864048866815,0.2457641889443246,0.5952972398604928,0.44750761121369587,0.16904576366821,0.4443495462667846,0.3060294955969626,0.16891697116655602,0.07598178347783469,0.9896807689658967,0.4584161527041468,0.42675077929226823,0.27257844488284766,0.1944775523265464,0.4503935960861609,0.24307101936140452,0.11436009090936905,0.4897586870440984,0.3323798344895684,0.48515088055840805,0.19436429862579796,0.02936810006389856,0.8506215772700735,0.30356425949571564,0.21167815585246041,0.9704686972060347,0.09877429915817382,0.5063373183643817,0.7720984386967537,0.7972910027331521,0.3163303440976766,0.14359577930249068,0.10190118464715003,0.0843647948836842,0.1932830141312386
0.5784347908724876,0.07963572693593568,0.21164039145604263,0.34482701876510025,0.33309576350873704,0.7428195158259026,0.40193095771761267,0.24611710709864876,0.36326328817577513,0.7119604097811,0.24070522209760714,0.29638441767164647,0.29866185128221945,0.4790158694238994,0.02963362189677865,0.059945864048866815,0.2457641889443246,0.5952972398604928,0.44750761121369587,0.16904576366821,0.4443495462667846,0.3060294955969626,0.16891697116655602,0.07598178347783469,0.9896807689658967,0.4584161527041468,0.42675077929226823,0.27257844488284766,0.1944775523265464,0.4503935960861609,0.24307101936140452,0.11436009090936905,0.4897586870440984,0.3323798344895684,0.48515088055840805,0.19436429862579796,0.02936810006389856,0.8506215772700735,0.30356425949571564,0.21167815585246041,0.9704686972060347,0.09877429915817382,0.5063373183643817,0.7720984386967537,0.7972910027331521,0.3163303440976766,0.14359577930249068,0.10190118464715003,0.0843647948836842,0.1932830141312386
0.5784347908724876,0.07963572693593568,0.21164039145604263,0.34482701876510025,0.33309576350873704,0.7428195158259026,0.40193095771761267,0.24611710709864876,0.36326328817577513,0.7119604097811,0.24070522209760714,0.29638441767164647,0.29866185128221945,0.4790158694238994,0.02963362189677865,0.059945864048866815,0.2457641889443246,0.5952972398604928,0.44750761121369587,0.16904576366821,0.4443495462667846,0.3060294955969626,0.16891697116655602,0.07598178347783469,0.9896807689658967,0.4584161527041468,0.42675077929226823,0.27257844488284766,0.1944775523265464,0.4503935960861609,0.24307101936140452,0.11436009090936905,0.4897586870440984,0.3323798344895684,0.48515088055840805,0.19436429862579796,0.02936810006389856,0.8506215772700735,0.30356425949571564,0.21167815585246041,0.9704686972060347,0.09877429915817382,0.5063373183643817,0.7720984386967537,0.7972910027331521,0.3163303440976766,0.14359577930249068,0.10190118464715003,0.0843647948836842,0.1932830141312386
0.5784347908724876,0.07963572693593568,0.21164039145604263,0.34482701876510025,0.33309576350873704,0.7428195158259026,0.40193095771761267,0.24611710709864876,0.36326328817577513,0.7119604097811,0.24070522209760714,0.29638441767164647,0.29866185128221945,0.4790158694238994,0.02963362189677865,0.059945864048866815,0.2457641889443246,0.5952972398604928,0.44750761121369587,0.16904576366821,0.4443495462667846,0.3060294955969626,0.16891697116655602,0.07598178347783469,0.9896807689658967,0.4584161527041468,0.42675077929226823,0.27257844488284766,0.1944775523265464,0.4503935960861609,0.24307101936140452,0.11436009090936905,0.4897586870440984,0.3323798344895684,0.48515088055840805,0.19436429862579796,0.02936810006389856,0.8506215772700735,0.30356425949571564,0.21167815585246041,0.9704686972060347,0.09877429915817382,0.5063373183643817,0.7720984386967537,0.7972910027331521,0.3163303440976766,0.14359577930249068,0.10190118464715003,0.0843647948836842,0.1932830141312386
0.5784347908724876,0.07963572693593568,0.21164039145604263,0.34482701876510025,0.33309576350873704,0.7428195158259026,0.40193095771761267,0.24611710709864876,0.36326328817577513,0.7119604097811,0.24070522209760714,0.29638441767164647,0.29866185128221945,0.4790158694238994,0.02963362189677865,0.059945864048866815,0.2457641889443246,0.5952972398604928,0.44750761121369587,0.16904576366821,0.4443495462667846,0.3060294955969626,0.16891697116655602,0.07598178347783469,0.9896807689658967,0.4584161527041468,0.42675077929226823,0.27257844488284766,0.1944775523265464,0.4503935960861609,0.24307101936140452,0.11436009090936905,0.4897586870440984,0.3323798344895684,0.48515088055840805,0.19436429862579796,0.02936810006389856,0.8506215772700735,0.30356425949571564,0.21167815585246041,0.9704686972060347,0.09877429915817382,0.5063373183643817,0.7720984386967537,0.7972910027331521,0.3163303440976766,0.14359577930249068,0.10190118464715003,0.0843647948836842,0.1932830141312386
0.5784347908724876,0.07963572693593568,0.21164039145604263,0.34482701876510025,0.33309576350873704,0.7428195158259026,0.40193095771761267,0.24611710709864876,0.36326328817577513,0.7119604097811,0.24070522209760714,0.29638441767164647,0.29866185128221945,0.4790158694238994,0.02963362189677865,0.059945864048866815,0.2457641889443246,0.5952972398604928,0.44750761121369587,0.16904576366821,0.4443495462667846,0.3060294955969626,0.16891697116655602,0.07598178347783469,0.9896807689658967,0.4584161527041468,0.42675077929226823,0.27257844488284766,0.1944775523265464,0.4503935960861609,0.24307101936140452,0.11436009090936905,0.4897586870440984,0.3323798344895684,0.48515088055840805,0.19436429862579796,0.02936810006389856,0.8506215772700735,0.30356425949571564,0.21167815585246041,0.9704686972060347,0.09877429915817382,0.5063373183643817,0.7720984386967537,0.7972910027331521,0.3163303440976766,0.14359577930249068,0.10190118464715003,0.0843647948836842,0.1932830141312386
0.5784347908724876,0.07963572693593568,0.21164039145604263,0.34482701876510025,0.33309576350873704,0.7428195158259026,0.40193095771761267,0.24611710709864876,0.36326328817577513,0.7119604097811,0.24070522209760714,0.29638441767164647,0.29866185128221945,0.4790158694238994,0.02963362189677865,0.059945864048866815,0.2457641889443246,0.5952972398604928,0.44750761121369587,0.16904576366821,0.4443495462667846,0.3060294955969626,0.16891697116655602,0.07598178347783469,0.9896807689658967,0.4584161527041468,0.42675077929226823,0.27257844488284766,0.1944775523265464,0.4503935960861609,0.24307101936140452,0.11436009090936905,0.4897586870440984,0.3323798344895684,0.48515088055840805,0.19436429862579796,0.02936810006389856,0.8506215772700735,0.30356425949571564,0.21167815585246041,0.9704686972060347,0.09877429915817382,0.5063373183643817,0.7720984386967537,0.7972910027331521,0.3163303440976766,0.14359577930249068,0.10190118464715003,0.0843647948836842,0.1932830141312386
0.5725893339021813,0.014928656741041046,0.21164039145604263,0.34482701876510025,0.9978522771555141,0.7428195158259026,0.40193095771761267,0.4920184056497511,0.7474277666070595,0.7119604097811,0.24070522209760714,0.29638441767164647,0.43690113081108695,0.4790158694238994,0.32314998930980643,0.059945864048866815,0.2457641889443246,0.3625187921105745,0.0914754826375167,0.16904576366821,0.16537187649259577,0.3060294955969626,0.16891697116655602,0.07598178347783469,0.6030569002571814,0.4584161527041468,0.42675077929226823,0.27257844488284766,0.1944775523265464,0.4503935960861609,0.24307101936140452,0.11436009090936905,0.4897586870440984,0.3323798344895684,0.48515088055840805,0.19436429862579796,0.02936810006389856,0.7382611019326316,0.16666742760475217,0.8311831375924152,0.9704686972060347,0.28745354784445154,0.5063373183643817,0.5697184149539372,0.19414174179636712,0.3163303440976766,0.10731525075581683,0.10190118464715003,0.046867164542792494,0.31749196223157405
0.5725893339021813,0.014928656741041046,0.21164039145604263,0.34482701876510025,0.9978522771555141,0.7428195158259026,0.40193095771761267,0.4920184056497511,0.7474277666070595,0.7119604097811,0.24070522209760714,0.29638441767164647,0.43690113081108695,0.4790158694238994,0.32314998930980643,0.059945864048866815,0.2457641889443246,0.3625187921105745,0.0914754826375167,0.16904576366821,0.16537187649259577,0.3060294955969626,0.16891697116655602,0.07598178347783469,0.6030569002571814,0.4584161527041468,0.42675077929226823,0.27257844488284766,0.1944775523265464,0.4503935960861609,0.24307101936140452,0.11436009090936905,0.4897586870440984,0.3323798344895684,0.48515088055840805,0.19436429862579796,0.02936810006389856,0.7382611019326316,0.16666742760475217,0.8311831375924152,0.9704686972060347,0.28745354784445154,0.5063373183643817,0.5697184149539372,0.19414174179636712,0.3163303440976766,0.10731525075581683,0.10190118464715003,0.046867164542792494,0.31749196223157405
0.5725893339021813,0.014928656741041046,0.21164039145604263,0.34482701876510025,0.9978522771555141,0.7428195158259026,0.40193095771761267,0.4920184056497511,0.7474277666070595,0.7119604097811,0.24070522209760714,0.29638441767164647,0.43690113081108695,0.4790158694238994,0.32314998930980643,0.059945864048866815,0.2457641889443246,0.3625187921105745,0.0914754826375167,0.16904576366821,0.16537187649259577,0.3060294955969626,0.16891697116655602,0.07598178347783469,0.6030569002571814,0.4584161527041468,0.42675077929226823,0.27257844488284766,0.1944775523265464,0.4503935960861609,0.24307101936140452,0.11436009090936905,0.4897586870440984,0.3323798344895684,0.48515088055840805,0.19436429862579796,0.02936810006389856,0.7382611019326316,0.16666742760475217,0.8311831375924152,0.9704686972060347,0.28745354784445154,0.5063373183643817,0.5697184149539372,0.19414174179636712,0.3163303440976766,0.10731525075581683,0.10190118464715003,0.046867164542792494,0.31749196223157405
0.5725893339021813,0.014928656741041046,0.21164039145604263,0.34482701876510025,0.9978522771555141,0.7428195158259026,0.40193095771761267,0.4920184056497511,0.7474277666070595,0.7119604097811,0.24070522209760714,0.29638441767164647,0.43690113081108695,0.4790158694238994,0.32314998930980643,0.059945864048866815,0.2457641889443246,0.3625187921105745,0.0914754826375167,0.16904576366821,0.16537187649259577,0.3060294955969626,0.16891697116655602,0.07598178347783469,0.6030569002571814,0.4584161527041468,0.42675077929226823,0.27257844488284766,0.1944775523265464,0.4503935960861609,0.24307101936140452,0.11436009090936905,0.4897586870440984,0.3323798344895684,0.48515088055840805,0.19436429862579796,0.02936810006389856,0.7382611019326316,0.16666742760475217,0.8311831375924152,0.9704686972060347,0.28745354784445154,0.5063373183643817,0.5697184149539372,0.19414174179636712,0.3163303440976766,0.10731525075581683,0.10190118464715003,0.046867164542792494,0.31749196223157405
0.5725893339021813,0.014928656741041046,0.21164039145604263,0.34482701876510025,0.9978522771555141,0.7428195158259026,0.40193095771761267,0.4920184056497511,0.7474277666070595,0.7119604097811,0.24070522209760714,0.29638441767164647,0.43690113081108695,0.4790158694238994,0.32314998930980643,0.059945864048866815,0.2457641889443246,0.3625187921105745,0.0914754826375167,0.16904576366821,0.16537187649259577,0.3060294955969626,0.16891697116655602,0.07598178347783469,0.6030569002571814,0.4584161527041468,0.42675077929226823,0.27257844488284766,0.1944775523265464,0.4503935960861609,0.24307101936140452,0.11436009090936905,0.4897586870440984,0.3323798344895684,0.48515088055840805,0.19436429862579796,0.02936810006389856,0.7382611019326316,0.16666742760475217,0.8311831375924152,0.9704686972060347,0.28745354784445154,0.5063373183643817,0.5697184149539372,0.19414174179636712,0.3163303440976766,0.10731525075581683,0.10190118464715003,0.046867164542792494,0.31749196223157405
0.5725893339021813,0.014928656741041046,0.21164039145604263,0.34482701876510025,0.9978522771555141,0.7428195158259026,0.40193095771761267,0.4920184056497511,0.7474277666070595,0.7119604097811,0.24070522209760714,0.29638441767164647,0.43690113081108695,0.4790158694238994,0.32314998930980643,0.059945864048866815,0.2457641889443246,0.3625187921105745,0.0914754826375167,0.16904576366821,0.16537187649259577,0.3060294955969626,0.16891697116655602,0.07598178347783469,0.6030569002571814,0.4584161527041468,0.42675077929226823,0.27257844488284766,0.1944775523265464,0.4503935960861609,0.24307101936140452,0.11436009090936905,0.4897586870440984,0.3323798344895684,0.48515088055840805,0.19436429862579796,0.02936810006389856,0.7382611019326316,0.16666742760475217,0.8311831375924152,0.9704686972060347,0.28745354784445154,0.5063373183643817,0.5697184149539372,0.19414174179636712,0.3163303440976766,0.10731525075581683,0.10190118464715003,0.046867164542792494,0.31749196223157405
0.5725893339021813,0.014928656741041046,0.21164039145604263,0.34482701876510025,0.9978522771555141,0.7428195158259026,0.40193095771761267,0.4920184056497511,0.7474277666070595,0.7119604097811,0.24070522209760714,0.29638441767164647,0.43690113081108695,0.4790158694238994,0.32314998930980643,0.059945864048866815,0.2457641889443246,0.3625187921105745,0.0914754826375167,0.16904576366821,0.16537187649259577,0.3060294955969626,0.16891697116655602,0.07598178347783469,0.6030569002571814,0.4584161527041468,0.42675077929226823,0.27257844488284766,0.1944775523265464,0.4503935960861609,0.24307101936140452,0.11436009090936905,0.4897586870440984,0.3323798344895684,0.48515088055840805,0.19436429862579796,0.02936810006389856,0.7382611019326316,0.16666742760475217,0.8311831375924152,0.9704686972060347,0.28745354784445154,0.5063373183643817,0.5697184149539372,0.19414174179636712,0.3163303440976766,0.10731525075581683,0.10190118464715003,0.046867164542792494,0.31749196223157405
0.5725893339021813,0.014928656741041046,0.21164039145604263,0.34482701876510025,0.9978522771555141,0.7428195158259026,0.40193095771761267,0.4920184056497511,0.7474277666070595,0.7119604097811,0.24070522209760714,0.29638441767164647,0.43690113081108695,0.4790158694238994,0.32314998930980643,0.059945864048866815,0.2457641889443246,0.3625187921105745,0.0914754826375167,0.16904576366821,0.16537187649259577,0.3060294955969626,0.16891697116655602,0.07598178347783469,0.6030569002571814,0.4584161527041468,0.42675077929226823,0.27257844488284766,0.1944775523265464,0.4503935960861609,0.24307101936140452,0.11436009090936905,0.4897586870440984,0.3323798344895684,0.48515088055840805,0.19436429862579796,0.02936810006389856,0.7382611019326316,0.16666742760475217,0.8311831375924152,0.9704686972060347,0.28745354784445154,0.5063373183643817,0.5697184149539372,0.19414174179636712,0.3163303440976766,0.10731525075581683,0.10190118464715003,0.046867164542792494,0.31749196223157405
0.5725893339021813,0.014928656741041046,0.21164039145604263,0.34482701876510025,0.9978522771555141,0.7428195158259026,0.40193095771761267,0.4920184056497511,0.7474277666070595,0.7119604097811,0.24070522209760714,0.29638441767164647,0.43690113081108695,0.4790158694238994,0.32314998930980643,0.059945864048866815,0.2457641889443246,0.3625187921105745,0.0914754826375167,0.16904576366821,0.16537187649259577,0.3060294955969626,0.16891697116655602,0.07598178347783469,0.6030569002571814,0.4584161527041468,0.42675077929226823,0.27257844488284766,0.1944775523265464,0.4503935960861609,0.24307101936140452,0.11436009090936905,0.4897586870440984,0.3323798344895684,0.48515088055840805,0.19436429862579796,0.02936810006389856,0.7382611019326316,0.16666742760475217,0.8311831375924152,0.9704686972060347,0.28745354784445154,0.5063373183643817,0.5697184149539372,0.19414174179636712,0.3163303440976766,0.10731525075581683,0.10190118464715003,0.046867164542792494,0.31749196223157405
0.5725893339021813,0.014928656741041046,0.21164039145604263,0.34482701876510025,0.9978522771555141,0.7428195158259026,0.40193095771761267,0.4920184056497511,0.7474277666070595,0.7119604097811,0.24070522209760714,0.29638441767164647,0.43690113081108695,0.4790158694238994,0.32314998930980643,0.059945864048866815,0.2457641889443246,0.3625187921105745,0.0914754826375167,0.16904576366821,0.16537187649259577,0.3060294955969626,0.16891697116655602,0.07598178347783469,0.6030569002571814,0.4584161527041468,0.42675077929226823,0.27257844488284766,0.1944775523265464,0.4503935960861609,0.24307101936140452,0.11436009090936905,0.4897586870440984,0.3323798344895684,0.48515088055840805,0.19436429862579796,0.02936810006389856,0.7382611019326316,0.16666742760475217,0.8311831375924152,0.9704686972060347,0.28745354784445154,0.5063373183643817,0.5697184149539372,0.19414174179636712,0.3163303440976766,0.10731525075581683,0.10190118464715003,0.046867164542792494,0.31749196223157405
0.5725893339021813,0.014928656741041046,0.21164039145604263,0.34482701876510025,0.9978522771555141,0.7428195158259026,0.40193095771761267,0.4920184056497511,0.7474277666070595,0.7119604097811,0.24070522209760714,0.29638441767164647,0.43690113081108695,0.4790158694238994,0.32314998930980643,0.059945864048866815,0.2457641889443246,0.3625187921105745,0.0914754826375167,0.16904576366821,0.16537187649259577,0.3060294955969626,0.16891697116655602,0.07598178347783469,0.6030569002571814,0.4584161527041468,0.42675077929226823,0.27257844488284766,0.1944775523265464,0.4503935960861609,0.24307101936140452,0.11436009090936905,0.4897586870440984,0.3323798344895684,0.48515088055840805,0.19436429862579796,0.02936810006389856,0.7382611019326316,0.16666742760475217,0.8311831375924152,0.9704686972060347,0.28745354784445154,0.5063373183643817,0.5697184149539372,0.19414174179636712,0.3163303440976766,0.10731525075581683,0.10190118464715003,0.046867164542792494,0.31749196223157405
0.5725893339021813,0.014928656741041046,0.21164039145604263,0.34482701876510025,0.9978522771555141,0.7428195158259026,0.40193095771761267,0.4920184056497511,0.7474277666070595,0.7119604097811,0.24070522209760714,0.29638441767164647,0.43690113081108695,0.4790158694238994,0.32314998930980643,0.059945864048866815,0.2457641889443246,0.3625187921105745,0.0914754826375167,0.16904576366821,0.16537187649259577,0.3060294955969626,0.16891697116655602,0.07598178347783469,0.6030569002571814,0.4584161527041468,0.42675077929226823,0.27257844488284766,0.1944775523265464,0.4503935960861609,0.24307101936140452,0.11436009090936905,0.4897586870440984,0.3323798344895684,0.48515088055840805,0.19436429862579796,0.02936810006389856,0.7382611019326316,0.16666742760475217,0.8311831375924152,0.9704686972060347,0.28745354784445154,0.5063373183643817,0.5697184149539372,0.19414174179636712,0.3163303440976766,0.10731525075581683,0.10190118464715003,0.046867164542792494,0.31749196223157405
0.5725893339021813,0.014928656741041046,0.21164039145604263,0.34482701876510025,0.9978522771555141,0.7428195158259026,0.40193095771761267,0.4920184056497511,0.7474277666070595,0.7119604097811,0.24070522209760714,0.29638441767164647,0.43690113081108695,0.4790158694238994,0.32314998930980643,0.059945864048866815,0.2457641889443246,0.3625187921105745,0.0914754826375167,0.16904576366821,0.16537187649259577,0.3060294955969626,0.16891697116655602,0.07598178347783469,0.6030569002571814,0.4584161527041468,0.42675077929226823,0.27257844488284766,0.1944775523265464,0.4503935960861609,0.24307101936140452,0.11436009090936905,0.4897586870440984,0.3323798344895684,0.48515088055840805,0.19436429862579796,0.02936810006389856,0.7382611019326316,0.16666742760475217,0.8311831375924152,0.9704686972060347,0.28745354784445154,0.5063373183643817,0.5697184149539372,0.19414174179636712,0.3163303440976766,0.10731525075581683,0.10190118464715003,0.046867164542792494,0.31749196223157405
0.5725893339021813,0.014928656741041046,0.21164039145604263,0.34482701876510025,0.9978522771555141,0.7428195158259026,0.40193095771761267,0.4920184056497511,0.7474277666070595,0.7119604097811,0.24070522209760714,0.29638441767164647,0.43690113081108695,0.4790158694238994,0.32314998930980643,0.059945864048866815,0.2457641889443246,0.3625187921105745,0.0914754826375167,0.16904576366821,0.16537187649259577,0.3060294955969626,0.16891697116655602,0.07598178347783469,0.6030569002571814,0.4584161527041468,0.42675077929226823,0.27257844488284766,0.1944775523265464,0.4503935960861609,0.24307101936140452,0.11436009090936905,0.4897586870440984,0.3323798344895684,0.48515088055840805,0.19436429862579796,0.02936810006389856,0.7382611019326316,0.16666742760475217,0.8311831375924152,0.9704686972060347,0.28745354784445154,0.5063373183643817,0.5697184149539372,0.19414174179636712,0.3163303440976766,0.10731525075581683,0.10190118464715003,0.046867164542792494,0.31749196223157405
0.5725893339021813,0.014928656741041046,0.21164039145604263,0.34482701876510025,0.9978522771555141,0.7428195158259026,0.40193095771761267,0.4920184056497511,0.7474277666070595,0.7119604097811,0.24070522209760714,0.29638441767164647,0.43690113081108695,0.4790158694238994,0.32314998930980643,0.059945864048866815,0.2457641889443246,0.3625187921105745,0.0914754826375167,0.16904576366821,0.16537187649259577,0.3060294955969626,0.16891697116655602,0.07598178347783469,0.6030569002571814,0.4584161527041468,0.42675077929226823,0.27257844488284766,0.1944775523265464,0.4503935960861609,0.24307101936140452,0.11436009090936905,0.4897586870440984,0.3323798344895684,0.48515088055840805,0.19436429862579796,0.02936810006389856,0.7382611019326316,0.16666742760475217,0.8311831375924152,0.9704686972060347,0.28745354784445154,0.5063373183643817,0.5697184149539372,0.19414174179636712,0.3163303440976766,0.10731525075581683,0.10190118464715003,0.046867164542792494,0.31749196223157405
0.5725893339021813,0.014928656741041046,0.21164039145604263,0.34482701876510025,0.9978522771555141,0.7428195158259026,0.40193095771761267,0.4920184056497511,0.7474277666070595,0.7119604097811,0.24070522209760714,0.29638441767164647,0.43690113081108695,0.4790158694238994,0.32314998930980643,0.059945864048866815,0.2457641889443246,0.3625187921105745,0.0914754826375167,0.16904576366821,0.16537187649259577,0.3060294955969626,0.16891697116655602,0.07598178347783469,0.6030569002571814,0.4584161527041468,0.42675077929226823,0.27257844488284766,0.1944775523265464,0.4503935960861609,0.24307101936140452,0.11436009090936905,0.4897586870440984,0.3323798344895684,0.48515088055840805,0.19436429862579796,0.02936810006389856,0.7382611019326316,0.16666742760475217,0.8311831375924152,0.9704686972060347,0.28745354784445154,0.5063373183643817,0.5697184149539372,0.19414174179636712,0.3163303440976766,0.10731525075581683,0.10190118464715003,0.046867164542792494,0.31749196223157405
0.5725893339021813,0.014928656741041046,0.21164039145604263,0.34482701876510025,0.9978522771555141,0.7428195158259026,0.40193095771761267,0.4920184056497511,0.7474277666070595,0.7119604097811,0.24070522209760714,0.29638441767164647,0.43690113081108695,0.4790158694238994,0.32314998930980643,0.059945864048866815,0.2457641889443246,0.3625187921105745,0.0914754826375167,0.16904576366821,0.16537187649259577,0.3060294955969626,0.16891697116655602,0.07598178347783469,0.6030569002571814,0.4584161527041468,0.42675077929226823,0.27257844488284766,0.1944775523265464,0.4503935960861609,0.24307101936140452,0.11436009090936905,0.4897586870440984,0.3323798344895684,0.48515088055840805,0.19436429862579796,0.02936810006389856,0.7382611019326316,0.16666742760475217,0.8311831375924152,0.9704686972060347,0.28745354784445154,0.5063373183643817,0.5697184149539372,0.19414174179636712,0.3163303440976766,0.10731525075581683,0.10190118464715003,0.046867164542792494,0.31749196223157405
0.5725893339021813,0.014928656741041046,0.21164039145604263,0.34482701876510025,0.9978522771555141,0.7428195158259026,0.40193095771761267,0.4920184056497511,0.7474277666070595,0.7119604097811,0.24070522209760714,0.29638441767164647,0.43690113081108695,0.4790158694238994,0.32314998930980643,0.059945864048866815,0.2457641889443246,0.3625187921105745,0.0914754826375167,0.16904576366821,0.16537187649259577,0.3060294955969626,0.16891697116655602,0.07598178347783469,0.6030569002571814,0.4584161527041468,0.42675077929226823,0.27257844488284766,0.1944775523265464,0.4503935960861609,0.24307101936140452,0.11436009090936905,0.4897586870440984,0.3323798344895684,0.48515088055840805,0.19436429862579796,0.02936810006389856,0.7382611019326316,0.16666742760475217,0.8311831375924152,0.9704686972060347,0.28745354784445154,0.5063373183643817,0.5697184149539372,0.19414174179636712,0.3163303440976766,0.10731525075581683,0.10190118464715003,0.046867164542792494,0.31749196223157405
