best_fitness_value_untill_current_iteration,configuration_point_1,configuration_point_2,configuration_point_3,configuration_point_4,configuration_point_5,configuration_point_6,configuration_point_7,configuration_point_8,configuration_point_9,configuration_point_10,configuration_point_11,configuration_point_12,configuration_point_13,configuration_point_14,configuration_point_15,configuration_point_16,configuration_point_17,configuration_point_18,configuration_point_19,configuration_point_20,configuration_point_21,configuration_point_22,configuration_point_23,configuration_point_24,configuration_point_25,configuration_point_26,configuration_point_27,configuration_point_28,configuration_point_29,configuration_point_30,configuration_point_31,configuration_point_32,configuration_point_33,configuration_point_34,configuration_point_35,configuration_point_36,configuration_point_37,configuration_point_38,configuration_point_39,configuration_point_40,configuration_point_41,configuration_point_42,configuration_point_43,configuration_point_44,configuration_point_45,configuration_point_46,configuration_point_47,configuration_point_48,configuration_point_49
0.6394001536985573,0.08423128589537343,0.2019298527242318,0.5494591076931835,0.13446620521921793,0.8122420666768894,0.02610428498697548,0.2180315269371067,0.060575979222110554,0.27478612743110276,0.741625085498745,0.1593665522499791,0.26135692747824935,0.1618907663449365,0.9439727359283597,0.39273950147175074,0.1392325737240736,0.017391635201304156,0.4757038413560468,0.808081558727839,0.3331546173186152,0.4849634526595319,0.9323760442633698,0.7022836516755087,0.7340303777490017,0.6636178999153444,0.7583244473246061,0.22805013185314382,0.7595047163345201,0.40641512568072236,0.49397792270818197,0.7131494628868613,0.016167900531259827,0.5396938591233008,0.34517942744894237,0.3943580708394354,0.01297254133437542,0.708198533262908,0.4391613515227083,0.7471242203561259,0.36417796270790326,0.8518083693257449,0.8997877475778399,0.5646852624083423,0.08709272505537391,0.17710488110518474,0.4144176941874612,0.5733230430404797,0.4945354975671824,0.620629004682712
0.6394001536985573,0.08423128589537343,0.2019298527242318,0.5494591076931835,0.13446620521921793,0.8122420666768894,0.02610428498697548,0.2180315269371067,0.060575979222110554,0.27478612743110276,0.741625085498745,0.1593665522499791,0.26135692747824935,0.1618907663449365,0.9439727359283597,0.39273950147175074,0.1392325737240736,0.017391635201304156,0.4757038413560468,0.808081558727839,0.3331546173186152,0.4849634526595319,0.9323760442633698,0.7022836516755087,0.7340303777490017,0.6636178999153444,0.7583244473246061,0.22805013185314382,0.7595047163345201,0.40641512568072236,0.49397792270818197,0.7131494628868613,0.016167900531259827,0.5396938591233008,0.34517942744894237,0.3943580708394354,0.01297254133437542,0.708198533262908,0.4391613515227083,0.7471242203561259,0.36417796270790326,0.8518083693257449,0.8997877475778399,0.5646852624083423,0.08709272505537391,0.17710488110518474,0.4144176941874612,0.5733230430404797,0.4945354975671824,0.620629004682712
0.634043156561398,0.3601108568818996,0.31942623989359165,0.6923545945835319,0.09304868536855215,0.05563084426349674,0.6779630366865109,0.8838271881919586,0.2598583374180513,0.533337273622979,0.023978845217780043,0.5014564392990075,0.0670039185508986,0.347678130288847,0.5447924723575424,0.18269933038137365,0.7600292874697273,0.4933846002481598,0.10478645001843612,0.679989650949497,0.948201273819991,0.3402160014256006,0.255300982144281,0.2663341378602442,0.4957911655035029,0.20886210945155892,0.11829646563783014,0.39340596053065624,0.021348227899640082,0.2638134629949205,0.5816543655402887,0.6349461553384804,0.15418862144355683,0.08765211366291781,0.7650684566792981,0.6401950687610661,0.27080152880517905,0.6171301163885287,0.06936892453064658,0.3058239884600452,0.5723463573472188,0.811155824652289,0.15759821437528898,0.13915082212876462,0.39067403054588035,0.47576097326092937,0.9296158400766308,0.7330205775897506,0.7455760473142685,0.8409121958188284
0.634043156561398,0.3601108568818996,0.31942623989359165,0.6923545945835319,0.09304868536855215,0.05563084426349674,0.6779630366865109,0.8838271881919586,0.2598583374180513,0.533337273622979,0.023978845217780043,0.5014564392990075,0.0670039185508986,0.347678130288847,0.5447924723575424,0.18269933038137365,0.7600292874697273,0.4933846002481598,0.10478645001843612,0.679989650949497,0.948201273819991,0.3402160014256006,0.255300982144281,0.2663341378602442,0.4957911655035029,0.20886210945155892,0.11829646563783014,0.39340596053065624,0.021348227899640082,0.2638134629949205,0.5816543655402887,0.6349461553384804,0.15418862144355683,0.08765211366291781,0.7650684566792981,0.6401950687610661,0.27080152880517905,0.6171301163885287,0.06936892453064658,0.3058239884600452,0.5723463573472188,0.811155824652289,0.15759821437528898,0.13915082212876462,0.39067403054588035,0.47576097326092937,0.9296158400766308,0.7330205775897506,0.7455760473142685,0.8409121958188284
0.6298379870407301,0.33975249134371843,0.21310354218577332,0.8409598403870813,0.15104828473943233,0.6603806371623044,0.5850875533582331,0.14557487267155356,0.19414984221567855,0.08825615777201634,0.3646593026580619,0.9184093144441345,0.7158124018824259,0.028468694132142036,0.5850565890482131,0.00674769615856774,0.29921962305493544,0.9884657579179423,0.05502101527902381,0.18291625357610997,0.9043498910676111,0.9384270800206822,0.15800066117740286,0.6979121577385264,0.6943509543451734,0.01428113372985218,0.2775084210934967,0.14340091546038813,0.640614188902061,0.025767364822192218,0.13931472900212472,0.11377551754004656,0.21710295842634975,0.7948424128241892,0.32495737620136766,0.5659388714688399,0.25187697328711467,0.3719982797630783,0.7482852998838462,0.4226831703168096,0.8600108652198508,0.2815990337479277,0.6609286917573196,0.18506008743827218,0.5600611535473279,0.5510723748818777,0.43963593200441453,0.1911072497919234,0.3524012201461536,0.5351727032663879
0.6298379870407301,0.33975249134371843,0.21310354218577332,0.8409598403870813,0.15104828473943233,0.6603806371623044,0.5850875533582331,0.14557487267155356,0.19414984221567855,0.08825615777201634,0.3646593026580619,0.9184093144441345,0.7158124018824259,0.028468694132142036,0.5850565890482131,0.00674769615856774,0.29921962305493544,0.9884657579179423,0.05502101527902381,0.18291625357610997,0.9043498910676111,0.9384270800206822,0.15800066117740286,0.6979121577385264,0.6943509543451734,0.01428113372985218,0.2775084210934967,0.14340091546038813,0.640614188902061,0.025767364822192218,0.13931472900212472,0.11377551754004656,0.21710295842634975,0.7948424128241892,0.32495737620136766,0.5659388714688399,0.25187697328711467,0.3719982797630783,0.7482852998838462,0.4226831703168096,0.8600108652198508,0.2815990337479277,0.6609286917573196,0.18506008743827218,0.5600611535473279,0.5510723748818777,0.43963593200441453,0.1911072497919234,0.3524012201461536,0.5351727032663879
0.6298379870407301,0.33975249134371843,0.21310354218577332,0.8409598403870813,0.15104828473943233,0.6603806371623044,0.5850875533582331,0.14557487267155356,0.19414984221567855,0.08825615777201634,0.3646593026580619,0.9184093144441345,0.7158124018824259,0.028468694132142036,0.5850565890482131,0.00674769615856774,0.29921962305493544,0.9884657579179423,0.05502101527902381,0.18291625357610997,0.9043498910676111,0.9384270800206822,0.15800066117740286,0.6979121577385264,0.6943509543451734,0.01428113372985218,0.2775084210934967,0.14340091546038813,0.640614188902061,0.025767364822192218,0.13931472900212472,0.11377551754004656,0.21710295842634975,0.7948424128241892,0.32495737620136766,0.5659388714688399,0.25187697328711467,0.3719982797630783,0.7482852998838462,0.4226831703168096,0.8600108652198508,0.2815990337479277,0.6609286917573196,0.18506008743827218,0.5600611535473279,0.5510723748818777,0.43963593200441453,0.1911072497919234,0.3524012201461536,0.5351727032663879
0.6298379870407301,0.33975249134371843,0.21310354218577332,0.8409598403870813,0.15104828473943233,0.6603806371623044,0.5850875533582331,0.14557487267155356,0.19414984221567855,0.08825615777201634,0.3646593026580619,0.9184093144441345,0.7158124018824259,0.028468694132142036,0.5850565890482131,0.00674769615856774,0.29921962305493544,0.9884657579179423,0.05502101527902381,0.18291625357610997,0.9043498910676111,0.9384270800206822,0.15800066117740286,0.6979121577385264,0.6943509543451734,0.01428113372985218,0.2775084210934967,0.14340091546038813,0.640614188902061,0.025767364822192218,0.13931472900212472,0.11377551754004656,0.21710295842634975,0.7948424128241892,0.32495737620136766,0.5659388714688399,0.25187697328711467,0.3719982797630783,0.7482852998838462,0.4226831703168096,0.8600108652198508,0.2815990337479277,0.6609286917573196,0.18506008743827218,0.5600611535473279,0.5510723748818777,0.43963593200441453,0.1911072497919234,0.3524012201461536,0.5351727032663879
0.6298379870407301,0.33975249134371843,0.21310354218577332,0.8409598403870813,0.15104828473943233,0.6603806371623044,0.5850875533582331,0.14557487267155356,0.19414984221567855,0.08825615777201634,0.3646593026580619,0.9184093144441345,0.7158124018824259,0.028468694132142036,0.5850565890482131,0.00674769615856774,0.29921962305493544,0.9884657579179423,0.05502101527902381,0.18291625357610997,0.9043498910676111,0.9384270800206822,0.15800066117740286,0.6979121577385264,0.6943509543451734,0.01428113372985218,0.2775084210934967,0.14340091546038813,0.640614188902061,0.025767364822192218,0.13931472900212472,0.11377551754004656,0.21710295842634975,0.7948424128241892,0.32495737620136766,0.5659388714688399,0.25187697328711467,0.3719982797630783,0.7482852998838462,0.4226831703168096,0.8600108652198508,0.2815990337479277,0.6609286917573196,0.18506008743827218,0.5600611535473279,0.5510723748818777,0.43963593200441453,0.1911072497919234,0.3524012201461536,0.5351727032663879
0.6106797561074155,0.10118288374508244,0.9397183432352688,0.6923545945835319,0.6833816522008894,0.2792849059505824,0.6779630366865109,0.8838271881919586,0.5260275828483785,0.533337273622979,0.6052386794082063,0.4955429671430587,0.2564983798819541,0.347678130288847,0.4521675240191141,0.22735666683900813,0.7600292874697273,0.4933846002481598,0.2450006511418552,0.6233885330417003,0.4038506963501439,0.30367071750859,0.255300982144281,0.237235947950458,0.18640105411375918,0.20886210945155892,0.11829646563783014,0.46827421946440306,0.021348227899640082,0.2638134629949205,0.3894216235676876,0.6349461553384804,0.15418862144355683,0.08765211366291781,0.46639916687951466,0.6401950687610661,0.1296107562210822,0.6171301163885287,0.022512506260968124,0.3058239884600452,0.5723463573472188,0.811155824652289,0.15759821437528898,0.13915082212876462,0.39067403054588035,0.47576097326092937,0.0168515819630225,0.7330205775897506,0.7455760473142685,0.7181129153256032
0.6106797561074155,0.10118288374508244,0.9397183432352688,0.6923545945835319,0.6833816522008894,0.2792849059505824,0.6779630366865109,0.8838271881919586,0.5260275828483785,0.533337273622979,0.6052386794082063,0.4955429671430587,0.2564983798819541,0.347678130288847,0.4521675240191141,0.22735666683900813,0.7600292874697273,0.4933846002481598,0.2450006511418552,0.6233885330417003,0.4038506963501439,0.30367071750859,0.255300982144281,0.237235947950458,0.18640105411375918,0.20886210945155892,0.11829646563783014,0.46827421946440306,0.021348227899640082,0.2638134629949205,0.3894216235676876,0.6349461553384804,0.15418862144355683,0.08765211366291781,0.46639916687951466,0.6401950687610661,0.1296107562210822,0.6171301163885287,0.022512506260968124,0.3058239884600452,0.5723463573472188,0.811155824652289,0.15759821437528898,0.13915082212876462,0.39067403054588035,0.47576097326092937,0.0168515819630225,0.7330205775897506,0.7455760473142685,0.7181129153256032
0.6106797561074155,0.10118288374508244,0.9397183432352688,0.6923545945835319,0.6833816522008894,0.2792849059505824,0.6779630366865109,0.8838271881919586,0.5260275828483785,0.533337273622979,0.6052386794082063,0.4955429671430587,0.2564983798819541,0.347678130288847,0.4521675240191141,0.22735666683900813,0.7600292874697273,0.4933846002481598,0.2450006511418552,0.6233885330417003,0.4038506963501439,0.30367071750859,0.255300982144281,0.237235947950458,0.18640105411375918,0.20886210945155892,0.11829646563783014,0.46827421946440306,0.021348227899640082,0.2638134629949205,0.3894216235676876,0.6349461553384804,0.15418862144355683,0.08765211366291781,0.46639916687951466,0.6401950687610661,0.1296107562210822,0.6171301163885287,0.022512506260968124,0.3058239884600452,0.5723463573472188,0.811155824652289,0.15759821437528898,0.13915082212876462,0.39067403054588035,0.47576097326092937,0.0168515819630225,0.7330205775897506,0.7455760473142685,0.7181129153256032
0.6106797561074155,0.10118288374508244,0.9397183432352688,0.6923545945835319,0.6833816522008894,0.2792849059505824,0.6779630366865109,0.8838271881919586,0.5260275828483785,0.533337273622979,0.6052386794082063,0.4955429671430587,0.2564983798819541,0.347678130288847,0.4521675240191141,0.22735666683900813,0.7600292874697273,0.4933846002481598,0.2450006511418552,0.6233885330417003,0.4038506963501439,0.30367071750859,0.255300982144281,0.237235947950458,0.18640105411375918,0.20886210945155892,0.11829646563783014,0.46827421946440306,0.021348227899640082,0.2638134629949205,0.3894216235676876,0.6349461553384804,0.15418862144355683,0.08765211366291781,0.46639916687951466,0.6401950687610661,0.1296107562210822,0.6171301163885287,0.022512506260968124,0.3058239884600452,0.5723463573472188,0.811155824652289,0.15759821437528898,0.13915082212876462,0.39067403054588035,0.47576097326092937,0.0168515819630225,0.7330205775897506,0.7455760473142685,0.7181129153256032
0.6062208645436615,0.7284135493505381,0.35637963115566385,0.24175207234630347,0.05651142341725224,0.8707629244832192,0.3456364405109167,0.30638831989540327,0.1635660166149393,0.5459108877888542,0.3865453238188369,0.12591241200616698,0.6655898260049693,0.20199542966915396,0.1819539011784681,0.43716640540885654,0.07943961117472731,0.2797092472384616,0.3403337936310237,0.5132623035087278,0.46062913351036694,0.41978969148941203,0.11444897374148444,0.1870643981138842,0.3893701370666347,0.6030852765903548,0.6691137089311863,0.4211065145811145,0.13443629351845676,0.5532194010673351,0.5424106580608985,0.8066436646437622,0.802676847915132,0.36787809242020286,0.45431782367816953,0.3947438257725774,0.09172908286358217,0.5565053686991844,0.1824597800328157,0.9813507518478753,0.5781907789424354,0.09897772538822225,0.5507524861221617,0.22798306357793607,0.6568468433158036,0.3114759802154886,0.08154607918831036,0.6855954914402163,0.17255764021187436,0.2914181391028403
0.6062208645436615,0.7284135493505381,0.35637963115566385,0.24175207234630347,0.05651142341725224,0.8707629244832192,0.3456364405109167,0.30638831989540327,0.1635660166149393,0.5459108877888542,0.3865453238188369,0.12591241200616698,0.6655898260049693,0.20199542966915396,0.1819539011784681,0.43716640540885654,0.07943961117472731,0.2797092472384616,0.3403337936310237,0.5132623035087278,0.46062913351036694,0.41978969148941203,0.11444897374148444,0.1870643981138842,0.3893701370666347,0.6030852765903548,0.6691137089311863,0.4211065145811145,0.13443629351845676,0.5532194010673351,0.5424106580608985,0.8066436646437622,0.802676847915132,0.36787809242020286,0.45431782367816953,0.3947438257725774,0.09172908286358217,0.5565053686991844,0.1824597800328157,0.9813507518478753,0.5781907789424354,0.09897772538822225,0.5507524861221617,0.22798306357793607,0.6568468433158036,0.3114759802154886,0.08154607918831036,0.6855954914402163,0.17255764021187436,0.2914181391028403
0.6062208645436615,0.7284135493505381,0.35637963115566385,0.24175207234630347,0.05651142341725224,0.8707629244832192,0.3456364405109167,0.30638831989540327,0.1635660166149393,0.5459108877888542,0.3865453238188369,0.12591241200616698,0.6655898260049693,0.20199542966915396,0.1819539011784681,0.43716640540885654,0.07943961117472731,0.2797092472384616,0.3403337936310237,0.5132623035087278,0.46062913351036694,0.41978969148941203,0.11444897374148444,0.1870643981138842,0.3893701370666347,0.6030852765903548,0.6691137089311863,0.4211065145811145,0.13443629351845676,0.5532194010673351,0.5424106580608985,0.8066436646437622,0.802676847915132,0.36787809242020286,0.45431782367816953,0.3947438257725774,0.09172908286358217,0.5565053686991844,0.1824597800328157,0.9813507518478753,0.5781907789424354,0.09897772538822225,0.5507524861221617,0.22798306357793607,0.6568468433158036,0.3114759802154886,0.08154607918831036,0.6855954914402163,0.17255764021187436,0.2914181391028403
0.6062208645436615,0.7284135493505381,0.35637963115566385,0.24175207234630347,0.05651142341725224,0.8707629244832192,0.3456364405109167,0.30638831989540327,0.1635660166149393,0.5459108877888542,0.3865453238188369,0.12591241200616698,0.6655898260049693,0.20199542966915396,0.1819539011784681,0.43716640540885654,0.07943961117472731,0.2797092472384616,0.3403337936310237,0.5132623035087278,0.46062913351036694,0.41978969148941203,0.11444897374148444,0.1870643981138842,0.3893701370666347,0.6030852765903548,0.6691137089311863,0.4211065145811145,0.13443629351845676,0.5532194010673351,0.5424106580608985,0.8066436646437622,0.802676847915132,0.36787809242020286,0.45431782367816953,0.3947438257725774,0.09172908286358217,0.5565053686991844,0.1824597800328157,0.9813507518478753,0.5781907789424354,0.09897772538822225,0.5507524861221617,0.22798306357793607,0.6568468433158036,0.3114759802154886,0.08154607918831036,0.6855954914402163,0.17255764021187436,0.2914181391028403
0.6062208645436615,0.7284135493505381,0.35637963115566385,0.24175207234630347,0.05651142341725224,0.8707629244832192,0.3456364405109167,0.30638831989540327,0.1635660166149393,0.5459108877888542,0.3865453238188369,0.12591241200616698,0.6655898260049693,0.20199542966915396,0.1819539011784681,0.43716640540885654,0.07943961117472731,0.2797092472384616,0.3403337936310237,0.5132623035087278,0.46062913351036694,0.41978969148941203,0.11444897374148444,0.1870643981138842,0.3893701370666347,0.6030852765903548,0.6691137089311863,0.4211065145811145,0.13443629351845676,0.5532194010673351,0.5424106580608985,0.8066436646437622,0.802676847915132,0.36787809242020286,0.45431782367816953,0.3947438257725774,0.09172908286358217,0.5565053686991844,0.1824597800328157,0.9813507518478753,0.5781907789424354,0.09897772538822225,0.5507524861221617,0.22798306357793607,0.6568468433158036,0.3114759802154886,0.08154607918831036,0.6855954914402163,0.17255764021187436,0.2914181391028403
0.6062208645436615,0.7284135493505381,0.35637963115566385,0.24175207234630347,0.05651142341725224,0.8707629244832192,0.3456364405109167,0.30638831989540327,0.1635660166149393,0.5459108877888542,0.3865453238188369,0.12591241200616698,0.6655898260049693,0.20199542966915396,0.1819539011784681,0.43716640540885654,0.07943961117472731,0.2797092472384616,0.3403337936310237,0.5132623035087278,0.46062913351036694,0.41978969148941203,0.11444897374148444,0.1870643981138842,0.3893701370666347,0.6030852765903548,0.6691137089311863,0.4211065145811145,0.13443629351845676,0.5532194010673351,0.5424106580608985,0.8066436646437622,0.802676847915132,0.36787809242020286,0.45431782367816953,0.3947438257725774,0.09172908286358217,0.5565053686991844,0.1824597800328157,0.9813507518478753,0.5781907789424354,0.09897772538822225,0.5507524861221617,0.22798306357793607,0.6568468433158036,0.3114759802154886,0.08154607918831036,0.6855954914402163,0.17255764021187436,0.2914181391028403
0.6062208645436615,0.7284135493505381,0.35637963115566385,0.24175207234630347,0.05651142341725224,0.8707629244832192,0.3456364405109167,0.30638831989540327,0.1635660166149393,0.5459108877888542,0.3865453238188369,0.12591241200616698,0.6655898260049693,0.20199542966915396,0.1819539011784681,0.43716640540885654,0.07943961117472731,0.2797092472384616,0.3403337936310237,0.5132623035087278,0.46062913351036694,0.41978969148941203,0.11444897374148444,0.1870643981138842,0.3893701370666347,0.6030852765903548,0.6691137089311863,0.4211065145811145,0.13443629351845676,0.5532194010673351,0.5424106580608985,0.8066436646437622,0.802676847915132,0.36787809242020286,0.45431782367816953,0.3947438257725774,0.09172908286358217,0.5565053686991844,0.1824597800328157,0.9813507518478753,0.5781907789424354,0.09897772538822225,0.5507524861221617,0.22798306357793607,0.6568468433158036,0.3114759802154886,0.08154607918831036,0.6855954914402163,0.17255764021187436,0.2914181391028403
0.6062208645436615,0.7284135493505381,0.35637963115566385,0.24175207234630347,0.05651142341725224,0.8707629244832192,0.3456364405109167,0.30638831989540327,0.1635660166149393,0.5459108877888542,0.3865453238188369,0.12591241200616698,0.6655898260049693,0.20199542966915396,0.1819539011784681,0.43716640540885654,0.07943961117472731,0.2797092472384616,0.3403337936310237,0.5132623035087278,0.46062913351036694,0.41978969148941203,0.11444897374148444,0.1870643981138842,0.3893701370666347,0.6030852765903548,0.6691137089311863,0.4211065145811145,0.13443629351845676,0.5532194010673351,0.5424106580608985,0.8066436646437622,0.802676847915132,0.36787809242020286,0.45431782367816953,0.3947438257725774,0.09172908286358217,0.5565053686991844,0.1824597800328157,0.9813507518478753,0.5781907789424354,0.09897772538822225,0.5507524861221617,0.22798306357793607,0.6568468433158036,0.3114759802154886,0.08154607918831036,0.6855954914402163,0.17255764021187436,0.2914181391028403
0.6062208645436615,0.7284135493505381,0.35637963115566385,0.24175207234630347,0.05651142341725224,0.8707629244832192,0.3456364405109167,0.30638831989540327,0.1635660166149393,0.5459108877888542,0.3865453238188369,0.12591241200616698,0.6655898260049693,0.20199542966915396,0.1819539011784681,0.43716640540885654,0.07943961117472731,0.2797092472384616,0.3403337936310237,0.5132623035087278,0.46062913351036694,0.41978969148941203,0.11444897374148444,0.1870643981138842,0.3893701370666347,0.6030852765903548,0.6691137089311863,0.4211065145811145,0.13443629351845676,0.5532194010673351,0.5424106580608985,0.8066436646437622,0.802676847915132,0.36787809242020286,0.45431782367816953,0.3947438257725774,0.09172908286358217,0.5565053686991844,0.1824597800328157,0.9813507518478753,0.5781907789424354,0.09897772538822225,0.5507524861221617,0.22798306357793607,0.6568468433158036,0.3114759802154886,0.08154607918831036,0.6855954914402163,0.17255764021187436,0.2914181391028403
0.6062208645436615,0.7284135493505381,0.35637963115566385,0.24175207234630347,0.05651142341725224,0.8707629244832192,0.3456364405109167,0.30638831989540327,0.1635660166149393,0.5459108877888542,0.3865453238188369,0.12591241200616698,0.6655898260049693,0.20199542966915396,0.1819539011784681,0.43716640540885654,0.07943961117472731,0.2797092472384616,0.3403337936310237,0.5132623035087278,0.46062913351036694,0.41978969148941203,0.11444897374148444,0.1870643981138842,0.3893701370666347,0.6030852765903548,0.6691137089311863,0.4211065145811145,0.13443629351845676,0.5532194010673351,0.5424106580608985,0.8066436646437622,0.802676847915132,0.36787809242020286,0.45431782367816953,0.3947438257725774,0.09172908286358217,0.5565053686991844,0.1824597800328157,0.9813507518478753,0.5781907789424354,0.09897772538822225,0.5507524861221617,0.22798306357793607,0.6568468433158036,0.3114759802154886,0.08154607918831036,0.6855954914402163,0.17255764021187436,0.2914181391028403
0.6062208645436615,0.7284135493505381,0.35637963115566385,0.24175207234630347,0.05651142341725224,0.8707629244832192,0.3456364405109167,0.30638831989540327,0.1635660166149393,0.5459108877888542,0.3865453238188369,0.12591241200616698,0.6655898260049693,0.20199542966915396,0.1819539011784681,0.43716640540885654,0.07943961117472731,0.2797092472384616,0.3403337936310237,0.5132623035087278,0.46062913351036694,0.41978969148941203,0.11444897374148444,0.1870643981138842,0.3893701370666347,0.6030852765903548,0.6691137089311863,0.4211065145811145,0.13443629351845676,0.5532194010673351,0.5424106580608985,0.8066436646437622,0.802676847915132,0.36787809242020286,0.45431782367816953,0.3947438257725774,0.09172908286358217,0.5565053686991844,0.1824597800328157,0.9813507518478753,0.5781907789424354,0.09897772538822225,0.5507524861221617,0.22798306357793607,0.6568468433158036,0.3114759802154886,0.08154607918831036,0.6855954914402163,0.17255764021187436,0.2914181391028403
0.6062208645436615,0.7284135493505381,0.35637963115566385,0.24175207234630347,0.05651142341725224,0.8707629244832192,0.3456364405109167,0.30638831989540327,0.1635660166149393,0.5459108877888542,0.3865453238188369,0.12591241200616698,0.6655898260049693,0.20199542966915396,0.1819539011784681,0.43716640540885654,0.07943961117472731,0.2797092472384616,0.3403337936310237,0.5132623035087278,0.46062913351036694,0.41978969148941203,0.11444897374148444,0.1870643981138842,0.3893701370666347,0.6030852765903548,0.6691137089311863,0.4211065145811145,0.13443629351845676,0.5532194010673351,0.5424106580608985,0.8066436646437622,0.802676847915132,0.36787809242020286,0.45431782367816953,0.3947438257725774,0.09172908286358217,0.5565053686991844,0.1824597800328157,0.9813507518478753,0.5781907789424354,0.09897772538822225,0.5507524861221617,0.22798306357793607,0.6568468433158036,0.3114759802154886,0.08154607918831036,0.6855954914402163,0.17255764021187436,0.2914181391028403
0.6062208645436615,0.7284135493505381,0.35637963115566385,0.24175207234630347,0.05651142341725224,0.8707629244832192,0.3456364405109167,0.30638831989540327,0.1635660166149393,0.5459108877888542,0.3865453238188369,0.12591241200616698,0.6655898260049693,0.20199542966915396,0.1819539011784681,0.43716640540885654,0.07943961117472731,0.2797092472384616,0.3403337936310237,0.5132623035087278,0.46062913351036694,0.41978969148941203,0.11444897374148444,0.1870643981138842,0.3893701370666347,0.6030852765903548,0.6691137089311863,0.4211065145811145,0.13443629351845676,0.5532194010673351,0.5424106580608985,0.8066436646437622,0.802676847915132,0.36787809242020286,0.45431782367816953,0.3947438257725774,0.09172908286358217,0.5565053686991844,0.1824597800328157,0.9813507518478753,0.5781907789424354,0.09897772538822225,0.5507524861221617,0.22798306357793607,0.6568468433158036,0.3114759802154886,0.08154607918831036,0.6855954914402163,0.17255764021187436,0.2914181391028403
0.6062208645436615,0.7284135493505381,0.35637963115566385,0.24175207234630347,0.05651142341725224,0.8707629244832192,0.3456364405109167,0.30638831989540327,0.1635660166149393,0.5459108877888542,0.3865453238188369,0.12591241200616698,0.6655898260049693,0.20199542966915396,0.1819539011784681,0.43716640540885654,0.07943961117472731,0.2797092472384616,0.3403337936310237,0.5132623035087278,0.46062913351036694,0.41978969148941203,0.11444897374148444,0.1870643981138842,0.3893701370666347,0.6030852765903548,0.6691137089311863,0.4211065145811145,0.13443629351845676,0.5532194010673351,0.5424106580608985,0.8066436646437622,0.802676847915132,0.36787809242020286,0.45431782367816953,0.3947438257725774,0.09172908286358217,0.5565053686991844,0.1824597800328157,0.9813507518478753,0.5781907789424354,0.09897772538822225,0.5507524861221617,0.22798306357793607,0.6568468433158036,0.3114759802154886,0.08154607918831036,0.6855954914402163,0.17255764021187436,0.2914181391028403
0.6062208645436615,0.7284135493505381,0.35637963115566385,0.24175207234630347,0.05651142341725224,0.8707629244832192,0.3456364405109167,0.30638831989540327,0.1635660166149393,0.5459108877888542,0.3865453238188369,0.12591241200616698,0.6655898260049693,0.20199542966915396,0.1819539011784681,0.43716640540885654,0.07943961117472731,0.2797092472384616,0.3403337936310237,0.5132623035087278,0.46062913351036694,0.41978969148941203,0.11444897374148444,0.1870643981138842,0.3893701370666347,0.6030852765903548,0.6691137089311863,0.4211065145811145,0.13443629351845676,0.5532194010673351,0.5424106580608985,0.8066436646437622,0.802676847915132,0.36787809242020286,0.45431782367816953,0.3947438257725774,0.09172908286358217,0.5565053686991844,0.1824597800328157,0.9813507518478753,0.5781907789424354,0.09897772538822225,0.5507524861221617,0.22798306357793607,0.6568468433158036,0.3114759802154886,0.08154607918831036,0.6855954914402163,0.17255764021187436,0.2914181391028403
0.6062208645436615,0.7284135493505381,0.35637963115566385,0.24175207234630347,0.05651142341725224,0.8707629244832192,0.3456364405109167,0.30638831989540327,0.1635660166149393,0.5459108877888542,0.3865453238188369,0.12591241200616698,0.6655898260049693,0.20199542966915396,0.1819539011784681,0.43716640540885654,0.07943961117472731,0.2797092472384616,0.3403337936310237,0.5132623035087278,0.46062913351036694,0.41978969148941203,0.11444897374148444,0.1870643981138842,0.3893701370666347,0.6030852765903548,0.6691137089311863,0.4211065145811145,0.13443629351845676,0.5532194010673351,0.5424106580608985,0.8066436646437622,0.802676847915132,0.36787809242020286,0.45431782367816953,0.3947438257725774,0.09172908286358217,0.5565053686991844,0.1824597800328157,0.9813507518478753,0.5781907789424354,0.09897772538822225,0.5507524861221617,0.22798306357793607,0.6568468433158036,0.3114759802154886,0.08154607918831036,0.6855954914402163,0.17255764021187436,0.2914181391028403
0.6062208645436615,0.7284135493505381,0.35637963115566385,0.24175207234630347,0.05651142341725224,0.8707629244832192,0.3456364405109167,0.30638831989540327,0.1635660166149393,0.5459108877888542,0.3865453238188369,0.12591241200616698,0.6655898260049693,0.20199542966915396,0.1819539011784681,0.43716640540885654,0.07943961117472731,0.2797092472384616,0.3403337936310237,0.5132623035087278,0.46062913351036694,0.41978969148941203,0.11444897374148444,0.1870643981138842,0.3893701370666347,0.6030852765903548,0.6691137089311863,0.4211065145811145,0.13443629351845676,0.5532194010673351,0.5424106580608985,0.8066436646437622,0.802676847915132,0.36787809242020286,0.45431782367816953,0.3947438257725774,0.09172908286358217,0.5565053686991844,0.1824597800328157,0.9813507518478753,0.5781907789424354,0.09897772538822225,0.5507524861221617,0.22798306357793607,0.6568468433158036,0.3114759802154886,0.08154607918831036,0.6855954914402163,0.17255764021187436,0.2914181391028403
0.6062208645436615,0.7284135493505381,0.35637963115566385,0.24175207234630347,0.05651142341725224,0.8707629244832192,0.3456364405109167,0.30638831989540327,0.1635660166149393,0.5459108877888542,0.3865453238188369,0.12591241200616698,0.6655898260049693,0.20199542966915396,0.1819539011784681,0.43716640540885654,0.07943961117472731,0.2797092472384616,0.3403337936310237,0.5132623035087278,0.46062913351036694,0.41978969148941203,0.11444897374148444,0.1870643981138842,0.3893701370666347,0.6030852765903548,0.6691137089311863,0.4211065145811145,0.13443629351845676,0.5532194010673351,0.5424106580608985,0.8066436646437622,0.802676847915132,0.36787809242020286,0.45431782367816953,0.3947438257725774,0.09172908286358217,0.5565053686991844,0.1824597800328157,0.9813507518478753,0.5781907789424354,0.09897772538822225,0.5507524861221617,0.22798306357793607,0.6568468433158036,0.3114759802154886,0.08154607918831036,0.6855954914402163,0.17255764021187436,0.2914181391028403
0.6062208645436615,0.7284135493505381,0.35637963115566385,0.24175207234630347,0.05651142341725224,0.8707629244832192,0.3456364405109167,0.30638831989540327,0.1635660166149393,0.5459108877888542,0.3865453238188369,0.12591241200616698,0.6655898260049693,0.20199542966915396,0.1819539011784681,0.43716640540885654,0.07943961117472731,0.2797092472384616,0.3403337936310237,0.5132623035087278,0.46062913351036694,0.41978969148941203,0.11444897374148444,0.1870643981138842,0.3893701370666347,0.6030852765903548,0.6691137089311863,0.4211065145811145,0.13443629351845676,0.5532194010673351,0.5424106580608985,0.8066436646437622,0.802676847915132,0.36787809242020286,0.45431782367816953,0.3947438257725774,0.09172908286358217,0.5565053686991844,0.1824597800328157,0.9813507518478753,0.5781907789424354,0.09897772538822225,0.5507524861221617,0.22798306357793607,0.6568468433158036,0.3114759802154886,0.08154607918831036,0.6855954914402163,0.17255764021187436,0.2914181391028403
0.6062208645436615,0.7284135493505381,0.35637963115566385,0.24175207234630347,0.05651142341725224,0.8707629244832192,0.3456364405109167,0.30638831989540327,0.1635660166149393,0.5459108877888542,0.3865453238188369,0.12591241200616698,0.6655898260049693,0.20199542966915396,0.1819539011784681,0.43716640540885654,0.07943961117472731,0.2797092472384616,0.3403337936310237,0.5132623035087278,0.46062913351036694,0.41978969148941203,0.11444897374148444,0.1870643981138842,0.3893701370666347,0.6030852765903548,0.6691137089311863,0.4211065145811145,0.13443629351845676,0.5532194010673351,0.5424106580608985,0.8066436646437622,0.802676847915132,0.36787809242020286,0.45431782367816953,0.3947438257725774,0.09172908286358217,0.5565053686991844,0.1824597800328157,0.9813507518478753,0.5781907789424354,0.09897772538822225,0.5507524861221617,0.22798306357793607,0.6568468433158036,0.3114759802154886,0.08154607918831036,0.6855954914402163,0.17255764021187436,0.2914181391028403
0.6062208645436615,0.7284135493505381,0.35637963115566385,0.24175207234630347,0.05651142341725224,0.8707629244832192,0.3456364405109167,0.30638831989540327,0.1635660166149393,0.5459108877888542,0.3865453238188369,0.12591241200616698,0.6655898260049693,0.20199542966915396,0.1819539011784681,0.43716640540885654,0.07943961117472731,0.2797092472384616,0.3403337936310237,0.5132623035087278,0.46062913351036694,0.41978969148941203,0.11444897374148444,0.1870643981138842,0.3893701370666347,0.6030852765903548,0.6691137089311863,0.4211065145811145,0.13443629351845676,0.5532194010673351,0.5424106580608985,0.8066436646437622,0.802676847915132,0.36787809242020286,0.45431782367816953,0.3947438257725774,0.09172908286358217,0.5565053686991844,0.1824597800328157,0.9813507518478753,0.5781907789424354,0.09897772538822225,0.5507524861221617,0.22798306357793607,0.6568468433158036,0.3114759802154886,0.08154607918831036,0.6855954914402163,0.17255764021187436,0.2914181391028403
0.6062208645436615,0.7284135493505381,0.35637963115566385,0.24175207234630347,0.05651142341725224,0.8707629244832192,0.3456364405109167,0.30638831989540327,0.1635660166149393,0.5459108877888542,0.3865453238188369,0.12591241200616698,0.6655898260049693,0.20199542966915396,0.1819539011784681,0.43716640540885654,0.07943961117472731,0.2797092472384616,0.3403337936310237,0.5132623035087278,0.46062913351036694,0.41978969148941203,0.11444897374148444,0.1870643981138842,0.3893701370666347,0.6030852765903548,0.6691137089311863,0.4211065145811145,0.13443629351845676,0.5532194010673351,0.5424106580608985,0.8066436646437622,0.802676847915132,0.36787809242020286,0.45431782367816953,0.3947438257725774,0.09172908286358217,0.5565053686991844,0.1824597800328157,0.9813507518478753,0.5781907789424354,0.09897772538822225,0.5507524861221617,0.22798306357793607,0.6568468433158036,0.3114759802154886,0.08154607918831036,0.6855954914402163,0.17255764021187436,0.2914181391028403
0.6062208645436615,0.7284135493505381,0.35637963115566385,0.24175207234630347,0.05651142341725224,0.8707629244832192,0.3456364405109167,0.30638831989540327,0.1635660166149393,0.5459108877888542,0.3865453238188369,0.12591241200616698,0.6655898260049693,0.20199542966915396,0.1819539011784681,0.43716640540885654,0.07943961117472731,0.2797092472384616,0.3403337936310237,0.5132623035087278,0.46062913351036694,0.41978969148941203,0.11444897374148444,0.1870643981138842,0.3893701370666347,0.6030852765903548,0.6691137089311863,0.4211065145811145,0.13443629351845676,0.5532194010673351,0.5424106580608985,0.8066436646437622,0.802676847915132,0.36787809242020286,0.45431782367816953,0.3947438257725774,0.09172908286358217,0.5565053686991844,0.1824597800328157,0.9813507518478753,0.5781907789424354,0.09897772538822225,0.5507524861221617,0.22798306357793607,0.6568468433158036,0.3114759802154886,0.08154607918831036,0.6855954914402163,0.17255764021187436,0.2914181391028403
0.6062208645436615,0.7284135493505381,0.35637963115566385,0.24175207234630347,0.05651142341725224,0.8707629244832192,0.3456364405109167,0.30638831989540327,0.1635660166149393,0.5459108877888542,0.3865453238188369,0.12591241200616698,0.6655898260049693,0.20199542966915396,0.1819539011784681,0.43716640540885654,0.07943961117472731,0.2797092472384616,0.3403337936310237,0.5132623035087278,0.46062913351036694,0.41978969148941203,0.11444897374148444,0.1870643981138842,0.3893701370666347,0.6030852765903548,0.6691137089311863,0.4211065145811145,0.13443629351845676,0.5532194010673351,0.5424106580608985,0.8066436646437622,0.802676847915132,0.36787809242020286,0.45431782367816953,0.3947438257725774,0.09172908286358217,0.5565053686991844,0.1824597800328157,0.9813507518478753,0.5781907789424354,0.09897772538822225,0.5507524861221617,0.22798306357793607,0.6568468433158036,0.3114759802154886,0.08154607918831036,0.6855954914402163,0.17255764021187436,0.2914181391028403
0.6054195519395182,0.366673699423571,0.12517377813026764,0.16269818305479633,0.052571433719280636,0.25614926602282306,0.5665420980013042,0.5218138210675057,0.11735341610529304,0.3815009142699246,0.563257860512154,0.08604380872672901,0.03477997689262802,0.2054424514908001,0.605091206548115,0.03660639082111039,0.5691284513385388,0.08006341500447256,0.4927705995401487,0.36318024312927044,0.7555833306651248,0.31790025839746183,0.4537507976928662,0.9799511380903014,0.5378043418810072,0.026450981246222582,0.2554838267195525,0.3929521205268802,0.6651575821334293,0.08162762949765867,0.026538186060885982,0.7051926865906947,0.35968072384500116,0.32203232277422567,0.4963990037445578,0.15853933812541032,0.16922635613842385,0.045144155596232305,0.18960302159894848,0.8932664355521669,0.1893077907548315,0.5107069135599,0.8408883980805214,0.4482730938291458,0.5600211408561366,0.46160494010264896,0.5909777940919698,0.5606091218747502,0.31707709315893606,0.6729622163259452
0.6054195519395182,0.366673699423571,0.12517377813026764,0.16269818305479633,0.052571433719280636,0.25614926602282306,0.5665420980013042,0.5218138210675057,0.11735341610529304,0.3815009142699246,0.563257860512154,0.08604380872672901,0.03477997689262802,0.2054424514908001,0.605091206548115,0.03660639082111039,0.5691284513385388,0.08006341500447256,0.4927705995401487,0.36318024312927044,0.7555833306651248,0.31790025839746183,0.4537507976928662,0.9799511380903014,0.5378043418810072,0.026450981246222582,0.2554838267195525,0.3929521205268802,0.6651575821334293,0.08162762949765867,0.026538186060885982,0.7051926865906947,0.35968072384500116,0.32203232277422567,0.4963990037445578,0.15853933812541032,0.16922635613842385,0.045144155596232305,0.18960302159894848,0.8932664355521669,0.1893077907548315,0.5107069135599,0.8408883980805214,0.4482730938291458,0.5600211408561366,0.46160494010264896,0.5909777940919698,0.5606091218747502,0.31707709315893606,0.6729622163259452
0.6054195519395182,0.366673699423571,0.12517377813026764,0.16269818305479633,0.052571433719280636,0.25614926602282306,0.5665420980013042,0.5218138210675057,0.11735341610529304,0.3815009142699246,0.563257860512154,0.08604380872672901,0.03477997689262802,0.2054424514908001,0.605091206548115,0.03660639082111039,0.5691284513385388,0.08006341500447256,0.4927705995401487,0.36318024312927044,0.7555833306651248,0.31790025839746183,0.4537507976928662,0.9799511380903014,0.5378043418810072,0.026450981246222582,0.2554838267195525,0.3929521205268802,0.6651575821334293,0.08162762949765867,0.026538186060885982,0.7051926865906947,0.35968072384500116,0.32203232277422567,0.4963990037445578,0.15853933812541032,0.16922635613842385,0.045144155596232305,0.18960302159894848,0.8932664355521669,0.1893077907548315,0.5107069135599,0.8408883980805214,0.4482730938291458,0.5600211408561366,0.46160494010264896,0.5909777940919698,0.5606091218747502,0.31707709315893606,0.6729622163259452
0.6054195519395182,0.366673699423571,0.12517377813026764,0.16269818305479633,0.052571433719280636,0.25614926602282306,0.5665420980013042,0.5218138210675057,0.11735341610529304,0.3815009142699246,0.563257860512154,0.08604380872672901,0.03477997689262802,0.2054424514908001,0.605091206548115,0.03660639082111039,0.5691284513385388,0.08006341500447256,0.4927705995401487,0.36318024312927044,0.7555833306651248,0.31790025839746183,0.4537507976928662,0.9799511380903014,0.5378043418810072,0.026450981246222582,0.2554838267195525,0.3929521205268802,0.6651575821334293,0.08162762949765867,0.026538186060885982,0.7051926865906947,0.35968072384500116,0.32203232277422567,0.4963990037445578,0.15853933812541032,0.16922635613842385,0.045144155596232305,0.18960302159894848,0.8932664355521669,0.1893077907548315,0.5107069135599,0.8408883980805214,0.4482730938291458,0.5600211408561366,0.46160494010264896,0.5909777940919698,0.5606091218747502,0.31707709315893606,0.6729622163259452
0.6054195519395182,0.366673699423571,0.12517377813026764,0.16269818305479633,0.052571433719280636,0.25614926602282306,0.5665420980013042,0.5218138210675057,0.11735341610529304,0.3815009142699246,0.563257860512154,0.08604380872672901,0.03477997689262802,0.2054424514908001,0.605091206548115,0.03660639082111039,0.5691284513385388,0.08006341500447256,0.4927705995401487,0.36318024312927044,0.7555833306651248,0.31790025839746183,0.4537507976928662,0.9799511380903014,0.5378043418810072,0.026450981246222582,0.2554838267195525,0.3929521205268802,0.6651575821334293,0.08162762949765867,0.026538186060885982,0.7051926865906947,0.35968072384500116,0.32203232277422567,0.4963990037445578,0.15853933812541032,0.16922635613842385,0.045144155596232305,0.18960302159894848,0.8932664355521669,0.1893077907548315,0.5107069135599,0.8408883980805214,0.4482730938291458,0.5600211408561366,0.46160494010264896,0.5909777940919698,0.5606091218747502,0.31707709315893606,0.6729622163259452
0.6054195519395182,0.366673699423571,0.12517377813026764,0.16269818305479633,0.052571433719280636,0.25614926602282306,0.5665420980013042,0.5218138210675057,0.11735341610529304,0.3815009142699246,0.563257860512154,0.08604380872672901,0.03477997689262802,0.2054424514908001,0.605091206548115,0.03660639082111039,0.5691284513385388,0.08006341500447256,0.4927705995401487,0.36318024312927044,0.7555833306651248,0.31790025839746183,0.4537507976928662,0.9799511380903014,0.5378043418810072,0.026450981246222582,0.2554838267195525,0.3929521205268802,0.6651575821334293,0.08162762949765867,0.026538186060885982,0.7051926865906947,0.35968072384500116,0.32203232277422567,0.4963990037445578,0.15853933812541032,0.16922635613842385,0.045144155596232305,0.18960302159894848,0.8932664355521669,0.1893077907548315,0.5107069135599,0.8408883980805214,0.4482730938291458,0.5600211408561366,0.46160494010264896,0.5909777940919698,0.5606091218747502,0.31707709315893606,0.6729622163259452
0.6054195519395182,0.366673699423571,0.12517377813026764,0.16269818305479633,0.052571433719280636,0.25614926602282306,0.5665420980013042,0.5218138210675057,0.11735341610529304,0.3815009142699246,0.563257860512154,0.08604380872672901,0.03477997689262802,0.2054424514908001,0.605091206548115,0.03660639082111039,0.5691284513385388,0.08006341500447256,0.4927705995401487,0.36318024312927044,0.7555833306651248,0.31790025839746183,0.4537507976928662,0.9799511380903014,0.5378043418810072,0.026450981246222582,0.2554838267195525,0.3929521205268802,0.6651575821334293,0.08162762949765867,0.026538186060885982,0.7051926865906947,0.35968072384500116,0.32203232277422567,0.4963990037445578,0.15853933812541032,0.16922635613842385,0.045144155596232305,0.18960302159894848,0.8932664355521669,0.1893077907548315,0.5107069135599,0.8408883980805214,0.4482730938291458,0.5600211408561366,0.46160494010264896,0.5909777940919698,0.5606091218747502,0.31707709315893606,0.6729622163259452
0.6054195519395182,0.366673699423571,0.12517377813026764,0.16269818305479633,0.052571433719280636,0.25614926602282306,0.5665420980013042,0.5218138210675057,0.11735341610529304,0.3815009142699246,0.563257860512154,0.08604380872672901,0.03477997689262802,0.2054424514908001,0.605091206548115,0.03660639082111039,0.5691284513385388,0.08006341500447256,0.4927705995401487,0.36318024312927044,0.7555833306651248,0.31790025839746183,0.4537507976928662,0.9799511380903014,0.5378043418810072,0.026450981246222582,0.2554838267195525,0.3929521205268802,0.6651575821334293,0.08162762949765867,0.026538186060885982,0.7051926865906947,0.35968072384500116,0.32203232277422567,0.4963990037445578,0.15853933812541032,0.16922635613842385,0.045144155596232305,0.18960302159894848,0.8932664355521669,0.1893077907548315,0.5107069135599,0.8408883980805214,0.4482730938291458,0.5600211408561366,0.46160494010264896,0.5909777940919698,0.5606091218747502,0.31707709315893606,0.6729622163259452
0.6054195519395182,0.366673699423571,0.12517377813026764,0.16269818305479633,0.052571433719280636,0.25614926602282306,0.5665420980013042,0.5218138210675057,0.11735341610529304,0.3815009142699246,0.563257860512154,0.08604380872672901,0.03477997689262802,0.2054424514908001,0.605091206548115,0.03660639082111039,0.5691284513385388,0.08006341500447256,0.4927705995401487,0.36318024312927044,0.7555833306651248,0.31790025839746183,0.4537507976928662,0.9799511380903014,0.5378043418810072,0.026450981246222582,0.2554838267195525,0.3929521205268802,0.6651575821334293,0.08162762949765867,0.026538186060885982,0.7051926865906947,0.35968072384500116,0.32203232277422567,0.4963990037445578,0.15853933812541032,0.16922635613842385,0.045144155596232305,0.18960302159894848,0.8932664355521669,0.1893077907548315,0.5107069135599,0.8408883980805214,0.4482730938291458,0.5600211408561366,0.46160494010264896,0.5909777940919698,0.5606091218747502,0.31707709315893606,0.6729622163259452
0.6054195519395182,0.366673699423571,0.12517377813026764,0.16269818305479633,0.052571433719280636,0.25614926602282306,0.5665420980013042,0.5218138210675057,0.11735341610529304,0.3815009142699246,0.563257860512154,0.08604380872672901,0.03477997689262802,0.2054424514908001,0.605091206548115,0.03660639082111039,0.5691284513385388,0.08006341500447256,0.4927705995401487,0.36318024312927044,0.7555833306651248,0.31790025839746183,0.4537507976928662,0.9799511380903014,0.5378043418810072,0.026450981246222582,0.2554838267195525,0.3929521205268802,0.6651575821334293,0.08162762949765867,0.026538186060885982,0.7051926865906947,0.35968072384500116,0.32203232277422567,0.4963990037445578,0.15853933812541032,0.16922635613842385,0.045144155596232305,0.18960302159894848,0.8932664355521669,0.1893077907548315,0.5107069135599,0.8408883980805214,0.4482730938291458,0.5600211408561366,0.46160494010264896,0.5909777940919698,0.5606091218747502,0.31707709315893606,0.6729622163259452
0.6054195519395182,0.366673699423571,0.12517377813026764,0.16269818305479633,0.052571433719280636,0.25614926602282306,0.5665420980013042,0.5218138210675057,0.11735341610529304,0.3815009142699246,0.563257860512154,0.08604380872672901,0.03477997689262802,0.2054424514908001,0.605091206548115,0.03660639082111039,0.5691284513385388,0.08006341500447256,0.4927705995401487,0.36318024312927044,0.7555833306651248,0.31790025839746183,0.4537507976928662,0.9799511380903014,0.5378043418810072,0.026450981246222582,0.2554838267195525,0.3929521205268802,0.6651575821334293,0.08162762949765867,0.026538186060885982,0.7051926865906947,0.35968072384500116,0.32203232277422567,0.4963990037445578,0.15853933812541032,0.16922635613842385,0.045144155596232305,0.18960302159894848,0.8932664355521669,0.1893077907548315,0.5107069135599,0.8408883980805214,0.4482730938291458,0.5600211408561366,0.46160494010264896,0.5909777940919698,0.5606091218747502,0.31707709315893606,0.6729622163259452
0.6054195519395182,0.366673699423571,0.12517377813026764,0.16269818305479633,0.052571433719280636,0.25614926602282306,0.5665420980013042,0.5218138210675057,0.11735341610529304,0.3815009142699246,0.563257860512154,0.08604380872672901,0.03477997689262802,0.2054424514908001,0.605091206548115,0.03660639082111039,0.5691284513385388,0.08006341500447256,0.4927705995401487,0.36318024312927044,0.7555833306651248,0.31790025839746183,0.4537507976928662,0.9799511380903014,0.5378043418810072,0.026450981246222582,0.2554838267195525,0.3929521205268802,0.6651575821334293,0.08162762949765867,0.026538186060885982,0.7051926865906947,0.35968072384500116,0.32203232277422567,0.4963990037445578,0.15853933812541032,0.16922635613842385,0.045144155596232305,0.18960302159894848,0.8932664355521669,0.1893077907548315,0.5107069135599,0.8408883980805214,0.4482730938291458,0.5600211408561366,0.46160494010264896,0.5909777940919698,0.5606091218747502,0.31707709315893606,0.6729622163259452
0.6054195519395182,0.366673699423571,0.12517377813026764,0.16269818305479633,0.052571433719280636,0.25614926602282306,0.5665420980013042,0.5218138210675057,0.11735341610529304,0.3815009142699246,0.563257860512154,0.08604380872672901,0.03477997689262802,0.2054424514908001,0.605091206548115,0.03660639082111039,0.5691284513385388,0.08006341500447256,0.4927705995401487,0.36318024312927044,0.7555833306651248,0.31790025839746183,0.4537507976928662,0.9799511380903014,0.5378043418810072,0.026450981246222582,0.2554838267195525,0.3929521205268802,0.6651575821334293,0.08162762949765867,0.026538186060885982,0.7051926865906947,0.35968072384500116,0.32203232277422567,0.4963990037445578,0.15853933812541032,0.16922635613842385,0.045144155596232305,0.18960302159894848,0.8932664355521669,0.1893077907548315,0.5107069135599,0.8408883980805214,0.4482730938291458,0.5600211408561366,0.46160494010264896,0.5909777940919698,0.5606091218747502,0.31707709315893606,0.6729622163259452
0.6054195519395182,0.366673699423571,0.12517377813026764,0.16269818305479633,0.052571433719280636,0.25614926602282306,0.5665420980013042,0.5218138210675057,0.11735341610529304,0.3815009142699246,0.563257860512154,0.08604380872672901,0.03477997689262802,0.2054424514908001,0.605091206548115,0.03660639082111039,0.5691284513385388,0.08006341500447256,0.4927705995401487,0.36318024312927044,0.7555833306651248,0.31790025839746183,0.4537507976928662,0.9799511380903014,0.5378043418810072,0.026450981246222582,0.2554838267195525,0.3929521205268802,0.6651575821334293,0.08162762949765867,0.026538186060885982,0.7051926865906947,0.35968072384500116,0.32203232277422567,0.4963990037445578,0.15853933812541032,0.16922635613842385,0.045144155596232305,0.18960302159894848,0.8932664355521669,0.1893077907548315,0.5107069135599,0.8408883980805214,0.4482730938291458,0.5600211408561366,0.46160494010264896,0.5909777940919698,0.5606091218747502,0.31707709315893606,0.6729622163259452
0.6054195519395182,0.366673699423571,0.12517377813026764,0.16269818305479633,0.052571433719280636,0.25614926602282306,0.5665420980013042,0.5218138210675057,0.11735341610529304,0.3815009142699246,0.563257860512154,0.08604380872672901,0.03477997689262802,0.2054424514908001,0.605091206548115,0.03660639082111039,0.5691284513385388,0.08006341500447256,0.4927705995401487,0.36318024312927044,0.7555833306651248,0.31790025839746183,0.4537507976928662,0.9799511380903014,0.5378043418810072,0.026450981246222582,0.2554838267195525,0.3929521205268802,0.6651575821334293,0.08162762949765867,0.026538186060885982,0.7051926865906947,0.35968072384500116,0.32203232277422567,0.4963990037445578,0.15853933812541032,0.16922635613842385,0.045144155596232305,0.18960302159894848,0.8932664355521669,0.1893077907548315,0.5107069135599,0.8408883980805214,0.4482730938291458,0.5600211408561366,0.46160494010264896,0.5909777940919698,0.5606091218747502,0.31707709315893606,0.6729622163259452
0.6054195519395182,0.366673699423571,0.12517377813026764,0.16269818305479633,0.052571433719280636,0.25614926602282306,0.5665420980013042,0.5218138210675057,0.11735341610529304,0.3815009142699246,0.563257860512154,0.08604380872672901,0.03477997689262802,0.2054424514908001,0.605091206548115,0.03660639082111039,0.5691284513385388,0.08006341500447256,0.4927705995401487,0.36318024312927044,0.7555833306651248,0.31790025839746183,0.4537507976928662,0.9799511380903014,0.5378043418810072,0.026450981246222582,0.2554838267195525,0.3929521205268802,0.6651575821334293,0.08162762949765867,0.026538186060885982,0.7051926865906947,0.35968072384500116,0.32203232277422567,0.4963990037445578,0.15853933812541032,0.16922635613842385,0.045144155596232305,0.18960302159894848,0.8932664355521669,0.1893077907548315,0.5107069135599,0.8408883980805214,0.4482730938291458,0.5600211408561366,0.46160494010264896,0.5909777940919698,0.5606091218747502,0.31707709315893606,0.6729622163259452
0.6054195519395182,0.366673699423571,0.12517377813026764,0.16269818305479633,0.052571433719280636,0.25614926602282306,0.5665420980013042,0.5218138210675057,0.11735341610529304,0.3815009142699246,0.563257860512154,0.08604380872672901,0.03477997689262802,0.2054424514908001,0.605091206548115,0.03660639082111039,0.5691284513385388,0.08006341500447256,0.4927705995401487,0.36318024312927044,0.7555833306651248,0.31790025839746183,0.4537507976928662,0.9799511380903014,0.5378043418810072,0.026450981246222582,0.2554838267195525,0.3929521205268802,0.6651575821334293,0.08162762949765867,0.026538186060885982,0.7051926865906947,0.35968072384500116,0.32203232277422567,0.4963990037445578,0.15853933812541032,0.16922635613842385,0.045144155596232305,0.18960302159894848,0.8932664355521669,0.1893077907548315,0.5107069135599,0.8408883980805214,0.4482730938291458,0.5600211408561366,0.46160494010264896,0.5909777940919698,0.5606091218747502,0.31707709315893606,0.6729622163259452
0.6054195519395182,0.366673699423571,0.12517377813026764,0.16269818305479633,0.052571433719280636,0.25614926602282306,0.5665420980013042,0.5218138210675057,0.11735341610529304,0.3815009142699246,0.563257860512154,0.08604380872672901,0.03477997689262802,0.2054424514908001,0.605091206548115,0.03660639082111039,0.5691284513385388,0.08006341500447256,0.4927705995401487,0.36318024312927044,0.7555833306651248,0.31790025839746183,0.4537507976928662,0.9799511380903014,0.5378043418810072,0.026450981246222582,0.2554838267195525,0.3929521205268802,0.6651575821334293,0.08162762949765867,0.026538186060885982,0.7051926865906947,0.35968072384500116,0.32203232277422567,0.4963990037445578,0.15853933812541032,0.16922635613842385,0.045144155596232305,0.18960302159894848,0.8932664355521669,0.1893077907548315,0.5107069135599,0.8408883980805214,0.4482730938291458,0.5600211408561366,0.46160494010264896,0.5909777940919698,0.5606091218747502,0.31707709315893606,0.6729622163259452
0.6054195519395182,0.366673699423571,0.12517377813026764,0.16269818305479633,0.052571433719280636,0.25614926602282306,0.5665420980013042,0.5218138210675057,0.11735341610529304,0.3815009142699246,0.563257860512154,0.08604380872672901,0.03477997689262802,0.2054424514908001,0.605091206548115,0.03660639082111039,0.5691284513385388,0.08006341500447256,0.4927705995401487,0.36318024312927044,0.7555833306651248,0.31790025839746183,0.4537507976928662,0.9799511380903014,0.5378043418810072,0.026450981246222582,0.2554838267195525,0.3929521205268802,0.6651575821334293,0.08162762949765867,0.026538186060885982,0.7051926865906947,0.35968072384500116,0.32203232277422567,0.4963990037445578,0.15853933812541032,0.16922635613842385,0.045144155596232305,0.18960302159894848,0.8932664355521669,0.1893077907548315,0.5107069135599,0.8408883980805214,0.4482730938291458,0.5600211408561366,0.46160494010264896,0.5909777940919698,0.5606091218747502,0.31707709315893606,0.6729622163259452
0.6054195519395182,0.366673699423571,0.12517377813026764,0.16269818305479633,0.052571433719280636,0.25614926602282306,0.5665420980013042,0.5218138210675057,0.11735341610529304,0.3815009142699246,0.563257860512154,0.08604380872672901,0.03477997689262802,0.2054424514908001,0.605091206548115,0.03660639082111039,0.5691284513385388,0.08006341500447256,0.4927705995401487,0.36318024312927044,0.7555833306651248,0.31790025839746183,0.4537507976928662,0.9799511380903014,0.5378043418810072,0.026450981246222582,0.2554838267195525,0.3929521205268802,0.6651575821334293,0.08162762949765867,0.026538186060885982,0.7051926865906947,0.35968072384500116,0.32203232277422567,0.4963990037445578,0.15853933812541032,0.16922635613842385,0.045144155596232305,0.18960302159894848,0.8932664355521669,0.1893077907548315,0.5107069135599,0.8408883980805214,0.4482730938291458,0.5600211408561366,0.46160494010264896,0.5909777940919698,0.5606091218747502,0.31707709315893606,0.6729622163259452
0.6054195519395182,0.366673699423571,0.12517377813026764,0.16269818305479633,0.052571433719280636,0.25614926602282306,0.5665420980013042,0.5218138210675057,0.11735341610529304,0.3815009142699246,0.563257860512154,0.08604380872672901,0.03477997689262802,0.2054424514908001,0.605091206548115,0.03660639082111039,0.5691284513385388,0.08006341500447256,0.4927705995401487,0.36318024312927044,0.7555833306651248,0.31790025839746183,0.4537507976928662,0.9799511380903014,0.5378043418810072,0.026450981246222582,0.2554838267195525,0.3929521205268802,0.6651575821334293,0.08162762949765867,0.026538186060885982,0.7051926865906947,0.35968072384500116,0.32203232277422567,0.4963990037445578,0.15853933812541032,0.16922635613842385,0.045144155596232305,0.18960302159894848,0.8932664355521669,0.1893077907548315,0.5107069135599,0.8408883980805214,0.4482730938291458,0.5600211408561366,0.46160494010264896,0.5909777940919698,0.5606091218747502,0.31707709315893606,0.6729622163259452
0.6054195519395182,0.366673699423571,0.12517377813026764,0.16269818305479633,0.052571433719280636,0.25614926602282306,0.5665420980013042,0.5218138210675057,0.11735341610529304,0.3815009142699246,0.563257860512154,0.08604380872672901,0.03477997689262802,0.2054424514908001,0.605091206548115,0.03660639082111039,0.5691284513385388,0.08006341500447256,0.4927705995401487,0.36318024312927044,0.7555833306651248,0.31790025839746183,0.4537507976928662,0.9799511380903014,0.5378043418810072,0.026450981246222582,0.2554838267195525,0.3929521205268802,0.6651575821334293,0.08162762949765867,0.026538186060885982,0.7051926865906947,0.35968072384500116,0.32203232277422567,0.4963990037445578,0.15853933812541032,0.16922635613842385,0.045144155596232305,0.18960302159894848,0.8932664355521669,0.1893077907548315,0.5107069135599,0.8408883980805214,0.4482730938291458,0.5600211408561366,0.46160494010264896,0.5909777940919698,0.5606091218747502,0.31707709315893606,0.6729622163259452
0.6054195519395182,0.366673699423571,0.12517377813026764,0.16269818305479633,0.052571433719280636,0.25614926602282306,0.5665420980013042,0.5218138210675057,0.11735341610529304,0.3815009142699246,0.563257860512154,0.08604380872672901,0.03477997689262802,0.2054424514908001,0.605091206548115,0.03660639082111039,0.5691284513385388,0.08006341500447256,0.4927705995401487,0.36318024312927044,0.7555833306651248,0.31790025839746183,0.4537507976928662,0.9799511380903014,0.5378043418810072,0.026450981246222582,0.2554838267195525,0.3929521205268802,0.6651575821334293,0.08162762949765867,0.026538186060885982,0.7051926865906947,0.35968072384500116,0.32203232277422567,0.4963990037445578,0.15853933812541032,0.16922635613842385,0.045144155596232305,0.18960302159894848,0.8932664355521669,0.1893077907548315,0.5107069135599,0.8408883980805214,0.4482730938291458,0.5600211408561366,0.46160494010264896,0.5909777940919698,0.5606091218747502,0.31707709315893606,0.6729622163259452
0.6054195519395182,0.366673699423571,0.12517377813026764,0.16269818305479633,0.052571433719280636,0.25614926602282306,0.5665420980013042,0.5218138210675057,0.11735341610529304,0.3815009142699246,0.563257860512154,0.08604380872672901,0.03477997689262802,0.2054424514908001,0.605091206548115,0.03660639082111039,0.5691284513385388,0.08006341500447256,0.4927705995401487,0.36318024312927044,0.7555833306651248,0.31790025839746183,0.4537507976928662,0.9799511380903014,0.5378043418810072,0.026450981246222582,0.2554838267195525,0.3929521205268802,0.6651575821334293,0.08162762949765867,0.026538186060885982,0.7051926865906947,0.35968072384500116,0.32203232277422567,0.4963990037445578,0.15853933812541032,0.16922635613842385,0.045144155596232305,0.18960302159894848,0.8932664355521669,0.1893077907548315,0.5107069135599,0.8408883980805214,0.4482730938291458,0.5600211408561366,0.46160494010264896,0.5909777940919698,0.5606091218747502,0.31707709315893606,0.6729622163259452
0.6054195519395182,0.366673699423571,0.12517377813026764,0.16269818305479633,0.052571433719280636,0.25614926602282306,0.5665420980013042,0.5218138210675057,0.11735341610529304,0.3815009142699246,0.563257860512154,0.08604380872672901,0.03477997689262802,0.2054424514908001,0.605091206548115,0.03660639082111039,0.5691284513385388,0.08006341500447256,0.4927705995401487,0.36318024312927044,0.7555833306651248,0.31790025839746183,0.4537507976928662,0.9799511380903014,0.5378043418810072,0.026450981246222582,0.2554838267195525,0.3929521205268802,0.6651575821334293,0.08162762949765867,0.026538186060885982,0.7051926865906947,0.35968072384500116,0.32203232277422567,0.4963990037445578,0.15853933812541032,0.16922635613842385,0.045144155596232305,0.18960302159894848,0.8932664355521669,0.1893077907548315,0.5107069135599,0.8408883980805214,0.4482730938291458,0.5600211408561366,0.46160494010264896,0.5909777940919698,0.5606091218747502,0.31707709315893606,0.6729622163259452
0.6054195519395182,0.366673699423571,0.12517377813026764,0.16269818305479633,0.052571433719280636,0.25614926602282306,0.5665420980013042,0.5218138210675057,0.11735341610529304,0.3815009142699246,0.563257860512154,0.08604380872672901,0.03477997689262802,0.2054424514908001,0.605091206548115,0.03660639082111039,0.5691284513385388,0.08006341500447256,0.4927705995401487,0.36318024312927044,0.7555833306651248,0.31790025839746183,0.4537507976928662,0.9799511380903014,0.5378043418810072,0.026450981246222582,0.2554838267195525,0.3929521205268802,0.6651575821334293,0.08162762949765867,0.026538186060885982,0.7051926865906947,0.35968072384500116,0.32203232277422567,0.4963990037445578,0.15853933812541032,0.16922635613842385,0.045144155596232305,0.18960302159894848,0.8932664355521669,0.1893077907548315,0.5107069135599,0.8408883980805214,0.4482730938291458,0.5600211408561366,0.46160494010264896,0.5909777940919698,0.5606091218747502,0.31707709315893606,0.6729622163259452
0.6054195519395182,0.366673699423571,0.12517377813026764,0.16269818305479633,0.052571433719280636,0.25614926602282306,0.5665420980013042,0.5218138210675057,0.11735341610529304,0.3815009142699246,0.563257860512154,0.08604380872672901,0.03477997689262802,0.2054424514908001,0.605091206548115,0.03660639082111039,0.5691284513385388,0.08006341500447256,0.4927705995401487,0.36318024312927044,0.7555833306651248,0.31790025839746183,0.4537507976928662,0.9799511380903014,0.5378043418810072,0.026450981246222582,0.2554838267195525,0.3929521205268802,0.6651575821334293,0.08162762949765867,0.026538186060885982,0.7051926865906947,0.35968072384500116,0.32203232277422567,0.4963990037445578,0.15853933812541032,0.16922635613842385,0.045144155596232305,0.18960302159894848,0.8932664355521669,0.1893077907548315,0.5107069135599,0.8408883980805214,0.4482730938291458,0.5600211408561366,0.46160494010264896,0.5909777940919698,0.5606091218747502,0.31707709315893606,0.6729622163259452
0.6054195519395182,0.366673699423571,0.12517377813026764,0.16269818305479633,0.052571433719280636,0.25614926602282306,0.5665420980013042,0.5218138210675057,0.11735341610529304,0.3815009142699246,0.563257860512154,0.08604380872672901,0.03477997689262802,0.2054424514908001,0.605091206548115,0.03660639082111039,0.5691284513385388,0.08006341500447256,0.4927705995401487,0.36318024312927044,0.7555833306651248,0.31790025839746183,0.4537507976928662,0.9799511380903014,0.5378043418810072,0.026450981246222582,0.2554838267195525,0.3929521205268802,0.6651575821334293,0.08162762949765867,0.026538186060885982,0.7051926865906947,0.35968072384500116,0.32203232277422567,0.4963990037445578,0.15853933812541032,0.16922635613842385,0.045144155596232305,0.18960302159894848,0.8932664355521669,0.1893077907548315,0.5107069135599,0.8408883980805214,0.4482730938291458,0.5600211408561366,0.46160494010264896,0.5909777940919698,0.5606091218747502,0.31707709315893606,0.6729622163259452
0.6054195519395182,0.366673699423571,0.12517377813026764,0.16269818305479633,0.052571433719280636,0.25614926602282306,0.5665420980013042,0.5218138210675057,0.11735341610529304,0.3815009142699246,0.563257860512154,0.08604380872672901,0.03477997689262802,0.2054424514908001,0.605091206548115,0.03660639082111039,0.5691284513385388,0.08006341500447256,0.4927705995401487,0.36318024312927044,0.7555833306651248,0.31790025839746183,0.4537507976928662,0.9799511380903014,0.5378043418810072,0.026450981246222582,0.2554838267195525,0.3929521205268802,0.6651575821334293,0.08162762949765867,0.026538186060885982,0.7051926865906947,0.35968072384500116,0.32203232277422567,0.4963990037445578,0.15853933812541032,0.16922635613842385,0.045144155596232305,0.18960302159894848,0.8932664355521669,0.1893077907548315,0.5107069135599,0.8408883980805214,0.4482730938291458,0.5600211408561366,0.46160494010264896,0.5909777940919698,0.5606091218747502,0.31707709315893606,0.6729622163259452
0.6054195519395182,0.366673699423571,0.12517377813026764,0.16269818305479633,0.052571433719280636,0.25614926602282306,0.5665420980013042,0.5218138210675057,0.11735341610529304,0.3815009142699246,0.563257860512154,0.08604380872672901,0.03477997689262802,0.2054424514908001,0.605091206548115,0.03660639082111039,0.5691284513385388,0.08006341500447256,0.4927705995401487,0.36318024312927044,0.7555833306651248,0.31790025839746183,0.4537507976928662,0.9799511380903014,0.5378043418810072,0.026450981246222582,0.2554838267195525,0.3929521205268802,0.6651575821334293,0.08162762949765867,0.026538186060885982,0.7051926865906947,0.35968072384500116,0.32203232277422567,0.4963990037445578,0.15853933812541032,0.16922635613842385,0.045144155596232305,0.18960302159894848,0.8932664355521669,0.1893077907548315,0.5107069135599,0.8408883980805214,0.4482730938291458,0.5600211408561366,0.46160494010264896,0.5909777940919698,0.5606091218747502,0.31707709315893606,0.6729622163259452
0.6054195519395182,0.366673699423571,0.12517377813026764,0.16269818305479633,0.052571433719280636,0.25614926602282306,0.5665420980013042,0.5218138210675057,0.11735341610529304,0.3815009142699246,0.563257860512154,0.08604380872672901,0.03477997689262802,0.2054424514908001,0.605091206548115,0.03660639082111039,0.5691284513385388,0.08006341500447256,0.4927705995401487,0.36318024312927044,0.7555833306651248,0.31790025839746183,0.4537507976928662,0.9799511380903014,0.5378043418810072,0.026450981246222582,0.2554838267195525,0.3929521205268802,0.6651575821334293,0.08162762949765867,0.026538186060885982,0.7051926865906947,0.35968072384500116,0.32203232277422567,0.4963990037445578,0.15853933812541032,0.16922635613842385,0.045144155596232305,0.18960302159894848,0.8932664355521669,0.1893077907548315,0.5107069135599,0.8408883980805214,0.4482730938291458,0.5600211408561366,0.46160494010264896,0.5909777940919698,0.5606091218747502,0.31707709315893606,0.6729622163259452
0.6054195519395182,0.366673699423571,0.12517377813026764,0.16269818305479633,0.052571433719280636,0.25614926602282306,0.5665420980013042,0.5218138210675057,0.11735341610529304,0.3815009142699246,0.563257860512154,0.08604380872672901,0.03477997689262802,0.2054424514908001,0.605091206548115,0.03660639082111039,0.5691284513385388,0.08006341500447256,0.4927705995401487,0.36318024312927044,0.7555833306651248,0.31790025839746183,0.4537507976928662,0.9799511380903014,0.5378043418810072,0.026450981246222582,0.2554838267195525,0.3929521205268802,0.6651575821334293,0.08162762949765867,0.026538186060885982,0.7051926865906947,0.35968072384500116,0.32203232277422567,0.4963990037445578,0.15853933812541032,0.16922635613842385,0.045144155596232305,0.18960302159894848,0.8932664355521669,0.1893077907548315,0.5107069135599,0.8408883980805214,0.4482730938291458,0.5600211408561366,0.46160494010264896,0.5909777940919698,0.5606091218747502,0.31707709315893606,0.6729622163259452
0.6054195519395182,0.366673699423571,0.12517377813026764,0.16269818305479633,0.052571433719280636,0.25614926602282306,0.5665420980013042,0.5218138210675057,0.11735341610529304,0.3815009142699246,0.563257860512154,0.08604380872672901,0.03477997689262802,0.2054424514908001,0.605091206548115,0.03660639082111039,0.5691284513385388,0.08006341500447256,0.4927705995401487,0.36318024312927044,0.7555833306651248,0.31790025839746183,0.4537507976928662,0.9799511380903014,0.5378043418810072,0.026450981246222582,0.2554838267195525,0.3929521205268802,0.6651575821334293,0.08162762949765867,0.026538186060885982,0.7051926865906947,0.35968072384500116,0.32203232277422567,0.4963990037445578,0.15853933812541032,0.16922635613842385,0.045144155596232305,0.18960302159894848,0.8932664355521669,0.1893077907548315,0.5107069135599,0.8408883980805214,0.4482730938291458,0.5600211408561366,0.46160494010264896,0.5909777940919698,0.5606091218747502,0.31707709315893606,0.6729622163259452
0.6054195519395182,0.366673699423571,0.12517377813026764,0.16269818305479633,0.052571433719280636,0.25614926602282306,0.5665420980013042,0.5218138210675057,0.11735341610529304,0.3815009142699246,0.563257860512154,0.08604380872672901,0.03477997689262802,0.2054424514908001,0.605091206548115,0.03660639082111039,0.5691284513385388,0.08006341500447256,0.4927705995401487,0.36318024312927044,0.7555833306651248,0.31790025839746183,0.4537507976928662,0.9799511380903014,0.5378043418810072,0.026450981246222582,0.2554838267195525,0.3929521205268802,0.6651575821334293,0.08162762949765867,0.026538186060885982,0.7051926865906947,0.35968072384500116,0.32203232277422567,0.4963990037445578,0.15853933812541032,0.16922635613842385,0.045144155596232305,0.18960302159894848,0.8932664355521669,0.1893077907548315,0.5107069135599,0.8408883980805214,0.4482730938291458,0.5600211408561366,0.46160494010264896,0.5909777940919698,0.5606091218747502,0.31707709315893606,0.6729622163259452
0.6054195519395182,0.366673699423571,0.12517377813026764,0.16269818305479633,0.052571433719280636,0.25614926602282306,0.5665420980013042,0.5218138210675057,0.11735341610529304,0.3815009142699246,0.563257860512154,0.08604380872672901,0.03477997689262802,0.2054424514908001,0.605091206548115,0.03660639082111039,0.5691284513385388,0.08006341500447256,0.4927705995401487,0.36318024312927044,0.7555833306651248,0.31790025839746183,0.4537507976928662,0.9799511380903014,0.5378043418810072,0.026450981246222582,0.2554838267195525,0.3929521205268802,0.6651575821334293,0.08162762949765867,0.026538186060885982,0.7051926865906947,0.35968072384500116,0.32203232277422567,0.4963990037445578,0.15853933812541032,0.16922635613842385,0.045144155596232305,0.18960302159894848,0.8932664355521669,0.1893077907548315,0.5107069135599,0.8408883980805214,0.4482730938291458,0.5600211408561366,0.46160494010264896,0.5909777940919698,0.5606091218747502,0.31707709315893606,0.6729622163259452
0.6054195519395182,0.366673699423571,0.12517377813026764,0.16269818305479633,0.052571433719280636,0.25614926602282306,0.5665420980013042,0.5218138210675057,0.11735341610529304,0.3815009142699246,0.563257860512154,0.08604380872672901,0.03477997689262802,0.2054424514908001,0.605091206548115,0.03660639082111039,0.5691284513385388,0.08006341500447256,0.4927705995401487,0.36318024312927044,0.7555833306651248,0.31790025839746183,0.4537507976928662,0.9799511380903014,0.5378043418810072,0.026450981246222582,0.2554838267195525,0.3929521205268802,0.6651575821334293,0.08162762949765867,0.026538186060885982,0.7051926865906947,0.35968072384500116,0.32203232277422567,0.4963990037445578,0.15853933812541032,0.16922635613842385,0.045144155596232305,0.18960302159894848,0.8932664355521669,0.1893077907548315,0.5107069135599,0.8408883980805214,0.4482730938291458,0.5600211408561366,0.46160494010264896,0.5909777940919698,0.5606091218747502,0.31707709315893606,0.6729622163259452
0.6054195519395182,0.366673699423571,0.12517377813026764,0.16269818305479633,0.052571433719280636,0.25614926602282306,0.5665420980013042,0.5218138210675057,0.11735341610529304,0.3815009142699246,0.563257860512154,0.08604380872672901,0.03477997689262802,0.2054424514908001,0.605091206548115,0.03660639082111039,0.5691284513385388,0.08006341500447256,0.4927705995401487,0.36318024312927044,0.7555833306651248,0.31790025839746183,0.4537507976928662,0.9799511380903014,0.5378043418810072,0.026450981246222582,0.2554838267195525,0.3929521205268802,0.6651575821334293,0.08162762949765867,0.026538186060885982,0.7051926865906947,0.35968072384500116,0.32203232277422567,0.4963990037445578,0.15853933812541032,0.16922635613842385,0.045144155596232305,0.18960302159894848,0.8932664355521669,0.1893077907548315,0.5107069135599,0.8408883980805214,0.4482730938291458,0.5600211408561366,0.46160494010264896,0.5909777940919698,0.5606091218747502,0.31707709315893606,0.6729622163259452
0.6054195519395182,0.366673699423571,0.12517377813026764,0.16269818305479633,0.052571433719280636,0.25614926602282306,0.5665420980013042,0.5218138210675057,0.11735341610529304,0.3815009142699246,0.563257860512154,0.08604380872672901,0.03477997689262802,0.2054424514908001,0.605091206548115,0.03660639082111039,0.5691284513385388,0.08006341500447256,0.4927705995401487,0.36318024312927044,0.7555833306651248,0.31790025839746183,0.4537507976928662,0.9799511380903014,0.5378043418810072,0.026450981246222582,0.2554838267195525,0.3929521205268802,0.6651575821334293,0.08162762949765867,0.026538186060885982,0.7051926865906947,0.35968072384500116,0.32203232277422567,0.4963990037445578,0.15853933812541032,0.16922635613842385,0.045144155596232305,0.18960302159894848,0.8932664355521669,0.1893077907548315,0.5107069135599,0.8408883980805214,0.4482730938291458,0.5600211408561366,0.46160494010264896,0.5909777940919698,0.5606091218747502,0.31707709315893606,0.6729622163259452
0.6054195519395182,0.366673699423571,0.12517377813026764,0.16269818305479633,0.052571433719280636,0.25614926602282306,0.5665420980013042,0.5218138210675057,0.11735341610529304,0.3815009142699246,0.563257860512154,0.08604380872672901,0.03477997689262802,0.2054424514908001,0.605091206548115,0.03660639082111039,0.5691284513385388,0.08006341500447256,0.4927705995401487,0.36318024312927044,0.7555833306651248,0.31790025839746183,0.4537507976928662,0.9799511380903014,0.5378043418810072,0.026450981246222582,0.2554838267195525,0.3929521205268802,0.6651575821334293,0.08162762949765867,0.026538186060885982,0.7051926865906947,0.35968072384500116,0.32203232277422567,0.4963990037445578,0.15853933812541032,0.16922635613842385,0.045144155596232305,0.18960302159894848,0.8932664355521669,0.1893077907548315,0.5107069135599,0.8408883980805214,0.4482730938291458,0.5600211408561366,0.46160494010264896,0.5909777940919698,0.5606091218747502,0.31707709315893606,0.6729622163259452
0.6054195519395182,0.366673699423571,0.12517377813026764,0.16269818305479633,0.052571433719280636,0.25614926602282306,0.5665420980013042,0.5218138210675057,0.11735341610529304,0.3815009142699246,0.563257860512154,0.08604380872672901,0.03477997689262802,0.2054424514908001,0.605091206548115,0.03660639082111039,0.5691284513385388,0.08006341500447256,0.4927705995401487,0.36318024312927044,0.7555833306651248,0.31790025839746183,0.4537507976928662,0.9799511380903014,0.5378043418810072,0.026450981246222582,0.2554838267195525,0.3929521205268802,0.6651575821334293,0.08162762949765867,0.026538186060885982,0.7051926865906947,0.35968072384500116,0.32203232277422567,0.4963990037445578,0.15853933812541032,0.16922635613842385,0.045144155596232305,0.18960302159894848,0.8932664355521669,0.1893077907548315,0.5107069135599,0.8408883980805214,0.4482730938291458,0.5600211408561366,0.46160494010264896,0.5909777940919698,0.5606091218747502,0.31707709315893606,0.6729622163259452
0.6054195519395182,0.366673699423571,0.12517377813026764,0.16269818305479633,0.052571433719280636,0.25614926602282306,0.5665420980013042,0.5218138210675057,0.11735341610529304,0.3815009142699246,0.563257860512154,0.08604380872672901,0.03477997689262802,0.2054424514908001,0.605091206548115,0.03660639082111039,0.5691284513385388,0.08006341500447256,0.4927705995401487,0.36318024312927044,0.7555833306651248,0.31790025839746183,0.4537507976928662,0.9799511380903014,0.5378043418810072,0.026450981246222582,0.2554838267195525,0.3929521205268802,0.6651575821334293,0.08162762949765867,0.026538186060885982,0.7051926865906947,0.35968072384500116,0.32203232277422567,0.4963990037445578,0.15853933812541032,0.16922635613842385,0.045144155596232305,0.18960302159894848,0.8932664355521669,0.1893077907548315,0.5107069135599,0.8408883980805214,0.4482730938291458,0.5600211408561366,0.46160494010264896,0.5909777940919698,0.5606091218747502,0.31707709315893606,0.6729622163259452
0.6054195519395182,0.366673699423571,0.12517377813026764,0.16269818305479633,0.052571433719280636,0.25614926602282306,0.5665420980013042,0.5218138210675057,0.11735341610529304,0.3815009142699246,0.563257860512154,0.08604380872672901,0.03477997689262802,0.2054424514908001,0.605091206548115,0.03660639082111039,0.5691284513385388,0.08006341500447256,0.4927705995401487,0.36318024312927044,0.7555833306651248,0.31790025839746183,0.4537507976928662,0.9799511380903014,0.5378043418810072,0.026450981246222582,0.2554838267195525,0.3929521205268802,0.6651575821334293,0.08162762949765867,0.026538186060885982,0.7051926865906947,0.35968072384500116,0.32203232277422567,0.4963990037445578,0.15853933812541032,0.16922635613842385,0.045144155596232305,0.18960302159894848,0.8932664355521669,0.1893077907548315,0.5107069135599,0.8408883980805214,0.4482730938291458,0.5600211408561366,0.46160494010264896,0.5909777940919698,0.5606091218747502,0.31707709315893606,0.6729622163259452
0.6054195519395182,0.366673699423571,0.12517377813026764,0.16269818305479633,0.052571433719280636,0.25614926602282306,0.5665420980013042,0.5218138210675057,0.11735341610529304,0.3815009142699246,0.563257860512154,0.08604380872672901,0.03477997689262802,0.2054424514908001,0.605091206548115,0.03660639082111039,0.5691284513385388,0.08006341500447256,0.4927705995401487,0.36318024312927044,0.7555833306651248,0.31790025839746183,0.4537507976928662,0.9799511380903014,0.5378043418810072,0.026450981246222582,0.2554838267195525,0.3929521205268802,0.6651575821334293,0.08162762949765867,0.026538186060885982,0.7051926865906947,0.35968072384500116,0.32203232277422567,0.4963990037445578,0.15853933812541032,0.16922635613842385,0.045144155596232305,0.18960302159894848,0.8932664355521669,0.1893077907548315,0.5107069135599,0.8408883980805214,0.4482730938291458,0.5600211408561366,0.46160494010264896,0.5909777940919698,0.5606091218747502,0.31707709315893606,0.6729622163259452
0.6054195519395182,0.366673699423571,0.12517377813026764,0.16269818305479633,0.052571433719280636,0.25614926602282306,0.5665420980013042,0.5218138210675057,0.11735341610529304,0.3815009142699246,0.563257860512154,0.08604380872672901,0.03477997689262802,0.2054424514908001,0.605091206548115,0.03660639082111039,0.5691284513385388,0.08006341500447256,0.4927705995401487,0.36318024312927044,0.7555833306651248,0.31790025839746183,0.4537507976928662,0.9799511380903014,0.5378043418810072,0.026450981246222582,0.2554838267195525,0.3929521205268802,0.6651575821334293,0.08162762949765867,0.026538186060885982,0.7051926865906947,0.35968072384500116,0.32203232277422567,0.4963990037445578,0.15853933812541032,0.16922635613842385,0.045144155596232305,0.18960302159894848,0.8932664355521669,0.1893077907548315,0.5107069135599,0.8408883980805214,0.4482730938291458,0.5600211408561366,0.46160494010264896,0.5909777940919698,0.5606091218747502,0.31707709315893606,0.6729622163259452
0.5863827495788653,0.1801345325571555,0.12517377813026764,0.20906907273189446,0.10671250659736042,0.5369265748114688,0.22235751119479763,0.0155949945425925,0.11735341610529304,0.3815009142699246,0.563257860512154,0.666508405835103,0.03477997689262802,0.2054424514908001,0.02645282656478587,0.03346624173431645,0.020333193720087572,0.18900948793822903,0.4927705995401487,0.6879320221753099,0.7622630903196328,0.48845018820024266,0.9573609680346948,0.9799511380903014,0.009682925670175924,0.026450981246222582,0.20259129267238996,0.3929521205268802,0.6651575821334293,0.08162762949765867,0.048098047153512735,0.7051926865906947,0.6635957343935204,0.07937458889174798,0.4963990037445578,0.2927284196601534,0.18111320224898342,0.045144155596232305,0.18960302159894848,0.8932664355521669,0.1893077907548315,0.36074814609951167,0.05791644298686982,0.4482730938291458,0.5600211408561366,0.46160494010264896,0.36944479036169975,0.795970334483519,0.47766540470946073,0.24531286794800788
0.5863827495788653,0.1801345325571555,0.12517377813026764,0.20906907273189446,0.10671250659736042,0.5369265748114688,0.22235751119479763,0.0155949945425925,0.11735341610529304,0.3815009142699246,0.563257860512154,0.666508405835103,0.03477997689262802,0.2054424514908001,0.02645282656478587,0.03346624173431645,0.020333193720087572,0.18900948793822903,0.4927705995401487,0.6879320221753099,0.7622630903196328,0.48845018820024266,0.9573609680346948,0.9799511380903014,0.009682925670175924,0.026450981246222582,0.20259129267238996,0.3929521205268802,0.6651575821334293,0.08162762949765867,0.048098047153512735,0.7051926865906947,0.6635957343935204,0.07937458889174798,0.4963990037445578,0.2927284196601534,0.18111320224898342,0.045144155596232305,0.18960302159894848,0.8932664355521669,0.1893077907548315,0.36074814609951167,0.05791644298686982,0.4482730938291458,0.5600211408561366,0.46160494010264896,0.36944479036169975,0.795970334483519,0.47766540470946073,0.24531286794800788
0.5863827495788653,0.1801345325571555,0.12517377813026764,0.20906907273189446,0.10671250659736042,0.5369265748114688,0.22235751119479763,0.0155949945425925,0.11735341610529304,0.3815009142699246,0.563257860512154,0.666508405835103,0.03477997689262802,0.2054424514908001,0.02645282656478587,0.03346624173431645,0.020333193720087572,0.18900948793822903,0.4927705995401487,0.6879320221753099,0.7622630903196328,0.48845018820024266,0.9573609680346948,0.9799511380903014,0.009682925670175924,0.026450981246222582,0.20259129267238996,0.3929521205268802,0.6651575821334293,0.08162762949765867,0.048098047153512735,0.7051926865906947,0.6635957343935204,0.07937458889174798,0.4963990037445578,0.2927284196601534,0.18111320224898342,0.045144155596232305,0.18960302159894848,0.8932664355521669,0.1893077907548315,0.36074814609951167,0.05791644298686982,0.4482730938291458,0.5600211408561366,0.46160494010264896,0.36944479036169975,0.795970334483519,0.47766540470946073,0.24531286794800788
0.5863827495788653,0.1801345325571555,0.12517377813026764,0.20906907273189446,0.10671250659736042,0.5369265748114688,0.22235751119479763,0.0155949945425925,0.11735341610529304,0.3815009142699246,0.563257860512154,0.666508405835103,0.03477997689262802,0.2054424514908001,0.02645282656478587,0.03346624173431645,0.020333193720087572,0.18900948793822903,0.4927705995401487,0.6879320221753099,0.7622630903196328,0.48845018820024266,0.9573609680346948,0.9799511380903014,0.009682925670175924,0.026450981246222582,0.20259129267238996,0.3929521205268802,0.6651575821334293,0.08162762949765867,0.048098047153512735,0.7051926865906947,0.6635957343935204,0.07937458889174798,0.4963990037445578,0.2927284196601534,0.18111320224898342,0.045144155596232305,0.18960302159894848,0.8932664355521669,0.1893077907548315,0.36074814609951167,0.05791644298686982,0.4482730938291458,0.5600211408561366,0.46160494010264896,0.36944479036169975,0.795970334483519,0.47766540470946073,0.24531286794800788
0.5863827495788653,0.1801345325571555,0.12517377813026764,0.20906907273189446,0.10671250659736042,0.5369265748114688,0.22235751119479763,0.0155949945425925,0.11735341610529304,0.3815009142699246,0.563257860512154,0.666508405835103,0.03477997689262802,0.2054424514908001,0.02645282656478587,0.03346624173431645,0.020333193720087572,0.18900948793822903,0.4927705995401487,0.6879320221753099,0.7622630903196328,0.48845018820024266,0.9573609680346948,0.9799511380903014,0.009682925670175924,0.026450981246222582,0.20259129267238996,0.3929521205268802,0.6651575821334293,0.08162762949765867,0.048098047153512735,0.7051926865906947,0.6635957343935204,0.07937458889174798,0.4963990037445578,0.2927284196601534,0.18111320224898342,0.045144155596232305,0.18960302159894848,0.8932664355521669,0.1893077907548315,0.36074814609951167,0.05791644298686982,0.4482730938291458,0.5600211408561366,0.46160494010264896,0.36944479036169975,0.795970334483519,0.47766540470946073,0.24531286794800788
0.5863827495788653,0.1801345325571555,0.12517377813026764,0.20906907273189446,0.10671250659736042,0.5369265748114688,0.22235751119479763,0.0155949945425925,0.11735341610529304,0.3815009142699246,0.563257860512154,0.666508405835103,0.03477997689262802,0.2054424514908001,0.02645282656478587,0.03346624173431645,0.020333193720087572,0.18900948793822903,0.4927705995401487,0.6879320221753099,0.7622630903196328,0.48845018820024266,0.9573609680346948,0.9799511380903014,0.009682925670175924,0.026450981246222582,0.20259129267238996,0.3929521205268802,0.6651575821334293,0.08162762949765867,0.048098047153512735,0.7051926865906947,0.6635957343935204,0.07937458889174798,0.4963990037445578,0.2927284196601534,0.18111320224898342,0.045144155596232305,0.18960302159894848,0.8932664355521669,0.1893077907548315,0.36074814609951167,0.05791644298686982,0.4482730938291458,0.5600211408561366,0.46160494010264896,0.36944479036169975,0.795970334483519,0.47766540470946073,0.24531286794800788
0.5863827495788653,0.1801345325571555,0.12517377813026764,0.20906907273189446,0.10671250659736042,0.5369265748114688,0.22235751119479763,0.0155949945425925,0.11735341610529304,0.3815009142699246,0.563257860512154,0.666508405835103,0.03477997689262802,0.2054424514908001,0.02645282656478587,0.03346624173431645,0.020333193720087572,0.18900948793822903,0.4927705995401487,0.6879320221753099,0.7622630903196328,0.48845018820024266,0.9573609680346948,0.9799511380903014,0.009682925670175924,0.026450981246222582,0.20259129267238996,0.3929521205268802,0.6651575821334293,0.08162762949765867,0.048098047153512735,0.7051926865906947,0.6635957343935204,0.07937458889174798,0.4963990037445578,0.2927284196601534,0.18111320224898342,0.045144155596232305,0.18960302159894848,0.8932664355521669,0.1893077907548315,0.36074814609951167,0.05791644298686982,0.4482730938291458,0.5600211408561366,0.46160494010264896,0.36944479036169975,0.795970334483519,0.47766540470946073,0.24531286794800788
0.5863827495788653,0.1801345325571555,0.12517377813026764,0.20906907273189446,0.10671250659736042,0.5369265748114688,0.22235751119479763,0.0155949945425925,0.11735341610529304,0.3815009142699246,0.563257860512154,0.666508405835103,0.03477997689262802,0.2054424514908001,0.02645282656478587,0.03346624173431645,0.020333193720087572,0.18900948793822903,0.4927705995401487,0.6879320221753099,0.7622630903196328,0.48845018820024266,0.9573609680346948,0.9799511380903014,0.009682925670175924,0.026450981246222582,0.20259129267238996,0.3929521205268802,0.6651575821334293,0.08162762949765867,0.048098047153512735,0.7051926865906947,0.6635957343935204,0.07937458889174798,0.4963990037445578,0.2927284196601534,0.18111320224898342,0.045144155596232305,0.18960302159894848,0.8932664355521669,0.1893077907548315,0.36074814609951167,0.05791644298686982,0.4482730938291458,0.5600211408561366,0.46160494010264896,0.36944479036169975,0.795970334483519,0.47766540470946073,0.24531286794800788
0.5863827495788653,0.1801345325571555,0.12517377813026764,0.20906907273189446,0.10671250659736042,0.5369265748114688,0.22235751119479763,0.0155949945425925,0.11735341610529304,0.3815009142699246,0.563257860512154,0.666508405835103,0.03477997689262802,0.2054424514908001,0.02645282656478587,0.03346624173431645,0.020333193720087572,0.18900948793822903,0.4927705995401487,0.6879320221753099,0.7622630903196328,0.48845018820024266,0.9573609680346948,0.9799511380903014,0.009682925670175924,0.026450981246222582,0.20259129267238996,0.3929521205268802,0.6651575821334293,0.08162762949765867,0.048098047153512735,0.7051926865906947,0.6635957343935204,0.07937458889174798,0.4963990037445578,0.2927284196601534,0.18111320224898342,0.045144155596232305,0.18960302159894848,0.8932664355521669,0.1893077907548315,0.36074814609951167,0.05791644298686982,0.4482730938291458,0.5600211408561366,0.46160494010264896,0.36944479036169975,0.795970334483519,0.47766540470946073,0.24531286794800788
0.5863827495788653,0.1801345325571555,0.12517377813026764,0.20906907273189446,0.10671250659736042,0.5369265748114688,0.22235751119479763,0.0155949945425925,0.11735341610529304,0.3815009142699246,0.563257860512154,0.666508405835103,0.03477997689262802,0.2054424514908001,0.02645282656478587,0.03346624173431645,0.020333193720087572,0.18900948793822903,0.4927705995401487,0.6879320221753099,0.7622630903196328,0.48845018820024266,0.9573609680346948,0.9799511380903014,0.009682925670175924,0.026450981246222582,0.20259129267238996,0.3929521205268802,0.6651575821334293,0.08162762949765867,0.048098047153512735,0.7051926865906947,0.6635957343935204,0.07937458889174798,0.4963990037445578,0.2927284196601534,0.18111320224898342,0.045144155596232305,0.18960302159894848,0.8932664355521669,0.1893077907548315,0.36074814609951167,0.05791644298686982,0.4482730938291458,0.5600211408561366,0.46160494010264896,0.36944479036169975,0.795970334483519,0.47766540470946073,0.24531286794800788
0.5863827495788653,0.1801345325571555,0.12517377813026764,0.20906907273189446,0.10671250659736042,0.5369265748114688,0.22235751119479763,0.0155949945425925,0.11735341610529304,0.3815009142699246,0.563257860512154,0.666508405835103,0.03477997689262802,0.2054424514908001,0.02645282656478587,0.03346624173431645,0.020333193720087572,0.18900948793822903,0.4927705995401487,0.6879320221753099,0.7622630903196328,0.48845018820024266,0.9573609680346948,0.9799511380903014,0.009682925670175924,0.026450981246222582,0.20259129267238996,0.3929521205268802,0.6651575821334293,0.08162762949765867,0.048098047153512735,0.7051926865906947,0.6635957343935204,0.07937458889174798,0.4963990037445578,0.2927284196601534,0.18111320224898342,0.045144155596232305,0.18960302159894848,0.8932664355521669,0.1893077907548315,0.36074814609951167,0.05791644298686982,0.4482730938291458,0.5600211408561366,0.46160494010264896,0.36944479036169975,0.795970334483519,0.47766540470946073,0.24531286794800788
0.5863827495788653,0.1801345325571555,0.12517377813026764,0.20906907273189446,0.10671250659736042,0.5369265748114688,0.22235751119479763,0.0155949945425925,0.11735341610529304,0.3815009142699246,0.563257860512154,0.666508405835103,0.03477997689262802,0.2054424514908001,0.02645282656478587,0.03346624173431645,0.020333193720087572,0.18900948793822903,0.4927705995401487,0.6879320221753099,0.7622630903196328,0.48845018820024266,0.9573609680346948,0.9799511380903014,0.009682925670175924,0.026450981246222582,0.20259129267238996,0.3929521205268802,0.6651575821334293,0.08162762949765867,0.048098047153512735,0.7051926865906947,0.6635957343935204,0.07937458889174798,0.4963990037445578,0.2927284196601534,0.18111320224898342,0.045144155596232305,0.18960302159894848,0.8932664355521669,0.1893077907548315,0.36074814609951167,0.05791644298686982,0.4482730938291458,0.5600211408561366,0.46160494010264896,0.36944479036169975,0.795970334483519,0.47766540470946073,0.24531286794800788
0.5863827495788653,0.1801345325571555,0.12517377813026764,0.20906907273189446,0.10671250659736042,0.5369265748114688,0.22235751119479763,0.0155949945425925,0.11735341610529304,0.3815009142699246,0.563257860512154,0.666508405835103,0.03477997689262802,0.2054424514908001,0.02645282656478587,0.03346624173431645,0.020333193720087572,0.18900948793822903,0.4927705995401487,0.6879320221753099,0.7622630903196328,0.48845018820024266,0.9573609680346948,0.9799511380903014,0.009682925670175924,0.026450981246222582,0.20259129267238996,0.3929521205268802,0.6651575821334293,0.08162762949765867,0.048098047153512735,0.7051926865906947,0.6635957343935204,0.07937458889174798,0.4963990037445578,0.2927284196601534,0.18111320224898342,0.045144155596232305,0.18960302159894848,0.8932664355521669,0.1893077907548315,0.36074814609951167,0.05791644298686982,0.4482730938291458,0.5600211408561366,0.46160494010264896,0.36944479036169975,0.795970334483519,0.47766540470946073,0.24531286794800788
0.5863827495788653,0.1801345325571555,0.12517377813026764,0.20906907273189446,0.10671250659736042,0.5369265748114688,0.22235751119479763,0.0155949945425925,0.11735341610529304,0.3815009142699246,0.563257860512154,0.666508405835103,0.03477997689262802,0.2054424514908001,0.02645282656478587,0.03346624173431645,0.020333193720087572,0.18900948793822903,0.4927705995401487,0.6879320221753099,0.7622630903196328,0.48845018820024266,0.9573609680346948,0.9799511380903014,0.009682925670175924,0.026450981246222582,0.20259129267238996,0.3929521205268802,0.6651575821334293,0.08162762949765867,0.048098047153512735,0.7051926865906947,0.6635957343935204,0.07937458889174798,0.4963990037445578,0.2927284196601534,0.18111320224898342,0.045144155596232305,0.18960302159894848,0.8932664355521669,0.1893077907548315,0.36074814609951167,0.05791644298686982,0.4482730938291458,0.5600211408561366,0.46160494010264896,0.36944479036169975,0.795970334483519,0.47766540470946073,0.24531286794800788
0.5863827495788653,0.1801345325571555,0.12517377813026764,0.20906907273189446,0.10671250659736042,0.5369265748114688,0.22235751119479763,0.0155949945425925,0.11735341610529304,0.3815009142699246,0.563257860512154,0.666508405835103,0.03477997689262802,0.2054424514908001,0.02645282656478587,0.03346624173431645,0.020333193720087572,0.18900948793822903,0.4927705995401487,0.6879320221753099,0.7622630903196328,0.48845018820024266,0.9573609680346948,0.9799511380903014,0.009682925670175924,0.026450981246222582,0.20259129267238996,0.3929521205268802,0.6651575821334293,0.08162762949765867,0.048098047153512735,0.7051926865906947,0.6635957343935204,0.07937458889174798,0.4963990037445578,0.2927284196601534,0.18111320224898342,0.045144155596232305,0.18960302159894848,0.8932664355521669,0.1893077907548315,0.36074814609951167,0.05791644298686982,0.4482730938291458,0.5600211408561366,0.46160494010264896,0.36944479036169975,0.795970334483519,0.47766540470946073,0.24531286794800788
0.5863827495788653,0.1801345325571555,0.12517377813026764,0.20906907273189446,0.10671250659736042,0.5369265748114688,0.22235751119479763,0.0155949945425925,0.11735341610529304,0.3815009142699246,0.563257860512154,0.666508405835103,0.03477997689262802,0.2054424514908001,0.02645282656478587,0.03346624173431645,0.020333193720087572,0.18900948793822903,0.4927705995401487,0.6879320221753099,0.7622630903196328,0.48845018820024266,0.9573609680346948,0.9799511380903014,0.009682925670175924,0.026450981246222582,0.20259129267238996,0.3929521205268802,0.6651575821334293,0.08162762949765867,0.048098047153512735,0.7051926865906947,0.6635957343935204,0.07937458889174798,0.4963990037445578,0.2927284196601534,0.18111320224898342,0.045144155596232305,0.18960302159894848,0.8932664355521669,0.1893077907548315,0.36074814609951167,0.05791644298686982,0.4482730938291458,0.5600211408561366,0.46160494010264896,0.36944479036169975,0.795970334483519,0.47766540470946073,0.24531286794800788
0.5863827495788653,0.1801345325571555,0.12517377813026764,0.20906907273189446,0.10671250659736042,0.5369265748114688,0.22235751119479763,0.0155949945425925,0.11735341610529304,0.3815009142699246,0.563257860512154,0.666508405835103,0.03477997689262802,0.2054424514908001,0.02645282656478587,0.03346624173431645,0.020333193720087572,0.18900948793822903,0.4927705995401487,0.6879320221753099,0.7622630903196328,0.48845018820024266,0.9573609680346948,0.9799511380903014,0.009682925670175924,0.026450981246222582,0.20259129267238996,0.3929521205268802,0.6651575821334293,0.08162762949765867,0.048098047153512735,0.7051926865906947,0.6635957343935204,0.07937458889174798,0.4963990037445578,0.2927284196601534,0.18111320224898342,0.045144155596232305,0.18960302159894848,0.8932664355521669,0.1893077907548315,0.36074814609951167,0.05791644298686982,0.4482730938291458,0.5600211408561366,0.46160494010264896,0.36944479036169975,0.795970334483519,0.47766540470946073,0.24531286794800788
0.5863827495788653,0.1801345325571555,0.12517377813026764,0.20906907273189446,0.10671250659736042,0.5369265748114688,0.22235751119479763,0.0155949945425925,0.11735341610529304,0.3815009142699246,0.563257860512154,0.666508405835103,0.03477997689262802,0.2054424514908001,0.02645282656478587,0.03346624173431645,0.020333193720087572,0.18900948793822903,0.4927705995401487,0.6879320221753099,0.7622630903196328,0.48845018820024266,0.9573609680346948,0.9799511380903014,0.009682925670175924,0.026450981246222582,0.20259129267238996,0.3929521205268802,0.6651575821334293,0.08162762949765867,0.048098047153512735,0.7051926865906947,0.6635957343935204,0.07937458889174798,0.4963990037445578,0.2927284196601534,0.18111320224898342,0.045144155596232305,0.18960302159894848,0.8932664355521669,0.1893077907548315,0.36074814609951167,0.05791644298686982,0.4482730938291458,0.5600211408561366,0.46160494010264896,0.36944479036169975,0.795970334483519,0.47766540470946073,0.24531286794800788
0.5863827495788653,0.1801345325571555,0.12517377813026764,0.20906907273189446,0.10671250659736042,0.5369265748114688,0.22235751119479763,0.0155949945425925,0.11735341610529304,0.3815009142699246,0.563257860512154,0.666508405835103,0.03477997689262802,0.2054424514908001,0.02645282656478587,0.03346624173431645,0.020333193720087572,0.18900948793822903,0.4927705995401487,0.6879320221753099,0.7622630903196328,0.48845018820024266,0.9573609680346948,0.9799511380903014,0.009682925670175924,0.026450981246222582,0.20259129267238996,0.3929521205268802,0.6651575821334293,0.08162762949765867,0.048098047153512735,0.7051926865906947,0.6635957343935204,0.07937458889174798,0.4963990037445578,0.2927284196601534,0.18111320224898342,0.045144155596232305,0.18960302159894848,0.8932664355521669,0.1893077907548315,0.36074814609951167,0.05791644298686982,0.4482730938291458,0.5600211408561366,0.46160494010264896,0.36944479036169975,0.795970334483519,0.47766540470946073,0.24531286794800788
0.5863827495788653,0.1801345325571555,0.12517377813026764,0.20906907273189446,0.10671250659736042,0.5369265748114688,0.22235751119479763,0.0155949945425925,0.11735341610529304,0.3815009142699246,0.563257860512154,0.666508405835103,0.03477997689262802,0.2054424514908001,0.02645282656478587,0.03346624173431645,0.020333193720087572,0.18900948793822903,0.4927705995401487,0.6879320221753099,0.7622630903196328,0.48845018820024266,0.9573609680346948,0.9799511380903014,0.009682925670175924,0.026450981246222582,0.20259129267238996,0.3929521205268802,0.6651575821334293,0.08162762949765867,0.048098047153512735,0.7051926865906947,0.6635957343935204,0.07937458889174798,0.4963990037445578,0.2927284196601534,0.18111320224898342,0.045144155596232305,0.18960302159894848,0.8932664355521669,0.1893077907548315,0.36074814609951167,0.05791644298686982,0.4482730938291458,0.5600211408561366,0.46160494010264896,0.36944479036169975,0.795970334483519,0.47766540470946073,0.24531286794800788
0.5863827495788653,0.1801345325571555,0.12517377813026764,0.20906907273189446,0.10671250659736042,0.5369265748114688,0.22235751119479763,0.0155949945425925,0.11735341610529304,0.3815009142699246,0.563257860512154,0.666508405835103,0.03477997689262802,0.2054424514908001,0.02645282656478587,0.03346624173431645,0.020333193720087572,0.18900948793822903,0.4927705995401487,0.6879320221753099,0.7622630903196328,0.48845018820024266,0.9573609680346948,0.9799511380903014,0.009682925670175924,0.026450981246222582,0.20259129267238996,0.3929521205268802,0.6651575821334293,0.08162762949765867,0.048098047153512735,0.7051926865906947,0.6635957343935204,0.07937458889174798,0.4963990037445578,0.2927284196601534,0.18111320224898342,0.045144155596232305,0.18960302159894848,0.8932664355521669,0.1893077907548315,0.36074814609951167,0.05791644298686982,0.4482730938291458,0.5600211408561366,0.46160494010264896,0.36944479036169975,0.795970334483519,0.47766540470946073,0.24531286794800788
0.5863827495788653,0.1801345325571555,0.12517377813026764,0.20906907273189446,0.10671250659736042,0.5369265748114688,0.22235751119479763,0.0155949945425925,0.11735341610529304,0.3815009142699246,0.563257860512154,0.666508405835103,0.03477997689262802,0.2054424514908001,0.02645282656478587,0.03346624173431645,0.020333193720087572,0.18900948793822903,0.4927705995401487,0.6879320221753099,0.7622630903196328,0.48845018820024266,0.9573609680346948,0.9799511380903014,0.009682925670175924,0.026450981246222582,0.20259129267238996,0.3929521205268802,0.6651575821334293,0.08162762949765867,0.048098047153512735,0.7051926865906947,0.6635957343935204,0.07937458889174798,0.4963990037445578,0.2927284196601534,0.18111320224898342,0.045144155596232305,0.18960302159894848,0.8932664355521669,0.1893077907548315,0.36074814609951167,0.05791644298686982,0.4482730938291458,0.5600211408561366,0.46160494010264896,0.36944479036169975,0.795970334483519,0.47766540470946073,0.24531286794800788
0.5863827495788653,0.1801345325571555,0.12517377813026764,0.20906907273189446,0.10671250659736042,0.5369265748114688,0.22235751119479763,0.0155949945425925,0.11735341610529304,0.3815009142699246,0.563257860512154,0.666508405835103,0.03477997689262802,0.2054424514908001,0.02645282656478587,0.03346624173431645,0.020333193720087572,0.18900948793822903,0.4927705995401487,0.6879320221753099,0.7622630903196328,0.48845018820024266,0.9573609680346948,0.9799511380903014,0.009682925670175924,0.026450981246222582,0.20259129267238996,0.3929521205268802,0.6651575821334293,0.08162762949765867,0.048098047153512735,0.7051926865906947,0.6635957343935204,0.07937458889174798,0.4963990037445578,0.2927284196601534,0.18111320224898342,0.045144155596232305,0.18960302159894848,0.8932664355521669,0.1893077907548315,0.36074814609951167,0.05791644298686982,0.4482730938291458,0.5600211408561366,0.46160494010264896,0.36944479036169975,0.795970334483519,0.47766540470946073,0.24531286794800788
0.5863827495788653,0.1801345325571555,0.12517377813026764,0.20906907273189446,0.10671250659736042,0.5369265748114688,0.22235751119479763,0.0155949945425925,0.11735341610529304,0.3815009142699246,0.563257860512154,0.666508405835103,0.03477997689262802,0.2054424514908001,0.02645282656478587,0.03346624173431645,0.020333193720087572,0.18900948793822903,0.4927705995401487,0.6879320221753099,0.7622630903196328,0.48845018820024266,0.9573609680346948,0.9799511380903014,0.009682925670175924,0.026450981246222582,0.20259129267238996,0.3929521205268802,0.6651575821334293,0.08162762949765867,0.048098047153512735,0.7051926865906947,0.6635957343935204,0.07937458889174798,0.4963990037445578,0.2927284196601534,0.18111320224898342,0.045144155596232305,0.18960302159894848,0.8932664355521669,0.1893077907548315,0.36074814609951167,0.05791644298686982,0.4482730938291458,0.5600211408561366,0.46160494010264896,0.36944479036169975,0.795970334483519,0.47766540470946073,0.24531286794800788
0.5863827495788653,0.1801345325571555,0.12517377813026764,0.20906907273189446,0.10671250659736042,0.5369265748114688,0.22235751119479763,0.0155949945425925,0.11735341610529304,0.3815009142699246,0.563257860512154,0.666508405835103,0.03477997689262802,0.2054424514908001,0.02645282656478587,0.03346624173431645,0.020333193720087572,0.18900948793822903,0.4927705995401487,0.6879320221753099,0.7622630903196328,0.48845018820024266,0.9573609680346948,0.9799511380903014,0.009682925670175924,0.026450981246222582,0.20259129267238996,0.3929521205268802,0.6651575821334293,0.08162762949765867,0.048098047153512735,0.7051926865906947,0.6635957343935204,0.07937458889174798,0.4963990037445578,0.2927284196601534,0.18111320224898342,0.045144155596232305,0.18960302159894848,0.8932664355521669,0.1893077907548315,0.36074814609951167,0.05791644298686982,0.4482730938291458,0.5600211408561366,0.46160494010264896,0.36944479036169975,0.795970334483519,0.47766540470946073,0.24531286794800788
0.5863827495788653,0.1801345325571555,0.12517377813026764,0.20906907273189446,0.10671250659736042,0.5369265748114688,0.22235751119479763,0.0155949945425925,0.11735341610529304,0.3815009142699246,0.563257860512154,0.666508405835103,0.03477997689262802,0.2054424514908001,0.02645282656478587,0.03346624173431645,0.020333193720087572,0.18900948793822903,0.4927705995401487,0.6879320221753099,0.7622630903196328,0.48845018820024266,0.9573609680346948,0.9799511380903014,0.009682925670175924,0.026450981246222582,0.20259129267238996,0.3929521205268802,0.6651575821334293,0.08162762949765867,0.048098047153512735,0.7051926865906947,0.6635957343935204,0.07937458889174798,0.4963990037445578,0.2927284196601534,0.18111320224898342,0.045144155596232305,0.18960302159894848,0.8932664355521669,0.1893077907548315,0.36074814609951167,0.05791644298686982,0.4482730938291458,0.5600211408561366,0.46160494010264896,0.36944479036169975,0.795970334483519,0.47766540470946073,0.24531286794800788
0.5863827495788653,0.1801345325571555,0.12517377813026764,0.20906907273189446,0.10671250659736042,0.5369265748114688,0.22235751119479763,0.0155949945425925,0.11735341610529304,0.3815009142699246,0.563257860512154,0.666508405835103,0.03477997689262802,0.2054424514908001,0.02645282656478587,0.03346624173431645,0.020333193720087572,0.18900948793822903,0.4927705995401487,0.6879320221753099,0.7622630903196328,0.48845018820024266,0.9573609680346948,0.9799511380903014,0.009682925670175924,0.026450981246222582,0.20259129267238996,0.3929521205268802,0.6651575821334293,0.08162762949765867,0.048098047153512735,0.7051926865906947,0.6635957343935204,0.07937458889174798,0.4963990037445578,0.2927284196601534,0.18111320224898342,0.045144155596232305,0.18960302159894848,0.8932664355521669,0.1893077907548315,0.36074814609951167,0.05791644298686982,0.4482730938291458,0.5600211408561366,0.46160494010264896,0.36944479036169975,0.795970334483519,0.47766540470946073,0.24531286794800788
0.5863827495788653,0.1801345325571555,0.12517377813026764,0.20906907273189446,0.10671250659736042,0.5369265748114688,0.22235751119479763,0.0155949945425925,0.11735341610529304,0.3815009142699246,0.563257860512154,0.666508405835103,0.03477997689262802,0.2054424514908001,0.02645282656478587,0.03346624173431645,0.020333193720087572,0.18900948793822903,0.4927705995401487,0.6879320221753099,0.7622630903196328,0.48845018820024266,0.9573609680346948,0.9799511380903014,0.009682925670175924,0.026450981246222582,0.20259129267238996,0.3929521205268802,0.6651575821334293,0.08162762949765867,0.048098047153512735,0.7051926865906947,0.6635957343935204,0.07937458889174798,0.4963990037445578,0.2927284196601534,0.18111320224898342,0.045144155596232305,0.18960302159894848,0.8932664355521669,0.1893077907548315,0.36074814609951167,0.05791644298686982,0.4482730938291458,0.5600211408561366,0.46160494010264896,0.36944479036169975,0.795970334483519,0.47766540470946073,0.24531286794800788
0.5863827495788653,0.1801345325571555,0.12517377813026764,0.20906907273189446,0.10671250659736042,0.5369265748114688,0.22235751119479763,0.0155949945425925,0.11735341610529304,0.3815009142699246,0.563257860512154,0.666508405835103,0.03477997689262802,0.2054424514908001,0.02645282656478587,0.03346624173431645,0.020333193720087572,0.18900948793822903,0.4927705995401487,0.6879320221753099,0.7622630903196328,0.48845018820024266,0.9573609680346948,0.9799511380903014,0.009682925670175924,0.026450981246222582,0.20259129267238996,0.3929521205268802,0.6651575821334293,0.08162762949765867,0.048098047153512735,0.7051926865906947,0.6635957343935204,0.07937458889174798,0.4963990037445578,0.2927284196601534,0.18111320224898342,0.045144155596232305,0.18960302159894848,0.8932664355521669,0.1893077907548315,0.36074814609951167,0.05791644298686982,0.4482730938291458,0.5600211408561366,0.46160494010264896,0.36944479036169975,0.795970334483519,0.47766540470946073,0.24531286794800788
0.5863827495788653,0.1801345325571555,0.12517377813026764,0.20906907273189446,0.10671250659736042,0.5369265748114688,0.22235751119479763,0.0155949945425925,0.11735341610529304,0.3815009142699246,0.563257860512154,0.666508405835103,0.03477997689262802,0.2054424514908001,0.02645282656478587,0.03346624173431645,0.020333193720087572,0.18900948793822903,0.4927705995401487,0.6879320221753099,0.7622630903196328,0.48845018820024266,0.9573609680346948,0.9799511380903014,0.009682925670175924,0.026450981246222582,0.20259129267238996,0.3929521205268802,0.6651575821334293,0.08162762949765867,0.048098047153512735,0.7051926865906947,0.6635957343935204,0.07937458889174798,0.4963990037445578,0.2927284196601534,0.18111320224898342,0.045144155596232305,0.18960302159894848,0.8932664355521669,0.1893077907548315,0.36074814609951167,0.05791644298686982,0.4482730938291458,0.5600211408561366,0.46160494010264896,0.36944479036169975,0.795970334483519,0.47766540470946073,0.24531286794800788
0.5863827495788653,0.1801345325571555,0.12517377813026764,0.20906907273189446,0.10671250659736042,0.5369265748114688,0.22235751119479763,0.0155949945425925,0.11735341610529304,0.3815009142699246,0.563257860512154,0.666508405835103,0.03477997689262802,0.2054424514908001,0.02645282656478587,0.03346624173431645,0.020333193720087572,0.18900948793822903,0.4927705995401487,0.6879320221753099,0.7622630903196328,0.48845018820024266,0.9573609680346948,0.9799511380903014,0.009682925670175924,0.026450981246222582,0.20259129267238996,0.3929521205268802,0.6651575821334293,0.08162762949765867,0.048098047153512735,0.7051926865906947,0.6635957343935204,0.07937458889174798,0.4963990037445578,0.2927284196601534,0.18111320224898342,0.045144155596232305,0.18960302159894848,0.8932664355521669,0.1893077907548315,0.36074814609951167,0.05791644298686982,0.4482730938291458,0.5600211408561366,0.46160494010264896,0.36944479036169975,0.795970334483519,0.47766540470946073,0.24531286794800788
0.5863827495788653,0.1801345325571555,0.12517377813026764,0.20906907273189446,0.10671250659736042,0.5369265748114688,0.22235751119479763,0.0155949945425925,0.11735341610529304,0.3815009142699246,0.563257860512154,0.666508405835103,0.03477997689262802,0.2054424514908001,0.02645282656478587,0.03346624173431645,0.020333193720087572,0.18900948793822903,0.4927705995401487,0.6879320221753099,0.7622630903196328,0.48845018820024266,0.9573609680346948,0.9799511380903014,0.009682925670175924,0.026450981246222582,0.20259129267238996,0.3929521205268802,0.6651575821334293,0.08162762949765867,0.048098047153512735,0.7051926865906947,0.6635957343935204,0.07937458889174798,0.4963990037445578,0.2927284196601534,0.18111320224898342,0.045144155596232305,0.18960302159894848,0.8932664355521669,0.1893077907548315,0.36074814609951167,0.05791644298686982,0.4482730938291458,0.5600211408561366,0.46160494010264896,0.36944479036169975,0.795970334483519,0.47766540470946073,0.24531286794800788
0.5863827495788653,0.1801345325571555,0.12517377813026764,0.20906907273189446,0.10671250659736042,0.5369265748114688,0.22235751119479763,0.0155949945425925,0.11735341610529304,0.3815009142699246,0.563257860512154,0.666508405835103,0.03477997689262802,0.2054424514908001,0.02645282656478587,0.03346624173431645,0.020333193720087572,0.18900948793822903,0.4927705995401487,0.6879320221753099,0.7622630903196328,0.48845018820024266,0.9573609680346948,0.9799511380903014,0.009682925670175924,0.026450981246222582,0.20259129267238996,0.3929521205268802,0.6651575821334293,0.08162762949765867,0.048098047153512735,0.7051926865906947,0.6635957343935204,0.07937458889174798,0.4963990037445578,0.2927284196601534,0.18111320224898342,0.045144155596232305,0.18960302159894848,0.8932664355521669,0.1893077907548315,0.36074814609951167,0.05791644298686982,0.4482730938291458,0.5600211408561366,0.46160494010264896,0.36944479036169975,0.795970334483519,0.47766540470946073,0.24531286794800788
0.5863827495788653,0.1801345325571555,0.12517377813026764,0.20906907273189446,0.10671250659736042,0.5369265748114688,0.22235751119479763,0.0155949945425925,0.11735341610529304,0.3815009142699246,0.563257860512154,0.666508405835103,0.03477997689262802,0.2054424514908001,0.02645282656478587,0.03346624173431645,0.020333193720087572,0.18900948793822903,0.4927705995401487,0.6879320221753099,0.7622630903196328,0.48845018820024266,0.9573609680346948,0.9799511380903014,0.009682925670175924,0.026450981246222582,0.20259129267238996,0.3929521205268802,0.6651575821334293,0.08162762949765867,0.048098047153512735,0.7051926865906947,0.6635957343935204,0.07937458889174798,0.4963990037445578,0.2927284196601534,0.18111320224898342,0.045144155596232305,0.18960302159894848,0.8932664355521669,0.1893077907548315,0.36074814609951167,0.05791644298686982,0.4482730938291458,0.5600211408561366,0.46160494010264896,0.36944479036169975,0.795970334483519,0.47766540470946073,0.24531286794800788
0.5863827495788653,0.1801345325571555,0.12517377813026764,0.20906907273189446,0.10671250659736042,0.5369265748114688,0.22235751119479763,0.0155949945425925,0.11735341610529304,0.3815009142699246,0.563257860512154,0.666508405835103,0.03477997689262802,0.2054424514908001,0.02645282656478587,0.03346624173431645,0.020333193720087572,0.18900948793822903,0.4927705995401487,0.6879320221753099,0.7622630903196328,0.48845018820024266,0.9573609680346948,0.9799511380903014,0.009682925670175924,0.026450981246222582,0.20259129267238996,0.3929521205268802,0.6651575821334293,0.08162762949765867,0.048098047153512735,0.7051926865906947,0.6635957343935204,0.07937458889174798,0.4963990037445578,0.2927284196601534,0.18111320224898342,0.045144155596232305,0.18960302159894848,0.8932664355521669,0.1893077907548315,0.36074814609951167,0.05791644298686982,0.4482730938291458,0.5600211408561366,0.46160494010264896,0.36944479036169975,0.795970334483519,0.47766540470946073,0.24531286794800788
0.5863827495788653,0.1801345325571555,0.12517377813026764,0.20906907273189446,0.10671250659736042,0.5369265748114688,0.22235751119479763,0.0155949945425925,0.11735341610529304,0.3815009142699246,0.563257860512154,0.666508405835103,0.03477997689262802,0.2054424514908001,0.02645282656478587,0.03346624173431645,0.020333193720087572,0.18900948793822903,0.4927705995401487,0.6879320221753099,0.7622630903196328,0.48845018820024266,0.9573609680346948,0.9799511380903014,0.009682925670175924,0.026450981246222582,0.20259129267238996,0.3929521205268802,0.6651575821334293,0.08162762949765867,0.048098047153512735,0.7051926865906947,0.6635957343935204,0.07937458889174798,0.4963990037445578,0.2927284196601534,0.18111320224898342,0.045144155596232305,0.18960302159894848,0.8932664355521669,0.1893077907548315,0.36074814609951167,0.05791644298686982,0.4482730938291458,0.5600211408561366,0.46160494010264896,0.36944479036169975,0.795970334483519,0.47766540470946073,0.24531286794800788
0.5863827495788653,0.1801345325571555,0.12517377813026764,0.20906907273189446,0.10671250659736042,0.5369265748114688,0.22235751119479763,0.0155949945425925,0.11735341610529304,0.3815009142699246,0.563257860512154,0.666508405835103,0.03477997689262802,0.2054424514908001,0.02645282656478587,0.03346624173431645,0.020333193720087572,0.18900948793822903,0.4927705995401487,0.6879320221753099,0.7622630903196328,0.48845018820024266,0.9573609680346948,0.9799511380903014,0.009682925670175924,0.026450981246222582,0.20259129267238996,0.3929521205268802,0.6651575821334293,0.08162762949765867,0.048098047153512735,0.7051926865906947,0.6635957343935204,0.07937458889174798,0.4963990037445578,0.2927284196601534,0.18111320224898342,0.045144155596232305,0.18960302159894848,0.8932664355521669,0.1893077907548315,0.36074814609951167,0.05791644298686982,0.4482730938291458,0.5600211408561366,0.46160494010264896,0.36944479036169975,0.795970334483519,0.47766540470946073,0.24531286794800788
0.5863827495788653,0.1801345325571555,0.12517377813026764,0.20906907273189446,0.10671250659736042,0.5369265748114688,0.22235751119479763,0.0155949945425925,0.11735341610529304,0.3815009142699246,0.563257860512154,0.666508405835103,0.03477997689262802,0.2054424514908001,0.02645282656478587,0.03346624173431645,0.020333193720087572,0.18900948793822903,0.4927705995401487,0.6879320221753099,0.7622630903196328,0.48845018820024266,0.9573609680346948,0.9799511380903014,0.009682925670175924,0.026450981246222582,0.20259129267238996,0.3929521205268802,0.6651575821334293,0.08162762949765867,0.048098047153512735,0.7051926865906947,0.6635957343935204,0.07937458889174798,0.4963990037445578,0.2927284196601534,0.18111320224898342,0.045144155596232305,0.18960302159894848,0.8932664355521669,0.1893077907548315,0.36074814609951167,0.05791644298686982,0.4482730938291458,0.5600211408561366,0.46160494010264896,0.36944479036169975,0.795970334483519,0.47766540470946073,0.24531286794800788
0.5863827495788653,0.1801345325571555,0.12517377813026764,0.20906907273189446,0.10671250659736042,0.5369265748114688,0.22235751119479763,0.0155949945425925,0.11735341610529304,0.3815009142699246,0.563257860512154,0.666508405835103,0.03477997689262802,0.2054424514908001,0.02645282656478587,0.03346624173431645,0.020333193720087572,0.18900948793822903,0.4927705995401487,0.6879320221753099,0.7622630903196328,0.48845018820024266,0.9573609680346948,0.9799511380903014,0.009682925670175924,0.026450981246222582,0.20259129267238996,0.3929521205268802,0.6651575821334293,0.08162762949765867,0.048098047153512735,0.7051926865906947,0.6635957343935204,0.07937458889174798,0.4963990037445578,0.2927284196601534,0.18111320224898342,0.045144155596232305,0.18960302159894848,0.8932664355521669,0.1893077907548315,0.36074814609951167,0.05791644298686982,0.4482730938291458,0.5600211408561366,0.46160494010264896,0.36944479036169975,0.795970334483519,0.47766540470946073,0.24531286794800788
0.5863827495788653,0.1801345325571555,0.12517377813026764,0.20906907273189446,0.10671250659736042,0.5369265748114688,0.22235751119479763,0.0155949945425925,0.11735341610529304,0.3815009142699246,0.563257860512154,0.666508405835103,0.03477997689262802,0.2054424514908001,0.02645282656478587,0.03346624173431645,0.020333193720087572,0.18900948793822903,0.4927705995401487,0.6879320221753099,0.7622630903196328,0.48845018820024266,0.9573609680346948,0.9799511380903014,0.009682925670175924,0.026450981246222582,0.20259129267238996,0.3929521205268802,0.6651575821334293,0.08162762949765867,0.048098047153512735,0.7051926865906947,0.6635957343935204,0.07937458889174798,0.4963990037445578,0.2927284196601534,0.18111320224898342,0.045144155596232305,0.18960302159894848,0.8932664355521669,0.1893077907548315,0.36074814609951167,0.05791644298686982,0.4482730938291458,0.5600211408561366,0.46160494010264896,0.36944479036169975,0.795970334483519,0.47766540470946073,0.24531286794800788
