SimulationID,AdjustedLatency,AdjustedNetworkCost
520eda83-c0ef-48cd-ab59-a468249e6848,0.5838751887492,245.77999999999997
fd6f73d4-946f-4b76-997a-87cba818552d,0.5816958107932,240.77999999999997
d5feb543-ff27-4f0e-93ed-7c345e8e0fd6,0.5829935956311,210.77999999999997
2772abbc-6d8b-49b9-9015-cbc237cd11d1,0.58651168922615,242.78
9804be03-e43d-43f8-9379-2959ef755d72,0.58635413312925,243.78
8ced9a52-ac88-4cf3-9385-24486f4a2502,0.5831191589746,245.77999999999997
2e7d39dc-9768-4861-8ad3-9d7cfc6d8106,0.58244326309215,273.78
84994185-d78b-4856-98af-96e169d86cb4,0.5840676859778,249.78
72a1e6a5-870b-46e8-af1d-247f23753020,0.5880301821639,196.77999999999997
adb15c99-1348-4225-a66c-04a96cd89c41,0.58320610964725,268.78000000000003
33faa5f8-3541-4bfa-822a-8371788a5846,0.58457703400215,225.78
18361757-ac9b-4f05-88d9-539707fc1a3d,0.58522119575625,249.77999999999997
0cb926ec-9899-4f5c-885d-6a646c3f5f23,0.5843891170194,226.77999999999997
8e96e71f-147d-45a1-bbc2-518cc897f543,0.58384211568355,198.78
95e73a26-5760-4bc6-8e5d-cccbe62ec1b3,0.58392410460845,236.78
15e417fd-149d-4884-ab95-b3b487be27c7,0.5839983511074,230.77999999999997
a38b4bdb-8635-492b-88ee-ddd201b10fb9,0.58217295853325,219.77999999999997
6225fc1e-e1ff-4717-99d5-724d9570c617,0.5829435745351,237.78
903bd2a3-fa5d-4dcd-8071-7c0b2f53e963,0.5829935956311,210.77999999999997
e88bac66-bf6c-4f44-a540-62e253fd5fd5,0.58787907712215,222.77999999999997
70eadceb-98ac-4e38-88c7-9693b91aee40,0.5816958107932,240.77999999999997
3c2eba35-5559-4de4-be9e-2ff35460b433,0.58473267233085,252.78
870821bd-1eb9-48a6-8e9d-3e021eae8f72,0.58384137574495,259.78000000000003
969eb4aa-639e-4718-8aa5-8f01abe14692,0.5829935956311,210.77999999999997
f2b676d0-4a47-4631-8e7a-5c81b6b76288,0.5880301821639,196.77999999999997
c1f4808a-5d8a-4767-95ea-cbc8b99013b0,0.5808317990493,250.77999999999997
efe58a1e-0908-4892-af81-392dffbf7632,0.58457703400215,225.78
d914a798-f643-4b57-8fc0-45c41bf309b3,0.58586180439575,245.77999999999997
346fecb7-b227-4f23-8d62-7cf3f81de747,0.5843891170194,226.77999999999997
7e65d313-a7cc-4402-a686-68ca5e18eaca,0.58384211568355,198.78
2cc6f49c-2d40-42a0-8e25-2ca27ce623b4,0.5826193719674,221.77999999999997
84aa40a4-a92f-4e09-b77d-1907cef61ea1,0.5839983511074,230.77999999999997
a36c67d7-83c9-470a-850e-93f232b166ab,0.58396651524765,181.77999999999997
793b972c-cdb8-4b67-a69c-de4f12dfa48f,0.0020155326561356,202.77999999999997
0f7cfec8-f5f6-4bdb-b32c-a19e5b6715ca,0.5807416795148,187.77999999999997
cf176fca-a7d8-4874-8b79-e3e00cbdb6fa,0.5855356806093,184.77999999999997
1b542323-b2ed-47cd-b50c-395997de1156,0.5830754086525,202.77999999999997
078db57f-4a56-40a3-b046-7f5b8a007a7d,0.00199052852334315,205.77999999999997
37c65246-6159-4f47-aabb-d69f07150fa5,0.5846108615988,196.77999999999997
f4b5263d-7ee3-47c3-b200-9700433da8dd,0.5834331427554,174.77999999999997
8c34c795-7d84-4f99-b1af-a8099293f729,0.5880301821639,196.77999999999997
38905b64-ea7f-4a04-a0d9-954db0f2b45a,0.58619458950625,188.77999999999997
1cfd9eb5-db62-44b3-a659-0ad9ecc176d9,0.00216983362175695,191.77999999999997
aefa87f3-9e6f-49d3-9b28-4ce72aa0d88d,0.5817364929404,202.77999999999997
9455b23a-a7a0-48f7-9eee-125f0b80d132,0.00230407384518375,177.77999999999997
dd411946-3606-469a-81f4-e02bc56c5160,0.58384211568355,198.78
53b08aef-392c-4056-a4e0-2bacb75294d8,0.5824181755985,190.77999999999997
ddf8ac0a-29b7-4fba-93bc-d13cba777aa8,0.5807850321372,186.77999999999997
332e16e6-9119-493b-afb6-aa2a59a5b0ed,0.58396651524765,181.77999999999997
8c3828e4-509f-4a7c-b8a5-57dff876dc81,0.0020155326561356,202.77999999999997
126b3075-8b2f-4267-8289-40038788628d,0.5807416795148,187.77999999999997
9d87acd7-0c6d-4b0b-88a6-619f8bdb5647,0.00195659538357145,208.77999999999997
959a5ef4-15b4-49b2-ae43-e6201f3a52a2,0.0017933094254654,214.77999999999997
ebf2dffa-7a43-4978-be16-f265915e0a14,0.00199052852334315,205.77999999999997
5c270ec7-b7bb-4ed0-8b1a-7e63cdb695bd,0.5855356806093,184.77999999999997
cb3737a7-4a00-4188-aef5-0866f3a0e0eb,0.5834331427554,174.77999999999997
c9a65053-1a78-49cf-9d80-cdc7d427566b,0.0018025280431898,214.77999999999997
cda69792-1568-4efe-aac3-6d4c08fdb613,0.5816465393935,178.77999999999997
0c3adc89-cbcf-4b40-a20c-896c7c459cca,0.00216983362175695,191.77999999999997
4432f55e-7c56-468f-b97b-3fdea1437cb8,0.5807416795148,187.77999999999997
9caf1d0f-a68b-4a2d-845a-ed2354528595,0.00230407384518375,177.77999999999997
4e6c5fcc-3bdf-4580-869c-4e54d1a21f61,0.58253708305785,178.77999999999997
2d56025a-472b-4b4b-ad2d-9207d22f2b65,0.58422263012095,205.77999999999997
144ebb7d-1d01-44f8-b06c-e519c7ff589d,0.5854036228739,178.77999999999997
37fd8c69-4117-4ec4-a9e7-5b1b71820e42,0.0022962101723913,180.77999999999997
5850a305-bb25-4b89-a51b-50231cefa0d5,0.00209976820295455,197.77999999999997
fc19b7d5-f802-4c0d-918b-e6f0d0d6a7e1,0.0019322419731241,195.77999999999997
15409d39-e70b-4056-8b91-c4562a9cca1a,0.00189097866719525,201.77999999999997
f1d635f0-1c70-4a37-8f39-5576bbdcf7cc,0.0020631595659909,189.77999999999997
69978330-2fc5-462e-86c5-bf0a330ccc84,0.00164230507809135,215.77999999999997
73cacd44-d6a2-4c5f-9d9a-917174571536,0.00200681076824375,200.77999999999997
0ae5d8af-df85-4a41-9e4f-74e1432c4a6a,0.00217530442540845,183.77999999999997
0ddd9e12-4d3e-4264-88cd-31f8612d7f6b,0.00177009422423255,207.77999999999997
7c49e676-a2e1-4b47-bd27-4d2e592c2cc9,0.00207120809323235,192.77999999999997
ef08c728-4f5d-4c76-81fe-212f6712efcf,0.00216983362175695,191.77999999999997
2a9e6baa-789c-477c-943f-465f415d7253,0.0022842582640564,185.77999999999997
dac91d06-6d88-497c-925e-cb0152c6a9e0,0.00230407384518375,177.77999999999997
f0bfb526-6bb7-4b7c-a949-e1016420dfeb,0.00213651158547445,186.77999999999997
e3785cf0-6a0b-4c1d-8a51-5134ccf93689,0.00235184832858425,177.77999999999997
003f9708-5d50-4e57-aa59-2501bed6a102,0.0016834185251558,213.77999999999997
e273e633-9305-4428-b617-560aef74937e,0.0022962101723913,180.77999999999997
a08f3d9d-a5cb-4748-8657-b758dce06786,0.00206297629326365,189.77999999999997
1064a46f-60b3-4fe4-bbe2-f3ab2832efcd,0.00228677738797105,180.77999999999997
4385200d-700b-43c7-b43b-dde9ad5f8c34,0.00209976820295455,197.77999999999997
45281fb4-e9d5-42aa-8c55-1bb0ff24539d,0.0018858434817446,201.77999999999997
50576363-5f7d-40e5-8361-d012ca41bd7c,0.0021735177829722,180.77999999999997
076f247e-d59d-4c95-952f-ef0c5f495de8,0.001891333543193,198.77999999999997
459e8102-ef4b-4efd-ab9e-b00208bcfaa2,0.00217530442540845,183.77999999999997
1a6368f2-9765-4f44-baad-08c33efd1002,0.00198699455417465,198.77999999999997
d64ecfa2-2967-4ac1-97d3-a1571a3ff254,0.00189097866719525,201.77999999999997
238ce423-c0be-43e0-92e3-ca9f929e5f12,0.0018565619386132,201.77999999999997
9adb1d87-5c2f-4a0e-af49-779583276545,0.0022842582640564,185.77999999999997
5479164e-641b-4994-9310-eb791c643e69,0.00230407384518375,177.77999999999997
fa68e721-64ab-4a17-b71a-c12c1d656a97,0.00213651158547445,186.77999999999997
187a5380-4853-4c82-9590-38a621da0408,0.00235184832858425,177.77999999999997
73d72a6b-832e-4317-ab3b-0a16e280a069,0.00217700733165455,183.77999999999997
c28bd784-1700-472b-bb57-44de7b4d5fa2,0.00202398117714205,189.77999999999997
2203ddf6-d406-4c15-b1ec-6dc091a357b0,0.001885261689534,200.77999999999997
f9f7cba1-6147-47b7-a4db-e0cdcfb76089,0.00183600746021545,204.77999999999997
78b3e6de-4927-41e1-abf7-e0bfc8469096,0.5872117570964,188.77999999999997
5190a8f9-6961-4f69-846b-0d083ec76024,0.00215922357787225,186.77999999999997
236edade-6b60-4303-b1ce-58d5de485472,0.00203630967908475,198.77999999999997
e30671fd-bce7-4959-8a03-106b87f50ae9,0.0020023110889192,195.77999999999997
895bbbca-2789-4633-81c0-101e6b9a1996,0.00187931760577105,201.77999999999997
1e187617-3051-4a65-822f-0a0998f80c14,0.00271680914853765,156.77999999999997
09d79c04-c696-436f-b6e9-eb760cd328d2,0.00201366536903605,200.77999999999997
e5b7db51-1425-40d0-953a-3e75c65d5dc4,0.00229796881335065,174.77999999999997
266e0959-1e71-409a-ab10-5efc87ee8d8e,0.5830719512566,182.77999999999997
699bd998-aa1c-4665-b3a6-ed0b71fc84b0,0.00230407384518375,177.77999999999997
cfb72e68-2744-4122-bc22-0f03da8f0405,0.585408401886,176.77999999999997
6118ce90-3a00-415c-8924-8be36369bf1a,0.00235184832858425,177.77999999999997
72c8a727-44a8-4708-a9a2-6b40cc64c6c0,0.581411142281,200.77999999999997
9e609736-3b1b-4193-b99a-2d0741d4d257,0.00202398117714205,189.77999999999997
2c123980-7233-4bdd-af38-740f349a0d40,0.58484646314455,179.77999999999997
afbc5a6e-2563-47d7-8e11-8c909d2b6f65,0.5872117570964,188.77999999999997
a06ee1e1-6517-4bc8-affb-0955238f2d09,0.5872117570964,188.77999999999997
ccff7c1a-44b4-44c7-9795-4638a5b9900c,0.00215922357787225,186.77999999999997
3f9bb76a-49f5-4eb0-b48e-cfeb3f47f118,0.58220694542675,197.77999999999997
8c0d4b3a-ed4c-4c54-bd60-524e2244e0fd,0.00213395483126275,189.77999999999997
4dafca4d-85f4-4f67-a743-ead4e67afa73,0.0022055737507988,186.77999999999997
65369713-efb0-44e0-9fd0-39ffefbe22eb,0.00271680914853765,156.77999999999997
ad59904c-0476-4598-bd2b-4022d9e24672,0.00201740645067095,192.77999999999997
6d2cbc47-7fbe-4cd4-8aea-c99fff2c760a,0.00229796881335065,174.77999999999997
60a46cda-9be7-4483-85dc-a41460a3ef92,0.0020078956746794,195.77999999999997
631eff08-ae10-43ac-9ed9-5a0f41d6b6ed,0.00230407384518375,177.77999999999997
a3136802-025b-4577-846f-915d39361e03,0.001885261689534,200.77999999999997
dab5adcf-d4e2-49d8-afec-fc503b4d9396,0.00235184832858425,177.77999999999997
66d4e877-57cb-4255-93ae-e4b7cceb0fed,0.0019733946350485,195.77999999999997
51cb0c80-dc71-4286-ad40-34871d798b5a,0.002185031974544,186.77999999999997
2962c27e-c832-4f9d-817c-e8b41723a6b9,0.0018485211484346,201.77999999999997
564e8d0c-f4ee-485a-b67e-6eeb9efec515,0.0019617929693889,203.77999999999997
1d74860a-3c05-4fb8-9bfe-6d18536f3920,0.00214471888773685,183.77999999999997
dfc6c770-c1b0-42bd-8b8f-19e469c758ab,0.00231010616364565,177.77999999999997
3f45d51f-a2b8-419f-8caf-b3f820655dcc,0.00200341113527305,192.77999999999997
329ceaf5-e4f5-44dc-8fde-533759cf87a2,0.0023509675985253,177.78
52c7ad4d-02c1-4bc8-8ca9-f70838176799,0.0022579487530678,188.77999999999997
7a54453d-1d97-4d25-a279-9829090f5554,0.00271680914853765,156.77999999999997
733c72bd-6c34-4794-b18d-2d3663a6c842,0.00192935849922595,198.77999999999997
183af951-ef56-471f-978a-08d63957adf4,0.00229796881335065,174.77999999999997
ac0e0ea9-6599-404e-b0e9-00ddfffd10c1,0.0022355878233768,180.77999999999997
76d5a01d-677c-4321-a284-4eed230786ab,0.00218042872754395,186.77999999999997
c17cfffa-8ca0-4a6c-8f01-3b7d3b699a96,0.00229309345189165,177.77999999999997
1d3cae62-a221-4cfd-80ff-c00644e4e5a2,0.00212772690460375,186.77999999999997
375712f2-c33a-4d94-afea-fb4fa71d85cd,0.00236119422982525,182.77999999999997
6fd017f3-8dc5-4f7b-b0da-69d562dd5e7c,0.002185031974544,186.77999999999997
8b8148c5-7b21-4899-adb5-704d0798ad66,0.00196606275432955,192.77999999999997
9a7529f2-65b6-46e7-a14f-1db41d1c97e7,0.0019225224173113,195.77999999999997
56fbc06d-8d55-4847-a882-db3543cc4210,0.0019524070410602,198.77999999999997
78d8c90f-db1c-42ab-8a03-dee52cca5524,0.00231010616364565,177.77999999999997
980dd13a-364a-4986-a565-6006d6bd67ff,0.0019185739763838,201.77999999999997
51c99976-faf4-4646-bdc2-91202c1df814,0.0023509675985253,177.78
4be16f9a-3a2e-4e53-a553-70e13380f9cd,0.00214471888773685,183.77999999999997
396426cf-3918-4f3e-9ace-e5e1e4b9bbfe,0.00271680914853765,156.77999999999997
4440ba8b-c432-4c75-8770-fdf520eccd8c,0.0021478412926557,186.77999999999997
12dd308c-a7ac-4860-8b4e-d6529bfdf046,0.00229796881335065,174.77999999999997
01434c5c-dd4b-45ae-890e-86369744cf17,0.0022355878233768,180.77999999999997
af87f8c5-2106-4116-ba5f-137ddc3d5dba,0.0018270625573148,201.77999999999997
64b45745-2f1c-4c92-ad66-dbcb18f5aede,0.00229309345189165,177.77999999999997
17ee89ee-e715-4ec5-a9b1-ec50220031e0,0.00231010616364565,177.77999999999997
0ae0136b-3394-4aad-a98d-e1b13427ac22,0.0019782303223576,195.77999999999997
d0e1e0bf-bf20-43ff-aae5-06a5bf0936c2,0.58464449380775,161.77999999999997
ade7fd60-86c5-415a-b68a-2a063770fa8b,0.0022947281647331,180.77999999999997
016f043b-8559-4d1d-b504-f43d2907eeeb,0.00193846950427065,198.77999999999997
71b2e84f-9e30-4a43-bd3f-a788cf05cbcf,0.00228475771809435,188.77999999999997
d7f834f2-8c53-480e-815f-6d3e239c0d2f,0.5356097931441,188.77999999999997
44cd47ad-4d2c-4215-896d-61fa7d7092a5,0.00227919585792855,183.77999999999997
37b6b275-6c36-43ac-ab5d-85a20d77f836,0.00165155164942355,218.77999999999997
5840f685-f4a0-472e-a590-73b50e89af48,0.00226058015355715,180.77999999999997
1662830a-abf6-4ef0-b073-7c32d6b55ac2,0.00271680914853765,156.77999999999997
ec840f5b-4660-47c4-b37e-2149ebfb007f,0.0019253376072896,198.77999999999997
bfc1bed2-8757-41d1-b46d-b4312ece5bee,0.00229796881335065,174.77999999999997
d6bc2e48-8388-4a48-813a-bb7acac67cee,0.00232286601402705,174.77999999999997
28b877ac-e2b6-4d93-ad11-a4e418c12616,0.00205004605606,195.77999999999997
7a8c7e2f-458d-42e2-8e7a-59e20ae2584b,0.00216005534947465,191.77999999999997
5eaf8de9-1c15-4143-8c66-5fd58978b4df,0.00193719807003845,200.77999999999997
87c4c47e-ebcd-4855-a400-1bfcf28f03d6,0.0018848144459674,198.77999999999997
a66c9de2-1673-46dc-8c9a-69376290006d,0.58424378758445,167.77999999999997
e86a3c2a-a1db-4b6b-a8a9-2e3eda05c3e6,0.0022947281647331,180.77999999999997
5a1d727c-5006-4476-8839-93003869a934,0.52871361037795,176.77999999999997
b0e63562-0fcb-47c7-8932-e05a566c0cff,0.0022758677945126,180.77999999999997
53f5a006-6ced-4289-b287-fc06c8797668,0.5836467488564,173.77999999999997
745eb6a8-7151-4dc5-92c6-c2713281c776,0.00227919585792855,183.77999999999997
ae7b6ddf-9da3-4ee5-9c30-f23c3562311b,0.0022817243974437,180.77999999999997
0b1fd2af-a57f-4ecf-985d-716477f8a8ba,0.00226058015355715,180.77999999999997
7a66b93e-158c-462e-863f-5369c79b355a,0.00271680914853765,156.77999999999997
435e88ab-8f68-4809-ba43-d6a15c425ab5,0.0022947281647331,180.77999999999997
c88a940e-b962-4aa2-b220-e34231bd0262,0.00229796881335065,174.77999999999997
13e7e255-14f6-4b1d-b1e0-518006c5df2c,0.00232286601402705,174.77999999999997
c692ea9b-b314-41b6-adb0-44d9ed02bab7,0.58464449380775,161.77999999999997
c3784bd2-fa7a-4f47-9c91-c4aa40e78a3d,0.58382621089875,158.77999999999997
ed02ac6a-8a81-4fa6-a9ee-3275b2137b94,0.58464449380775,161.77999999999997
ffb8ad33-c2ad-4d79-9148-0377496b4611,0.0023819673104653,179.77999999999997
3c49d8e9-3241-476f-aef7-521dca40fd9c,0.5843831712534,176.77999999999997
24e6857e-6fcd-4544-ba41-ce9782765828,0.00239012402376275,179.77999999999997
a1fd126a-6658-4c40-b27a-581c7084e03e,0.0022280202870949,180.77999999999997
8a1e58b1-0a74-42ef-9569-c414aae9dc41,0.0016579580079468,213.77999999999997
aba69375-f355-4b41-a759-df7248e7c6e3,0.00193408833753605,195.77999999999997
aaf5ac0c-ad65-4e65-a60a-477e1512a859,0.00171685135073915,210.77999999999997
a4572b4a-41eb-43f1-8b23-007dfa5abb39,0.0023568606353856,177.77999999999997
904202fb-a4fd-4c7e-bfb6-b9afd5f1bf72,0.58313400126565,158.77999999999997
4f1dcbea-d10c-4b11-991a-6d6c8552f2d8,0.00271680914853765,156.77999999999997
6776bbde-ba62-439e-889e-e22f81305e7d,0.00211966285983945,186.77999999999997
c119ea55-a4e4-45f8-89cc-d9c591c3aeab,0.00229796881335065,174.77999999999997
4d79859f-b840-4652-806e-cef23328393e,0.00221112894273685,183.77999999999997
08e2d6c2-6c13-4f43-9925-4772971584b1,0.00240128379642285,174.77999999999997
1a7379cf-e3fa-4344-8c0c-aa1db491dece,0.58516793625845,179.77999999999997
cdfea2f9-9f88-4d1f-ab9c-c8a6f98c1bbf,0.58557071460925,188.77999999999997
b7ca1925-bf4a-44ac-8ab8-66c0bbdd12e4,0.5849401933147,203.77999999999997
4c5d1ddb-e478-4750-a250-f8481c93bd4e,0.00216476804514105,188.77999999999997
d7dc4a66-69c3-4590-83a9-2d00a6aea54c,0.00239012402376275,179.77999999999997
fbe01bbb-3e3b-4127-8f70-4588532ebc07,0.0022280202870949,180.77999999999997
3ed6b583-4d55-4445-b1ae-570fc6c64fa4,0.002315709482599,177.77999999999997
f903fb12-3646-43d2-92b5-2e3ef11a437c,0.5843831712534,176.77999999999997
16bd2dde-531b-4168-a5ed-ef5c503a513e,0.00188678786790365,203.77999999999997
d0bb4585-3a8b-47df-a81e-3f22448c4e9c,0.0023568606353856,177.77999999999997
9dcfa2e0-1ff0-40f8-a470-f6712f2937b2,0.5846646738898,191.77999999999997
ce8bef4b-00c6-452a-a520-b095adf810fd,0.00271680914853765,156.77999999999997
508b2057-d47a-41bc-8990-27243cea2764,0.00189361749995535,201.77999999999997
195e173f-aedd-4c1e-b816-6b449337e361,0.00229796881335065,174.77999999999997
cb38e4f7-cb5b-4f6c-af90-ba80c46a3f22,0.00182896499230315,204.77999999999997
3ac67c13-b62f-4b85-b2ef-7c8889e6ac5f,0.00240128379642285,174.77999999999997
6bdf52c0-d65c-4e55-b8ec-3e7175a00687,0.0020047392942481,192.77999999999997
0f57b59e-1202-4be0-bc03-b9945045267c,0.58708424703625,203.77999999999997
96721a89-8f75-4238-8821-16c72f37ec22,0.5843831712534,176.77999999999997
7dd095f9-d0ca-48dd-ab45-3a891daf7324,0.0019122638242991,198.77999999999997
d00724cd-55b8-4441-a2ee-a5e447310b48,0.0021484188516413,183.77999999999997
af9acc83-580e-418e-ba4b-cb7ecd45efff,0.0022523924518,185.77999999999997
96b2c77f-8117-4d02-b15c-babd5b9d004d,0.58724135254185,191.77999999999997
8ff9dd5b-78b8-4d1f-8fcd-d3db8f2969ee,0.20891992460056,208.77999999999997
0869bc66-0427-4bd6-b128-033f976a77f9,0.58923963774065,182.77999999999997
120f71b7-4c35-4d45-a343-880ab99f8bb4,0.0018991393720034,198.77999999999997
c37be0c2-02a0-4cd7-b59a-755ca7c09e23,0.00207717487886875,189.77999999999997
93433dec-c662-4d7a-9ccb-303c5c80bbe8,0.00271680914853765,156.77999999999997
aaa4edec-c1da-4b82-8f96-52fc8b882e0d,0.00217821897041755,186.77999999999997
831cd35a-ec9a-4ec8-a386-923f3f07fde0,0.00229796881335065,174.77999999999997
92ce16c5-7995-46f5-81e1-c2afe2eb6480,0.303170093205315,200.77999999999997
c63b96e7-8c7b-4464-a572-22aee33b0c4a,0.0025964253004542,168.77999999999997
a8d60f61-bc6b-4452-9685-1c062366b2de,0.0018690843235861,206.77999999999997
b638b538-f894-4d16-b57a-84d5eaeed338,0.00185874343818355,201.77999999999997
c69f2570-6a40-4f46-a84c-ed48d7df6733,0.00186458648892795,204.77999999999997
1fff7cac-317d-4b37-be00-6ea02b10e151,0.00221425721457445,183.77999999999997
c3b753ce-bd47-4926-aeae-82fbeadee281,0.0021484188516413,183.77999999999997
343b1b05-b779-46fb-b4f3-26a9d3063a41,0.0022523924518,185.77999999999997
7ff6ce54-cb30-4aee-ac3e-a1f55a32c63e,0.00213630772454855,191.77999999999997
7dd24fe1-83e6-45cd-81b2-a7f278d761f0,0.0022523924518,185.77999999999997
360a039f-063b-453f-86f5-03120e9de3ab,0.0018813324223624,206.77999999999997
b05bccd3-38eb-412d-854d-54448388903f,0.0022791245520766,180.77999999999997
7411f256-56b0-4a53-b324-fa5e2fc70f08,0.00237506388306725,174.77999999999997
af6e5639-8d56-4c4f-a6ff-e014e253f9b9,0.00271680914853765,156.77999999999997
5e1855b9-716f-4eba-8de6-58291c5bb89c,0.00217821897041755,186.77999999999997
ae070acf-d782-46e3-b293-57a2b199cf9a,0.00229796881335065,174.77999999999997
f5c09fbb-ebd7-4b19-b910-ae61dddcb8fa,0.426032173835245,191.77999999999997
f25f1762-b1d2-4216-b545-8a0cee660e74,0.0025964253004542,168.77999999999997
f0a508fb-4d76-4dfb-acd0-12c1d0113646,0.0019122638242991,198.77999999999997
2704423f-6b9f-438a-bbe4-13d34c84b0a3,0.0021484188516413,183.77999999999997
baf729ea-170d-4494-a216-02efea053a72,0.0021244854274122,189.77999999999997
23daabb2-0516-4fee-9cf2-a3b4ece93927,0.00180935298359585,209.77999999999997
f53c1fc1-3b89-498d-abc5-e13148a4200a,0.0019559323631739,198.77999999999997
30dfefda-74c3-4d89-a81b-40801cd4daf3,0.00216690430840255,191.77999999999997
95af9a23-009f-43fd-a5ad-0603f5942ec9,0.57486132549215,209.77999999999997
baf52052-4bf8-4010-9488-bd192a2cb1e9,0.5856817885658,176.77999999999997
4e873663-8a83-40a0-a1be-bb7e2423f26b,0.00219936850693805,183.77999999999997
aa2e327f-ae86-4d82-a6d2-b084d1ed80d9,0.00183927807295075,204.77999999999997
9967ff8f-b2b2-4137-a5c2-28d80950423c,0.00217320905866385,183.77999999999997
e16b16c6-7cc5-4574-9eaf-dcda3c4611a8,0.00271680914853765,156.77999999999997
db72d762-a4b4-4f5c-a8d9-f234b130e141,0.002291082367561,183.77999999999997
38ead8a9-701e-4c39-922d-335bc305bf91,0.00187689791536565,205.77999999999997
b4fc22e1-fa81-4edf-b534-3696753185b1,0.00198570728429825,195.77999999999997
9237d372-16d9-44d7-8e55-eab580d66927,0.0025964253004542,168.77999999999997
e8280ed7-6e80-473b-82db-87378acb0042,0.0020461861222349,192.77999999999997
f3c59fe5-8e11-4248-9bc9-37e525c2727c,0.58419981570725,193.77999999999997
1165ef11-298d-496c-aebf-655e1d44e995,0.0022553853069116,183.77999999999997
9dfc6b93-736f-4bd3-9f91-40074788557c,0.00180935298359585,209.77999999999997
fb718dd2-ea8f-4625-a783-f245d7a4dfa9,0.00171685260291305,210.77999999999997
315f176d-d31b-434b-911a-cdcab96ee0c4,0.00180935298359585,209.77999999999997
5b1999f5-116d-462b-ae92-4ffeae0e1458,0.00180935298359585,209.77999999999997
2b3e2eca-d109-4625-9c6f-83970a0e68fe,0.00164533353023335,213.77999999999997
e40448a6-3b44-484c-857f-54520980a6f8,0.00219936850693805,183.77999999999997
7edfbbb0-56c6-44f4-949b-f8a2d777a92c,0.001827627343488,209.77999999999997
de460f62-82e9-4e9b-82ed-d3537168f933,0.00217320905866385,183.77999999999997
2280dcc6-1a1f-4974-9b92-86a9c8cc759f,0.00271680914853765,156.77999999999997
e7252351-76ce-4b74-8099-379735428163,0.002291082367561,183.77999999999997
0efe4108-27a1-477e-86d7-1c70ed56820e,0.00201591434864485,195.77999999999997
a498a53b-e74f-46b5-9bfc-f44fa874439e,0.00180935298359585,209.77999999999997
5276587a-a304-48d5-b566-3498d2f7df74,0.0025964253004542,168.77999999999997
e84407bf-1bf7-4f49-a6c1-e926655b595b,0.00180935298359585,209.77999999999997
4d1f44b8-498f-417a-a37a-4cdeef18b2a2,0.0020656389071846,197.77999999999997
2db9e635-ad99-42b9-8bfa-417d1fada1dd,0.0022553853069116,183.77999999999997
ab971ffe-4bc4-4461-b579-e8b17f61d09b,0.00167931265689285,210.77999999999997
d1200908-1060-465e-af79-38d0247c840c,0.00213158892315585,180.78
eb5c2306-9b2d-442a-abc5-45e3b3913e37,0.0017854618923894,204.77999999999997
41bbe104-ab06-48de-b166-9fd1c65a4f7f,0.00242688651983335,168.77999999999997
6d92a68c-001e-4ffe-a1d6-490a595c5e2a,0.00208411615569175,192.77999999999997
2a233a33-50c3-4bdb-a685-7e49c9862551,0.58606014190835,188.77999999999997
619ac845-9fb6-4fdf-9d4c-af0d9c9ea7d2,0.0020664431342762,189.77999999999997
df80e1dc-0c96-4ab5-bcc2-423ffa3b05e2,0.00222578305427825,186.77999999999997
10e97a9b-93f1-42e1-8276-ea47f72deb41,0.00271680914853765,156.77999999999997
13446bc3-6ae3-4777-b7ff-e19813dbafd0,0.00164913866459545,213.77999999999997
fa2feb1e-e2e6-4a8c-81cd-871b501bc641,0.0023590380696375,171.77999999999997
7a3d0c78-c0d1-40dc-ae11-f352f41d4d77,0.00201551083359025,195.77999999999997
ac465b15-9eb9-44ed-ad4c-1f3bef0d8274,0.0025964253004542,168.77999999999997
79e8ad83-ff29-43f0-a2d3-82fc461c2a38,0.00233286984313945,177.77999999999997
d71d7b6a-8669-4a44-8965-97b9878494bc,0.0023482155002923,174.78
73f545a6-45e1-4068-8520-5a2f4998e004,0.0019348831851125,197.77999999999997
58996f85-c27a-4f77-a2d5-fc267df6d944,0.00242688651983335,168.77999999999997
e5315b0a-72f2-49f4-aced-595db6dfd9a8,0.58606014190835,188.77999999999997
ac0628e2-6d96-4b33-93f0-e9925e4a6279,0.00226544765622595,183.77999999999997
17da8929-aeda-4a0a-a61e-afa06c4873fb,0.00242688651983335,168.77999999999997
5f32e4d8-5963-41e2-bfb6-5fa72cfee78d,0.0019347313291777,195.77999999999997
655a9351-f306-4cda-a8fe-fc85551f47a7,0.00226294325991195,180.77999999999997
cd4899c9-c618-4939-8757-55d04117507e,0.00167931265689285,210.77999999999997
80871e98-a882-4fa6-a418-0bb798ebc691,0.00167931265689285,210.77999999999997
a4614528-5a3d-4cfc-a8e0-f06a5c677755,0.00271680914853765,156.77999999999997
001ec749-9b2a-4caf-98f1-3857f84c8791,0.00167931265689285,210.77999999999997
76e22f63-97cf-467b-b8c5-1a2c63d67130,0.0023590380696375,171.77999999999997
3e4199f2-77ef-49fd-b21d-0ce992c911cd,0.00173176374087785,210.77999999999997
5046d8f6-dd81-49f1-8cc1-0766ef4e3121,0.0025964253004542,168.77999999999997
eed7fe8b-3d33-4d21-80f0-c41dacc11004,0.00233286984313945,177.77999999999997
60d24b82-8ad3-41c3-a517-de1b3ad088b6,0.0023482155002923,174.78
d9c3ef23-59c4-4eae-a191-beb088f39ae3,0.00230136986559595,177.77999999999997
aa0122db-8e34-429d-b69d-91746862f19a,0.00242688651983335,168.77999999999997
7c707d18-2c62-478c-bf8c-2679b438cc65,0.5821502303228,182.77999999999997
18576653-7823-4aa6-bc7d-42141d7a58e4,0.00207909101100495,189.77999999999997
14b14c28-6565-4a5f-8029-7a9272b69a74,0.0021922565001439,186.77999999999997
9ec82620-eda3-4f62-aaca-ae50e4e93093,0.0023011265977805,177.77999999999997
559f4c24-565a-460e-a92b-596ec68237e6,0.0020398492265847,192.77999999999997
ade5cbf9-38c3-4c78-b5cd-73e7726d8c6f,0.0022388245354608,183.77999999999997
dc8c0947-5303-4275-9fa1-a9fc81c6bfe2,0.0022445508627036,183.78
9bafe0ad-37d4-43cf-8187-6b71f3a74f33,0.00271680914853765,156.77999999999997
beaf0504-32e1-482a-b8f8-733b72f666c0,0.588938917457,199.77999999999997
3599b718-5ed7-4ece-b57f-18ad49c044b4,0.00219042449693105,180.77999999999997
f3073e7f-591e-418b-a6d1-f83152e5a797,0.002048445458836,192.77999999999997
5d77437c-46c1-461b-9ca1-823af3044400,0.00167636385888115,212.77999999999997
460a918c-c4de-4f29-a3db-9087a6f63ee8,0.00198570728429825,195.77999999999997
66defc0c-e3cb-4223-9e42-3745fd91acc2,0.0024637598992458,171.77999999999997
b92ee1b3-de61-49a8-9e4e-72892f464a4a,0.0021866531383819,185.77999999999997
a0616285-522e-4fe4-950d-83cf76dd8303,0.00242688651983335,168.77999999999997
7a170cc4-3b2c-4cd4-a6d6-c1b282d147f2,0.0021510967021885,186.77999999999997
e0ca40db-464e-4695-9d9f-5a8afc62be01,0.00242688651983335,168.77999999999997
a11c16dc-f48e-49cf-a359-6896bbf4c923,0.00258674436251185,165.77999999999997
609c6828-a31b-476d-96ea-45c3c58e4af6,0.0023011265977805,177.77999999999997
f2a8b317-d055-413c-aef1-67d08ae0574d,0.58280882943165,179.77999999999997
d735a5a6-413b-48ca-a543-de7a112db259,0.0022388245354608,183.77999999999997
1a371a40-3977-4add-8563-c74107562190,0.58147942916515,155.77999999999997
ed261afd-47a8-4e58-9eb6-9c3bbdffff23,0.00271680914853765,156.77999999999997
9f66eea1-2c72-4ab5-b2f3-08100623c47a,0.00242688651983335,168.77999999999997
750c633d-43ed-4c5f-8dba-5d85a74cf6e7,0.00219042449693105,180.77999999999997
bc55b83f-3540-42dc-b7c0-a7a2ad0bce8a,0.00242688651983335,168.77999999999997
c4b30624-e967-4434-b024-a5ab2ce28c34,0.5849813476461,182.77999999999997
8a61613e-5363-4444-8ea6-d4af019d25ae,0.00242688651983335,168.77999999999997
ee3e0ceb-f423-450c-8dab-fc1e5951532c,0.0024637598992458,171.77999999999997
47a132e0-84bb-4601-83e4-9263b1546854,0.58215531168275,176.77999999999997
fe17b958-b18d-4a94-866c-296627c3e123,0.00230745223989285,179.77999999999997
59103cb3-3ec6-440a-a83b-9843e20a3a12,0.00222403940123575,183.77999999999997
bc32d1c0-0e73-407b-b7c5-383ec8271497,0.00206214025478475,192.77999999999997
f46a5fbc-f14c-4366-9b8e-5e6a50938136,0.00258674436251185,165.77999999999997
91b83224-2d20-4afc-b807-5d6fa860b280,0.0021586785651279,186.77999999999997
1d9b54ba-f8b8-454e-8504-e4032aca58bd,0.00215961994034925,186.77999999999997
3901ab32-3460-43e8-9f8e-8390d4578741,0.5807916173236,183.77999999999997
d1d96a10-abb2-4af9-8866-60d59c17555f,0.002285047597094,182.77999999999997
44f71172-cecb-491a-86b8-de2bf65f9a5c,0.00271680914853765,156.77999999999997
a6c2ffe2-6088-42f8-97bf-acace1698f57,0.00243808934853055,174.77999999999997
54dc2e80-038c-4cc5-ab37-f68a90c4a208,0.001924711753177,203.77999999999997
90f47b77-03a7-4250-86ad-b0343e446441,0.0023265864027531,177.77999999999997
d7322c24-90fd-426c-9932-930c57be59dd,0.0020561795637723,189.77999999999997
defe0b02-8890-4993-8726-9782df8c06f1,0.0018245661730559,217.77999999999997
bbe21ab1-4f01-4146-97b0-a33411085738,0.00197762329541045,195.77999999999997
9d6e6931-13ce-498d-a30d-5c10028f4ff1,0.00201591434864485,195.77999999999997
36054154-7e56-4961-bc80-c78bd3266e13,0.00230745223989285,179.77999999999997
e00e8e9f-558e-4611-8338-903288f9865b,0.00230745223989285,179.77999999999997
47e1ab7d-4470-4687-b0c7-054112ac348a,0.00221568409383765,186.77999999999997
f87dbd47-d3f6-47d3-9df0-35506680307c,0.00258674436251185,165.77999999999997
3c45f5be-d915-493c-acc7-d6f37517c6a0,0.00237209879619095,177.77999999999997
19c09160-8560-4ff3-beb3-0a757d6e7838,0.0022651162579087,180.77999999999997
becb9a14-d707-40c1-8c6e-a7e10b634bc9,0.00192014535066665,198.77999999999997
94c0752a-0d41-43ab-817c-9464cdfc3f36,0.002285047597094,182.77999999999997
36ea3af1-1d9b-4882-b067-5c1a526abb6c,0.00271680914853765,156.77999999999997
76e1f361-1b2b-484a-bc3d-8879ebb61fc4,0.00243808934853055,174.77999999999997
32ead4d7-1244-4a16-9494-5cb403b624f7,0.0022463340358889,183.77999999999997
fb7982ed-7002-40c2-8afe-150688556d26,0.0023265864027531,177.77999999999997
daeb600d-061f-43f3-a935-15ded90b5c98,0.00230745223989285,179.77999999999997
0a7f0d10-7483-42f5-b01b-a1b9854ff5d3,0.00230745223989285,179.77999999999997
8dd7c85d-a4b7-47e8-9c6a-00a13d57938d,0.0022756661410103,177.77999999999997
7b92cae0-d620-434b-988d-057de9b986bf,0.00222403940123575,183.77999999999997
42fa9db1-4f9c-4ec1-bd9a-8a1263f801d7,0.0025831401572356,168.77999999999997
7becf41b-8ee9-4879-a45a-ec1fda8dd8da,0.00207723717886875,189.77999999999997
9fe16d5b-ff46-4547-aa85-b9f7b75857fe,0.00222845509190475,183.77999999999997
cd4152cd-d536-41d7-be41-736aaf95d5a4,0.00258674436251185,165.77999999999997
65e6e32d-0408-4741-a84b-1b7c794fc017,0.0025131564481773,168.77999999999997
9970e875-00f4-43f9-9f34-412ac7cb776d,0.0021881668864044,186.77999999999997
0f8c32cb-4614-4dba-82ff-fc6aded8be6c,0.0021358852314717,192.77999999999997
e8603961-8995-48bc-922d-91ffe6085fae,0.0020454441831154,192.77999999999997
0bb495b5-aa7b-4e41-b1fe-6cca950d3247,0.00271680914853765,156.77999999999997
ec3febc6-5c01-4359-beef-26c56c25802d,0.0019649136995729,195.77999999999997
3728271c-ff51-4a5c-b89a-7cdccd7cb951,0.0021707532531046,186.77999999999997
cff75113-167e-4259-86e7-a94869099825,0.0024955611159346,173.77999999999997
f55dfec2-796f-4941-8c86-2dd340d7c80f,0.00186109762760155,198.77999999999997
14bab9cc-5aa0-42b2-b332-30cc78ef31f4,0.585748079008,178.77999999999997
cbd7f611-286a-4766-8ec1-fa8181d1c79f,0.5861300880235,188.77999999999997
29c04352-d6c8-4ff0-8357-7cfcf774c2d6,0.00238883068442545,174.77999999999997
dbece5f7-5110-475d-b1fa-a3f6cdce07a3,0.0025831401572356,168.77999999999997
2eac409f-d73d-488a-85e3-6571a0e8ad95,0.0022619712032094,183.77999999999997
14dbe935-15cd-40b6-a3ce-2050dc34eaf4,0.00231333985634765,177.77999999999997
8f82469f-2f6a-414a-a9ce-9d7240ca028d,0.00258674436251185,165.77999999999997
8f718bb3-d085-4969-9da7-fd088c695c4c,0.0025131564481773,168.77999999999997
d9e85cfd-8523-4dab-b3a5-da4e3a730c81,0.00222845509190475,183.77999999999997
d33a97fc-33ca-4bdd-9811-c977f61e64b2,0.00222845509190475,183.77999999999997
1118b54f-0a2a-4549-9f97-70912fac001d,0.0025884381530174,162.77999999999997
4e3a0ef6-3284-4ac6-b484-2bff0d465f5a,0.00271680914853765,156.77999999999997
5ba9c3b1-1337-4f22-aeee-61bed189d446,0.00213440112929825,192.77999999999997
f4e2195a-4ba6-40ac-8345-7a3b21d2e380,0.0025831401572356,168.77999999999997
98d29d97-8b10-42a9-ad2a-1205f4051d15,0.0024955611159346,173.77999999999997
91097616-154d-48d7-8d56-00291170b299,0.0024821306923034,168.77999999999997
399c7bf5-ed60-4a30-90f2-a89eeda4ef74,0.0022377554708784,183.77999999999997
393c5b50-efac-48c1-9026-47a34adabae6,0.0024476619378368,168.77999999999997
96d43c3f-5092-4d95-87a5-38706f8ad32d,0.00238883068442545,174.77999999999997
dffb9d1e-58b5-46c3-b883-2f1f26796c80,0.00225636764052905,180.77999999999997
f59599d4-d547-4aa3-8775-fdc498d320cb,0.58402455009695,185.77999999999997
d19bbad5-32dd-4d27-8660-6be143eb5af7,0.0017697345577586,207.77999999999997
715688d9-4729-4349-9dc0-646c4e2dcb55,0.00206403264096375,194.77999999999997
ab581f62-4abb-4b6f-843f-098637f66c64,0.0020588649787972,192.77999999999997
ca799ef4-b37a-4c43-8cbc-5842f86cb5e5,0.0019220351357544,198.77999999999997
0e291149-fc5d-4d10-979c-5ca4c24be2d2,0.0020646183698209,192.77999999999997
259fda02-009c-42ab-8ef6-8ce139f7d935,0.0025884381530174,162.77999999999997
75eb0781-4822-4e9b-9f2a-9db06ef6e0b3,0.00271680914853765,156.77999999999997
63876654-79a5-4142-b336-054b68994700,0.001627886482993,213.77999999999997
a002340a-e915-4d7c-96b0-7a0397bc02be,0.00180958494545925,204.77999999999997
724203d4-78cc-458c-a072-09e1fa6ad827,0.0023581312532857,177.77999999999997
fb968d07-6774-4bc2-b61c-4da8410a980c,0.00213572961928935,186.77999999999997
90adf1cf-efbe-425b-8fd0-fd27c7135b96,0.0022681269181094,180.77999999999997
85f1949d-8727-498d-9819-6b110310fae2,0.0018679485815134,201.77999999999997
ac2ceb83-f289-40cd-9d6a-d7d8a5674149,0.0020471558306006,192.77999999999997
5fe35833-6d48-4583-a92d-e61e41af2d02,0.00225636764052905,180.77999999999997
ab9b9eae-fc90-445a-97ab-b8c36bebdddf,0.0019718110067473,198.77999999999997
727a54ff-ba7f-4275-aabc-9b01c9bb19aa,0.00212516984794905,189.77999999999997
fbd4dd42-b539-4032-8b9f-feae2f4b5b21,0.00204513941358085,192.77999999999997
6c743b4f-e9eb-4295-af56-96a88dec38f5,0.0021522624803421,183.77999999999997
dfa21ea9-8b77-40d5-b218-796928550031,0.00210650026519285,189.77999999999997
41c1ba5d-763a-4523-9f4c-00c919f5a182,0.0018451376956101,201.77999999999997
7bd94640-2e1c-4508-ae14-6e02c7740f64,0.0025884381530174,162.77999999999997
57cd03f1-fa8f-47d3-9d0e-a34522d22d60,0.00271680914853765,156.77999999999997
b291d513-667f-4c14-8738-7e9f842f695d,0.58402455009695,185.77999999999997
c863bed4-8cd7-4845-9927-5dfd2720ec8e,0.0019728621566973,195.77999999999997
6c414549-8ae8-493d-abf5-99bed7989a85,0.0023581312532857,177.77999999999997
e3937de4-c7d3-4373-a379-f3cbcec64a9a,0.00213572961928935,186.77999999999997
2eb454f6-20d6-45d9-b59d-60f650d28a6c,0.0022681269181094,180.77999999999997
b7ca4f12-1b08-403a-899b-e37877b9c4db,0.00213561628971665,186.77999999999997
6cd83335-d308-4ffd-bc55-ced5c60888c7,0.0021107094889344,194.77999999999997
9bccb249-8ccb-4087-934f-b584f97c71df,0.5826157381278,178.77999999999997
615d428a-fdf6-4586-bd38-f25b59e61d6a,0.58047659262105,175.77999999999997
430a9260-10fa-4609-be72-64b807fdb4a1,0.00213432373484615,189.77999999999997
f677490c-3df4-47e8-b61c-70a72882281e,0.0021313669519652,189.77999999999997
3a6ea8fb-fa93-4bb2-bba3-2cb1975e310c,0.00209863467894,194.77999999999997
ae07b3eb-deb6-4a2f-97b8-7f6ecd11db05,0.00226796142014495,180.77999999999997
7871e4b4-90ed-4d11-82d7-0e8b152f71f8,0.00206109775111785,192.77999999999997
800716aa-137e-4167-8a52-0b2022b72663,0.0025884381530174,162.77999999999997
7e84b98a-7abc-4e74-a857-3e2089a1154e,0.00271680914853765,156.77999999999997
6864b4e6-9238-4c10-960f-2fb60693da57,0.00234154301587355,180.77999999999997
27c5bcd8-c964-44e9-b739-9f447ce71e34,0.0021867848578222,186.77999999999997
ebc7e04f-38ac-4480-aa6d-58d223b4b63f,0.00232280493181945,180.77999999999997
e98205f2-a730-4371-ba10-c2ad019e4483,0.0023165076420871,177.77999999999997
a255c356-0f3e-4823-97ce-5c30aedf1aa4,0.00204090153560295,195.77999999999997
9824faf0-3eaf-4b87-aee6-d48cd71d5eb3,0.00234898752856155,174.77999999999997
a99ffcbc-e201-47b8-91fe-3fb9c4c1d7de,0.0021565827022089,186.77999999999997
25ddac9d-c6c7-409a-8501-850dca13a8ac,0.5826157381278,178.77999999999997
3376a7f0-d127-4c5f-a7b1-132360fc2e70,0.5806562163434,175.77999999999997
fe81b9ec-98d4-451d-b95b-a1334843ff49,0.5886323175304,173.77999999999997
b33b3534-99a7-4e5d-b2a8-068b1346f1b0,0.58047659262105,175.77999999999997
c4b9b8d3-441d-4f7d-87ce-a7ae4bd4e40f,0.00238660495664175,180.77999999999997
09a872a2-b744-401c-9bb0-36596e56a0d5,0.00226796142014495,180.77999999999997
fdca809d-16c8-43ce-99a7-d021931db260,0.5853057727248,177.77999999999997
7e1f0203-81ad-44cc-b31d-21ca3a331885,0.0025884381530174,162.77999999999997
1434fd2d-9660-478f-9cf8-eeecd1f8847b,0.00271680914853765,156.77999999999997
6d55d558-986f-4739-994b-6ec819ade525,0.58047659262105,175.77999999999997
41a0e6ff-179a-4e35-bc6c-1caef29da6a1,0.5826157381278,178.77999999999997
bcfe7a09-2bd7-4e6f-9bb3-933c1e1ddf08,0.00232280493181945,180.77999999999997
6112a565-aa78-40bb-910a-38fe2dfd18b1,0.0023165076420871,177.77999999999997
a29f75ff-88b1-4a39-8854-64233ca894c6,0.5826157381278,178.77999999999997
da8cd75f-1ecf-4fb6-8bbb-fcf1919f9be9,0.00234898752856155,174.77999999999997
4cabf44e-51e2-49de-99fe-dc5d663b0267,0.58047659262105,175.77999999999997
d8e605b5-0439-4c44-aa24-60e1cc7b85a2,0.0023800248229922,174.77999999999997
85de978f-75b2-47b3-a7ca-cff043c72309,0.00184321984084615,201.77999999999997
a780d1ac-34c2-4810-bb19-a958400ed317,0.00195962180518035,195.77999999999997
16bb4b1b-4eba-47c0-a172-1a268c6d1e2c,0.00230477070757145,180.77999999999997
d5ef96f9-28d6-4e68-9af8-1fbf3aa41d80,0.00227935769138635,177.77999999999997
5dbd21e5-24f9-4da2-be47-3448747f657c,0.00259780428665255,162.77999999999997
26133e41-f113-4053-b594-9dd282387043,0.58416055981525,196.77999999999997
a89fc43b-45aa-4693-bf27-bbfd8b8cd571,0.0025884381530174,162.77999999999997
a2dc1c5f-8c81-48c7-809f-0a68ea1bba09,0.00271680914853765,156.77999999999997
56cb4ddb-282b-4b31-946c-aaaf0255b98f,0.0018136656361729,207.77999999999997
e0cf6e7d-2ac6-4648-98e7-ed195b4e12bc,0.00183464450307915,209.77999999999997
d0a8da97-cb6b-4025-b51e-90475928d516,0.0023121962390805,177.77999999999997
7fd7c19d-2bcc-4d86-aa63-3ea92c4b5d29,0.5847367896194,170.77999999999997
3500425c-0dc0-4c73-9fa2-9b6e104bdc1d,0.58200854700435,192.77999999999997
57bdfa80-968e-4642-b6f9-def8bfb694d6,0.58135337029645,173.77999999999997
ef792909-a04a-4bb5-bc6e-240d983359e0,0.58060139565945,204.77999999999997
aebfbf3e-2b0c-474f-898d-5de46b53f640,0.0023800248229922,174.77999999999997
db18c503-bbcf-4b9f-b4c8-019b960de97f,0.0020597683039804,192.77999999999997
ea9c2204-65a2-4fcd-9138-383c5a8b234b,0.00184321984084615,201.77999999999997
05ae8f8e-112e-4c8d-9c83-7f2331e0f680,0.00205019976898305,192.77999999999997
fc5478f5-b74a-473a-8465-42f5cb648366,0.00227935769138635,177.77999999999997
2b9fdc3f-1190-4cb9-98e9-9fdab80999eb,0.00259780428665255,162.77999999999997
cfdb3894-a474-45ae-958f-5722f6c3061a,0.0020776857221703,192.77999999999997
4ddafd6c-17c2-42e7-a454-1d4e9cad7a50,0.0025884381530174,162.77999999999997
0326ec3f-9e5f-49d0-9224-29b9a7ac2440,0.00271680914853765,156.77999999999997
73f263e0-dbbf-4c2a-9a5e-b4d4a2a7602a,0.00191578598574435,198.77999999999997
ce015355-325c-41e4-b094-9fc08bd67fbf,0.0024400747998306,174.77999999999997
d2512474-7ae1-45b1-9e76-b8fb22bc1c49,0.0023121962390805,177.77999999999997
4963d2c1-475c-440e-86b5-a12b4f8a1864,0.00228958466082195,180.77999999999997
94086d47-91ef-4851-bd3a-cbcfad8e4700,0.0021992293614435,183.77999999999997
bdff67f7-40fe-4b85-a0b6-c635f83739ec,0.00184321984084615,201.77999999999997
9dda7b06-e9a8-4f6e-acdf-f09fdff36e92,0.00224746556410715,180.77999999999997
9a2eba3d-4dfc-40d1-999b-39cabf864e63,0.5833450513191,179.77999999999997
7ebe4b44-b489-4e79-86d7-8b74d6187b27,0.0023349822850122,174.77999999999997
4e4d798e-5d1f-4a67-932a-918359f8f892,0.58364624621055,176.77999999999997
368106d3-a299-441b-a894-12ba4bb7fa71,0.00227330765242965,177.77999999999997
9db0d97b-3d13-44ce-9d85-ba12bdd9edbd,0.00246689665767555,171.77999999999997
44dc859b-0102-4dcf-82af-50231735cd71,0.5862086239829,187.77999999999997
f93f91d8-0c25-4d53-abcc-d789acef2b01,0.00211676481664545,186.77999999999997
891e6fbf-d36a-4da2-9dd3-3c7f5f9b320e,0.0025884381530174,162.77999999999997
04984db5-ad4d-498a-9470-1aa6f917cdd4,0.00271680914853765,156.77999999999997
158eac8e-3f66-4850-8afd-fcf36a72b336,0.58570587417815,175.77999999999997
298aa19c-51c5-4c86-9825-d3c9a381422e,0.0020682801039958,189.77999999999997
235a1ba9-62c5-4ad7-b5f1-8f97a369d766,0.5841570398269,197.77999999999997
b1573c80-e4d0-4cf1-bf30-4f6f58ec8b79,0.0021422813563013,186.77999999999997
d5fe6d2f-dd32-48b8-abae-f715ff9c80d0,0.00228063642952325,188.77999999999997
e351781d-1d22-43ff-ad0a-fe03c852775b,0.58236537639195,173.77999999999997
30a4047a-f526-4c73-92cc-dd1a1380849c,0.0021286170515875,191.77999999999997
346b81a6-b5ad-40ef-a979-1e63bd709b0e,0.58364624621055,176.77999999999997
e3e2d042-c1f2-475b-8492-0adaabe62e4d,0.0023349822850122,174.77999999999997
74d11456-043c-46f9-a200-314ff5b539c6,0.00246689665767555,171.77999999999997
adee89e0-52ad-48c2-8023-6bfd66504cfe,0.00227330765242965,177.77999999999997
b685cd1a-f94e-4539-bf80-9af13253368d,0.00246689665767555,171.77999999999997
c02118d1-419c-407f-b677-6a013da7a90d,0.0023350471768208,174.77999999999997
9da9b7a1-c570-4412-adb7-c9b55966d309,0.00211676481664545,186.77999999999997
06a6bfa3-48fe-41c8-bf60-a07665da29e9,0.0025884381530174,162.77999999999997
db4286cc-87a5-4b3f-9581-9378f637eef2,0.00271680914853765,156.77999999999997
58cea015-ce6d-491c-98df-95333cb951a2,0.5841985914082,182.77999999999997
34721889-6d3c-4328-bd33-061f6ed23749,0.58193012934275,167.77999999999997
d605e706-0b8a-463b-b0b0-85b06d81be35,0.0023518191087761,174.77999999999997
5d96746f-8c24-401c-ba9b-8045f99c8bac,0.0023150627193609,180.77999999999997
021c033c-98c7-4771-a4ea-5bbfeef5c7f5,0.00233435833674455,177.77999999999997
71db55e9-2b02-4d5d-a620-82002e696715,0.5786760868802,176.77999999999997
e2dd899a-4a2d-447b-b454-3501056b29fd,0.583365287808,170.77999999999997
f8bed3d0-4f99-49cf-80dc-19dc6a566ca8,0.00210233597606,192.77999999999997
46e69081-cf91-457f-b5de-21bb7e3bcf58,0.00217511299732335,196.77999999999997
a725b0cc-155c-4354-ac98-8f7d2cf7249d,0.0023385127831813,182.77999999999997
95dccbce-4b07-4487-a01a-11cc88557099,0.0023821205340861,177.77999999999997
7f55e47f-c676-4d15-80c0-70c61282ec2c,0.00206109293159175,192.77999999999997
1601ede8-a731-454d-8bd6-49ee48d45274,0.00227516084668405,177.77999999999997
d78a1453-8a2c-4c33-ba6a-7561b905c34a,0.00232473366733195,182.77999999999997
0c97822d-aa7e-450c-a220-3cf4f9181321,0.0025884381530174,162.77999999999997
f8f6f507-6cfa-4cc2-a53c-4375d48d7f8c,0.00271680914853765,156.77999999999997
0abb5605-3466-4612-8b07-6d2809ccb91c,0.58381583881295,181.77999999999997
2ca4cff8-2ab6-42b6-906a-66f4ff036f97,0.5853743811185,185.77999999999997
0da93472-6ebe-468a-b667-471647df6cdb,0.00236100702434455,179.77999999999997
4542edfb-06c8-45f0-bdf9-1e96b8e787c4,0.00210276799092385,189.77999999999997
d4bd8eb9-44eb-45e6-9d2e-ec289c663001,0.002027170218424,194.77999999999997
2cbba69f-d9cc-4909-bebd-c6ee856a3ea2,0.0020174403393718,192.77999999999997
cfb97a10-8079-4b3e-ba88-eaa8b24e7dec,0.5832992412564,191.77999999999997
7db35b67-392b-42d8-bd6f-902733632b8b,0.002080964267875,189.77999999999997
2940eefd-4ae2-4841-b5cf-65dd62f6ecd3,0.0024457863166926,176.77999999999997
a9955b4f-2a63-4f1b-8319-5dd45fdcfc8e,0.00210233597606,192.77999999999997
3c554b4f-4eed-4ad0-b47a-fd1fc68ad825,0.0023821205340861,177.77999999999997
e23a5315-6dc0-4dd2-bfca-a03188c15e79,0.00212004318989875,192.77999999999997
16c44ddb-cf42-430a-b986-0c23405e1fc3,0.00227516084668405,177.77999999999997
302ed0c8-7730-471b-82cc-444b836945fe,0.00232473366733195,182.77999999999997
ed048fc9-5959-47e7-b523-c14cf8193917,0.0025884381530174,162.77999999999997
30e53c92-a1a3-4753-a339-68ea17a6dd4e,0.00271680914853765,156.77999999999997
59ded817-9128-4701-9a6a-29d9e41f5933,0.00201961707575295,197.77999999999997
7ae7dff0-f500-46a4-b56f-0e785fd61ffc,0.0022423961120319,180.77999999999997
da620fbf-ae56-406d-8ce1-fb69bb4082f2,0.00236100702434455,179.77999999999997
7ce2febd-2b31-43c6-bb91-a9009a6b34c5,0.0019258978607687,198.77999999999997
2b384b37-becc-4729-b5ab-d5681d6e6067,0.00198416923242855,200.77999999999997
980a0ff0-56f5-4b24-aa2a-5a8d6eaf342f,0.00210233597606,192.77999999999997
0905ef40-fa70-4875-a860-f3003b094bd9,0.00210233597606,192.77999999999997
6854fd79-2169-47a9-a5cd-ab6399e5b72e,0.00232996313804335,177.77999999999997
72601bcb-8d3b-45eb-be58-b0804e72c46b,0.00230974228583335,180.77999999999997
9d00774e-2c00-4364-a1ed-400748c426a5,0.00218542085390565,183.77999999999997
257cd6c3-f799-45d9-b4b9-136d7a1d7c01,0.5845372610265,194.77999999999997
8af84788-2b23-485a-94e5-ee6bf03d0803,0.0021846359584126,189.77999999999997
b06f26c2-6761-461e-84ce-a1666738b280,0.0021676946155775,183.77999999999997
153f75fe-6c7e-4144-8278-066f5f9bdc3c,0.00213652091720525,186.77999999999997
3acbbaff-b73b-4ab3-a8d3-3c687dc4e869,0.0025884381530174,162.77999999999997
c6b6abf3-2c55-46e7-8a18-6a8f78546b96,0.00271680914853765,156.77999999999997
e2e1f8a3-e0b2-4463-aa18-f256b4207882,0.00213572961928935,186.77999999999997
9c199cbf-10d4-4f11-8ad4-a33278732ac7,0.0020301088892316,192.77999999999997
cbe1e92a-d551-479e-8e25-cd47463c48ef,0.58102963888795,172.77999999999997
179cf642-4179-499e-b315-b253591fbcae,0.5846981073158,187.77999999999997
528f8b95-1d48-4310-896f-70a03df4e2c8,0.58253736154625,203.77999999999997
3d05a28c-0aa2-4724-8eca-0987661c9ddb,0.577819290439,169.77999999999997
88e23016-aecb-4ba8-bc14-cca55ba7e195,0.00260792555588335,159.77999999999997
e58cf0b6-9b72-4abf-b96a-dfda96d6214d,0.00232996313804335,177.77999999999997
9f7be865-fc28-4605-8627-0035cdeb0990,0.00230974228583335,180.77999999999997
263d575e-0c3e-4904-8705-1c34e9874a60,0.00214835432990215,183.77999999999997
16e31a9a-c4b7-47e0-8f9b-84f6c8b9d5f0,0.00214616626111195,189.77999999999997
8b1fded0-ad46-4b19-8bc0-23a5721b6441,0.00232996313804335,177.77999999999997
e6cbdf11-f3cf-48ee-8208-d55bd7475ea8,0.0021676946155775,183.77999999999997
e42c4585-d03a-4445-8758-fd5c8093c522,0.00227775294139075,180.77999999999997
a250aae5-3f1a-47e7-9618-27df61c9c798,0.0025884381530174,162.77999999999997
e932b9b8-8e4e-4c3b-83f2-96c0f0a1cde8,0.00271680914853765,156.77999999999997
5eebfea5-2fc1-46b3-9836-74c58ebf7f2f,0.00230974228583335,180.77999999999997
b5a050c9-a6d7-4107-9fb1-820bd3b2bc96,0.0023743368869529,177.77999999999997
e92b0828-40fa-4d90-97e8-b2f20644d4f6,0.00223849791347275,180.77999999999997
c00495ee-b490-4d5f-8888-7542f1004211,0.00232996313804335,177.77999999999997
2583ebda-81e5-44f0-b2f6-04c7dad3737a,0.5811685306285,200.77999999999997
54bf8cd0-d7f1-4da0-8141-595730f585dd,0.0023674022694091,174.77999999999997
39e3e230-5ece-4e3f-9bc1-64e4bf78d9fc,0.00260792555588335,159.77999999999997
d52a0dc6-eec4-4106-a45b-873df1c7076e,0.0021199699201893,186.77999999999997
7712a58a-52b0-4829-a3a9-a58f19e4e7e9,0.0018656677258085,198.77999999999997
1442fc69-a295-4a54-a1f4-a9b3715b339d,0.0024484242905887,173.77999999999997
2a568b22-470c-4302-a974-ba2e8886fbb6,0.00200274509408725,195.77999999999997
4a04f2dc-60fc-4060-95ff-81702fb5d6b9,0.00210900783719415,186.77999999999997
7fbfb8bf-acfa-4ac5-bff0-6c87f57dab28,0.0022197502316055,180.77999999999997
e2c463d6-0596-4981-a5c5-2a261e8cc308,0.00201660429634965,195.77999999999997
c7dc8047-371f-4e07-aae0-1fe1ae8dc638,0.0023644330916373,174.77999999999997
9c1a1830-272c-44c7-b0f4-773fd8278e36,0.00271680914853765,156.77999999999997
0339a19a-4727-4d18-90f0-d652c3718ea3,0.00193259507566,198.77999999999997
03e5c087-1d7c-4ff9-880d-ff1191172138,0.0020920579080413,189.77999999999997
2fa205c4-376e-4688-8670-5b7506e077eb,0.00202259290652085,192.77999999999997
64407280-f0a2-44ba-aee6-afe7a504dabf,0.00193385982983495,198.77999999999997
d4946927-6589-4644-a255-e5197281e874,0.0025069600798446,168.77999999999997
8b1ccaa2-941b-41bb-916f-02b5276e18f4,0.0022523772788316,188.77999999999997
b46af24b-b360-4b05-ae19-dd0442f7da72,0.00260792555588335,159.77999999999997
71e4e57c-66db-4fba-84ed-981deb1dfe6f,0.00173022704136015,210.77999999999997
745da410-91f6-465f-b97a-14a95481b2fd,0.0021199699201893,186.77999999999997
a6f3f424-827f-408f-a763-582822d2ea12,0.0024484242905887,173.77999999999997
eea53551-9ba4-46ce-ab0a-69d64179ee59,0.0021077185235903,191.77999999999997
f891ff13-b6c7-41d5-98e0-00c8c7b372bb,0.0025333813528125,170.77999999999997
0c836784-fad1-417c-b3b3-50f519b3f8f6,0.0022197502316055,180.77999999999997
104d2006-554a-4a1b-a92d-5f5435264e97,0.0021109571277395,189.77999999999997
82e92fc3-f44e-4d69-b508-c4b3e07f08fe,0.0023644330916373,174.77999999999997
66014511-c9fa-4164-9452-4b4887165f9e,0.00271680914853765,156.77999999999997
14b9e0b1-967c-428a-841c-248dcdde8537,0.0019688585001056,198.77999999999997
896a7e1d-13b7-457a-aa7a-804c031563a8,0.00242344119405825,174.77999999999997
948eb5aa-d03a-4804-afec-71088f81389c,0.00212582612113335,189.77999999999997
a4e41ccd-7431-4fa7-9e9f-04728ef14ea6,0.0021199699201893,186.77999999999997
0419d496-f54f-4cdf-addc-6b28b77b7a2b,0.0025069600798446,168.77999999999997
dbccfa66-4f1e-4692-a5e8-1d8a4a31d79f,0.0021199699201893,186.77999999999997
169a6665-d9aa-42f1-8f79-72a3e7e4b64c,0.00260792555588335,159.77999999999997
9cbf22fc-a231-47c2-9fdf-a76f67d9a937,0.0023448023878969,177.77999999999997
4bf32907-3173-47af-a7f2-c1bf9e9ed7e1,0.00209151489878225,186.77999999999997
97f08e8c-59be-4219-8ff6-cf743ed7349e,0.002009876512479,203.77999999999997
6bf8e3c1-b508-401a-8c53-58f116cf02a8,0.00241703457259375,171.77999999999997
7eed4048-9152-415f-95f0-3faf560ae0ba,0.0020272014521212,195.77999999999997
c3dec42d-b4e2-40b6-bd6e-eff495e11e01,0.0022709139802778,190.77999999999997
6bf2df61-e6d2-4f33-b711-403bf877b628,0.58385075750775,190.77999999999997
864daf98-c96a-4894-b3a5-046dae304a9e,0.0019926399684757,200.77999999999997
bc9aa85d-07d1-4af3-8c2b-05bdcde37f46,0.00271680914853765,156.77999999999997
e675f458-e7f4-4812-b04c-412388de2986,0.0026530168560091,159.77999999999997
5bfd947a-f984-4ef0-a455-fd4e8037a2f3,0.405533290585655,197.77999999999997
d510814b-56f2-4a25-a946-f31a5fb572a9,0.00206736581487765,189.77999999999997
ddf2881c-34a0-4edf-85ea-d2e1738ebc2c,0.0019430774525111,201.77999999999997
fa25beb9-638a-4396-8a6d-09433e2568d7,0.00222441769107875,180.77999999999997
2f43de5a-e0f2-4b13-9466-1249b81482e4,0.5840066543916,183.77999999999997
657514f8-aaf9-4143-a042-6cd68c03f706,0.00260792555588335,159.77999999999997
c57c0415-cfa6-4fb7-a347-6ec5339ab79f,0.0023448023878969,177.77999999999997
84828025-4069-4f23-8d0c-d3702ffe88e5,0.00236620245409815,174.77999999999997
d3fdd71a-94c9-494c-882e-fcd220516494,0.00221368131568285,191.77999999999997
8893fd4f-81e0-45bf-ad69-5871f988db72,0.00241703457259375,171.77999999999997
43f42c5a-1ad2-4799-a5d2-6b45b0c9e67d,0.00185928160094035,201.77999999999997
3d33bf49-099b-4cbf-b0d7-fee6887acc8d,0.0020817213838014,189.77999999999997
ccab809b-539b-4e67-9cc7-6735cba03e03,0.00209151489878225,186.77999999999997
d25093ce-825c-4b33-8f73-d79e90bc008c,0.0023059320125,177.77999999999997
553c1220-dc01-4acc-a90d-c97bf396ff76,0.00271680914853765,156.77999999999997
4f8e80a8-c040-462e-ab17-b9bc591b8105,0.0026530168560091,159.77999999999997
08628c5c-c8a5-4f6b-9271-50fc31fe1985,0.0022195720440463,186.77999999999997
82aa1981-cc23-4923-83ed-623fd94a555b,0.00229660866975715,182.77999999999997
c0b7a86f-4622-4721-8b84-174bcc75ac60,0.002009876512479,203.77999999999997
7187350e-afe7-4743-8654-f14eb274a45f,0.00222441769107875,180.77999999999997
a59a09cb-086d-44eb-b05e-f55986d64c4b,0.00212912798325435,194.77999999999997
5b882f60-2512-41fd-bc38-08323bbed3e7,0.00260792555588335,159.77999999999997
42b129c7-326f-4a32-a211-5ffb054c5c3f,0.0023268186919758,177.77999999999997
3c57ca1b-b8e2-4f1b-acdb-35915cafb230,0.0017216597653828,210.77999999999997
91f9b6b4-8620-4535-b570-b668df8668a2,0.00219557804144405,183.77999999999997
ccb6b65a-d88c-4ad5-9e66-00192cc9cdfd,0.0017715557850643,212.77999999999997
90db59ad-745a-4c5c-bbad-93698db3b63e,0.00206639619975305,192.77999999999997
33ff0c17-ba0b-4063-a43c-21e7c93914fa,0.00190742900891595,201.77999999999997
fb749130-2f25-4eff-9e9c-5151814b961e,0.00204080725475565,197.77999999999997
d1f74fdf-cd02-45d3-a756-e64ee4875a16,0.00213029083709025,186.77999999999997
63edbd31-7ebb-4f1a-a45c-606ca7dc7cdd,0.00271680914853765,156.77999999999997
5f929ae8-ad02-4ebe-828c-e86cd33d2f70,0.002150254095831,186.77999999999997
75595ce0-45a2-4c75-92d7-08ea4f0ba759,0.00247997989262815,168.77999999999997
6c97a76a-d1fd-4be7-a39c-2fa52bdce9ce,0.5842620764159,188.77999999999997
ed6fbeb4-ded1-4e48-ac4d-b47709b7f944,0.00210621927862705,189.77999999999997
4c8b7fd6-29f6-4c39-974e-169201cbe82a,0.58208231919725,179.77999999999997
76d018b7-349e-463f-b234-83aec50a9e23,0.00217847344571035,186.77999999999997
25e1f01f-2a72-441a-b9d0-d4f506d90f45,0.00260792555588335,159.77999999999997
1d4fed6f-200f-49d7-9afa-f52ded2edb4f,0.0023268186919758,177.77999999999997
b4ac6cda-51c3-4053-8da1-e3efee67379d,0.0022184563987482,183.77999999999997
a10ab0ba-04ac-47d6-aea2-5b42e4373a77,0.00219557804144405,183.77999999999997
de406402-4f0e-4315-adad-4a4fea73d0e1,0.0017216597653828,210.77999999999997
acb622ff-3b6a-4db3-b238-a118a74c5fcf,0.0017216597653828,210.77999999999997
c22792c6-ea99-42e4-ad45-655d898de7cb,0.00206121557251375,192.77999999999997
b0c63985-2d7f-4098-b362-b53a80f0e77c,0.0017146516004125,210.77999999999997
ddb75312-1028-496e-b076-ef774d3459b7,0.00213029083709025,186.77999999999997
74690587-6d9e-4222-9d3b-ce1bf4195b96,0.00271680914853765,156.77999999999997
b87f503b-c5f6-41df-be23-94b4a49e5763,0.00238176039141665,171.78
9f5708ac-8a47-495e-8977-5d2978d68d2a,0.00247997989262815,168.77999999999997
1ac63bba-0316-46aa-b832-51a31875fec3,0.0022419477694125,177.77999999999997
224acc27-c14a-4e5e-9834-29c8c77bdf13,0.0023268186919758,177.77999999999997
f5ec4d53-d072-4712-b4ba-940ecc3eac0d,0.0020558115647208,189.77999999999997
18dafada-9104-4656-bf29-7054dc5cea53,0.0017216597653828,210.77999999999997
fcfb1721-f568-459a-b2cd-f90532b183b9,0.00260792555588335,159.77999999999997
32126518-9af8-4f67-ba3f-e12d8fd98400,0.00201660429634965,195.77999999999997
d0fa2feb-70f4-4abd-b27b-6a11405d0c46,0.0021282427459109,191.77999999999997
c802ed47-0f1a-473b-bcb5-131a4a62dea3,0.00236437981913585,174.77999999999997
7f94ecbd-65f4-49d4-8dda-22b41ae29422,0.002537836644549,168.77999999999997
e444996e-eeef-4315-b052-c71b9faaa0c9,0.00220011895990855,191.77999999999997
881f414f-466d-46f5-be0c-703b36b964b2,0.0020609462427426,189.77999999999997
cb4b7692-576d-40cc-a327-f02677f2d62d,0.00213311776349135,191.77999999999997
348b4cb0-3ff9-4869-a6b9-12295f5462a2,0.00233818181669425,177.77999999999997
2169865a-feb8-4c79-ba2b-addc590df0b0,0.00271680914853765,156.77999999999997
55c9d616-7a74-46e5-85ff-43db36b87c2b,0.001978922292419,195.77999999999997
67e6fed8-8474-4234-a964-e8e257bcd25d,0.5835346613289,188.77999999999997
50531e59-b780-49a7-b0bd-d1dd0874c525,0.0019977758759699,192.77999999999997
198f75b4-459d-404c-9d47-f4f467c4fd8d,0.00416343561148685,191.77999999999997
5230bccb-9814-4439-b795-7ea3d5c172f2,0.00203569486146925,197.77999999999997
ea4d4a55-2d27-4fc8-9caf-3a2b1931f949,0.0022903706097362,183.77999999999997
b3c5fd87-50f1-4425-b60e-b671a3bb7be1,0.00260792555588335,159.77999999999997
a51c1079-8732-4dc0-9481-3aefe750fdf1,0.002133614628165,189.77999999999997
6360af6c-66e8-4542-808e-f2c4d6589079,0.00209966434789525,189.77999999999997
6ead2358-bfd0-43b6-b69a-7f8f0ad7fadf,0.00236437981913585,174.77999999999997
9e9af239-2f2c-4b00-99e7-13df7b552b72,0.002537836644549,168.77999999999997
81182b9a-37f0-4af8-9d0f-f36566deeba9,0.0022322457889435,180.77999999999997
499c2feb-5acc-4f3f-bf62-ce8b317999ae,0.0021022554011732,192.77999999999997
cafd8f0d-e6e8-466a-9020-d4e311c10e13,0.0021957654062873,188.77999999999997
fc457cda-4563-4ab5-a812-c4ffbbc885d7,0.00233818181669425,177.77999999999997
02dc8ea2-9e34-4d4b-9924-1927ebcd26f4,0.00271680914853765,156.77999999999997
02b6e724-b7ad-43d5-8698-8257f8bd6e41,0.00201778262382105,195.77999999999997
c79b6d06-2424-4f54-82b6-c049403f6e79,0.0025802476180074,170.77999999999997
2f0223c6-fd6f-4e55-b6c8-4613c1d8f727,0.00236437981913585,174.77999999999997
218c66f9-5347-4088-8b56-7c7182d4c0ff,0.002172170259345,183.77999999999997
bd27c954-f1f2-4e7a-aeb6-7a8b4ce7ff53,0.0023782838914924,182.77999999999997
47908214-ce05-443a-802d-f6d4315e6408,0.0022903706097362,183.77999999999997
5ab2bec2-85e8-4fee-9a27-04e205f63dd0,0.00260792555588335,159.77999999999997
8bd1af71-b537-4d36-9838-a2a8d7520a18,0.00247668574446905,168.77999999999997
2fd04309-1c53-45f1-8885-ad9bd11b6add,0.00189650771460085,201.77999999999997
64dda8e7-b46d-4829-9fa5-f30a84792db4,0.0021736754987873,188.77999999999997
d8f6282b-c741-4740-a5a6-b8358f94ff06,0.00197503956491795,198.77999999999997
41da5bf9-d154-452e-ac7f-6d2e92530687,0.0019255404431325,198.77999999999997
b6c63225-e315-4592-852e-40d9b778eacd,0.0023509556438029,176.77999999999997
762f5d55-108c-4eca-bc88-4623cb3cb9b7,0.00194615701682795,195.77999999999997
debdee3b-fed7-4d23-9092-1787e8c9a92b,0.0022945360741795,177.77999999999997
29999077-5e1a-416e-ba9f-be2dc84327a9,0.00271680914853765,156.77999999999997
c7214701-ffd5-4dfb-b33d-eb7332c50535,0.0019431840094361,198.77999999999997
b14070d6-cb4d-4fa5-9cba-b0fc372d3a71,0.0020690894799673,192.77999999999997
adff8a9a-5797-44ac-a3c6-2949a4c2d236,0.00183111154908225,207.77999999999997
178645a5-ba3a-40ef-8d87-c16ca7ff46cc,0.5878711962865,193.77999999999997
710e605c-8bf6-47cb-b4b9-55cf0faf160e,0.0023186127348628,179.77999999999997
4f3debc5-a649-41dc-a684-d7e13dc60ea4,0.00190521674879675,201.77999999999997
7b0d0e38-d738-4026-ab48-285aa6608913,0.00260792555588335,159.77999999999997
5bd46723-4214-4b98-82ec-5325557ad2ea,0.00247668574446905,168.77999999999997
70a49fc3-4456-473a-9afd-b9bfacb70e96,0.00247668574446905,168.77999999999997
6dcb795c-7bfb-424e-9aa6-7240c2f76d26,0.00194305554127645,198.77999999999997
fc3c37c0-5f4c-4658-a30f-33217b5804e6,0.00247668574446905,168.77999999999997
8c87999f-8068-4845-bbbf-8cd11e67b642,0.0022026976074041,186.77999999999997
5c9c2c5f-d8a5-4e7d-93f7-7340acdd843c,0.0023509556438029,176.77999999999997
8ec6f391-65df-43ff-8ca7-bab0f68dc974,0.00208452901918805,192.77999999999997
3eb84ddf-83f0-411b-bc5e-332bf3a47030,0.0022945360741795,177.77999999999997
5156ef59-a29e-4922-a3b1-a5adf2705645,0.00271680914853765,156.77999999999997
cc92461a-15ee-4c0a-9af2-6bbe79ac9c27,0.00239037853107555,171.77999999999997
145c3ce1-d69a-4d71-b88c-61b3c9027c86,0.0022612886600923,182.77999999999997
7e236380-275c-4a69-a668-809e0f0b3ab1,0.0021473394730163,186.77999999999997
9833b58b-dd4d-4e95-b453-20ec8b46b27a,0.0020916114465489,194.77999999999997
ec121cd2-c672-404b-9bd3-5153ff763a9d,0.0023186127348628,179.77999999999997
1936a350-4e31-4fbb-abe1-6515ef07b3ea,0.00187809405205065,201.77999999999997
70dd995c-4e77-4163-88f3-59ae974b1264,0.00260792555588335,159.77999999999997
14c2d1fd-aab0-4cbd-9fd3-676f2733c210,0.0022377554708784,183.77999999999997
f448e0c4-3832-4f75-823e-d06432b382c7,0.0021350511720389,186.77999999999997
e3f8f1df-d047-4b6d-b1b1-e7ea4568839a,0.0018125175535031,204.77999999999997
dbcdcb59-ce3d-4660-bf4f-8c0149eee45f,0.0021022468782974,192.77999999999997
8c0d7fd9-7ace-4d49-ab48-7b70a4c7c63c,0.58775341002145,176.77999999999997
3f5cdbeb-fb70-4d2d-9453-0f9d707a50ea,0.0020257476768092,189.77999999999997
7a0a4a52-b90b-45c1-8f17-50c330e1c349,0.00215137118079905,191.77999999999997
7497e1ff-efa1-4773-aa6c-5e318d6188df,0.0019885423454438,200.77999999999997
f39241d9-8505-4d2e-bbc4-b0247dcea0b0,0.00271680914853765,156.77999999999997
32f2fc90-bef3-4f2e-ad19-0e72f2d42cbd,0.0021503449913856,183.77999999999997
aa6c1a44-59c3-47c7-be49-4f1ced30583e,0.0020561591281287,189.77999999999997
f9ca17c6-e3b0-4495-80c8-43e3c2dd0c73,0.0020411609539762,199.77999999999997
471d9fc8-8567-4085-93f8-8dd590f4fb03,0.00217351466465515,183.77999999999997
71906154-f9b4-41dd-9d77-c8fd1bfc0d24,0.0025484946239888,165.77999999999997
0be6a3ec-3e99-4b9a-8932-e9aa943ab6b7,0.5820131433745,175.78
463ee11f-4f58-4f1a-be67-c58e990c2ad0,0.00260792555588335,159.77999999999997
05d131d1-f3b1-4d07-a6b4-dbe361945ff9,0.0022377554708784,183.77999999999997
7c7fec90-7f5b-4211-b8b0-3260db3a3e58,0.00191522111660085,201.77999999999997
7924da1f-3923-450b-8e5d-5ce61ea42bbf,0.0018125175535031,204.77999999999997
c1671df3-90bb-488a-a290-6d19e5a9995e,0.00232688844800845,174.77999999999997
0ee14569-9166-43a7-a7cb-ec2237787f83,0.0021350511720389,186.77999999999997
7ba01f21-18fd-4ce0-be7a-7dde555dbc3d,0.58594148247195,194.77999999999997
16c3a62b-fb0b-40fe-aa5e-ca7e77703ce0,0.0021350511720389,186.77999999999997
3203e9cd-1c7c-424c-b966-4debc8523f73,0.0020605115477587,192.77999999999997
1cdb065c-de79-49e8-8ccd-3e400cfe7913,0.00271680914853765,156.77999999999997
f6af462b-93e1-47eb-bd7b-6b893a70ffc9,0.0021503449913856,183.77999999999997
23026426-833b-40f6-b85a-2c3627fabcff,0.00208973028589045,195.77999999999997
533166f2-1d9f-49f7-9a8c-d1adab0bcef2,0.0021350511720389,186.77999999999997
72105c26-4cb1-475d-ac01-edb743f0440f,0.00217351466465515,183.77999999999997
cfa244a8-4363-44ce-8ef9-1afbf33bef03,0.0025484946239888,165.77999999999997
68989718-4524-45a9-9c31-c74140db7cee,0.0021251002944381,186.77999999999997
3a9a0b92-6808-42d2-be52-1664011ec6cf,0.00260792555588335,159.77999999999997
2839e836-d69f-4a8d-8205-e061ef52ad2a,0.0019146122312643,198.77999999999997
3cc35d61-8488-4216-ba62-1258249262c8,0.00203435470625555,195.77999999999997
0f7b291a-6538-4b48-830c-26d78c7c0483,0.0020747455483387,189.77999999999997
a0c36643-0874-474b-9d59-811469710101,0.00187529853725715,206.77999999999997
5a703d3b-fac5-4230-9159-d2960757dfbe,0.0022726927767778,180.77999999999997
83f7f4a0-4e9c-41ea-8cf6-13931b63cbd0,0.0017163380444966,210.77999999999997
1b22fb85-1b7d-4dc5-a2a3-c0be1ab725a2,0.0023757239547645,171.77999999999997
44c08673-59f0-408f-a7b0-14307daa8823,0.55691921944835,161.78
abf1de61-78cf-4927-84a4-122810beb966,0.00271680914853765,156.77999999999997
7d6d613f-c727-4feb-b812-ba6d1ca3150d,0.00187897277364565,201.77999999999997
82dd87d4-4d18-402f-8cf0-d8ec1a585223,0.0020257282908421,195.77999999999997
3ab0ee9d-d1c1-4330-8f34-596c83648d91,0.58628616442755,189.77999999999997
72b32053-c775-433a-a042-3da733d11635,0.0023326633469138,177.77999999999997
431664ce-303c-4ff1-a70f-060dbfe603de,0.0021949029296435,186.77999999999997
5494252f-6a0d-4820-9022-8cd8c344f4b3,0.0019042407030564,203.77999999999997
3a14d631-820d-4220-8d25-717d0769c690,0.00260792555588335,159.77999999999997
feddd4ab-023b-4653-8c1c-da6bd09b0fd2,0.0019146122312643,198.77999999999997
9b3e6cd0-8dfc-494b-840e-1d65db3e3256,0.00193171183752825,198.77999999999997
a5e4e1bd-b36f-445c-8369-7676f3985b0a,0.00205957816563765,195.77999999999997
29f6d97f-36dd-4771-96ac-d20ca09fc4cb,0.00211809570662905,194.77999999999997
ca5d743a-991b-4b7e-a489-97a45ac68272,0.0022726927767778,180.77999999999997
85f68998-7945-45b0-8e36-0da04edfaf3f,0.00226318321336745,180.77999999999997
41415eb6-6c7a-4bb0-b5e8-2a3e5ce258b1,0.0023757239547645,171.77999999999997
ffa52019-5e89-4ffa-b3b5-ba0aa7030d9e,0.00203435470625555,195.77999999999997
f236c60a-9c1f-4abe-8874-8f6369c0513e,0.00271680914853765,156.77999999999997
f5f30188-756d-431e-b061-254e3abdbf3d,0.00202444026357035,195.77999999999997
18fb4636-2abe-4fc1-8972-297537e8258b,0.0018529062223894,201.77999999999997
a4bee732-a162-46ce-8fb1-9b8796109734,0.0021843626522178,191.77999999999997
3f8caa31-187f-4f8f-a197-3f5dc3d8ff05,0.0023326633469138,177.77999999999997
1fc8a297-7fd7-4578-84fc-1fe91c46482e,0.0021949029296435,186.77999999999997
cffc246e-32c1-46ab-9db0-43bd1d176f13,0.00215781837182145,183.77999999999997
b29ab8da-b263-4394-a861-9a2eddf06f95,0.00260792555588335,159.77999999999997
0db72f2a-23ab-4170-a465-e7f1f55f572c,0.00224947983328695,180.77999999999997
323f26e5-73ce-411b-b71e-9b612bb6b08b,0.00191089017456795,203.77999999999997
cb90626c-9186-40c5-b40b-0fa8187b6182,0.0022197147478359,183.77999999999997
ced1b176-3191-4af5-8d4c-2854a414f088,0.5738538895856,190.77999999999997
abcfdd57-0501-437d-ad20-ed35db22f887,0.00184842840708335,206.77999999999997
de6e3c7b-26f9-4a80-9b6f-7d5279ea3874,0.00223868568474805,183.77999999999997
24aa08a6-463f-4506-96f5-0270061609d8,0.53620575384595,179.77999999999997
5370d31b-a6b1-4d74-b3b3-92ac92805d90,0.5721270161483,191.77999999999997
df36779a-be0c-406a-9619-e522e53a3d08,0.00271680914853765,156.77999999999997
0df8e1a4-5534-4300-9ed4-bac5c26495f6,0.00205841758386955,192.77999999999997
519b540a-ecde-40ad-aad5-c734d257ea86,0.002291625485967,180.77999999999997
905adebe-7f9c-4927-a8f0-f7755386dd0c,0.0024100952653485,174.77999999999997
57c06d6f-0958-4e27-b167-a92542b295e2,0.00233896830637145,174.77999999999997
8d8fb51d-3717-412f-a088-c296db590347,0.5739627487785,193.77999999999997
f7c6a8a3-199a-4d5c-89b8-cb9fe020a210,0.0023447753292088,182.77999999999997
ac364ef5-24cb-4967-9d52-d5d21663b885,0.00260792555588335,159.77999999999997
daeba10c-0134-4603-946a-ee91fb2c764c,0.00224947983328695,180.77999999999997
9f474419-ab52-4220-a02d-053378223e1f,0.0021422242439708,186.77999999999997
4cb02c40-4a1e-411e-8862-d3190a434aa8,0.002306780972,177.77999999999997
684f794d-1a15-4f7d-8d54-dd17810e1267,0.00230048986941145,185.77999999999997
18a32be8-420c-4197-b97c-ecb6e9f86aeb,0.00191089017456795,203.77999999999997
de8175f3-5049-4c93-974b-67f9ee838fb6,0.00191089017456795,203.77999999999997
b26fe957-48d6-4d64-bfce-177a3bf1af80,0.00214139615503705,186.77999999999997
a4452c88-0879-409b-873b-58e61bcead79,0.00200529066706375,200.77999999999997
8c269eff-11c9-41e6-b0a6-23afa5b6c6ac,0.00271680914853765,156.77999999999997
822f7ed0-2d39-4b32-b8cf-d11e662996ec,0.00191089017456795,203.77999999999997
fd067fa8-9f6e-4272-8c09-96ae0fde719f,0.002291625485967,180.77999999999997
4c08861f-b1e9-4791-93ce-dbc613a4f5cc,0.0024100952653485,174.77999999999997
779da068-fd0d-490b-857e-0dca747f91ef,0.00233896830637145,174.77999999999997
08fe6d1f-995d-4df8-a53b-1800cb392ee3,0.5698371548368,198.77999999999997
5ee30f39-c9f8-43b3-9564-c3805970ad6f,0.00210233597606,192.77999999999997
52db116a-97d9-4dc8-8373-903b9d5dacc3,0.00260792555588335,159.77999999999997
46fea628-e65e-455c-8cba-cceffa1278ea,0.00234222552367335,180.77999999999997
c9643e79-5ad5-4fe6-8118-b63bf9d90df3,0.002098157375475,197.77999999999997
73da4127-bf90-4621-8a5a-d52d1490a23c,0.0021232124836277,189.77999999999997
24d75b1c-0b0f-43f5-82f8-e35e4aef3d9d,0.002136896652149,186.77999999999997
21a56312-45c1-407d-8ca4-a1935f4d5033,0.00230644605092595,180.77999999999997
01fb778b-5a34-46ce-bb6a-fcb33477596f,0.00178464889582675,201.77999999999997
79dc4b2e-da08-4a28-ba5c-a9998c051d7f,0.0022305027940336,183.77999999999997
d8ba426d-30f5-4358-bfdf-c5265b98faba,0.00222837125220565,186.77999999999997
6d06ee89-d8c9-43ae-a810-0568a85827be,0.00271680914853765,156.77999999999997
faab9bbb-b686-4d2a-9ed0-c25d5078e53f,0.0018200814443889,201.77999999999997
65a8187b-fc4c-4d24-917d-ea2e293ad65f,0.58556843675805,185.77999999999997
47f51def-9e77-426f-8ce5-fb1d23e0475d,0.0019616246510551,195.77999999999997
355b3688-dc8c-4b6b-af53-6a6dda0003be,0.00181718442719065,209.77999999999997
0fe15da7-d70b-45ab-9fa3-05ad7575a0d8,0.5842769394925,199.77999999999997
d4ef394e-6809-4d68-b8d3-da96e77e7f0d,0.00168331784829915,210.77999999999997
08a8cdc7-5ad3-4a31-a3a1-87aac547ebe2,0.00260792555588335,159.77999999999997
afd8eb0f-dae0-4282-8844-bc3c5fdf195c,0.00234222552367335,180.77999999999997
7d467c0f-af21-40e9-a51f-53df49b6b6ff,0.00216872906006665,188.77999999999997
9ac441c3-2c05-499c-82dd-d424f8f2fcf4,0.00234222552367335,180.77999999999997
5f929264-3995-4b82-87ab-675486833f07,0.002136896652149,186.77999999999997
b5b436cb-09e5-4c8c-82bc-44f37aad79ba,0.00230644605092595,180.77999999999997
9c19502c-f625-4da9-8085-153257bac53e,0.00234222552367335,180.77999999999997
8a0bc3d9-ffbc-4f42-afed-9d0521c018a9,0.0022305027940336,183.77999999999997
04643768-8e36-4450-b908-b57dd25e419e,0.00234222552367335,180.77999999999997
e3b7bfde-9ae3-414b-84ab-cb90f6470d4a,0.00271680914853765,156.77999999999997
c3d74e6c-a931-40cd-9d22-0683586e16c3,0.00204533822293825,200.77999999999997
47d922d1-c440-4633-bfe6-7a73f3f0fd39,0.00209682171575795,186.77999999999997
95a0834d-cf4a-45db-94c4-a78c4037a643,0.0021653769512533,186.77999999999997
7d35ed47-0374-4dc2-8477-1f644278cf21,0.00234222552367335,180.77999999999997
c8fb1771-0566-4020-b6bf-97cfafc33537,0.00234222552367335,180.77999999999997
50e97789-9950-465a-87d4-2f4524588e73,0.00209821169670555,186.77999999999997
6cf79e85-d5c5-4f50-a07b-2cf34f74d171,0.00260792555588335,159.77999999999997
96fac703-b464-4a43-8939-f77015f2063a,0.00197088038190305,198.77999999999997
0dc00d25-47e6-42e5-8763-8433ca618ab6,0.0022700218109618,177.77999999999997
3116cd4c-aa4f-4ead-b45b-5740ddffaa79,0.00205892789482265,189.77999999999997
1de3a29e-0774-4fd8-a0b8-617c522476cd,0.0019038708292017,198.77999999999997
05afbd14-77e8-4617-b005-719c0bb5fbc2,0.00251686136769,165.77999999999997
535e162b-e090-4094-a743-36050eca57d5,0.0023267301919279,177.77999999999997
c2a48cca-7fba-4087-bab9-312f670b6be9,0.00190727357416325,198.77999999999997
afdfbe0e-106f-4daf-a6a4-0513bafeba10,0.580920692382,182.77999999999997
7e5781cd-c7ef-4691-963f-30c765cf225e,0.00271680914853765,156.77999999999997
990a8081-71d5-4902-8247-179aa9b04b69,0.5846967564184,200.77999999999997
d58a9b27-dff0-4d2d-81cc-b1d446b5a801,0.0021274654054412,186.77999999999997
0ff878c8-87a6-4298-9369-6d76de456e39,0.5829802286163,193.77999999999997
fbeaccb3-0110-41bc-af93-b0a7d0d3775d,0.00193686236260085,198.77999999999997
65824d19-28d8-49f5-9859-0f81325d746f,0.00225977068546185,180.77999999999997
f9e27592-6549-4124-b871-f4980baa6944,0.5849186533838,194.77999999999997
ed7c8e34-afd1-4e20-8ca1-0ad415904750,0.00260792555588335,159.77999999999997
c148c5a2-d552-43d7-9379-7f9fbcf44710,0.00218994936823965,183.77999999999997
0c2c8aff-6259-46cc-9467-af3a4a49c13e,0.0022700218109618,177.77999999999997
20447115-4258-4395-abce-0463765f4253,0.0018996842342857,198.77999999999997
8ef38018-f25e-46a7-b651-a2e47dc2a398,0.00194944785349385,195.77999999999997
6a6ed00e-c324-4945-b384-396ad27c2d67,0.00251686136769,165.77999999999997
a59c56f9-c843-4cb4-aed6-bb15992ab068,0.0023267301919279,177.77999999999997
30d6337f-7092-47fd-8acf-79b9981ddb0c,0.0019922886437533,195.77999999999997
5461769e-40ae-47df-b392-75f889ce2816,0.0019012472006929,198.77999999999997
4143d22d-586b-448c-970a-5c0b1f1472d2,0.00271680914853765,156.77999999999997
7495944e-fa21-478f-89b8-145445b5465b,0.0023146299824296,177.77999999999997
4f165cfb-5208-4b76-981c-2868401fa9aa,0.0022250304012637,186.77999999999997
1251bb13-5331-46dc-b2dc-57c77b4c7ed1,0.0022700218109618,177.77999999999997
797c6db2-20c2-481c-b616-6ff12d617eb9,0.0021902176963563,180.77999999999997
7ac5a723-cb60-4cf8-8086-2d8bd15da945,0.00225977068546185,180.77999999999997
09a49f7b-263f-468f-8d5f-51b6658a160b,0.0022463340358889,183.77999999999997
104dd859-2a50-43fb-bed9-866b6f88964d,0.00260792555588335,159.77999999999997
04f18c46-3cd9-42a0-9b04-7633319d3bb2,0.00241856546510925,171.77999999999997
c2a1c375-dc6b-4411-9f2d-cce907f7eef2,0.00211601334940405,186.77999999999997
dfbe74e3-6ea0-4f0f-ad15-2ac86537d28a,0.00232671920684155,185.77999999999997
45673ead-fbe6-400c-ab73-19b4cc5e8217,0.0016734072531736,210.77999999999997
c11e4b81-2f2b-40fe-91ac-d140c9b81e49,0.0021199426001746,189.77999999999997
2c09d4e2-cc88-4b69-9ed1-f5efa2cc3339,0.0021613165489404,188.77999999999997
35244d13-6c6e-4227-b09a-496c6a95b677,0.00226296620178925,195.77999999999997
a4da072c-f178-4343-8fb5-08ae7dd3ad3b,0.0020928464231359,192.77999999999997
24fba6aa-a9f6-4b23-b97c-32c4a1c2382c,0.00271680914853765,156.77999999999997
d89fb755-ff70-4cd2-b9cd-c89f096cb6c1,0.58586344346845,173.77999999999997
c30fbaf4-dd6b-463c-92bb-a1b5515f9d80,0.0020875736929426,192.77999999999997
bb4b08b0-374c-47b4-8223-a1e29a017e45,0.0020989932992269,189.77999999999997
f7873199-5d58-4bc3-84b2-da57d38cd9bf,0.31307496169462,191.77999999999997
6639af47-1c9c-48e3-b17f-624c1a46faf4,0.0024944810847738,165.77999999999997
dc9b03b8-3d08-4f53-b7e4-b71f2edf4672,0.00216294681812645,186.77999999999997
2f88bf04-c9d8-44d9-bd54-37bf8b0393ea,0.00260792555588335,159.77999999999997
9e465cc2-058f-4deb-a2ad-9610c11a1232,0.00241856546510925,171.77999999999997
bc47def3-6ee2-4e9c-80c6-9b69edb8211c,0.00211601334940405,186.77999999999997
c6823e4c-a19b-4cf4-8e9a-90e8386ae25f,0.00232671920684155,185.77999999999997
c48cb04a-683d-4539-b586-0b2cde1a889b,0.00241856546510925,171.77999999999997
ae2ba51e-528f-471a-88c7-04a020d65b7e,0.00204239740494195,192.77999999999997
700baa50-6a2f-408c-980a-c21941db8650,0.0018591678863146,201.77999999999997
a602152d-9fb4-4615-ba55-051e0ee7fba6,0.0018722180936087,198.77999999999997
e8c24446-7abd-4e35-805c-d9ad206accdf,0.00229853326180275,180.77999999999997
8a0b9052-a67a-46df-ae9f-2bdfca4fa8ea,0.00271680914853765,156.77999999999997
68885f8a-217a-4d85-9e94-df9aea4f49a8,0.00211601334940405,186.77999999999997
00c3269c-71c3-449e-b012-3cc526e83377,0.00227440451045455,180.77999999999997
452ccf65-0955-4fb3-b189-f4ee65c7c7d2,0.00211601334940405,186.77999999999997
7a52523d-5c6f-4bb6-98ed-79293420a0a8,0.0021683354522925,191.77999999999997
c0f79c1b-c54d-4e7b-bb44-1a4b8de7119d,0.0024944810847738,165.77999999999997
760eef2d-647b-49ba-862f-250d151abeb0,0.00230783622846905,174.77999999999997
f787a18a-c0e4-4831-9d89-cc8f119247b5,0.00260792555588335,159.77999999999997
8ab39f0c-f60f-4295-96b8-1a0f24616b42,0.00210771256011035,192.77999999999997
40f1b22b-9563-45d9-96c6-86b86db08124,0.581503280937,173.77999999999997
a238ec7f-6f3b-4e64-8ef2-d2682cead0b4,0.0022629815537766,180.77999999999997
f41c2eb0-5e67-4296-9969-9705f9af3040,0.5863543587328,182.77999999999997
b2da7413-c033-4476-a7f9-f8ede4ac3480,0.0075142055571135,185.77999999999997
7ff25355-a18c-432f-8b67-61abfa30209b,0.0020733180073669,192.77999999999997
1eb79270-53f4-4b74-ae86-2f78c67dfe82,0.0021100684862483,189.77999999999997
37957dc9-0cf9-465e-91e2-bdfc6ed3cfb7,0.5792054614885,188.77999999999997
9547f1f6-8106-40da-8ebc-5b5f9ab1f0a2,0.00271680914853765,156.77999999999997
8eedc7c1-25b9-454c-882b-c7c0aae984b6,0.00231504088477445,180.77999999999997
74bb1793-fa40-4f61-be01-d0298fdc2db2,0.00232280493181945,180.77999999999997
39e45951-fcb3-4b94-8419-911e704bc2b8,0.0022618055946507,183.77999999999997
0cca4a6d-e9ce-4f7f-8b73-856b53d91400,0.00180645203092075,209.77999999999997
bbdb8c6b-53ba-495b-bd6c-e26813d9d67d,0.00192904832059775,198.77999999999997
3decf2d6-fac4-49fd-bbd4-01f87a42c480,0.5836901376413,181.77999999999997
fe3773ec-e76a-4e34-a98e-43699fc84235,0.00260792555588335,159.77999999999997
a6a96e8e-3e00-43b3-941d-d68cac7aaba7,0.00222567733725795,183.77999999999997
47517f4d-6a67-4d45-b96b-c91ff85de978,0.00210771256011035,192.77999999999997
34edd6ba-d55d-4d60-b689-b60d84ceba34,0.0022629815537766,180.77999999999997
5d6e4c27-ab79-45fb-8ba5-0b81f83cb966,0.581503280937,173.77999999999997
161237ba-365a-4367-8573-71678fc9fd12,0.5836813229946,179.77999999999997
b4dac6ea-8ac1-4986-b986-48b77cdd6316,0.0019994987731277,195.77999999999997
004c3dcf-b1f7-4743-8a6f-1a6b212061a3,0.5873587363595,200.77999999999997
7f0d929f-3fff-4a38-ba35-067644e531d1,0.58584478193445,188.77999999999997
9115fe57-95d2-4b7e-8a7e-85d0354be5d7,0.00271680914853765,156.77999999999997
29dfa9fb-ebfc-4ae1-81ff-6eac9fe3e483,0.00231504088477445,180.77999999999997
b87e432a-e34c-4b71-aae8-9f37ee40b917,0.00232280493181945,180.77999999999997
7d4dfe05-034a-4d2d-bd6e-fe28075213e8,0.0022618055946507,183.77999999999997
5a71d6f8-54df-4466-abb3-f7f75160be52,0.58935253375615,188.77999999999997
12ba2b51-0c7c-44d8-aafb-477d45a5c11a,0.00228678903748515,180.77999999999997
8380cc2e-dfa7-4cf1-8609-184be29bdafc,0.006681665591721,170.77999999999997
7515c29a-c1fc-4ee9-ab6d-a34a920137f3,0.00260792555588335,159.77999999999997
0f44ec44-6823-4268-8a1e-82b33a89e3f7,0.0019469708088682,201.77999999999997
753764e0-fa48-4a09-bab0-921246e130d6,0.00196684078264875,200.77999999999997
3b6ce517-c0ab-4a53-bd2a-230fc2903295,0.58803552723295,200.77999999999997
bd01e9b6-dc21-4e67-b132-18717f16a165,0.0020101533122559,200.77999999999997
0e78f876-13b3-4dd1-ba5e-ae1ae63183f4,0.00193147607927155,198.77999999999997
fed1ee9e-dadf-4ecd-b4a2-bdedac319edf,0.0018251588591474,201.77999999999997
0d2ef5ac-91f6-43f0-b3c3-e9e6e6dd1364,0.5837401385539,191.77999999999997
f00d56b0-319b-4ba2-9294-98e71d5fb2a7,0.0018772588456151,201.77999999999997
95f71364-b122-4340-92d0-783da8554bff,0.00271680914853765,156.77999999999997
fe941f84-5150-4a94-8c2b-9f3b3eeedb65,0.583162958186,176.77999999999997
4db28de1-f6c0-4e24-85da-7ee669c855bf,0.0025643326055278,162.77999999999997
daad5dee-b138-48cb-919d-75bb58e65863,0.0019505252048297,200.77999999999997
c7e38d36-6562-45a7-a653-39199f664252,0.00239747621391455,171.77999999999997
1f7c93d3-7a4f-4104-810f-a1c2be2c0994,0.0019680448076616,195.77999999999997
a7bbbcae-361f-4823-a764-5c1a17731ce9,0.0025303691408129,168.77999999999997
f32b8d6e-c4f6-4e52-b187-30cc0ee264d4,0.00260792555588335,159.77999999999997
3a75c19a-d694-493b-ba5e-56bc5c25bc82,0.00196520307014955,203.77999999999997
50606832-3318-40cf-b0b4-56aaf4a6f01a,0.5849234540273,188.77999999999997
92401ff1-f759-43b2-8f58-a2cd05a2adfc,0.0020063009217472,197.77999999999997
bc3ecb1d-283d-4863-8b36-fb578eb980fa,0.0020376611292586,197.77999999999997
65f692f6-ff76-4568-b377-f36f9e7420dd,0.5861820357771,200.77999999999997
d98359a3-ce2b-49a8-bb63-4da909c7dc5b,0.5854421421546,194.77999999999997
10414d41-d5bd-4a44-90c4-a94238d0d222,0.58549588384435,209.77999999999997
49cb190b-e60e-4398-a4c1-4a2835a911df,0.00193829970171965,195.77999999999997
d561b20a-94ef-4834-b213-401464774906,0.00271680914853765,156.77999999999997
0937671b-1abd-4e1e-a4bf-88c41096e391,0.00193147607927155,198.77999999999997
2b693bc2-bb91-4946-a74c-c1656b1459a1,0.0025643326055278,162.77999999999997
909ecf98-1bed-42e8-9c9a-fcefc34e59e5,0.0019041446171568,198.77999999999997
0f693457-51b6-4ecf-a91f-44c92958fce3,0.00239747621391455,171.77999999999997
85eb2b9e-9630-4c0c-b63d-60f5a4226d0f,0.0019680448076616,195.77999999999997
bd4953e0-ee8f-44c0-a912-06c6a2feb478,0.0025303691408129,168.77999999999997
1653beda-293a-41b2-8973-4b038b05e10b,0.00260792555588335,159.77999999999997
e48bebff-7f4f-4368-9fc6-c888be617a08,0.00213933074088365,194.77999999999997
2dae99c8-cb76-48b7-9158-7b2fb519829b,0.5862282594797,187.77999999999997
49d9b8ab-bd23-47f9-b150-c5e4a54db613,0.00204694210548725,192.77999999999997
9a7bdb5c-046a-40a8-8e13-257db5e399dc,0.00210508743202675,192.77999999999997
2fd99d48-6dbf-42e9-ab69-560042858219,0.00219310831008945,183.77999999999997
311f339e-766f-4e51-a7de-1732495ff79a,0.00179503134896115,204.77999999999997
c3605086-a8cd-41ec-8e58-55ff60f0114c,0.00236968042997475,174.77999999999997
6c7a229a-dfc8-4a12-a7c3-26b629be3742,0.00489604221923335,181.77999999999997
b631b612-4bc0-46c5-b420-24d33017a7dd,0.00271680914853765,156.77999999999997
ca1a2eea-1fff-40f1-a362-29caca64c7f3,0.0022941679690337,180.77999999999997
38f9772e-35a0-4cf9-b3db-670833b7e5ec,0.58475891494495,199.77999999999997
e49388cc-01ec-41ef-8a2a-bd9a07b6b4e8,0.0023086955612931,182.77999999999997
dc0b2a4e-80ee-40b6-9222-cc1646616cc7,0.58420441386685,191.77999999999997
2e6fc4ba-d658-40a6-a75a-3f77b1fd2913,0.00228614609078,185.77999999999997
d6ae7838-c6fb-4c47-b57f-d103bf1abbe4,0.00207477828914285,197.77999999999997
d7f5d558-7226-45a1-9059-8a52dbe66288,0.00260792555588335,159.77999999999997
dccc1a5f-d833-4ebe-9d92-362916b714ab,0.00213933074088365,194.77999999999997
6df875d3-4267-4885-88eb-58bb8004792d,0.5862282594797,187.77999999999997
cf999996-daf3-4467-a5ed-28bfff4682ec,0.58386539658805,199.77999999999997
8d073478-6de3-4b09-a374-85c5c5e461f2,0.0021653942051694,186.77999999999997
d47978bd-b266-4c22-99a9-a373c3ce40f4,0.5862282594797,187.77999999999997
882bcb1c-325c-4ad9-96dc-2fa3d4b2cc21,0.58691318071005,181.77999999999997
3b5b4161-e964-46ab-958c-e433cbf2690a,0.00236968042997475,174.77999999999997
8c9c3272-40f1-4a14-9e05-169eb4f52220,0.00489604221923335,181.77999999999997
dfb1de2c-f398-463c-a278-a72960138a01,0.00271680914853765,156.77999999999997
438ae8a8-fb41-4987-9dce-783b10b47e16,0.0022941679690337,180.77999999999997
3adeb70e-9132-491f-8a74-e112870ef380,0.00213933074088365,194.77999999999997
53d341bc-b37c-4ddf-804e-1cf819fa3861,0.0023086955612931,182.77999999999997
4bc1c947-fd51-421e-bfa3-9726ac2e5aa9,0.5868843672206,176.77999999999997
082847e5-8f37-4ce3-b449-f6f1dbf4ad25,0.5862282594797,187.77999999999997
54e340bc-7e5f-4b75-a09c-bf20832aea7b,0.5862282594797,187.77999999999997
f16dca78-0f84-4851-8eaa-94c7d8b2e2bf,0.00260792555588335,159.77999999999997
9e4a64b9-6a99-43ce-a207-c9b6840a6143,0.57959321532725,185.77999999999997
55da2146-2005-4afc-932d-348270e4dec8,0.0024480210243423,171.77999999999997
76282561-9ca5-41eb-aad8-a2e61dcccff6,0.00201381815154495,195.77999999999997
335fdac7-e2fd-4ea0-89aa-ee15772d4104,0.0021878880413693,186.77999999999997
cca387fa-018c-487d-bc62-c368b8165f2b,0.0022604956438178,180.77999999999997
4976804a-cc04-49f8-9c4c-e751b1d59eb3,0.58771709263695,194.77999999999997
a60ab84f-b540-43a1-aeac-356e19ef90b2,0.56845525480845,192.77999999999997
cfe83826-938f-4055-9fe2-33c7e322d738,0.0021212619196643,189.77999999999997
0c5c9853-09a7-41c0-a8c8-ae8afa6c8d0d,0.00271680914853765,156.77999999999997
fccb5bb5-2030-4ea5-a6fe-87f7fe85bafa,0.5819473139639,182.77999999999997
0b1d5875-838b-4e61-974d-fb8518545d25,0.0020494282083509,192.77999999999997
4b68d08b-3bb7-4c68-9479-3c2ccac14d7d,0.001857959377625,201.77999999999997
ba719de6-7f58-45e2-8e17-635e37c5f7b8,0.5822499793108,173.77999999999997
ae687ed9-f000-4626-903c-c03a0975068b,0.0017213649213051,215.77999999999997
a0cdb9fb-1df0-48ca-889c-a4e9e04be2d8,0.00221463218966665,188.77999999999997
62f4ab95-a714-4ade-b304-c3572c0f31b3,0.00260792555588335,159.77999999999997
ae6ed66b-6ae2-45ab-a288-1f9c574d4461,0.57959321532725,185.77999999999997
224ac247-ef43-41da-8378-755169baf4c6,0.0024480210243423,171.77999999999997
1f5d817d-15d1-40fa-8901-4747c3ca11f9,0.00202797751379045,192.77999999999997
6739fcc9-d05d-48d4-83c5-a147d8e3fab7,0.0021878880413693,186.77999999999997
87f18791-692e-436a-9dd0-f4567f69dd0f,0.0022604956438178,180.77999999999997
b2501f35-3b98-4220-aa21-50a937f0d35f,0.0024480210243423,171.77999999999997
69ebb069-7693-47b7-9c45-373fa5832ce9,0.57959321532725,185.77999999999997
0792b083-ba79-464b-ac14-333fd6f89075,0.0023916798402619,177.77999999999997
c03f57e8-f425-4271-b470-26a3cd054aa6,0.00271680914853765,156.77999999999997
ecdb021f-4963-4b3f-a0d4-ea1b7e3cdbdf,0.5765266290462,191.77999999999997
e06519f4-0d50-4774-8086-c63f1c477f6d,0.00201381815154495,195.77999999999997
e255ee59-909c-46a3-9463-b1275add08eb,0.57959321532725,185.77999999999997
76873d42-e485-4527-9054-e573fdb9e706,0.5797289722189,188.77999999999997
df09c8c0-8383-44c2-8fd3-ade3e725acdd,0.00206640983004035,192.77999999999997
0db7c150-0419-4df8-ad26-4cfdb2c88d6f,0.00221463218966665,188.77999999999997
e451432d-99a0-4b8a-a1d6-b77e56435af2,0.00260792555588335,159.77999999999997
9ab14db4-2849-4152-b4aa-7f5d6bd53f31,0.00178890703864705,204.77999999999997
ddca575b-c813-409e-98db-f0ca12379439,0.0020349192530034,192.77999999999997
e34528dc-09c4-48c4-b58b-c746a988b978,0.001967737771725,195.77999999999997
61be0d9f-4f17-4c75-9879-da8a159d7087,0.00231589954516195,180.77999999999997
8fa2077b-cfc4-4f79-b9a2-a2b1ebbffb3a,0.0041755324385652,187.77999999999997
adbebb9e-246d-426d-87a3-985665fda2e9,0.0019992337973226,195.77999999999997
2e52d69d-c171-4a9e-97e5-50415a1eb405,0.00199167565164105,200.77999999999997
7aa3adf9-dcec-4e16-99cb-a19f8b43b2b7,0.5856061542894,182.77999999999997
8f84816c-2511-4310-99f8-cf72708106ba,0.00271680914853765,156.77999999999997
194baa62-d86e-4259-a32f-e52446095659,0.0023733777387124,177.77999999999997
473e840a-bd95-42b2-9ea4-6b5a08340c8a,0.00191638914834945,198.77999999999997
7ba3fa25-f743-46e9-a41a-1f789c8cc1f2,0.002301472046592,180.77999999999997
c9b3efdb-194a-4389-a661-bd118f11c08a,0.00206951273279785,192.77999999999997
e7fa22b8-a8c2-4690-b7b6-6e0837a019f9,0.0021205632454307,194.77999999999997
b4a2bf5f-cdc9-4f99-bf84-e91ad7722e27,0.0019507436791504,195.77999999999997
fa035196-9c09-4c4a-ad12-d2ed48262efc,0.00260792555588335,159.77999999999997
a09c2923-3b31-45c7-9deb-2e9004c4a839,0.00170973848781355,207.77999999999997
c8186efc-8a0a-48e9-86b9-26cc2a6afa0d,0.00195829952464775,200.77999999999997
45f0990a-8db4-426b-8f1e-cb89a6c053f9,0.00178393093674725,204.77999999999997
c17a8de2-cd85-413b-a051-1c6052273db1,0.00231589954516195,180.77999999999997
796e8871-57dd-46dd-9d41-f3283140d3b8,0.0041755324385652,187.77999999999997
e45f7f3a-08ea-4e2a-a1b8-9eb9c589e759,0.00231589954516195,180.77999999999997
566962a5-237a-4c85-a8e1-93a324675e92,0.0020925926724,192.77999999999997
b6a90149-04f5-4ffe-87e4-52c3d166defa,0.00219903438917125,186.77999999999997
cfd30917-61bc-433e-8c1c-d5cf733a282c,0.00271680914853765,156.77999999999997
9db80d2c-faad-4526-86a0-9d97680e13f8,0.0023733777387124,177.77999999999997
9054bbbf-1c27-4de4-9a5f-8696cf4397f5,0.00178890703864705,204.77999999999997
36220110-8c38-410f-9da3-909464f27673,0.002301472046592,180.77999999999997
3acec322-d9b8-4546-b436-1f3e8af59246,0.0020349192530034,192.77999999999997
8a04bd7e-9aa3-447c-93c2-dd7e1fb0aac2,0.00202954483364525,200.77999999999997
3d64555b-14f7-4303-91ba-9248b6fb4245,0.00212381205113375,189.77999999999997
aabfb730-481b-4f31-9104-bc3b5d4f366d,0.00260792555588335,159.77999999999997
ddb76e40-042a-460d-ab2a-30df9e0b0808,0.00210133021360475,192.77999999999997
5924669c-5520-4081-8a0d-297826ff9c20,0.0019707867158961,200.77999999999997
6973533e-d4dd-40f3-9859-8c7aff31e165,0.58466279519995,179.77999999999997
948cc3b8-2434-449c-b96c-32a95bd3129c,0.0055365635496435,176.77999999999997
f15d0ba9-9c77-4148-a872-3343da80ce05,0.00219767646936,180.77999999999997
08a66158-45e5-4e8e-ad5a-8eb765814b6c,0.0018741189646963,198.77999999999997
6fe72a24-0a25-40f7-a9a1-4d08d31ffacd,0.00210133069956945,189.77999999999997
89b71ab4-3b97-42ba-b24e-03bd8b6d0d01,0.00190573190534515,201.77999999999997
c527c123-7bbd-4305-87ad-109b6112e53a,0.00271680914853765,156.77999999999997
948d4f3e-6951-4e87-ac9b-6b549929f895,0.00231461116029545,177.77999999999997
37e85e71-c8a0-420b-b099-ef35a7db1b72,0.5835286410494,202.77999999999997
6c0c017e-309d-4649-bbcd-7686eef6adf8,0.00247381222002485,168.77999999999997
1b3c286c-571f-4f9f-9903-3d4e1f92edce,0.5875682571769,205.77999999999997
77a747a1-6bb8-4678-ae18-dbac3d70ad79,0.001867340212625,201.77999999999997
b486ef83-c2c0-43e5-b775-0c57c81a5d16,0.0019728621566973,195.77999999999997
9c847f09-1893-497d-8602-628c47f92a82,0.00260792555588335,159.77999999999997
996b5f6f-77c1-4558-a0f8-6e8413a0efe7,0.00217012572514355,191.77999999999997
ae56c54e-e4f8-4b37-972e-47e0b7449396,0.58466279519995,179.77999999999997
71a292f3-4a39-4880-a141-cf71d0352636,0.0052192143452275,200.77999999999997
cdfd1778-dc7a-4642-9244-ae70cb1e11b0,0.0055365635496435,176.77999999999997
b093833c-0abb-42a4-99bd-ded5e183b0be,0.00219767646936,180.77999999999997
2dcf79f3-a50e-4771-bee1-f6a2743a3d01,0.0020272014521212,195.77999999999997
229f18b4-41b1-43aa-aab5-e010c00e9eb3,0.5830829252107,190.77999999999997
599f4a16-e711-4c5e-a774-0f371fa5ddc6,0.0022864747681807,185.77999999999997
728ec071-529d-47ad-96ea-57e8bf461da7,0.00271680914853765,156.77999999999997
f0b2b1ea-203c-4b5f-89af-a43183a319d8,0.00231461116029545,177.77999999999997
b88f9c06-2e2a-4402-9913-521cc4a2077f,0.00235965776391725,180.77999999999997
7bbbb9d5-cbfe-44e9-a842-402bd0f12380,0.00247381222002485,168.77999999999997
3cdfd75b-7405-45ec-b3ae-c1e5cbf08eba,0.0020963756902091,192.77999999999997
41e1f5fc-1daa-4c42-b12d-8f03dd577fb0,0.0019639578963587,195.77999999999997
144e05b7-6b3d-47ef-8842-8f4c0d092ec5,0.0019981551411045,200.77999999999997
47e1be5b-d28e-49bc-b08c-b02917fb116d,0.00260792555588335,159.77999999999997
249c4485-2502-4813-8ed2-dd5dde4c315b,0.00188314435988795,198.77999999999997
79eec953-399e-4892-8a16-caed12368d38,0.00179299987143405,204.77999999999997
9e1f846d-17f9-4ad7-989a-d9fd3d8bd88c,0.58527639392165,176.77999999999997
9f36f1d0-1884-42a8-9fad-1ef1a83079d0,0.00219024724785055,180.77999999999997
786effb6-4f96-426c-baeb-fb32bb5f8c7d,0.00195074309602025,197.77999999999997
e9e961fe-ed11-459a-9bb8-1d3070ae76c5,0.0022175130054301,180.77999999999997
70231661-10b0-410c-9e3f-e8b8f9551778,0.0024260324518762,171.77999999999997
6f647e9e-6676-4e0b-ae1c-bab18e817a07,0.0022774092321157,191.77999999999997
c339b5ec-4fea-41db-9714-362919f817fe,0.00271680914853765,156.77999999999997
d85f1341-f1e0-4daf-b6da-25884d224ef9,0.0019637482742553,195.77999999999997
347d9637-8ea8-4d8c-94b2-af734e201b0c,0.00202280647187635,192.77999999999997
59020b15-c245-4c68-8c75-015f08f383f8,0.58418902445135,197.77999999999997
f248d9f0-8929-4a68-9a5a-e39ed0ff921e,0.0020678874480378,192.77999999999997
16eb03b4-4587-4d98-91f8-21953b088130,0.0019683773770786,195.77999999999997
379484ec-8e4f-4f10-a610-0f6fea88ad58,0.00228385493745,180.77999999999997
5797baee-8e09-4db1-a170-cef7c3c1ea9a,0.00260792555588335,159.77999999999997
5ff2adb8-1f95-4902-b589-c719d6e8859b,0.00187665534260775,201.77999999999997
8df50bef-d426-46c6-8b24-0e25134f7d02,0.00213316773807545,191.77999999999997
911f3455-3677-4d53-88ae-24c4be709fb2,0.00179299987143405,204.77999999999997
57f783d0-f965-4ba8-91f9-7726b2167b03,0.00219024724785055,180.77999999999997
9b6bc92c-7d46-4fc6-84ae-2152517a73cb,0.0021647872964406,186.77999999999997
2dc5fe8b-a01b-41fc-a7f1-3264536edaf3,0.0022175130054301,180.77999999999997
c971ed27-e230-4045-aa2d-f7eae8d47d51,0.0024260324518762,171.77999999999997
ad4e6c38-18d0-4b0e-acdc-986c7f355bd5,0.0018074857645,201.77999999999997
6d8e8344-acdb-4cbf-9bac-c3d853899c17,0.00271680914853765,156.77999999999997
490f3154-6741-44af-9b46-02407126de69,0.58480550905,176.77999999999997
1a54f39a-a5a0-4c5a-94ca-64ee452fcd31,0.00179299987143405,204.77999999999997
1cbad8a0-44d7-42b8-83be-d6d5fc392353,0.5871368580996,176.77999999999997
de069e97-70dc-4c2b-8e8c-f43dec31711e,0.00191999673168505,195.77999999999997
4ce2d30a-d3ec-412e-971f-daecb71c5589,0.5854898666376,182.77999999999997
71cb615d-f1c4-4cb8-b2c5-72f2eab404c4,0.00228385493745,180.77999999999997
bea0193c-fb23-4e2d-8c95-b9cc860fac2a,0.00260792555588335,159.77999999999997
274903ac-9de5-4fe8-ae74-6813912fd93a,0.00220121449129135,188.77999999999997
7889bac4-67fb-4144-a777-255db2236fdb,0.00209352281468535,189.77999999999997
49865724-e50c-49df-9ed7-64c9ff368c94,0.0021902187184144,193.77999999999997
4e3e68ea-7fe8-4ce0-a5ee-f81898ddae37,0.00182899824745625,204.77999999999997
996288ab-1f10-476e-afa7-8bd5463319fe,0.0019507436791504,195.77999999999997
5a67588c-c6cf-4fe6-b9de-b746a269fd56,0.0020558568360503,189.77999999999997
b4dacf5b-aa71-4d3a-ab95-c7ae5150678f,0.0019259046007138,198.77999999999997
f3ecee4a-c1c9-4116-a569-ef46ebd9384b,0.5839867807982,205.77999999999997
b11fa278-2d45-4320-ae7c-9d48a251ec42,0.00271680914853765,156.77999999999997
104e298e-afbf-448c-b55e-a9ab68a77775,0.00231556832415095,180.77999999999997
484d688f-79ba-4b2f-a7a2-68f76a1fccc3,0.00214727986432065,186.77999999999997
fd4eadac-12ce-433d-955b-28b82aba2605,0.5857101617075,179.77999999999997
486fc941-c132-4a67-b349-1232026c5a2b,0.0021543524582206,186.77999999999997
ac2a587d-7c02-4216-a90d-0b783ceb3bd0,0.0022490100987073,180.77999999999997
80f4c145-8e57-4c35-987d-521c02fb22e8,0.00219111516867685,183.77999999999997
ad534e71-1aa4-4ff0-94bc-abef22947f1d,0.00260792555588335,159.77999999999997
1534c305-db1c-4922-89d2-71e90ea32623,0.00199435473399235,197.77999999999997
65c665fa-6af4-4a38-9b0f-9ae477a6e17d,0.00238660495664175,180.77999999999997
969bcdc8-3c7b-49be-84d9-a553d7a09994,0.00196757250361905,189.77999999999997
ad3a945f-26d1-4765-a2e7-c1fe19cfaff2,0.00220121449129135,188.77999999999997
32cee82c-b80f-404c-b315-74ad28c66dac,0.0016691000290862,213.77999999999997
5ad12fc6-105a-4440-b50f-205a2de1ddfe,0.00220121449129135,188.77999999999997
8a75abba-06d2-4a34-9cab-205aa6961e71,0.0021046594380185,194.77999999999997
2ae582bb-fe39-47ff-bc70-bc0afb81c312,0.00220121449129135,188.77999999999997
8f5113f1-effc-43e4-9bb9-3d67f926968c,0.00271680914853765,156.77999999999997
d3e0a52f-bc05-462b-a3be-2589658da226,0.00231556832415095,180.77999999999997
e811e151-ea52-4905-af10-3af22f7f7bf5,0.00214727986432065,186.77999999999997
40f69898-98c4-4ba3-b5b0-2dbef8b0c8cf,0.00209352281468535,189.77999999999997
34c165bb-0e2a-406b-a1fc-701cc0c2d7bc,0.00197178903261965,200.77999999999997
84bd4ca6-c1fb-49ea-91e6-f4d8a214b4c3,0.0022490100987073,180.77999999999997
698b37b2-e785-4296-a5ea-3c5983cfb878,0.00219111516867685,183.77999999999997
8802f39f-80e9-4995-82ea-7082a781aebc,0.00260792555588335,159.77999999999997
e9947d6b-6ba2-40fd-95bc-bdd7afef315c,0.0020122404817874,197.77999999999997
1acd89d7-de4e-4a35-b4c5-46f023895aab,0.0020039258640307,189.77999999999997
8bb8bddc-66f9-4d35-8ff1-5138a0b06491,0.5755488642377,191.77999999999997
d6fcfbd1-22a7-4236-8953-b985e88c43a5,0.0037564560235245,190.77999999999997
46daee50-c5cf-4469-80eb-ff2bd7fc65dc,0.0022238193768784,185.77999999999997
0a769b68-6a0c-4cef-982e-abe2f002f855,0.00228349653625445,180.77999999999997
16011574-5321-444f-ba35-4dc77724d6e2,0.5826823994989,194.77999999999997
55152c09-5640-4db9-8262-c7bc176a0a2b,0.00222429885039655,180.77999999999997
7aa664e8-9685-4e87-8c33-f28b564ba3e5,0.00271680914853765,156.77999999999997
6ddb9ac1-b93e-4b82-9d02-3a2eeffbe4e4,0.0021644264882947,186.77999999999997
abe0bc5b-a667-4c87-985a-ecfbd2df2763,0.00204829850258265,192.77999999999997
c45ad242-0f0d-424e-bba3-104916c772a6,0.00180764687033675,204.77999999999997
494450b0-2ebb-4566-a18d-bb9a426a0ac3,0.0020765800862522,189.78
0388952a-57d1-45e7-b058-1bba81a5e316,0.0020364398207218,192.77999999999997
1fca9085-3025-46f6-babe-c6f21061c712,0.006814008338389,203.77999999999997
ea9e8d99-9edb-439b-9a23-0af145421e4b,0.00260792555588335,159.77999999999997
4b0a6973-dbee-4661-b7e8-2355427a428b,0.0020122404817874,197.77999999999997
234d9c93-e871-46dd-a8bb-63217b59e43e,0.0020039258640307,189.77999999999997
94f7f1fe-0685-4766-ad37-0eb6275d1c01,0.0021298419679297,194.77999999999997
07080a74-ab4e-40d4-9a7f-918a5ec20873,0.5755488642377,191.77999999999997
ecb9a77e-c2a3-4c53-b179-5d8823b6b983,0.0022238193768784,185.77999999999997
899bc2d0-f186-461a-9383-90f790fa6fee,0.00228349653625445,180.77999999999997
8015f640-bebf-4079-973f-f04b0de9dfea,0.0020122404817874,197.77999999999997
9da735fd-f342-4ad4-bec9-31003dfa1676,0.00222429885039655,180.77999999999997
f7d63060-6cab-431e-9adc-7989eb8802e6,0.00271680914853765,156.77999999999997
bf28557d-dcf7-45b5-9bf8-dbcfa5ca7489,0.0021644264882947,186.77999999999997
3c5f0e24-0b64-416b-ba61-4d1820b3944b,0.0025409700806702,162.77999999999997
4c77cc6f-c48d-4a8c-a46d-fa4d8d99190e,0.0018886027595244,206.77999999999997
ed98f46a-8c55-4869-bc96-4f5179437a80,0.00204872250196635,189.77999999999997
a946a9a0-bbe9-4e75-a055-68e88bba91b4,0.0019553348615739,200.77999999999997
bdd17b8d-82c6-4503-8569-2e74f7b7c7c2,0.00203503133404585,194.77999999999997
2f62a72f-a204-46cd-8916-86a657306292,0.00260792555588335,159.77999999999997
07e2b1b2-c769-46ea-b02a-b18ff26e9d8a,0.0022242207819226,183.78
75239c40-1385-4298-9b4f-45d04e99bf6a,0.00199318806397355,195.77999999999997
3a57d1f8-2879-434a-b02c-917dd2b7727c,0.00408236516551985,196.77999999999997
58b51478-ba3c-4b40-a689-aa2362c8ea27,0.00210792816465385,191.77999999999997
59ac312a-9851-4ea9-8ded-b2946e1f3419,0.58184473456005,179.77999999999997
d0d67b36-244b-4fda-872f-1c312c4c992e,0.00228120220334015,185.77999999999997
434102d6-d62f-442a-a697-65251040405e,0.0020836987716404,189.77999999999997
c69b4e4d-6578-4eae-9e27-96596f31c4ce,0.00218142614092015,186.77999999999997
b03d9c6f-9193-46aa-a6c3-aa9be879d218,0.00271680914853765,156.77999999999997
cde2369d-af29-4e73-83be-ad1d8b6dd3a9,0.0018256454980551,204.77999999999997
03272021-f277-41b0-aab9-1dc706408a22,0.0022686998415951,182.77999999999997
24e40c12-6458-4e90-9fae-d3bc22bd4f09,0.00198244386041985,200.77999999999997
f49b9613-5240-404e-a0d3-cb6719db530b,0.00211934804822845,191.77999999999997
ca1e9abf-6c9d-4ac5-8123-ff8c2440f6c8,0.00214570459545295,189.77999999999997
2e4bd484-2150-4af9-8c00-54710cb79ed6,0.0021402310377546,191.77999999999997
4c7ab52b-1528-4b47-a7c4-e1a8bc32ac04,0.00260792555588335,159.77999999999997
22c5479d-9f2f-4643-a3b2-8b2646944153,0.0022242207819226,183.78
88fe66c4-1927-4e18-a59c-866dbf9a520b,0.00234582714587855,177.78
8bc5ff08-8a85-4e2b-ac91-cee85a48c3da,0.0022242207819226,183.78
68576d75-b7db-4f0d-8ab5-8a2112fcc222,0.0022153059116652,183.77999999999997
1b2462a8-5c8b-4539-b27c-7462c349b0b8,0.00201160221876615,198.77999999999997
9704ba76-1ebc-4ac2-95d2-3074d3db8374,0.00228120220334015,185.77999999999997
46c0fa41-cd2d-4c89-a5ab-7e6cb9e872d9,0.00207743083742855,189.77999999999997
d9f67f7e-4fd0-4276-aeee-55aafc087cbd,0.00218142614092015,186.77999999999997
5f52cc7d-de89-45c6-bf09-6ea3b9b86c76,0.00271680914853765,156.77999999999997
beb07136-eed5-4773-aeff-c3311ba99674,0.5794416815515,173.77999999999997
9536afbf-8ab8-409a-ba39-4637bff5679a,0.0022686998415951,182.77999999999997
0bcba143-8799-4e83-a0e5-5ab19ad5a17f,0.00232423283204265,185.77999999999997
4d3c7c01-7752-405c-bb51-eaba1b485fb6,0.00199318806397355,195.77999999999997
05c8ac88-c304-4edc-94ca-77c62a04ad67,0.00196703764734135,197.77999999999997
a863539f-06ce-43f4-a98a-028e5faaaa87,0.00199318806397355,195.77999999999997
e19e4910-416a-4fb8-9467-524400d102cc,0.00260792555588335,159.77999999999997
2ff06224-8a0a-46e7-bbab-87c04d379c87,0.00236444321609495,174.77999999999997
705548cd-f0da-47ba-bc6e-33c347243bc4,0.0020965845052905,189.77999999999997
fa887f0f-c04f-4163-9c9e-caef23ebb065,0.00237892089496845,182.77999999999997
5bd0fe4e-9156-4f67-8d9d-fe39eb9fb5ea,0.00227932900047725,177.77999999999997
5ddf2f30-776c-44a7-863a-b4d432c49fe8,0.0019905140065982,200.77999999999997
92c9c668-3399-4f7a-abed-788778e49289,0.00226539657707235,185.77999999999997
6213975f-915e-4010-9036-85c76026363a,0.0024578918871979,171.77999999999997
6df2393d-8502-4403-96bd-642977d22ada,0.5819244559774,183.77999999999997
4e3cb555-1c37-4ccf-8a49-d44093d4e18d,0.00271680914853765,156.77999999999997
fff2f6de-be70-47e8-b06f-257458215a33,0.00210366117509435,189.77999999999997
ed782c5a-25aa-444d-bb56-739d4b433f15,0.58346183753895,164.77999999999997
b2bd99e3-40df-4c5c-9149-f5ab8118115d,0.00215454712604545,186.77999999999997
aa3adc2c-f2e2-4036-9fce-fb118c38cacd,0.00185850462875805,201.77999999999997
5311ad4d-caeb-4d2c-9206-4bcb7cb5afa3,0.00215961994034925,186.77999999999997
ed1b0c52-0b84-4f56-8605-86a019f67df6,0.0015377617324086,221.77999999999997
ec19e306-7d8b-47f9-b487-d05d6f7ae98d,0.00260792555588335,159.77999999999997
58cb7e97-a6b5-4913-883e-9917c16eb5c9,0.00236444321609495,174.77999999999997
89be54cc-e12e-4363-b3b0-3be158aff8f2,0.0024400747998306,174.77999999999997
16a7c457-463d-43cd-bd95-b48b49202b3e,0.00237892089496845,182.77999999999997
aad46682-a087-4212-8a86-8dc796884d0d,0.00227932900047725,177.77999999999997
0c3c853c-5849-4742-b4c7-363779b035e2,0.0023525451191574,179.77999999999997
4b2130fe-1ed9-4040-96db-9c410672e703,0.0025294394289028,168.77999999999997
80523f70-be10-4046-a0ad-4e30724dbabf,0.0024578918871979,171.77999999999997
16bdcb59-ab63-4508-9937-8cdd7dabf06b,0.0020474965097907,197.77999999999997
93cd7354-91ed-4863-86df-c41b56675430,0.00271680914853765,156.77999999999997
08bcb7db-0716-4aa4-91c7-3fd54c46ee12,0.00236444321609495,174.77999999999997
9d1c352d-0706-4052-b49c-e5af124244a3,0.00236444321609495,174.77999999999997
8be973c8-c032-444d-8adf-67f740cd690a,0.0023966842533985,174.77999999999997
1ce8f198-0077-40bf-80c7-8f9bc6f3952f,0.0021372702144423,191.77999999999997
a556ed29-f5cd-420a-ac87-285c2eda2094,0.0023096386717181,180.77999999999997
9de76545-8b7c-4d60-9d53-ff62020d2c26,0.0022290829118012,185.77999999999997
b5f75b75-bc8a-4d26-a298-9876732c7f83,0.00260792555588335,159.77999999999997
18416551-b0ff-4a56-924b-ae0fb137fe49,0.00224817741370705,180.77999999999997
373d677a-7c59-4c7e-a3cd-70761e8c930a,0.002330738489,177.77999999999997
ddd68235-3f27-463e-9269-c84b4e0ac686,0.0019063793576847,201.77999999999997
e8314cef-4d79-4846-9b82-38f80f6736ff,0.0020774153165909,194.77999999999997
cede3c3d-9189-4fa2-b760-2aa7ede50d74,0.58484905316235,202.77999999999997
cddcfa65-463d-489a-96ac-35c6d86ffe02,0.00228218315792345,177.77999999999997
82f263b0-2581-4140-83b2-4f9aa8e08d19,0.0020694662648949,192.77999999999997
2c6222cf-9735-476a-83c6-3ac87488ff44,0.0021216110276154,191.77999999999997
1dab6a37-5450-4cd1-94c8-8fc89f880922,0.00271680914853765,156.77999999999997
bab335f6-32cc-4bfd-8402-f5a737565519,0.00196363637756415,198.77999999999997
7fdff95e-aaf1-4313-b576-5d462bfff0db,0.00200127963869905,202.77999999999997
8c565593-e1a5-416f-a7b8-7c24f8c3f735,0.00228845213153125,177.77999999999997
1b8d2da8-b22b-464e-8375-4cf61e39ae68,0.00236890605454945,177.77999999999997
a485369e-4634-48fe-ae84-b7706a1990fb,0.00221201719350945,183.77999999999997
f240d2b7-e488-48f1-8533-814b69065cb1,0.0019513967601044,203.77999999999997
f5ce08c6-a14a-440a-824c-7ba46db7fb7f,0.00260792555588335,159.77999999999997
459a5540-7dbf-4ce0-a693-60ffb41f0747,0.00229416650835955,180.77999999999997
94f0c1df-d015-4cbe-90eb-468b9c67ba2c,0.002330738489,177.77999999999997
bb62fd73-cc7c-44f8-bbc7-8941974cce73,0.00206742065106715,194.77999999999997
3e25899d-f930-4d06-8f96-286f61bcaf8c,0.00173438038052025,210.77999999999997
46e9cb94-41dd-48a5-8e79-78bc7035dbd2,0.00224817741370705,180.77999999999997
46ed2e80-ad16-472f-af4d-f4bdc699c2a6,0.00228218315792345,177.77999999999997
ae22a8e8-defa-444d-aa9f-2dd3a328e445,0.58705924451435,199.77999999999997
7cd842ae-6fee-4ee5-b21f-cac1cf0434e1,0.00211578931264775,189.77999999999997
ee683a79-da9d-4f55-aa43-8e486ed05e85,0.00271680914853765,156.77999999999997
6d030b33-17be-4d97-be5d-dbf972689471,0.002330738489,177.77999999999997
658279cf-40e9-46e0-bd22-fd1b96c7a195,0.002216294000559,183.77999999999997
c45cc3e8-354b-4fdc-b5c9-9a748b96835f,0.00228845213153125,177.77999999999997
44ba9f28-1c92-42a4-a7c5-0036533434ee,0.00236890605454945,177.77999999999997
ad612369-1ff6-488e-a86f-65f791ccdaa7,0.002330738489,177.77999999999997
a69b7c6b-883e-4a15-bc33-9a6c76fa27a1,0.00224817741370705,180.77999999999997
c8a2b7d9-bbe5-4784-80dc-f0ab8a1b3785,0.00260792555588335,159.77999999999997
03823866-d04d-4ae5-a18e-c9c3fd26809f,0.00220461916190175,186.77999999999997
1eeda573-24a2-4af1-9d1b-f169194cfaa3,0.586275721793,191.77999999999997
99f63de0-3c40-4c2a-b66f-6bf7b012a6bb,0.00209892398828125,192.77999999999997
d534ff61-e77b-4a35-900a-61eff3a8917a,0.0017242180811818,210.77999999999997
e5ae0d9f-4c49-4870-bac6-14ab67378e5c,0.00224318096880495,180.77999999999997
b5248a82-5229-4e8e-964b-0b9ccd6ba02b,0.00201547978415825,195.77999999999997
f4caafe8-8068-4f9c-95c1-a354365a9990,0.58935267846825,195.77999999999997
41356b5e-e37b-4e3f-81e7-8e2f52130bea,0.58494027589735,191.77999999999997
bd726d78-6376-426f-ac34-fa63c6d81b4f,0.00271680914853765,156.77999999999997
df594824-3440-4b4b-9507-0ea3e9938e27,0.00220809197988605,183.77999999999997
9e60a143-0301-4178-b4f4-567495d092cc,0.0020008474177574,195.77999999999997
089f928d-53fe-4ae1-b2c4-cc4f806f2e3a,0.00213231361014285,186.77999999999997
52c2d34f-536b-49d0-97ee-5f60b31307f9,0.0024335086411154,171.77999999999997
a3cc08ac-138d-4060-88dc-ed3bd53be44e,0.0020225875485857,195.77999999999997
0e8f934a-6faf-4e2f-ac39-6dac9dbbd6c0,0.00208935020683115,189.77999999999997
3c9327f2-2bc8-4927-8e28-447594ded0be,0.00260792555588335,159.77999999999997
7d0dc1ba-de0d-4364-86dc-d12c22794ab7,0.00196396767956335,195.77999999999997
2175c3e0-1fe1-454a-9bbe-6cac3c0a547b,0.00178160381904275,204.77999999999997
f81fdfb3-c4bc-40e8-889d-ea603c922eb1,0.00186533194358675,201.77999999999997
ad153de6-208f-4e5b-8723-212c0a4aa59a,0.5849796717899,197.77999999999997
38e7b91c-858c-43c4-b358-522e58b8a38e,0.00224318096880495,180.77999999999997
be54ce81-f1cd-4637-a482-4fe45c9db3c0,0.00199568362782645,195.77999999999997
558cfc8b-d859-4463-ae03-286cdd8eec13,0.001804452434547,204.77999999999997
39128da7-36f5-47dc-9245-8d9d3313e767,0.00220461916190175,186.77999999999997
50a47999-e4d6-4717-8d7f-aab202951b11,0.00271680914853765,156.77999999999997
d57cb3a9-0304-48dd-b0e2-60c8223afc57,0.00220809197988605,183.77999999999997
124e7e03-44bb-4c44-a8d6-663ac8c7e7f3,0.00203055556873705,192.77999999999997
bdb8354d-51e3-4089-b3da-012e6c130e86,0.00213231361014285,186.77999999999997
8694aed6-90be-4b45-a78b-d93d86b8a26f,0.0024335086411154,171.77999999999997
3db537f3-07a5-400e-8939-cb33c75330ee,0.00212680519445985,186.77999999999997
9d890860-06c1-4b18-8937-d0ddc46cb8c3,0.0020174818352863,192.77999999999997
7429eb0d-9366-4947-a3f6-82945909de31,0.00260792555588335,159.77999999999997
5d7fe223-36ba-4329-bda6-53c87739a368,0.00206187884605145,189.77999999999997
c53c5a78-df03-41c2-8737-40cdfd9d2b24,0.56974882072235,173.77999999999997
51579fa1-9126-4aec-b20a-699a3034e62d,0.0020144281922765,195.77999999999997
e5e7f5a7-9127-4e85-9d94-97df85a1fafd,0.0017966776661382,204.77999999999997
a48de822-f478-4082-aea0-ae3078747d08,0.0021181618468707,186.77999999999997
86b79800-e188-45eb-b618-b6aa83c0c31f,0.00190670540344785,201.77999999999997
0daae2c4-1aa8-4b4d-bd98-83980becf7cb,0.001857959377625,201.77999999999997
61412cdb-0a37-4a93-a3f1-e2a5621be94e,0.5847493660005,196.77999999999997
623ee5e4-89d4-4aca-ad62-be8674bc9aed,0.00271680914853765,156.77999999999997
eaf97146-9303-4efe-938b-5058c69d9b4e,0.00209518460165875,189.77999999999997
7631de86-6b40-46dd-8035-f4e951852bdb,0.5838136871038,213.77999999999997
131fa53a-3815-4fb2-bf92-c6ebbe7ca626,0.0021697964441947,183.77999999999997
c8395f8f-42d0-4771-a907-53a0e9bdbc8a,0.5820981351464,182.77999999999997
df270304-2580-42c7-8032-e13746c2a868,0.0023350471768208,174.77999999999997
1d532951-6a8f-49e9-9c50-fe97b272c2e7,0.00199785036627905,197.77999999999997
e9341775-7721-463f-933a-5089972f365b,0.00260792555588335,159.77999999999997
6382457c-ebd6-42d9-8100-cf41c853236e,0.00206187884605145,189.77999999999997
7144e465-5bb4-450e-9331-f2b32da005f8,0.0017966776661382,204.77999999999997
798e18a2-da0c-409c-a89d-2798e6b11cc1,0.00217530442540845,183.77999999999997
aefd3d47-dfec-402a-a204-1f61362d8ea9,0.56974882072235,173.77999999999997
c1adb54f-1303-44cb-8605-94f20ae8873e,0.0021181618468707,186.77999999999997
d0c8c9bd-651f-412e-8cb6-1065d9a46137,0.57132880784005,176.77999999999997
ace0f078-e6ee-4867-a358-1d96047bf78b,0.00194771514854305,198.77999999999997
307d537f-62b4-4b5d-8c8d-864550e1cd24,0.00206187884605145,189.77999999999997
ec494f76-562e-42c1-aa32-9372231aa66a,0.00271680914853765,156.77999999999997
185e0eb5-d680-4cfe-81bc-af343c403f8d,0.56461378870315,182.77999999999997
8a381721-bf25-4c11-bd2c-f9bda4524ced,0.5681739605576,182.77999999999997
a6cf53c4-1d66-4ca1-824a-aab4b9b7b80e,0.0021697964441947,183.77999999999997
12ee10ea-4f78-43ae-b01d-103bd50fb745,0.00211866064618065,189.77999999999997
023272d9-50a3-411f-874c-51d79774ac10,0.0023350471768208,174.77999999999997
9d01a1e4-3438-497d-bb74-3c73cb32e7ad,0.00214258668773915,183.77999999999997
462da414-d5f0-4b6b-aa71-6caed9437257,0.00260792555588335,159.77999999999997
d1211881-1166-4d24-996b-d09d9ccae041,0.0021856253704056,186.77999999999997
390b9843-6796-41f8-b4f3-27f5b82a8b0a,0.5820967458654,188.77999999999997
dfc3bfa1-9efa-4698-a339-ecc71fd101be,0.0020733180073669,192.77999999999997
bfe05108-0f25-458a-89f3-87a4d5332fc3,0.0023348990427135,182.77999999999997
b6a4772a-d138-4a8f-9fdd-8936bccb39d8,0.58644791542415,187.77999999999997
f6bb67e6-2170-46ea-8f4b-947c3197e7c5,0.0022423205036574,185.77999999999997
557eb754-ff08-4d69-a952-223fcc079494,0.58274198548165,197.77999999999997
4e3dc4bc-3f33-4aa6-9511-97668bb752e5,0.0020845909710316,189.77999999999997
b42c7a73-a355-489a-81a3-da0fa36061d1,0.00271680914853765,156.77999999999997
a1c9e02b-e749-49cb-95d2-18ee2d4ccd08,0.00219592244333335,188.77999999999997
82dc3059-a7b1-4328-8c33-244ddd115d7c,0.00204431648060055,198.77999999999997
903787d8-c870-4b0d-b969-47bfc98aef6c,0.0025925415669258,162.77999999999997
c04bc1bf-2200-481a-b9c3-12ac240194f3,0.5837835779268,199.77999999999997
65adeaaf-654b-4da4-b202-b66712669aba,0.00222835001514035,183.77999999999997
3fbf60d4-2388-40db-8de9-0e3dba216a4f,0.58582861069985,170.77999999999997
f89a4824-e274-4248-acf3-6b71caba66ee,0.00260792555588335,159.77999999999997
cf10caa8-2eab-4c02-ae08-126288b36a58,0.00229385124266665,177.77999999999997
281ee770-f4bf-4c2a-96b6-37071ff8bd86,0.58583735150975,185.77999999999997
b3fc26e1-fc16-4a1c-a491-0cae06c6ca2e,0.5839784591158,185.77999999999997
5019d802-2802-465d-8fc2-3013942a907f,0.0023348990427135,182.77999999999997
fa8797a9-d8ee-4006-b57c-489bb70088e2,0.00214949534091355,194.77999999999997
c4e2e4ed-417e-4648-91a8-c63f486bc2a0,0.0022423205036574,185.77999999999997
ccef12ed-57dc-4a5d-b9f5-3c16b31c6b47,0.00186392412153095,198.77999999999997
e9fe2c48-c42c-4faa-827b-3b9c86ea2331,0.0020799356594256,192.77999999999997
16cda59a-ad47-4159-8f2c-bde15d32f5b3,0.00271680914853765,156.77999999999997
87621ec7-e764-490c-a12b-ee2b7d0909b4,0.0021209955577388,189.77999999999997
c89041d2-5e80-4155-8293-736e9959e4c9,0.0020776814235108,192.77999999999997
bf9171b4-866b-47e1-bd72-7852e3bd03a9,0.0025925415669258,162.77999999999997
58cc1d4d-d01e-4f95-ad11-d354461a85b0,0.00208365588858285,192.77999999999997
26408d1a-25b9-4543-8348-8771028e0014,0.00222835001514035,183.77999999999997
74e39c9c-55c8-4fe0-99a8-ad21f06e5ab3,0.00206600411188335,192.77999999999997
c5dd2c68-2eff-4f8b-b135-0e8587aec639,0.00260792555588335,159.77999999999997
b1edaf44-85d8-4a48-9783-659604177968,0.58529192861665,208.77999999999997
b9eebd7a-26e9-42e9-a5a5-b686bf4b7aba,0.58470163216025,190.77999999999997
86c55e04-5e02-4691-9a12-44991eed53bc,0.0024128914938884,168.77999999999997
010224b9-792a-426f-8d7f-d2825f48fc40,0.00224298954121125,183.77999999999997
fed602e7-81e2-4aa7-9f88-87178f27e32f,0.58240537897605,187.77999999999997
0876ab13-a030-438f-8757-6dac59fba388,0.00209405660985135,189.77999999999997
0b5af42b-78f8-4ae4-bff0-7fc3c7aafe66,0.0024198797211607,174.77999999999997
c9a0d12e-ca7c-4ba9-96c7-81906b8a6a44,0.00187473454595455,204.77999999999997
0d0a1365-cb90-4d11-848d-7aba8adcb791,0.00271680914853765,156.77999999999997
db7f5b3f-5e5a-4fd8-8ca8-cde21f1e4aaf,0.00191391212802815,198.77999999999997
394aa2db-bf8a-482a-af2b-2f2aa39bd2f8,0.00203248258316665,192.77999999999997
355e667c-41e2-4d08-8022-6096aa393d2b,0.5857601862034,202.77999999999997
92dda4a5-410e-4151-a82e-ea662cc79261,0.00218013951517255,185.77999999999997
8a9c18db-d330-472b-be6d-0ea843eface8,0.00197900231282,200.77999999999997
5a907463-7b3e-4ba1-a044-a08721029536,0.0021798284693508,183.77999999999997
d3a8cddf-e9d4-4e28-a264-925716f17a21,0.00260792555588335,159.77999999999997
2b2d4b71-375d-42fe-a096-0da753e88a7d,0.00198897908444185,200.77999999999997
23591597-5b34-441f-9ca2-8cc1070a20bc,0.58317274078175,198.77999999999997
11b65a36-a7f6-4ddf-b676-385cfcda7fad,0.0024128914938884,168.77999999999997
ed5bf0d5-6bbd-4e8d-aa10-1f3907d5c8a4,0.00224298954121125,183.77999999999997
9b8138f7-8cc3-47d5-9d9a-56280d61050d,0.0021921798862373,183.77999999999997
adcca2aa-6bb0-4010-99a1-2adb0b3bf540,0.58274027094885,190.77999999999997
b22cc424-ffb3-4999-bb31-9d6e269983ef,0.0024198797211607,174.77999999999997
e8cd40f7-6b81-4a92-a673-cd6a42ca1107,0.58411045134925,193.77999999999997
811ef5f6-4061-4bcf-8e84-1c2f0dd0c44a,0.00271680914853765,156.77999999999997
ac9f2c06-da62-4b4a-8524-a75d34626378,0.58470163216025,190.77999999999997
f92b280d-b24a-4a74-9488-42226149c773,0.00210727127396825,197.77999999999997
6726825e-3379-4663-a4b9-08ec87f80c48,0.0024128914938884,168.77999999999997
9921dafc-bb08-4e67-95a6-14ae9b0ff8dd,0.58456703993765,187.77999999999997
b0a862d0-0ce6-4bab-9394-9a9baf37e3bd,0.00236890605454945,177.77999999999997
bda0f93d-645b-4fdb-bf9f-0a8f68341ed0,0.0021798284693508,183.77999999999997
d0ca402d-ff4e-4428-8538-9a34215d86ab,0.00260792555588335,159.77999999999997
46db21bf-819e-420e-98eb-bb81d4991473,0.00225909665816665,180.77999999999997
2c3cea34-fd45-4c7b-8f47-a9e201042312,0.00216737112148915,186.77999999999997
bffa8ed0-6b67-48d2-88fe-072dff0644ca,0.00498236169326205,179.77999999999997
271a0404-69ea-4e63-8f84-de9fa29949dc,0.0018539649604375,201.77999999999997
c7a8bd46-1103-493b-ad8d-67acad70a414,0.5820738208007,185.77999999999997
1ba30eee-aaf0-48e8-8df0-8ffe72351ec7,0.002287066508311,180.77999999999997
9fe35c02-9970-40c5-810b-9ada4a120a6b,0.58936593691785,193.77999999999997
81708a92-a2ce-40f7-9530-e401419e48c5,0.00171296247999205,228.77999999999997
c9b2dd5c-111b-48a9-8ff6-fd216758f017,0.00271680914853765,156.77999999999997
8e9fe7d6-ed9e-4c12-8fb8-5a5cc1511549,0.58616857619235,194.77999999999997
81fd62b8-8cf9-4529-ae8c-ccd9fc08e20e,0.00213565440548855,186.77999999999997
843dcf16-1f8e-447e-8961-b74d9e07ea13,0.0022221998733182,180.77999999999997
88c788f2-940b-4fe0-8f3d-b25691f000a3,0.00220841420003155,183.77999999999997
f927fb57-688d-45c9-8c86-8c98e39a88f3,0.58676348031105,191.77999999999997
2e97d325-85da-4540-ab89-1382c2f14acd,0.0020056749340357,192.77999999999997
2171d2ea-1013-47ca-8db8-965bab5093e9,0.00260792555588335,159.77999999999997
9a52c94f-6ec3-42e3-8a65-ec6099547944,0.00225909665816665,180.77999999999997
c2d69071-84a2-4cb5-88c1-a38eebb05686,0.00201401945150485,192.77999999999997
31c34edf-3c8e-4240-92ff-a278f1b18184,0.00498236169326205,179.77999999999997
3d5943e6-2513-4c41-b4c6-54f1df8fb3f4,0.00216737112148915,186.77999999999997
ea3f4eeb-3ae3-4354-a552-347b594032a1,0.58320103861955,185.77999999999997
a221c44d-7797-4876-ae8c-3375dbb8ff71,0.002287066508311,180.77999999999997
facc0816-1e10-449b-b82a-01ec2a3dc11c,0.00209151489878225,186.77999999999997
83e213b6-3aeb-4855-9620-f9fbcf08cfad,0.00204270841973395,195.77999999999997
d75b3790-3a93-401f-9b01-eb815ac6ce79,0.00271680914853765,156.77999999999997
bb30ea09-fa7b-4442-89d7-213228f54e8b,0.00208004286683565,189.77999999999997
3901aec5-c1e0-4af3-8071-12b38fab00c9,0.00216737112148915,186.77999999999997
06a9bb69-0a4e-4e1e-aecc-3807c54fc7ae,0.0022221998733182,180.77999999999997
1780f1ab-6e29-4881-85fa-465c1571c10d,0.00225909665816665,180.77999999999997
9a2f816b-702c-4820-9ebc-0ce93b573e79,0.00190723404889285,198.77999999999997
a06e82f2-bfa8-4e88-9f9b-e2044585dd9d,0.00230786633156185,174.77999999999997
d7ab855f-b899-4aa2-a6ae-693ad04df7f6,0.00260792555588335,159.77999999999997
a0758b90-095e-45f7-8fc0-9bcb9945c635,0.58634068394515,187.77999999999997
096e308a-4d79-4b43-8244-89c3a67a92b6,0.5871060578802,173.77999999999997
26866508-27c8-4861-b416-762ba24cdd0f,0.00220841420003155,183.77999999999997
54713499-2551-476c-a68e-6439fa7f221d,0.00191296454574275,198.77999999999997
76c8316c-ad80-4d88-ac3e-83e85ba9c00e,0.0018800051868956,201.77999999999997
588f1c6b-3bb4-4519-81d7-c3fc0a4625c3,0.53871556129465,191.77999999999997
27b51305-d2df-4fd4-b730-d574517c7ed2,0.5879127674857,193.77999999999997
e31129d7-e57e-409b-a05d-c7f2f873680d,0.00214860130861475,186.77999999999997
d3350e15-6fd7-44cd-b4db-86da3718a329,0.00271680914853765,156.77999999999997
b6415091-62d4-4e91-91ce-ff151d40fa73,0.0020735090083633,192.77999999999997
2e651b61-543c-49fc-8a46-a117dc3db0c2,0.0019578268358209,195.77999999999997
1f1355c1-f096-493b-a972-528d716ab9bb,0.0023059320125,177.77999999999997
41a40b61-908f-4733-b905-100f8ecb96ae,0.0020264660163613,195.77999999999997
60825ae8-18b0-47f3-b9b8-7306e8c6cc91,0.5842751083901,182.77999999999997
1a3ef2ea-77b3-480c-b0d8-5cb16fed2eef,0.00225170413535035,186.77999999999997
0699b669-fac6-4d33-bf16-d90419ba843c,0.00260792555588335,159.77999999999997
3e8f4912-717c-494d-8998-8c7f25eb390a,0.00218053366059055,186.77999999999997
1e357d22-6bfc-4abf-b311-c1dcae09684f,0.00220025311324215,186.77999999999997
daef2b3a-8acc-4610-ae8e-ce61dc5f7196,0.00220841420003155,183.77999999999997
06ccdc8b-9552-472a-ad9d-d3e256521685,0.58634068394515,187.77999999999997
aa784261-2462-4c4d-8d1d-509c21a980b2,0.00247668574446905,168.77999999999997
6221f90a-20c2-41c3-8601-537c69cb783e,0.5884599114924,185.77999999999997
448f536b-b8bc-4542-b76c-105d2fed9f25,0.51794246807805,194.77999999999997
d233ac01-ecc8-403e-a349-5b8c36c1fad9,0.00214860130861475,186.77999999999997
4c522744-6bcb-4e26-b924-552606646358,0.00271680914853765,156.77999999999997
8b5ca5ae-4478-4d3d-857c-1225f6c49bb1,0.00217091521944445,188.77999999999997
0d2c5313-42c2-4ab9-b0eb-2e98a78d575e,0.5890492943883,182.77999999999997
62bbff9b-a73d-4d88-8e40-5dafc750adb0,0.0023059320125,177.77999999999997
8b600080-0e54-43a8-9504-7c282c85b193,0.5871060578802,173.77999999999997
d2e33716-43d3-4c9e-9522-72b845a24b2c,0.5844755989339,188.77999999999997
d311bb41-59d0-42ab-a828-05d24ee96556,0.00225170413535035,186.77999999999997
d53509eb-1567-4c6f-b9ff-b2ac258ed024,0.00260792555588335,159.77999999999997
d8f9a795-05a1-4e1b-ad4a-55c0b8f8d5b0,0.0025062689916303,168.77999999999997
d7a4b9fa-639f-450d-a4cf-50f83914f4f8,0.0019559323631739,198.77999999999997
64a7e5b2-f593-40d1-853f-4f2d21736196,0.5827916163398,196.77999999999997
af0fd2b7-3d71-4697-8ab9-3c282a64bb59,0.58452559708795,191.77999999999997
93dc966c-8e5e-474f-a622-dabdbda1acdf,0.0022021785835265,183.77999999999997
cfe2fff0-596c-4ca9-9673-ae12a71b39b9,0.0018486579994,201.77999999999997
65b3ff93-60ae-4618-84f8-71baced73d9c,0.00215454712604545,186.77999999999997
4265ae8c-ed30-4c00-a2b9-fa240eecc9a4,0.0021523491679405,189.77999999999997
0c608cea-b420-45b6-85b6-dbf1fd605132,0.00271680914853765,156.77999999999997
7aba6327-bc98-42cc-96c9-0189d071d516,0.5852959837093,170.77999999999997
17e759ca-c677-4ca3-8b92-befd959c1bf4,0.0090369617806155,200.77999999999997
9b15a8c7-4dd4-477f-a746-25f0dad294e3,0.0025760927730588,162.77999999999997
adeda6c2-349c-4178-91c1-0107fe497a62,0.00231564696978075,177.77999999999997
6fb07ab9-cc05-47a5-898d-ac22f578bc47,0.0020697771203093,192.77999999999997
dfd84e59-ea15-48c7-aed0-e7fb96eec7a2,0.58633800564,179.77999999999997
b1966147-a036-4efe-8c5e-e2a8f645bbf5,0.00260792555588335,159.77999999999997
58972f8d-2d63-483a-82d8-6d6a511dd978,0.0025062689916303,168.77999999999997
a801c137-42c1-4366-8ffb-264b1997dc7d,0.0023361582399228,180.77999999999997
df09e2f2-9855-4afc-a480-507e66d7eba5,0.0020619298166397,189.77999999999997
a711bd9d-bf99-46cc-8f1b-ae7af3f378a4,0.5815256759925,191.77999999999997
1b4c5b49-3fd6-4df9-b6b1-3f181ab99b12,0.0022021785835265,183.77999999999997
d4ff3cf8-df95-4588-8bc6-a2a76ef2c265,0.0019559323631739,198.77999999999997
03bebdae-08c8-4fbe-b2fa-0dac742f385a,0.58361199234005,191.77999999999997
cd6bdc2f-ff73-4736-b259-6a2487ac20a7,0.0022184563987482,183.77999999999997
ccf2cdb8-0008-4829-8d50-c602e7591678,0.00271680914853765,156.77999999999997
c292b85a-c370-4216-b869-e3fbb692d0b4,0.58277740425195,202.77999999999997
02826cac-7f1a-4acd-9bbb-a629d3c05094,0.0023733972724327,174.77999999999997
25fcb9cf-71e5-44c4-ac6b-deba0d9a6f2c,0.0025760927730588,162.77999999999997
e0a4f2e1-0959-47da-a17b-2a98642ce594,0.00231564696978075,177.77999999999997
607e324c-a896-4219-bebc-8a1e76c7c700,0.00225243582182725,180.77999999999997
9d1ca108-19f6-41ae-99fc-a3679ca9c932,0.58298461088255,197.77999999999997
a3ea11b0-a78b-4eb6-8278-fd57fe382e9a,0.00260792555588335,159.77999999999997
dc75b2dc-7682-4a53-91da-9dfd5440868a,0.0017443289687778,204.77999999999997
fbb45ada-8b76-4f0a-b999-75ddf626f78d,0.583492620172,178.77999999999997
7a7a4d4a-9cc0-4d54-ac93-93d14cfc65a1,0.0024820496824757,168.77999999999997
8c60f9ea-ac2c-47cc-a977-8fbc7f3210b3,0.0024377206698,174.78
b3c008c3-740f-47ce-99f5-169a5b7ad6c4,0.00210854679086665,186.77999999999997
8274b19e-3417-4850-908e-a9f9bd5778d1,0.00229899203797425,177.77999999999997
b226382c-f9e5-47ea-a75e-a4a1f3a3f559,0.0022120681945308,190.77999999999997
0f899302-913d-4314-8a59-d26c1c0e58ec,0.0023280504803117,180.77999999999997
4fc9501f-4da6-4ae0-b082-cf3fbf277bc3,0.00271680914853765,156.77999999999997
05eab762-f1d3-4187-bd52-670e88aa8073,0.00220291838240625,183.77999999999997
3da8dcd4-ac54-4e3b-b458-570d7c9c6e4a,0.002281091201146,177.77999999999997
db13486e-6e3c-4d15-9e3d-66d484634841,0.00221167940348625,186.77999999999997
891449c8-0aa1-421d-9ab6-be67a2d16b10,0.0022716134708351,200.78
29ad9bd5-cd1d-461e-ba0e-e311bc524a5d,0.0022226509290576,183.77999999999997
8747b9b1-74b8-4a04-aa38-acccd8b98b67,0.00229945314339255,182.77999999999997
35f0c98c-941d-4b7e-a98d-c23645a7b249,0.00260792555588335,159.77999999999997
88d42ab7-18fe-44ae-abf7-339a9079eb0c,0.0024820496824757,168.77999999999997
73202d08-e127-4961-9369-57049a703f09,0.0024820496824757,168.77999999999997
715cdfe5-43cc-454a-9e29-dfcd51664648,0.0024820496824757,168.77999999999997
f063707d-a726-4663-9535-72745670ed45,0.0024377206698,174.78
24dbddfc-77f9-4263-91d8-26d848b270e8,0.0022506619358554,180.77999999999997
d1343cc3-69b4-4ba9-9918-58503b8573a4,0.00229899203797425,177.77999999999997
22921038-b5f9-4abf-92ea-8dbbd3cfb64c,0.58351938169505,190.77999999999997
5f3b4b22-26b6-4780-b697-0492a3a850c2,0.0017443289687778,204.77999999999997
f44a1eee-95a7-4483-96fc-b2d0c07859f2,0.00271680914853765,156.77999999999997
cd180ab5-f6c6-4711-8889-423c6e1478b0,0.00213652091720525,186.77999999999997
17b63df2-2c12-49b0-bd1f-e7a339d5c7fc,0.002281091201146,177.77999999999997
db676a47-38b8-4a8d-bae7-3143ed302122,0.0019128031188306,201.77999999999997
cc6a8255-06d1-419c-8a4e-6934dc638578,0.0020798722875248,192.77999999999997
c1d228ba-d712-44ec-ae21-bc095696f46e,0.001888934222161,204.77999999999997
a4c7b125-7239-44fe-acf4-2ed2ee0c5ac8,0.0017443289687778,204.77999999999997
25ad77af-b794-4c4e-8565-c91d4b582cb8,0.00260792555588335,159.77999999999997
b7a66172-e031-4057-854e-22903f1f92f4,0.002010615577453,195.77999999999997
3f23b7c0-6806-4c26-9b31-0733e15c8d83,0.00216647820201925,186.77999999999997
7fbb15b3-2fd9-4ebe-ba73-edef180222d2,0.00234709563667045,180.77999999999997
5636a81d-b4ab-4155-93b8-3cc0571f7aa9,0.00224790879330605,180.77999999999997
a83b9664-da68-43e0-b5f3-54dd8e671030,0.58824980665145,179.77999999999997
ce578837-9c5e-4b30-83b6-55c14a4f1dbe,0.0021283029004125,188.77999999999997
72a5dd8a-95cd-4c62-a482-6080040a9ed7,0.0016670124069186,210.77999999999997
4b2beca9-1d62-4927-bea1-6702193757f7,0.0023209997394197,177.77999999999997
447ee508-156b-44e2-9260-92992205f3e0,0.00271680914853765,156.77999999999997
a207766e-75cf-49f0-91a5-eaa7bdf0f1af,0.00207618130510745,189.77999999999997
ed596c90-7cf0-4c21-ae78-613444b59d61,0.0021965691598884,183.77999999999997
20d3fde0-15d2-41b1-87eb-4eee0f541d6f,0.0024155433859816,174.77999999999997
99c04644-889e-415b-b7cd-2e2513661f0a,0.0021475141815731,186.77999999999997
14a84798-4b1b-46a7-bf16-4cc0f0ba3cc5,0.002286715136984,177.77999999999997
241f09a6-1233-4960-9000-498d5c934f3d,0.00224599922390245,180.77999999999997
1de91d76-514b-4219-96c0-94424b5dee6b,0.00260792555588335,159.77999999999997
aced4a64-d59b-4fcc-9a67-0b07b13e9194,0.0020078240835655,192.77999999999997
1735c089-2a58-48f1-88a4-7a58bd32014a,0.0019713664099346,195.77999999999997
05486d29-e24c-4172-b500-310da0e96e00,0.00209472354662025,189.77999999999997
e5a42c2e-7839-4dbe-bebf-06614fce7b92,0.0020691111524219,186.77999999999997
cc87f4dd-7a65-4185-93ec-a2bf9c2da19b,0.00196338426042125,195.77999999999997
495f1e2b-f5dc-44bd-bc8c-fcdd8e9b66bc,0.0019163956173889,198.77999999999997
0510a4a8-bb64-4a39-88b7-2d58c5a6434e,0.0021162575800158,192.77999999999997
8ae28869-2c88-4f91-a5d0-ea491b027f6b,0.0023209997394197,177.77999999999997
c7793864-1983-4955-a77a-3da03a1b0270,0.00271680914853765,156.77999999999997
7d559347-0154-41bf-9d64-2e3e7a07eaa7,0.002136668190179,186.77999999999997
80cabde3-001e-4650-8259-d0ee09c7390d,0.00183062550866505,201.77999999999997
4b943bd8-27d6-4107-90c6-53bf20b53783,0.0024155433859816,174.77999999999997
d107e26e-0885-45b1-aae7-9e81de5b5975,0.002010615577453,195.77999999999997
b8de7ffb-a573-4cec-b2d6-7af4f7b6e751,0.002286715136984,177.77999999999997
343df0e3-f127-4f35-9b34-49bb2c490f6a,0.00224599922390245,180.77999999999997
afac0800-eeb4-4453-b8bd-7cfd573b95cd,0.00260792555588335,159.77999999999997
7a8e2067-c554-4e1b-86a3-256b45b7b97d,0.0020742450650949,197.77999999999997
39764456-05eb-4d38-a7cb-67afbf6169a5,0.001930670261,203.77999999999997
0013c6da-e4b5-42a4-8566-29365e219b69,0.0018467667040465,201.77999999999997
b3fc8690-d012-4f2b-a8e9-14e58d593970,0.00219772741708335,193.77999999999997
43750092-98f5-498d-ae5f-0be6c0ce6566,0.5858738537863,209.77999999999997
35a5fd3f-0a0c-4c3d-87e0-50019e31db19,0.0019894338207683,198.77999999999997
ed82c9ff-6d94-4d80-8fa7-7c9a29c5117f,0.00222836870630355,183.77999999999997
adc200f4-c6da-4822-a3ce-5ccad977765f,0.0024252628978852,177.77999999999997
e3e83cc9-f361-433e-9c61-6a3e5dc2c7ff,0.00271680914853765,156.77999999999997
40db8d2d-e6f8-42f7-a4d9-138beba0e686,0.002354658391988,174.78
b0f2263b-a687-4cc8-8849-b98997cc8bae,0.00391467239635315,190.77999999999997
471a9bc8-2773-4316-b1aa-8622c0288e84,0.0018941971426037,209.77999999999997
f8b24b04-6e67-40da-b7c8-88b9d9ccffb8,0.57822475679285,179.77999999999997
44c97195-8f60-4eea-b1aa-dfee31539925,0.00219496595540475,196.77999999999997
4ac447b8-af4e-4674-9ffe-61873e094501,0.00199924792635485,195.77999999999997
e72edfe0-a57f-45db-943a-aba5b2844938,0.00260792555588335,159.77999999999997
92be6a29-ac8b-49b3-b3f3-fc12e2a98f94,0.0019514650845607,208.77999999999997
56256ab9-84de-40f4-8825-bfb7ae84e571,0.00196313656241315,198.77999999999997
585cce28-090c-4bc4-b596-49110878d485,0.001930670261,203.77999999999997
d7a4b0ef-ceb6-4641-9174-709998c54b30,0.0019619867592876,201.77999999999997
5e82dd9b-3d11-4129-ad7d-952e864d2c24,0.0020742450650949,197.77999999999997
660b1a6f-8e63-47b0-8b7e-1f6ce8d484c3,0.00213334077608015,191.77999999999997
c100e239-4a59-48d2-a854-6839df2f2727,0.00222836870630355,183.77999999999997
4bdc7601-4c38-4e48-8786-52e9c9f32460,0.0024252628978852,177.77999999999997
c370178b-15af-49d9-a171-706aae68b700,0.00271680914853765,156.77999999999997
3ad995f6-cb83-4006-8dcf-bc181c0da9e1,0.002354658391988,174.78
8791dd3a-d5e4-4312-b3df-5df7263f203c,0.00391467239635315,190.77999999999997
b99dd1ae-fc1e-4357-b7c7-397caf8e6f79,0.0018134959918201,206.77999999999997
87b3e559-5b13-4143-a9fe-b576637808be,0.0020742450650949,197.77999999999997
b2499fd7-060b-48e2-8f6f-fcbe097edab3,0.58480309035575,219.77999999999997
557293bd-8b51-4bf0-bf8e-4a6b5b09a98a,0.58269572829285,197.77999999999997
3867e447-0a00-4619-9eda-38f0123a3ae1,0.00260792555588335,159.77999999999997
54c14f9f-30de-41ae-8318-12c9fab5c68b,0.00216902032554165,189.77999999999997
45d49627-30af-48b8-8755-2832bbc15bb0,0.0021084957933913,189.77999999999997
f9844b8b-cdf2-4a55-85df-3214515f31e0,0.00203504356435575,197.77999999999997
6835c978-8be3-4a5e-a863-295cffafe6d9,0.0017631474894313,209.77999999999997
6fd427f6-6810-4b9a-9753-fa61dbf13fe1,0.00208547371318395,189.77999999999997
e6fc8118-830c-4dd2-be6c-38104bf1ef6b,0.00216270329658875,186.77999999999997
e34b8dc6-1eb1-4377-a8f7-805d72d57594,0.5687126959592,173.77999999999997
03a46796-0f7c-45e6-aaaa-1c027cead0d1,0.0020364398207218,192.77999999999997
c67e5e84-c8ca-497d-8b00-f7c682e2fe84,0.00271680914853765,156.77999999999997
3f58aa8e-4f88-40d8-9fe0-be5bf6740a73,0.58243908916675,202.77999999999997
b2831a45-ae38-4a79-9e39-c396a60b9a08,0.00212011088610125,192.77999999999997
0ef46e16-0cac-43be-b4ef-69042ab72cc9,0.0020873301793923,189.78
0d823fa0-d616-43f1-b565-07f02eda974a,0.5809270109171,176.77999999999997
c7a2f6a5-f19c-49f9-b29f-633ea72ac508,0.00191162743225975,201.77999999999997
28af4591-d3a0-4870-88b9-ce84475be143,0.0025548540131169,168.77999999999997
5946d869-2638-4069-833b-dd5dd533c56e,0.00260792555588335,159.77999999999997
87bdb499-18c1-4288-9516-32463c158c0f,0.0020940048654816,191.77999999999997
191ff2d3-9ae4-43b6-9b89-c31a0a87deb1,0.00216902032554165,189.77999999999997
3f1fe81c-604d-4fc8-bb2b-f607c1840e06,0.0020362905507627,195.77999999999997
85d4ecb8-c787-4f30-947e-4ab3dc0e64a0,0.0019022611513077,195.77999999999997
b65b10ca-4e8a-4ca9-b20d-f5a6f0e39144,0.00208547371318395,189.77999999999997
d3ca787f-75fd-42ad-8a32-44001a23a28e,0.00216270329658875,186.77999999999997
fa754cf1-4be4-47a8-877d-9396191d5ad0,0.00203504356435575,197.77999999999997
123ab91d-80b5-4946-9be4-c716eb9fcbb5,0.001883798474169,204.77999999999997
4e263998-c9b5-4776-954b-b768c9214e85,0.00271680914853765,156.77999999999997
099e871d-7450-4b9a-b300-f53ab99d78ce,0.00203504356435575,197.77999999999997
f08375bb-9743-451e-8634-6bd2bd8f0bce,0.00216902032554165,189.77999999999997
0d4e4ce7-0f38-43df-a0a0-73798ec6b499,0.0020873301793923,189.78
d686bb23-2c41-4de4-91ca-0368d53f7650,0.00216902032554165,189.77999999999997
53acb753-bd0d-4374-982c-1cce0e6e8ee7,0.00176231821088815,204.77999999999997
0114a945-65f9-418f-9f05-c4f979b1b711,0.0025548540131169,168.77999999999997
54375d5c-a97b-403c-9cf4-4460ffc8975a,0.00260792555588335,159.77999999999997
9767cf4e-0f2d-4a7d-b0db-a22a4931c719,0.58768341873695,185.77999999999997
5319df9a-5f6e-4593-9995-37cf6c6b8cba,0.00216640574308845,186.77999999999997
e483a2c7-2e04-44a1-bb3f-58ee2a7d576f,0.00191573798574435,198.77999999999997
c74533a3-f834-4635-b828-b136fafb308e,0.002052763282007,192.77999999999997
11a47b13-d59d-4264-b111-f6a879ada7f1,0.00180492269074205,207.77999999999997
795008d8-f79e-4e18-bc2b-060cc58f7370,0.00247575870222855,168.77999999999997
66d060cf-a573-4607-bd5c-97b670cde429,0.0016929441740338,220.77999999999997
9895a44d-20ba-4f12-8753-27785158c52c,0.58345447220465,182.77999999999997
38bcdca4-eadf-4dfc-9091-3af9bc2c1038,0.00271680914853765,156.77999999999997
e218bc4d-2c70-4c91-8bb7-2a4f5f775eb9,0.0022322457889435,180.77999999999997
52867344-037e-4eb7-a3f5-8d7f0b73b9ba,0.00211041473805,189.77999999999997
55f8f1e5-2e21-4c12-9fa0-0024c2443178,0.002251818508712,180.77999999999997
e9ef80dc-a90e-411a-847b-b0a9cf0cb4f3,0.5833080873803,206.77999999999997
4de576fb-f081-4542-ba70-5b13fbfd00ba,0.0021863211422126,183.77999999999997
aab240d9-d131-4600-b40b-cd216c877d21,0.0021627520997475,191.77999999999997
7c526a73-abb1-4258-a0a4-424bb1f51038,0.00260792555588335,159.77999999999997
bed70366-02f9-4c71-a18d-fc3c0d5ddff6,0.002288074230125,180.77999999999997
8cca8d62-030a-418b-9c24-b8f867d612ac,0.0021326571262527,189.77999999999997
42730868-bbe1-4d6d-a3a8-ad63cfcd30b8,0.5873260992576,194.77999999999997
62db786e-e27c-4c2e-ae76-85c453205dcd,0.00215712790916665,186.77999999999997
89bcc3f8-c225-408c-99d3-cd313fd5a503,0.00201685217991605,192.77999999999997
9c91669d-a9aa-49af-bcec-13d4a403f9fa,0.00247575870222855,168.77999999999997
fab7c20a-4cfd-46fc-93fb-2e1f798d0cac,0.58323341973715,194.77999999999997
b5e61e25-90fa-44dc-995d-a7a0c9fcdf33,0.0021881668864044,186.77999999999997
c60ad423-843b-4b48-863e-2e9c906f6f29,0.00271680914853765,156.77999999999997
13aef40c-bd7b-435c-adda-20e9513af33f,0.0022322457889435,180.77999999999997
75228e0a-a86b-4046-838f-02672227de6b,0.0020044885520825,192.77999999999997
aae12db5-43b5-4051-915d-636b5768bd3f,0.002251818508712,180.77999999999997
0cf3da97-abcf-4bc5-aa46-72f4b7a9757d,0.5868805626506,200.77999999999997
82e94de7-2a7d-437a-a985-b4726b0cbb31,0.0021863211422126,183.77999999999997
35f05c75-fff8-4a94-91b0-835dd8bb618b,0.58768341873695,185.77999999999997
28e700f5-4236-4fc4-b2bb-553f148332f8,0.00260792555588335,159.77999999999997
ad39645b-5933-4af9-8dbc-3f84d53f5cc5,0.00185548383482915,204.77999999999997
e28bcc4b-b6ed-46dd-ba86-85d68c070d37,0.00182196472050695,201.77999999999997
bf7ce8ea-520d-4552-b1ae-8c4328ddfd6b,0.00204623747582425,197.77999999999997
16d7abeb-de67-479b-975e-e104b7a2bc51,0.00199320811103235,195.77999999999997
5bbbe738-1550-4d30-9bcc-116efe1df2e9,0.0019185739763838,201.77999999999997
137d0a55-25c1-4e5f-b9ce-116ba3641143,0.00215508210082995,186.77999999999997
4f65f37d-7cb7-44fd-82ad-5d25a25801b8,0.00199305348745265,192.77999999999997
b4993d22-4bc5-406b-b8dc-73e2cebea1ff,0.00206578893555635,192.77999999999997
90d49226-783d-44bc-8203-446b6a6ede5c,0.00271680914853765,156.77999999999997
29e13a45-8f77-4d5a-8e90-fb3ad42eb6f8,0.00222652247191175,183.77999999999997
347a63be-2bac-4327-b3af-1e52547f5a6d,0.58265150241015,172.77999999999997
a742ef86-1074-4f75-86fc-dd3cd6dfda30,0.00223036969311785,183.77999999999997
6963765a-6d31-4b72-94ff-b352610e9eb9,0.0016946909355875,210.77999999999997
f434bd3a-6144-40b9-b36c-21c2a555289c,0.58646066483435,193.77999999999997
2d172600-db38-44cc-94b5-2e478616ffe8,0.0021297979605,192.77999999999997
5c05a47f-7a9f-4ea8-8943-3b18e575f600,0.00260792555588335,159.77999999999997
9cf2e7f7-be97-4d70-9345-6cacdaf6e0d6,0.00198404796802705,198.77999999999997
1368c962-54eb-4352-a5d6-36754216ab1c,0.00182196472050695,201.77999999999997
32554300-a495-4341-aecc-f2b7b74f13d8,0.00185548383482915,204.77999999999997
be033d74-5781-42e5-8a2b-9302512378dd,0.00161498949826335,216.77999999999997
0744b956-1293-45ab-82ea-3f3d6eac6120,0.00197153690056345,198.77999999999997
4a6a38d5-50ba-415e-a433-f2c95358bb6b,0.00215508210082995,186.77999999999997
81886d24-c9d1-4dc0-bd5a-5a35820ecad5,0.00199305348745265,192.77999999999997
b68f66ea-7834-4ecd-be63-426cf6690583,0.00212766054101985,194.77999999999997
fdd10c0e-7f99-4911-b9a1-4526b8a4e8ed,0.00271680914853765,156.77999999999997
eb2cfee4-7957-4eb2-b420-2dc9a8255abd,0.00222652247191175,183.77999999999997
ac9abd02-a2e6-46da-b6e7-564139291401,0.0019615332681496,198.77999999999997
38f8286f-ab92-4177-bdb2-43dbd9e8d1fe,0.00223036969311785,183.77999999999997
8cf3b737-440d-4c7d-9fac-5ec5c4e6c681,0.0017377141028279,210.77999999999997
de533e13-df7f-4672-80bd-56b53356e892,0.00194284768148435,195.77999999999997
88456742-5b93-417e-ada5-4866504317bc,0.00182196472050695,201.77999999999997
e47313c8-790e-48ac-8efb-593819a3ab29,0.00260792555588335,159.77999999999997
743e2f86-e384-4a3d-8ff7-818657883579,0.0019729285865905,198.77999999999997
fbe64117-f705-40d7-8103-7b4d5588ca7c,0.58522116089885,191.77999999999997
11adbc47-b04a-4bb7-bec8-f722b4023f36,0.0022561445253713,183.77999999999997
2be1c6c7-314c-4378-b3cc-76569cc074e7,0.00218515184791485,189.77999999999997
71266a66-92d8-42ca-a3e3-dc911e502c1f,0.00190858578289285,201.77999999999997
67cbedcc-02ec-498e-bef7-499e0b97521b,0.0019638909034643,195.77999999999997
f96a5e02-36d7-4eb8-8396-a2a56cb165f8,0.58414628851635,181.77999999999997
269d38a3-e58b-4ec4-ba7b-ce90b517f5f1,0.5822935932455,160.78
4f1e8115-70f6-4e96-9ade-5799f8f35e8c,0.00271680914853765,156.77999999999997
6b49fbfe-96be-4cac-b977-8065c617e3e3,0.0018503684440674,198.77999999999997
a011a1c3-9f7d-47f3-a879-31f9d774b7b6,0.0024109252377476,174.77999999999997
161dae34-e2c4-4619-bfee-2ccfa3bc1b68,0.00251726192050405,165.77999999999997
4b291314-ab78-49e9-8627-f57cf5da2037,0.0021306414689375,189.77999999999997
c3565c6e-4c20-4e46-ba78-28623a94a022,0.0023674022694091,174.77999999999997
8ce8cfdc-1288-45bf-b126-9bd7ef29ada7,0.0020817502759809,189.77999999999997
49c78cc5-0af0-430e-905d-f0b1e5a7fd76,0.00260792555588335,159.77999999999997
e0ce79df-5bd9-4aa8-ba3b-b8b85b549dfd,0.00189840620227935,201.77999999999997
48fc9fb4-a2b4-4d7f-9732-bc663e67c26d,0.00200110399120455,192.77999999999997
3cb1dd6a-7962-4056-bdb8-38369341068b,0.0022561445253713,183.77999999999997
b01f9390-6a68-4b92-ad6e-85842d7c7ae9,0.0022250639780521,183.77999999999997
fc585596-a27b-4b17-bb93-0a23ddd3789b,0.0022726927767778,180.77999999999997
d7a9ce0f-d760-4258-870a-f83a79dc6ffd,0.00206600141855,192.77999999999997
e020ae00-b553-4449-bfca-dd655057074a,0.0020364009469604,192.77999999999997
01e53700-ec81-43ec-ab85-76454299d77b,0.0020984538628803,189.77999999999997
96c6c2d9-f81d-4170-992c-4d58572021f0,0.00271680914853765,156.77999999999997
1ff78b54-8869-4f29-999f-8e5e97631f5a,0.58522116089885,191.77999999999997
c673ee0e-599f-4a2e-bbe6-8ca76bdc5b65,0.0024109252377476,174.77999999999997
5de014c6-d4c7-4d38-8bfc-9561cddd5d1a,0.00251726192050405,165.77999999999997
12d28189-c5f8-4d54-9274-5031b2afa4b9,0.0022561445253713,183.77999999999997
b965f96a-bc80-43c8-888c-68cec940c240,0.0023674022694091,174.77999999999997
cdecf8e7-3b2f-4891-851e-613b6372f99c,0.0019729285865905,198.77999999999997
9d3909e4-a97e-4666-b077-bc68c22f1f41,0.00260792555588335,159.77999999999997
997f4f35-ef3f-4efe-8448-6e8e53573ead,0.00185037831285295,206.77999999999997
d43d9177-16cd-4389-8da1-eb111041810e,0.0024532493935246,171.77999999999997
0e24b4ac-04cd-4653-bbf0-3703a7327b34,0.00352131879130975,200.77999999999997
4078bce7-b802-4b27-9fd2-7fc12257d745,0.00228758472177815,180.77999999999997
1d897e36-7938-4b58-b9dd-2830d10ef8fc,0.5823450751762,170.77999999999997
0d5dee44-bccc-4d49-8e4f-359e0042272d,0.5183972793029,185.77999999999997
05e6f58e-b18d-4653-9b18-4359ee0d804e,0.00204210548385525,197.77999999999997
4b8d9c29-f3e8-4b05-b93e-9e9a93f95ea3,0.00239437351383765,179.77999999999997
dd842d62-3b92-42c2-8195-ad1e8bf3522e,0.00271680914853765,156.77999999999997
90a2a3b3-c9ba-44e7-a1b0-0445ca3557c5,0.0020722501423588,197.77999999999997
dcf81266-2048-4453-85fc-291931957e64,0.0020822204437723,194.77999999999997
d4ca422e-f035-4016-8fc3-41c7801d34db,0.5834314224729,182.77999999999997
cdc10f04-78ff-4582-97c9-b0432fdc1829,0.0024379451885983,171.78
b496c926-2ee0-49ec-932d-f77c75b91ded,0.5844089256783,186.77999999999997
93b5f5ef-cb59-4121-be26-d0b80b385e21,0.00223473271868835,183.77999999999997
2550cf3b-495b-47d9-a638-4471b2132396,0.00260792555588335,159.77999999999997
9a7e38e4-f6da-4a44-b86f-e7f6b92c7e60,0.0024159609239313,171.77999999999997
dfa68503-40f9-495b-9c48-bf940562921d,0.0024532493935246,171.77999999999997
b2cfecc2-261d-4be1-b856-084255180086,0.54172455869745,194.77999999999997
fed9b613-ffe4-4663-a1e5-181ae6e0a76e,0.00228758472177815,180.77999999999997
2f909b4d-18c6-4e7b-ac04-6a8373ba323a,0.00209543380597145,189.77999999999997
ec608c07-d951-4bb4-bf32-59e878ba1c61,0.00185037831285295,206.77999999999997
047bd382-5681-45bf-8eee-974f2458ed70,0.00196861285233335,195.77999999999997
6f71469a-549a-41c3-827d-f0b8a1674588,0.00239437351383765,179.77999999999997
3e90f38f-13e6-4312-9e42-0bfb69033019,0.00271680914853765,156.77999999999997
fd58f482-c461-4ce1-9c91-555549808466,0.00227802009535455,180.77999999999997
3cbf0cd7-5d8a-4cf0-8805-845beee8f1e0,0.00218329612718445,186.77999999999997
4acdb078-4982-44f3-9c75-0cd74e2b84bc,0.0020374782892534,192.77999999999997
599bc93e-45b4-4820-b7dd-03bfa5198842,0.0024379451885983,171.78
b9de1710-6577-405a-8f03-91c481566b80,0.00185037831285295,206.77999999999997
e17d8884-d722-4bc6-8c00-a3d3417328d3,0.00205105675641465,200.77999999999997
b27dd545-54ca-4b55-9666-73846985f99c,0.00260792555588335,159.77999999999997
23e655f1-522f-41a4-b4a5-d327e3703610,0.00259588022323275,159.77999999999997
35358284-37af-4407-8e8a-1756f60de657,0.0020871354592653,189.77999999999997
c2a370bc-7ed6-4961-ba43-3d6e94916587,0.00212772690460375,186.77999999999997
fa3349a1-5d2c-4aa8-a391-259258091cbb,0.00246432977274825,171.77999999999997
8980b5e7-e26f-48c6-a459-53498ff26162,0.0020159576271818,195.77999999999997
4dae0c8c-cad9-4cdb-9293-10c0aba086ed,0.0018084207191162,204.77999999999997
d124b0d4-379e-46af-aff2-0ee2c97be60b,0.00208377077386725,192.77999999999997
c036f58f-5ab9-4a94-9f25-2653ac27a688,0.0020364398207218,192.77999999999997
0cd46dc2-6577-43e4-86b9-e00c36e66ca8,0.00271680914853765,156.77999999999997
986f7e7b-7999-42c9-a161-d9f3048e3347,0.0017442765927094,204.77999999999997
a75e3c2d-0a08-46fc-bae2-02774d3107c6,0.5817593681768,190.77999999999997
3c95169a-ddcd-404e-a279-00d3ec1bcda1,0.5835592150473,197.77999999999997
eb00fa54-3407-4bf6-81df-6cf0ed399634,0.0022307177376138,183.77999999999997
5ee0049b-6717-40ac-8299-fe311f70ea8f,0.58186461154215,188.77999999999997
5d65cf00-4051-4820-a3f4-777ac08f851f,0.00194944785349385,195.77999999999997
d72e6070-0144-4b70-a969-ec4948572ed8,0.00260792555588335,159.77999999999997
55f290c6-49ea-47bb-8629-5129075de852,0.00259588022323275,159.77999999999997
124f3e97-479d-4007-9efa-653598164a8a,0.0026244832099731,162.77999999999997
e4936bb3-cfe7-4a2f-b46d-72908e824ff7,0.00212772690460375,186.77999999999997
c924a65e-075e-4b01-a007-f5a3aee23a9a,0.00246432977274825,171.77999999999997
e4008f49-7362-4391-91a9-23e6125a96b0,0.0020871354592653,189.77999999999997
a3220d54-7c39-4eac-9474-bca93b8fe12d,0.0019124681390888,198.77999999999997
f32043df-b908-4a4e-8374-67a07e1f91d9,0.002289624902056,180.77999999999997
5ee28079-215f-4202-b9ad-2c0522b22386,0.00230300858830265,180.77999999999997
55f7f383-a661-4081-941c-d4f296ff1b51,0.00271680914853765,156.77999999999997
80099896-d8ab-445e-b62a-750c55be1113,0.0022506413383889,180.77999999999997
4a960059-469f-4e3f-b41e-a69f657140c6,0.00203108048103945,192.77999999999997
5f679987-56d6-45b4-a0be-4173cb7c3785,0.0024867979645248,171.77999999999997
96899d7e-50cd-46f0-b414-b0d867a63d69,0.0022307177376138,183.77999999999997
c4737d88-888a-4756-869f-ba781c9ca1c6,0.00245210038816265,171.77999999999997
e0b4d8ff-492d-4f8e-b551-ad5ef350df1b,0.00239271911605155,171.77999999999997
9c96ded4-fd3e-4204-90a9-e0d43752e8f4,0.00260792555588335,159.77999999999997
187829c7-78b6-4fa1-95eb-ce0445f4246e,0.00259588022323275,159.77999999999997
bf91cf6a-8863-4584-b9c6-1202e663e3c0,0.00243066999758265,174.77999999999997
ada45658-ddfa-42a7-b816-1846f3040be0,0.00221053607777275,185.77999999999997
8ef5a482-06be-4dec-8fdf-9074ec321042,0.58506567751715,190.77999999999997
40f3c5b6-fb4d-4cb4-887a-f43d4fc35a1a,0.58292503108765,182.77999999999997
5aba4b08-1875-47da-893d-da585c1068fe,0.58291932935705,214.77999999999997
88d04f95-2ccb-452e-a4a3-921c08ea5e7c,0.0020598445244573,189.77999999999997
a5b827f0-d65e-4219-9fe4-f8cc0dcea9a1,0.0019835513348832,195.77999999999997
5bcead23-820d-4277-b575-1ecf8879764c,0.00271680914853765,156.77999999999997
b400e40f-48a7-4f95-84eb-e8f4c7a68bd1,0.00219113354410975,183.77999999999997
b040e164-fbaf-41a2-88c0-4cc70e5ebf1d,0.58169867589025,208.77999999999997
f4c61f38-8f6b-4bc9-8a51-05f046325d70,0.00189757633365045,201.77999999999997
0db709f7-0fb8-4138-a670-9c52d01090b7,0.00227226369771775,188.77999999999997
ec40bf23-2b85-4871-aa6a-4cfe51df5b8b,0.5845866284993,188.77999999999997
f2315de6-e421-4f05-8a27-31386e42ccb4,0.001988806416225,195.77999999999997
3a8bd005-9181-4320-aea7-dcd53d2a4569,0.0018177989865691,204.77999999999997
4275fe26-4377-4e92-9f20-db0e1cd1fe08,0.00259588022323275,159.77999999999997
4032a3b4-2243-490f-9d9a-76db9a2c8a15,0.00243066999758265,174.77999999999997
e8e7c488-4ca5-4375-ae89-4a2f9c31aaae,0.00221053607777275,185.77999999999997
f0d55a48-6c29-476e-bb46-5d6b72470a72,0.00214295096096185,186.77999999999997
027e30f7-016e-465d-b24f-744fcb12c4ff,0.00241906546403685,168.77999999999997
b77c089c-a204-476a-995a-b96c0985d804,0.00230822863246455,182.77999999999997
7249783e-96eb-4019-b47e-76acdf1c278a,0.0025979614261378,170.77999999999997
4f7eae56-9471-41bc-82ab-60cb631c937c,0.0025285055128819,165.77999999999997
9a4237be-d9b2-44e2-97d2-8418a37850a2,0.00271680914853765,156.77999999999997
ae6a8860-84c9-4eb7-aafe-b7c24c06345a,0.00219113354410975,183.77999999999997
95fdf5e0-f24a-4107-87fc-f1fb6997ee74,0.00243066999758265,174.77999999999997
1261f770-14f6-4b2e-adc6-6617872e1d85,0.58506567751715,190.77999999999997
7c0c0bb4-131b-4076-8e07-b7725e86c330,0.00227226369771775,188.77999999999997
fbd00eb2-5b72-4daa-a339-96ed852534a3,0.00227366059647,177.77999999999997
18a1b797-b0a9-4a77-9280-83c30bfb5358,0.00235973981950785,182.77999999999997
2537d414-9995-4141-9cd2-892743f8391d,0.00231434314530335,174.77999999999997
065a3415-9dd8-44f9-a8f4-a4cf153f8e60,0.00259588022323275,159.77999999999997
41b6de98-8e63-4113-a3f0-04205cd89b93,0.0020986689374535,189.77999999999997
84c7d527-3ef6-41bc-a2fc-21dd7a10c01d,0.00222866742958825,183.77999999999997
fc47c8ff-7779-4919-8726-3e4a0b47b034,0.52888942939225,188.77999999999997
1fa17dfa-5c69-4ba1-b422-5ea2541767e7,0.00234639456635415,174.77999999999997
647d9809-5fd0-46ba-bec6-a1769156b200,0.5787531504116,185.77999999999997
f95bd596-e91b-4676-9397-91f7d341eeb6,0.00232579446206835,180.77999999999997
ca30d653-1e58-4b8d-9031-0d844e3ae65b,0.00213440112929825,192.77999999999997
bcfaacd6-cbce-4801-bbd1-abca8b3f79b6,0.00271680914853765,156.77999999999997
c3ff099b-c2c7-411a-8ffc-25365b02c054,0.0022747573524648,180.77999999999997
a961efdb-42c7-42f1-a3d4-96045582a60d,0.00207676595458545,194.77999999999997
d960603b-8f55-4f92-89b6-297fc18d68a7,0.00222286339240145,183.77999999999997
6ff3d400-4077-4e17-b5d6-cd612b488186,0.00222996382864285,185.77999999999997
80173fb8-97e3-4d3d-b3b1-af3f8987a59d,0.00207924223269075,197.77999999999997
4b434ccd-1b07-4212-9b7f-801aeba11d93,0.00169089276225285,207.77999999999997
416c0dd5-be64-4d7f-a051-48a0b00c2c3f,0.0020610056568372,192.77999999999997
82b39d7d-1e8e-4847-9802-8b8e6e7dac63,0.00259588022323275,159.77999999999997
013328b8-9a3a-431c-83e7-30e0e4f7cc5a,0.00242605785160775,171.77999999999997
6fa135d5-4e92-4542-ae28-01952ffd4dd2,0.49328802969513,182.77999999999997
87eb6db3-7ded-40b4-b3df-8cd9ba433c31,0.00259588022323275,159.77999999999997
f709338d-5cff-4483-8c98-bb06d9afc172,0.00234639456635415,174.77999999999997
1eaaa12e-bb3c-4c87-848d-fdab06abd192,0.0020986689374535,189.77999999999997
60482689-419b-4c96-b04c-7f08277d93ec,0.00232579446206835,180.77999999999997
de3f9bfa-c9c2-4215-a52f-9ea920a3ba64,0.00220441974819695,186.77999999999997
32f99505-b3d1-448e-b1cc-db4b4586d0a7,0.00271680914853765,156.77999999999997
5303e1bb-1a31-4ac5-ba3c-dcc48cb40bd7,0.0022747573524648,180.77999999999997
a64e9f43-db24-4102-8ca3-b9c8efb7d12a,0.00220882270908725,183.77999999999997
53041ba6-4d60-4b25-99af-a471d3c3d138,0.00222286339240145,183.77999999999997
c6b35db0-1552-44bd-a9b3-73dc38632e52,0.0020986689374535,189.77999999999997
2aade5f8-2132-4260-bd8d-ebdcea02abcb,0.0022503202059539,180.77999999999997
9afa4910-9f48-4d40-aef3-257ca6ec6f4b,0.0023956569035701,174.77999999999997
dc6b5405-6928-41be-b3fd-b35d5858b30d,0.00234639456635415,174.77999999999997
112c5342-8fc0-4bcd-95ba-9e9f885b0143,0.00259588022323275,159.77999999999997
f39fb82d-dc42-46c1-8f90-fa837797e618,0.00209471063522785,189.77999999999997
d8df9faa-1b78-4ed9-8fe5-b4e230608cf6,0.0022949374670811,182.77999999999997
56aec1c8-6ebc-4508-bd4e-e96d11a3d0cb,0.0021233146361488,189.77999999999997
15c0edbc-6f91-4af5-9825-0f7f6793d130,0.00214459729830165,191.77999999999997
767ba3ca-c663-4f48-9884-cff28ca258ad,0.0020949758875709,197.77999999999997
699fc2cc-8e60-4bbc-8517-260bfcf3f4b2,0.0023713793793629,171.77999999999997
68d619e2-6f43-4cc1-a100-895aa838afb2,0.00173915073005795,212.77999999999997
99d1cfb2-3db5-4ea1-bda4-0ee10fae556c,0.00271680914853765,156.77999999999997
5269c356-6ef8-4df8-9bdd-5aa96c22a98a,0.58310490936955,172.77999999999997
b696cafa-3239-4555-8100-47dee51faa7d,0.0017996956607027,204.77999999999997
d3f12ad0-5f83-4680-84e6-b9087d88d647,0.00199398032691525,195.77999999999997
b11b3073-2ba1-4bda-ae0d-f31322b34bfd,0.00235918069945785,177.77999999999997
a6deeab8-c010-4c40-a333-8adba975b544,0.00216685740666995,191.77999999999997
0a575be5-6648-4ec3-afcd-d4298ee959d9,0.0017453891838699,207.77999999999997
d56d0af9-de9d-4a4f-b40e-e4df98d84d20,0.0021747474286779,186.77999999999997
