SimulationID,AdjustedLatency,AdjustedNetworkCost
57faecfd-5ef2-4a44-96b9-e981a42c01ce,0.58750156912975,210.78
071b533a-b28d-4bb7-b727-3a20bac5427f,0.58854872851715,194.77999999999997
5f4b4c4c-f4fe-4059-baac-b5c829a639bc,0.58330288657085,220.77999999999997
7ad3be42-6a12-4167-a3f5-023d35cc1689,0.583228973778,243.77999999999997
77bfa791-2be6-4aa9-a5e3-71c96be0408b,0.58596104461145,243.78
db5bf4d6-7263-4bdc-ae1b-8c1ea41aea7a,0.5844873844895,209.78
4fa2d9a1-3faf-4867-917a-65de0edf93e6,0.58644446990685,267.78000000000003
db1fce09-079d-4f3a-b097-c89e0771951f,0.5843748843506,201.78
6a7481e4-73f4-4681-8344-d7fb7a9a7849,0.5801905764197,233.77999999999997
2465c72f-fd4b-4a77-ad36-c6046f3452bb,0.5812023325124,221.77999999999997
52b5dfab-6db6-4683-acef-2ce12320781b,0.586141712765,247.77999999999997
67255064-42b4-4171-9d0e-12b8f1217781,0.5837939265064,214.77999999999997
8c0e2a5a-6343-448d-b462-f62181e70073,0.5858181698379,249.77999999999997
fc40dd5c-d43f-4f01-8b5f-afdfafd1f136,0.5844277851746,229.78
66cce6bc-161b-4bd1-8f0e-5704a55855ca,0.58529193722845,261.78
6b75554d-b7c6-4f7a-8aa0-3500b8d621cc,0.58165350305705,215.77999999999997
a13ccf96-20d9-424a-8f62-0aea6e32c125,0.5883663804524,201.77999999999997
b4abf930-37b9-4ce3-81fe-e7058142cb51,0.58854872851715,194.77999999999997
f2ca45d6-63dc-4b92-9951-29c192efa702,0.58262778638155,202.77999999999997
c091895e-c5ec-4b6c-b3c5-b0d8fa67a561,0.5858598280585,182.77999999999997
82b902cc-b9dc-4bbd-944f-89074b7ca746,0.58407445305895,203.77999999999997
ef658fb5-2375-469e-b22f-6da495204077,0.58573028576745,183.78
c81e79c4-1abc-4db2-b321-91754ff81d22,0.5811639318277,202.77999999999997
713b412b-f035-47fe-a353-cbfde8bdc941,0.58381282529295,183.77999999999997
ce1f2015-b15d-4cca-bdab-b8ffe895b135,0.5880219762412,198.77999999999997
d9b00636-480e-4dcd-8de6-7adbe78e4f73,0.5851453139667,180.77999999999997
e7a80342-feb1-45a0-90c4-911ad6ce23cd,0.58431457671765,200.77999999999997
3e7ab82c-f98b-4209-8fb5-d581aa26a43d,0.5871663017649,197.77999999999997
f7b0144d-aaf5-454d-8865-24b55183d226,0.58334413860675,226.77999999999997
da178eea-2e81-4ba2-b62d-cdb1b1d20235,0.5871532501432,185.77999999999997
4219a7c8-788e-41c9-8075-7e6aa352d27d,0.5844153408966,223.77999999999997
d7280bcb-adb6-49b6-9eeb-ce3450791102,0.58449578330795,185.77999999999997
54cba4db-90b7-449e-ad9d-3f511a85e267,0.58601238035,175.77999999999997
06357736-0de2-4683-9073-f623531659aa,0.58522218851135,178.77999999999997
0a4b9556-88c0-4132-a8a1-14840c7f55f6,0.58574733020625,192.77999999999997
84e72d11-7c42-4730-808f-0947ac2793df,0.5864986563315,176.77999999999997
583ee362-b8b6-4fe0-8074-e672f3aac353,0.58809680698215,174.77999999999997
d63109d7-5935-423c-b2a0-3d778b60c442,0.5854619392471,192.77999999999997
7493cbb7-2aca-4978-9e3a-b76d7571bce8,0.5859965032106,176.77999999999997
ce4f3357-0716-496a-b498-00cd869486e5,0.58496794390415,180.77999999999997
78774521-d47f-42aa-b159-fbef48ffb1e6,0.58631126114135,185.77999999999997
e34c6c41-9ce7-4b8f-8fe7-1edd9b0dc7f4,0.5835162822407,190.77999999999997
c4b0eb54-ee5c-4b7b-a101-8c1205dd5fe6,0.58057956614395,179.77999999999997
08636d95-b8af-4c0b-a452-b48f69ecbfff,0.585807317947,181.77999999999997
c1419225-820c-4a4b-9650-ae3151448be9,0.58521530842795,212.77999999999997
ebd045ed-65e8-49a3-b6ac-1e9a5c1b97e3,0.5846104675059,163.77999999999997
99684359-9009-4e56-8051-37631505e8dd,0.58442592630415,191.77999999999997
a6927ec3-05a8-4938-886f-308b01ec97cf,0.5866525300486,175.77999999999997
9aee0794-fd44-4f71-b22c-e5e76f4aa834,0.58500591597525,180.77999999999997
62b2696d-80b6-4068-b9bc-0b9783e7cdfd,0.58421788484675,166.77999999999997
d39210b8-f774-4e9f-9039-51144e980f29,0.5848049573444,177.77999999999997
121fd28b-c72a-48f5-8bd0-8483959dc5ce,0.5839053259242,163.77999999999997
501d8389-85e7-46a8-96b5-8d6f5a370f7b,0.58314419043275,173.77999999999997
7b846998-a669-4650-b833-b076e0e22a8c,0.58563701754295,176.77999999999997
38da4d45-4cf3-472d-95b0-86bb6534fe09,0.5827172705473,165.77999999999997
050480d2-5913-46ab-bf9c-2eb731576015,0.58335673463565,174.77999999999997
1e879b66-5e3e-47a9-9fb1-8f94cb1d49ff,0.58347183710535,186.77999999999997
104deb12-4439-485d-90de-da8fd21b5af2,0.58654072984125,170.77999999999997
078fc714-76ed-40b0-be32-81495ef88c49,0.583944435969,156.77999999999997
7b4b6254-ec20-4151-a8a0-219b9cbc204e,0.5836533264346,175.77999999999997
b865fec0-1eb0-48ce-8a0e-4586a0fb5f82,0.58510109903535,183.77999999999997
315e0a94-b772-4aad-9770-ed22f7a87435,0.58292120618625,162.77999999999997
8a0fc999-4f1e-4eec-92a9-0b5c8bff6a37,0.58338492197975,169.77999999999997
7b03f5c5-87c4-4008-8b12-be9f3c520fe3,0.58468450804585,164.77999999999997
7ccdf023-afd9-4c34-8679-66f0f06107eb,0.58656526284685,176.77999999999997
60df195a-c61e-4248-b17d-341fac2870a2,0.58368327314525,155.77999999999997
5fae28e9-2943-4e61-944c-60230e6d3346,0.5868273356889,172.77999999999997
2e457f8e-f138-4707-9825-4dff036a03f5,0.5847733126946,159.77999999999997
4169f269-b5ad-4cb1-a35e-e652b8059e33,0.5869227642192,174.77999999999997
2303621d-5cf4-4dfa-8805-772bb6d90c01,0.5850960429994,168.77999999999997
f8c18655-8cbc-4207-a0b6-f2f0438c825c,0.58375375933675,164.77999999999997
93820b6f-0ef5-4dd3-a90b-cd078e66085b,0.58646543249395,175.77999999999997
5b0eb2f3-5639-4ac2-a880-73081da5b1a8,0.585900848964,179.77999999999997
2cbd8e99-926b-4efe-910d-60077ea58237,0.581335808864,157.77999999999997
4e24168e-e2a6-4920-aebf-87013cada522,0.58760960455165,168.77999999999997
f568347a-4e6d-448b-b98c-661cd55cf2eb,0.58077957503075,157.77999999999997
58307a34-7f5d-4593-82e0-bf53f91c3f3c,0.58483442177905,169.77999999999997
6f1439a4-2c57-436c-8035-76cca39b4cda,0.5826784863925,162.77999999999997
0b7a6459-5149-4da8-810d-ea071e2e647b,0.5883730755627,164.77999999999997
5304074e-dd43-4930-8595-31e3ee2f9c2b,0.585927851869,165.77999999999997
27800e71-b858-4d3a-ac57-0e7a486bb3b0,0.58506481137615,188.77999999999997
156e4fb8-88ee-40ad-845d-0559bcc7d5e5,0.5850488502759,162.77999999999997
d25a491e-e6e1-41fa-aec5-8f2b127a02cf,0.58337034810755,165.77999999999997
ac351184-18a5-4677-bf50-6370ba3daae6,0.5812469630951,162.77999999999997
3646b0e3-22a0-4a45-9a88-a10e7593ec63,0.5833345948022,166.77999999999997
c03b8f28-897c-41f8-a85d-4ce125cf3c8f,0.58362255296435,173.77999999999997
cdca68ae-ecb4-45e9-b42d-62e0a9e410a7,0.58433074084045,178.77999999999997
6c14acde-5b59-49b5-81bb-f38c7b47840f,0.5831505852487,177.77999999999997
b1f58b01-666c-44ca-84e1-0a22e8f043d7,0.58654166792775,159.77999999999997
83ac145b-0b68-4815-b01e-051366f67402,0.5866894499917,160.77999999999997
aa5ffd91-48fb-4d38-b751-d7f28e7a2d3b,0.58599780024465,164.77999999999997
afad92b4-ec13-4396-8aa8-a8277215877f,0.5870590826325,172.77999999999997
736d5c5d-bfdb-45ec-9100-5fdc77dd1d7f,0.58740645913665,158.77999999999997
4c9f4cf8-be40-4df5-b170-a5d49843ae39,0.58174208914655,161.77999999999997
8cdddbbb-cdcc-4e06-961f-0daf0caaffee,0.5831206856175,158.77999999999997
3cabcb74-2cb1-4299-809c-9eef9251b0d2,0.58566612639385,157.77999999999997
d31e49b6-a5fc-40ef-9065-6ae999152331,0.5840082989206,181.77999999999997
d572ab3e-0792-4204-b92b-041ccd8a3ed2,0.58650538834715,148.77999999999997
a2fd34dc-1d70-4c40-9fd9-f29a94a21222,0.58716661891835,162.77999999999997
ca00fcb2-89e0-4dc0-a736-ced851f19c55,0.58644615450655,157.77999999999997
a8665f4e-0046-490b-8b53-72452800d034,0.585890091894,163.77999999999997
d339337d-ab49-4a6b-9641-9bda74f801ad,0.5837726863209,169.77999999999997
21972a96-a576-42c8-b57f-ead7eec50a39,0.5829690793261,157.77999999999997
bfc15eea-831b-4b09-beac-ac0255aac3db,0.58483682219475,176.77999999999997
64e95f6b-bd61-4a32-80df-4e128119700d,0.589036719293,162.77999999999997
fa9519e0-25c1-4ceb-ad52-47513e12e8cd,0.584468172452,166.77999999999997
3eb739bc-5043-4f74-9e64-208c1c30cd75,0.58681570179935,167.77999999999997
c606eec8-101d-4227-96bf-8baea832cde0,0.5870590826325,172.77999999999997
fd564191-1681-49a7-8122-d6769997877a,0.58682335484295,161.77999999999997
cfb0b323-7199-4fe7-94cd-5e0cb710d951,0.5824609528236,152.77999999999997
99ba8dea-4bcd-41ce-8b54-0b9767e005d5,0.58374152190105,166.77999999999997
8bf874e4-adf1-44f7-9cd8-8ead86a4faf4,0.585893535353,169.77999999999997
50c9a38b-e30a-4bb4-a623-ac5aa47b0312,0.58722918340035,177.77999999999997
fad02de2-1a05-4c7f-b03a-bfdbb618adff,0.58816203922335,163.77999999999997
43e95097-0db5-4c3b-b3d0-430e5794a8c6,0.5859749392233,158.77999999999997
b115d827-f71e-4537-98f4-c580dfd6e5a3,0.5864867910988,156.77999999999997
c17ef075-0970-40c2-8457-fbbbd104876d,0.5845583737361,164.77999999999997
529756ef-3096-46c4-9e2c-9dea647c1228,0.58646462278675,175.77999999999997
f2a9084e-8cdd-411e-982f-0362e4fb3a55,0.5853855346349,154.77999999999997
57bc3a78-fb2d-4439-b0a6-60906aa9368d,0.58806945504735,178.77999999999997
79e2bb9c-f368-46b6-ad75-d3c6cf08ac19,0.5858896034061,151.77999999999997
e44edfdd-5d81-49f8-8ccd-e7da2418a6df,0.58380006571455,161.77999999999997
63c812d9-1097-4aed-9e0b-ddcb161216be,0.5831687006023,163.77999999999997
1095c146-a45c-433a-b080-00400134f504,0.58591134726995,165.77999999999997
6a3c781a-7276-49ee-bc18-cda08564e8ad,0.58685692152825,161.77999999999997
a2128960-01aa-4ef1-a088-f1ca2e7e8975,0.58650538834715,148.78
c80acb13-2512-47be-b5a9-1ae9bd731e60,0.58581707169795,163.77999999999997
cad71580-13bd-468c-abc7-e90d4df2e4f0,0.58639598992075,167.77999999999997
6bdb5502-2842-43cf-989f-819823413fe5,0.58918697434065,177.77999999999997
dc203549-4e8d-4b5e-a49d-b549d22ec08e,0.58816203922335,163.77999999999997
9fd509ac-9f3c-45b6-993c-f960ba9fee1e,0.58816203922335,163.77999999999997
e32e4177-09a1-4b25-849d-af4b68a251ac,0.5881542251015,151.77999999999997
4bbea374-52dd-46ea-b469-3f12c8825320,0.58421527618875,155.77999999999997
de68da5e-7f81-4afd-ae28-576335ad9a53,0.5815255176012,168.77999999999997
2c4251e5-8044-41f9-9cfa-cedb2d80f5e1,0.58788465580575,153.77999999999997
57b06f09-7a10-4616-8e92-e609d81d0cbf,0.58806945504735,178.77999999999997
7f4d43ee-aa93-4d08-a904-dadfb8675666,0.58617460723415,143.77999999999997
6676a8bc-a1c4-460e-b13a-6596498ed4ef,0.58581361629915,157.77999999999997
3219e977-4a70-4dc5-84db-29f0adbc40f9,0.58681570179935,167.77999999999997
29a5cb13-1c8c-445f-b0c5-4cc656539f5a,0.5864357613131,161.77999999999997
7cf269c9-827e-4973-9ef8-4b3d6b62233d,0.5866518716243,160.77999999999997
5667879f-90fa-4d51-bc7b-6a08897930c3,0.58788465580575,153.77999999999997
633decbd-268d-456e-b6b7-d4de408d84b7,0.58763320211705,164.77999999999997
7dc027ae-2e82-48ba-9843-8ef9046551ad,0.58758298312125,164.77999999999997
220ccceb-3b29-492a-a65a-8b3b68ae82b1,0.58755595019305,170.77999999999997
a0a89764-106d-4f00-8682-0e8574de26e8,0.58854268542955,158.77999999999997
92df4721-c1d4-46a8-80c7-007161cfb060,0.58650538834715,148.77999999999997
57c6f8c3-94a8-4609-a0e2-4ad077dd5106,0.58619079855985,142.77999999999997
c45053f6-f52c-407b-ac2c-4628a84d63ce,0.58353507802435,147.77999999999997
68a37d22-eb71-445d-8c44-dab21f9663d2,0.5831687006023,163.77999999999997
0c4700b9-c435-41d5-834c-10c916c4ece3,0.58650538834715,148.77999999999997
91f5fde7-e797-42ed-b8bb-17d9c65bf7c5,0.5858960633637,163.77999999999997
ef4b1153-cd4d-455b-83c3-1532be812997,0.58570016773815,142.77999999999997
9098b205-99e2-4f48-bea7-25403f7b7f9a,0.582278292746,151.77999999999997
21cbdad8-1304-4f3c-b1a0-dc0e0fa7f939,0.5837661615607,161.77999999999997
f608ef32-d1c2-41d3-8cfa-e4bb3b297ff9,0.58816203922335,163.77999999999997
88dce7cd-cf41-42b1-a0ac-0309134cbba1,0.5877559543186,158.77999999999997
b25f8f02-6944-485f-befd-c918a5233a58,0.5859440044257,147.78
7327102f-4d7c-4d96-92fa-4e421dcf44cb,0.5838818057606,160.77999999999997
b5db5ac1-14f6-4988-a067-1c0e5e4f6267,0.5849288172639,154.77999999999997
08267cb2-7f47-44db-9ea3-89aba912c282,0.58731973700475,162.77999999999997
9f9d6079-513e-4e8d-9721-7b906fdfa4cb,0.5859440044257,147.77999999999997
68f429b2-0793-4586-8f64-3b449ca17e49,0.58570016773815,142.77999999999997
a0023dab-495f-4d3f-87cd-aef501b9e7a8,0.58667679866655,145.78
7c4b0644-7f26-4c41-9ed8-418a60211d7c,0.58645945092965,143.77999999999997
31314b6b-8247-4d13-9b2b-b1c62384968a,0.58458890085175,156.77999999999997
f6305086-17fd-45a4-8011-f165e98fb92b,0.5859440044257,147.77999999999997
943339d5-f298-4874-bb16-58291e0b41d1,0.58846527296145,155.77999999999997
ce0f3fa6-adba-4866-a2a8-be95aa18f547,0.5859440044257,147.78
9554670e-85ba-4e98-8a8a-c6e3fc495648,0.58732649110405,158.77999999999997
16ce7d2c-26f1-433a-8e0c-1fc8d3ef8996,0.5851067454699,162.77999999999997
e712b4b1-c114-40df-a919-774bd4d9bc5b,0.5849889529768,161.77999999999997
46d9c0c5-456d-4651-a7d9-6862f5eb93c8,0.58481349143715,157.77999999999997
edfe0b90-6746-418e-b86c-ebe148d70b0e,0.58847878512755,145.77999999999997
da0e8247-0a0a-44f9-8c85-9b26fe1e8fbf,0.5873298182501,162.77999999999997
1b6593dc-bcb8-4d2b-af79-2c82736a02df,0.58555466814025,152.77999999999997
aa4d1eca-b221-44b7-9a71-94a2d5e377ea,0.5853167896663,148.77999999999997
0b35f184-0183-43bd-b7b3-b5f7ec78bd7f,0.5867369574815,152.77999999999997
1930ebbb-2af2-4770-be50-d7861e35d426,0.58570016773815,142.77999999999997
fcc0cdfb-d973-4de0-b0e3-e09fabc1ab0d,0.5817227797065,142.77999999999997
254ea052-5efe-44ee-8d6b-b8392fe1e5fe,0.58570016773815,142.77999999999997
a25f4de2-3d85-40f6-9cab-7ebd0dc1dc43,0.5867681470596,151.77999999999997
9402e7ce-6f3c-47bd-adb3-7fde4c71f9b0,0.5859440044257,147.77999999999997
4abf8724-8620-4698-8453-ee993a62676e,0.5857465285066,145.77999999999997
705e7adc-2089-48cb-b32c-ae9b2b1a53a1,0.58570016773815,142.77999999999997
8b06196c-01ca-4e96-9e35-c349fdcd2e81,0.5870819726947,150.77999999999997
9d887f88-7b84-467c-bc94-61e3c77f4512,0.58580694965925,155.77999999999997
9ee55481-3fd2-49ba-9c5a-a357bb56a00f,0.58491414003975,157.77999999999997
e7cf5120-f4c4-4594-8091-91f009fd9abc,0.58463079032145,147.77999999999997
9f66dc37-c611-4539-b1e1-b8be55217694,0.58570016773815,142.77999999999997
995bf5c5-0568-4de7-8466-528cef552e37,0.58443262894605,156.77999999999997
c45b41e1-81b8-427a-a93d-48f045aae31d,0.5850042497811,146.77999999999997
b2cdbccc-baf6-4623-9633-6f0ae24b99ab,0.58645592361675,140.77999999999997
eec0762b-96b8-41ea-96e0-cbb1afcefca3,0.5867369574815,152.77999999999997
c356258b-de44-4a5d-9c75-6a7e10158449,0.58570016773815,142.77999999999997
ed6fbb64-c15a-4406-99d7-531007dac03c,0.5869742883458,145.77999999999997
d632a601-4eea-48a2-91dd-c73f45a1fe0a,0.58570016773815,142.77999999999997
772477b6-0f12-4c3a-82ed-1da8bc4a3481,0.58667679866655,145.78
ea8d8a56-45e8-46d1-a277-23a04a1bc138,0.5859440044257,147.77999999999997
d450b6f8-490e-4818-85b5-d6c17b6a471d,0.58470690887445,148.77999999999997
c379304d-f3e3-4e1e-9120-b36a257c69af,0.5817227797065,142.77999999999997
180e7150-5676-460e-8cbf-21130a96aaae,0.58739012342085,145.77999999999997
605e4cd3-43b6-4caf-813a-015f9106bb0c,0.59002454566655,165.77999999999997
aea56c71-443e-4e29-9437-0f41a7327269,0.58667724677255,167.77999999999997
6d06f292-fd77-4185-905b-4bd93bf10f75,0.5845661534236,139.77999999999997
60506422-8990-4faf-b14d-13dd60566e2f,0.58570016773815,142.77999999999997
5e1d6a91-9d96-436c-9bb8-35c0d5e6ec65,0.58681698320275,142.77999999999997
0a614096-a533-469f-b3c5-18d7fce5bce3,0.5860824059962,151.77999999999997
ca057371-ceec-4028-8490-0a1cd426a58c,0.5886827917553,133.77999999999997
65f15cbd-f014-4693-adab-4f7d63d5043f,0.5867369574815,152.77999999999997
4656cada-8c8f-46cc-a8f8-c14db9277159,0.58570016773815,142.77999999999997
d7557650-ac7a-45b9-8a23-3530354a9022,0.5845661534236,139.77999999999997
0503d910-399b-40a2-9bb3-58a852a03da5,0.5845661534236,139.77999999999997
e9111773-3d76-485a-8504-9ced78a471dc,0.58570016773815,142.77999999999997
5d8f5ca2-d3c0-43c2-aa26-8232f095b09e,0.58570016773815,142.77999999999997
ae3c8c76-a594-4d8e-98ef-019150d64b96,0.58722437531715,148.77999999999997
8324237b-bb72-4e96-84a9-af4539c27af7,0.5817227797065,142.77999999999997
d401340f-2494-4cca-b6a9-a6ce2f17f238,0.5884363812803,150.77999999999997
23381ceb-dfcf-4c83-8815-71c0bada8340,0.5837661615607,161.77999999999997
04e150b2-5b81-4a86-9ac5-f3d6acd2d3a9,0.5874861731407,160.77999999999997
b3564cf2-d08e-42b0-92b9-89cc217bfce6,0.58619910940675,140.77999999999997
ae54db12-9984-483b-a36f-9f4af78145af,0.5845661534236,139.77999999999997
1467af2e-e764-4d5d-bf83-a1524c876981,0.58753401642235,138.77999999999997
ddf15839-9a59-4746-b683-a785be7ede8c,0.5860824059962,151.77999999999997
32705ac7-d1f2-42ec-a7bf-536bf846fac7,0.5886827917553,133.77999999999997
745751b6-018c-4b8b-bde9-42ab76b9d6ce,0.58645592361675,140.77999999999997
2329b7d5-cad1-4ade-82b8-c2f3cf668048,0.58789074328375,133.77999999999997
3b651d58-88e0-433c-b6c9-ce3a756a8f05,0.58789074328375,133.77999999999997
301ee137-959c-4d36-88e3-ff4ef0cac62c,0.5834634214561,134.77999999999997
5896b76c-55be-450f-bdf1-a2d35f8f2c7b,0.58789074328375,133.77999999999997
ca98beec-a2e2-4963-9f3f-336bd31ad0c6,0.5870665503275,134.77999999999997
91bd3a97-1b1a-444f-b9ae-944224aceae4,0.58734548359645,138.77999999999997
9d9cb841-b5ed-4697-bcc9-fc2add7ec2ca,0.5870665503275,134.77999999999997
312811d6-f446-417d-b561-ca485105b04b,0.585340735202,146.77999999999997
244bc05f-934c-4c1b-b133-693564bc42db,0.5841200078846,158.77999999999997
01f206f4-5325-4d68-b259-0df3b4256260,0.58548241292045,160.77999999999997
0450ed6f-8fab-4b20-bb8a-338de2567c88,0.58619910940675,140.77999999999997
3c724f2a-b695-483a-bc89-f6c05b0d5d5e,0.58619910940675,140.77999999999997
46e2b225-b594-4aa4-977c-899e42f241d3,0.58879399301835,138.77999999999997
35943714-9f03-48c7-a1f5-46b966b3309e,0.58538181863395,137.77999999999997
6b9d9c3a-2a29-4041-ac8f-e4739066a8aa,0.5834634214561,134.77999999999997
e4b345b7-aea3-4049-9e0f-77323053bd2c,0.5871765415254,136.77999999999997
65066356-642e-4686-85a4-2adfdd1d7b91,0.58789074328375,133.77999999999997
84b07fc6-a22b-4639-9293-4acf97480ff8,0.58789074328375,133.77999999999997
3b07fafd-6179-4923-80d3-c43661c9eb6a,0.5834634214561,134.77999999999997
d6abea64-3a9f-4f29-9b90-3eb9f0565965,0.58789074328375,133.77999999999997
0cea57c4-6608-4230-805c-e6f2178af67c,0.5834634214561,134.77999999999997
41579812-d803-4b31-a817-0cf2c02278d2,0.58552626816315,139.77999999999997
ccfa4b19-575d-4d79-9362-34a82252e876,0.5834634214561,134.77999999999997
f4fa7907-a634-4c12-b5de-0bdcc1cadbb3,0.58552626816315,139.77999999999997
788f0bcf-d9a4-4541-8e7f-4d582e591fb1,0.58486343039275,154.77999999999997
ab335aaf-2d55-4da9-9617-ce67812a6dc6,0.58854268542955,158.77999999999997
a70bc339-9feb-4961-918a-5af26d5926ee,0.5867656362721,135.77999999999997
f9ecb737-8750-4d6a-bc9d-522443862ab1,0.58552626816315,139.77999999999997
994dc0c9-2ab2-4858-82ec-899cc62b3679,0.5845661534236,139.77999999999997
730e7147-c31f-480a-92b8-e01a2e629f9c,0.5834634214561,134.77999999999997
ff823fbe-b0f1-4283-b9f0-99f0e5bf2b70,0.5834634214561,134.77999999999997
fe49c47e-97a6-4449-a312-2ecc6950803a,0.5834634214561,134.77999999999997
09a3ee8a-4e30-4f6b-ae97-5287f59c2140,0.5834634214561,134.77999999999997
8113062f-b316-4688-b26c-d76adda23538,0.5834634214561,134.77999999999997
894fce53-7dfa-4117-bf8e-2a865c2caf27,0.5834634214561,134.77999999999997
7e6fc42f-6540-4980-9fae-d98e1d69f109,0.5834634214561,134.77999999999997
0ec4e971-7b2c-4e7a-ae9c-263634e0dd9c,0.5834634214561,134.77999999999997
a7f1bc81-7be1-44c5-bf87-8887ecb23f6f,0.58552626816315,139.77999999999997
6fa291dd-22ac-4494-a418-bdb30d77e807,0.5834634214561,134.77999999999997
af61d3e5-3dce-4b4c-aa93-123e1ca1c62c,0.5834634214561,134.77999999999997
fe2f150e-c9bd-442d-b97a-6fea938508f7,0.58609220874715,152.77999999999997
8659a3be-414b-4c36-ac85-8ef7d964feea,0.58838673337795,155.77999999999997
f1377bc0-3e7c-4bb2-887e-cd2e53578d53,0.5867656362721,135.77999999999997
e02fc37c-7e49-4315-96fa-346e600fe0d1,0.58619910940675,140.77999999999997
3bca5bac-b923-4bbd-b511-0d6274df1e0c,0.5870665503275,134.77999999999997
646a1c75-6931-4c87-be90-3c8402428392,0.5834634214561,134.77999999999997
161f36cc-155c-4e87-9684-f382ae1cd4e2,0.5834634214561,134.77999999999997
e3cdb930-18d1-43d7-8b2f-8a9dc609b05f,0.5834634214561,134.77999999999997
df720b39-8639-4764-b52f-23f7c119f6cd,0.5834634214561,134.77999999999997
bf628f6a-5871-4cac-a772-d5f3aa036fc4,0.5834634214561,134.77999999999997
5c705bf9-ac6c-44e5-896e-32a499a83fe9,0.5834634214561,134.77999999999997
1956a9cb-76fc-41d6-86b5-4c92950c9bc9,0.5834634214561,134.77999999999997
7cf2caff-cc38-4f72-8560-d55a8feb1922,0.5834634214561,134.77999999999997
09a9251e-5caf-49fd-8215-90098079e217,0.5834634214561,134.77999999999997
1f1e13ae-9173-4763-89f6-bb91d4e4847a,0.5834634214561,134.77999999999997
ec1df5a2-e196-49f7-86e9-6bc2af6f6536,0.5834634214561,134.77999999999997
7b74be85-866c-455d-8cda-09381b58bc80,0.58494373654995,146.77999999999997
312ec0b7-9580-47a9-b4db-7655b07c2a49,0.58787394043665,163.77999999999997
ec34a3eb-b576-442a-9a16-42f2bfc67c55,0.5886827917553,133.77999999999997
6cd1e563-9f67-4d97-88f8-71f937167b1c,0.58619910940675,140.77999999999997
dd425ba2-9ace-4900-9922-53aed23e9514,0.58789074328375,133.77999999999997
24dc4a75-14ef-4dcf-aeb0-34d0e7bc98c0,0.5834634214561,134.77999999999997
3d95c841-304b-49a3-b63d-ea2cbf02e46d,0.58552626816315,139.77999999999997
8903c7cf-f49e-4952-bd4e-14a02e729b29,0.5834634214561,134.77999999999997
05d6d881-3fe6-4cbb-b17c-10e4528b9b54,0.5834634214561,134.77999999999997
eb098c14-1029-457d-9acd-8ea918c5deae,0.58552626816315,139.77999999999997
e360e0c7-c592-4bf5-9240-7396c3b307aa,0.5834634214561,134.77999999999997
1fbd67d1-cde6-4e76-90b1-be964c5acd4c,0.5834634214561,134.77999999999997
0855e90e-002e-414e-9fce-1958333770b0,0.5886827917553,133.77999999999997
b15a2150-fd10-4969-b2ba-3411337ea020,0.5834634214561,134.77999999999997
6e59e296-d249-4d1f-8819-e19e06ba4fc9,0.58552626816315,139.77999999999997
99e54358-2a8a-429c-af09-5f87ad49c8ad,0.5834634214561,134.77999999999997
c2c66599-41ff-46a4-9c31-bbbb96ee4e95,0.58879399301835,138.77999999999997
2c057732-bde7-4a2b-b079-ab7ab044eced,0.5842145653256,170.77999999999997
a5c61f0c-bb59-4380-b65b-9e7319d23e34,0.5886827917553,133.77999999999997
7fa303f8-7054-46ea-9c2d-9de5a3261434,0.58552626816315,139.77999999999997
d1c66a73-ab66-43d8-b837-ce1d0bcc36d7,0.5886827917553,133.77999999999997
1de1981b-85e7-4fbd-afc6-c8aab05ef4f4,0.58433620245115,137.77999999999997
5c16a693-7baa-420a-a9cd-ce9c0c5a87c0,0.58552626816315,139.77999999999997
62cec573-618a-46d5-bb97-7f960d1ebfd5,0.58552626816315,139.77999999999997
ff34ab58-3550-48f4-9b1d-bdbadc6d05f7,0.58552626816315,139.77999999999997
dcce80d6-4ded-484d-bedd-18c835cd25ce,0.58552626816315,139.77999999999997
f4b4b985-5e24-4309-9a21-397edd5b4504,0.58879399301835,138.77999999999997
d51e0423-ada0-42d7-be69-0f2b087b4cf4,0.58552626816315,139.77999999999997
43b8ef10-20e3-480a-b310-f155c33bdece,0.5886827917553,133.77999999999997
511f2ce7-d10f-4480-8a30-116795f1be92,0.5834634214561,134.77999999999997
161af851-d706-46b8-992f-e0935d00cd6c,0.58552626816315,139.77999999999997
49e5d98f-ea6e-4f3e-969e-c8b682fa90aa,0.5834634214561,134.77999999999997
0ea600dd-900d-47de-aa25-4e6d210024f9,0.58789074328375,133.77999999999997
8cd6dfeb-d4e7-4f96-8d29-09e6fb515f84,0.5858264767093,156.77999999999997
12ad66b6-c58e-4aa9-85ae-5e6032395e12,0.58879399301835,138.77999999999997
8356d35d-e94a-48fe-9bd2-ca2073affec2,0.58619910940675,140.77999999999997
21302fa5-758c-41dd-b312-55ea252b23dc,0.5886827917553,133.77999999999997
36a85681-b8aa-43ec-b2b2-e626dd445f02,0.58552626816315,139.77999999999997
3872b1a0-ab48-49f0-b380-f989b2636eb5,0.58552626816315,139.77999999999997
980fdaa1-6380-4e8a-8b36-0f08b579568e,0.58879399301835,138.77999999999997
0082e516-49ef-4349-8024-a8faf908ae69,0.58552626816315,139.77999999999997
be7be891-6c9a-4dcd-8790-93d3cd058bad,0.58552626816315,139.77999999999997
2c2452cb-5133-4bac-b5a9-22c1fa863151,0.5886827917553,133.77999999999997
87cf3749-31af-4d2f-a04a-dd9942e94dcd,0.5834634214561,134.77999999999997
2c6854f1-df09-4346-aa0c-013e000d3ef8,0.5886827917553,133.77999999999997
45b00d06-ab04-49b5-abcc-cc460a791e3b,0.5834634214561,134.77999999999997
317de03d-6875-4b8e-b2be-72982c2e7f51,0.58552626816315,139.77999999999997
3cc61ac1-b4e2-45d5-b56a-6981c1072479,0.58552626816315,139.77999999999997
8b0cf12d-ae74-4d93-9ea1-8da897526bad,0.58789074328375,133.77999999999997
6058831b-b2a1-4904-bf37-77be30d91a01,0.58661361025785,165.77999999999997
95b59a25-77f6-4b02-8b89-ee2968e64ad5,0.58879399301835,138.77999999999997
a1f9aeee-6cac-4778-ba84-31acc472d749,0.58552626816315,139.77999999999997
c7e039f8-3d24-4667-bb12-26bc33a03522,0.5886827917553,133.77999999999997
164a28d4-2e6f-430a-be36-346aefe71c01,0.58552626816315,139.77999999999997
a1b7f0d5-46a9-4e19-be0a-5bbef5a07628,0.58552626816315,139.77999999999997
ad3b2727-d28d-4b55-a8a0-e0696556dada,0.58879399301835,138.77999999999997
788b2fb8-e93c-44aa-9d34-5a2add59791f,0.58552626816315,139.77999999999997
3cd5b898-48c4-422f-a844-823cdcb9f3da,0.58552626816315,139.77999999999997
60a323f0-e21e-4e5c-b4cd-29b57be95289,0.5886827917553,133.77999999999997
42053c81-6b82-4c6b-848d-9d12df53ecf2,0.58552626816315,139.77999999999997
47ab361b-914d-49a6-aec2-f0ca144182af,0.5886827917553,133.77999999999997
fe28ed17-83e8-4dc3-bf4b-de67b4a4663b,0.5834634214561,134.77999999999997
4de4c891-7627-4c55-9273-f5d42a1e17f7,0.58552626816315,139.77999999999997
2db58697-fd85-4a93-ad54-6aa4df73624f,0.5834634214561,134.77999999999997
aeae3fb9-d13d-4044-888b-6345c71c6e94,0.5834634214561,134.77999999999997
dfea0925-94d3-41ae-ae94-30251befb0a2,0.58725560538075,150.77999999999997
b9c2e4af-1f97-4da2-962f-5d1ed88d9396,0.5834634214561,134.77999999999997
3767d06e-5866-4905-8743-af79cf64cbc7,0.58619910940675,140.77999999999997
d761c773-2d05-4110-8134-0fcd11c1a0ea,0.5886827917553,133.77999999999997
85eb2358-a618-4b90-ad1e-4cc2033ad8d2,0.58552626816315,139.77999999999997
f88c0864-672e-4efe-ac91-0103b7d5431f,0.58552626816315,139.77999999999997
8847b9e0-5ee1-4a95-887f-60917bc0442d,0.58552626816315,139.77999999999997
0356e9d7-0c04-4e61-82e2-f3b5ba260733,0.58552626816315,139.77999999999997
eee7314c-55bc-4e99-b05b-161c70f67bfc,0.58552626816315,139.77999999999997
1e76847f-d28f-4c31-ac59-f3d2ef8aaf77,0.5886827917553,133.77999999999997
0cc08fe5-768f-4ff2-94de-b19ce96cf710,0.5834634214561,134.77999999999997
a98b19f8-5a67-4be8-86c2-432c8bc41c77,0.5886827917553,133.77999999999997
3315f572-3336-44cb-89bb-a9874bc40eb3,0.58552626816315,139.77999999999997
b5cc73ac-b491-456e-8b32-1538f9539bda,0.58552626816315,139.77999999999997
e2614d1f-0669-4c77-b2ca-b83d1a2006ae,0.58552626816315,139.77999999999997
efed5e5e-cccf-4639-8328-47fb67181f37,0.5834634214561,134.77999999999997
7503321a-7e36-4a82-a79f-43d8cd7379be,0.58700233283035,139.77999999999997
95fa9fe3-2a7e-4bcc-a040-673fd5058613,0.58552626816315,139.77999999999997
873cbbb5-fa84-463b-a468-6067f4b0adb8,0.58619910940675,140.77999999999997
c1c91e56-d149-4852-ad4d-a180fd37104b,0.5886827917553,133.77999999999997
78360e16-1472-45bb-ae40-ebe7a4bf9bff,0.58552626816315,139.77999999999997
9c0359e5-511a-47d7-859a-8635abda2950,0.58552626816315,139.77999999999997
ae0fa7c1-9128-430b-b7aa-f3c6e9f980d1,0.58552626816315,139.77999999999997
687c2f80-2f0d-453f-a4ac-5faaa9ac7b36,0.58552626816315,139.77999999999997
63a61265-2339-47e7-9be8-f65756ccd443,0.58552626816315,139.77999999999997
7b51f0d0-c8c6-4dc6-9cdc-11e24ea55b71,0.5886827917553,133.77999999999997
7e02ed71-07e6-43ca-b228-31da0e1a4fe2,0.5834634214561,134.77999999999997
58e5f13e-cf18-4cc3-84b7-5a63b22094d0,0.5886827917553,133.77999999999997
ed014718-d694-44b7-8c8b-0092671b9af8,0.58552626816315,139.77999999999997
3af089ba-105d-4e23-9da2-ce048e1f1910,0.58552626816315,139.77999999999997
90359f26-a452-4166-8074-32cebc13a753,0.58552626816315,139.77999999999997
0bd93c67-ea11-42a2-acc0-abd429bc99d7,0.58552626816315,139.77999999999997
7882b3d6-7d4c-444a-82f5-17ef2a5bf063,0.5832004459225,143.77999999999997
063826e7-9d78-49b3-a8e4-1afe863733b8,0.58552626816315,139.77999999999997
772118d5-a9ad-4286-b3e0-1c13d68b52b1,0.58619910940675,140.77999999999997
2737b258-20d1-486a-a024-ceea5e09e049,0.5886827917553,133.77999999999997
eccff4ad-7b3d-4529-9e60-36b5925e3110,0.58734548359645,138.77999999999997
2116bc94-fdef-4a08-b8d4-c65fab6e45a9,0.58552626816315,139.77999999999997
4224c078-58fb-409e-9d3d-6ecdab1f2808,0.58552626816315,139.77999999999997
60682268-69c2-42e2-acc6-ad188662bfd3,0.58552626816315,139.77999999999997
1b10b834-7aff-4c51-a301-1ac7d2c8b364,0.58552626816315,139.77999999999997
ae7b6fc7-b348-4680-8ac1-ae22d1a02d78,0.5886827917553,133.77999999999997
ad5788c8-0428-4a06-b48e-762b376d1ee3,0.58552626816315,139.77999999999997
7436771d-9dc2-4a05-aa03-1f91d64dca76,0.5886827917553,133.77999999999997
ecf88990-f3b9-41a0-8425-b40016b56d85,0.58552626816315,139.77999999999997
01b8bb53-b9ee-4bc9-aaed-acd099de391d,0.58552626816315,139.77999999999997
e01f06bc-9d8e-44e4-a656-48b8e04b8f81,0.58552626816315,139.77999999999997
bb39a823-6db3-4b03-a210-3a13f2209ce7,0.58552626816315,139.77999999999997
f747bb81-c4fc-430c-a4a0-74ff550641f9,0.58433620245115,137.77999999999997
27c14598-fad6-4867-bd69-37f2b8538a26,0.58552626816315,139.77999999999997
827f77e9-6862-4fc3-8b5a-68597117a330,0.58619910940675,140.77999999999997
c1e7fa72-27d9-4e33-b675-a1c97c794f0e,0.5886827917553,133.77999999999997
cf02b0f1-d3ab-433f-a82a-30f252090561,0.58734548359645,138.77999999999997
d25152ba-7824-4059-ba59-099b8173f1fd,0.58552626816315,139.77999999999997
5f8890ea-72a4-42d4-a535-b355751617a0,0.58552626816315,139.77999999999997
96b8a5f2-c111-455a-b7f9-32283d746c2b,0.58552626816315,139.77999999999997
e945afa4-049c-40e5-a85b-7e084c1beb2c,0.58552626816315,139.77999999999997
d902ad15-fe88-45c0-a652-46e807049dcb,0.5886827917553,133.77999999999997
36a763a2-3cfc-4b7a-a44f-c006777648a4,0.58552626816315,139.77999999999997
47b2ab96-23d4-4584-9a9c-b091b8b00df0,0.5886827917553,133.77999999999997
08daf0f0-5783-4d21-87e9-62bf794e4c82,0.58552626816315,139.77999999999997
6d1cd5ad-1249-433f-8eb6-4abf2f5c56c2,0.58552626816315,139.77999999999997
ce438105-5745-48b6-8397-5553815ecf32,0.58552626816315,139.77999999999997
5395ab18-9ca2-45e9-9224-318403c9bf57,0.58552626816315,139.77999999999997
75a4405a-8cc4-4cb9-bde7-11dfb064b5a6,0.5886827917553,133.77999999999997
502ccf13-af32-485a-b75a-f49a8affd54d,0.58552626816315,139.77999999999997
9d1a3e06-b01b-450b-bb8d-a579cd798613,0.58619910940675,140.77999999999997
908ad5af-ebca-4075-8854-cbf6c875dde4,0.5886827917553,133.77999999999997
eef15f4e-ce43-4e35-bb43-b1d8f2430ead,0.58734548359645,138.77999999999997
6cc4a951-f98a-4878-ac6f-1867ee0ec07a,0.58552626816315,139.77999999999997
2edaf226-10a6-4cd0-891e-d262ce3cf2a8,0.58552626816315,139.77999999999997
8e143045-fa0e-495d-98ed-b4484078067d,0.58552626816315,139.77999999999997
87cf5f2c-01bc-42ae-9d5b-ea5de420f2ef,0.58552626816315,139.77999999999997
adcff2b9-b2b0-4eb1-a981-6b3f359f5a28,0.5886827917553,133.77999999999997
b8295d9a-9cc5-4bce-94ed-2731f2d1cf60,0.5834634214561,134.77999999999997
60cdea04-8ea6-4c9c-99a8-8c15f99249d8,0.5886827917553,133.77999999999997
6716330d-99d0-4ee6-9348-276900e8186f,0.58552626816315,139.77999999999997
56199b8a-2f14-45d6-ad1a-5cff510a978a,0.58552626816315,139.77999999999997
dc2b3d48-5365-466b-9065-d4da58401be3,0.58552626816315,139.77999999999997
988b78d3-eca2-4ac4-b865-5280abe341b1,0.58552626816315,139.77999999999997
889a3d84-247e-4845-9efa-f1637abbd218,0.5886827917553,133.77999999999997
3ee286bb-7754-4bf5-a9f5-6b45a8796b57,0.58552626816315,139.77999999999997
8d15d1ba-884a-40ea-a51a-f6ba8d816105,0.58619910940675,140.77999999999997
55585654-9f49-4329-ae45-9b3aba8e63b0,0.5886827917553,133.77999999999997
22d8840f-4ad1-40f5-9f65-065e9d7c1de0,0.58734548359645,138.77999999999997
1e12de77-f36d-40fe-98b8-c537c1e08f60,0.58552626816315,139.77999999999997
c603e69d-5be6-4cf8-87d6-8eaaa87aed2c,0.58552626816315,139.77999999999997
b00d0829-b714-477c-a16b-e90da2c95755,0.58552626816315,139.77999999999997
99fc169e-9f9a-4840-8362-5502aeba65d1,0.58552626816315,139.77999999999997
7351d72f-1a44-466d-adff-3511cd0f4eb3,0.5886827917553,133.77999999999997
5b2bab3f-5251-4103-adbf-163e6709f89a,0.5834634214561,134.77999999999997
55fd7f17-389c-43c1-b788-5229af7d6f76,0.5886827917553,133.77999999999997
aa964d7b-757d-45c0-89a1-ea223a4892a8,0.58552626816315,139.77999999999997
45796fc8-b83e-41b0-b880-37031f3988ff,0.58552626816315,139.77999999999997
fb56464f-5b86-4d9e-a49b-8ebb7f77436c,0.58552626816315,139.77999999999997
8b8ec1e7-fea3-4e3d-9b09-9f743321be51,0.58552626816315,139.77999999999997
90370e5e-6544-42f7-974a-2ff3913e3638,0.5834634214561,134.77999999999997
73291e97-d244-4f6d-9089-d493d6249128,0.58552626816315,139.77999999999997
a60869bb-17df-410d-8ed2-6d41eff20f9d,0.58552626816315,139.77999999999997
e262b62d-37e7-45b2-904e-9e4d0a14efe6,0.5886827917553,133.77999999999997
ccdbbb0f-706f-4745-9b63-aa7f7378dae8,0.58734548359645,138.77999999999997
79b7253f-1595-4bc1-818b-700dfb1122fe,0.58552626816315,139.77999999999997
901036ad-adeb-4518-a7ff-a1e7b17d5aee,0.58552626816315,139.77999999999997
5bf9fbbf-a10e-435a-bfbe-f1f04e0b2480,0.58552626816315,139.77999999999997
9c6c612b-d3ae-4241-ad06-6bf411d9095e,0.58552626816315,139.77999999999997
59373deb-f114-49f7-875b-e382c114f612,0.5886827917553,133.77999999999997
008a9c83-933f-44b1-8f17-95865eb22c36,0.5834634214561,134.77999999999997
07384267-15e0-435c-afde-dde0e4517598,0.5886827917553,133.77999999999997
3ddf669f-33f2-44ef-8336-a52fd0e6b13b,0.58552626816315,139.77999999999997
b33c7cd2-e665-4156-969c-ac5c49720876,0.58552626816315,139.77999999999997
08789b98-7e08-4637-b4af-41a3a9fef720,0.58552626816315,139.77999999999997
d1502fb5-7f2f-44cf-81ac-fbe52abb6a52,0.58552626816315,139.77999999999997
927984ef-f35b-484c-9bdf-30e22748e800,0.5834634214561,134.77999999999997
c71537d9-8894-4378-8f15-68c666ddce4c,0.58552626816315,139.77999999999997
a743b128-8bcb-472d-b380-06d1d5dfdfee,0.58619910940675,140.77999999999997
219853da-83bd-4be1-b124-0f7875eb2403,0.5886827917553,133.77999999999997
dab6405f-d70e-4075-a443-cf776fbd2b5f,0.58552626816315,139.77999999999997
37191e3c-1436-431b-800e-fea3d2c03364,0.58552626816315,139.77999999999997
fb17cfa4-6581-4cd1-ab0b-350a3f17dd6c,0.58552626816315,139.77999999999997
f1c86ea0-c5a4-4ab6-8233-30724206e1a0,0.58552626816315,139.77999999999997
cd0b1063-8d6a-4869-9c0e-47c7e307a24f,0.58552626816315,139.77999999999997
cbb7ffa6-e003-4602-b3fb-a49eabbf1d42,0.5886827917553,133.77999999999997
f8dd4109-c863-4504-a2ab-b032c68b0cfd,0.5834634214561,134.77999999999997
ab1539f8-e971-4ca5-ae4d-2aa9229e4d5f,0.5886827917553,133.77999999999997
d4760580-34e1-4ab8-869d-51dff15c90dc,0.58552626816315,139.77999999999997
9a069e9e-6a4d-45bf-94f7-50c76b2d4ee9,0.58552626816315,139.77999999999997
749ac868-2c97-4d23-9ed8-0bc5045bf980,0.58552626816315,139.77999999999997
f640acbc-d019-478f-86c4-8a76cb4eaf36,0.58552626816315,139.77999999999997
15aa71ca-a997-4adc-971e-49c4832b6b5e,0.5834634214561,134.77999999999997
f6fe969e-864b-4654-889e-15ac23b27033,0.58552626816315,139.77999999999997
ef7f6739-f5c2-456d-b391-ffcb6226273e,0.58619910940675,140.77999999999997
47d4d455-6576-4bbf-b9c7-043c5cbeedf2,0.5886827917553,133.77999999999997
804a987f-7629-4d87-82da-67d753d5defb,0.58734548359645,138.77999999999997
7ed32f9c-ce94-4d20-be47-65556195f6c6,0.58552626816315,139.77999999999997
adced903-3dab-4493-aaed-dcd9d3aa753f,0.58552626816315,139.77999999999997
6fa90fdd-4e88-46dc-ae64-f41e0821e027,0.58552626816315,139.77999999999997
438dd5fc-d5cd-41f2-9bbc-353134438429,0.58552626816315,139.77999999999997
1c5a10cd-273c-4386-8863-6f46b75189b0,0.5886827917553,133.77999999999997
8e1409d7-4731-4490-96a3-66c813b24dc8,0.5834634214561,134.77999999999997
25c4d06c-5a46-4759-a0c7-afdae5e2fca3,0.5886827917553,133.77999999999997
c2acd5b7-b4bc-42ef-9a4e-5e69bc4a5984,0.58552626816315,139.77999999999997
e5fd28ce-3bd4-4e69-a312-2c473b458fb8,0.58552626816315,139.77999999999997
8c6569f7-bfd3-4647-aff0-7a060391c7f3,0.58552626816315,139.77999999999997
f5c322eb-2f60-4052-bfb1-ef1563ec6d68,0.58552626816315,139.77999999999997
3c2965bd-1640-44ba-b63c-8116e0ac1cb3,0.58552626816315,139.77999999999997
a3192273-7567-48cf-8b62-65c2ebab4e8e,0.58552626816315,139.77999999999997
3ae8886a-5dd0-4657-9291-568839d92268,0.58619910940675,140.77999999999997
f2f93176-c2c1-4476-814f-8d7f22fd23ee,0.5886827917553,133.77999999999997
ceae8ac4-0b81-4ee4-a71b-9f53467372e0,0.58552626816315,139.77999999999997
f614ab19-e137-40b8-95cc-4ab8ceedbe40,0.58552626816315,139.77999999999997
23959195-3b1e-4787-b660-49500c4c6cc4,0.58552626816315,139.77999999999997
15ea8040-9bf5-414b-ae90-1fcd3d655c2b,0.58552626816315,139.77999999999997
0d550fc5-91ac-4a26-b459-1d905bad22da,0.58552626816315,139.77999999999997
b701dc83-6963-41f2-a1fa-55c3af46a593,0.5886827917553,133.77999999999997
ec9f5177-9bc7-4f66-b873-c681a2cf7be9,0.5834634214561,134.77999999999997
5f0eaa2b-37b2-4dd4-8fb8-ae162f0a3f65,0.5886827917553,133.77999999999997
69b5ca1d-b59c-472f-a453-9aaecf61b996,0.58552626816315,139.77999999999997
7ae600b4-1ba0-41e6-91dd-1204d2bf2b58,0.58552626816315,139.77999999999997
de18d8e3-25ea-469c-9311-4cc2c094f875,0.58552626816315,139.77999999999997
5d47dd76-4af5-48fb-86f6-1aabea54a3d5,0.58552626816315,139.77999999999997
28bd0cbd-3efc-462c-904a-5335305a03c3,0.58552626816315,139.77999999999997
bc5427c2-a404-490a-b411-e3e08098122e,0.58552626816315,139.77999999999997
fba04043-db27-4f9a-aad2-b008a7901e0f,0.58619910940675,140.77999999999997
6c61d60a-ec9b-48d6-99ee-aac54055d8a8,0.5886827917553,133.77999999999997
29ec3ee8-d335-4899-a296-33f0ba44f010,0.58433620245115,137.77999999999997
b1a9461f-8d5f-4095-92de-db8892c2c196,0.58552626816315,139.77999999999997
2b165cb6-5591-40bd-8d9f-a7dd5e1b4b58,0.58552626816315,139.77999999999997
c6c6aad3-ec2c-4add-af6a-d2490b9981e0,0.58552626816315,139.77999999999997
3ad1f545-322d-4091-8655-06f4fcd41bd9,0.58552626816315,139.77999999999997
f3495ac0-9efb-42b6-a7d9-208fcf3deaa3,0.5886827917553,133.77999999999997
6f177f1c-4a7f-4e51-8ab4-e24ad459ba72,0.5834634214561,134.77999999999997
71f7315e-6f1d-4955-9fd2-f978a3b3a310,0.5886827917553,133.77999999999997
6997d91a-d073-4db0-9d03-1c74e87cefd5,0.58552626816315,139.77999999999997
f8a47f6b-4440-4161-aa5a-e6443cf4b617,0.58552626816315,139.77999999999997
4a87e9a5-23eb-4568-bf71-5e1663b42baf,0.58552626816315,139.77999999999997
8bf48085-b825-448d-aec1-e0e81af09a70,0.58552626816315,139.77999999999997
b1968342-9298-40f2-ba0d-e640c45e23c7,0.58552626816315,139.77999999999997
9bd7cf27-8c3a-42ef-94c2-6bd465faba62,0.58552626816315,139.77999999999997
df442933-6e6b-4c16-838d-5ad5fcc66724,0.58619910940675,140.77999999999997
fe35ecdd-417c-43cf-b08e-d0b953f4346d,0.5886827917553,133.77999999999997
05b04b23-eca4-4bdc-8bc5-24b8f15d2387,0.58734548359645,138.77999999999997
cf21653a-2f43-491f-8dde-2eb39c88052c,0.58552626816315,139.77999999999997
b4d4d06b-c679-47a4-a5e8-697cf8d637d3,0.58552626816315,139.77999999999997
d986afeb-95d7-4bed-a0a1-a37c9edc455e,0.58552626816315,139.77999999999997
f42b6a1d-3496-4556-ba1b-f2742bea83c7,0.58552626816315,139.77999999999997
d55c6f39-10fc-4c9a-b39b-c03fb221e46b,0.5886827917553,133.77999999999997
9c8d247c-1206-476b-ae0c-fa94bb7a4290,0.5834634214561,134.77999999999997
4b57bae9-75ce-4f4d-9fea-fabe003c4ccc,0.5886827917553,133.77999999999997
596eac0d-a768-4b98-a51b-ed2fd33459da,0.58552626816315,139.77999999999997
cde21dc4-cd0d-4d50-b563-dd3831aece6d,0.58552626816315,139.77999999999997
2a95e3bf-89d0-4a78-8dac-a61607464cc9,0.58552626816315,139.77999999999997
80393891-69ef-4d73-b81c-7e641c6d2a6c,0.58552626816315,139.77999999999997
9f81989b-002f-486f-b24e-f03e388610a9,0.58552626816315,139.77999999999997
5f9df370-a7db-42be-9331-0ca761e8763c,0.58552626816315,139.77999999999997
b42755cd-68c5-47b7-b2df-f7fcdaa640f1,0.58619910940675,140.77999999999997
16cf8e3b-cd84-4f69-9c42-74420962a3aa,0.5886827917553,133.77999999999997
32d8e405-691e-4d1c-a972-c07a9c66fb75,0.58552626816315,139.77999999999997
f8a16811-6d4a-41be-ab33-b27916c76946,0.58552626816315,139.77999999999997
141d5bc6-1763-4f3c-bfac-82d123ef2616,0.58552626816315,139.77999999999997
6b68874d-6e29-4537-b63a-0b59e9bdd34c,0.58552626816315,139.77999999999997
6b4899f5-0826-46f4-b4c6-79636728da91,0.58552626816315,139.77999999999997
272f5284-e0a5-49ec-aff5-f764451cb3d4,0.5886827917553,133.77999999999997
cbcb5ccb-644c-408c-983e-d0e053192f92,0.5834634214561,134.77999999999997
e3289fbf-f287-4c31-aa2b-53e04cc35e61,0.5886827917553,133.77999999999997
4e77d724-6376-459e-9f5e-5476b3edacb1,0.58552626816315,139.77999999999997
45ccefb2-4fba-40ea-95be-58ea730ae7a3,0.58552626816315,139.77999999999997
19d28ac9-a8cb-4927-bd96-a49f80dadfc9,0.58552626816315,139.77999999999997
e5e95511-7454-4a05-a084-78c8868bbf6f,0.58552626816315,139.77999999999997
30dbac46-5947-45c1-b344-47590e97a369,0.58552626816315,139.77999999999997
8eef778a-7c01-4d40-8ac0-c51b877ce54b,0.58552626816315,139.77999999999997
fb990b5d-978c-4b37-9ec7-c68df5e2726b,0.58619910940675,140.77999999999997
be7e78ad-75ad-4d70-8bbd-47fc4ffe9286,0.5886827917553,133.77999999999997
5db94b45-759f-440e-9af6-a8d1b0815eaf,0.58552626816315,139.77999999999997
80e5b544-eb95-430b-934f-2e28f11074ab,0.58552626816315,139.77999999999997
735bbb89-024b-4374-b060-a40cfa6b3333,0.58552626816315,139.77999999999997
dbcef5e9-2137-4839-ab66-454072311637,0.58552626816315,139.77999999999997
c5ba8b43-cb14-4397-9212-11bdc0a4b43c,0.58552626816315,139.77999999999997
cbaae2c3-bc70-402b-aa78-8336066890b8,0.5886827917553,133.77999999999997
61b911a1-bb98-4018-9340-f7715cca5b6e,0.5834634214561,134.77999999999997
7d917269-836a-45f2-999b-0f0c214db344,0.5886827917553,133.77999999999997
9ecd8985-6cf7-4c37-bcd8-aa49613247cb,0.58552626816315,139.77999999999997
7d9ae52e-728f-4283-8f10-d3a657ca6ca9,0.58552626816315,139.77999999999997
dcdedfe5-4dc6-4a47-aa2d-b7a4352601b3,0.58552626816315,139.77999999999997
28e45157-1060-4aa5-af80-a9c600ed3e1e,0.58552626816315,139.77999999999997
3fbff322-14c9-4ca7-a9ca-6e679bc1804b,0.58552626816315,139.77999999999997
407921ad-b0a3-411c-ac55-95998309fb5f,0.58552626816315,139.77999999999997
35251f47-fe58-48d2-ae42-7d58cf0202b7,0.58619910940675,140.77999999999997
9aceaa21-e227-4f58-bf60-dae08a04adca,0.5886827917553,133.77999999999997
ae7911c4-a6e1-4b39-a8ac-957607562361,0.58734548359645,138.77999999999997
e19674e1-4138-4c18-8904-4708585e461f,0.58552626816315,139.77999999999997
d32292dd-4be2-44de-ae1d-326a5e2a4936,0.58552626816315,139.77999999999997
8f2cd7d4-5c7b-43ba-9a88-fee97e82e765,0.58552626816315,139.77999999999997
b2ac28e2-db6e-4be4-aaf2-308cdb3b855e,0.58552626816315,139.77999999999997
a1847f35-a656-49e0-bbaf-7f3ec61a5515,0.5886827917553,133.77999999999997
60867d67-10d3-4fd7-b963-fa195754bb3e,0.5834634214561,134.77999999999997
4d60b337-d84a-4410-a33e-181f4b7a64c5,0.5886827917553,133.77999999999997
7f1ad2a4-532e-46f8-9124-aef4b32ba67b,0.58552626816315,139.77999999999997
cea81cc4-ebf0-4b2a-a967-020b5ddcde29,0.58552626816315,139.77999999999997
9fb1c805-873a-43c4-811a-7d31299b7f37,0.58552626816315,139.77999999999997
d530e437-949e-4052-a9c1-d717d04248be,0.58552626816315,139.77999999999997
ff5b1f0d-ef67-4265-9f99-b04a39f65331,0.58552626816315,139.77999999999997
84a6588d-ce9f-4d01-aa24-b369de5c8793,0.58552626816315,139.77999999999997
08d9b0fe-95d5-443d-a5a4-30805545446b,0.58619910940675,140.77999999999997
6906f27e-ddb1-4122-8103-f798c71ccd40,0.5886827917553,133.77999999999997
b5035897-4264-4777-8679-51c6106f0fe2,0.58433620245115,137.77999999999997
ba43d353-a6c1-4dfb-82a2-c58f8337f112,0.58552626816315,139.77999999999997
90796f82-902d-4911-abaa-7c621276ac53,0.58552626816315,139.77999999999997
b4a677cf-58e4-456b-867f-6c8d621d2ff8,0.58552626816315,139.77999999999997
d6253577-9990-4c3a-896f-7d6b3da1fa66,0.58552626816315,139.77999999999997
d7d6058b-ce62-471e-8480-9d7dc1049a41,0.5886827917553,133.77999999999997
ef5e85e8-c3a4-4d95-84fe-2eca4585aaba,0.5834634214561,134.77999999999997
2daa2ffa-89fb-49a5-a602-bd34378d7fad,0.5886827917553,133.77999999999997
dabf23dd-bba0-4b26-83ed-98b05868ddf7,0.58552626816315,139.77999999999997
0975a5dd-425f-43c8-89bf-ffde2ca4ec2d,0.58552626816315,139.77999999999997
8558be98-23c3-422a-b178-a04a450786aa,0.58552626816315,139.77999999999997
c27e5a6d-f8a2-4ce1-a9f9-c9469b8137be,0.58552626816315,139.77999999999997
ea5da0bd-63cf-4a04-a268-80ad883c3c50,0.58552626816315,139.77999999999997
115b2bb1-2b08-49a7-bb6e-e58e987a3b62,0.58552626816315,139.77999999999997
7e9a03d1-da5a-4d53-884a-f8ba5ff6a42d,0.58619910940675,140.77999999999997
d2a2dd6d-6550-4e16-a164-21b70c8957a1,0.5886827917553,133.77999999999997
ea271de7-fa2b-4441-8e33-b088d2e53f2b,0.58552626816315,139.77999999999997
ccd82ce5-16cd-4491-b03e-1c5825503b8f,0.58552626816315,139.77999999999997
b8a88543-c727-4b45-9cb1-4464ace747f9,0.58552626816315,139.77999999999997
84722d00-3a04-446d-9245-643afa114a2c,0.58552626816315,139.77999999999997
ef740e75-9d74-4742-ad09-6fcebe7cbb70,0.58552626816315,139.77999999999997
e4083094-0314-46d4-9e19-6f9fac92fd25,0.5886827917553,133.77999999999997
22112bcc-e773-4e0d-bd43-e7342311c83e,0.5834634214561,134.77999999999997
c614aa41-b64f-4dd0-a291-b91d9dd607b6,0.5886827917553,133.77999999999997
f7cb20e5-0128-4d7e-9aca-62170cca4cf0,0.58552626816315,139.77999999999997
2cdcc4d9-e5c3-4bac-af47-3d60209a825f,0.58552626816315,139.77999999999997
417a81da-11ed-4601-bbf5-80830d7896d2,0.58552626816315,139.77999999999997
f36145b8-ce90-4875-b696-9155e9821435,0.58552626816315,139.77999999999997
5ff7e65f-ee20-4635-b5ab-29cce1ad36d3,0.58552626816315,139.77999999999997
ef029e6d-9159-4513-a5f5-1a568e31fe40,0.58552626816315,139.77999999999997
12dbbf71-ec10-4b83-b98e-1c98baad1f67,0.58619910940675,140.77999999999997
a2ea421f-d7a4-4231-9cd5-c9457338429a,0.5886827917553,133.77999999999997
ad0f2a84-f74b-4daa-a20f-95bc5888712d,0.58734548359645,138.77999999999997
daa54ea6-602d-4c06-b352-3dd8e190999a,0.58552626816315,139.77999999999997
ac2659b4-e52d-49a8-8051-bcf60d5fdbab,0.58552626816315,139.77999999999997
ec448959-5c97-450f-912e-bcb08e70137f,0.58552626816315,139.77999999999997
ac8a5ebe-a148-4934-b024-55f8b50658a2,0.58552626816315,139.77999999999997
b9568402-a3cd-4ce3-ad60-ebafd8a51e12,0.5886827917553,133.77999999999997
3a15b083-a1bb-4c9e-aafa-174ef8aef2f0,0.5834634214561,134.77999999999997
087b1507-bc3d-42e8-8dda-c0f77b150ecd,0.5886827917553,133.77999999999997
d9d77a76-ac80-4e49-ab88-b28b7ac1ab99,0.58552626816315,139.77999999999997
9c5dd7d2-f4b3-4478-9c84-5727519629ae,0.58552626816315,139.77999999999997
3e2c1abb-3275-4e40-b9aa-17c570fc477f,0.58552626816315,139.77999999999997
3d1839b7-6a65-45ea-9916-80529fc08958,0.58552626816315,139.77999999999997
bc85d18f-5225-4429-8900-febdb5960290,0.58552626816315,139.77999999999997
e571de7d-cd36-4d41-ad03-a89ad29bf1f3,0.58552626816315,139.77999999999997
89b64323-f821-452e-8918-0e3ad4d04bf0,0.58552626816315,139.77999999999997
f523e1cb-2270-4ca0-bfc7-009f806fab4a,0.5886827917553,133.77999999999997
a7173684-e9ad-45fa-a118-a27d9bd52905,0.58734548359645,138.77999999999997
55e5a467-04eb-4da7-8c06-c51d8f588c40,0.58552626816315,139.77999999999997
1089d265-e4cf-489d-b83e-7551d34d41a4,0.58552626816315,139.77999999999997
161e8aca-5afd-4c8a-8113-813b5b0badb9,0.58552626816315,139.77999999999997
5e61d07a-dda9-4ba9-b67a-6cfddbe1b81e,0.58552626816315,139.77999999999997
4e6a05ac-7d41-4403-bc91-bf4faee7d61e,0.5886827917553,133.77999999999997
1f9a18b0-bf84-4497-b080-09856b2e063c,0.5834634214561,134.77999999999997
8d564b72-bcd5-46b1-bab8-1580067b5253,0.5886827917553,133.77999999999997
27d2992f-540a-4857-bd7a-29077536cf17,0.58552626816315,139.77999999999997
8a24fa27-7715-4ec5-9f26-988bbb7823c2,0.58552626816315,139.77999999999997
cd559c3f-28b8-4baf-9afe-25c7adf5c4f2,0.58552626816315,139.77999999999997
fad92438-8594-4b2f-84df-454b5076e61c,0.58552626816315,139.77999999999997
388d3923-b3b8-4c7f-b7df-310301e76498,0.58552626816315,139.77999999999997
52a1d09d-e7dc-4512-8672-f30c89b21d92,0.58552626816315,139.77999999999997
96a68585-0755-4253-9583-0d1d388720c9,0.58552626816315,139.77999999999997
299ed916-b49a-4780-9439-8d897f25d1ab,0.5886827917553,133.77999999999997
4c3fce8b-1aa0-43cb-8b46-cd9cd1dcd29e,0.58879399301835,138.77999999999997
ffb14ed0-d95a-4be1-8baf-61ced6734f30,0.58552626816315,139.77999999999997
971c7d7a-0822-4dc0-81d2-fc20491b28c6,0.58552626816315,139.77999999999997
8c44d7b5-12dd-48d9-bfb1-5129e2768b96,0.58552626816315,139.77999999999997
a2a681bb-6b36-49f4-915a-e10524697b93,0.58552626816315,139.77999999999997
8d53c63f-3ab5-48be-8c8a-b485659e3146,0.5886827917553,133.77999999999997
dd8bc417-09a9-46fe-9184-cd17f7338101,0.5834634214561,134.77999999999997
fd79b32f-f5f6-4131-ab9e-dc4841bb49a0,0.5886827917553,133.77999999999997
95acd0ea-eaef-42f1-9d75-50971ca0124a,0.58552626816315,139.77999999999997
4ff6cc97-1451-4582-87f5-93634933f6d6,0.58552626816315,139.77999999999997
0875aab5-a6e6-4945-b846-e6b357e5e8f7,0.58552626816315,139.77999999999997
3d23152f-8dee-49e9-adb9-c49c59f1c810,0.58552626816315,139.77999999999997
7ec65fd9-3943-4364-843b-283c16a8b0cc,0.58552626816315,139.77999999999997
739bab79-f84f-4087-ae39-df5a166a7f4d,0.58552626816315,139.77999999999997
bab24382-2b27-4a3b-b2db-0570a8eb75aa,0.58619910940675,140.77999999999997
13251c33-84f4-44bb-bea7-5295de8af64a,0.5886827917553,133.77999999999997
ba82db40-8490-441b-9252-e3c54b51b2ad,0.58734548359645,138.77999999999997
8e0c31ac-4092-4193-a0f5-e8327cceb030,0.58552626816315,139.77999999999997
16865f3d-bb61-4254-934b-260ad4840bdc,0.58879399301835,138.77999999999997
845b17e2-5101-4df9-9674-ccc2707a06cc,0.58552626816315,139.77999999999997
f1a938bd-b906-44b1-ae9d-5c20fd49582b,0.58552626816315,139.77999999999997
f14d2ba9-51f5-48a2-acc7-65b2c581ffae,0.5886827917553,133.77999999999997
c819d8ac-b3dd-4f72-bb47-a2fa12620426,0.5834634214561,134.77999999999997
90385c29-a43a-42cf-a1aa-34fc4f45a979,0.5886827917553,133.77999999999997
b8dfe013-5700-4dbb-b415-4bb49985a6df,0.58552626816315,139.77999999999997
04b3a652-35d2-48fe-b7a0-b05a089a4fbf,0.58552626816315,139.77999999999997
36a29850-c5e0-4b85-bd39-bd4d11a5b098,0.58552626816315,139.77999999999997
f7da9ddc-bd6d-469d-a9fb-ffc0d2c11627,0.58552626816315,139.77999999999997
ffa595cf-6dc4-4370-afc0-4bf304dba360,0.58552626816315,139.77999999999997
828b2b17-eea8-4409-a8a9-98913c4606d7,0.58552626816315,139.77999999999997
8440e6db-4a69-4059-b38b-61089b65baa6,0.58619910940675,140.77999999999997
9441629b-d175-4ff4-8282-a2553c1813a0,0.5886827917553,133.77999999999997
8fa91dcc-16da-4b3b-b069-406ff2378375,0.58552626816315,139.77999999999997
bb15cc74-142b-4e65-bd9e-132f3dec2e4f,0.58552626816315,139.77999999999997
cd8113df-e725-4212-ac47-93ddb5455e01,0.58552626816315,139.77999999999997
c0075d89-e104-478b-a2a2-7db0e41c3476,0.58552626816315,139.77999999999997
9c9d1594-b7c2-4817-89c0-bd9064c4a058,0.58552626816315,139.77999999999997
dcc965b5-1bbb-4f38-88bd-4b1c5c9ac44b,0.5886827917553,133.77999999999997
c61c063b-21b6-497a-a767-d41bb96dcb78,0.5834634214561,134.77999999999997
1a1ffc19-28bf-4a83-8cdb-8a566ab179a3,0.5886827917553,133.77999999999997
9bf49a30-8be2-4068-9ca7-6a028bf6d3d7,0.58552626816315,139.77999999999997
ad132663-215c-4516-9cc0-ab3090205a38,0.58552626816315,139.77999999999997
c8e7f8f0-31d3-4563-8e7e-cc3d467d5837,0.58552626816315,139.77999999999997
ceac16ed-91ca-494f-bffa-16058951a2ab,0.58552626816315,139.77999999999997
0e2acd63-cc18-4493-b149-04cd8631aa96,0.58552626816315,139.77999999999997
46f6f3fc-9492-4788-af42-df4881f82302,0.58552626816315,139.77999999999997
6ae91e03-2c1b-4798-a146-c523d074084d,0.58619910940675,140.77999999999997
fa0438e4-fdb7-491d-a5c3-ac4b7c7ac8f1,0.5886827917553,133.77999999999997
f1865a02-bfcd-41b8-8955-f002ca82da55,0.58433620245115,137.77999999999997
698cf7cb-9e6f-482c-9c3d-873d71a4b585,0.58552626816315,139.77999999999997
65ff8bc0-33ff-4aac-89f8-333983d53d53,0.58552626816315,139.77999999999997
08080dab-a3f2-43ac-9dc0-15a7223146c8,0.58552626816315,139.77999999999997
d274f9f4-727d-4a36-b231-8fb80ce8a0f9,0.58552626816315,139.77999999999997
55c51966-1292-4813-8f36-49ac4a1e0715,0.5886827917553,133.77999999999997
9c429d3e-6058-4458-8b20-d29af5be8492,0.5834634214561,134.77999999999997
782944b2-95ef-4387-b867-6f470a81dae2,0.5886827917553,133.77999999999997
9d031336-eaac-490f-a58f-8d0903e13ba7,0.58552626816315,139.77999999999997
6960663b-c4d2-48d5-aea1-1512d647e381,0.58552626816315,139.77999999999997
1450acc7-51d9-42ed-8850-9bf8316262b4,0.58552626816315,139.77999999999997
444d740a-a958-493f-9e08-fe51225296ff,0.58552626816315,139.77999999999997
3772f925-1a6b-4f7a-b04a-7a51157d584c,0.58552626816315,139.77999999999997
caa8acda-9a85-4fa0-967d-e3afa84fb35d,0.58552626816315,139.77999999999997
cca6db6d-368e-4b28-ac1f-0599afd740a0,0.58552626816315,139.77999999999997
11842c3a-367d-4815-b145-df7c8bf07ffb,0.5886827917553,133.77999999999997
7eb023c5-c415-4216-a39b-7f7d798d7c92,0.58734548359645,138.77999999999997
007e06c3-08c2-44ef-9c95-76d4116be21c,0.58552626816315,139.77999999999997
17b16fdb-2f8b-4e49-92d0-cffdbf6336d4,0.58552626816315,139.77999999999997
34f1f6aa-ac8c-48e8-b0ac-4a38e204efed,0.58552626816315,139.77999999999997
e72242d5-6616-4365-acbf-c964afd7cd42,0.58552626816315,139.77999999999997
7321fbd5-6413-4495-a702-48e64e7160ce,0.5886827917553,133.77999999999997
c57f2355-23c4-4878-b65e-cfa7021330cb,0.5834634214561,134.77999999999997
6c5995b2-7a0f-4c05-85f6-94cdd05d78d1,0.5886827917553,133.77999999999997
760cbe76-711e-4b15-b37a-2f5bec10261f,0.58552626816315,139.77999999999997
b395d569-e5c4-4f02-8dfb-a12282c52915,0.58552626816315,139.77999999999997
04a7c08f-7619-4ec6-9d85-bcd37d141927,0.58552626816315,139.77999999999997
321f9ce1-bc4c-4a63-8a1b-d5bdd18e8dd1,0.5834634214561,134.77999999999997
77de50d3-151c-4f29-af52-e310185af5b0,0.58552626816315,139.77999999999997
7df6edf7-09b9-4d65-822e-1660968946b9,0.58552626816315,139.77999999999997
e728db80-ed08-4029-8878-f714f1f63bb0,0.58619910940675,140.77999999999997
6928bb45-ed85-4775-bae3-943ef2c02a49,0.5886827917553,133.77999999999997
1d213918-4828-457b-9d76-2ba653607a2d,0.58552626816315,139.77999999999997
8813c95d-a242-4fa8-ac8c-2a085190d181,0.58552626816315,139.77999999999997
220080e7-26fc-40ad-bfe6-73958a8706a0,0.58552626816315,139.77999999999997
1da3aec5-d867-4b7a-839a-7c4cc72658fd,0.58552626816315,139.77999999999997
4141e5c2-c784-428e-943a-1f6f52e0365f,0.58552626816315,139.77999999999997
ecb84b95-859f-460a-92ae-4db3440f2402,0.5886827917553,133.77999999999997
0bcd684c-ae81-48c1-a19c-b482c32bb975,0.5834634214561,134.77999999999997
d4bd3fd3-3606-4a83-826e-2c84582b0d7e,0.5886827917553,133.77999999999997
052c8f83-9434-429d-af0c-ecd61a3e6022,0.58552626816315,139.77999999999997
075f67fe-00c2-4f52-be1d-900290dd2d64,0.58552626816315,139.77999999999997
3f03f84f-6f70-4865-a45f-b9bba8d9c5f1,0.58552626816315,139.77999999999997
53ee2f10-c814-4b33-b92a-37fdfddd6fdd,0.5834634214561,134.77999999999997
83a6f7ae-ce13-42ee-b469-e6bf76db08d3,0.58552626816315,139.77999999999997
7ac08cd2-1de1-4b3f-ae4a-f0a8b1ce72cf,0.58552626816315,139.77999999999997
7cca886f-ad8d-439f-833b-837c2aad5da1,0.58619910940675,140.77999999999997
dc37cd36-fd28-4567-a365-9725e798519b,0.5886827917553,133.77999999999997
76e182da-b6e1-4f5d-834c-9291d5f467b7,0.58433620245115,137.77999999999997
447c7f94-4857-46ef-a1ab-0cf8481582a1,0.58552626816315,139.77999999999997
4448ac04-304b-4267-8d8a-22416798d9db,0.58552626816315,139.77999999999997
a4cfb099-abb9-456b-8996-5847877e32b5,0.58552626816315,139.77999999999997
2fb0ea3c-7ae0-4bdf-88c8-0b92bbf7e033,0.58552626816315,139.77999999999997
caea4923-14e4-4197-8b64-efcba7fc9ec8,0.5886827917553,133.77999999999997
87469958-5d76-4ce1-a891-e4e6c0bdb795,0.5834634214561,134.77999999999997
bbe9a7a9-a2fc-48a7-908a-dd059b91f86b,0.5886827917553,133.77999999999997
4e347718-e2b4-42fa-9a35-59b0b8f00385,0.58552626816315,139.77999999999997
c84fab9e-9456-481a-806b-943bcce6a1eb,0.58552626816315,139.77999999999997
30969b99-7884-4fb2-b14c-5dadb5414986,0.58552626816315,139.77999999999997
cfdddfa5-6024-4cac-9e18-d9201ff2d9e3,0.5834634214561,134.77999999999997
9352ffd9-db77-4d52-8b75-b715c9784640,0.58552626816315,139.77999999999997
069d0f62-0ee2-4425-b252-2633e1668ce5,0.58552626816315,139.77999999999997
100e295f-cbb4-42cc-a7e5-6a1fa7c8e044,0.58619910940675,140.77999999999997
c4058f48-29cc-4e22-bfec-699af27cac26,0.5886827917553,133.77999999999997
6a5575c0-50c2-4406-a421-681aff6a12fd,0.58734548359645,138.77999999999997
29f07ccd-a58a-4599-b362-c5c1f0196f6c,0.58552626816315,139.77999999999997
27e2e672-ee95-4bda-b8a0-16a93d2359a5,0.58879399301835,138.77999999999997
4f7e056c-b96b-4014-8c7d-7406f842cd5c,0.58552626816315,139.77999999999997
2ad2c209-26f1-4e04-8d16-c1285c45dca9,0.58552626816315,139.77999999999997
82bf4486-c3f2-41f6-81d8-7470f9c1c05f,0.5886827917553,133.77999999999997
161ef527-0c57-4e5d-9db7-9cbd0f67ad61,0.5834634214561,134.77999999999997
88c47eff-096d-4778-a0fe-de07e9f64f57,0.5886827917553,133.77999999999997
6e4f4fcd-90b0-47a4-a116-9e171c4200b8,0.58552626816315,139.77999999999997
1f3fd79e-bd02-4257-a60d-efe7366c2f1d,0.58552626816315,139.77999999999997
7266f5cc-d7a5-4eae-a77c-b1fcb97ccd5a,0.58552626816315,139.77999999999997
9ce0a682-d347-4cab-bcb5-709a6213f85f,0.5834634214561,134.77999999999997
31986089-bdc9-4a5f-a5b2-5d49d86d89e4,0.58552626816315,139.77999999999997
f5e35e67-7ee4-4e25-8677-0553b57ce702,0.58552626816315,139.77999999999997
292eabcc-dd4d-4fcc-ba2e-a1383b8e0fed,0.58619910940675,140.77999999999997
ba69ea2e-aabe-4488-839c-e193e70f14b9,0.5886827917553,133.77999999999997
d1c4665d-2210-427f-a236-59e402dd7623,0.58734548359645,138.77999999999997
9c75ae2b-d331-4d8d-b421-1f150581d475,0.58552626816315,139.77999999999997
b7d411aa-46b2-4414-b662-894c0831ef96,0.58879399301835,138.77999999999997
34cf6394-ef87-4d5c-8cdf-fc5e23a76c07,0.58552626816315,139.77999999999997
a97aa26a-c0c0-4ad1-a0b7-c3a184f706d6,0.58552626816315,139.77999999999997
34296614-6fa4-4841-868f-2cfad3d5e586,0.5886827917553,133.77999999999997
d73ce2f8-1233-4998-b4d9-34cfadc431ea,0.5834634214561,134.77999999999997
80424ade-e5f8-4e94-805e-287251f5bb81,0.5886827917553,133.77999999999997
1a396ddb-469c-4d76-af8f-dac058669267,0.58552626816315,139.77999999999997
9dc9c0c3-65f7-4b73-b9c1-b83d7aa8318b,0.58552626816315,139.77999999999997
82c10d08-d4bc-4c18-ae36-58c7fcd9c345,0.58552626816315,139.77999999999997
f57e4542-7e68-4b28-bf0e-3794fea8995a,0.5834634214561,134.77999999999997
9ae64b73-b573-4f5b-a217-0147ed23f6a5,0.58552626816315,139.77999999999997
f43f8514-eb38-4b56-ac4b-61c9b3d3d00b,0.58552626816315,139.77999999999997
9235af9f-5912-410e-99dc-c56d94875130,0.58619910940675,140.77999999999997
d3343beb-5231-41d4-b13f-8478849bb10c,0.5886827917553,133.77999999999997
119958d8-ab39-4836-a0d5-9f133eb2a5e4,0.58734548359645,138.77999999999997
3594bff9-5f5b-4653-ac0a-6a11a1caa71c,0.58552626816315,139.77999999999997
8d985438-6c0f-46e1-bdb5-adb238106a6f,0.58552626816315,139.77999999999997
837bbfe3-d8ba-4e21-894c-35f5773e773d,0.58552626816315,139.77999999999997
b3da50b4-69bf-4c2f-bfff-37214be2b04f,0.58552626816315,139.77999999999997
1138d0d1-6492-4c15-9dc9-cf408771cd70,0.5886827917553,133.77999999999997
6e566186-b19c-4bcb-8653-1d01a10f307e,0.5834634214561,134.77999999999997
e138bfc8-7527-4808-b5cf-aacdd481d333,0.5886827917553,133.77999999999997
b82d77e3-ec9f-4628-8004-fef2d3306b2e,0.58552626816315,139.77999999999997
ed2003bf-1046-42e0-87d3-4642e8763daf,0.58552626816315,139.77999999999997
3a18152f-eab2-4037-be8a-4b1424515d81,0.58552626816315,139.77999999999997
194dd173-9337-4e0f-9f4e-959a4184571e,0.5834634214561,134.77999999999997
eb833a21-36da-4a44-a2bf-8233d0622116,0.58552626816315,139.77999999999997
5865695a-794e-4146-ae06-2639fe5f6ac8,0.58552626816315,139.77999999999997
ee5f3ae5-369a-47d8-9dd9-b5a39f469a1c,0.58619910940675,140.77999999999997
fa4b65a7-800f-4e1c-bdb1-9c7fae89b973,0.5886827917553,133.77999999999997
659a6224-00f3-4fe9-a3cf-0f1c06dffdb4,0.58552626816315,139.77999999999997
26a19f56-171b-4086-b792-8babc38b109e,0.58552626816315,139.77999999999997
44bbdf66-2a14-4944-9978-319151a093f7,0.58552626816315,139.77999999999997
0db52b20-c632-42b0-abe5-d77c0dc78396,0.58552626816315,139.77999999999997
86c2712a-f238-4318-af75-beab5032a563,0.58552626816315,139.77999999999997
ee66cd80-ef46-4f4f-9746-0ef5c7e0a54d,0.5886827917553,133.77999999999997
e66dfc8c-afba-440b-b723-1e091c939f49,0.5834634214561,134.77999999999997
bcc49470-2979-49c3-b674-c0cc271b9093,0.5886827917553,133.77999999999997
b8b40a7d-eb7c-4ae1-9fab-bf6828ec7cdf,0.58552626816315,139.77999999999997
914f1d9b-cd5d-4575-859b-8218df00d97a,0.58552626816315,139.77999999999997
f54a302f-3d46-4d9b-af51-82c18f2c4e12,0.58552626816315,139.77999999999997
e4f9e8b1-ef14-4bf0-b005-e3662a19c8f7,0.5834634214561,134.77999999999997
e09e9abd-05bc-40b2-8efa-e9d7a9ad33cd,0.58552626816315,139.77999999999997
fc0854a7-4b63-4dc3-abeb-6eafb2d51e16,0.58552626816315,139.77999999999997
09f32819-648f-48d4-a840-4df63f1c46cc,0.58619910940675,140.77999999999997
8de79545-a093-447f-a7e2-df3f039b784f,0.5886827917553,133.77999999999997
6b8eb07b-d450-4863-9c8b-d25a9785d178,0.58734548359645,138.77999999999997
231889e2-257d-44cc-be27-1b5cf400ebbb,0.58552626816315,139.77999999999997
02c16be1-364a-4b67-96a7-1c75fe328e0d,0.58879399301835,138.77999999999997
91f53ef5-26de-4c6c-90b1-f43b76495f97,0.58552626816315,139.77999999999997
f774d688-1fec-4d1c-bd55-7047d824ba6d,0.58552626816315,139.77999999999997
8e0095c4-f8ae-4b7e-b3c0-9773329ce538,0.5886827917553,133.77999999999997
1a8921cd-9975-4cc0-9671-534709615ba4,0.5834634214561,134.77999999999997
66e69875-0874-4836-abeb-9b58478cc687,0.5886827917553,133.77999999999997
d9b92251-7018-46a2-a365-a837ef7a1cb0,0.58552626816315,139.77999999999997
3b93180f-a942-437b-b473-8f4a94117dfc,0.58552626816315,139.77999999999997
9e7b8e2b-a339-4db0-bb84-d5a551924e80,0.58552626816315,139.77999999999997
878d1ee7-3d98-4b06-869f-d5506fc8bdf5,0.5834634214561,134.77999999999997
941dc1b7-9326-47bf-b563-3464684ce770,0.58552626816315,139.77999999999997
9f7db598-5f90-4e7c-9ce7-03e4ca6329c0,0.58552626816315,139.77999999999997
d9445a3d-485d-47dd-aab9-bacdcbdd59f8,0.58619910940675,140.77999999999997
f5627b9c-a1fe-441f-94f6-313937e5e52a,0.5886827917553,133.77999999999997
8b931d74-2203-457f-a1bb-2805161261ad,0.58433620245115,137.77999999999997
f6770dab-a779-421c-a775-9ffa98772f0f,0.58552626816315,139.77999999999997
2917146f-7f1a-44a6-984d-0ca470000604,0.58552626816315,139.77999999999997
88d1ad33-0071-4a37-8ddd-8a6aa66dd7ba,0.58552626816315,139.77999999999997
a8fbbc81-f451-4988-b4bb-e342ee110955,0.58552626816315,139.77999999999997
3ae71650-9607-40dc-94b0-6fa4938679b7,0.5886827917553,133.77999999999997
f600865f-037e-4712-9543-5ffe5660031a,0.5834634214561,134.77999999999997
136db66f-391b-4d72-a2c3-74cfb3008d93,0.5886827917553,133.77999999999997
fd0b9ba3-f98b-41f7-b99c-61c2608d247b,0.58552626816315,139.77999999999997
6d71a2c7-8e0e-4213-bb81-4f95f467afd4,0.58552626816315,139.77999999999997
0f437472-286d-46b3-ba13-346e61e540e7,0.58552626816315,139.77999999999997
2304d000-1b27-4d0e-b5e9-fdce1d847490,0.5834634214561,134.77999999999997
cb09fa53-30b4-4c52-9df5-30311cc1cc2d,0.58552626816315,139.77999999999997
c1d8ccea-a057-4274-94c2-e5c677331351,0.58552626816315,139.77999999999997
9cf3bd08-74ea-42c1-8977-83b85f2ba32c,0.58552626816315,139.77999999999997
e3e44f5f-01c5-401f-9318-2f9beb82b90e,0.5886827917553,133.77999999999997
98dab0de-3ec0-44c8-805c-0c3d7d869c2c,0.58552626816315,139.77999999999997
1eeab10b-9aaf-4125-9726-2c5206fcead6,0.58552626816315,139.77999999999997
9970963c-4489-455a-b83a-b95d65b28fd8,0.58879399301835,138.77999999999997
87a08bf3-41fd-446f-b9ff-110da1888b3a,0.58552626816315,139.77999999999997
d3981c4a-b0c4-41c2-bd6d-911f4fdaee42,0.58552626816315,139.77999999999997
30d20355-ff75-4ba6-afbb-682833a30bd2,0.5886827917553,133.77999999999997
dc3add9e-b5db-4dc5-8473-88766c88dfa1,0.5834634214561,134.77999999999997
4b893b96-b786-4765-ab63-2f1fd310c5c3,0.5886827917553,133.77999999999997
707af6ea-6ef4-40ba-8c21-044dfaa122ff,0.58552626816315,139.77999999999997
ed7cd9c1-7634-45bf-ae8f-4137cf1735a4,0.58552626816315,139.77999999999997
ffb382ce-d7b0-4581-baea-76be81a89fc3,0.58552626816315,139.77999999999997
e2025d9f-4551-4e93-b05e-08f0c9fc0b5c,0.5834634214561,134.77999999999997
629a56bb-8c91-4952-a16a-77728ee21532,0.58552626816315,139.77999999999997
630a08e2-330d-40b8-9e44-501edb893c50,0.58552626816315,139.77999999999997
b17e96c1-b3b7-4bb6-9e13-1a28ef40800e,0.58552626816315,139.77999999999997
a26b59bb-ce5c-497d-9809-1744c4d3ac33,0.5886827917553,133.77999999999997
461eeb5b-e3ec-4334-9b3a-52efd2912004,0.58734548359645,138.77999999999997
d3dd61b9-5323-4d67-a1e1-db294aa05bfa,0.58552626816315,139.77999999999997
cd6bb036-7144-4e41-9981-66c5a4a7a7bc,0.58879399301835,138.77999999999997
7bfaa2af-6dfc-443d-b9b0-c223a88f1076,0.58552626816315,139.77999999999997
cddac31b-b117-4a99-a2de-d629a2ef13cd,0.58552626816315,139.77999999999997
2d243d68-82fa-4dd1-ad73-566e6b5cc44b,0.5886827917553,133.77999999999997
0fe0c2cd-c1c2-4346-b8c2-333a79541ba6,0.5834634214561,134.77999999999997
01a52397-bfb2-4af4-b5ab-7f0ce3551d6d,0.5886827917553,133.77999999999997
a494b836-2594-4458-b1ca-b95bedeaf239,0.58552626816315,139.77999999999997
5d402ccf-8387-4f6f-a859-1d589a48a903,0.58552626816315,139.77999999999997
99986525-a881-4c18-b93b-f17365eac821,0.58552626816315,139.77999999999997
d15361f8-dbeb-4a2e-b041-e9edf7284377,0.5834634214561,134.77999999999997
98bba33b-52b8-4e77-8c2e-6dc18beec826,0.58552626816315,139.77999999999997
bda53f95-2fd0-401c-ad19-ffc0e088978f,0.58552626816315,139.77999999999997
a8e877be-b647-45e2-806a-c4243509aae4,0.58552626816315,139.77999999999997
6455b20e-db77-4d47-8b61-3b142921e746,0.5886827917553,133.77999999999997
ee2414b3-4637-4345-a6a1-94d0c2738886,0.58734548359645,138.77999999999997
a5402307-7cf6-4597-baf9-ec953441ec61,0.58552626816315,139.77999999999997
4b39efbf-19f9-4cc5-b0c5-385f4950d8fc,0.58879399301835,138.77999999999997
c604c143-4279-49c7-8b8d-8cfedc35ef71,0.58552626816315,139.77999999999997
a57a8b37-5e20-483c-b55e-ca80f87cf17c,0.58552626816315,139.77999999999997
1c6f14e2-1d90-4945-91c9-d336d98322fb,0.5886827917553,133.77999999999997
96618677-d792-4b97-a1af-35a7da82e416,0.5834634214561,134.77999999999997
6f4affb3-c684-4f79-a1fb-ddfb7170b051,0.5886827917553,133.77999999999997
98aabfe7-6545-4669-ab43-661ace86b961,0.58552626816315,139.77999999999997
3616fdca-f9b7-4294-a483-86659714ac04,0.58552626816315,139.77999999999997
890354b5-bc16-4379-a2e6-3e1139a8b54c,0.58552626816315,139.77999999999997
a264e140-3ef0-4181-be86-48acc2515eaf,0.5834634214561,134.77999999999997
360223c0-bba7-4a19-91d9-fd9bb297b8e4,0.58552626816315,139.77999999999997
5260020e-98d4-46e5-83cc-5ed050f1a942,0.58552626816315,139.77999999999997
8d24d6cf-f543-47ba-90af-4023c867c2a4,0.58619910940675,140.77999999999997
1d9dfecc-d5e2-4fc4-b416-69dda939e11d,0.5886827917553,133.77999999999997
3231d656-8e7e-4a65-bc8f-4cfef3cd7e0f,0.58734548359645,138.77999999999997
66e6acfe-0ee6-484b-8ba5-7f55e42a5014,0.58552626816315,139.77999999999997
be716981-7c23-4168-bdb1-c99ccfa56f07,0.58879399301835,138.77999999999997
b66adbff-3ff3-4a8d-9a03-aaa4a3711aed,0.58552626816315,139.77999999999997
f1837b48-f78e-4de0-98b3-f04011fd29b2,0.58552626816315,139.77999999999997
ff47ef63-b5c9-4ada-9479-e93daecaa63e,0.5886827917553,133.77999999999997
211ba442-3abb-4d3f-bc9e-5e762537118e,0.5834634214561,134.77999999999997
0926fce5-26aa-497b-aefb-22f13123f2e3,0.5886827917553,133.77999999999997
775f3941-be16-4c33-88df-8c7b91003fa1,0.58552626816315,139.77999999999997
0ca3342f-ee2b-482f-8a8e-b00ce8c04d80,0.58552626816315,139.77999999999997
f7635d20-4707-47b0-905d-eb4446e586e4,0.58552626816315,139.77999999999997
f7f84d37-f5e4-4d83-8f99-28566e799805,0.5834634214561,134.77999999999997
b460c1a8-dc2c-46d8-9462-74c531a09d7e,0.58552626816315,139.77999999999997
bc057676-0ace-403a-8d00-45bfe6b11859,0.58552626816315,139.77999999999997
e7f9fbc1-4517-4ba9-8640-5b3c8d26f3be,0.58619910940675,140.77999999999997
0d834aa1-a99b-4d5d-8909-d828649bc140,0.5886827917553,133.77999999999997
949e10a2-4b48-4ce0-8a0d-ab1caa787633,0.58552626816315,139.77999999999997
aafe9ba7-f786-4980-9288-daea83298d1b,0.58552626816315,139.77999999999997
f9e5e447-a593-4468-b405-bbeb4225b9a1,0.58552626816315,139.77999999999997
a6ed0616-2aaf-4e10-b4c7-be5bc6f8a59c,0.58552626816315,139.77999999999997
7c801c4b-5c7b-45b0-be94-d31a93d2f6e9,0.58552626816315,139.77999999999997
d6da1a73-51fa-4d76-bc0d-2906ce237824,0.5886827917553,133.77999999999997
d8c74b7a-81f0-48a3-9f3a-b435e4cb870e,0.5834634214561,134.77999999999997
1f4308ff-f537-4e1d-a2be-e673cf420739,0.5886827917553,133.77999999999997
ca40516d-f56d-4d47-93ed-abcd58eb8d6d,0.58552626816315,139.77999999999997
b8330bf8-fa16-463d-ac55-de75a84b6e5e,0.58552626816315,139.77999999999997
bf9d61ff-cfe2-4067-b68d-53f74a286dd6,0.58552626816315,139.77999999999997
58d6aea0-f4b0-47a9-a21e-f8e5fba69d4b,0.5834634214561,134.77999999999997
1538c263-9bbd-4714-82ac-3b8abb8f9087,0.58552626816315,139.77999999999997
9b4ae6f3-5213-4fd8-b9cd-9dae8cabb6e6,0.58552626816315,139.77999999999997
6330961d-2671-456f-a80a-af5eb4c9aee2,0.58619910940675,140.77999999999997
1beda66c-b24d-45e7-b0fa-33d567fb26ef,0.5886827917553,133.77999999999997
f2d2b909-815a-4daf-9289-5f41c52c65ba,0.58734548359645,138.77999999999997
3b5bc409-d89e-43af-add1-8e580543a993,0.58552626816315,139.77999999999997
4f666540-7cec-4d1d-9833-3eea089b7dc2,0.58879399301835,138.77999999999997
a358fe48-0ae5-4a7e-8b08-731620c669d4,0.58552626816315,139.77999999999997
fe74bd95-16fa-4b3a-b91d-38f0e475a0d6,0.58552626816315,139.77999999999997
5e469f3b-b731-40d1-8a85-45a37460ee7c,0.5886827917553,133.77999999999997
30bb835e-39ee-4555-8e45-06596d9de545,0.5834634214561,134.77999999999997
5d5a47c4-e17f-43f2-8d66-66cfe01d5449,0.5886827917553,133.77999999999997
7d5fa13e-b915-43a5-87b8-a80790809705,0.58552626816315,139.77999999999997
240e4f70-d539-4ab7-81e2-ff067b3f5374,0.58552626816315,139.77999999999997
9dd7a6df-070a-420e-9280-dff6dbad4600,0.58552626816315,139.77999999999997
3f8fb8a3-8c37-470c-8131-c4c5fd6b2940,0.5834634214561,134.77999999999997
6a7fdaab-bb50-45f3-935e-b06e1ccb1a7d,0.58552626816315,139.77999999999997
1fc826ab-91f0-413b-b130-06f1729812e4,0.58552626816315,139.77999999999997
e2e0c47c-4fb2-432a-9ba7-13bc5a3fff80,0.58619910940675,140.77999999999997
0ceacc60-203e-40c9-a785-727528a81f92,0.5886827917553,133.77999999999997
efc493f6-219e-48a1-be86-6238ef008a5d,0.58879399301835,138.77999999999997
0f75fe2e-cbb0-4af5-9180-cc2b8e3ac309,0.58552626816315,139.77999999999997
2b1f3fcb-443c-4f4f-8464-974688568179,0.58552626816315,139.77999999999997
abd5d6df-3c3d-44e8-863e-f94ba3cb6291,0.58552626816315,139.77999999999997
c3d01aa6-75d6-49f2-8d99-3e2d86f7e7fe,0.58552626816315,139.77999999999997
ac2e8559-3ddc-409b-bea5-f838f0968740,0.5886827917553,133.77999999999997
8825931b-8162-4a8a-8eb1-05179dc56ade,0.5834634214561,134.77999999999997
81353070-5205-40c6-aa4b-a5acb484be88,0.5886827917553,133.77999999999997
7b2fe0b0-cbc5-4138-8f8c-c258bf00831d,0.58552626816315,139.77999999999997
fff6f66b-a2d8-4c39-acfa-d387e8fe529a,0.58552626816315,139.77999999999997
2e5b3aa0-acef-4c7b-bb17-2bf5e73fda13,0.58552626816315,139.77999999999997
02e50bc9-9ca3-4fb4-9698-503e7d0cc23a,0.5834634214561,134.77999999999997
06e6f7df-f05b-4d08-950a-6c4fd5b43a77,0.58552626816315,139.77999999999997
e720a40e-d62a-4ab2-8bee-72bafd22dde8,0.58552626816315,139.77999999999997
1dc6e15a-bcba-4aa2-b6cf-139a802095a5,0.58552626816315,139.77999999999997
35303449-1452-48af-91c4-9477bd110d4f,0.5886827917553,133.77999999999997
88b3be81-dd47-4aea-b5e9-602401b4bb60,0.58552626816315,139.77999999999997
90205ff0-7159-4efb-a3ab-1b135849c1e3,0.58552626816315,139.77999999999997
bbdda924-15d8-4dc5-97ff-5962c49991e4,0.58552626816315,139.77999999999997
23373f45-7738-4d6c-b860-a118c0544885,0.58552626816315,139.77999999999997
87582756-669c-46ef-a595-27eedf5b65da,0.58552626816315,139.77999999999997
bb87e725-31eb-4082-95ab-c9fb3a2c1ae8,0.5886827917553,133.77999999999997
2c42ec57-3aa4-4de5-a61a-4f3f7d11663a,0.5834634214561,134.77999999999997
564291ce-be59-4727-a732-56ff3dcf6a4e,0.5886827917553,133.77999999999997
7ea6f71c-de9a-4895-bf00-901eef5a2fc2,0.58552626816315,139.77999999999997
7e20fc09-2f04-4b34-a9da-1e234c9e56b1,0.58552626816315,139.77999999999997
e3bf332c-0f34-4bc6-928c-a74fb37ed02b,0.58552626816315,139.77999999999997
2c1d533d-ad71-4f7b-8e0d-0c670cbb2fd7,0.5834634214561,134.77999999999997
96989ab0-e473-44c5-bcb6-6d8287bdaf0d,0.58552626816315,139.77999999999997
93b9e87c-e1c4-460b-839c-a5dd3a4b14b9,0.58552626816315,139.77999999999997
69f04c84-4980-47c9-a5ea-1d06de5c9b9b,0.58552626816315,139.77999999999997
f3cc0b35-bb67-4119-aacd-8cbe340375b6,0.5886827917553,133.77999999999997
7cc740d6-d28f-4278-80b0-2652190f4c6d,0.58879399301835,138.77999999999997
15aece05-c6d0-46bc-924f-337c09e89208,0.58552626816315,139.77999999999997
4a1fd868-887a-4eee-8d16-2d8044455c2d,0.58552626816315,139.77999999999997
ca416721-674c-4d5a-91ab-1421c906d00e,0.58552626816315,139.77999999999997
57a92a08-8ae6-45bf-af65-cd1cb94315dc,0.58552626816315,139.77999999999997
24d0131d-e03c-40aa-96d7-1e6dfb53a15e,0.5886827917553,133.77999999999997
d83b81af-73f5-4b15-9a56-daa164681f59,0.5834634214561,134.77999999999997
3c8ff615-11ec-4119-b66f-6dcc9c4363dc,0.5886827917553,133.77999999999997
4cace50c-aee0-4c52-b2c8-01ea43fc0706,0.58552626816315,139.77999999999997
280e5fca-ca96-463a-b3dd-b57c64af3af0,0.58552626816315,139.77999999999997
216f1a42-26bd-4ed8-a0ea-874dffa13062,0.58552626816315,139.77999999999997
949757d3-b54d-4333-a378-e44be1702a7d,0.5834634214561,134.77999999999997
381fec6a-8b22-4b1f-8de0-d37b331fccfa,0.58552626816315,139.77999999999997
f1782567-37ee-49f4-8f1f-99c446989a1c,0.58552626816315,139.77999999999997
b71fe4b5-5f5b-45ec-b215-3b13dd1afd1d,0.58619910940675,140.77999999999997
f870b915-5e2c-4b9e-8304-d5c72ed5a718,0.5886827917553,133.77999999999997
1ca702fe-f15b-4831-b4b9-db3ab0ad0bf4,0.58879399301835,138.77999999999997
badce2d0-bea3-4dbc-b6a3-f76cecd09303,0.58552626816315,139.77999999999997
88988d21-0d62-4985-883b-dced7aee95f7,0.58552626816315,139.77999999999997
e12240e4-a9a0-4c29-8a0b-c7b7ddf144ff,0.58552626816315,139.77999999999997
bfd7b8fc-ae6a-44fd-a189-19cf2e0fa8c7,0.58552626816315,139.77999999999997
902937c7-30ac-45d4-aa3d-11add4a03787,0.5886827917553,133.77999999999997
6351bffe-73dc-4b33-ad3d-a36a5d2c1558,0.5834634214561,134.77999999999997
59d72f5b-0c2e-4cc3-8f6f-8532152be65a,0.5886827917553,133.77999999999997
dda1472d-88c5-4ddf-a797-2a94ac78064d,0.58552626816315,139.77999999999997
4a500b34-3f67-44cd-8052-89acd5c9dfd8,0.58552626816315,139.77999999999997
4951533a-8b09-47a3-bfb8-bd565e694b1d,0.58552626816315,139.77999999999997
eb06185e-a37a-4a4b-96cf-27e6806ab152,0.5834634214561,134.77999999999997
a95e5a01-a437-4ab4-958b-b16a30ece540,0.58552626816315,139.77999999999997
08d944e2-30db-4f4b-bf44-81cf4cc17bcd,0.58552626816315,139.77999999999997
72a1d4bf-02b4-4f36-b6b1-4fed0d69c2ca,0.58619910940675,140.77999999999997
912971fa-7335-41bb-bd1b-a65f6182079d,0.5886827917553,133.77999999999997
19108506-1d82-4c0b-98b4-f161d667c01c,0.58552626816315,139.77999999999997
48503a2b-6a0a-4dbc-be00-6a1c7b7ecf2a,0.58552626816315,139.77999999999997
3b43ca0b-faec-471f-a9cb-b358dc7b48dd,0.58552626816315,139.77999999999997
339b1794-93d4-485c-932b-b1931d4a7252,0.58552626816315,139.77999999999997
12191045-58c3-4602-8267-a741f45caf93,0.58552626816315,139.77999999999997
412b0c99-777e-4a33-a589-907be03ed6ff,0.5886827917553,133.77999999999997
f2ad4c3d-88d8-4483-8c8f-11410d320398,0.5834634214561,134.77999999999997
72ae2a72-7220-416f-adae-5c33a9f1f02a,0.5886827917553,133.77999999999997
67ef4056-1469-42b5-bcf9-826fae9eb658,0.58552626816315,139.77999999999997
0a1290e6-f29b-4257-b8d6-9b8e9b449670,0.58552626816315,139.77999999999997
d63541f0-28aa-4411-91cb-c5b5cba48b12,0.58552626816315,139.77999999999997
66a4527b-722b-4427-9db7-c361e15dedc0,0.5834634214561,134.77999999999997
ec5073dd-8eaf-489c-884f-e8ae1a15d6f7,0.58552626816315,139.77999999999997
57a84da7-7044-459e-9528-ca2d32ae4bd7,0.58552626816315,139.77999999999997
446236d1-fb3f-4779-a9ce-90a88e447b82,0.58619910940675,140.77999999999997
e85ed56c-f27f-4026-a235-ebf0e81fe196,0.5886827917553,133.77999999999997
de614a69-5cd5-4fad-885a-7367a3f3db0b,0.58552626816315,139.77999999999997
2f6564ef-6e34-4a13-a92c-5c8c6cb7f5ac,0.58552626816315,139.77999999999997
274b0057-6851-4fe7-83ec-81214784845c,0.58552626816315,139.77999999999997
a04ced1b-829e-482a-add0-6bbf8d450082,0.58552626816315,139.77999999999997
b73698b0-dd66-4dad-85c4-d3245f68b4a2,0.58552626816315,139.77999999999997
ef708ce0-eeb6-4a77-a707-66997d865fe1,0.5886827917553,133.77999999999997
f8661281-88e4-4f3f-83aa-27e34d4a6fdc,0.5834634214561,134.77999999999997
3d3f83f8-c209-4355-92d4-81a46d5b676b,0.5886827917553,133.77999999999997
76d47912-6b1b-4a83-96aa-4c2417ade5dd,0.58552626816315,139.77999999999997
9f734948-5421-43e8-bdd3-e783074fbe37,0.58552626816315,139.77999999999997
85d7cc09-8be2-4394-be2d-a6ef13e7d478,0.58552626816315,139.77999999999997
a21d2ebc-317a-403c-97d1-bc47302b400d,0.5834634214561,134.77999999999997
5351c6fc-e727-4405-91fe-a43dc9f67528,0.58552626816315,139.77999999999997
02f28a8d-2d20-40c6-a8a6-90d8528dcacc,0.58552626816315,139.77999999999997
3fc1f84f-d2be-40ac-9626-bc365bce9da0,0.58552626816315,139.77999999999997
269b2929-018d-4008-bfe2-58a3b449271d,0.5886827917553,133.77999999999997
1bdf63b2-46bb-4363-ba90-080be41e8b73,0.58879399301835,138.77999999999997
1c5554b1-569f-4e64-982d-9c8f0bfb20b0,0.58552626816315,139.77999999999997
68d06efa-7f58-44ae-ae36-3949aff1d57f,0.58879399301835,138.77999999999997
98792ac4-05b0-4c44-8c81-4b5c6a5ed500,0.58552626816315,139.77999999999997
6f64e6a6-891b-42ed-a18c-70fa07d74e06,0.58552626816315,139.77999999999997
3c674f6a-a660-4fd4-8a06-babd91cf7e78,0.5886827917553,133.77999999999997
8b26d74c-7363-4f94-b083-18279730418d,0.5834634214561,134.77999999999997
968101b5-56b9-4f6a-be86-798cece86762,0.5886827917553,133.77999999999997
d366d4f5-c186-4d29-9ebf-7f407260f3d3,0.58552626816315,139.77999999999997
c468fde7-8690-4a4e-abb1-c079e67e206f,0.58552626816315,139.77999999999997
c4bdf4a9-ac6f-416e-8163-da9354b36c81,0.58552626816315,139.77999999999997
70e809b8-74e1-4571-b02f-52fda99782b8,0.5834634214561,134.77999999999997
4258a37d-0593-42a4-b87a-aea291098a0e,0.58552626816315,139.77999999999997
be36ebda-bc95-45e1-8418-24f0a45ba882,0.58552626816315,139.77999999999997
32451ef5-70eb-4175-b1e8-d4afb5491ffe,0.58619910940675,140.77999999999997
73ea2a07-8ee4-4ec8-a548-34a20574fe79,0.5886827917553,133.77999999999997
c58041e6-94bd-4311-bc29-9a40e809eda0,0.58433620245115,137.77999999999997
60a677c9-cf7e-4786-8cba-1dcaf88032ca,0.58552626816315,139.77999999999997
b6f2f19d-4507-41ad-b0bb-a04d49198a8c,0.58552626816315,139.77999999999997
58998b63-324c-4e42-9281-232667048f6a,0.58552626816315,139.77999999999997
e46de0e6-d8b4-4a04-925b-6e31eb43a514,0.58552626816315,139.77999999999997
888631fc-fd6c-4f6f-a301-cbfd8042812a,0.58879399301835,138.77999999999997
e69862b4-6d96-4289-bd88-919a57ede73b,0.5834634214561,134.77999999999997
7ca56225-d799-4935-891b-ef29f0e006b9,0.5886827917553,133.77999999999997
d3470b15-dcbd-4936-b4f9-808f40229e38,0.58552626816315,139.77999999999997
a271e643-edce-4900-9f31-d5a957e606ba,0.58552626816315,139.77999999999997
60d172b4-2361-4930-840b-ad9598bfd035,0.58552626816315,139.77999999999997
81b66847-8540-4f2c-b839-701645cb421d,0.5834634214561,134.77999999999997
27ae19c1-32d5-4f6c-a7a5-a18ebfada006,0.58552626816315,139.77999999999997
e526a283-bcde-4cfa-b0c5-d60b0c8b61af,0.58552626816315,139.77999999999997
9615ce83-095e-4c9b-a33f-0217e4796be4,0.58619910940675,140.77999999999997
9e5f0874-908b-484a-8d2b-58ab07e4b545,0.5886827917553,133.77999999999997
4cc3b82a-2cbe-4a7e-a685-b15410e5fdba,0.58734548359645,138.77999999999997
67d080e7-bdf0-499c-ae4d-10141be7c328,0.58552626816315,139.77999999999997
9cce3ccb-c162-438e-b8ce-f4a48d0cd320,0.58552626816315,139.77999999999997
0aead0a0-df15-4fa4-b799-53bc882d6d89,0.58552626816315,139.77999999999997
b6019631-282f-4e00-b7fc-bbf987fff2b5,0.58552626816315,139.77999999999997
b19c3e7c-224d-4426-a7a0-3641e9d9a8c4,0.5886827917553,133.77999999999997
543d362a-0b63-4978-a399-7e75c30ffd04,0.5834634214561,134.77999999999997
ea396bb5-d663-44fa-9972-98c4c457a04a,0.5886827917553,133.77999999999997
e62d22fe-a3cd-4a0d-9946-1226c40c6e8a,0.58552626816315,139.77999999999997
b3d74f26-a565-4b08-8998-4aaa542d8829,0.58552626816315,139.77999999999997
3ec55656-b88e-4e39-acda-b6d9da19e961,0.58552626816315,139.77999999999997
02d216fa-a4ff-4e83-ae80-c2460c58c9da,0.5834634214561,134.77999999999997
3681e909-c867-49ba-b133-9c4d23cd8af6,0.58552626816315,139.77999999999997
e61b48d3-3cc8-4f19-b3a5-1e47be70e56d,0.58552626816315,139.77999999999997
386560ff-a9af-4623-a583-89bf55a1440c,0.58619910940675,140.77999999999997
88ff0f2f-b8e1-4fdf-94a8-71415f8920b2,0.5886827917553,133.77999999999997
a3bc8801-66d6-48d5-bdfc-15249deb4e16,0.58734548359645,138.77999999999997
e3012f41-2447-47a2-94c3-cdb776facf43,0.58552626816315,139.77999999999997
fb220cb2-3dbb-485d-87fe-37b0c3560741,0.58552626816315,139.77999999999997
9fc7e85d-1b7d-4091-95dc-29f71329c01f,0.58552626816315,139.77999999999997
6fcae806-9512-4f0d-9d71-b0b3608fd6f5,0.58552626816315,139.77999999999997
7d6825e8-ad3b-4e94-afb4-d7a3ccce7c3d,0.5886827917553,133.77999999999997
71ef3849-33c0-42bf-a019-328f366be3e9,0.5834634214561,134.77999999999997
410f7582-ba93-464a-91dd-bbfd500a9f69,0.5886827917553,133.77999999999997
6062024e-9950-48df-8aa3-26233f19b0ed,0.58552626816315,139.77999999999997
70068c21-eb82-4bca-b945-49b3811bd878,0.58552626816315,139.77999999999997
1ab8fbf4-1c7c-4074-8b73-0e6816486a92,0.58552626816315,139.77999999999997
e3db730c-e018-4232-9d22-42bf047721fa,0.5834634214561,134.77999999999997
443109d9-1f9f-44a1-8863-707592594e11,0.58552626816315,139.77999999999997
eb282be2-bb5f-49d5-af6f-92a79d0d44e6,0.58552626816315,139.77999999999997
30919d49-c526-4a82-a630-a402594ae8e9,0.58619910940675,140.77999999999997
03a031f7-607c-404c-98c5-6a14a62db7c4,0.5886827917553,133.77999999999997
b9b90e71-ecde-4f9c-a41c-6b4ecf72713b,0.58734548359645,138.77999999999997
30e14ed2-4680-41a9-b562-845f28b6e06e,0.58552626816315,139.77999999999997
0f552f7f-c1d8-4075-9382-554b73d2af41,0.58552626816315,139.77999999999997
32ed99ed-a824-4fb1-9a48-50f06ee2b3d8,0.58552626816315,139.77999999999997
f51040fe-ec67-4a92-9555-67fa844d7516,0.58552626816315,139.77999999999997
387028b6-8589-40ff-a352-7eef27043d9e,0.5886827917553,133.77999999999997
b937459b-9498-4670-9a50-7a61b1cfc027,0.5834634214561,134.77999999999997
5bd2d9d2-6227-425a-9326-26e1b203f04c,0.5886827917553,133.77999999999997
514e8fe1-0d44-4bf7-8786-14521b31bc15,0.58552626816315,139.77999999999997
919826c8-7a9b-4c45-a175-2f2837ea790d,0.58552626816315,139.77999999999997
bf9c9169-5ea2-4587-8d57-225859d2daaa,0.58552626816315,139.77999999999997
004ad8f8-8c41-4c00-bfab-f59ad20f65f6,0.5834634214561,134.77999999999997
d7e49a3c-8a7b-4ca7-b87d-6bab5e1a1b1f,0.58552626816315,139.77999999999997
e48673ac-70d5-461f-9a31-23a0c924607c,0.58552626816315,139.77999999999997
1ce3100c-6a66-40ae-b2cb-2c7880b0019a,0.58619910940675,140.77999999999997
c94106c0-1668-4ff5-8aa1-3d44547c86f8,0.5886827917553,133.77999999999997
88c0fd84-962b-417c-9759-b49376d88c40,0.58552626816315,139.77999999999997
8a72884a-bdb2-4a45-bd6f-b35e5fb13ac3,0.58552626816315,139.77999999999997
f6e1c1fe-5aba-4a17-a8e2-5542d02b6720,0.58552626816315,139.77999999999997
79428e2c-e442-4217-bda2-9f7d5ea6a072,0.58552626816315,139.77999999999997
83e777ac-251a-493f-97d9-331d0a37d17a,0.58552626816315,139.77999999999997
07cb3c86-9161-414a-bf20-8378dcc337cf,0.5886827917553,133.77999999999997
c0dec76d-c2b9-40ba-9036-fa329687919b,0.5834634214561,134.77999999999997
91730506-4607-44b2-9353-c9fd3cdf411f,0.5886827917553,133.77999999999997
a960e181-5e0c-427a-ae60-924af249e407,0.58552626816315,139.77999999999997
f470043d-3ad5-473e-96d5-cea0b8cad573,0.58552626816315,139.77999999999997
698bc63f-317b-4ade-b912-5682bc55fe14,0.58552626816315,139.77999999999997
6f28a719-b121-499a-80ed-c12340b016bc,0.5834634214561,134.77999999999997
c38e9d2a-da31-433f-8fc5-2f169e9c53e8,0.58552626816315,139.77999999999997
c26dd401-da4a-4f01-aca2-ada5996638da,0.58552626816315,139.77999999999997
47285a32-4b25-41c3-91a5-f2dc1496fa3e,0.58619910940675,140.77999999999997
4b8ccdc5-eaf4-4b18-ba3b-cd508b0ebcfa,0.5886827917553,133.77999999999997
bf49e1ab-b2ff-4038-a81d-7431ca301ef9,0.58552626816315,139.77999999999997
a9de508c-3355-4253-a17f-033e91bcd639,0.58552626816315,139.77999999999997
854ad6c2-df71-4fd6-ab21-c838866f04eb,0.58879399301835,138.77999999999997
e9738443-20cd-49a3-a816-9fb7c31dca4f,0.58552626816315,139.77999999999997
bc9c6960-6a89-4777-ba8f-bd61ea18cc09,0.58552626816315,139.77999999999997
fa1dda73-75ef-4ff9-8c78-2d613ee7e2e3,0.5886827917553,133.77999999999997
c8b5648b-1583-4a73-a503-75cf82aa44d2,0.5834634214561,134.77999999999997
7845b395-b36f-4c5b-8e58-0b4af6d555ef,0.5886827917553,133.77999999999997
bcb92ebe-ae31-431e-b190-2c55c3f4080f,0.58552626816315,139.77999999999997
a6e83cac-376b-4630-a09c-ac582de9d8f7,0.58552626816315,139.77999999999997
d6c1c8e0-774d-456a-b3c8-aaf055386261,0.58552626816315,139.77999999999997
d3268118-976c-467c-ad1a-797b9abae196,0.5834634214561,134.77999999999997
6f13ac1a-9a0c-421d-a270-8532fb3ed35b,0.58552626816315,139.77999999999997
d2f538cf-1070-4178-85d0-ee1299c3c996,0.58552626816315,139.77999999999997
de62c5da-7121-4cac-abdc-222724448fb8,0.58619910940675,140.77999999999997
96c31b06-ae66-4030-b29d-46af26cbced2,0.5886827917553,133.77999999999997
bb1475a1-9e93-4e31-a194-76031fcf28f6,0.58433620245115,137.77999999999997
d6922ca8-0c17-4ece-aa56-086926250388,0.58552626816315,139.77999999999997
69e1d159-fb35-4a7f-aaf0-1be5a2f88e7c,0.58552626816315,139.77999999999997
4799cf07-f552-4fbd-b459-e43224e2229f,0.58552626816315,139.77999999999997
1b606ba5-9a3e-43f0-b133-5414513c1818,0.58552626816315,139.77999999999997
6be553ff-dbca-48d6-b501-98f87dbc39c2,0.5886827917553,133.77999999999997
bfcd231b-3fde-4c5d-8d38-85f9af563e00,0.5834634214561,134.77999999999997
19b43faa-da80-470e-b2c1-c4a20d052b86,0.5886827917553,133.77999999999997
7e407d2c-ad20-4165-9fb4-7de3de561a47,0.58552626816315,139.77999999999997
32d4a714-2d2f-43da-982c-8d9a2ce2fd30,0.58552626816315,139.77999999999997
a00b6919-8482-424e-a5ba-313117e3db25,0.58552626816315,139.77999999999997
1cd9b66b-9867-40e7-a81c-4c2191cde5a0,0.5834634214561,134.77999999999997
cbdad335-1035-450a-a301-a92f7c28daf4,0.58552626816315,139.77999999999997
194b1d1e-15cd-4962-a9aa-8f3b70e4977c,0.58552626816315,139.77999999999997
4d063df6-872e-4750-a804-64df0d90b10f,0.58619910940675,140.77999999999997
6134dc58-9c81-4a4a-bb01-ec9137ef85dd,0.5886827917553,133.77999999999997
6a2c5cab-e068-4e07-9528-fc218bf02099,0.58734548359645,138.77999999999997
55da8a8b-c220-4ac5-9f7f-3eca49278b08,0.58552626816315,139.77999999999997
29323753-0fde-44ca-8b7c-f1be3f301e5b,0.58552626816315,139.77999999999997
6794ae61-798b-41ab-8ea0-d907dcc46247,0.58552626816315,139.77999999999997
937a4f1e-92fd-4382-ba05-93dd8d31ba55,0.58552626816315,139.77999999999997
c232dbd4-8ef2-43d2-9bf2-3fa97c4ec1bf,0.5886827917553,133.77999999999997
d98dd52d-0618-4056-ac36-75ad075d00dc,0.5834634214561,134.77999999999997
acf58d02-8534-4017-b6c6-2674f4531cfb,0.5886827917553,133.77999999999997
9ee638cf-4020-450c-9ff9-fadcf49fd0ba,0.58552626816315,139.77999999999997
5f999299-65d3-4328-8d16-f4775254b16d,0.58552626816315,139.77999999999997
8736237a-951c-4a7c-863d-a7454efb7fed,0.58552626816315,139.77999999999997
400f7db1-d184-4db0-9eda-9d7b641e48c7,0.5834634214561,134.77999999999997
2b8ff77b-598b-4a9f-8ff8-70b5920d04b2,0.58552626816315,139.77999999999997
07918e70-df0a-4758-bebc-37607bbdb1fc,0.58552626816315,139.77999999999997
54409fba-5c49-40cf-ab52-4a9bba24c2ab,0.58619910940675,140.77999999999997
e5ec4d5e-a952-4a05-a441-e83c6875a3bb,0.5886827917553,133.77999999999997
0d7a9604-f4ca-4c2e-8e42-1ea37f2139bf,0.58734548359645,138.77999999999997
53f83b96-47fe-4f61-82d2-9a6af3fe12c2,0.58552626816315,139.77999999999997
857602f2-62f3-4a9c-91e3-88a3e7f0e01d,0.58552626816315,139.77999999999997
84944bce-e83d-47ee-b809-b24a68064600,0.58552626816315,139.77999999999997
7bfdb40f-cf78-45ee-947b-a418a6ce70a1,0.58552626816315,139.77999999999997
d9ef8ece-042e-41f4-a926-243ea07959b9,0.5886827917553,133.77999999999997
b64e2ada-f5d6-4a73-9d84-aa1c39c38b57,0.5834634214561,134.77999999999997
fbde1f13-0afa-4a9c-a225-7fe3661409da,0.5886827917553,133.77999999999997
382988cd-9f79-4469-b616-01f1b2a766a8,0.58552626816315,139.77999999999997
3b572e28-e3dd-46f0-a884-3725094fe656,0.58552626816315,139.77999999999997
5a42a9b0-efea-4bc6-b556-50e2b6690e4a,0.58552626816315,139.77999999999997
991fe3b2-72aa-4914-9e1a-e3f7be921dc9,0.5834634214561,134.77999999999997
62081c3b-1a97-4cd9-a625-eeb709212da1,0.58552626816315,139.77999999999997
ddb90225-2210-4340-8244-72c575befbf5,0.58552626816315,139.77999999999997
ed045688-18e5-4e0c-8403-ebcb2300ed4b,0.58619910940675,140.77999999999997
b2e3db7f-e748-41d2-bcc9-dc0e5f2a4a85,0.5886827917553,133.77999999999997
0658981e-a487-43e2-a29c-7c7b9f8cf662,0.58734548359645,138.77999999999997
bfafdc28-0f53-4822-96fb-6fe029021832,0.58552626816315,139.77999999999997
c69d5339-14a1-4a3f-871a-3ef41b9c188d,0.58552626816315,139.77999999999997
d98fa811-9279-4770-8856-2ecc2c1b768e,0.58552626816315,139.77999999999997
c4df2c6b-f119-4441-b4a9-fd5a9c77a81e,0.58552626816315,139.77999999999997
ffd43e54-3a7e-4fa6-bf26-cb94f55c05ad,0.5886827917553,133.77999999999997
b1581a07-4c03-4ed4-b288-9d3a6d3ff4dd,0.5834634214561,134.77999999999997
bad2fec0-6de6-4293-acce-25065b9a70b3,0.5886827917553,133.77999999999997
baa22ee7-7806-4646-848c-4f496afbaa8e,0.58552626816315,139.77999999999997
4eb73f9e-4e98-428b-9387-35cdb63d40c1,0.58552626816315,139.77999999999997
a3f4e067-79b5-44d5-bc93-4f349f3cce11,0.58552626816315,139.77999999999997
9391448b-20da-4d41-b9b0-940860feced4,0.5834634214561,134.77999999999997
6e5f58f0-00cf-4e55-b230-853d571ec1df,0.58552626816315,139.77999999999997
70f11e94-f399-4dd2-9423-529f711cedd2,0.58552626816315,139.77999999999997
9d341b18-b4ff-44fe-88df-c16e8567a286,0.58619910940675,140.77999999999997
f7a78d4a-be06-4de9-9660-d4a2e12cfe78,0.5886827917553,133.77999999999997
caecbf1f-53f0-4468-9dca-d555a44a71de,0.58879399301835,138.77999999999997
a23a16d1-7ee4-4c49-96a9-c17119bc42d7,0.58552626816315,139.77999999999997
644b51b4-5d16-4920-b4d4-598287346bc1,0.58552626816315,139.77999999999997
1dacfb91-2866-40f8-9a96-012ce2354d43,0.58552626816315,139.77999999999997
aeda4fe0-8ddf-468b-a167-7f220a217ca9,0.58552626816315,139.77999999999997
d9d68eb4-1a03-4d09-989d-6cc7b3109d40,0.5886827917553,133.77999999999997
9c9c6034-b8ff-42e8-b681-33e3af53f2a7,0.5834634214561,134.77999999999997
168ca561-091b-4aba-8446-c996ce8d3ad8,0.5886827917553,133.77999999999997
bd4392b3-e57e-4d33-aca1-3d666680e5e7,0.58552626816315,139.77999999999997
bd707def-256e-4241-b695-4beed702408f,0.58552626816315,139.77999999999997
538031ed-cd07-48d0-9e91-6468a37ac07a,0.58552626816315,139.77999999999997
1446d958-f3a1-48f0-942e-f378cfcca2ee,0.5834634214561,134.77999999999997
bc123aa4-c9cf-43a5-afb2-5633cda1fadf,0.58552626816315,139.77999999999997
7928d05d-c4b8-456b-b457-e3a77d39338d,0.58552626816315,139.77999999999997
e9a36cf1-7917-4255-b6e6-93eb209c2653,0.58552626816315,139.77999999999997
6ef3fc73-eb18-47ba-994b-bb82b79ae593,0.5886827917553,133.77999999999997
d53f04ff-a52e-4861-a6f1-55b1e1e08156,0.58879399301835,138.77999999999997
365a8837-0b29-43b1-a002-300a1bc087f1,0.58552626816315,139.77999999999997
d206974c-b4e7-4f33-acf8-70e0e562ece9,0.58552626816315,139.77999999999997
6ff74d49-075c-4470-b453-562156d06e0a,0.58552626816315,139.77999999999997
1901a90e-aadf-4d86-b068-34030168dc1f,0.58552626816315,139.77999999999997
b78b4356-acb3-4db2-b84d-930ae5d53540,0.5886827917553,133.77999999999997
bbe3a5a4-61dd-4989-8fdb-6b2bbe156f6b,0.5834634214561,134.77999999999997
8c8fc3a2-e2f7-4da3-a523-1603cc6b7de6,0.5886827917553,133.77999999999997
15dd3672-47aa-4e4d-96da-1e7fa8692049,0.58552626816315,139.77999999999997
457cb190-dcc3-43eb-8351-58d0371983d6,0.58552626816315,139.77999999999997
4756a18a-5d5e-46c7-8ffe-d16fa5937c96,0.58552626816315,139.77999999999997
fb489855-c023-4fd5-8fca-ecb60ffe6965,0.5834634214561,134.77999999999997
d22601be-6d5d-48cf-a8c2-597df61e82c4,0.58552626816315,139.77999999999997
37870e4e-0e48-43c2-9b8b-bf1cd73ec439,0.58552626816315,139.77999999999997
72002b37-ce2b-4209-bfc9-8c53d67724d1,0.58619910940675,140.77999999999997
a341dc13-636b-4c27-acb1-6b28b0135fbe,0.5886827917553,133.77999999999997
4be2bf2e-f916-4af2-9599-a070c317971c,0.58734548359645,138.77999999999997
e5b081b5-c4b4-475e-a398-d553592615fd,0.58552626816315,139.77999999999997
5fed49ee-75b1-405a-9c7d-4e1407a0db50,0.58552626816315,139.77999999999997
ab7dca50-9970-4812-9637-5d22817e18db,0.58552626816315,139.77999999999997
8e37c143-8834-4bfb-90d2-83e120d7b553,0.58552626816315,139.77999999999997
8669bb89-f7c0-40e2-9da6-619689d6f552,0.5886827917553,133.77999999999997
b6da7a90-028a-4340-af7c-1c663d170e6b,0.5834634214561,134.77999999999997
95beaadc-9ced-41ba-96f5-3ac098a9ef4d,0.5886827917553,133.77999999999997
97cd4dda-13fa-43f8-801b-dcc3c4a2418a,0.58552626816315,139.77999999999997
2b0e4401-43fe-41ee-83ed-2a5da5ea1687,0.58552626816315,139.77999999999997
979fa71a-097e-492b-b008-c3e161a60508,0.58552626816315,139.77999999999997
e4050a62-4a7d-4c6c-90b4-3eae60340224,0.5834634214561,134.77999999999997
a1cb569a-521f-461c-9d00-9dc4bab54476,0.58552626816315,139.77999999999997
f08bd6a2-357a-4e59-9d55-45e5ebc3465a,0.58552626816315,139.77999999999997
ff0ad383-6bc2-40d4-93a1-b44663d95396,0.58552626816315,139.77999999999997
32ce053f-832c-4f0b-9ddc-3036f46a2e52,0.5886827917553,133.77999999999997
842e1f09-db1c-4320-94fc-a5e2062a0a25,0.58734548359645,138.77999999999997
5157a4e3-5ad8-4a5f-9b67-8c8b64a9d104,0.58552626816315,139.77999999999997
c3c08f98-079a-466c-b0ac-f1ba4a6f6d1d,0.58552626816315,139.77999999999997
7af80c1d-a26d-427f-bebb-f161ea1a300f,0.58552626816315,139.77999999999997
6f2ea1dc-547b-4a89-9382-6b5fff8e5ec1,0.58552626816315,139.77999999999997
f9d8d3ce-bb55-4ee9-bff1-65d00435f979,0.5886827917553,133.77999999999997
eb8dfbb6-b2c9-44ef-8c31-27cdec2f9b79,0.5834634214561,134.77999999999997
f55fcb62-89fc-4ad3-83bc-e360967c37f5,0.5886827917553,133.77999999999997
209d1269-7ca7-4504-96e4-d203f730f5ed,0.58552626816315,139.77999999999997
fa3d9197-34bd-40cc-9668-a67e042c96f5,0.58552626816315,139.77999999999997
cebc37a1-63d6-46e4-8606-892c677b2e02,0.58552626816315,139.77999999999997
2d76b195-a850-4743-b796-7246228e684d,0.5834634214561,134.77999999999997
47944f14-7dac-4f5d-baa7-7dd533598bb5,0.58552626816315,139.77999999999997
b9bf5042-2356-463b-8d24-f5950fa08c22,0.58552626816315,139.77999999999997
27b1ee35-2084-4781-a0be-481a7d1d5510,0.58552626816315,139.77999999999997
b6e8ab55-30cd-4616-a068-d3f11476ac03,0.5886827917553,133.77999999999997
cc1e16ba-b0ba-44db-b187-63a43116210c,0.58552626816315,139.77999999999997
f6b82a14-c013-4218-a18b-f505286fca5f,0.58552626816315,139.77999999999997
d0697dc2-8191-4332-86cc-cd05a602cb45,0.58552626816315,139.77999999999997
fdecf317-26df-42e7-afde-b9abce816fde,0.58552626816315,139.77999999999997
673869c5-dfdb-43d1-8640-950bd8bfe0f7,0.58552626816315,139.77999999999997
5e12feb5-7d5a-4bf2-8394-464ee75261dc,0.5886827917553,133.77999999999997
e6818923-e15b-4258-9bd2-85b83137e5bd,0.5834634214561,134.77999999999997
34bdb70d-09d0-4535-ae33-8b5b5379d4b5,0.5886827917553,133.77999999999997
e2aad7c4-871c-4edd-9c2c-a494cb7e6e5d,0.58552626816315,139.77999999999997
8112c800-03c7-44af-8461-28d3128d39ff,0.58552626816315,139.77999999999997
382c3b60-2c51-4d28-a71e-1dc0afc52212,0.58552626816315,139.77999999999997
815014ed-118e-43d1-aea7-f7095b8ffa20,0.5834634214561,134.77999999999997
b8b38846-e095-482f-b924-07ec5c4c2ae3,0.58552626816315,139.77999999999997
81f41a05-732b-4c81-99ea-1c37326de80a,0.58552626816315,139.77999999999997
7acb061d-ac05-4a84-9693-883043c30a4c,0.58619910940675,140.77999999999997
64d0e923-3192-47af-9119-ba4443176342,0.5886827917553,133.77999999999997
6faaa58d-4c67-48b9-82c0-2f7a957bd3ea,0.58552626816315,139.77999999999997
c3186afb-3009-4a86-9a8d-3f4cbf40fb83,0.58552626816315,139.77999999999997
5ec2426a-6e9e-4085-b1f6-08c6e982c8e1,0.58552626816315,139.77999999999997
38a6c26b-722c-4603-9040-7b23ee0e3b5a,0.58552626816315,139.77999999999997
7399d5b1-e806-4a82-bff9-4c370bfa0a78,0.58552626816315,139.77999999999997
40e5cdd7-604a-44b2-ac36-d92280904a21,0.5886827917553,133.77999999999997
983bd7cb-6f20-4f89-ba6b-ccdf4e9b8747,0.5834634214561,134.77999999999997
b22bba46-7e79-40f3-99e1-344123d8c9bc,0.5886827917553,133.77999999999997
91eb1529-26b3-4bf5-8ae3-c0cc60e48c58,0.58552626816315,139.77999999999997
3cb483ff-a517-4aa9-b4c1-03dc79c68d78,0.58552626816315,139.77999999999997
3f4ec2fb-e201-4c6b-9b7e-a0cde92ff01d,0.58552626816315,139.77999999999997
1e45f560-f3f0-4c27-a0f0-564c62919d9d,0.5834634214561,134.77999999999997
3c052501-3a5f-4680-8204-2cc8a368ed28,0.58552626816315,139.77999999999997
1b072b6c-989d-4205-82d4-ab76de64635b,0.58552626816315,139.77999999999997
fb8afcb1-1546-40f6-9b3f-767a800660b9,0.58619910940675,140.77999999999997
22181aad-b573-4380-83af-cccd538456bd,0.5886827917553,133.77999999999997
47b5c942-c8cb-4e85-93a2-81200f1648a4,0.58734548359645,138.77999999999997
c796d02b-d89a-4921-9285-66eb428f0542,0.58552626816315,139.77999999999997
58804830-9899-4d5c-a4f4-6786ecf816b7,0.58552626816315,139.77999999999997
ac816b44-aada-4857-a229-bb24c220eea7,0.58552626816315,139.77999999999997
f30e8be9-7f5b-4f0c-ac1c-c6069764e752,0.58552626816315,139.77999999999997
b10c49a9-d46d-47cb-bbcf-ab974e511dba,0.5886827917553,133.77999999999997
4334a58c-3b17-4c41-b452-5a7d0a19c244,0.5834634214561,134.77999999999997
ab43bbd8-cef7-478e-abbe-cdcd4c0c8797,0.5886827917553,133.77999999999997
9f8a1262-b676-491c-b503-7c658c1967e4,0.58552626816315,139.77999999999997
6c4ba5a7-6fd1-43ae-b6bd-831be04dfc2b,0.58552626816315,139.77999999999997
ba569668-97a5-4cef-a729-75aa714369d2,0.58552626816315,139.77999999999997
789bca4e-0f0b-4f0c-a5a5-afa9a777d7ea,0.5834634214561,134.77999999999997
66941eda-4d4f-429f-aff7-980c10e5abe7,0.58552626816315,139.77999999999997
e2c55cac-22bd-4de6-9588-b9e542821ca4,0.58552626816315,139.77999999999997
91d7b51b-b7a8-4860-a429-9fd823e489a8,0.58619910940675,140.77999999999997
ef3d3cc0-1641-4a8e-8f8d-4615adf9567f,0.5886827917553,133.77999999999997
6c99ffea-1101-4133-814e-333275949990,0.58734548359645,138.77999999999997
29570b93-d9d2-44c6-977a-036c44fe6952,0.58552626816315,139.77999999999997
90d720e0-a05f-49ac-97af-4c804acea5ac,0.58552626816315,139.77999999999997
06fd88a3-c160-448a-866e-c236077cd0c7,0.58552626816315,139.77999999999997
e2b8113a-83e7-41c8-8964-01d8c31087ae,0.58552626816315,139.77999999999997
31a394dc-09e2-484d-bc73-200ba057763e,0.5886827917553,133.77999999999997
37fe05bc-2d5f-4d06-a1fc-d3797572f537,0.5834634214561,134.77999999999997
ab0f02e6-f938-4ccc-a083-dae644398ef7,0.5886827917553,133.77999999999997
d271e901-13fb-49f9-aaf3-bab4692f326d,0.58552626816315,139.77999999999997
9f62c514-979d-4be5-aa85-e406dfcb41cd,0.58552626816315,139.77999999999997
b366093c-ecfe-4a5f-a503-aa7a758463e2,0.58552626816315,139.77999999999997
baed6c0d-30ed-414e-b230-1fd1b53c78ee,0.5834634214561,134.77999999999997
5e50ca7a-3787-49ab-b0b3-8aac110d8f57,0.58552626816315,139.77999999999997
e0cae5ef-8323-40f7-bbdc-8c6586a7de27,0.58552626816315,139.77999999999997
507dc28d-57a4-48a7-9a0f-637c8d6c875e,0.58552626816315,139.77999999999997
7d13b1ee-1321-45a2-945b-ef020feaa23d,0.5886827917553,133.77999999999997
f589b84f-2950-4f8d-85d6-fbf722a87fc0,0.58734548359645,138.77999999999997
ae1adbfd-b206-440a-95dc-d65535735c4e,0.58552626816315,139.77999999999997
e22a40bc-1f3b-4cbb-b2bb-7bb40dd130b7,0.58879399301835,138.77999999999997
09912416-1622-4e67-8907-7c5291aa5274,0.58552626816315,139.77999999999997
26186aa9-337b-40ae-bd1c-6d5e406463d9,0.58552626816315,139.77999999999997
5d349396-2120-4b13-8928-7925395bcd0b,0.5886827917553,133.77999999999997
bec97d39-9a05-4c0e-8e09-dca403ff3140,0.5834634214561,134.77999999999997
11293bf8-a906-407b-9356-dc7d634858e6,0.5886827917553,133.77999999999997
9ec7d5e3-cc84-4452-b3e0-961e91c1be19,0.58552626816315,139.77999999999997
71c53be7-ee1b-420a-9976-889914429259,0.58552626816315,139.77999999999997
7dd3ee66-37b2-4417-9c69-a624ca477bcc,0.58552626816315,139.77999999999997
5f4f3fe8-462b-4b17-a5d0-7ee13e5f91e9,0.5834634214561,134.77999999999997
111f0432-0c66-4cb4-a8eb-46aa9f7ccb40,0.58552626816315,139.77999999999997
beeceeb7-9466-4d49-b061-b5976b8d7568,0.58552626816315,139.77999999999997
99377186-0364-4877-9d0b-b5401ea0123f,0.58619910940675,140.77999999999997
063ebfa9-0c5c-47e2-b1dd-e71d7e107219,0.5886827917553,133.77999999999997
e4645fba-1d5c-4523-8000-d2a9070e48f4,0.58734548359645,138.77999999999997
65a5bd1d-3497-46e5-8015-dff50610e342,0.58552626816315,139.77999999999997
f43a5963-bf38-4e7e-be57-aad50f552d9a,0.58552626816315,139.77999999999997
9b315f39-6788-4617-9007-21ce23b6bfc5,0.58552626816315,139.77999999999997
3e10841f-3985-4210-9a37-74fec30dd194,0.58552626816315,139.77999999999997
e6bb023c-fd85-4f14-8e40-d564da35269a,0.5886827917553,133.77999999999997
01c1902b-1ce7-4179-9a28-e2335466a0be,0.5834634214561,134.77999999999997
a61a5b89-bac8-4222-b878-d64a1d2fbb01,0.5886827917553,133.77999999999997
e2402a6d-1a24-4f08-8100-9ef9743f5322,0.58552626816315,139.77999999999997
ce11198b-4e30-44a1-a0e7-6b9ea5a74167,0.58552626816315,139.77999999999997
9cb4bcfc-3cbd-4275-8a19-47da1181a015,0.58552626816315,139.77999999999997
cf747aad-81cc-48d0-92ce-67ec556990cf,0.5834634214561,134.77999999999997
10d03b31-01ca-4612-a308-5b4f2ffff92b,0.58552626816315,139.77999999999997
45507e99-cceb-4815-8a63-5b5725fdac19,0.58552626816315,139.77999999999997
95784794-ced3-4673-a43d-f7f358a73bf6,0.58619910940675,140.77999999999997
e067b07e-2528-4717-98f4-3fcd72597577,0.5886827917553,133.77999999999997
93eb5757-2b3c-42df-872d-9cdc62ae5313,0.58734548359645,138.77999999999997
d95fe104-f20b-46f6-bea4-1fc5843a6489,0.58552626816315,139.77999999999997
e26087e9-2183-4c3e-a1a5-34daf8547743,0.58552626816315,139.77999999999997
65e48417-206d-403a-96e6-f26ba591120f,0.58552626816315,139.77999999999997
d9b1030f-f6e1-4de3-a07e-fb12a22206e6,0.58552626816315,139.77999999999997
a3c3d09c-ce0e-41cd-97dc-a2de9313fdc8,0.5886827917553,133.77999999999997
153b7c2e-d4bc-4f71-a14c-7cb07bdf5132,0.5834634214561,134.77999999999997
ae391ed1-8c1f-42e6-8ae6-33d4cc6a2cd9,0.5886827917553,133.77999999999997
97202b84-76b1-41bd-b82c-dff01baf85af,0.58552626816315,139.77999999999997
421dc3e3-b348-4d45-9466-abbdc942c213,0.58552626816315,139.77999999999997
cb69363b-7c31-4405-8c6a-d3eea8c88df4,0.58552626816315,139.77999999999997
b8882d4d-4bfc-415a-94e3-3e4df6914027,0.5834634214561,134.77999999999997
d7e26db4-8f2d-48d1-8135-c8b13bbf1453,0.58552626816315,139.77999999999997
f071df89-85f4-4101-9aca-9413dd779a0e,0.58552626816315,139.77999999999997
4b6e8302-9aa5-486d-93cf-7f3e3753d13a,0.58552626816315,139.77999999999997
c9ccd80b-eb6d-4201-a723-762ceab5e149,0.5886827917553,133.77999999999997
5e7be9b8-8180-4b5a-8433-b7cdc8bda00a,0.58552626816315,139.77999999999997
29efbb53-eb28-42a7-baf6-87b466f63978,0.58552626816315,139.77999999999997
64c389c4-6d2d-4ca7-8f84-3c96258e04fd,0.58552626816315,139.77999999999997
07342753-f5e0-4aad-85d4-cb9e6d8668f3,0.58552626816315,139.77999999999997
be96feb3-460a-411e-8ef0-0f92e27d6a38,0.58552626816315,139.77999999999997
67f816fb-d424-4e53-b2a6-81200c720e98,0.5886827917553,133.77999999999997
7dc355f7-4bb8-4486-b38d-7fcddd6ddd31,0.5834634214561,134.77999999999997
dceb019a-01dd-40da-b2d6-74a0e4ac6ee6,0.5886827917553,133.77999999999997
f60ea976-bf61-49f1-9333-805a7f95ca17,0.58552626816315,139.77999999999997
396db1f3-926f-41c0-aaa3-54fc442e9898,0.58552626816315,139.77999999999997
dcdeb900-2513-4d77-91ab-99b0e5c7a180,0.58552626816315,139.77999999999997
14324bff-d349-4ae0-ae68-bcfb60bc554b,0.5834634214561,134.77999999999997
3cc11d47-2a79-454b-bac5-42d407d7a845,0.58552626816315,139.77999999999997
d7a260e4-7fd0-4e79-a719-36d8ea6fb2ef,0.58552626816315,139.77999999999997
1b737b1f-27f9-4772-af43-90daad3ed181,0.58619910940675,140.77999999999997
23f77563-992a-4f60-a53d-b7491acc6105,0.5886827917553,133.77999999999997
e96af19c-040f-4b12-9e43-e64cd322d257,0.58734548359645,138.77999999999997
6c20445f-327d-4e5b-b873-9a210e452345,0.58552626816315,139.77999999999997
bdc52753-6d10-4c89-b3e9-1b5b15de424a,0.58552626816315,139.77999999999997
1004f4d2-1bca-4ab9-b61d-0c29e64e922d,0.58552626816315,139.77999999999997
e608c082-58ee-4e9b-a003-0d44e833016c,0.58552626816315,139.77999999999997
257f7834-6059-4426-b410-a7377723d422,0.5886827917553,133.77999999999997
c723fd6a-3801-4565-96da-08a664905dde,0.5834634214561,134.77999999999997
ace49bd4-b770-4b7b-bc11-2c1b916615fd,0.5886827917553,133.77999999999997
05b29504-a56d-4fc6-90e1-bbb73b0a34d7,0.58552626816315,139.77999999999997
2f9363f8-27df-41d8-afea-c4b6bac44897,0.58552626816315,139.77999999999997
7ea96ade-164d-4da2-9c30-08107aa144bd,0.58552626816315,139.77999999999997
2e06dbf2-8e77-4a83-abfd-d38d6953ca58,0.5834634214561,134.77999999999997
ac4833da-ec63-47d2-bb8e-aa7b099c35cf,0.58552626816315,139.77999999999997
5c5830fd-8a4e-4ad1-92a6-0771bece6db6,0.58552626816315,139.77999999999997
5875aa03-4f30-4505-9a80-85fc53163dab,0.58619910940675,140.77999999999997
9ec40ccd-bef4-47fa-a703-f85446292076,0.5886827917553,133.77999999999997
85fb222e-26d7-4c4f-9d3b-20b4f8407f5f,0.58734548359645,138.77999999999997
291edd2a-a61c-4782-a98b-4fb9139d40a7,0.58552626816315,139.77999999999997
4ac4dda8-ddb6-47ef-9a4c-ef98a246314c,0.58552626816315,139.77999999999997
d788c50d-244d-411f-a6cd-1c9ff11be7ea,0.58552626816315,139.77999999999997
7fc6448c-3820-4a66-a268-7b5ea20e7486,0.58552626816315,139.77999999999997
450dc1a6-8a48-4e85-92ef-6894f295d11d,0.58879399301835,138.77999999999997
211de492-c0d4-412d-889a-62862538f1bd,0.5834634214561,134.77999999999997
d30bf24e-bb4b-4fe8-9825-c46f0ee4f754,0.5886827917553,133.77999999999997
8ba122cb-b85f-4820-93e3-0870bc713aef,0.58552626816315,139.77999999999997
8eadcb5b-dc15-4154-a206-f94062664236,0.58552626816315,139.77999999999997
fc227e7e-5fff-4730-a1f8-7cda30c12738,0.58552626816315,139.77999999999997
c93b28b1-9b5c-44a8-9cd8-ce6b8032fda4,0.5834634214561,134.77999999999997
8d3f7622-746d-4bc6-95db-e7c03de32665,0.58552626816315,139.77999999999997
84e8f5a1-daa7-45db-937b-a42af0b77829,0.58552626816315,139.77999999999997
2ae81844-4e9a-4d51-a6fa-20092c5f4d85,0.58619910940675,140.77999999999997
0c609743-b959-4927-a771-11a5739c5e78,0.5886827917553,133.77999999999997
e46d3bd9-498b-43eb-a69c-11a94b2de86b,0.58433620245115,137.77999999999997
2dd51b98-3c92-4ce0-9fda-99ba25c16871,0.58552626816315,139.77999999999997
8a640951-4607-4e42-ae9c-9447b96e6557,0.58879399301835,138.77999999999997
24928946-f6c0-4dca-b080-9f4700c48511,0.58552626816315,139.77999999999997
6ae20d17-84bc-42ad-b61e-021adfb0a146,0.58552626816315,139.77999999999997
6be78fe9-9ecc-42c8-8a0a-995a2a7ecebe,0.5886827917553,133.77999999999997
04e75472-6828-4de1-af72-c2fbd30e2537,0.5834634214561,134.77999999999997
02705149-4c82-4ab8-bb5d-c4c8e968eccb,0.5886827917553,133.77999999999997
d07a8dad-c782-4951-8cd7-d4c5d19cd5b8,0.58552626816315,139.77999999999997
97a872fb-5ec1-4520-9d61-4e947221ebea,0.58552626816315,139.77999999999997
ceeac8bb-e63f-4a15-a818-b6f791d6548b,0.58552626816315,139.77999999999997
a7073021-7b2b-48ae-8deb-f7cf2f3c9522,0.5834634214561,134.77999999999997
cd11d327-0800-4245-90c9-25a67cd14dde,0.58552626816315,139.77999999999997
e7bcce2e-a2cd-4dbf-a904-716a766e99e7,0.58552626816315,139.77999999999997
c62e208e-fa89-4f73-8db4-95b1370a9bbc,0.58552626816315,139.77999999999997
60ae3b3a-0861-4b73-9ae7-fb956e5be69f,0.5886827917553,133.77999999999997
e7c84372-2f4b-4846-a659-06dd10e07f2f,0.58552626816315,139.77999999999997
f39e64e2-19fb-4824-ae30-d69880727e9b,0.58552626816315,139.77999999999997
865c37d3-9119-46b4-ab92-1ae6b11e5658,0.58552626816315,139.77999999999997
443f59a2-3137-4b05-a382-521a70220c44,0.58552626816315,139.77999999999997
be8ca003-34bf-4e88-8ea6-fbe2febde2b2,0.58552626816315,139.77999999999997
baf1b0c6-a74a-4615-8cfb-65d5494f5cdd,0.5886827917553,133.77999999999997
aec3f090-0da5-4afe-858a-806fcdbd4ae3,0.5834634214561,134.77999999999997
7e0f6aa1-f0df-450c-9cb6-a932b5c6c75c,0.5886827917553,133.77999999999997
7b98a1cd-669e-41a7-bf1b-4cf184f35f85,0.58552626816315,139.77999999999997
9e466eae-a757-41e1-9f36-9ad5d2b6ecf1,0.58552626816315,139.77999999999997
31a433b7-064b-4f5e-901e-a32eaf1bd020,0.58552626816315,139.77999999999997
a34abebd-d3b7-4825-afbc-69b89b96c932,0.5834634214561,134.77999999999997
a908a703-ddd4-4b90-94ef-0552f3b0d03d,0.58552626816315,139.77999999999997
d2325afa-95e7-46ae-8ea5-59b57dc5d7dd,0.58552626816315,139.77999999999997
ef6197bb-fa66-42f7-a3f6-b320b707498a,0.58619910940675,140.77999999999997
caa34ea5-eb38-4eb5-9aba-96308af7c309,0.5886827917553,133.77999999999997
e37a3ef5-c6d6-4ad1-9b08-22961b3003e2,0.58734548359645,138.77999999999997
1096949d-153c-4648-96cc-563aff66e188,0.58552626816315,139.77999999999997
04ef4648-fdcc-4b41-99a4-c47ca0309d5f,0.58879399301835,138.77999999999997
4fd80bfc-2dac-4b39-9e41-29bfd254b10d,0.58552626816315,139.77999999999997
7c4f8fce-c182-4c39-8042-18538eece984,0.58552626816315,139.77999999999997
b51bb8c8-967e-43f2-8d09-1d4636a3d6d5,0.5886827917553,133.77999999999997
3afa27af-ddb7-4427-83c7-6eae955cc7c9,0.5834634214561,134.77999999999997
2d3cc969-f5be-41ab-a1c7-1e2e73b901e1,0.5886827917553,133.77999999999997
ac23a3e3-dff6-428f-8b79-635587df1057,0.58552626816315,139.77999999999997
a45d12f7-c801-4f98-8008-f9d65ff88ebc,0.58552626816315,139.77999999999997
9ebbeaa2-087d-4474-89d9-f1e8908e6c6e,0.58552626816315,139.77999999999997
3105d0c6-c608-434f-81ab-b8f10e767cbf,0.5834634214561,134.77999999999997
d1e91594-e83b-4769-b458-e4ac50c200ae,0.58552626816315,139.77999999999997
907b1e98-a6fa-433f-b21a-c93823d51073,0.58552626816315,139.77999999999997
396f643c-98c2-4a19-a273-0c5931e6c4e8,0.58619910940675,140.77999999999997
730b8b3b-0263-4e14-9446-3f25707072c6,0.5886827917553,133.77999999999997
6c472f47-7f92-4212-972b-4af61dea4f30,0.58552626816315,139.77999999999997
3aad1611-d2c6-4a84-abbc-684c1e0b380b,0.58552626816315,139.77999999999997
de6deec9-b567-4fbb-bd39-0d1b6442775a,0.58552626816315,139.77999999999997
aff3d475-bf4f-448e-9faf-eff95b515a04,0.58552626816315,139.77999999999997
21455f13-704e-4068-94b6-626f30c9d844,0.58552626816315,139.77999999999997
1d4f4f5e-5cb0-48d1-8ef7-aff92bb14777,0.5886827917553,133.77999999999997
887b6995-839c-4c7a-83ad-b8005cbd9a44,0.5834634214561,134.77999999999997
f3e5b967-f498-4665-a1da-9c96867567af,0.5886827917553,133.77999999999997
043f1653-d36d-4764-ab0a-c28fed3db707,0.58552626816315,139.77999999999997
8e04c690-c1f9-41a6-866e-1c0b1e8f20a2,0.58552626816315,139.77999999999997
61dac779-f53f-45f3-b814-772316780e57,0.58552626816315,139.77999999999997
c914bcc6-eaf6-41e0-aa09-18f1e1659bb8,0.5834634214561,134.77999999999997
94ff6217-f975-44df-9f07-cf1b71539272,0.58552626816315,139.77999999999997
dcf8508a-7906-444e-8e00-19732782ca52,0.58552626816315,139.77999999999997
f0f4457b-4d36-49c4-bd34-4aa5efb4b3d7,0.58619910940675,140.77999999999997
fc51d2a1-17a9-4e69-8fc5-8afc303d1cc6,0.5886827917553,133.77999999999997
f4d6d043-c7bf-4ec0-8b9d-84f692043316,0.58433620245115,137.77999999999997
4f2096b7-3457-46f9-ba4e-3ebba3a7d655,0.58552626816315,139.77999999999997
bcaec9ec-0641-42bb-9fcf-76a7fe31be33,0.58552626816315,139.77999999999997
d4902f59-3251-4f93-9087-88f6b6cb823f,0.58552626816315,139.77999999999997
64d5340b-b9dc-4952-8d46-70ac066c1b0e,0.58552626816315,139.77999999999997
903088c8-6b19-4a79-83ec-4cb1d6cb2948,0.5886827917553,133.77999999999997
1f445297-e7bd-4a71-9d0d-fd28a890b90f,0.5834634214561,134.77999999999997
24d289de-2ce8-4841-a7b1-3ec32b0566c8,0.5886827917553,133.77999999999997
b0df8aa1-67d7-4392-9d92-52cd951384ab,0.58552626816315,139.77999999999997
d5127206-7fb3-46a8-8d43-cab481296d51,0.58552626816315,139.77999999999997
01a643af-83a5-4105-8a48-f1015b941c78,0.58552626816315,139.77999999999997
8d5d636c-9ae6-4079-8ab8-96e858d51ffd,0.5834634214561,134.77999999999997
2a04aa01-321a-487b-b3c0-620816c1599b,0.58552626816315,139.77999999999997
66263e68-97b5-4a7e-94f6-2b129a8dc37d,0.58552626816315,139.77999999999997
383e65cc-d6d0-46d2-a71c-2bdca95a20b2,0.58619910940675,140.77999999999997
3f2f40f1-ffc7-4bc8-826f-ce91c8dd0d64,0.5886827917553,133.77999999999997
9f4b2c72-9a08-4447-a894-9c295775abe1,0.58552626816315,139.77999999999997
dd099e67-e1a4-4fa5-8643-c01195de3a05,0.58552626816315,139.77999999999997
6aaf6c4d-a69a-4c83-b125-a608940da4ca,0.58552626816315,139.77999999999997
2d782cbd-4d54-42ce-9c10-2db77a99af50,0.58552626816315,139.77999999999997
231acddc-2fb8-42b8-80a3-1e45807da79f,0.58552626816315,139.77999999999997
95c8718a-1401-4780-becf-6504b08f4aa8,0.5886827917553,133.77999999999997
477036c9-cb5e-4d8a-a523-25631ff4a5a9,0.5834634214561,134.77999999999997
f2a7b93a-1e35-4b91-b803-b3baa9b7722a,0.5886827917553,133.77999999999997
3f7d6c96-d162-417c-8a39-de2ceab68d97,0.58552626816315,139.77999999999997
728ab802-ffec-469b-8c30-3899b8ac28eb,0.58552626816315,139.77999999999997
a928aff8-2207-4335-86e6-cc6c8bd57949,0.58552626816315,139.77999999999997
4067bb79-6ee8-4949-b246-10d8b86161e3,0.5834634214561,134.77999999999997
c7d57900-5f68-4ccc-9963-5748ea281c6d,0.58552626816315,139.77999999999997
07da2056-1d76-429f-9305-e64369001311,0.58552626816315,139.77999999999997
16dc739e-77c2-4184-b4ad-eb2ae267c73a,0.58552626816315,139.77999999999997
2688b729-40bb-48f3-9d6e-ce38356ec68b,0.5886827917553,133.77999999999997
ea3766cf-12ba-4d42-a8ef-048a90e01a8a,0.58552626816315,139.77999999999997
ecbd9023-2d93-4f8f-b9d1-e50b9fe1ce74,0.58552626816315,139.77999999999997
10cc39e8-467c-4fda-b719-56737abffecf,0.58879399301835,138.77999999999997
7e976cf8-e5d8-4fdc-95cb-735d8785ed68,0.58552626816315,139.77999999999997
ae3efcaa-6691-43fd-8f34-81708736e739,0.58552626816315,139.77999999999997
978fe15d-05dd-4100-96c5-9e13b377a3c3,0.5886827917553,133.77999999999997
33135d67-d23b-444d-a177-5b186422ac19,0.5834634214561,134.77999999999997
34eb2b37-a898-4b84-aeb3-0bd1ab323f95,0.5886827917553,133.77999999999997
da03193e-da9b-43e1-85c1-373d2d40700b,0.58552626816315,139.77999999999997
ec24afbe-b7fc-495d-ad5a-d27f58d33ab8,0.58552626816315,139.77999999999997
f702d564-aa39-426d-84c0-4b7c60da0c05,0.58552626816315,139.77999999999997
1bbe6011-4b8f-4253-80dd-662ca3e60d1b,0.5834634214561,134.77999999999997
86e1d731-11fd-4930-94ca-25ee45c2a3c5,0.58552626816315,139.77999999999997
76f44cdd-7431-44dc-951a-00957bfaa91d,0.58552626816315,139.77999999999997
8f62ba46-7e38-4a6e-a3a4-05d88614a3a6,0.58552626816315,139.77999999999997
7991a7d6-31ce-4f6f-bf26-7983a6ea6ac6,0.5886827917553,133.77999999999997
e562d93e-923e-4c89-8f00-1765fcaadb7a,0.58734548359645,138.77999999999997
f142911c-1845-4b9a-b8a8-e67110d68540,0.58552626816315,139.77999999999997
e65de462-9899-4630-b948-dcc8db7c8981,0.58552626816315,139.77999999999997
4bff9cf0-c499-4256-b535-3409fbfd7877,0.58552626816315,139.77999999999997
497e62fb-f630-4ef5-87b1-5c03d78b6da3,0.58552626816315,139.77999999999997
de770d1b-6223-462d-b4f8-241bea38140b,0.5886827917553,133.77999999999997
5e108c7d-19ca-4121-af26-901154ab5641,0.5834634214561,134.77999999999997
0703bdad-d88e-49bd-8f4e-ab5abebb11ab,0.5886827917553,133.77999999999997
6a959a29-7dd2-4d95-91b9-bfdfe8007c5f,0.58552626816315,139.77999999999997
10de123c-0846-4f23-809f-04098035c335,0.58552626816315,139.77999999999997
049c1f1e-2a51-420f-a2d4-628429bc0ffc,0.58552626816315,139.77999999999997
e88caff5-7da2-4dd5-9dd8-f39bd9374959,0.5834634214561,134.77999999999997
8978134f-94f4-4514-b922-c9cb5a19653d,0.58552626816315,139.77999999999997
78730482-73fc-4eb9-ac3d-1091b40e8abd,0.58552626816315,139.77999999999997
2ae090de-5a90-458d-afbe-c801ba01d872,0.58619910940675,140.77999999999997
1e058421-4b36-4ef8-ac6d-03afb47018c4,0.5886827917553,133.77999999999997
5a936d40-f9d9-4526-ba61-e7f60412cb24,0.58734548359645,138.77999999999997
2b86328f-e16a-4e8f-861b-96273d531310,0.58552626816315,139.77999999999997
910f28d3-3c37-4102-a2f2-e798ce831ee0,0.58879399301835,138.77999999999997
ec2e5f04-8222-4671-9faa-4ceb3a4de649,0.58552626816315,139.77999999999997
bd2311f7-8b23-4575-aec5-5f643222bc60,0.58552626816315,139.77999999999997
b5f31238-8ceb-4f7d-98bc-cd4fc0df4e1f,0.58879399301835,138.77999999999997
0506b826-6742-4c3a-9cbc-13d77201afc1,0.5834634214561,134.77999999999997
3690503f-97de-43fd-8a03-384cd10b88dc,0.5886827917553,133.77999999999997
a0e73469-2e30-4a98-822d-845f6caadc90,0.58552626816315,139.77999999999997
1fe77c37-2ee3-4efa-884d-40b6313696ed,0.58552626816315,139.77999999999997
2f057e09-6d31-432c-acf8-6390846a1945,0.58552626816315,139.77999999999997
292de310-a004-4cf4-9c93-65e7695c099f,0.5834634214561,134.77999999999997
2ee78cda-1433-46dc-9251-6f5bc17f4d9b,0.58552626816315,139.77999999999997
d5b3fbf6-ef11-42bd-aa4f-810d4f631b04,0.58552626816315,139.77999999999997
7f36455d-1087-4506-8749-c333071ce553,0.58552626816315,139.77999999999997
e0c88ed9-1af7-4137-bd98-66914094a472,0.5886827917553,133.77999999999997
145d87ca-1680-415e-86c8-de73fed0559c,0.58433620245115,137.77999999999997
25ece5fe-d704-4de9-9e39-81fb69c0f79e,0.58552626816315,139.77999999999997
1971d76a-1dcc-4522-8fff-5d52eaa0ee9b,0.58552626816315,139.77999999999997
ab547d8c-d68a-4299-8993-6c02f560a0e3,0.58552626816315,139.77999999999997
69879c9c-376f-4db1-b557-7754895a7499,0.58552626816315,139.77999999999997
f9adde32-5dcc-4ff9-9b91-fa5ce6ce1dfa,0.5886827917553,133.77999999999997
d52b7e30-86d7-496e-9f3a-170877d92414,0.5834634214561,134.77999999999997
b5538254-cfe2-4a56-9748-8db9c17994f0,0.5886827917553,133.77999999999997
197cb8fd-06a9-4dfc-95cf-08d1df695f53,0.58552626816315,139.77999999999997
9c1e0f68-3b9d-4a95-92ac-5bdbd531c8da,0.58552626816315,139.77999999999997
35ae58f6-a06e-4606-8fd4-1319c2bcb8af,0.58552626816315,139.77999999999997
636c3dba-219c-4671-97fa-8659de84827e,0.5834634214561,134.77999999999997
44f0fcde-89a6-41d9-8bc3-a1efdcfbdc2d,0.58552626816315,139.77999999999997
1b343154-5549-462a-afd9-fbef49212165,0.58552626816315,139.77999999999997
5c05025b-00dc-41c2-a854-7995caf783c4,0.58552626816315,139.77999999999997
5721054e-3a35-4711-bc01-08d61a9f236e,0.5886827917553,133.77999999999997
bf80dc6b-2632-4508-880b-4f6755c31c80,0.58552626816315,139.77999999999997
