best_fitness_value_untill_current_iteration,configuration_point_1,configuration_point_2,configuration_point_3,configuration_point_4,configuration_point_5,configuration_point_6,configuration_point_7,configuration_point_8,configuration_point_9,configuration_point_10,configuration_point_11,configuration_point_12,configuration_point_13,configuration_point_14,configuration_point_15,configuration_point_16,configuration_point_17,configuration_point_18,configuration_point_19,configuration_point_20,configuration_point_21,configuration_point_22,configuration_point_23,configuration_point_24,configuration_point_25,configuration_point_26,configuration_point_27,configuration_point_28,configuration_point_29,configuration_point_30,configuration_point_31,configuration_point_32,configuration_point_33,configuration_point_34,configuration_point_35,configuration_point_36,configuration_point_37,configuration_point_38,configuration_point_39,configuration_point_40,configuration_point_41,configuration_point_42,configuration_point_43,configuration_point_44,configuration_point_45,configuration_point_46,configuration_point_47,configuration_point_48,configuration_point_49
0.6203959256909206,0.9990593739752031,0.9175565486595249,0.6295822946353964,0.4684438567244872,0.42099225562981246,0.019956105903276455,0.716947197110183,0.49821705046862474,0.12421358686127326,0.3988537703377999,0.8029997655722537,0.8134185392428398,0.25410690526392343,0.7022113139247412,0.2987998644066615,0.15796102177747462,0.007896478652788752,0.698405262311872,0.017926059608427747,0.015485203350676047,0.6538273494405581,0.42364841262482034,0.6239044772098687,0.3634799232011089,0.2546544952507436,0.48649515734867355,0.23319602617902668,0.6685397823758974,0.585771121492565,0.9802932970114924,0.4596401520184722,0.3171296609659062,0.905610079673196,0.41951783653577623,0.7474803482982156,0.1412198558100295,0.5400245341001508,0.41573478495401706,0.43154262585091585,0.33791397495745656,0.16932795474175089,0.04405066871848329,0.03331214843315988,0.718500753970275,0.3951637405991293,0.40505240093503725,0.0804967504250409,0.396503375990245,0.2858957345007277
0.6203959256909206,0.9990593739752031,0.9175565486595249,0.6295822946353964,0.4684438567244872,0.42099225562981246,0.019956105903276455,0.716947197110183,0.49821705046862474,0.12421358686127326,0.3988537703377999,0.8029997655722537,0.8134185392428398,0.25410690526392343,0.7022113139247412,0.2987998644066615,0.15796102177747462,0.007896478652788752,0.698405262311872,0.017926059608427747,0.015485203350676047,0.6538273494405581,0.42364841262482034,0.6239044772098687,0.3634799232011089,0.2546544952507436,0.48649515734867355,0.23319602617902668,0.6685397823758974,0.585771121492565,0.9802932970114924,0.4596401520184722,0.3171296609659062,0.905610079673196,0.41951783653577623,0.7474803482982156,0.1412198558100295,0.5400245341001508,0.41573478495401706,0.43154262585091585,0.33791397495745656,0.16932795474175089,0.04405066871848329,0.03331214843315988,0.718500753970275,0.3951637405991293,0.40505240093503725,0.0804967504250409,0.396503375990245,0.2858957345007277
0.6063334141181085,0.08031342218710857,0.4539275277328698,0.7538083180592557,0.5988015464993929,0.4953083499617711,0.643797884007111,0.05828645473778138,0.7270195989923866,0.3081775241050404,0.6159445203475854,0.5308704391265553,0.08876151738585936,0.5337030681555496,0.1628584318089492,0.21020923055730922,0.09592477587602966,0.277750282456827,0.4685478517110063,0.6874574335478949,0.39553810107825027,0.26300296617352326,0.3093305282204931,0.8185898766552085,0.455698808364582,0.37922629796556395,0.10157476251986419,0.6776895494433948,0.8495964451582368,0.11202945312156576,0.06444854055357407,0.35616623083061816,0.6727798953516574,0.019834547224685473,0.2823288752633246,0.5877384992503552,0.3543479553199489,0.01970477194591369,0.25950930993259114,0.7057644174069373,0.5086951561487568,0.49652342526061655,0.7116718364985579,0.4912522152819464,0.26680212044415585,0.25069935407280375,0.6313141437723683,0.6044906198852701,0.2502838552906681,0.40051637163257947
0.6063334141181085,0.08031342218710857,0.4539275277328698,0.7538083180592557,0.5988015464993929,0.4953083499617711,0.643797884007111,0.05828645473778138,0.7270195989923866,0.3081775241050404,0.6159445203475854,0.5308704391265553,0.08876151738585936,0.5337030681555496,0.1628584318089492,0.21020923055730922,0.09592477587602966,0.277750282456827,0.4685478517110063,0.6874574335478949,0.39553810107825027,0.26300296617352326,0.3093305282204931,0.8185898766552085,0.455698808364582,0.37922629796556395,0.10157476251986419,0.6776895494433948,0.8495964451582368,0.11202945312156576,0.06444854055357407,0.35616623083061816,0.6727798953516574,0.019834547224685473,0.2823288752633246,0.5877384992503552,0.3543479553199489,0.01970477194591369,0.25950930993259114,0.7057644174069373,0.5086951561487568,0.49652342526061655,0.7116718364985579,0.4912522152819464,0.26680212044415585,0.25069935407280375,0.6313141437723683,0.6044906198852701,0.2502838552906681,0.40051637163257947
0.6063334141181085,0.08031342218710857,0.4539275277328698,0.7538083180592557,0.5988015464993929,0.4953083499617711,0.643797884007111,0.05828645473778138,0.7270195989923866,0.3081775241050404,0.6159445203475854,0.5308704391265553,0.08876151738585936,0.5337030681555496,0.1628584318089492,0.21020923055730922,0.09592477587602966,0.277750282456827,0.4685478517110063,0.6874574335478949,0.39553810107825027,0.26300296617352326,0.3093305282204931,0.8185898766552085,0.455698808364582,0.37922629796556395,0.10157476251986419,0.6776895494433948,0.8495964451582368,0.11202945312156576,0.06444854055357407,0.35616623083061816,0.6727798953516574,0.019834547224685473,0.2823288752633246,0.5877384992503552,0.3543479553199489,0.01970477194591369,0.25950930993259114,0.7057644174069373,0.5086951561487568,0.49652342526061655,0.7116718364985579,0.4912522152819464,0.26680212044415585,0.25069935407280375,0.6313141437723683,0.6044906198852701,0.2502838552906681,0.40051637163257947
0.6063334141181085,0.08031342218710857,0.4539275277328698,0.7538083180592557,0.5988015464993929,0.4953083499617711,0.643797884007111,0.05828645473778138,0.7270195989923866,0.3081775241050404,0.6159445203475854,0.5308704391265553,0.08876151738585936,0.5337030681555496,0.1628584318089492,0.21020923055730922,0.09592477587602966,0.277750282456827,0.4685478517110063,0.6874574335478949,0.39553810107825027,0.26300296617352326,0.3093305282204931,0.8185898766552085,0.455698808364582,0.37922629796556395,0.10157476251986419,0.6776895494433948,0.8495964451582368,0.11202945312156576,0.06444854055357407,0.35616623083061816,0.6727798953516574,0.019834547224685473,0.2823288752633246,0.5877384992503552,0.3543479553199489,0.01970477194591369,0.25950930993259114,0.7057644174069373,0.5086951561487568,0.49652342526061655,0.7116718364985579,0.4912522152819464,0.26680212044415585,0.25069935407280375,0.6313141437723683,0.6044906198852701,0.2502838552906681,0.40051637163257947
0.6063334141181085,0.08031342218710857,0.4539275277328698,0.7538083180592557,0.5988015464993929,0.4953083499617711,0.643797884007111,0.05828645473778138,0.7270195989923866,0.3081775241050404,0.6159445203475854,0.5308704391265553,0.08876151738585936,0.5337030681555496,0.1628584318089492,0.21020923055730922,0.09592477587602966,0.277750282456827,0.4685478517110063,0.6874574335478949,0.39553810107825027,0.26300296617352326,0.3093305282204931,0.8185898766552085,0.455698808364582,0.37922629796556395,0.10157476251986419,0.6776895494433948,0.8495964451582368,0.11202945312156576,0.06444854055357407,0.35616623083061816,0.6727798953516574,0.019834547224685473,0.2823288752633246,0.5877384992503552,0.3543479553199489,0.01970477194591369,0.25950930993259114,0.7057644174069373,0.5086951561487568,0.49652342526061655,0.7116718364985579,0.4912522152819464,0.26680212044415585,0.25069935407280375,0.6313141437723683,0.6044906198852701,0.2502838552906681,0.40051637163257947
0.6063334141181085,0.08031342218710857,0.4539275277328698,0.7538083180592557,0.5988015464993929,0.4953083499617711,0.643797884007111,0.05828645473778138,0.7270195989923866,0.3081775241050404,0.6159445203475854,0.5308704391265553,0.08876151738585936,0.5337030681555496,0.1628584318089492,0.21020923055730922,0.09592477587602966,0.277750282456827,0.4685478517110063,0.6874574335478949,0.39553810107825027,0.26300296617352326,0.3093305282204931,0.8185898766552085,0.455698808364582,0.37922629796556395,0.10157476251986419,0.6776895494433948,0.8495964451582368,0.11202945312156576,0.06444854055357407,0.35616623083061816,0.6727798953516574,0.019834547224685473,0.2823288752633246,0.5877384992503552,0.3543479553199489,0.01970477194591369,0.25950930993259114,0.7057644174069373,0.5086951561487568,0.49652342526061655,0.7116718364985579,0.4912522152819464,0.26680212044415585,0.25069935407280375,0.6313141437723683,0.6044906198852701,0.2502838552906681,0.40051637163257947
0.6063334141181085,0.08031342218710857,0.4539275277328698,0.7538083180592557,0.5988015464993929,0.4953083499617711,0.643797884007111,0.05828645473778138,0.7270195989923866,0.3081775241050404,0.6159445203475854,0.5308704391265553,0.08876151738585936,0.5337030681555496,0.1628584318089492,0.21020923055730922,0.09592477587602966,0.277750282456827,0.4685478517110063,0.6874574335478949,0.39553810107825027,0.26300296617352326,0.3093305282204931,0.8185898766552085,0.455698808364582,0.37922629796556395,0.10157476251986419,0.6776895494433948,0.8495964451582368,0.11202945312156576,0.06444854055357407,0.35616623083061816,0.6727798953516574,0.019834547224685473,0.2823288752633246,0.5877384992503552,0.3543479553199489,0.01970477194591369,0.25950930993259114,0.7057644174069373,0.5086951561487568,0.49652342526061655,0.7116718364985579,0.4912522152819464,0.26680212044415585,0.25069935407280375,0.6313141437723683,0.6044906198852701,0.2502838552906681,0.40051637163257947
0.6063334141181085,0.08031342218710857,0.4539275277328698,0.7538083180592557,0.5988015464993929,0.4953083499617711,0.643797884007111,0.05828645473778138,0.7270195989923866,0.3081775241050404,0.6159445203475854,0.5308704391265553,0.08876151738585936,0.5337030681555496,0.1628584318089492,0.21020923055730922,0.09592477587602966,0.277750282456827,0.4685478517110063,0.6874574335478949,0.39553810107825027,0.26300296617352326,0.3093305282204931,0.8185898766552085,0.455698808364582,0.37922629796556395,0.10157476251986419,0.6776895494433948,0.8495964451582368,0.11202945312156576,0.06444854055357407,0.35616623083061816,0.6727798953516574,0.019834547224685473,0.2823288752633246,0.5877384992503552,0.3543479553199489,0.01970477194591369,0.25950930993259114,0.7057644174069373,0.5086951561487568,0.49652342526061655,0.7116718364985579,0.4912522152819464,0.26680212044415585,0.25069935407280375,0.6313141437723683,0.6044906198852701,0.2502838552906681,0.40051637163257947
0.6063334141181085,0.08031342218710857,0.4539275277328698,0.7538083180592557,0.5988015464993929,0.4953083499617711,0.643797884007111,0.05828645473778138,0.7270195989923866,0.3081775241050404,0.6159445203475854,0.5308704391265553,0.08876151738585936,0.5337030681555496,0.1628584318089492,0.21020923055730922,0.09592477587602966,0.277750282456827,0.4685478517110063,0.6874574335478949,0.39553810107825027,0.26300296617352326,0.3093305282204931,0.8185898766552085,0.455698808364582,0.37922629796556395,0.10157476251986419,0.6776895494433948,0.8495964451582368,0.11202945312156576,0.06444854055357407,0.35616623083061816,0.6727798953516574,0.019834547224685473,0.2823288752633246,0.5877384992503552,0.3543479553199489,0.01970477194591369,0.25950930993259114,0.7057644174069373,0.5086951561487568,0.49652342526061655,0.7116718364985579,0.4912522152819464,0.26680212044415585,0.25069935407280375,0.6313141437723683,0.6044906198852701,0.2502838552906681,0.40051637163257947
0.6063334141181085,0.08031342218710857,0.4539275277328698,0.7538083180592557,0.5988015464993929,0.4953083499617711,0.643797884007111,0.05828645473778138,0.7270195989923866,0.3081775241050404,0.6159445203475854,0.5308704391265553,0.08876151738585936,0.5337030681555496,0.1628584318089492,0.21020923055730922,0.09592477587602966,0.277750282456827,0.4685478517110063,0.6874574335478949,0.39553810107825027,0.26300296617352326,0.3093305282204931,0.8185898766552085,0.455698808364582,0.37922629796556395,0.10157476251986419,0.6776895494433948,0.8495964451582368,0.11202945312156576,0.06444854055357407,0.35616623083061816,0.6727798953516574,0.019834547224685473,0.2823288752633246,0.5877384992503552,0.3543479553199489,0.01970477194591369,0.25950930993259114,0.7057644174069373,0.5086951561487568,0.49652342526061655,0.7116718364985579,0.4912522152819464,0.26680212044415585,0.25069935407280375,0.6313141437723683,0.6044906198852701,0.2502838552906681,0.40051637163257947
0.6050492432233393,0.3360292297248054,0.11057733157765459,0.5754920048894698,0.3274226394611507,0.4372707145830683,0.42711721144321413,0.1407832261607953,0.5564813881744413,0.0879022959072151,0.9878413569989511,0.3140278210572267,0.1478248429062421,0.17564823558869735,0.20767014348115087,0.5293261826917298,0.9982124305832308,0.9872401313962715,0.32257345486571554,0.08837761038484115,0.17319355467751152,0.9979322336594372,0.9031761222672515,0.22367545148645507,0.49614282511991625,0.04270547638172084,0.43462695971087484,0.5226105131576083,0.7771041722702333,0.19565772030780937,0.19891409465065757,0.3796082486503495,0.23966202696397088,0.0714230317470631,0.10435040941749385,0.1351479657130995,0.39606724892031486,0.46190645836946886,0.014913402606975712,0.2591723342379103,0.9086436036958226,0.391238145607406,0.16264960441806509,0.7981669928844025,0.02160844414389107,0.11439476644220736,0.3711433158176054,0.1832294890379389,0.3352653062529275,0.15607589957296786
0.6050492432233393,0.3360292297248054,0.11057733157765459,0.5754920048894698,0.3274226394611507,0.4372707145830683,0.42711721144321413,0.1407832261607953,0.5564813881744413,0.0879022959072151,0.9878413569989511,0.3140278210572267,0.1478248429062421,0.17564823558869735,0.20767014348115087,0.5293261826917298,0.9982124305832308,0.9872401313962715,0.32257345486571554,0.08837761038484115,0.17319355467751152,0.9979322336594372,0.9031761222672515,0.22367545148645507,0.49614282511991625,0.04270547638172084,0.43462695971087484,0.5226105131576083,0.7771041722702333,0.19565772030780937,0.19891409465065757,0.3796082486503495,0.23966202696397088,0.0714230317470631,0.10435040941749385,0.1351479657130995,0.39606724892031486,0.46190645836946886,0.014913402606975712,0.2591723342379103,0.9086436036958226,0.391238145607406,0.16264960441806509,0.7981669928844025,0.02160844414389107,0.11439476644220736,0.3711433158176054,0.1832294890379389,0.3352653062529275,0.15607589957296786
0.6050492432233393,0.3360292297248054,0.11057733157765459,0.5754920048894698,0.3274226394611507,0.4372707145830683,0.42711721144321413,0.1407832261607953,0.5564813881744413,0.0879022959072151,0.9878413569989511,0.3140278210572267,0.1478248429062421,0.17564823558869735,0.20767014348115087,0.5293261826917298,0.9982124305832308,0.9872401313962715,0.32257345486571554,0.08837761038484115,0.17319355467751152,0.9979322336594372,0.9031761222672515,0.22367545148645507,0.49614282511991625,0.04270547638172084,0.43462695971087484,0.5226105131576083,0.7771041722702333,0.19565772030780937,0.19891409465065757,0.3796082486503495,0.23966202696397088,0.0714230317470631,0.10435040941749385,0.1351479657130995,0.39606724892031486,0.46190645836946886,0.014913402606975712,0.2591723342379103,0.9086436036958226,0.391238145607406,0.16264960441806509,0.7981669928844025,0.02160844414389107,0.11439476644220736,0.3711433158176054,0.1832294890379389,0.3352653062529275,0.15607589957296786
0.6050492432233393,0.3360292297248054,0.11057733157765459,0.5754920048894698,0.3274226394611507,0.4372707145830683,0.42711721144321413,0.1407832261607953,0.5564813881744413,0.0879022959072151,0.9878413569989511,0.3140278210572267,0.1478248429062421,0.17564823558869735,0.20767014348115087,0.5293261826917298,0.9982124305832308,0.9872401313962715,0.32257345486571554,0.08837761038484115,0.17319355467751152,0.9979322336594372,0.9031761222672515,0.22367545148645507,0.49614282511991625,0.04270547638172084,0.43462695971087484,0.5226105131576083,0.7771041722702333,0.19565772030780937,0.19891409465065757,0.3796082486503495,0.23966202696397088,0.0714230317470631,0.10435040941749385,0.1351479657130995,0.39606724892031486,0.46190645836946886,0.014913402606975712,0.2591723342379103,0.9086436036958226,0.391238145607406,0.16264960441806509,0.7981669928844025,0.02160844414389107,0.11439476644220736,0.3711433158176054,0.1832294890379389,0.3352653062529275,0.15607589957296786
0.6050492432233393,0.3360292297248054,0.11057733157765459,0.5754920048894698,0.3274226394611507,0.4372707145830683,0.42711721144321413,0.1407832261607953,0.5564813881744413,0.0879022959072151,0.9878413569989511,0.3140278210572267,0.1478248429062421,0.17564823558869735,0.20767014348115087,0.5293261826917298,0.9982124305832308,0.9872401313962715,0.32257345486571554,0.08837761038484115,0.17319355467751152,0.9979322336594372,0.9031761222672515,0.22367545148645507,0.49614282511991625,0.04270547638172084,0.43462695971087484,0.5226105131576083,0.7771041722702333,0.19565772030780937,0.19891409465065757,0.3796082486503495,0.23966202696397088,0.0714230317470631,0.10435040941749385,0.1351479657130995,0.39606724892031486,0.46190645836946886,0.014913402606975712,0.2591723342379103,0.9086436036958226,0.391238145607406,0.16264960441806509,0.7981669928844025,0.02160844414389107,0.11439476644220736,0.3711433158176054,0.1832294890379389,0.3352653062529275,0.15607589957296786
0.6050492432233393,0.3360292297248054,0.11057733157765459,0.5754920048894698,0.3274226394611507,0.4372707145830683,0.42711721144321413,0.1407832261607953,0.5564813881744413,0.0879022959072151,0.9878413569989511,0.3140278210572267,0.1478248429062421,0.17564823558869735,0.20767014348115087,0.5293261826917298,0.9982124305832308,0.9872401313962715,0.32257345486571554,0.08837761038484115,0.17319355467751152,0.9979322336594372,0.9031761222672515,0.22367545148645507,0.49614282511991625,0.04270547638172084,0.43462695971087484,0.5226105131576083,0.7771041722702333,0.19565772030780937,0.19891409465065757,0.3796082486503495,0.23966202696397088,0.0714230317470631,0.10435040941749385,0.1351479657130995,0.39606724892031486,0.46190645836946886,0.014913402606975712,0.2591723342379103,0.9086436036958226,0.391238145607406,0.16264960441806509,0.7981669928844025,0.02160844414389107,0.11439476644220736,0.3711433158176054,0.1832294890379389,0.3352653062529275,0.15607589957296786
0.6050492432233393,0.3360292297248054,0.11057733157765459,0.5754920048894698,0.3274226394611507,0.4372707145830683,0.42711721144321413,0.1407832261607953,0.5564813881744413,0.0879022959072151,0.9878413569989511,0.3140278210572267,0.1478248429062421,0.17564823558869735,0.20767014348115087,0.5293261826917298,0.9982124305832308,0.9872401313962715,0.32257345486571554,0.08837761038484115,0.17319355467751152,0.9979322336594372,0.9031761222672515,0.22367545148645507,0.49614282511991625,0.04270547638172084,0.43462695971087484,0.5226105131576083,0.7771041722702333,0.19565772030780937,0.19891409465065757,0.3796082486503495,0.23966202696397088,0.0714230317470631,0.10435040941749385,0.1351479657130995,0.39606724892031486,0.46190645836946886,0.014913402606975712,0.2591723342379103,0.9086436036958226,0.391238145607406,0.16264960441806509,0.7981669928844025,0.02160844414389107,0.11439476644220736,0.3711433158176054,0.1832294890379389,0.3352653062529275,0.15607589957296786
0.6050492432233393,0.3360292297248054,0.11057733157765459,0.5754920048894698,0.3274226394611507,0.4372707145830683,0.42711721144321413,0.1407832261607953,0.5564813881744413,0.0879022959072151,0.9878413569989511,0.3140278210572267,0.1478248429062421,0.17564823558869735,0.20767014348115087,0.5293261826917298,0.9982124305832308,0.9872401313962715,0.32257345486571554,0.08837761038484115,0.17319355467751152,0.9979322336594372,0.9031761222672515,0.22367545148645507,0.49614282511991625,0.04270547638172084,0.43462695971087484,0.5226105131576083,0.7771041722702333,0.19565772030780937,0.19891409465065757,0.3796082486503495,0.23966202696397088,0.0714230317470631,0.10435040941749385,0.1351479657130995,0.39606724892031486,0.46190645836946886,0.014913402606975712,0.2591723342379103,0.9086436036958226,0.391238145607406,0.16264960441806509,0.7981669928844025,0.02160844414389107,0.11439476644220736,0.3711433158176054,0.1832294890379389,0.3352653062529275,0.15607589957296786
0.6050492432233393,0.3360292297248054,0.11057733157765459,0.5754920048894698,0.3274226394611507,0.4372707145830683,0.42711721144321413,0.1407832261607953,0.5564813881744413,0.0879022959072151,0.9878413569989511,0.3140278210572267,0.1478248429062421,0.17564823558869735,0.20767014348115087,0.5293261826917298,0.9982124305832308,0.9872401313962715,0.32257345486571554,0.08837761038484115,0.17319355467751152,0.9979322336594372,0.9031761222672515,0.22367545148645507,0.49614282511991625,0.04270547638172084,0.43462695971087484,0.5226105131576083,0.7771041722702333,0.19565772030780937,0.19891409465065757,0.3796082486503495,0.23966202696397088,0.0714230317470631,0.10435040941749385,0.1351479657130995,0.39606724892031486,0.46190645836946886,0.014913402606975712,0.2591723342379103,0.9086436036958226,0.391238145607406,0.16264960441806509,0.7981669928844025,0.02160844414389107,0.11439476644220736,0.3711433158176054,0.1832294890379389,0.3352653062529275,0.15607589957296786
0.6050492432233393,0.3360292297248054,0.11057733157765459,0.5754920048894698,0.3274226394611507,0.4372707145830683,0.42711721144321413,0.1407832261607953,0.5564813881744413,0.0879022959072151,0.9878413569989511,0.3140278210572267,0.1478248429062421,0.17564823558869735,0.20767014348115087,0.5293261826917298,0.9982124305832308,0.9872401313962715,0.32257345486571554,0.08837761038484115,0.17319355467751152,0.9979322336594372,0.9031761222672515,0.22367545148645507,0.49614282511991625,0.04270547638172084,0.43462695971087484,0.5226105131576083,0.7771041722702333,0.19565772030780937,0.19891409465065757,0.3796082486503495,0.23966202696397088,0.0714230317470631,0.10435040941749385,0.1351479657130995,0.39606724892031486,0.46190645836946886,0.014913402606975712,0.2591723342379103,0.9086436036958226,0.391238145607406,0.16264960441806509,0.7981669928844025,0.02160844414389107,0.11439476644220736,0.3711433158176054,0.1832294890379389,0.3352653062529275,0.15607589957296786
0.6050492432233393,0.3360292297248054,0.11057733157765459,0.5754920048894698,0.3274226394611507,0.4372707145830683,0.42711721144321413,0.1407832261607953,0.5564813881744413,0.0879022959072151,0.9878413569989511,0.3140278210572267,0.1478248429062421,0.17564823558869735,0.20767014348115087,0.5293261826917298,0.9982124305832308,0.9872401313962715,0.32257345486571554,0.08837761038484115,0.17319355467751152,0.9979322336594372,0.9031761222672515,0.22367545148645507,0.49614282511991625,0.04270547638172084,0.43462695971087484,0.5226105131576083,0.7771041722702333,0.19565772030780937,0.19891409465065757,0.3796082486503495,0.23966202696397088,0.0714230317470631,0.10435040941749385,0.1351479657130995,0.39606724892031486,0.46190645836946886,0.014913402606975712,0.2591723342379103,0.9086436036958226,0.391238145607406,0.16264960441806509,0.7981669928844025,0.02160844414389107,0.11439476644220736,0.3711433158176054,0.1832294890379389,0.3352653062529275,0.15607589957296786
0.6050492432233393,0.3360292297248054,0.11057733157765459,0.5754920048894698,0.3274226394611507,0.4372707145830683,0.42711721144321413,0.1407832261607953,0.5564813881744413,0.0879022959072151,0.9878413569989511,0.3140278210572267,0.1478248429062421,0.17564823558869735,0.20767014348115087,0.5293261826917298,0.9982124305832308,0.9872401313962715,0.32257345486571554,0.08837761038484115,0.17319355467751152,0.9979322336594372,0.9031761222672515,0.22367545148645507,0.49614282511991625,0.04270547638172084,0.43462695971087484,0.5226105131576083,0.7771041722702333,0.19565772030780937,0.19891409465065757,0.3796082486503495,0.23966202696397088,0.0714230317470631,0.10435040941749385,0.1351479657130995,0.39606724892031486,0.46190645836946886,0.014913402606975712,0.2591723342379103,0.9086436036958226,0.391238145607406,0.16264960441806509,0.7981669928844025,0.02160844414389107,0.11439476644220736,0.3711433158176054,0.1832294890379389,0.3352653062529275,0.15607589957296786
0.6050492432233393,0.3360292297248054,0.11057733157765459,0.5754920048894698,0.3274226394611507,0.4372707145830683,0.42711721144321413,0.1407832261607953,0.5564813881744413,0.0879022959072151,0.9878413569989511,0.3140278210572267,0.1478248429062421,0.17564823558869735,0.20767014348115087,0.5293261826917298,0.9982124305832308,0.9872401313962715,0.32257345486571554,0.08837761038484115,0.17319355467751152,0.9979322336594372,0.9031761222672515,0.22367545148645507,0.49614282511991625,0.04270547638172084,0.43462695971087484,0.5226105131576083,0.7771041722702333,0.19565772030780937,0.19891409465065757,0.3796082486503495,0.23966202696397088,0.0714230317470631,0.10435040941749385,0.1351479657130995,0.39606724892031486,0.46190645836946886,0.014913402606975712,0.2591723342379103,0.9086436036958226,0.391238145607406,0.16264960441806509,0.7981669928844025,0.02160844414389107,0.11439476644220736,0.3711433158176054,0.1832294890379389,0.3352653062529275,0.15607589957296786
0.6050492432233393,0.3360292297248054,0.11057733157765459,0.5754920048894698,0.3274226394611507,0.4372707145830683,0.42711721144321413,0.1407832261607953,0.5564813881744413,0.0879022959072151,0.9878413569989511,0.3140278210572267,0.1478248429062421,0.17564823558869735,0.20767014348115087,0.5293261826917298,0.9982124305832308,0.9872401313962715,0.32257345486571554,0.08837761038484115,0.17319355467751152,0.9979322336594372,0.9031761222672515,0.22367545148645507,0.49614282511991625,0.04270547638172084,0.43462695971087484,0.5226105131576083,0.7771041722702333,0.19565772030780937,0.19891409465065757,0.3796082486503495,0.23966202696397088,0.0714230317470631,0.10435040941749385,0.1351479657130995,0.39606724892031486,0.46190645836946886,0.014913402606975712,0.2591723342379103,0.9086436036958226,0.391238145607406,0.16264960441806509,0.7981669928844025,0.02160844414389107,0.11439476644220736,0.3711433158176054,0.1832294890379389,0.3352653062529275,0.15607589957296786
0.6050492432233393,0.3360292297248054,0.11057733157765459,0.5754920048894698,0.3274226394611507,0.4372707145830683,0.42711721144321413,0.1407832261607953,0.5564813881744413,0.0879022959072151,0.9878413569989511,0.3140278210572267,0.1478248429062421,0.17564823558869735,0.20767014348115087,0.5293261826917298,0.9982124305832308,0.9872401313962715,0.32257345486571554,0.08837761038484115,0.17319355467751152,0.9979322336594372,0.9031761222672515,0.22367545148645507,0.49614282511991625,0.04270547638172084,0.43462695971087484,0.5226105131576083,0.7771041722702333,0.19565772030780937,0.19891409465065757,0.3796082486503495,0.23966202696397088,0.0714230317470631,0.10435040941749385,0.1351479657130995,0.39606724892031486,0.46190645836946886,0.014913402606975712,0.2591723342379103,0.9086436036958226,0.391238145607406,0.16264960441806509,0.7981669928844025,0.02160844414389107,0.11439476644220736,0.3711433158176054,0.1832294890379389,0.3352653062529275,0.15607589957296786
0.6050492432233393,0.3360292297248054,0.11057733157765459,0.5754920048894698,0.3274226394611507,0.4372707145830683,0.42711721144321413,0.1407832261607953,0.5564813881744413,0.0879022959072151,0.9878413569989511,0.3140278210572267,0.1478248429062421,0.17564823558869735,0.20767014348115087,0.5293261826917298,0.9982124305832308,0.9872401313962715,0.32257345486571554,0.08837761038484115,0.17319355467751152,0.9979322336594372,0.9031761222672515,0.22367545148645507,0.49614282511991625,0.04270547638172084,0.43462695971087484,0.5226105131576083,0.7771041722702333,0.19565772030780937,0.19891409465065757,0.3796082486503495,0.23966202696397088,0.0714230317470631,0.10435040941749385,0.1351479657130995,0.39606724892031486,0.46190645836946886,0.014913402606975712,0.2591723342379103,0.9086436036958226,0.391238145607406,0.16264960441806509,0.7981669928844025,0.02160844414389107,0.11439476644220736,0.3711433158176054,0.1832294890379389,0.3352653062529275,0.15607589957296786
0.6050492432233393,0.3360292297248054,0.11057733157765459,0.5754920048894698,0.3274226394611507,0.4372707145830683,0.42711721144321413,0.1407832261607953,0.5564813881744413,0.0879022959072151,0.9878413569989511,0.3140278210572267,0.1478248429062421,0.17564823558869735,0.20767014348115087,0.5293261826917298,0.9982124305832308,0.9872401313962715,0.32257345486571554,0.08837761038484115,0.17319355467751152,0.9979322336594372,0.9031761222672515,0.22367545148645507,0.49614282511991625,0.04270547638172084,0.43462695971087484,0.5226105131576083,0.7771041722702333,0.19565772030780937,0.19891409465065757,0.3796082486503495,0.23966202696397088,0.0714230317470631,0.10435040941749385,0.1351479657130995,0.39606724892031486,0.46190645836946886,0.014913402606975712,0.2591723342379103,0.9086436036958226,0.391238145607406,0.16264960441806509,0.7981669928844025,0.02160844414389107,0.11439476644220736,0.3711433158176054,0.1832294890379389,0.3352653062529275,0.15607589957296786
0.6050492432233393,0.3360292297248054,0.11057733157765459,0.5754920048894698,0.3274226394611507,0.4372707145830683,0.42711721144321413,0.1407832261607953,0.5564813881744413,0.0879022959072151,0.9878413569989511,0.3140278210572267,0.1478248429062421,0.17564823558869735,0.20767014348115087,0.5293261826917298,0.9982124305832308,0.9872401313962715,0.32257345486571554,0.08837761038484115,0.17319355467751152,0.9979322336594372,0.9031761222672515,0.22367545148645507,0.49614282511991625,0.04270547638172084,0.43462695971087484,0.5226105131576083,0.7771041722702333,0.19565772030780937,0.19891409465065757,0.3796082486503495,0.23966202696397088,0.0714230317470631,0.10435040941749385,0.1351479657130995,0.39606724892031486,0.46190645836946886,0.014913402606975712,0.2591723342379103,0.9086436036958226,0.391238145607406,0.16264960441806509,0.7981669928844025,0.02160844414389107,0.11439476644220736,0.3711433158176054,0.1832294890379389,0.3352653062529275,0.15607589957296786
0.6050492432233393,0.3360292297248054,0.11057733157765459,0.5754920048894698,0.3274226394611507,0.4372707145830683,0.42711721144321413,0.1407832261607953,0.5564813881744413,0.0879022959072151,0.9878413569989511,0.3140278210572267,0.1478248429062421,0.17564823558869735,0.20767014348115087,0.5293261826917298,0.9982124305832308,0.9872401313962715,0.32257345486571554,0.08837761038484115,0.17319355467751152,0.9979322336594372,0.9031761222672515,0.22367545148645507,0.49614282511991625,0.04270547638172084,0.43462695971087484,0.5226105131576083,0.7771041722702333,0.19565772030780937,0.19891409465065757,0.3796082486503495,0.23966202696397088,0.0714230317470631,0.10435040941749385,0.1351479657130995,0.39606724892031486,0.46190645836946886,0.014913402606975712,0.2591723342379103,0.9086436036958226,0.391238145607406,0.16264960441806509,0.7981669928844025,0.02160844414389107,0.11439476644220736,0.3711433158176054,0.1832294890379389,0.3352653062529275,0.15607589957296786
0.6050492432233393,0.3360292297248054,0.11057733157765459,0.5754920048894698,0.3274226394611507,0.4372707145830683,0.42711721144321413,0.1407832261607953,0.5564813881744413,0.0879022959072151,0.9878413569989511,0.3140278210572267,0.1478248429062421,0.17564823558869735,0.20767014348115087,0.5293261826917298,0.9982124305832308,0.9872401313962715,0.32257345486571554,0.08837761038484115,0.17319355467751152,0.9979322336594372,0.9031761222672515,0.22367545148645507,0.49614282511991625,0.04270547638172084,0.43462695971087484,0.5226105131576083,0.7771041722702333,0.19565772030780937,0.19891409465065757,0.3796082486503495,0.23966202696397088,0.0714230317470631,0.10435040941749385,0.1351479657130995,0.39606724892031486,0.46190645836946886,0.014913402606975712,0.2591723342379103,0.9086436036958226,0.391238145607406,0.16264960441806509,0.7981669928844025,0.02160844414389107,0.11439476644220736,0.3711433158176054,0.1832294890379389,0.3352653062529275,0.15607589957296786
0.6050492432233393,0.3360292297248054,0.11057733157765459,0.5754920048894698,0.3274226394611507,0.4372707145830683,0.42711721144321413,0.1407832261607953,0.5564813881744413,0.0879022959072151,0.9878413569989511,0.3140278210572267,0.1478248429062421,0.17564823558869735,0.20767014348115087,0.5293261826917298,0.9982124305832308,0.9872401313962715,0.32257345486571554,0.08837761038484115,0.17319355467751152,0.9979322336594372,0.9031761222672515,0.22367545148645507,0.49614282511991625,0.04270547638172084,0.43462695971087484,0.5226105131576083,0.7771041722702333,0.19565772030780937,0.19891409465065757,0.3796082486503495,0.23966202696397088,0.0714230317470631,0.10435040941749385,0.1351479657130995,0.39606724892031486,0.46190645836946886,0.014913402606975712,0.2591723342379103,0.9086436036958226,0.391238145607406,0.16264960441806509,0.7981669928844025,0.02160844414389107,0.11439476644220736,0.3711433158176054,0.1832294890379389,0.3352653062529275,0.15607589957296786
0.6050492432233393,0.3360292297248054,0.11057733157765459,0.5754920048894698,0.3274226394611507,0.4372707145830683,0.42711721144321413,0.1407832261607953,0.5564813881744413,0.0879022959072151,0.9878413569989511,0.3140278210572267,0.1478248429062421,0.17564823558869735,0.20767014348115087,0.5293261826917298,0.9982124305832308,0.9872401313962715,0.32257345486571554,0.08837761038484115,0.17319355467751152,0.9979322336594372,0.9031761222672515,0.22367545148645507,0.49614282511991625,0.04270547638172084,0.43462695971087484,0.5226105131576083,0.7771041722702333,0.19565772030780937,0.19891409465065757,0.3796082486503495,0.23966202696397088,0.0714230317470631,0.10435040941749385,0.1351479657130995,0.39606724892031486,0.46190645836946886,0.014913402606975712,0.2591723342379103,0.9086436036958226,0.391238145607406,0.16264960441806509,0.7981669928844025,0.02160844414389107,0.11439476644220736,0.3711433158176054,0.1832294890379389,0.3352653062529275,0.15607589957296786
0.6050492432233393,0.3360292297248054,0.11057733157765459,0.5754920048894698,0.3274226394611507,0.4372707145830683,0.42711721144321413,0.1407832261607953,0.5564813881744413,0.0879022959072151,0.9878413569989511,0.3140278210572267,0.1478248429062421,0.17564823558869735,0.20767014348115087,0.5293261826917298,0.9982124305832308,0.9872401313962715,0.32257345486571554,0.08837761038484115,0.17319355467751152,0.9979322336594372,0.9031761222672515,0.22367545148645507,0.49614282511991625,0.04270547638172084,0.43462695971087484,0.5226105131576083,0.7771041722702333,0.19565772030780937,0.19891409465065757,0.3796082486503495,0.23966202696397088,0.0714230317470631,0.10435040941749385,0.1351479657130995,0.39606724892031486,0.46190645836946886,0.014913402606975712,0.2591723342379103,0.9086436036958226,0.391238145607406,0.16264960441806509,0.7981669928844025,0.02160844414389107,0.11439476644220736,0.3711433158176054,0.1832294890379389,0.3352653062529275,0.15607589957296786
0.6050492432233393,0.3360292297248054,0.11057733157765459,0.5754920048894698,0.3274226394611507,0.4372707145830683,0.42711721144321413,0.1407832261607953,0.5564813881744413,0.0879022959072151,0.9878413569989511,0.3140278210572267,0.1478248429062421,0.17564823558869735,0.20767014348115087,0.5293261826917298,0.9982124305832308,0.9872401313962715,0.32257345486571554,0.08837761038484115,0.17319355467751152,0.9979322336594372,0.9031761222672515,0.22367545148645507,0.49614282511991625,0.04270547638172084,0.43462695971087484,0.5226105131576083,0.7771041722702333,0.19565772030780937,0.19891409465065757,0.3796082486503495,0.23966202696397088,0.0714230317470631,0.10435040941749385,0.1351479657130995,0.39606724892031486,0.46190645836946886,0.014913402606975712,0.2591723342379103,0.9086436036958226,0.391238145607406,0.16264960441806509,0.7981669928844025,0.02160844414389107,0.11439476644220736,0.3711433158176054,0.1832294890379389,0.3352653062529275,0.15607589957296786
0.6050492432233393,0.3360292297248054,0.11057733157765459,0.5754920048894698,0.3274226394611507,0.4372707145830683,0.42711721144321413,0.1407832261607953,0.5564813881744413,0.0879022959072151,0.9878413569989511,0.3140278210572267,0.1478248429062421,0.17564823558869735,0.20767014348115087,0.5293261826917298,0.9982124305832308,0.9872401313962715,0.32257345486571554,0.08837761038484115,0.17319355467751152,0.9979322336594372,0.9031761222672515,0.22367545148645507,0.49614282511991625,0.04270547638172084,0.43462695971087484,0.5226105131576083,0.7771041722702333,0.19565772030780937,0.19891409465065757,0.3796082486503495,0.23966202696397088,0.0714230317470631,0.10435040941749385,0.1351479657130995,0.39606724892031486,0.46190645836946886,0.014913402606975712,0.2591723342379103,0.9086436036958226,0.391238145607406,0.16264960441806509,0.7981669928844025,0.02160844414389107,0.11439476644220736,0.3711433158176054,0.1832294890379389,0.3352653062529275,0.15607589957296786
0.6050492432233393,0.3360292297248054,0.11057733157765459,0.5754920048894698,0.3274226394611507,0.4372707145830683,0.42711721144321413,0.1407832261607953,0.5564813881744413,0.0879022959072151,0.9878413569989511,0.3140278210572267,0.1478248429062421,0.17564823558869735,0.20767014348115087,0.5293261826917298,0.9982124305832308,0.9872401313962715,0.32257345486571554,0.08837761038484115,0.17319355467751152,0.9979322336594372,0.9031761222672515,0.22367545148645507,0.49614282511991625,0.04270547638172084,0.43462695971087484,0.5226105131576083,0.7771041722702333,0.19565772030780937,0.19891409465065757,0.3796082486503495,0.23966202696397088,0.0714230317470631,0.10435040941749385,0.1351479657130995,0.39606724892031486,0.46190645836946886,0.014913402606975712,0.2591723342379103,0.9086436036958226,0.391238145607406,0.16264960441806509,0.7981669928844025,0.02160844414389107,0.11439476644220736,0.3711433158176054,0.1832294890379389,0.3352653062529275,0.15607589957296786
0.6050492432233393,0.3360292297248054,0.11057733157765459,0.5754920048894698,0.3274226394611507,0.4372707145830683,0.42711721144321413,0.1407832261607953,0.5564813881744413,0.0879022959072151,0.9878413569989511,0.3140278210572267,0.1478248429062421,0.17564823558869735,0.20767014348115087,0.5293261826917298,0.9982124305832308,0.9872401313962715,0.32257345486571554,0.08837761038484115,0.17319355467751152,0.9979322336594372,0.9031761222672515,0.22367545148645507,0.49614282511991625,0.04270547638172084,0.43462695971087484,0.5226105131576083,0.7771041722702333,0.19565772030780937,0.19891409465065757,0.3796082486503495,0.23966202696397088,0.0714230317470631,0.10435040941749385,0.1351479657130995,0.39606724892031486,0.46190645836946886,0.014913402606975712,0.2591723342379103,0.9086436036958226,0.391238145607406,0.16264960441806509,0.7981669928844025,0.02160844414389107,0.11439476644220736,0.3711433158176054,0.1832294890379389,0.3352653062529275,0.15607589957296786
0.6050492432233393,0.3360292297248054,0.11057733157765459,0.5754920048894698,0.3274226394611507,0.4372707145830683,0.42711721144321413,0.1407832261607953,0.5564813881744413,0.0879022959072151,0.9878413569989511,0.3140278210572267,0.1478248429062421,0.17564823558869735,0.20767014348115087,0.5293261826917298,0.9982124305832308,0.9872401313962715,0.32257345486571554,0.08837761038484115,0.17319355467751152,0.9979322336594372,0.9031761222672515,0.22367545148645507,0.49614282511991625,0.04270547638172084,0.43462695971087484,0.5226105131576083,0.7771041722702333,0.19565772030780937,0.19891409465065757,0.3796082486503495,0.23966202696397088,0.0714230317470631,0.10435040941749385,0.1351479657130995,0.39606724892031486,0.46190645836946886,0.014913402606975712,0.2591723342379103,0.9086436036958226,0.391238145607406,0.16264960441806509,0.7981669928844025,0.02160844414389107,0.11439476644220736,0.3711433158176054,0.1832294890379389,0.3352653062529275,0.15607589957296786
0.6050492432233393,0.3360292297248054,0.11057733157765459,0.5754920048894698,0.3274226394611507,0.4372707145830683,0.42711721144321413,0.1407832261607953,0.5564813881744413,0.0879022959072151,0.9878413569989511,0.3140278210572267,0.1478248429062421,0.17564823558869735,0.20767014348115087,0.5293261826917298,0.9982124305832308,0.9872401313962715,0.32257345486571554,0.08837761038484115,0.17319355467751152,0.9979322336594372,0.9031761222672515,0.22367545148645507,0.49614282511991625,0.04270547638172084,0.43462695971087484,0.5226105131576083,0.7771041722702333,0.19565772030780937,0.19891409465065757,0.3796082486503495,0.23966202696397088,0.0714230317470631,0.10435040941749385,0.1351479657130995,0.39606724892031486,0.46190645836946886,0.014913402606975712,0.2591723342379103,0.9086436036958226,0.391238145607406,0.16264960441806509,0.7981669928844025,0.02160844414389107,0.11439476644220736,0.3711433158176054,0.1832294890379389,0.3352653062529275,0.15607589957296786
0.6050492432233393,0.3360292297248054,0.11057733157765459,0.5754920048894698,0.3274226394611507,0.4372707145830683,0.42711721144321413,0.1407832261607953,0.5564813881744413,0.0879022959072151,0.9878413569989511,0.3140278210572267,0.1478248429062421,0.17564823558869735,0.20767014348115087,0.5293261826917298,0.9982124305832308,0.9872401313962715,0.32257345486571554,0.08837761038484115,0.17319355467751152,0.9979322336594372,0.9031761222672515,0.22367545148645507,0.49614282511991625,0.04270547638172084,0.43462695971087484,0.5226105131576083,0.7771041722702333,0.19565772030780937,0.19891409465065757,0.3796082486503495,0.23966202696397088,0.0714230317470631,0.10435040941749385,0.1351479657130995,0.39606724892031486,0.46190645836946886,0.014913402606975712,0.2591723342379103,0.9086436036958226,0.391238145607406,0.16264960441806509,0.7981669928844025,0.02160844414389107,0.11439476644220736,0.3711433158176054,0.1832294890379389,0.3352653062529275,0.15607589957296786
0.6050492432233393,0.3360292297248054,0.11057733157765459,0.5754920048894698,0.3274226394611507,0.4372707145830683,0.42711721144321413,0.1407832261607953,0.5564813881744413,0.0879022959072151,0.9878413569989511,0.3140278210572267,0.1478248429062421,0.17564823558869735,0.20767014348115087,0.5293261826917298,0.9982124305832308,0.9872401313962715,0.32257345486571554,0.08837761038484115,0.17319355467751152,0.9979322336594372,0.9031761222672515,0.22367545148645507,0.49614282511991625,0.04270547638172084,0.43462695971087484,0.5226105131576083,0.7771041722702333,0.19565772030780937,0.19891409465065757,0.3796082486503495,0.23966202696397088,0.0714230317470631,0.10435040941749385,0.1351479657130995,0.39606724892031486,0.46190645836946886,0.014913402606975712,0.2591723342379103,0.9086436036958226,0.391238145607406,0.16264960441806509,0.7981669928844025,0.02160844414389107,0.11439476644220736,0.3711433158176054,0.1832294890379389,0.3352653062529275,0.15607589957296786
0.6050492432233393,0.3360292297248054,0.11057733157765459,0.5754920048894698,0.3274226394611507,0.4372707145830683,0.42711721144321413,0.1407832261607953,0.5564813881744413,0.0879022959072151,0.9878413569989511,0.3140278210572267,0.1478248429062421,0.17564823558869735,0.20767014348115087,0.5293261826917298,0.9982124305832308,0.9872401313962715,0.32257345486571554,0.08837761038484115,0.17319355467751152,0.9979322336594372,0.9031761222672515,0.22367545148645507,0.49614282511991625,0.04270547638172084,0.43462695971087484,0.5226105131576083,0.7771041722702333,0.19565772030780937,0.19891409465065757,0.3796082486503495,0.23966202696397088,0.0714230317470631,0.10435040941749385,0.1351479657130995,0.39606724892031486,0.46190645836946886,0.014913402606975712,0.2591723342379103,0.9086436036958226,0.391238145607406,0.16264960441806509,0.7981669928844025,0.02160844414389107,0.11439476644220736,0.3711433158176054,0.1832294890379389,0.3352653062529275,0.15607589957296786
0.6050492432233393,0.3360292297248054,0.11057733157765459,0.5754920048894698,0.3274226394611507,0.4372707145830683,0.42711721144321413,0.1407832261607953,0.5564813881744413,0.0879022959072151,0.9878413569989511,0.3140278210572267,0.1478248429062421,0.17564823558869735,0.20767014348115087,0.5293261826917298,0.9982124305832308,0.9872401313962715,0.32257345486571554,0.08837761038484115,0.17319355467751152,0.9979322336594372,0.9031761222672515,0.22367545148645507,0.49614282511991625,0.04270547638172084,0.43462695971087484,0.5226105131576083,0.7771041722702333,0.19565772030780937,0.19891409465065757,0.3796082486503495,0.23966202696397088,0.0714230317470631,0.10435040941749385,0.1351479657130995,0.39606724892031486,0.46190645836946886,0.014913402606975712,0.2591723342379103,0.9086436036958226,0.391238145607406,0.16264960441806509,0.7981669928844025,0.02160844414389107,0.11439476644220736,0.3711433158176054,0.1832294890379389,0.3352653062529275,0.15607589957296786
0.6050492432233393,0.3360292297248054,0.11057733157765459,0.5754920048894698,0.3274226394611507,0.4372707145830683,0.42711721144321413,0.1407832261607953,0.5564813881744413,0.0879022959072151,0.9878413569989511,0.3140278210572267,0.1478248429062421,0.17564823558869735,0.20767014348115087,0.5293261826917298,0.9982124305832308,0.9872401313962715,0.32257345486571554,0.08837761038484115,0.17319355467751152,0.9979322336594372,0.9031761222672515,0.22367545148645507,0.49614282511991625,0.04270547638172084,0.43462695971087484,0.5226105131576083,0.7771041722702333,0.19565772030780937,0.19891409465065757,0.3796082486503495,0.23966202696397088,0.0714230317470631,0.10435040941749385,0.1351479657130995,0.39606724892031486,0.46190645836946886,0.014913402606975712,0.2591723342379103,0.9086436036958226,0.391238145607406,0.16264960441806509,0.7981669928844025,0.02160844414389107,0.11439476644220736,0.3711433158176054,0.1832294890379389,0.3352653062529275,0.15607589957296786
0.6050492432233393,0.3360292297248054,0.11057733157765459,0.5754920048894698,0.3274226394611507,0.4372707145830683,0.42711721144321413,0.1407832261607953,0.5564813881744413,0.0879022959072151,0.9878413569989511,0.3140278210572267,0.1478248429062421,0.17564823558869735,0.20767014348115087,0.5293261826917298,0.9982124305832308,0.9872401313962715,0.32257345486571554,0.08837761038484115,0.17319355467751152,0.9979322336594372,0.9031761222672515,0.22367545148645507,0.49614282511991625,0.04270547638172084,0.43462695971087484,0.5226105131576083,0.7771041722702333,0.19565772030780937,0.19891409465065757,0.3796082486503495,0.23966202696397088,0.0714230317470631,0.10435040941749385,0.1351479657130995,0.39606724892031486,0.46190645836946886,0.014913402606975712,0.2591723342379103,0.9086436036958226,0.391238145607406,0.16264960441806509,0.7981669928844025,0.02160844414389107,0.11439476644220736,0.3711433158176054,0.1832294890379389,0.3352653062529275,0.15607589957296786
0.6050492432233393,0.3360292297248054,0.11057733157765459,0.5754920048894698,0.3274226394611507,0.4372707145830683,0.42711721144321413,0.1407832261607953,0.5564813881744413,0.0879022959072151,0.9878413569989511,0.3140278210572267,0.1478248429062421,0.17564823558869735,0.20767014348115087,0.5293261826917298,0.9982124305832308,0.9872401313962715,0.32257345486571554,0.08837761038484115,0.17319355467751152,0.9979322336594372,0.9031761222672515,0.22367545148645507,0.49614282511991625,0.04270547638172084,0.43462695971087484,0.5226105131576083,0.7771041722702333,0.19565772030780937,0.19891409465065757,0.3796082486503495,0.23966202696397088,0.0714230317470631,0.10435040941749385,0.1351479657130995,0.39606724892031486,0.46190645836946886,0.014913402606975712,0.2591723342379103,0.9086436036958226,0.391238145607406,0.16264960441806509,0.7981669928844025,0.02160844414389107,0.11439476644220736,0.3711433158176054,0.1832294890379389,0.3352653062529275,0.15607589957296786
0.6050492432233393,0.3360292297248054,0.11057733157765459,0.5754920048894698,0.3274226394611507,0.4372707145830683,0.42711721144321413,0.1407832261607953,0.5564813881744413,0.0879022959072151,0.9878413569989511,0.3140278210572267,0.1478248429062421,0.17564823558869735,0.20767014348115087,0.5293261826917298,0.9982124305832308,0.9872401313962715,0.32257345486571554,0.08837761038484115,0.17319355467751152,0.9979322336594372,0.9031761222672515,0.22367545148645507,0.49614282511991625,0.04270547638172084,0.43462695971087484,0.5226105131576083,0.7771041722702333,0.19565772030780937,0.19891409465065757,0.3796082486503495,0.23966202696397088,0.0714230317470631,0.10435040941749385,0.1351479657130995,0.39606724892031486,0.46190645836946886,0.014913402606975712,0.2591723342379103,0.9086436036958226,0.391238145607406,0.16264960441806509,0.7981669928844025,0.02160844414389107,0.11439476644220736,0.3711433158176054,0.1832294890379389,0.3352653062529275,0.15607589957296786
0.6050492432233393,0.3360292297248054,0.11057733157765459,0.5754920048894698,0.3274226394611507,0.4372707145830683,0.42711721144321413,0.1407832261607953,0.5564813881744413,0.0879022959072151,0.9878413569989511,0.3140278210572267,0.1478248429062421,0.17564823558869735,0.20767014348115087,0.5293261826917298,0.9982124305832308,0.9872401313962715,0.32257345486571554,0.08837761038484115,0.17319355467751152,0.9979322336594372,0.9031761222672515,0.22367545148645507,0.49614282511991625,0.04270547638172084,0.43462695971087484,0.5226105131576083,0.7771041722702333,0.19565772030780937,0.19891409465065757,0.3796082486503495,0.23966202696397088,0.0714230317470631,0.10435040941749385,0.1351479657130995,0.39606724892031486,0.46190645836946886,0.014913402606975712,0.2591723342379103,0.9086436036958226,0.391238145607406,0.16264960441806509,0.7981669928844025,0.02160844414389107,0.11439476644220736,0.3711433158176054,0.1832294890379389,0.3352653062529275,0.15607589957296786
0.6050492432233393,0.3360292297248054,0.11057733157765459,0.5754920048894698,0.3274226394611507,0.4372707145830683,0.42711721144321413,0.1407832261607953,0.5564813881744413,0.0879022959072151,0.9878413569989511,0.3140278210572267,0.1478248429062421,0.17564823558869735,0.20767014348115087,0.5293261826917298,0.9982124305832308,0.9872401313962715,0.32257345486571554,0.08837761038484115,0.17319355467751152,0.9979322336594372,0.9031761222672515,0.22367545148645507,0.49614282511991625,0.04270547638172084,0.43462695971087484,0.5226105131576083,0.7771041722702333,0.19565772030780937,0.19891409465065757,0.3796082486503495,0.23966202696397088,0.0714230317470631,0.10435040941749385,0.1351479657130995,0.39606724892031486,0.46190645836946886,0.014913402606975712,0.2591723342379103,0.9086436036958226,0.391238145607406,0.16264960441806509,0.7981669928844025,0.02160844414389107,0.11439476644220736,0.3711433158176054,0.1832294890379389,0.3352653062529275,0.15607589957296786
0.6050492432233393,0.3360292297248054,0.11057733157765459,0.5754920048894698,0.3274226394611507,0.4372707145830683,0.42711721144321413,0.1407832261607953,0.5564813881744413,0.0879022959072151,0.9878413569989511,0.3140278210572267,0.1478248429062421,0.17564823558869735,0.20767014348115087,0.5293261826917298,0.9982124305832308,0.9872401313962715,0.32257345486571554,0.08837761038484115,0.17319355467751152,0.9979322336594372,0.9031761222672515,0.22367545148645507,0.49614282511991625,0.04270547638172084,0.43462695971087484,0.5226105131576083,0.7771041722702333,0.19565772030780937,0.19891409465065757,0.3796082486503495,0.23966202696397088,0.0714230317470631,0.10435040941749385,0.1351479657130995,0.39606724892031486,0.46190645836946886,0.014913402606975712,0.2591723342379103,0.9086436036958226,0.391238145607406,0.16264960441806509,0.7981669928844025,0.02160844414389107,0.11439476644220736,0.3711433158176054,0.1832294890379389,0.3352653062529275,0.15607589957296786
0.6024971497293442,0.9134287905380553,0.08244204707580738,0.03739333052687599,0.2100027759913421,0.6596408957360156,0.8648999244901464,0.27822830759461037,0.09535098515000118,0.7305870549820466,0.018901921265489174,0.8233575208692934,0.645369526844227,0.21273403469955,0.42127160197740166,0.32230649211924967,0.35150509345966463,0.26325015374685745,0.45410618321171214,0.34701334967663056,0.08223686747757775,0.24950292177590194,0.5859671516820656,0.6250775893232974,0.43846731031282016,0.7280948849088668,0.3064906058155392,0.42535835747562634,0.5248167869316274,0.1485957224893969,0.018399129278151682,0.26197283706458574,0.5076291290414526,0.6056099326864305,0.20313444749639864,0.7737928458255184,0.32286325728307375,0.1322008993230125,0.20540236729470374,0.48075328150413543,0.14004322464128383,0.10642265921506533,0.2189942515430463,0.44239801935285183,0.16316113017224798,0.4950544358064447,0.7726910339846214,0.43224613411970214,0.733143341641388,0.03455998428968665
0.6024971497293442,0.9134287905380553,0.08244204707580738,0.03739333052687599,0.2100027759913421,0.6596408957360156,0.8648999244901464,0.27822830759461037,0.09535098515000118,0.7305870549820466,0.018901921265489174,0.8233575208692934,0.645369526844227,0.21273403469955,0.42127160197740166,0.32230649211924967,0.35150509345966463,0.26325015374685745,0.45410618321171214,0.34701334967663056,0.08223686747757775,0.24950292177590194,0.5859671516820656,0.6250775893232974,0.43846731031282016,0.7280948849088668,0.3064906058155392,0.42535835747562634,0.5248167869316274,0.1485957224893969,0.018399129278151682,0.26197283706458574,0.5076291290414526,0.6056099326864305,0.20313444749639864,0.7737928458255184,0.32286325728307375,0.1322008993230125,0.20540236729470374,0.48075328150413543,0.14004322464128383,0.10642265921506533,0.2189942515430463,0.44239801935285183,0.16316113017224798,0.4950544358064447,0.7726910339846214,0.43224613411970214,0.733143341641388,0.03455998428968665
0.6024971497293442,0.9134287905380553,0.08244204707580738,0.03739333052687599,0.2100027759913421,0.6596408957360156,0.8648999244901464,0.27822830759461037,0.09535098515000118,0.7305870549820466,0.018901921265489174,0.8233575208692934,0.645369526844227,0.21273403469955,0.42127160197740166,0.32230649211924967,0.35150509345966463,0.26325015374685745,0.45410618321171214,0.34701334967663056,0.08223686747757775,0.24950292177590194,0.5859671516820656,0.6250775893232974,0.43846731031282016,0.7280948849088668,0.3064906058155392,0.42535835747562634,0.5248167869316274,0.1485957224893969,0.018399129278151682,0.26197283706458574,0.5076291290414526,0.6056099326864305,0.20313444749639864,0.7737928458255184,0.32286325728307375,0.1322008993230125,0.20540236729470374,0.48075328150413543,0.14004322464128383,0.10642265921506533,0.2189942515430463,0.44239801935285183,0.16316113017224798,0.4950544358064447,0.7726910339846214,0.43224613411970214,0.733143341641388,0.03455998428968665
0.6024971497293442,0.9134287905380553,0.08244204707580738,0.03739333052687599,0.2100027759913421,0.6596408957360156,0.8648999244901464,0.27822830759461037,0.09535098515000118,0.7305870549820466,0.018901921265489174,0.8233575208692934,0.645369526844227,0.21273403469955,0.42127160197740166,0.32230649211924967,0.35150509345966463,0.26325015374685745,0.45410618321171214,0.34701334967663056,0.08223686747757775,0.24950292177590194,0.5859671516820656,0.6250775893232974,0.43846731031282016,0.7280948849088668,0.3064906058155392,0.42535835747562634,0.5248167869316274,0.1485957224893969,0.018399129278151682,0.26197283706458574,0.5076291290414526,0.6056099326864305,0.20313444749639864,0.7737928458255184,0.32286325728307375,0.1322008993230125,0.20540236729470374,0.48075328150413543,0.14004322464128383,0.10642265921506533,0.2189942515430463,0.44239801935285183,0.16316113017224798,0.4950544358064447,0.7726910339846214,0.43224613411970214,0.733143341641388,0.03455998428968665
0.6024971497293442,0.9134287905380553,0.08244204707580738,0.03739333052687599,0.2100027759913421,0.6596408957360156,0.8648999244901464,0.27822830759461037,0.09535098515000118,0.7305870549820466,0.018901921265489174,0.8233575208692934,0.645369526844227,0.21273403469955,0.42127160197740166,0.32230649211924967,0.35150509345966463,0.26325015374685745,0.45410618321171214,0.34701334967663056,0.08223686747757775,0.24950292177590194,0.5859671516820656,0.6250775893232974,0.43846731031282016,0.7280948849088668,0.3064906058155392,0.42535835747562634,0.5248167869316274,0.1485957224893969,0.018399129278151682,0.26197283706458574,0.5076291290414526,0.6056099326864305,0.20313444749639864,0.7737928458255184,0.32286325728307375,0.1322008993230125,0.20540236729470374,0.48075328150413543,0.14004322464128383,0.10642265921506533,0.2189942515430463,0.44239801935285183,0.16316113017224798,0.4950544358064447,0.7726910339846214,0.43224613411970214,0.733143341641388,0.03455998428968665
0.6024971497293442,0.9134287905380553,0.08244204707580738,0.03739333052687599,0.2100027759913421,0.6596408957360156,0.8648999244901464,0.27822830759461037,0.09535098515000118,0.7305870549820466,0.018901921265489174,0.8233575208692934,0.645369526844227,0.21273403469955,0.42127160197740166,0.32230649211924967,0.35150509345966463,0.26325015374685745,0.45410618321171214,0.34701334967663056,0.08223686747757775,0.24950292177590194,0.5859671516820656,0.6250775893232974,0.43846731031282016,0.7280948849088668,0.3064906058155392,0.42535835747562634,0.5248167869316274,0.1485957224893969,0.018399129278151682,0.26197283706458574,0.5076291290414526,0.6056099326864305,0.20313444749639864,0.7737928458255184,0.32286325728307375,0.1322008993230125,0.20540236729470374,0.48075328150413543,0.14004322464128383,0.10642265921506533,0.2189942515430463,0.44239801935285183,0.16316113017224798,0.4950544358064447,0.7726910339846214,0.43224613411970214,0.733143341641388,0.03455998428968665
0.6024971497293442,0.9134287905380553,0.08244204707580738,0.03739333052687599,0.2100027759913421,0.6596408957360156,0.8648999244901464,0.27822830759461037,0.09535098515000118,0.7305870549820466,0.018901921265489174,0.8233575208692934,0.645369526844227,0.21273403469955,0.42127160197740166,0.32230649211924967,0.35150509345966463,0.26325015374685745,0.45410618321171214,0.34701334967663056,0.08223686747757775,0.24950292177590194,0.5859671516820656,0.6250775893232974,0.43846731031282016,0.7280948849088668,0.3064906058155392,0.42535835747562634,0.5248167869316274,0.1485957224893969,0.018399129278151682,0.26197283706458574,0.5076291290414526,0.6056099326864305,0.20313444749639864,0.7737928458255184,0.32286325728307375,0.1322008993230125,0.20540236729470374,0.48075328150413543,0.14004322464128383,0.10642265921506533,0.2189942515430463,0.44239801935285183,0.16316113017224798,0.4950544358064447,0.7726910339846214,0.43224613411970214,0.733143341641388,0.03455998428968665
0.6024971497293442,0.9134287905380553,0.08244204707580738,0.03739333052687599,0.2100027759913421,0.6596408957360156,0.8648999244901464,0.27822830759461037,0.09535098515000118,0.7305870549820466,0.018901921265489174,0.8233575208692934,0.645369526844227,0.21273403469955,0.42127160197740166,0.32230649211924967,0.35150509345966463,0.26325015374685745,0.45410618321171214,0.34701334967663056,0.08223686747757775,0.24950292177590194,0.5859671516820656,0.6250775893232974,0.43846731031282016,0.7280948849088668,0.3064906058155392,0.42535835747562634,0.5248167869316274,0.1485957224893969,0.018399129278151682,0.26197283706458574,0.5076291290414526,0.6056099326864305,0.20313444749639864,0.7737928458255184,0.32286325728307375,0.1322008993230125,0.20540236729470374,0.48075328150413543,0.14004322464128383,0.10642265921506533,0.2189942515430463,0.44239801935285183,0.16316113017224798,0.4950544358064447,0.7726910339846214,0.43224613411970214,0.733143341641388,0.03455998428968665
0.6024971497293442,0.9134287905380553,0.08244204707580738,0.03739333052687599,0.2100027759913421,0.6596408957360156,0.8648999244901464,0.27822830759461037,0.09535098515000118,0.7305870549820466,0.018901921265489174,0.8233575208692934,0.645369526844227,0.21273403469955,0.42127160197740166,0.32230649211924967,0.35150509345966463,0.26325015374685745,0.45410618321171214,0.34701334967663056,0.08223686747757775,0.24950292177590194,0.5859671516820656,0.6250775893232974,0.43846731031282016,0.7280948849088668,0.3064906058155392,0.42535835747562634,0.5248167869316274,0.1485957224893969,0.018399129278151682,0.26197283706458574,0.5076291290414526,0.6056099326864305,0.20313444749639864,0.7737928458255184,0.32286325728307375,0.1322008993230125,0.20540236729470374,0.48075328150413543,0.14004322464128383,0.10642265921506533,0.2189942515430463,0.44239801935285183,0.16316113017224798,0.4950544358064447,0.7726910339846214,0.43224613411970214,0.733143341641388,0.03455998428968665
0.6024971497293442,0.9134287905380553,0.08244204707580738,0.03739333052687599,0.2100027759913421,0.6596408957360156,0.8648999244901464,0.27822830759461037,0.09535098515000118,0.7305870549820466,0.018901921265489174,0.8233575208692934,0.645369526844227,0.21273403469955,0.42127160197740166,0.32230649211924967,0.35150509345966463,0.26325015374685745,0.45410618321171214,0.34701334967663056,0.08223686747757775,0.24950292177590194,0.5859671516820656,0.6250775893232974,0.43846731031282016,0.7280948849088668,0.3064906058155392,0.42535835747562634,0.5248167869316274,0.1485957224893969,0.018399129278151682,0.26197283706458574,0.5076291290414526,0.6056099326864305,0.20313444749639864,0.7737928458255184,0.32286325728307375,0.1322008993230125,0.20540236729470374,0.48075328150413543,0.14004322464128383,0.10642265921506533,0.2189942515430463,0.44239801935285183,0.16316113017224798,0.4950544358064447,0.7726910339846214,0.43224613411970214,0.733143341641388,0.03455998428968665
0.6024971497293442,0.9134287905380553,0.08244204707580738,0.03739333052687599,0.2100027759913421,0.6596408957360156,0.8648999244901464,0.27822830759461037,0.09535098515000118,0.7305870549820466,0.018901921265489174,0.8233575208692934,0.645369526844227,0.21273403469955,0.42127160197740166,0.32230649211924967,0.35150509345966463,0.26325015374685745,0.45410618321171214,0.34701334967663056,0.08223686747757775,0.24950292177590194,0.5859671516820656,0.6250775893232974,0.43846731031282016,0.7280948849088668,0.3064906058155392,0.42535835747562634,0.5248167869316274,0.1485957224893969,0.018399129278151682,0.26197283706458574,0.5076291290414526,0.6056099326864305,0.20313444749639864,0.7737928458255184,0.32286325728307375,0.1322008993230125,0.20540236729470374,0.48075328150413543,0.14004322464128383,0.10642265921506533,0.2189942515430463,0.44239801935285183,0.16316113017224798,0.4950544358064447,0.7726910339846214,0.43224613411970214,0.733143341641388,0.03455998428968665
0.6024971497293442,0.9134287905380553,0.08244204707580738,0.03739333052687599,0.2100027759913421,0.6596408957360156,0.8648999244901464,0.27822830759461037,0.09535098515000118,0.7305870549820466,0.018901921265489174,0.8233575208692934,0.645369526844227,0.21273403469955,0.42127160197740166,0.32230649211924967,0.35150509345966463,0.26325015374685745,0.45410618321171214,0.34701334967663056,0.08223686747757775,0.24950292177590194,0.5859671516820656,0.6250775893232974,0.43846731031282016,0.7280948849088668,0.3064906058155392,0.42535835747562634,0.5248167869316274,0.1485957224893969,0.018399129278151682,0.26197283706458574,0.5076291290414526,0.6056099326864305,0.20313444749639864,0.7737928458255184,0.32286325728307375,0.1322008993230125,0.20540236729470374,0.48075328150413543,0.14004322464128383,0.10642265921506533,0.2189942515430463,0.44239801935285183,0.16316113017224798,0.4950544358064447,0.7726910339846214,0.43224613411970214,0.733143341641388,0.03455998428968665
0.6024971497293442,0.9134287905380553,0.08244204707580738,0.03739333052687599,0.2100027759913421,0.6596408957360156,0.8648999244901464,0.27822830759461037,0.09535098515000118,0.7305870549820466,0.018901921265489174,0.8233575208692934,0.645369526844227,0.21273403469955,0.42127160197740166,0.32230649211924967,0.35150509345966463,0.26325015374685745,0.45410618321171214,0.34701334967663056,0.08223686747757775,0.24950292177590194,0.5859671516820656,0.6250775893232974,0.43846731031282016,0.7280948849088668,0.3064906058155392,0.42535835747562634,0.5248167869316274,0.1485957224893969,0.018399129278151682,0.26197283706458574,0.5076291290414526,0.6056099326864305,0.20313444749639864,0.7737928458255184,0.32286325728307375,0.1322008993230125,0.20540236729470374,0.48075328150413543,0.14004322464128383,0.10642265921506533,0.2189942515430463,0.44239801935285183,0.16316113017224798,0.4950544358064447,0.7726910339846214,0.43224613411970214,0.733143341641388,0.03455998428968665
0.6024971497293442,0.9134287905380553,0.08244204707580738,0.03739333052687599,0.2100027759913421,0.6596408957360156,0.8648999244901464,0.27822830759461037,0.09535098515000118,0.7305870549820466,0.018901921265489174,0.8233575208692934,0.645369526844227,0.21273403469955,0.42127160197740166,0.32230649211924967,0.35150509345966463,0.26325015374685745,0.45410618321171214,0.34701334967663056,0.08223686747757775,0.24950292177590194,0.5859671516820656,0.6250775893232974,0.43846731031282016,0.7280948849088668,0.3064906058155392,0.42535835747562634,0.5248167869316274,0.1485957224893969,0.018399129278151682,0.26197283706458574,0.5076291290414526,0.6056099326864305,0.20313444749639864,0.7737928458255184,0.32286325728307375,0.1322008993230125,0.20540236729470374,0.48075328150413543,0.14004322464128383,0.10642265921506533,0.2189942515430463,0.44239801935285183,0.16316113017224798,0.4950544358064447,0.7726910339846214,0.43224613411970214,0.733143341641388,0.03455998428968665
0.6024971497293442,0.9134287905380553,0.08244204707580738,0.03739333052687599,0.2100027759913421,0.6596408957360156,0.8648999244901464,0.27822830759461037,0.09535098515000118,0.7305870549820466,0.018901921265489174,0.8233575208692934,0.645369526844227,0.21273403469955,0.42127160197740166,0.32230649211924967,0.35150509345966463,0.26325015374685745,0.45410618321171214,0.34701334967663056,0.08223686747757775,0.24950292177590194,0.5859671516820656,0.6250775893232974,0.43846731031282016,0.7280948849088668,0.3064906058155392,0.42535835747562634,0.5248167869316274,0.1485957224893969,0.018399129278151682,0.26197283706458574,0.5076291290414526,0.6056099326864305,0.20313444749639864,0.7737928458255184,0.32286325728307375,0.1322008993230125,0.20540236729470374,0.48075328150413543,0.14004322464128383,0.10642265921506533,0.2189942515430463,0.44239801935285183,0.16316113017224798,0.4950544358064447,0.7726910339846214,0.43224613411970214,0.733143341641388,0.03455998428968665
0.6024971497293442,0.9134287905380553,0.08244204707580738,0.03739333052687599,0.2100027759913421,0.6596408957360156,0.8648999244901464,0.27822830759461037,0.09535098515000118,0.7305870549820466,0.018901921265489174,0.8233575208692934,0.645369526844227,0.21273403469955,0.42127160197740166,0.32230649211924967,0.35150509345966463,0.26325015374685745,0.45410618321171214,0.34701334967663056,0.08223686747757775,0.24950292177590194,0.5859671516820656,0.6250775893232974,0.43846731031282016,0.7280948849088668,0.3064906058155392,0.42535835747562634,0.5248167869316274,0.1485957224893969,0.018399129278151682,0.26197283706458574,0.5076291290414526,0.6056099326864305,0.20313444749639864,0.7737928458255184,0.32286325728307375,0.1322008993230125,0.20540236729470374,0.48075328150413543,0.14004322464128383,0.10642265921506533,0.2189942515430463,0.44239801935285183,0.16316113017224798,0.4950544358064447,0.7726910339846214,0.43224613411970214,0.733143341641388,0.03455998428968665
0.6024971497293442,0.9134287905380553,0.08244204707580738,0.03739333052687599,0.2100027759913421,0.6596408957360156,0.8648999244901464,0.27822830759461037,0.09535098515000118,0.7305870549820466,0.018901921265489174,0.8233575208692934,0.645369526844227,0.21273403469955,0.42127160197740166,0.32230649211924967,0.35150509345966463,0.26325015374685745,0.45410618321171214,0.34701334967663056,0.08223686747757775,0.24950292177590194,0.5859671516820656,0.6250775893232974,0.43846731031282016,0.7280948849088668,0.3064906058155392,0.42535835747562634,0.5248167869316274,0.1485957224893969,0.018399129278151682,0.26197283706458574,0.5076291290414526,0.6056099326864305,0.20313444749639864,0.7737928458255184,0.32286325728307375,0.1322008993230125,0.20540236729470374,0.48075328150413543,0.14004322464128383,0.10642265921506533,0.2189942515430463,0.44239801935285183,0.16316113017224798,0.4950544358064447,0.7726910339846214,0.43224613411970214,0.733143341641388,0.03455998428968665
0.6024971497293442,0.9134287905380553,0.08244204707580738,0.03739333052687599,0.2100027759913421,0.6596408957360156,0.8648999244901464,0.27822830759461037,0.09535098515000118,0.7305870549820466,0.018901921265489174,0.8233575208692934,0.645369526844227,0.21273403469955,0.42127160197740166,0.32230649211924967,0.35150509345966463,0.26325015374685745,0.45410618321171214,0.34701334967663056,0.08223686747757775,0.24950292177590194,0.5859671516820656,0.6250775893232974,0.43846731031282016,0.7280948849088668,0.3064906058155392,0.42535835747562634,0.5248167869316274,0.1485957224893969,0.018399129278151682,0.26197283706458574,0.5076291290414526,0.6056099326864305,0.20313444749639864,0.7737928458255184,0.32286325728307375,0.1322008993230125,0.20540236729470374,0.48075328150413543,0.14004322464128383,0.10642265921506533,0.2189942515430463,0.44239801935285183,0.16316113017224798,0.4950544358064447,0.7726910339846214,0.43224613411970214,0.733143341641388,0.03455998428968665
0.6024971497293442,0.9134287905380553,0.08244204707580738,0.03739333052687599,0.2100027759913421,0.6596408957360156,0.8648999244901464,0.27822830759461037,0.09535098515000118,0.7305870549820466,0.018901921265489174,0.8233575208692934,0.645369526844227,0.21273403469955,0.42127160197740166,0.32230649211924967,0.35150509345966463,0.26325015374685745,0.45410618321171214,0.34701334967663056,0.08223686747757775,0.24950292177590194,0.5859671516820656,0.6250775893232974,0.43846731031282016,0.7280948849088668,0.3064906058155392,0.42535835747562634,0.5248167869316274,0.1485957224893969,0.018399129278151682,0.26197283706458574,0.5076291290414526,0.6056099326864305,0.20313444749639864,0.7737928458255184,0.32286325728307375,0.1322008993230125,0.20540236729470374,0.48075328150413543,0.14004322464128383,0.10642265921506533,0.2189942515430463,0.44239801935285183,0.16316113017224798,0.4950544358064447,0.7726910339846214,0.43224613411970214,0.733143341641388,0.03455998428968665
0.6024971497293442,0.9134287905380553,0.08244204707580738,0.03739333052687599,0.2100027759913421,0.6596408957360156,0.8648999244901464,0.27822830759461037,0.09535098515000118,0.7305870549820466,0.018901921265489174,0.8233575208692934,0.645369526844227,0.21273403469955,0.42127160197740166,0.32230649211924967,0.35150509345966463,0.26325015374685745,0.45410618321171214,0.34701334967663056,0.08223686747757775,0.24950292177590194,0.5859671516820656,0.6250775893232974,0.43846731031282016,0.7280948849088668,0.3064906058155392,0.42535835747562634,0.5248167869316274,0.1485957224893969,0.018399129278151682,0.26197283706458574,0.5076291290414526,0.6056099326864305,0.20313444749639864,0.7737928458255184,0.32286325728307375,0.1322008993230125,0.20540236729470374,0.48075328150413543,0.14004322464128383,0.10642265921506533,0.2189942515430463,0.44239801935285183,0.16316113017224798,0.4950544358064447,0.7726910339846214,0.43224613411970214,0.733143341641388,0.03455998428968665
0.6024971497293442,0.9134287905380553,0.08244204707580738,0.03739333052687599,0.2100027759913421,0.6596408957360156,0.8648999244901464,0.27822830759461037,0.09535098515000118,0.7305870549820466,0.018901921265489174,0.8233575208692934,0.645369526844227,0.21273403469955,0.42127160197740166,0.32230649211924967,0.35150509345966463,0.26325015374685745,0.45410618321171214,0.34701334967663056,0.08223686747757775,0.24950292177590194,0.5859671516820656,0.6250775893232974,0.43846731031282016,0.7280948849088668,0.3064906058155392,0.42535835747562634,0.5248167869316274,0.1485957224893969,0.018399129278151682,0.26197283706458574,0.5076291290414526,0.6056099326864305,0.20313444749639864,0.7737928458255184,0.32286325728307375,0.1322008993230125,0.20540236729470374,0.48075328150413543,0.14004322464128383,0.10642265921506533,0.2189942515430463,0.44239801935285183,0.16316113017224798,0.4950544358064447,0.7726910339846214,0.43224613411970214,0.733143341641388,0.03455998428968665
0.6024971497293442,0.9134287905380553,0.08244204707580738,0.03739333052687599,0.2100027759913421,0.6596408957360156,0.8648999244901464,0.27822830759461037,0.09535098515000118,0.7305870549820466,0.018901921265489174,0.8233575208692934,0.645369526844227,0.21273403469955,0.42127160197740166,0.32230649211924967,0.35150509345966463,0.26325015374685745,0.45410618321171214,0.34701334967663056,0.08223686747757775,0.24950292177590194,0.5859671516820656,0.6250775893232974,0.43846731031282016,0.7280948849088668,0.3064906058155392,0.42535835747562634,0.5248167869316274,0.1485957224893969,0.018399129278151682,0.26197283706458574,0.5076291290414526,0.6056099326864305,0.20313444749639864,0.7737928458255184,0.32286325728307375,0.1322008993230125,0.20540236729470374,0.48075328150413543,0.14004322464128383,0.10642265921506533,0.2189942515430463,0.44239801935285183,0.16316113017224798,0.4950544358064447,0.7726910339846214,0.43224613411970214,0.733143341641388,0.03455998428968665
0.6024971497293442,0.9134287905380553,0.08244204707580738,0.03739333052687599,0.2100027759913421,0.6596408957360156,0.8648999244901464,0.27822830759461037,0.09535098515000118,0.7305870549820466,0.018901921265489174,0.8233575208692934,0.645369526844227,0.21273403469955,0.42127160197740166,0.32230649211924967,0.35150509345966463,0.26325015374685745,0.45410618321171214,0.34701334967663056,0.08223686747757775,0.24950292177590194,0.5859671516820656,0.6250775893232974,0.43846731031282016,0.7280948849088668,0.3064906058155392,0.42535835747562634,0.5248167869316274,0.1485957224893969,0.018399129278151682,0.26197283706458574,0.5076291290414526,0.6056099326864305,0.20313444749639864,0.7737928458255184,0.32286325728307375,0.1322008993230125,0.20540236729470374,0.48075328150413543,0.14004322464128383,0.10642265921506533,0.2189942515430463,0.44239801935285183,0.16316113017224798,0.4950544358064447,0.7726910339846214,0.43224613411970214,0.733143341641388,0.03455998428968665
0.6024971497293442,0.9134287905380553,0.08244204707580738,0.03739333052687599,0.2100027759913421,0.6596408957360156,0.8648999244901464,0.27822830759461037,0.09535098515000118,0.7305870549820466,0.018901921265489174,0.8233575208692934,0.645369526844227,0.21273403469955,0.42127160197740166,0.32230649211924967,0.35150509345966463,0.26325015374685745,0.45410618321171214,0.34701334967663056,0.08223686747757775,0.24950292177590194,0.5859671516820656,0.6250775893232974,0.43846731031282016,0.7280948849088668,0.3064906058155392,0.42535835747562634,0.5248167869316274,0.1485957224893969,0.018399129278151682,0.26197283706458574,0.5076291290414526,0.6056099326864305,0.20313444749639864,0.7737928458255184,0.32286325728307375,0.1322008993230125,0.20540236729470374,0.48075328150413543,0.14004322464128383,0.10642265921506533,0.2189942515430463,0.44239801935285183,0.16316113017224798,0.4950544358064447,0.7726910339846214,0.43224613411970214,0.733143341641388,0.03455998428968665
0.6024971497293442,0.9134287905380553,0.08244204707580738,0.03739333052687599,0.2100027759913421,0.6596408957360156,0.8648999244901464,0.27822830759461037,0.09535098515000118,0.7305870549820466,0.018901921265489174,0.8233575208692934,0.645369526844227,0.21273403469955,0.42127160197740166,0.32230649211924967,0.35150509345966463,0.26325015374685745,0.45410618321171214,0.34701334967663056,0.08223686747757775,0.24950292177590194,0.5859671516820656,0.6250775893232974,0.43846731031282016,0.7280948849088668,0.3064906058155392,0.42535835747562634,0.5248167869316274,0.1485957224893969,0.018399129278151682,0.26197283706458574,0.5076291290414526,0.6056099326864305,0.20313444749639864,0.7737928458255184,0.32286325728307375,0.1322008993230125,0.20540236729470374,0.48075328150413543,0.14004322464128383,0.10642265921506533,0.2189942515430463,0.44239801935285183,0.16316113017224798,0.4950544358064447,0.7726910339846214,0.43224613411970214,0.733143341641388,0.03455998428968665
0.6024971497293442,0.9134287905380553,0.08244204707580738,0.03739333052687599,0.2100027759913421,0.6596408957360156,0.8648999244901464,0.27822830759461037,0.09535098515000118,0.7305870549820466,0.018901921265489174,0.8233575208692934,0.645369526844227,0.21273403469955,0.42127160197740166,0.32230649211924967,0.35150509345966463,0.26325015374685745,0.45410618321171214,0.34701334967663056,0.08223686747757775,0.24950292177590194,0.5859671516820656,0.6250775893232974,0.43846731031282016,0.7280948849088668,0.3064906058155392,0.42535835747562634,0.5248167869316274,0.1485957224893969,0.018399129278151682,0.26197283706458574,0.5076291290414526,0.6056099326864305,0.20313444749639864,0.7737928458255184,0.32286325728307375,0.1322008993230125,0.20540236729470374,0.48075328150413543,0.14004322464128383,0.10642265921506533,0.2189942515430463,0.44239801935285183,0.16316113017224798,0.4950544358064447,0.7726910339846214,0.43224613411970214,0.733143341641388,0.03455998428968665
0.6024971497293442,0.9134287905380553,0.08244204707580738,0.03739333052687599,0.2100027759913421,0.6596408957360156,0.8648999244901464,0.27822830759461037,0.09535098515000118,0.7305870549820466,0.018901921265489174,0.8233575208692934,0.645369526844227,0.21273403469955,0.42127160197740166,0.32230649211924967,0.35150509345966463,0.26325015374685745,0.45410618321171214,0.34701334967663056,0.08223686747757775,0.24950292177590194,0.5859671516820656,0.6250775893232974,0.43846731031282016,0.7280948849088668,0.3064906058155392,0.42535835747562634,0.5248167869316274,0.1485957224893969,0.018399129278151682,0.26197283706458574,0.5076291290414526,0.6056099326864305,0.20313444749639864,0.7737928458255184,0.32286325728307375,0.1322008993230125,0.20540236729470374,0.48075328150413543,0.14004322464128383,0.10642265921506533,0.2189942515430463,0.44239801935285183,0.16316113017224798,0.4950544358064447,0.7726910339846214,0.43224613411970214,0.733143341641388,0.03455998428968665
0.6024971497293442,0.9134287905380553,0.08244204707580738,0.03739333052687599,0.2100027759913421,0.6596408957360156,0.8648999244901464,0.27822830759461037,0.09535098515000118,0.7305870549820466,0.018901921265489174,0.8233575208692934,0.645369526844227,0.21273403469955,0.42127160197740166,0.32230649211924967,0.35150509345966463,0.26325015374685745,0.45410618321171214,0.34701334967663056,0.08223686747757775,0.24950292177590194,0.5859671516820656,0.6250775893232974,0.43846731031282016,0.7280948849088668,0.3064906058155392,0.42535835747562634,0.5248167869316274,0.1485957224893969,0.018399129278151682,0.26197283706458574,0.5076291290414526,0.6056099326864305,0.20313444749639864,0.7737928458255184,0.32286325728307375,0.1322008993230125,0.20540236729470374,0.48075328150413543,0.14004322464128383,0.10642265921506533,0.2189942515430463,0.44239801935285183,0.16316113017224798,0.4950544358064447,0.7726910339846214,0.43224613411970214,0.733143341641388,0.03455998428968665
0.6024971497293442,0.9134287905380553,0.08244204707580738,0.03739333052687599,0.2100027759913421,0.6596408957360156,0.8648999244901464,0.27822830759461037,0.09535098515000118,0.7305870549820466,0.018901921265489174,0.8233575208692934,0.645369526844227,0.21273403469955,0.42127160197740166,0.32230649211924967,0.35150509345966463,0.26325015374685745,0.45410618321171214,0.34701334967663056,0.08223686747757775,0.24950292177590194,0.5859671516820656,0.6250775893232974,0.43846731031282016,0.7280948849088668,0.3064906058155392,0.42535835747562634,0.5248167869316274,0.1485957224893969,0.018399129278151682,0.26197283706458574,0.5076291290414526,0.6056099326864305,0.20313444749639864,0.7737928458255184,0.32286325728307375,0.1322008993230125,0.20540236729470374,0.48075328150413543,0.14004322464128383,0.10642265921506533,0.2189942515430463,0.44239801935285183,0.16316113017224798,0.4950544358064447,0.7726910339846214,0.43224613411970214,0.733143341641388,0.03455998428968665
0.6024971497293442,0.9134287905380553,0.08244204707580738,0.03739333052687599,0.2100027759913421,0.6596408957360156,0.8648999244901464,0.27822830759461037,0.09535098515000118,0.7305870549820466,0.018901921265489174,0.8233575208692934,0.645369526844227,0.21273403469955,0.42127160197740166,0.32230649211924967,0.35150509345966463,0.26325015374685745,0.45410618321171214,0.34701334967663056,0.08223686747757775,0.24950292177590194,0.5859671516820656,0.6250775893232974,0.43846731031282016,0.7280948849088668,0.3064906058155392,0.42535835747562634,0.5248167869316274,0.1485957224893969,0.018399129278151682,0.26197283706458574,0.5076291290414526,0.6056099326864305,0.20313444749639864,0.7737928458255184,0.32286325728307375,0.1322008993230125,0.20540236729470374,0.48075328150413543,0.14004322464128383,0.10642265921506533,0.2189942515430463,0.44239801935285183,0.16316113017224798,0.4950544358064447,0.7726910339846214,0.43224613411970214,0.733143341641388,0.03455998428968665
0.6024971497293442,0.9134287905380553,0.08244204707580738,0.03739333052687599,0.2100027759913421,0.6596408957360156,0.8648999244901464,0.27822830759461037,0.09535098515000118,0.7305870549820466,0.018901921265489174,0.8233575208692934,0.645369526844227,0.21273403469955,0.42127160197740166,0.32230649211924967,0.35150509345966463,0.26325015374685745,0.45410618321171214,0.34701334967663056,0.08223686747757775,0.24950292177590194,0.5859671516820656,0.6250775893232974,0.43846731031282016,0.7280948849088668,0.3064906058155392,0.42535835747562634,0.5248167869316274,0.1485957224893969,0.018399129278151682,0.26197283706458574,0.5076291290414526,0.6056099326864305,0.20313444749639864,0.7737928458255184,0.32286325728307375,0.1322008993230125,0.20540236729470374,0.48075328150413543,0.14004322464128383,0.10642265921506533,0.2189942515430463,0.44239801935285183,0.16316113017224798,0.4950544358064447,0.7726910339846214,0.43224613411970214,0.733143341641388,0.03455998428968665
0.6024971497293442,0.9134287905380553,0.08244204707580738,0.03739333052687599,0.2100027759913421,0.6596408957360156,0.8648999244901464,0.27822830759461037,0.09535098515000118,0.7305870549820466,0.018901921265489174,0.8233575208692934,0.645369526844227,0.21273403469955,0.42127160197740166,0.32230649211924967,0.35150509345966463,0.26325015374685745,0.45410618321171214,0.34701334967663056,0.08223686747757775,0.24950292177590194,0.5859671516820656,0.6250775893232974,0.43846731031282016,0.7280948849088668,0.3064906058155392,0.42535835747562634,0.5248167869316274,0.1485957224893969,0.018399129278151682,0.26197283706458574,0.5076291290414526,0.6056099326864305,0.20313444749639864,0.7737928458255184,0.32286325728307375,0.1322008993230125,0.20540236729470374,0.48075328150413543,0.14004322464128383,0.10642265921506533,0.2189942515430463,0.44239801935285183,0.16316113017224798,0.4950544358064447,0.7726910339846214,0.43224613411970214,0.733143341641388,0.03455998428968665
0.6024971497293442,0.9134287905380553,0.08244204707580738,0.03739333052687599,0.2100027759913421,0.6596408957360156,0.8648999244901464,0.27822830759461037,0.09535098515000118,0.7305870549820466,0.018901921265489174,0.8233575208692934,0.645369526844227,0.21273403469955,0.42127160197740166,0.32230649211924967,0.35150509345966463,0.26325015374685745,0.45410618321171214,0.34701334967663056,0.08223686747757775,0.24950292177590194,0.5859671516820656,0.6250775893232974,0.43846731031282016,0.7280948849088668,0.3064906058155392,0.42535835747562634,0.5248167869316274,0.1485957224893969,0.018399129278151682,0.26197283706458574,0.5076291290414526,0.6056099326864305,0.20313444749639864,0.7737928458255184,0.32286325728307375,0.1322008993230125,0.20540236729470374,0.48075328150413543,0.14004322464128383,0.10642265921506533,0.2189942515430463,0.44239801935285183,0.16316113017224798,0.4950544358064447,0.7726910339846214,0.43224613411970214,0.733143341641388,0.03455998428968665
0.6024971497293442,0.9134287905380553,0.08244204707580738,0.03739333052687599,0.2100027759913421,0.6596408957360156,0.8648999244901464,0.27822830759461037,0.09535098515000118,0.7305870549820466,0.018901921265489174,0.8233575208692934,0.645369526844227,0.21273403469955,0.42127160197740166,0.32230649211924967,0.35150509345966463,0.26325015374685745,0.45410618321171214,0.34701334967663056,0.08223686747757775,0.24950292177590194,0.5859671516820656,0.6250775893232974,0.43846731031282016,0.7280948849088668,0.3064906058155392,0.42535835747562634,0.5248167869316274,0.1485957224893969,0.018399129278151682,0.26197283706458574,0.5076291290414526,0.6056099326864305,0.20313444749639864,0.7737928458255184,0.32286325728307375,0.1322008993230125,0.20540236729470374,0.48075328150413543,0.14004322464128383,0.10642265921506533,0.2189942515430463,0.44239801935285183,0.16316113017224798,0.4950544358064447,0.7726910339846214,0.43224613411970214,0.733143341641388,0.03455998428968665
0.6024971497293442,0.9134287905380553,0.08244204707580738,0.03739333052687599,0.2100027759913421,0.6596408957360156,0.8648999244901464,0.27822830759461037,0.09535098515000118,0.7305870549820466,0.018901921265489174,0.8233575208692934,0.645369526844227,0.21273403469955,0.42127160197740166,0.32230649211924967,0.35150509345966463,0.26325015374685745,0.45410618321171214,0.34701334967663056,0.08223686747757775,0.24950292177590194,0.5859671516820656,0.6250775893232974,0.43846731031282016,0.7280948849088668,0.3064906058155392,0.42535835747562634,0.5248167869316274,0.1485957224893969,0.018399129278151682,0.26197283706458574,0.5076291290414526,0.6056099326864305,0.20313444749639864,0.7737928458255184,0.32286325728307375,0.1322008993230125,0.20540236729470374,0.48075328150413543,0.14004322464128383,0.10642265921506533,0.2189942515430463,0.44239801935285183,0.16316113017224798,0.4950544358064447,0.7726910339846214,0.43224613411970214,0.733143341641388,0.03455998428968665
0.6024971497293442,0.9134287905380553,0.08244204707580738,0.03739333052687599,0.2100027759913421,0.6596408957360156,0.8648999244901464,0.27822830759461037,0.09535098515000118,0.7305870549820466,0.018901921265489174,0.8233575208692934,0.645369526844227,0.21273403469955,0.42127160197740166,0.32230649211924967,0.35150509345966463,0.26325015374685745,0.45410618321171214,0.34701334967663056,0.08223686747757775,0.24950292177590194,0.5859671516820656,0.6250775893232974,0.43846731031282016,0.7280948849088668,0.3064906058155392,0.42535835747562634,0.5248167869316274,0.1485957224893969,0.018399129278151682,0.26197283706458574,0.5076291290414526,0.6056099326864305,0.20313444749639864,0.7737928458255184,0.32286325728307375,0.1322008993230125,0.20540236729470374,0.48075328150413543,0.14004322464128383,0.10642265921506533,0.2189942515430463,0.44239801935285183,0.16316113017224798,0.4950544358064447,0.7726910339846214,0.43224613411970214,0.733143341641388,0.03455998428968665
0.6024971497293442,0.9134287905380553,0.08244204707580738,0.03739333052687599,0.2100027759913421,0.6596408957360156,0.8648999244901464,0.27822830759461037,0.09535098515000118,0.7305870549820466,0.018901921265489174,0.8233575208692934,0.645369526844227,0.21273403469955,0.42127160197740166,0.32230649211924967,0.35150509345966463,0.26325015374685745,0.45410618321171214,0.34701334967663056,0.08223686747757775,0.24950292177590194,0.5859671516820656,0.6250775893232974,0.43846731031282016,0.7280948849088668,0.3064906058155392,0.42535835747562634,0.5248167869316274,0.1485957224893969,0.018399129278151682,0.26197283706458574,0.5076291290414526,0.6056099326864305,0.20313444749639864,0.7737928458255184,0.32286325728307375,0.1322008993230125,0.20540236729470374,0.48075328150413543,0.14004322464128383,0.10642265921506533,0.2189942515430463,0.44239801935285183,0.16316113017224798,0.4950544358064447,0.7726910339846214,0.43224613411970214,0.733143341641388,0.03455998428968665
0.6024971497293442,0.9134287905380553,0.08244204707580738,0.03739333052687599,0.2100027759913421,0.6596408957360156,0.8648999244901464,0.27822830759461037,0.09535098515000118,0.7305870549820466,0.018901921265489174,0.8233575208692934,0.645369526844227,0.21273403469955,0.42127160197740166,0.32230649211924967,0.35150509345966463,0.26325015374685745,0.45410618321171214,0.34701334967663056,0.08223686747757775,0.24950292177590194,0.5859671516820656,0.6250775893232974,0.43846731031282016,0.7280948849088668,0.3064906058155392,0.42535835747562634,0.5248167869316274,0.1485957224893969,0.018399129278151682,0.26197283706458574,0.5076291290414526,0.6056099326864305,0.20313444749639864,0.7737928458255184,0.32286325728307375,0.1322008993230125,0.20540236729470374,0.48075328150413543,0.14004322464128383,0.10642265921506533,0.2189942515430463,0.44239801935285183,0.16316113017224798,0.4950544358064447,0.7726910339846214,0.43224613411970214,0.733143341641388,0.03455998428968665
0.6024971497293442,0.9134287905380553,0.08244204707580738,0.03739333052687599,0.2100027759913421,0.6596408957360156,0.8648999244901464,0.27822830759461037,0.09535098515000118,0.7305870549820466,0.018901921265489174,0.8233575208692934,0.645369526844227,0.21273403469955,0.42127160197740166,0.32230649211924967,0.35150509345966463,0.26325015374685745,0.45410618321171214,0.34701334967663056,0.08223686747757775,0.24950292177590194,0.5859671516820656,0.6250775893232974,0.43846731031282016,0.7280948849088668,0.3064906058155392,0.42535835747562634,0.5248167869316274,0.1485957224893969,0.018399129278151682,0.26197283706458574,0.5076291290414526,0.6056099326864305,0.20313444749639864,0.7737928458255184,0.32286325728307375,0.1322008993230125,0.20540236729470374,0.48075328150413543,0.14004322464128383,0.10642265921506533,0.2189942515430463,0.44239801935285183,0.16316113017224798,0.4950544358064447,0.7726910339846214,0.43224613411970214,0.733143341641388,0.03455998428968665
0.6024971497293442,0.9134287905380553,0.08244204707580738,0.03739333052687599,0.2100027759913421,0.6596408957360156,0.8648999244901464,0.27822830759461037,0.09535098515000118,0.7305870549820466,0.018901921265489174,0.8233575208692934,0.645369526844227,0.21273403469955,0.42127160197740166,0.32230649211924967,0.35150509345966463,0.26325015374685745,0.45410618321171214,0.34701334967663056,0.08223686747757775,0.24950292177590194,0.5859671516820656,0.6250775893232974,0.43846731031282016,0.7280948849088668,0.3064906058155392,0.42535835747562634,0.5248167869316274,0.1485957224893969,0.018399129278151682,0.26197283706458574,0.5076291290414526,0.6056099326864305,0.20313444749639864,0.7737928458255184,0.32286325728307375,0.1322008993230125,0.20540236729470374,0.48075328150413543,0.14004322464128383,0.10642265921506533,0.2189942515430463,0.44239801935285183,0.16316113017224798,0.4950544358064447,0.7726910339846214,0.43224613411970214,0.733143341641388,0.03455998428968665
0.6024971497293442,0.9134287905380553,0.08244204707580738,0.03739333052687599,0.2100027759913421,0.6596408957360156,0.8648999244901464,0.27822830759461037,0.09535098515000118,0.7305870549820466,0.018901921265489174,0.8233575208692934,0.645369526844227,0.21273403469955,0.42127160197740166,0.32230649211924967,0.35150509345966463,0.26325015374685745,0.45410618321171214,0.34701334967663056,0.08223686747757775,0.24950292177590194,0.5859671516820656,0.6250775893232974,0.43846731031282016,0.7280948849088668,0.3064906058155392,0.42535835747562634,0.5248167869316274,0.1485957224893969,0.018399129278151682,0.26197283706458574,0.5076291290414526,0.6056099326864305,0.20313444749639864,0.7737928458255184,0.32286325728307375,0.1322008993230125,0.20540236729470374,0.48075328150413543,0.14004322464128383,0.10642265921506533,0.2189942515430463,0.44239801935285183,0.16316113017224798,0.4950544358064447,0.7726910339846214,0.43224613411970214,0.733143341641388,0.03455998428968665
0.6024971497293442,0.9134287905380553,0.08244204707580738,0.03739333052687599,0.2100027759913421,0.6596408957360156,0.8648999244901464,0.27822830759461037,0.09535098515000118,0.7305870549820466,0.018901921265489174,0.8233575208692934,0.645369526844227,0.21273403469955,0.42127160197740166,0.32230649211924967,0.35150509345966463,0.26325015374685745,0.45410618321171214,0.34701334967663056,0.08223686747757775,0.24950292177590194,0.5859671516820656,0.6250775893232974,0.43846731031282016,0.7280948849088668,0.3064906058155392,0.42535835747562634,0.5248167869316274,0.1485957224893969,0.018399129278151682,0.26197283706458574,0.5076291290414526,0.6056099326864305,0.20313444749639864,0.7737928458255184,0.32286325728307375,0.1322008993230125,0.20540236729470374,0.48075328150413543,0.14004322464128383,0.10642265921506533,0.2189942515430463,0.44239801935285183,0.16316113017224798,0.4950544358064447,0.7726910339846214,0.43224613411970214,0.733143341641388,0.03455998428968665
0.6024971497293442,0.9134287905380553,0.08244204707580738,0.03739333052687599,0.2100027759913421,0.6596408957360156,0.8648999244901464,0.27822830759461037,0.09535098515000118,0.7305870549820466,0.018901921265489174,0.8233575208692934,0.645369526844227,0.21273403469955,0.42127160197740166,0.32230649211924967,0.35150509345966463,0.26325015374685745,0.45410618321171214,0.34701334967663056,0.08223686747757775,0.24950292177590194,0.5859671516820656,0.6250775893232974,0.43846731031282016,0.7280948849088668,0.3064906058155392,0.42535835747562634,0.5248167869316274,0.1485957224893969,0.018399129278151682,0.26197283706458574,0.5076291290414526,0.6056099326864305,0.20313444749639864,0.7737928458255184,0.32286325728307375,0.1322008993230125,0.20540236729470374,0.48075328150413543,0.14004322464128383,0.10642265921506533,0.2189942515430463,0.44239801935285183,0.16316113017224798,0.4950544358064447,0.7726910339846214,0.43224613411970214,0.733143341641388,0.03455998428968665
0.6024971497293442,0.9134287905380553,0.08244204707580738,0.03739333052687599,0.2100027759913421,0.6596408957360156,0.8648999244901464,0.27822830759461037,0.09535098515000118,0.7305870549820466,0.018901921265489174,0.8233575208692934,0.645369526844227,0.21273403469955,0.42127160197740166,0.32230649211924967,0.35150509345966463,0.26325015374685745,0.45410618321171214,0.34701334967663056,0.08223686747757775,0.24950292177590194,0.5859671516820656,0.6250775893232974,0.43846731031282016,0.7280948849088668,0.3064906058155392,0.42535835747562634,0.5248167869316274,0.1485957224893969,0.018399129278151682,0.26197283706458574,0.5076291290414526,0.6056099326864305,0.20313444749639864,0.7737928458255184,0.32286325728307375,0.1322008993230125,0.20540236729470374,0.48075328150413543,0.14004322464128383,0.10642265921506533,0.2189942515430463,0.44239801935285183,0.16316113017224798,0.4950544358064447,0.7726910339846214,0.43224613411970214,0.733143341641388,0.03455998428968665
0.6024971497293442,0.9134287905380553,0.08244204707580738,0.03739333052687599,0.2100027759913421,0.6596408957360156,0.8648999244901464,0.27822830759461037,0.09535098515000118,0.7305870549820466,0.018901921265489174,0.8233575208692934,0.645369526844227,0.21273403469955,0.42127160197740166,0.32230649211924967,0.35150509345966463,0.26325015374685745,0.45410618321171214,0.34701334967663056,0.08223686747757775,0.24950292177590194,0.5859671516820656,0.6250775893232974,0.43846731031282016,0.7280948849088668,0.3064906058155392,0.42535835747562634,0.5248167869316274,0.1485957224893969,0.018399129278151682,0.26197283706458574,0.5076291290414526,0.6056099326864305,0.20313444749639864,0.7737928458255184,0.32286325728307375,0.1322008993230125,0.20540236729470374,0.48075328150413543,0.14004322464128383,0.10642265921506533,0.2189942515430463,0.44239801935285183,0.16316113017224798,0.4950544358064447,0.7726910339846214,0.43224613411970214,0.733143341641388,0.03455998428968665
0.6024971497293442,0.9134287905380553,0.08244204707580738,0.03739333052687599,0.2100027759913421,0.6596408957360156,0.8648999244901464,0.27822830759461037,0.09535098515000118,0.7305870549820466,0.018901921265489174,0.8233575208692934,0.645369526844227,0.21273403469955,0.42127160197740166,0.32230649211924967,0.35150509345966463,0.26325015374685745,0.45410618321171214,0.34701334967663056,0.08223686747757775,0.24950292177590194,0.5859671516820656,0.6250775893232974,0.43846731031282016,0.7280948849088668,0.3064906058155392,0.42535835747562634,0.5248167869316274,0.1485957224893969,0.018399129278151682,0.26197283706458574,0.5076291290414526,0.6056099326864305,0.20313444749639864,0.7737928458255184,0.32286325728307375,0.1322008993230125,0.20540236729470374,0.48075328150413543,0.14004322464128383,0.10642265921506533,0.2189942515430463,0.44239801935285183,0.16316113017224798,0.4950544358064447,0.7726910339846214,0.43224613411970214,0.733143341641388,0.03455998428968665
0.6024971497293442,0.9134287905380553,0.08244204707580738,0.03739333052687599,0.2100027759913421,0.6596408957360156,0.8648999244901464,0.27822830759461037,0.09535098515000118,0.7305870549820466,0.018901921265489174,0.8233575208692934,0.645369526844227,0.21273403469955,0.42127160197740166,0.32230649211924967,0.35150509345966463,0.26325015374685745,0.45410618321171214,0.34701334967663056,0.08223686747757775,0.24950292177590194,0.5859671516820656,0.6250775893232974,0.43846731031282016,0.7280948849088668,0.3064906058155392,0.42535835747562634,0.5248167869316274,0.1485957224893969,0.018399129278151682,0.26197283706458574,0.5076291290414526,0.6056099326864305,0.20313444749639864,0.7737928458255184,0.32286325728307375,0.1322008993230125,0.20540236729470374,0.48075328150413543,0.14004322464128383,0.10642265921506533,0.2189942515430463,0.44239801935285183,0.16316113017224798,0.4950544358064447,0.7726910339846214,0.43224613411970214,0.733143341641388,0.03455998428968665
0.6024971497293442,0.9134287905380553,0.08244204707580738,0.03739333052687599,0.2100027759913421,0.6596408957360156,0.8648999244901464,0.27822830759461037,0.09535098515000118,0.7305870549820466,0.018901921265489174,0.8233575208692934,0.645369526844227,0.21273403469955,0.42127160197740166,0.32230649211924967,0.35150509345966463,0.26325015374685745,0.45410618321171214,0.34701334967663056,0.08223686747757775,0.24950292177590194,0.5859671516820656,0.6250775893232974,0.43846731031282016,0.7280948849088668,0.3064906058155392,0.42535835747562634,0.5248167869316274,0.1485957224893969,0.018399129278151682,0.26197283706458574,0.5076291290414526,0.6056099326864305,0.20313444749639864,0.7737928458255184,0.32286325728307375,0.1322008993230125,0.20540236729470374,0.48075328150413543,0.14004322464128383,0.10642265921506533,0.2189942515430463,0.44239801935285183,0.16316113017224798,0.4950544358064447,0.7726910339846214,0.43224613411970214,0.733143341641388,0.03455998428968665
0.6024971497293442,0.9134287905380553,0.08244204707580738,0.03739333052687599,0.2100027759913421,0.6596408957360156,0.8648999244901464,0.27822830759461037,0.09535098515000118,0.7305870549820466,0.018901921265489174,0.8233575208692934,0.645369526844227,0.21273403469955,0.42127160197740166,0.32230649211924967,0.35150509345966463,0.26325015374685745,0.45410618321171214,0.34701334967663056,0.08223686747757775,0.24950292177590194,0.5859671516820656,0.6250775893232974,0.43846731031282016,0.7280948849088668,0.3064906058155392,0.42535835747562634,0.5248167869316274,0.1485957224893969,0.018399129278151682,0.26197283706458574,0.5076291290414526,0.6056099326864305,0.20313444749639864,0.7737928458255184,0.32286325728307375,0.1322008993230125,0.20540236729470374,0.48075328150413543,0.14004322464128383,0.10642265921506533,0.2189942515430463,0.44239801935285183,0.16316113017224798,0.4950544358064447,0.7726910339846214,0.43224613411970214,0.733143341641388,0.03455998428968665
0.6024971497293442,0.9134287905380553,0.08244204707580738,0.03739333052687599,0.2100027759913421,0.6596408957360156,0.8648999244901464,0.27822830759461037,0.09535098515000118,0.7305870549820466,0.018901921265489174,0.8233575208692934,0.645369526844227,0.21273403469955,0.42127160197740166,0.32230649211924967,0.35150509345966463,0.26325015374685745,0.45410618321171214,0.34701334967663056,0.08223686747757775,0.24950292177590194,0.5859671516820656,0.6250775893232974,0.43846731031282016,0.7280948849088668,0.3064906058155392,0.42535835747562634,0.5248167869316274,0.1485957224893969,0.018399129278151682,0.26197283706458574,0.5076291290414526,0.6056099326864305,0.20313444749639864,0.7737928458255184,0.32286325728307375,0.1322008993230125,0.20540236729470374,0.48075328150413543,0.14004322464128383,0.10642265921506533,0.2189942515430463,0.44239801935285183,0.16316113017224798,0.4950544358064447,0.7726910339846214,0.43224613411970214,0.733143341641388,0.03455998428968665
0.6024971497293442,0.9134287905380553,0.08244204707580738,0.03739333052687599,0.2100027759913421,0.6596408957360156,0.8648999244901464,0.27822830759461037,0.09535098515000118,0.7305870549820466,0.018901921265489174,0.8233575208692934,0.645369526844227,0.21273403469955,0.42127160197740166,0.32230649211924967,0.35150509345966463,0.26325015374685745,0.45410618321171214,0.34701334967663056,0.08223686747757775,0.24950292177590194,0.5859671516820656,0.6250775893232974,0.43846731031282016,0.7280948849088668,0.3064906058155392,0.42535835747562634,0.5248167869316274,0.1485957224893969,0.018399129278151682,0.26197283706458574,0.5076291290414526,0.6056099326864305,0.20313444749639864,0.7737928458255184,0.32286325728307375,0.1322008993230125,0.20540236729470374,0.48075328150413543,0.14004322464128383,0.10642265921506533,0.2189942515430463,0.44239801935285183,0.16316113017224798,0.4950544358064447,0.7726910339846214,0.43224613411970214,0.733143341641388,0.03455998428968665
0.6024971497293442,0.9134287905380553,0.08244204707580738,0.03739333052687599,0.2100027759913421,0.6596408957360156,0.8648999244901464,0.27822830759461037,0.09535098515000118,0.7305870549820466,0.018901921265489174,0.8233575208692934,0.645369526844227,0.21273403469955,0.42127160197740166,0.32230649211924967,0.35150509345966463,0.26325015374685745,0.45410618321171214,0.34701334967663056,0.08223686747757775,0.24950292177590194,0.5859671516820656,0.6250775893232974,0.43846731031282016,0.7280948849088668,0.3064906058155392,0.42535835747562634,0.5248167869316274,0.1485957224893969,0.018399129278151682,0.26197283706458574,0.5076291290414526,0.6056099326864305,0.20313444749639864,0.7737928458255184,0.32286325728307375,0.1322008993230125,0.20540236729470374,0.48075328150413543,0.14004322464128383,0.10642265921506533,0.2189942515430463,0.44239801935285183,0.16316113017224798,0.4950544358064447,0.7726910339846214,0.43224613411970214,0.733143341641388,0.03455998428968665
0.6024971497293442,0.9134287905380553,0.08244204707580738,0.03739333052687599,0.2100027759913421,0.6596408957360156,0.8648999244901464,0.27822830759461037,0.09535098515000118,0.7305870549820466,0.018901921265489174,0.8233575208692934,0.645369526844227,0.21273403469955,0.42127160197740166,0.32230649211924967,0.35150509345966463,0.26325015374685745,0.45410618321171214,0.34701334967663056,0.08223686747757775,0.24950292177590194,0.5859671516820656,0.6250775893232974,0.43846731031282016,0.7280948849088668,0.3064906058155392,0.42535835747562634,0.5248167869316274,0.1485957224893969,0.018399129278151682,0.26197283706458574,0.5076291290414526,0.6056099326864305,0.20313444749639864,0.7737928458255184,0.32286325728307375,0.1322008993230125,0.20540236729470374,0.48075328150413543,0.14004322464128383,0.10642265921506533,0.2189942515430463,0.44239801935285183,0.16316113017224798,0.4950544358064447,0.7726910339846214,0.43224613411970214,0.733143341641388,0.03455998428968665
0.6024971497293442,0.9134287905380553,0.08244204707580738,0.03739333052687599,0.2100027759913421,0.6596408957360156,0.8648999244901464,0.27822830759461037,0.09535098515000118,0.7305870549820466,0.018901921265489174,0.8233575208692934,0.645369526844227,0.21273403469955,0.42127160197740166,0.32230649211924967,0.35150509345966463,0.26325015374685745,0.45410618321171214,0.34701334967663056,0.08223686747757775,0.24950292177590194,0.5859671516820656,0.6250775893232974,0.43846731031282016,0.7280948849088668,0.3064906058155392,0.42535835747562634,0.5248167869316274,0.1485957224893969,0.018399129278151682,0.26197283706458574,0.5076291290414526,0.6056099326864305,0.20313444749639864,0.7737928458255184,0.32286325728307375,0.1322008993230125,0.20540236729470374,0.48075328150413543,0.14004322464128383,0.10642265921506533,0.2189942515430463,0.44239801935285183,0.16316113017224798,0.4950544358064447,0.7726910339846214,0.43224613411970214,0.733143341641388,0.03455998428968665
0.6024971497293442,0.9134287905380553,0.08244204707580738,0.03739333052687599,0.2100027759913421,0.6596408957360156,0.8648999244901464,0.27822830759461037,0.09535098515000118,0.7305870549820466,0.018901921265489174,0.8233575208692934,0.645369526844227,0.21273403469955,0.42127160197740166,0.32230649211924967,0.35150509345966463,0.26325015374685745,0.45410618321171214,0.34701334967663056,0.08223686747757775,0.24950292177590194,0.5859671516820656,0.6250775893232974,0.43846731031282016,0.7280948849088668,0.3064906058155392,0.42535835747562634,0.5248167869316274,0.1485957224893969,0.018399129278151682,0.26197283706458574,0.5076291290414526,0.6056099326864305,0.20313444749639864,0.7737928458255184,0.32286325728307375,0.1322008993230125,0.20540236729470374,0.48075328150413543,0.14004322464128383,0.10642265921506533,0.2189942515430463,0.44239801935285183,0.16316113017224798,0.4950544358064447,0.7726910339846214,0.43224613411970214,0.733143341641388,0.03455998428968665
0.6024971497293442,0.9134287905380553,0.08244204707580738,0.03739333052687599,0.2100027759913421,0.6596408957360156,0.8648999244901464,0.27822830759461037,0.09535098515000118,0.7305870549820466,0.018901921265489174,0.8233575208692934,0.645369526844227,0.21273403469955,0.42127160197740166,0.32230649211924967,0.35150509345966463,0.26325015374685745,0.45410618321171214,0.34701334967663056,0.08223686747757775,0.24950292177590194,0.5859671516820656,0.6250775893232974,0.43846731031282016,0.7280948849088668,0.3064906058155392,0.42535835747562634,0.5248167869316274,0.1485957224893969,0.018399129278151682,0.26197283706458574,0.5076291290414526,0.6056099326864305,0.20313444749639864,0.7737928458255184,0.32286325728307375,0.1322008993230125,0.20540236729470374,0.48075328150413543,0.14004322464128383,0.10642265921506533,0.2189942515430463,0.44239801935285183,0.16316113017224798,0.4950544358064447,0.7726910339846214,0.43224613411970214,0.733143341641388,0.03455998428968665
0.6024971497293442,0.9134287905380553,0.08244204707580738,0.03739333052687599,0.2100027759913421,0.6596408957360156,0.8648999244901464,0.27822830759461037,0.09535098515000118,0.7305870549820466,0.018901921265489174,0.8233575208692934,0.645369526844227,0.21273403469955,0.42127160197740166,0.32230649211924967,0.35150509345966463,0.26325015374685745,0.45410618321171214,0.34701334967663056,0.08223686747757775,0.24950292177590194,0.5859671516820656,0.6250775893232974,0.43846731031282016,0.7280948849088668,0.3064906058155392,0.42535835747562634,0.5248167869316274,0.1485957224893969,0.018399129278151682,0.26197283706458574,0.5076291290414526,0.6056099326864305,0.20313444749639864,0.7737928458255184,0.32286325728307375,0.1322008993230125,0.20540236729470374,0.48075328150413543,0.14004322464128383,0.10642265921506533,0.2189942515430463,0.44239801935285183,0.16316113017224798,0.4950544358064447,0.7726910339846214,0.43224613411970214,0.733143341641388,0.03455998428968665
0.6024971497293442,0.9134287905380553,0.08244204707580738,0.03739333052687599,0.2100027759913421,0.6596408957360156,0.8648999244901464,0.27822830759461037,0.09535098515000118,0.7305870549820466,0.018901921265489174,0.8233575208692934,0.645369526844227,0.21273403469955,0.42127160197740166,0.32230649211924967,0.35150509345966463,0.26325015374685745,0.45410618321171214,0.34701334967663056,0.08223686747757775,0.24950292177590194,0.5859671516820656,0.6250775893232974,0.43846731031282016,0.7280948849088668,0.3064906058155392,0.42535835747562634,0.5248167869316274,0.1485957224893969,0.018399129278151682,0.26197283706458574,0.5076291290414526,0.6056099326864305,0.20313444749639864,0.7737928458255184,0.32286325728307375,0.1322008993230125,0.20540236729470374,0.48075328150413543,0.14004322464128383,0.10642265921506533,0.2189942515430463,0.44239801935285183,0.16316113017224798,0.4950544358064447,0.7726910339846214,0.43224613411970214,0.733143341641388,0.03455998428968665
0.6024971497293442,0.9134287905380553,0.08244204707580738,0.03739333052687599,0.2100027759913421,0.6596408957360156,0.8648999244901464,0.27822830759461037,0.09535098515000118,0.7305870549820466,0.018901921265489174,0.8233575208692934,0.645369526844227,0.21273403469955,0.42127160197740166,0.32230649211924967,0.35150509345966463,0.26325015374685745,0.45410618321171214,0.34701334967663056,0.08223686747757775,0.24950292177590194,0.5859671516820656,0.6250775893232974,0.43846731031282016,0.7280948849088668,0.3064906058155392,0.42535835747562634,0.5248167869316274,0.1485957224893969,0.018399129278151682,0.26197283706458574,0.5076291290414526,0.6056099326864305,0.20313444749639864,0.7737928458255184,0.32286325728307375,0.1322008993230125,0.20540236729470374,0.48075328150413543,0.14004322464128383,0.10642265921506533,0.2189942515430463,0.44239801935285183,0.16316113017224798,0.4950544358064447,0.7726910339846214,0.43224613411970214,0.733143341641388,0.03455998428968665
0.6024971497293442,0.9134287905380553,0.08244204707580738,0.03739333052687599,0.2100027759913421,0.6596408957360156,0.8648999244901464,0.27822830759461037,0.09535098515000118,0.7305870549820466,0.018901921265489174,0.8233575208692934,0.645369526844227,0.21273403469955,0.42127160197740166,0.32230649211924967,0.35150509345966463,0.26325015374685745,0.45410618321171214,0.34701334967663056,0.08223686747757775,0.24950292177590194,0.5859671516820656,0.6250775893232974,0.43846731031282016,0.7280948849088668,0.3064906058155392,0.42535835747562634,0.5248167869316274,0.1485957224893969,0.018399129278151682,0.26197283706458574,0.5076291290414526,0.6056099326864305,0.20313444749639864,0.7737928458255184,0.32286325728307375,0.1322008993230125,0.20540236729470374,0.48075328150413543,0.14004322464128383,0.10642265921506533,0.2189942515430463,0.44239801935285183,0.16316113017224798,0.4950544358064447,0.7726910339846214,0.43224613411970214,0.733143341641388,0.03455998428968665
0.6024971497293442,0.9134287905380553,0.08244204707580738,0.03739333052687599,0.2100027759913421,0.6596408957360156,0.8648999244901464,0.27822830759461037,0.09535098515000118,0.7305870549820466,0.018901921265489174,0.8233575208692934,0.645369526844227,0.21273403469955,0.42127160197740166,0.32230649211924967,0.35150509345966463,0.26325015374685745,0.45410618321171214,0.34701334967663056,0.08223686747757775,0.24950292177590194,0.5859671516820656,0.6250775893232974,0.43846731031282016,0.7280948849088668,0.3064906058155392,0.42535835747562634,0.5248167869316274,0.1485957224893969,0.018399129278151682,0.26197283706458574,0.5076291290414526,0.6056099326864305,0.20313444749639864,0.7737928458255184,0.32286325728307375,0.1322008993230125,0.20540236729470374,0.48075328150413543,0.14004322464128383,0.10642265921506533,0.2189942515430463,0.44239801935285183,0.16316113017224798,0.4950544358064447,0.7726910339846214,0.43224613411970214,0.733143341641388,0.03455998428968665
0.6024971497293442,0.9134287905380553,0.08244204707580738,0.03739333052687599,0.2100027759913421,0.6596408957360156,0.8648999244901464,0.27822830759461037,0.09535098515000118,0.7305870549820466,0.018901921265489174,0.8233575208692934,0.645369526844227,0.21273403469955,0.42127160197740166,0.32230649211924967,0.35150509345966463,0.26325015374685745,0.45410618321171214,0.34701334967663056,0.08223686747757775,0.24950292177590194,0.5859671516820656,0.6250775893232974,0.43846731031282016,0.7280948849088668,0.3064906058155392,0.42535835747562634,0.5248167869316274,0.1485957224893969,0.018399129278151682,0.26197283706458574,0.5076291290414526,0.6056099326864305,0.20313444749639864,0.7737928458255184,0.32286325728307375,0.1322008993230125,0.20540236729470374,0.48075328150413543,0.14004322464128383,0.10642265921506533,0.2189942515430463,0.44239801935285183,0.16316113017224798,0.4950544358064447,0.7726910339846214,0.43224613411970214,0.733143341641388,0.03455998428968665
0.6024971497293442,0.9134287905380553,0.08244204707580738,0.03739333052687599,0.2100027759913421,0.6596408957360156,0.8648999244901464,0.27822830759461037,0.09535098515000118,0.7305870549820466,0.018901921265489174,0.8233575208692934,0.645369526844227,0.21273403469955,0.42127160197740166,0.32230649211924967,0.35150509345966463,0.26325015374685745,0.45410618321171214,0.34701334967663056,0.08223686747757775,0.24950292177590194,0.5859671516820656,0.6250775893232974,0.43846731031282016,0.7280948849088668,0.3064906058155392,0.42535835747562634,0.5248167869316274,0.1485957224893969,0.018399129278151682,0.26197283706458574,0.5076291290414526,0.6056099326864305,0.20313444749639864,0.7737928458255184,0.32286325728307375,0.1322008993230125,0.20540236729470374,0.48075328150413543,0.14004322464128383,0.10642265921506533,0.2189942515430463,0.44239801935285183,0.16316113017224798,0.4950544358064447,0.7726910339846214,0.43224613411970214,0.733143341641388,0.03455998428968665
0.6024971497293442,0.9134287905380553,0.08244204707580738,0.03739333052687599,0.2100027759913421,0.6596408957360156,0.8648999244901464,0.27822830759461037,0.09535098515000118,0.7305870549820466,0.018901921265489174,0.8233575208692934,0.645369526844227,0.21273403469955,0.42127160197740166,0.32230649211924967,0.35150509345966463,0.26325015374685745,0.45410618321171214,0.34701334967663056,0.08223686747757775,0.24950292177590194,0.5859671516820656,0.6250775893232974,0.43846731031282016,0.7280948849088668,0.3064906058155392,0.42535835747562634,0.5248167869316274,0.1485957224893969,0.018399129278151682,0.26197283706458574,0.5076291290414526,0.6056099326864305,0.20313444749639864,0.7737928458255184,0.32286325728307375,0.1322008993230125,0.20540236729470374,0.48075328150413543,0.14004322464128383,0.10642265921506533,0.2189942515430463,0.44239801935285183,0.16316113017224798,0.4950544358064447,0.7726910339846214,0.43224613411970214,0.733143341641388,0.03455998428968665
0.6024971497293442,0.9134287905380553,0.08244204707580738,0.03739333052687599,0.2100027759913421,0.6596408957360156,0.8648999244901464,0.27822830759461037,0.09535098515000118,0.7305870549820466,0.018901921265489174,0.8233575208692934,0.645369526844227,0.21273403469955,0.42127160197740166,0.32230649211924967,0.35150509345966463,0.26325015374685745,0.45410618321171214,0.34701334967663056,0.08223686747757775,0.24950292177590194,0.5859671516820656,0.6250775893232974,0.43846731031282016,0.7280948849088668,0.3064906058155392,0.42535835747562634,0.5248167869316274,0.1485957224893969,0.018399129278151682,0.26197283706458574,0.5076291290414526,0.6056099326864305,0.20313444749639864,0.7737928458255184,0.32286325728307375,0.1322008993230125,0.20540236729470374,0.48075328150413543,0.14004322464128383,0.10642265921506533,0.2189942515430463,0.44239801935285183,0.16316113017224798,0.4950544358064447,0.7726910339846214,0.43224613411970214,0.733143341641388,0.03455998428968665
0.6024971497293442,0.9134287905380553,0.08244204707580738,0.03739333052687599,0.2100027759913421,0.6596408957360156,0.8648999244901464,0.27822830759461037,0.09535098515000118,0.7305870549820466,0.018901921265489174,0.8233575208692934,0.645369526844227,0.21273403469955,0.42127160197740166,0.32230649211924967,0.35150509345966463,0.26325015374685745,0.45410618321171214,0.34701334967663056,0.08223686747757775,0.24950292177590194,0.5859671516820656,0.6250775893232974,0.43846731031282016,0.7280948849088668,0.3064906058155392,0.42535835747562634,0.5248167869316274,0.1485957224893969,0.018399129278151682,0.26197283706458574,0.5076291290414526,0.6056099326864305,0.20313444749639864,0.7737928458255184,0.32286325728307375,0.1322008993230125,0.20540236729470374,0.48075328150413543,0.14004322464128383,0.10642265921506533,0.2189942515430463,0.44239801935285183,0.16316113017224798,0.4950544358064447,0.7726910339846214,0.43224613411970214,0.733143341641388,0.03455998428968665
0.6024971497293442,0.9134287905380553,0.08244204707580738,0.03739333052687599,0.2100027759913421,0.6596408957360156,0.8648999244901464,0.27822830759461037,0.09535098515000118,0.7305870549820466,0.018901921265489174,0.8233575208692934,0.645369526844227,0.21273403469955,0.42127160197740166,0.32230649211924967,0.35150509345966463,0.26325015374685745,0.45410618321171214,0.34701334967663056,0.08223686747757775,0.24950292177590194,0.5859671516820656,0.6250775893232974,0.43846731031282016,0.7280948849088668,0.3064906058155392,0.42535835747562634,0.5248167869316274,0.1485957224893969,0.018399129278151682,0.26197283706458574,0.5076291290414526,0.6056099326864305,0.20313444749639864,0.7737928458255184,0.32286325728307375,0.1322008993230125,0.20540236729470374,0.48075328150413543,0.14004322464128383,0.10642265921506533,0.2189942515430463,0.44239801935285183,0.16316113017224798,0.4950544358064447,0.7726910339846214,0.43224613411970214,0.733143341641388,0.03455998428968665
0.6024971497293442,0.9134287905380553,0.08244204707580738,0.03739333052687599,0.2100027759913421,0.6596408957360156,0.8648999244901464,0.27822830759461037,0.09535098515000118,0.7305870549820466,0.018901921265489174,0.8233575208692934,0.645369526844227,0.21273403469955,0.42127160197740166,0.32230649211924967,0.35150509345966463,0.26325015374685745,0.45410618321171214,0.34701334967663056,0.08223686747757775,0.24950292177590194,0.5859671516820656,0.6250775893232974,0.43846731031282016,0.7280948849088668,0.3064906058155392,0.42535835747562634,0.5248167869316274,0.1485957224893969,0.018399129278151682,0.26197283706458574,0.5076291290414526,0.6056099326864305,0.20313444749639864,0.7737928458255184,0.32286325728307375,0.1322008993230125,0.20540236729470374,0.48075328150413543,0.14004322464128383,0.10642265921506533,0.2189942515430463,0.44239801935285183,0.16316113017224798,0.4950544358064447,0.7726910339846214,0.43224613411970214,0.733143341641388,0.03455998428968665
0.6024971497293442,0.9134287905380553,0.08244204707580738,0.03739333052687599,0.2100027759913421,0.6596408957360156,0.8648999244901464,0.27822830759461037,0.09535098515000118,0.7305870549820466,0.018901921265489174,0.8233575208692934,0.645369526844227,0.21273403469955,0.42127160197740166,0.32230649211924967,0.35150509345966463,0.26325015374685745,0.45410618321171214,0.34701334967663056,0.08223686747757775,0.24950292177590194,0.5859671516820656,0.6250775893232974,0.43846731031282016,0.7280948849088668,0.3064906058155392,0.42535835747562634,0.5248167869316274,0.1485957224893969,0.018399129278151682,0.26197283706458574,0.5076291290414526,0.6056099326864305,0.20313444749639864,0.7737928458255184,0.32286325728307375,0.1322008993230125,0.20540236729470374,0.48075328150413543,0.14004322464128383,0.10642265921506533,0.2189942515430463,0.44239801935285183,0.16316113017224798,0.4950544358064447,0.7726910339846214,0.43224613411970214,0.733143341641388,0.03455998428968665
0.6024971497293442,0.9134287905380553,0.08244204707580738,0.03739333052687599,0.2100027759913421,0.6596408957360156,0.8648999244901464,0.27822830759461037,0.09535098515000118,0.7305870549820466,0.018901921265489174,0.8233575208692934,0.645369526844227,0.21273403469955,0.42127160197740166,0.32230649211924967,0.35150509345966463,0.26325015374685745,0.45410618321171214,0.34701334967663056,0.08223686747757775,0.24950292177590194,0.5859671516820656,0.6250775893232974,0.43846731031282016,0.7280948849088668,0.3064906058155392,0.42535835747562634,0.5248167869316274,0.1485957224893969,0.018399129278151682,0.26197283706458574,0.5076291290414526,0.6056099326864305,0.20313444749639864,0.7737928458255184,0.32286325728307375,0.1322008993230125,0.20540236729470374,0.48075328150413543,0.14004322464128383,0.10642265921506533,0.2189942515430463,0.44239801935285183,0.16316113017224798,0.4950544358064447,0.7726910339846214,0.43224613411970214,0.733143341641388,0.03455998428968665
0.6024971497293442,0.9134287905380553,0.08244204707580738,0.03739333052687599,0.2100027759913421,0.6596408957360156,0.8648999244901464,0.27822830759461037,0.09535098515000118,0.7305870549820466,0.018901921265489174,0.8233575208692934,0.645369526844227,0.21273403469955,0.42127160197740166,0.32230649211924967,0.35150509345966463,0.26325015374685745,0.45410618321171214,0.34701334967663056,0.08223686747757775,0.24950292177590194,0.5859671516820656,0.6250775893232974,0.43846731031282016,0.7280948849088668,0.3064906058155392,0.42535835747562634,0.5248167869316274,0.1485957224893969,0.018399129278151682,0.26197283706458574,0.5076291290414526,0.6056099326864305,0.20313444749639864,0.7737928458255184,0.32286325728307375,0.1322008993230125,0.20540236729470374,0.48075328150413543,0.14004322464128383,0.10642265921506533,0.2189942515430463,0.44239801935285183,0.16316113017224798,0.4950544358064447,0.7726910339846214,0.43224613411970214,0.733143341641388,0.03455998428968665
0.6024971497293442,0.9134287905380553,0.08244204707580738,0.03739333052687599,0.2100027759913421,0.6596408957360156,0.8648999244901464,0.27822830759461037,0.09535098515000118,0.7305870549820466,0.018901921265489174,0.8233575208692934,0.645369526844227,0.21273403469955,0.42127160197740166,0.32230649211924967,0.35150509345966463,0.26325015374685745,0.45410618321171214,0.34701334967663056,0.08223686747757775,0.24950292177590194,0.5859671516820656,0.6250775893232974,0.43846731031282016,0.7280948849088668,0.3064906058155392,0.42535835747562634,0.5248167869316274,0.1485957224893969,0.018399129278151682,0.26197283706458574,0.5076291290414526,0.6056099326864305,0.20313444749639864,0.7737928458255184,0.32286325728307375,0.1322008993230125,0.20540236729470374,0.48075328150413543,0.14004322464128383,0.10642265921506533,0.2189942515430463,0.44239801935285183,0.16316113017224798,0.4950544358064447,0.7726910339846214,0.43224613411970214,0.733143341641388,0.03455998428968665
0.6024971497293442,0.9134287905380553,0.08244204707580738,0.03739333052687599,0.2100027759913421,0.6596408957360156,0.8648999244901464,0.27822830759461037,0.09535098515000118,0.7305870549820466,0.018901921265489174,0.8233575208692934,0.645369526844227,0.21273403469955,0.42127160197740166,0.32230649211924967,0.35150509345966463,0.26325015374685745,0.45410618321171214,0.34701334967663056,0.08223686747757775,0.24950292177590194,0.5859671516820656,0.6250775893232974,0.43846731031282016,0.7280948849088668,0.3064906058155392,0.42535835747562634,0.5248167869316274,0.1485957224893969,0.018399129278151682,0.26197283706458574,0.5076291290414526,0.6056099326864305,0.20313444749639864,0.7737928458255184,0.32286325728307375,0.1322008993230125,0.20540236729470374,0.48075328150413543,0.14004322464128383,0.10642265921506533,0.2189942515430463,0.44239801935285183,0.16316113017224798,0.4950544358064447,0.7726910339846214,0.43224613411970214,0.733143341641388,0.03455998428968665
0.6024971497293442,0.9134287905380553,0.08244204707580738,0.03739333052687599,0.2100027759913421,0.6596408957360156,0.8648999244901464,0.27822830759461037,0.09535098515000118,0.7305870549820466,0.018901921265489174,0.8233575208692934,0.645369526844227,0.21273403469955,0.42127160197740166,0.32230649211924967,0.35150509345966463,0.26325015374685745,0.45410618321171214,0.34701334967663056,0.08223686747757775,0.24950292177590194,0.5859671516820656,0.6250775893232974,0.43846731031282016,0.7280948849088668,0.3064906058155392,0.42535835747562634,0.5248167869316274,0.1485957224893969,0.018399129278151682,0.26197283706458574,0.5076291290414526,0.6056099326864305,0.20313444749639864,0.7737928458255184,0.32286325728307375,0.1322008993230125,0.20540236729470374,0.48075328150413543,0.14004322464128383,0.10642265921506533,0.2189942515430463,0.44239801935285183,0.16316113017224798,0.4950544358064447,0.7726910339846214,0.43224613411970214,0.733143341641388,0.03455998428968665
0.6024971497293442,0.9134287905380553,0.08244204707580738,0.03739333052687599,0.2100027759913421,0.6596408957360156,0.8648999244901464,0.27822830759461037,0.09535098515000118,0.7305870549820466,0.018901921265489174,0.8233575208692934,0.645369526844227,0.21273403469955,0.42127160197740166,0.32230649211924967,0.35150509345966463,0.26325015374685745,0.45410618321171214,0.34701334967663056,0.08223686747757775,0.24950292177590194,0.5859671516820656,0.6250775893232974,0.43846731031282016,0.7280948849088668,0.3064906058155392,0.42535835747562634,0.5248167869316274,0.1485957224893969,0.018399129278151682,0.26197283706458574,0.5076291290414526,0.6056099326864305,0.20313444749639864,0.7737928458255184,0.32286325728307375,0.1322008993230125,0.20540236729470374,0.48075328150413543,0.14004322464128383,0.10642265921506533,0.2189942515430463,0.44239801935285183,0.16316113017224798,0.4950544358064447,0.7726910339846214,0.43224613411970214,0.733143341641388,0.03455998428968665
0.6024971497293442,0.9134287905380553,0.08244204707580738,0.03739333052687599,0.2100027759913421,0.6596408957360156,0.8648999244901464,0.27822830759461037,0.09535098515000118,0.7305870549820466,0.018901921265489174,0.8233575208692934,0.645369526844227,0.21273403469955,0.42127160197740166,0.32230649211924967,0.35150509345966463,0.26325015374685745,0.45410618321171214,0.34701334967663056,0.08223686747757775,0.24950292177590194,0.5859671516820656,0.6250775893232974,0.43846731031282016,0.7280948849088668,0.3064906058155392,0.42535835747562634,0.5248167869316274,0.1485957224893969,0.018399129278151682,0.26197283706458574,0.5076291290414526,0.6056099326864305,0.20313444749639864,0.7737928458255184,0.32286325728307375,0.1322008993230125,0.20540236729470374,0.48075328150413543,0.14004322464128383,0.10642265921506533,0.2189942515430463,0.44239801935285183,0.16316113017224798,0.4950544358064447,0.7726910339846214,0.43224613411970214,0.733143341641388,0.03455998428968665
0.6024971497293442,0.9134287905380553,0.08244204707580738,0.03739333052687599,0.2100027759913421,0.6596408957360156,0.8648999244901464,0.27822830759461037,0.09535098515000118,0.7305870549820466,0.018901921265489174,0.8233575208692934,0.645369526844227,0.21273403469955,0.42127160197740166,0.32230649211924967,0.35150509345966463,0.26325015374685745,0.45410618321171214,0.34701334967663056,0.08223686747757775,0.24950292177590194,0.5859671516820656,0.6250775893232974,0.43846731031282016,0.7280948849088668,0.3064906058155392,0.42535835747562634,0.5248167869316274,0.1485957224893969,0.018399129278151682,0.26197283706458574,0.5076291290414526,0.6056099326864305,0.20313444749639864,0.7737928458255184,0.32286325728307375,0.1322008993230125,0.20540236729470374,0.48075328150413543,0.14004322464128383,0.10642265921506533,0.2189942515430463,0.44239801935285183,0.16316113017224798,0.4950544358064447,0.7726910339846214,0.43224613411970214,0.733143341641388,0.03455998428968665
0.6024971497293442,0.9134287905380553,0.08244204707580738,0.03739333052687599,0.2100027759913421,0.6596408957360156,0.8648999244901464,0.27822830759461037,0.09535098515000118,0.7305870549820466,0.018901921265489174,0.8233575208692934,0.645369526844227,0.21273403469955,0.42127160197740166,0.32230649211924967,0.35150509345966463,0.26325015374685745,0.45410618321171214,0.34701334967663056,0.08223686747757775,0.24950292177590194,0.5859671516820656,0.6250775893232974,0.43846731031282016,0.7280948849088668,0.3064906058155392,0.42535835747562634,0.5248167869316274,0.1485957224893969,0.018399129278151682,0.26197283706458574,0.5076291290414526,0.6056099326864305,0.20313444749639864,0.7737928458255184,0.32286325728307375,0.1322008993230125,0.20540236729470374,0.48075328150413543,0.14004322464128383,0.10642265921506533,0.2189942515430463,0.44239801935285183,0.16316113017224798,0.4950544358064447,0.7726910339846214,0.43224613411970214,0.733143341641388,0.03455998428968665
0.6024971497293442,0.9134287905380553,0.08244204707580738,0.03739333052687599,0.2100027759913421,0.6596408957360156,0.8648999244901464,0.27822830759461037,0.09535098515000118,0.7305870549820466,0.018901921265489174,0.8233575208692934,0.645369526844227,0.21273403469955,0.42127160197740166,0.32230649211924967,0.35150509345966463,0.26325015374685745,0.45410618321171214,0.34701334967663056,0.08223686747757775,0.24950292177590194,0.5859671516820656,0.6250775893232974,0.43846731031282016,0.7280948849088668,0.3064906058155392,0.42535835747562634,0.5248167869316274,0.1485957224893969,0.018399129278151682,0.26197283706458574,0.5076291290414526,0.6056099326864305,0.20313444749639864,0.7737928458255184,0.32286325728307375,0.1322008993230125,0.20540236729470374,0.48075328150413543,0.14004322464128383,0.10642265921506533,0.2189942515430463,0.44239801935285183,0.16316113017224798,0.4950544358064447,0.7726910339846214,0.43224613411970214,0.733143341641388,0.03455998428968665
0.6024971497293442,0.9134287905380553,0.08244204707580738,0.03739333052687599,0.2100027759913421,0.6596408957360156,0.8648999244901464,0.27822830759461037,0.09535098515000118,0.7305870549820466,0.018901921265489174,0.8233575208692934,0.645369526844227,0.21273403469955,0.42127160197740166,0.32230649211924967,0.35150509345966463,0.26325015374685745,0.45410618321171214,0.34701334967663056,0.08223686747757775,0.24950292177590194,0.5859671516820656,0.6250775893232974,0.43846731031282016,0.7280948849088668,0.3064906058155392,0.42535835747562634,0.5248167869316274,0.1485957224893969,0.018399129278151682,0.26197283706458574,0.5076291290414526,0.6056099326864305,0.20313444749639864,0.7737928458255184,0.32286325728307375,0.1322008993230125,0.20540236729470374,0.48075328150413543,0.14004322464128383,0.10642265921506533,0.2189942515430463,0.44239801935285183,0.16316113017224798,0.4950544358064447,0.7726910339846214,0.43224613411970214,0.733143341641388,0.03455998428968665
0.6024971497293442,0.9134287905380553,0.08244204707580738,0.03739333052687599,0.2100027759913421,0.6596408957360156,0.8648999244901464,0.27822830759461037,0.09535098515000118,0.7305870549820466,0.018901921265489174,0.8233575208692934,0.645369526844227,0.21273403469955,0.42127160197740166,0.32230649211924967,0.35150509345966463,0.26325015374685745,0.45410618321171214,0.34701334967663056,0.08223686747757775,0.24950292177590194,0.5859671516820656,0.6250775893232974,0.43846731031282016,0.7280948849088668,0.3064906058155392,0.42535835747562634,0.5248167869316274,0.1485957224893969,0.018399129278151682,0.26197283706458574,0.5076291290414526,0.6056099326864305,0.20313444749639864,0.7737928458255184,0.32286325728307375,0.1322008993230125,0.20540236729470374,0.48075328150413543,0.14004322464128383,0.10642265921506533,0.2189942515430463,0.44239801935285183,0.16316113017224798,0.4950544358064447,0.7726910339846214,0.43224613411970214,0.733143341641388,0.03455998428968665
0.6024971497293442,0.9134287905380553,0.08244204707580738,0.03739333052687599,0.2100027759913421,0.6596408957360156,0.8648999244901464,0.27822830759461037,0.09535098515000118,0.7305870549820466,0.018901921265489174,0.8233575208692934,0.645369526844227,0.21273403469955,0.42127160197740166,0.32230649211924967,0.35150509345966463,0.26325015374685745,0.45410618321171214,0.34701334967663056,0.08223686747757775,0.24950292177590194,0.5859671516820656,0.6250775893232974,0.43846731031282016,0.7280948849088668,0.3064906058155392,0.42535835747562634,0.5248167869316274,0.1485957224893969,0.018399129278151682,0.26197283706458574,0.5076291290414526,0.6056099326864305,0.20313444749639864,0.7737928458255184,0.32286325728307375,0.1322008993230125,0.20540236729470374,0.48075328150413543,0.14004322464128383,0.10642265921506533,0.2189942515430463,0.44239801935285183,0.16316113017224798,0.4950544358064447,0.7726910339846214,0.43224613411970214,0.733143341641388,0.03455998428968665
0.6024971497293442,0.9134287905380553,0.08244204707580738,0.03739333052687599,0.2100027759913421,0.6596408957360156,0.8648999244901464,0.27822830759461037,0.09535098515000118,0.7305870549820466,0.018901921265489174,0.8233575208692934,0.645369526844227,0.21273403469955,0.42127160197740166,0.32230649211924967,0.35150509345966463,0.26325015374685745,0.45410618321171214,0.34701334967663056,0.08223686747757775,0.24950292177590194,0.5859671516820656,0.6250775893232974,0.43846731031282016,0.7280948849088668,0.3064906058155392,0.42535835747562634,0.5248167869316274,0.1485957224893969,0.018399129278151682,0.26197283706458574,0.5076291290414526,0.6056099326864305,0.20313444749639864,0.7737928458255184,0.32286325728307375,0.1322008993230125,0.20540236729470374,0.48075328150413543,0.14004322464128383,0.10642265921506533,0.2189942515430463,0.44239801935285183,0.16316113017224798,0.4950544358064447,0.7726910339846214,0.43224613411970214,0.733143341641388,0.03455998428968665
0.6024971497293442,0.9134287905380553,0.08244204707580738,0.03739333052687599,0.2100027759913421,0.6596408957360156,0.8648999244901464,0.27822830759461037,0.09535098515000118,0.7305870549820466,0.018901921265489174,0.8233575208692934,0.645369526844227,0.21273403469955,0.42127160197740166,0.32230649211924967,0.35150509345966463,0.26325015374685745,0.45410618321171214,0.34701334967663056,0.08223686747757775,0.24950292177590194,0.5859671516820656,0.6250775893232974,0.43846731031282016,0.7280948849088668,0.3064906058155392,0.42535835747562634,0.5248167869316274,0.1485957224893969,0.018399129278151682,0.26197283706458574,0.5076291290414526,0.6056099326864305,0.20313444749639864,0.7737928458255184,0.32286325728307375,0.1322008993230125,0.20540236729470374,0.48075328150413543,0.14004322464128383,0.10642265921506533,0.2189942515430463,0.44239801935285183,0.16316113017224798,0.4950544358064447,0.7726910339846214,0.43224613411970214,0.733143341641388,0.03455998428968665
0.6024971497293442,0.9134287905380553,0.08244204707580738,0.03739333052687599,0.2100027759913421,0.6596408957360156,0.8648999244901464,0.27822830759461037,0.09535098515000118,0.7305870549820466,0.018901921265489174,0.8233575208692934,0.645369526844227,0.21273403469955,0.42127160197740166,0.32230649211924967,0.35150509345966463,0.26325015374685745,0.45410618321171214,0.34701334967663056,0.08223686747757775,0.24950292177590194,0.5859671516820656,0.6250775893232974,0.43846731031282016,0.7280948849088668,0.3064906058155392,0.42535835747562634,0.5248167869316274,0.1485957224893969,0.018399129278151682,0.26197283706458574,0.5076291290414526,0.6056099326864305,0.20313444749639864,0.7737928458255184,0.32286325728307375,0.1322008993230125,0.20540236729470374,0.48075328150413543,0.14004322464128383,0.10642265921506533,0.2189942515430463,0.44239801935285183,0.16316113017224798,0.4950544358064447,0.7726910339846214,0.43224613411970214,0.733143341641388,0.03455998428968665
0.6024971497293442,0.9134287905380553,0.08244204707580738,0.03739333052687599,0.2100027759913421,0.6596408957360156,0.8648999244901464,0.27822830759461037,0.09535098515000118,0.7305870549820466,0.018901921265489174,0.8233575208692934,0.645369526844227,0.21273403469955,0.42127160197740166,0.32230649211924967,0.35150509345966463,0.26325015374685745,0.45410618321171214,0.34701334967663056,0.08223686747757775,0.24950292177590194,0.5859671516820656,0.6250775893232974,0.43846731031282016,0.7280948849088668,0.3064906058155392,0.42535835747562634,0.5248167869316274,0.1485957224893969,0.018399129278151682,0.26197283706458574,0.5076291290414526,0.6056099326864305,0.20313444749639864,0.7737928458255184,0.32286325728307375,0.1322008993230125,0.20540236729470374,0.48075328150413543,0.14004322464128383,0.10642265921506533,0.2189942515430463,0.44239801935285183,0.16316113017224798,0.4950544358064447,0.7726910339846214,0.43224613411970214,0.733143341641388,0.03455998428968665
0.6024971497293442,0.9134287905380553,0.08244204707580738,0.03739333052687599,0.2100027759913421,0.6596408957360156,0.8648999244901464,0.27822830759461037,0.09535098515000118,0.7305870549820466,0.018901921265489174,0.8233575208692934,0.645369526844227,0.21273403469955,0.42127160197740166,0.32230649211924967,0.35150509345966463,0.26325015374685745,0.45410618321171214,0.34701334967663056,0.08223686747757775,0.24950292177590194,0.5859671516820656,0.6250775893232974,0.43846731031282016,0.7280948849088668,0.3064906058155392,0.42535835747562634,0.5248167869316274,0.1485957224893969,0.018399129278151682,0.26197283706458574,0.5076291290414526,0.6056099326864305,0.20313444749639864,0.7737928458255184,0.32286325728307375,0.1322008993230125,0.20540236729470374,0.48075328150413543,0.14004322464128383,0.10642265921506533,0.2189942515430463,0.44239801935285183,0.16316113017224798,0.4950544358064447,0.7726910339846214,0.43224613411970214,0.733143341641388,0.03455998428968665
0.6024971497293442,0.9134287905380553,0.08244204707580738,0.03739333052687599,0.2100027759913421,0.6596408957360156,0.8648999244901464,0.27822830759461037,0.09535098515000118,0.7305870549820466,0.018901921265489174,0.8233575208692934,0.645369526844227,0.21273403469955,0.42127160197740166,0.32230649211924967,0.35150509345966463,0.26325015374685745,0.45410618321171214,0.34701334967663056,0.08223686747757775,0.24950292177590194,0.5859671516820656,0.6250775893232974,0.43846731031282016,0.7280948849088668,0.3064906058155392,0.42535835747562634,0.5248167869316274,0.1485957224893969,0.018399129278151682,0.26197283706458574,0.5076291290414526,0.6056099326864305,0.20313444749639864,0.7737928458255184,0.32286325728307375,0.1322008993230125,0.20540236729470374,0.48075328150413543,0.14004322464128383,0.10642265921506533,0.2189942515430463,0.44239801935285183,0.16316113017224798,0.4950544358064447,0.7726910339846214,0.43224613411970214,0.733143341641388,0.03455998428968665
0.6024971497293442,0.9134287905380553,0.08244204707580738,0.03739333052687599,0.2100027759913421,0.6596408957360156,0.8648999244901464,0.27822830759461037,0.09535098515000118,0.7305870549820466,0.018901921265489174,0.8233575208692934,0.645369526844227,0.21273403469955,0.42127160197740166,0.32230649211924967,0.35150509345966463,0.26325015374685745,0.45410618321171214,0.34701334967663056,0.08223686747757775,0.24950292177590194,0.5859671516820656,0.6250775893232974,0.43846731031282016,0.7280948849088668,0.3064906058155392,0.42535835747562634,0.5248167869316274,0.1485957224893969,0.018399129278151682,0.26197283706458574,0.5076291290414526,0.6056099326864305,0.20313444749639864,0.7737928458255184,0.32286325728307375,0.1322008993230125,0.20540236729470374,0.48075328150413543,0.14004322464128383,0.10642265921506533,0.2189942515430463,0.44239801935285183,0.16316113017224798,0.4950544358064447,0.7726910339846214,0.43224613411970214,0.733143341641388,0.03455998428968665
0.6024971497293442,0.9134287905380553,0.08244204707580738,0.03739333052687599,0.2100027759913421,0.6596408957360156,0.8648999244901464,0.27822830759461037,0.09535098515000118,0.7305870549820466,0.018901921265489174,0.8233575208692934,0.645369526844227,0.21273403469955,0.42127160197740166,0.32230649211924967,0.35150509345966463,0.26325015374685745,0.45410618321171214,0.34701334967663056,0.08223686747757775,0.24950292177590194,0.5859671516820656,0.6250775893232974,0.43846731031282016,0.7280948849088668,0.3064906058155392,0.42535835747562634,0.5248167869316274,0.1485957224893969,0.018399129278151682,0.26197283706458574,0.5076291290414526,0.6056099326864305,0.20313444749639864,0.7737928458255184,0.32286325728307375,0.1322008993230125,0.20540236729470374,0.48075328150413543,0.14004322464128383,0.10642265921506533,0.2189942515430463,0.44239801935285183,0.16316113017224798,0.4950544358064447,0.7726910339846214,0.43224613411970214,0.733143341641388,0.03455998428968665
0.6024971497293442,0.9134287905380553,0.08244204707580738,0.03739333052687599,0.2100027759913421,0.6596408957360156,0.8648999244901464,0.27822830759461037,0.09535098515000118,0.7305870549820466,0.018901921265489174,0.8233575208692934,0.645369526844227,0.21273403469955,0.42127160197740166,0.32230649211924967,0.35150509345966463,0.26325015374685745,0.45410618321171214,0.34701334967663056,0.08223686747757775,0.24950292177590194,0.5859671516820656,0.6250775893232974,0.43846731031282016,0.7280948849088668,0.3064906058155392,0.42535835747562634,0.5248167869316274,0.1485957224893969,0.018399129278151682,0.26197283706458574,0.5076291290414526,0.6056099326864305,0.20313444749639864,0.7737928458255184,0.32286325728307375,0.1322008993230125,0.20540236729470374,0.48075328150413543,0.14004322464128383,0.10642265921506533,0.2189942515430463,0.44239801935285183,0.16316113017224798,0.4950544358064447,0.7726910339846214,0.43224613411970214,0.733143341641388,0.03455998428968665
0.6024971497293442,0.9134287905380553,0.08244204707580738,0.03739333052687599,0.2100027759913421,0.6596408957360156,0.8648999244901464,0.27822830759461037,0.09535098515000118,0.7305870549820466,0.018901921265489174,0.8233575208692934,0.645369526844227,0.21273403469955,0.42127160197740166,0.32230649211924967,0.35150509345966463,0.26325015374685745,0.45410618321171214,0.34701334967663056,0.08223686747757775,0.24950292177590194,0.5859671516820656,0.6250775893232974,0.43846731031282016,0.7280948849088668,0.3064906058155392,0.42535835747562634,0.5248167869316274,0.1485957224893969,0.018399129278151682,0.26197283706458574,0.5076291290414526,0.6056099326864305,0.20313444749639864,0.7737928458255184,0.32286325728307375,0.1322008993230125,0.20540236729470374,0.48075328150413543,0.14004322464128383,0.10642265921506533,0.2189942515430463,0.44239801935285183,0.16316113017224798,0.4950544358064447,0.7726910339846214,0.43224613411970214,0.733143341641388,0.03455998428968665
0.6024971497293442,0.9134287905380553,0.08244204707580738,0.03739333052687599,0.2100027759913421,0.6596408957360156,0.8648999244901464,0.27822830759461037,0.09535098515000118,0.7305870549820466,0.018901921265489174,0.8233575208692934,0.645369526844227,0.21273403469955,0.42127160197740166,0.32230649211924967,0.35150509345966463,0.26325015374685745,0.45410618321171214,0.34701334967663056,0.08223686747757775,0.24950292177590194,0.5859671516820656,0.6250775893232974,0.43846731031282016,0.7280948849088668,0.3064906058155392,0.42535835747562634,0.5248167869316274,0.1485957224893969,0.018399129278151682,0.26197283706458574,0.5076291290414526,0.6056099326864305,0.20313444749639864,0.7737928458255184,0.32286325728307375,0.1322008993230125,0.20540236729470374,0.48075328150413543,0.14004322464128383,0.10642265921506533,0.2189942515430463,0.44239801935285183,0.16316113017224798,0.4950544358064447,0.7726910339846214,0.43224613411970214,0.733143341641388,0.03455998428968665
0.6024971497293442,0.9134287905380553,0.08244204707580738,0.03739333052687599,0.2100027759913421,0.6596408957360156,0.8648999244901464,0.27822830759461037,0.09535098515000118,0.7305870549820466,0.018901921265489174,0.8233575208692934,0.645369526844227,0.21273403469955,0.42127160197740166,0.32230649211924967,0.35150509345966463,0.26325015374685745,0.45410618321171214,0.34701334967663056,0.08223686747757775,0.24950292177590194,0.5859671516820656,0.6250775893232974,0.43846731031282016,0.7280948849088668,0.3064906058155392,0.42535835747562634,0.5248167869316274,0.1485957224893969,0.018399129278151682,0.26197283706458574,0.5076291290414526,0.6056099326864305,0.20313444749639864,0.7737928458255184,0.32286325728307375,0.1322008993230125,0.20540236729470374,0.48075328150413543,0.14004322464128383,0.10642265921506533,0.2189942515430463,0.44239801935285183,0.16316113017224798,0.4950544358064447,0.7726910339846214,0.43224613411970214,0.733143341641388,0.03455998428968665
0.6024971497293442,0.9134287905380553,0.08244204707580738,0.03739333052687599,0.2100027759913421,0.6596408957360156,0.8648999244901464,0.27822830759461037,0.09535098515000118,0.7305870549820466,0.018901921265489174,0.8233575208692934,0.645369526844227,0.21273403469955,0.42127160197740166,0.32230649211924967,0.35150509345966463,0.26325015374685745,0.45410618321171214,0.34701334967663056,0.08223686747757775,0.24950292177590194,0.5859671516820656,0.6250775893232974,0.43846731031282016,0.7280948849088668,0.3064906058155392,0.42535835747562634,0.5248167869316274,0.1485957224893969,0.018399129278151682,0.26197283706458574,0.5076291290414526,0.6056099326864305,0.20313444749639864,0.7737928458255184,0.32286325728307375,0.1322008993230125,0.20540236729470374,0.48075328150413543,0.14004322464128383,0.10642265921506533,0.2189942515430463,0.44239801935285183,0.16316113017224798,0.4950544358064447,0.7726910339846214,0.43224613411970214,0.733143341641388,0.03455998428968665
0.6024971497293442,0.9134287905380553,0.08244204707580738,0.03739333052687599,0.2100027759913421,0.6596408957360156,0.8648999244901464,0.27822830759461037,0.09535098515000118,0.7305870549820466,0.018901921265489174,0.8233575208692934,0.645369526844227,0.21273403469955,0.42127160197740166,0.32230649211924967,0.35150509345966463,0.26325015374685745,0.45410618321171214,0.34701334967663056,0.08223686747757775,0.24950292177590194,0.5859671516820656,0.6250775893232974,0.43846731031282016,0.7280948849088668,0.3064906058155392,0.42535835747562634,0.5248167869316274,0.1485957224893969,0.018399129278151682,0.26197283706458574,0.5076291290414526,0.6056099326864305,0.20313444749639864,0.7737928458255184,0.32286325728307375,0.1322008993230125,0.20540236729470374,0.48075328150413543,0.14004322464128383,0.10642265921506533,0.2189942515430463,0.44239801935285183,0.16316113017224798,0.4950544358064447,0.7726910339846214,0.43224613411970214,0.733143341641388,0.03455998428968665
0.6024971497293442,0.9134287905380553,0.08244204707580738,0.03739333052687599,0.2100027759913421,0.6596408957360156,0.8648999244901464,0.27822830759461037,0.09535098515000118,0.7305870549820466,0.018901921265489174,0.8233575208692934,0.645369526844227,0.21273403469955,0.42127160197740166,0.32230649211924967,0.35150509345966463,0.26325015374685745,0.45410618321171214,0.34701334967663056,0.08223686747757775,0.24950292177590194,0.5859671516820656,0.6250775893232974,0.43846731031282016,0.7280948849088668,0.3064906058155392,0.42535835747562634,0.5248167869316274,0.1485957224893969,0.018399129278151682,0.26197283706458574,0.5076291290414526,0.6056099326864305,0.20313444749639864,0.7737928458255184,0.32286325728307375,0.1322008993230125,0.20540236729470374,0.48075328150413543,0.14004322464128383,0.10642265921506533,0.2189942515430463,0.44239801935285183,0.16316113017224798,0.4950544358064447,0.7726910339846214,0.43224613411970214,0.733143341641388,0.03455998428968665
0.6024971497293442,0.9134287905380553,0.08244204707580738,0.03739333052687599,0.2100027759913421,0.6596408957360156,0.8648999244901464,0.27822830759461037,0.09535098515000118,0.7305870549820466,0.018901921265489174,0.8233575208692934,0.645369526844227,0.21273403469955,0.42127160197740166,0.32230649211924967,0.35150509345966463,0.26325015374685745,0.45410618321171214,0.34701334967663056,0.08223686747757775,0.24950292177590194,0.5859671516820656,0.6250775893232974,0.43846731031282016,0.7280948849088668,0.3064906058155392,0.42535835747562634,0.5248167869316274,0.1485957224893969,0.018399129278151682,0.26197283706458574,0.5076291290414526,0.6056099326864305,0.20313444749639864,0.7737928458255184,0.32286325728307375,0.1322008993230125,0.20540236729470374,0.48075328150413543,0.14004322464128383,0.10642265921506533,0.2189942515430463,0.44239801935285183,0.16316113017224798,0.4950544358064447,0.7726910339846214,0.43224613411970214,0.733143341641388,0.03455998428968665
0.6024971497293442,0.9134287905380553,0.08244204707580738,0.03739333052687599,0.2100027759913421,0.6596408957360156,0.8648999244901464,0.27822830759461037,0.09535098515000118,0.7305870549820466,0.018901921265489174,0.8233575208692934,0.645369526844227,0.21273403469955,0.42127160197740166,0.32230649211924967,0.35150509345966463,0.26325015374685745,0.45410618321171214,0.34701334967663056,0.08223686747757775,0.24950292177590194,0.5859671516820656,0.6250775893232974,0.43846731031282016,0.7280948849088668,0.3064906058155392,0.42535835747562634,0.5248167869316274,0.1485957224893969,0.018399129278151682,0.26197283706458574,0.5076291290414526,0.6056099326864305,0.20313444749639864,0.7737928458255184,0.32286325728307375,0.1322008993230125,0.20540236729470374,0.48075328150413543,0.14004322464128383,0.10642265921506533,0.2189942515430463,0.44239801935285183,0.16316113017224798,0.4950544358064447,0.7726910339846214,0.43224613411970214,0.733143341641388,0.03455998428968665
0.6024971497293442,0.9134287905380553,0.08244204707580738,0.03739333052687599,0.2100027759913421,0.6596408957360156,0.8648999244901464,0.27822830759461037,0.09535098515000118,0.7305870549820466,0.018901921265489174,0.8233575208692934,0.645369526844227,0.21273403469955,0.42127160197740166,0.32230649211924967,0.35150509345966463,0.26325015374685745,0.45410618321171214,0.34701334967663056,0.08223686747757775,0.24950292177590194,0.5859671516820656,0.6250775893232974,0.43846731031282016,0.7280948849088668,0.3064906058155392,0.42535835747562634,0.5248167869316274,0.1485957224893969,0.018399129278151682,0.26197283706458574,0.5076291290414526,0.6056099326864305,0.20313444749639864,0.7737928458255184,0.32286325728307375,0.1322008993230125,0.20540236729470374,0.48075328150413543,0.14004322464128383,0.10642265921506533,0.2189942515430463,0.44239801935285183,0.16316113017224798,0.4950544358064447,0.7726910339846214,0.43224613411970214,0.733143341641388,0.03455998428968665
0.6024971497293442,0.9134287905380553,0.08244204707580738,0.03739333052687599,0.2100027759913421,0.6596408957360156,0.8648999244901464,0.27822830759461037,0.09535098515000118,0.7305870549820466,0.018901921265489174,0.8233575208692934,0.645369526844227,0.21273403469955,0.42127160197740166,0.32230649211924967,0.35150509345966463,0.26325015374685745,0.45410618321171214,0.34701334967663056,0.08223686747757775,0.24950292177590194,0.5859671516820656,0.6250775893232974,0.43846731031282016,0.7280948849088668,0.3064906058155392,0.42535835747562634,0.5248167869316274,0.1485957224893969,0.018399129278151682,0.26197283706458574,0.5076291290414526,0.6056099326864305,0.20313444749639864,0.7737928458255184,0.32286325728307375,0.1322008993230125,0.20540236729470374,0.48075328150413543,0.14004322464128383,0.10642265921506533,0.2189942515430463,0.44239801935285183,0.16316113017224798,0.4950544358064447,0.7726910339846214,0.43224613411970214,0.733143341641388,0.03455998428968665
0.6024971497293442,0.9134287905380553,0.08244204707580738,0.03739333052687599,0.2100027759913421,0.6596408957360156,0.8648999244901464,0.27822830759461037,0.09535098515000118,0.7305870549820466,0.018901921265489174,0.8233575208692934,0.645369526844227,0.21273403469955,0.42127160197740166,0.32230649211924967,0.35150509345966463,0.26325015374685745,0.45410618321171214,0.34701334967663056,0.08223686747757775,0.24950292177590194,0.5859671516820656,0.6250775893232974,0.43846731031282016,0.7280948849088668,0.3064906058155392,0.42535835747562634,0.5248167869316274,0.1485957224893969,0.018399129278151682,0.26197283706458574,0.5076291290414526,0.6056099326864305,0.20313444749639864,0.7737928458255184,0.32286325728307375,0.1322008993230125,0.20540236729470374,0.48075328150413543,0.14004322464128383,0.10642265921506533,0.2189942515430463,0.44239801935285183,0.16316113017224798,0.4950544358064447,0.7726910339846214,0.43224613411970214,0.733143341641388,0.03455998428968665
0.6024971497293442,0.9134287905380553,0.08244204707580738,0.03739333052687599,0.2100027759913421,0.6596408957360156,0.8648999244901464,0.27822830759461037,0.09535098515000118,0.7305870549820466,0.018901921265489174,0.8233575208692934,0.645369526844227,0.21273403469955,0.42127160197740166,0.32230649211924967,0.35150509345966463,0.26325015374685745,0.45410618321171214,0.34701334967663056,0.08223686747757775,0.24950292177590194,0.5859671516820656,0.6250775893232974,0.43846731031282016,0.7280948849088668,0.3064906058155392,0.42535835747562634,0.5248167869316274,0.1485957224893969,0.018399129278151682,0.26197283706458574,0.5076291290414526,0.6056099326864305,0.20313444749639864,0.7737928458255184,0.32286325728307375,0.1322008993230125,0.20540236729470374,0.48075328150413543,0.14004322464128383,0.10642265921506533,0.2189942515430463,0.44239801935285183,0.16316113017224798,0.4950544358064447,0.7726910339846214,0.43224613411970214,0.733143341641388,0.03455998428968665
0.6024971497293442,0.9134287905380553,0.08244204707580738,0.03739333052687599,0.2100027759913421,0.6596408957360156,0.8648999244901464,0.27822830759461037,0.09535098515000118,0.7305870549820466,0.018901921265489174,0.8233575208692934,0.645369526844227,0.21273403469955,0.42127160197740166,0.32230649211924967,0.35150509345966463,0.26325015374685745,0.45410618321171214,0.34701334967663056,0.08223686747757775,0.24950292177590194,0.5859671516820656,0.6250775893232974,0.43846731031282016,0.7280948849088668,0.3064906058155392,0.42535835747562634,0.5248167869316274,0.1485957224893969,0.018399129278151682,0.26197283706458574,0.5076291290414526,0.6056099326864305,0.20313444749639864,0.7737928458255184,0.32286325728307375,0.1322008993230125,0.20540236729470374,0.48075328150413543,0.14004322464128383,0.10642265921506533,0.2189942515430463,0.44239801935285183,0.16316113017224798,0.4950544358064447,0.7726910339846214,0.43224613411970214,0.733143341641388,0.03455998428968665
0.6024971497293442,0.9134287905380553,0.08244204707580738,0.03739333052687599,0.2100027759913421,0.6596408957360156,0.8648999244901464,0.27822830759461037,0.09535098515000118,0.7305870549820466,0.018901921265489174,0.8233575208692934,0.645369526844227,0.21273403469955,0.42127160197740166,0.32230649211924967,0.35150509345966463,0.26325015374685745,0.45410618321171214,0.34701334967663056,0.08223686747757775,0.24950292177590194,0.5859671516820656,0.6250775893232974,0.43846731031282016,0.7280948849088668,0.3064906058155392,0.42535835747562634,0.5248167869316274,0.1485957224893969,0.018399129278151682,0.26197283706458574,0.5076291290414526,0.6056099326864305,0.20313444749639864,0.7737928458255184,0.32286325728307375,0.1322008993230125,0.20540236729470374,0.48075328150413543,0.14004322464128383,0.10642265921506533,0.2189942515430463,0.44239801935285183,0.16316113017224798,0.4950544358064447,0.7726910339846214,0.43224613411970214,0.733143341641388,0.03455998428968665
0.6024971497293442,0.9134287905380553,0.08244204707580738,0.03739333052687599,0.2100027759913421,0.6596408957360156,0.8648999244901464,0.27822830759461037,0.09535098515000118,0.7305870549820466,0.018901921265489174,0.8233575208692934,0.645369526844227,0.21273403469955,0.42127160197740166,0.32230649211924967,0.35150509345966463,0.26325015374685745,0.45410618321171214,0.34701334967663056,0.08223686747757775,0.24950292177590194,0.5859671516820656,0.6250775893232974,0.43846731031282016,0.7280948849088668,0.3064906058155392,0.42535835747562634,0.5248167869316274,0.1485957224893969,0.018399129278151682,0.26197283706458574,0.5076291290414526,0.6056099326864305,0.20313444749639864,0.7737928458255184,0.32286325728307375,0.1322008993230125,0.20540236729470374,0.48075328150413543,0.14004322464128383,0.10642265921506533,0.2189942515430463,0.44239801935285183,0.16316113017224798,0.4950544358064447,0.7726910339846214,0.43224613411970214,0.733143341641388,0.03455998428968665
0.6024971497293442,0.9134287905380553,0.08244204707580738,0.03739333052687599,0.2100027759913421,0.6596408957360156,0.8648999244901464,0.27822830759461037,0.09535098515000118,0.7305870549820466,0.018901921265489174,0.8233575208692934,0.645369526844227,0.21273403469955,0.42127160197740166,0.32230649211924967,0.35150509345966463,0.26325015374685745,0.45410618321171214,0.34701334967663056,0.08223686747757775,0.24950292177590194,0.5859671516820656,0.6250775893232974,0.43846731031282016,0.7280948849088668,0.3064906058155392,0.42535835747562634,0.5248167869316274,0.1485957224893969,0.018399129278151682,0.26197283706458574,0.5076291290414526,0.6056099326864305,0.20313444749639864,0.7737928458255184,0.32286325728307375,0.1322008993230125,0.20540236729470374,0.48075328150413543,0.14004322464128383,0.10642265921506533,0.2189942515430463,0.44239801935285183,0.16316113017224798,0.4950544358064447,0.7726910339846214,0.43224613411970214,0.733143341641388,0.03455998428968665
0.6024971497293442,0.9134287905380553,0.08244204707580738,0.03739333052687599,0.2100027759913421,0.6596408957360156,0.8648999244901464,0.27822830759461037,0.09535098515000118,0.7305870549820466,0.018901921265489174,0.8233575208692934,0.645369526844227,0.21273403469955,0.42127160197740166,0.32230649211924967,0.35150509345966463,0.26325015374685745,0.45410618321171214,0.34701334967663056,0.08223686747757775,0.24950292177590194,0.5859671516820656,0.6250775893232974,0.43846731031282016,0.7280948849088668,0.3064906058155392,0.42535835747562634,0.5248167869316274,0.1485957224893969,0.018399129278151682,0.26197283706458574,0.5076291290414526,0.6056099326864305,0.20313444749639864,0.7737928458255184,0.32286325728307375,0.1322008993230125,0.20540236729470374,0.48075328150413543,0.14004322464128383,0.10642265921506533,0.2189942515430463,0.44239801935285183,0.16316113017224798,0.4950544358064447,0.7726910339846214,0.43224613411970214,0.733143341641388,0.03455998428968665
0.6024971497293442,0.9134287905380553,0.08244204707580738,0.03739333052687599,0.2100027759913421,0.6596408957360156,0.8648999244901464,0.27822830759461037,0.09535098515000118,0.7305870549820466,0.018901921265489174,0.8233575208692934,0.645369526844227,0.21273403469955,0.42127160197740166,0.32230649211924967,0.35150509345966463,0.26325015374685745,0.45410618321171214,0.34701334967663056,0.08223686747757775,0.24950292177590194,0.5859671516820656,0.6250775893232974,0.43846731031282016,0.7280948849088668,0.3064906058155392,0.42535835747562634,0.5248167869316274,0.1485957224893969,0.018399129278151682,0.26197283706458574,0.5076291290414526,0.6056099326864305,0.20313444749639864,0.7737928458255184,0.32286325728307375,0.1322008993230125,0.20540236729470374,0.48075328150413543,0.14004322464128383,0.10642265921506533,0.2189942515430463,0.44239801935285183,0.16316113017224798,0.4950544358064447,0.7726910339846214,0.43224613411970214,0.733143341641388,0.03455998428968665
0.5855259689325868,0.3676329141681176,0.12528545000796176,0.2510519300940335,0.6779611949464023,0.6431092816032667,0.21101603068255936,0.7137730103393667,0.5070417900017234,0.2155536915659484,0.33578841502566126,0.34419824753052575,0.030575004640005732,0.33701182947325403,0.4698322051248861,0.08280675491001199,0.038761114085576254,0.24670818666451688,0.23737440756099104,0.17211171627650557,0.7942500546883394,0.04599914647962955,0.48581209016108207,0.022810620301681683,0.5614447369376384,0.9537124265185288,0.7928826525018288,0.21371053834610998,0.5522352225480561,0.004898544251478509,0.06091011940314295,0.1927254969703236,0.2400828209741972,0.20896794796047158,0.036215455594638346,0.2599364960806537,0.036845973658827025,0.1949874188670998,0.3148911127224816,0.003516267516098237,0.8055422218692544,0.3118130318904384,0.1977043657920604,0.5544196375283055,0.5853787286138783,0.6812851824943985,0.28488683366658873,0.09657622287499767,0.031073040012182584,0.015585958260243893
0.5855259689325868,0.3676329141681176,0.12528545000796176,0.2510519300940335,0.6779611949464023,0.6431092816032667,0.21101603068255936,0.7137730103393667,0.5070417900017234,0.2155536915659484,0.33578841502566126,0.34419824753052575,0.030575004640005732,0.33701182947325403,0.4698322051248861,0.08280675491001199,0.038761114085576254,0.24670818666451688,0.23737440756099104,0.17211171627650557,0.7942500546883394,0.04599914647962955,0.48581209016108207,0.022810620301681683,0.5614447369376384,0.9537124265185288,0.7928826525018288,0.21371053834610998,0.5522352225480561,0.004898544251478509,0.06091011940314295,0.1927254969703236,0.2400828209741972,0.20896794796047158,0.036215455594638346,0.2599364960806537,0.036845973658827025,0.1949874188670998,0.3148911127224816,0.003516267516098237,0.8055422218692544,0.3118130318904384,0.1977043657920604,0.5544196375283055,0.5853787286138783,0.6812851824943985,0.28488683366658873,0.09657622287499767,0.031073040012182584,0.015585958260243893
0.5855259689325868,0.3676329141681176,0.12528545000796176,0.2510519300940335,0.6779611949464023,0.6431092816032667,0.21101603068255936,0.7137730103393667,0.5070417900017234,0.2155536915659484,0.33578841502566126,0.34419824753052575,0.030575004640005732,0.33701182947325403,0.4698322051248861,0.08280675491001199,0.038761114085576254,0.24670818666451688,0.23737440756099104,0.17211171627650557,0.7942500546883394,0.04599914647962955,0.48581209016108207,0.022810620301681683,0.5614447369376384,0.9537124265185288,0.7928826525018288,0.21371053834610998,0.5522352225480561,0.004898544251478509,0.06091011940314295,0.1927254969703236,0.2400828209741972,0.20896794796047158,0.036215455594638346,0.2599364960806537,0.036845973658827025,0.1949874188670998,0.3148911127224816,0.003516267516098237,0.8055422218692544,0.3118130318904384,0.1977043657920604,0.5544196375283055,0.5853787286138783,0.6812851824943985,0.28488683366658873,0.09657622287499767,0.031073040012182584,0.015585958260243893
0.5855259689325868,0.3676329141681176,0.12528545000796176,0.2510519300940335,0.6779611949464023,0.6431092816032667,0.21101603068255936,0.7137730103393667,0.5070417900017234,0.2155536915659484,0.33578841502566126,0.34419824753052575,0.030575004640005732,0.33701182947325403,0.4698322051248861,0.08280675491001199,0.038761114085576254,0.24670818666451688,0.23737440756099104,0.17211171627650557,0.7942500546883394,0.04599914647962955,0.48581209016108207,0.022810620301681683,0.5614447369376384,0.9537124265185288,0.7928826525018288,0.21371053834610998,0.5522352225480561,0.004898544251478509,0.06091011940314295,0.1927254969703236,0.2400828209741972,0.20896794796047158,0.036215455594638346,0.2599364960806537,0.036845973658827025,0.1949874188670998,0.3148911127224816,0.003516267516098237,0.8055422218692544,0.3118130318904384,0.1977043657920604,0.5544196375283055,0.5853787286138783,0.6812851824943985,0.28488683366658873,0.09657622287499767,0.031073040012182584,0.015585958260243893
0.5855259689325868,0.3676329141681176,0.12528545000796176,0.2510519300940335,0.6779611949464023,0.6431092816032667,0.21101603068255936,0.7137730103393667,0.5070417900017234,0.2155536915659484,0.33578841502566126,0.34419824753052575,0.030575004640005732,0.33701182947325403,0.4698322051248861,0.08280675491001199,0.038761114085576254,0.24670818666451688,0.23737440756099104,0.17211171627650557,0.7942500546883394,0.04599914647962955,0.48581209016108207,0.022810620301681683,0.5614447369376384,0.9537124265185288,0.7928826525018288,0.21371053834610998,0.5522352225480561,0.004898544251478509,0.06091011940314295,0.1927254969703236,0.2400828209741972,0.20896794796047158,0.036215455594638346,0.2599364960806537,0.036845973658827025,0.1949874188670998,0.3148911127224816,0.003516267516098237,0.8055422218692544,0.3118130318904384,0.1977043657920604,0.5544196375283055,0.5853787286138783,0.6812851824943985,0.28488683366658873,0.09657622287499767,0.031073040012182584,0.015585958260243893
0.5855259689325868,0.3676329141681176,0.12528545000796176,0.2510519300940335,0.6779611949464023,0.6431092816032667,0.21101603068255936,0.7137730103393667,0.5070417900017234,0.2155536915659484,0.33578841502566126,0.34419824753052575,0.030575004640005732,0.33701182947325403,0.4698322051248861,0.08280675491001199,0.038761114085576254,0.24670818666451688,0.23737440756099104,0.17211171627650557,0.7942500546883394,0.04599914647962955,0.48581209016108207,0.022810620301681683,0.5614447369376384,0.9537124265185288,0.7928826525018288,0.21371053834610998,0.5522352225480561,0.004898544251478509,0.06091011940314295,0.1927254969703236,0.2400828209741972,0.20896794796047158,0.036215455594638346,0.2599364960806537,0.036845973658827025,0.1949874188670998,0.3148911127224816,0.003516267516098237,0.8055422218692544,0.3118130318904384,0.1977043657920604,0.5544196375283055,0.5853787286138783,0.6812851824943985,0.28488683366658873,0.09657622287499767,0.031073040012182584,0.015585958260243893
0.5855259689325868,0.3676329141681176,0.12528545000796176,0.2510519300940335,0.6779611949464023,0.6431092816032667,0.21101603068255936,0.7137730103393667,0.5070417900017234,0.2155536915659484,0.33578841502566126,0.34419824753052575,0.030575004640005732,0.33701182947325403,0.4698322051248861,0.08280675491001199,0.038761114085576254,0.24670818666451688,0.23737440756099104,0.17211171627650557,0.7942500546883394,0.04599914647962955,0.48581209016108207,0.022810620301681683,0.5614447369376384,0.9537124265185288,0.7928826525018288,0.21371053834610998,0.5522352225480561,0.004898544251478509,0.06091011940314295,0.1927254969703236,0.2400828209741972,0.20896794796047158,0.036215455594638346,0.2599364960806537,0.036845973658827025,0.1949874188670998,0.3148911127224816,0.003516267516098237,0.8055422218692544,0.3118130318904384,0.1977043657920604,0.5544196375283055,0.5853787286138783,0.6812851824943985,0.28488683366658873,0.09657622287499767,0.031073040012182584,0.015585958260243893
0.5855259689325868,0.3676329141681176,0.12528545000796176,0.2510519300940335,0.6779611949464023,0.6431092816032667,0.21101603068255936,0.7137730103393667,0.5070417900017234,0.2155536915659484,0.33578841502566126,0.34419824753052575,0.030575004640005732,0.33701182947325403,0.4698322051248861,0.08280675491001199,0.038761114085576254,0.24670818666451688,0.23737440756099104,0.17211171627650557,0.7942500546883394,0.04599914647962955,0.48581209016108207,0.022810620301681683,0.5614447369376384,0.9537124265185288,0.7928826525018288,0.21371053834610998,0.5522352225480561,0.004898544251478509,0.06091011940314295,0.1927254969703236,0.2400828209741972,0.20896794796047158,0.036215455594638346,0.2599364960806537,0.036845973658827025,0.1949874188670998,0.3148911127224816,0.003516267516098237,0.8055422218692544,0.3118130318904384,0.1977043657920604,0.5544196375283055,0.5853787286138783,0.6812851824943985,0.28488683366658873,0.09657622287499767,0.031073040012182584,0.015585958260243893
0.5855259689325868,0.3676329141681176,0.12528545000796176,0.2510519300940335,0.6779611949464023,0.6431092816032667,0.21101603068255936,0.7137730103393667,0.5070417900017234,0.2155536915659484,0.33578841502566126,0.34419824753052575,0.030575004640005732,0.33701182947325403,0.4698322051248861,0.08280675491001199,0.038761114085576254,0.24670818666451688,0.23737440756099104,0.17211171627650557,0.7942500546883394,0.04599914647962955,0.48581209016108207,0.022810620301681683,0.5614447369376384,0.9537124265185288,0.7928826525018288,0.21371053834610998,0.5522352225480561,0.004898544251478509,0.06091011940314295,0.1927254969703236,0.2400828209741972,0.20896794796047158,0.036215455594638346,0.2599364960806537,0.036845973658827025,0.1949874188670998,0.3148911127224816,0.003516267516098237,0.8055422218692544,0.3118130318904384,0.1977043657920604,0.5544196375283055,0.5853787286138783,0.6812851824943985,0.28488683366658873,0.09657622287499767,0.031073040012182584,0.015585958260243893
0.5855259689325868,0.3676329141681176,0.12528545000796176,0.2510519300940335,0.6779611949464023,0.6431092816032667,0.21101603068255936,0.7137730103393667,0.5070417900017234,0.2155536915659484,0.33578841502566126,0.34419824753052575,0.030575004640005732,0.33701182947325403,0.4698322051248861,0.08280675491001199,0.038761114085576254,0.24670818666451688,0.23737440756099104,0.17211171627650557,0.7942500546883394,0.04599914647962955,0.48581209016108207,0.022810620301681683,0.5614447369376384,0.9537124265185288,0.7928826525018288,0.21371053834610998,0.5522352225480561,0.004898544251478509,0.06091011940314295,0.1927254969703236,0.2400828209741972,0.20896794796047158,0.036215455594638346,0.2599364960806537,0.036845973658827025,0.1949874188670998,0.3148911127224816,0.003516267516098237,0.8055422218692544,0.3118130318904384,0.1977043657920604,0.5544196375283055,0.5853787286138783,0.6812851824943985,0.28488683366658873,0.09657622287499767,0.031073040012182584,0.015585958260243893
0.5855259689325868,0.3676329141681176,0.12528545000796176,0.2510519300940335,0.6779611949464023,0.6431092816032667,0.21101603068255936,0.7137730103393667,0.5070417900017234,0.2155536915659484,0.33578841502566126,0.34419824753052575,0.030575004640005732,0.33701182947325403,0.4698322051248861,0.08280675491001199,0.038761114085576254,0.24670818666451688,0.23737440756099104,0.17211171627650557,0.7942500546883394,0.04599914647962955,0.48581209016108207,0.022810620301681683,0.5614447369376384,0.9537124265185288,0.7928826525018288,0.21371053834610998,0.5522352225480561,0.004898544251478509,0.06091011940314295,0.1927254969703236,0.2400828209741972,0.20896794796047158,0.036215455594638346,0.2599364960806537,0.036845973658827025,0.1949874188670998,0.3148911127224816,0.003516267516098237,0.8055422218692544,0.3118130318904384,0.1977043657920604,0.5544196375283055,0.5853787286138783,0.6812851824943985,0.28488683366658873,0.09657622287499767,0.031073040012182584,0.015585958260243893
0.5855259689325868,0.3676329141681176,0.12528545000796176,0.2510519300940335,0.6779611949464023,0.6431092816032667,0.21101603068255936,0.7137730103393667,0.5070417900017234,0.2155536915659484,0.33578841502566126,0.34419824753052575,0.030575004640005732,0.33701182947325403,0.4698322051248861,0.08280675491001199,0.038761114085576254,0.24670818666451688,0.23737440756099104,0.17211171627650557,0.7942500546883394,0.04599914647962955,0.48581209016108207,0.022810620301681683,0.5614447369376384,0.9537124265185288,0.7928826525018288,0.21371053834610998,0.5522352225480561,0.004898544251478509,0.06091011940314295,0.1927254969703236,0.2400828209741972,0.20896794796047158,0.036215455594638346,0.2599364960806537,0.036845973658827025,0.1949874188670998,0.3148911127224816,0.003516267516098237,0.8055422218692544,0.3118130318904384,0.1977043657920604,0.5544196375283055,0.5853787286138783,0.6812851824943985,0.28488683366658873,0.09657622287499767,0.031073040012182584,0.015585958260243893
0.5855259689325868,0.3676329141681176,0.12528545000796176,0.2510519300940335,0.6779611949464023,0.6431092816032667,0.21101603068255936,0.7137730103393667,0.5070417900017234,0.2155536915659484,0.33578841502566126,0.34419824753052575,0.030575004640005732,0.33701182947325403,0.4698322051248861,0.08280675491001199,0.038761114085576254,0.24670818666451688,0.23737440756099104,0.17211171627650557,0.7942500546883394,0.04599914647962955,0.48581209016108207,0.022810620301681683,0.5614447369376384,0.9537124265185288,0.7928826525018288,0.21371053834610998,0.5522352225480561,0.004898544251478509,0.06091011940314295,0.1927254969703236,0.2400828209741972,0.20896794796047158,0.036215455594638346,0.2599364960806537,0.036845973658827025,0.1949874188670998,0.3148911127224816,0.003516267516098237,0.8055422218692544,0.3118130318904384,0.1977043657920604,0.5544196375283055,0.5853787286138783,0.6812851824943985,0.28488683366658873,0.09657622287499767,0.031073040012182584,0.015585958260243893
0.5855259689325868,0.3676329141681176,0.12528545000796176,0.2510519300940335,0.6779611949464023,0.6431092816032667,0.21101603068255936,0.7137730103393667,0.5070417900017234,0.2155536915659484,0.33578841502566126,0.34419824753052575,0.030575004640005732,0.33701182947325403,0.4698322051248861,0.08280675491001199,0.038761114085576254,0.24670818666451688,0.23737440756099104,0.17211171627650557,0.7942500546883394,0.04599914647962955,0.48581209016108207,0.022810620301681683,0.5614447369376384,0.9537124265185288,0.7928826525018288,0.21371053834610998,0.5522352225480561,0.004898544251478509,0.06091011940314295,0.1927254969703236,0.2400828209741972,0.20896794796047158,0.036215455594638346,0.2599364960806537,0.036845973658827025,0.1949874188670998,0.3148911127224816,0.003516267516098237,0.8055422218692544,0.3118130318904384,0.1977043657920604,0.5544196375283055,0.5853787286138783,0.6812851824943985,0.28488683366658873,0.09657622287499767,0.031073040012182584,0.015585958260243893
0.5855259689325868,0.3676329141681176,0.12528545000796176,0.2510519300940335,0.6779611949464023,0.6431092816032667,0.21101603068255936,0.7137730103393667,0.5070417900017234,0.2155536915659484,0.33578841502566126,0.34419824753052575,0.030575004640005732,0.33701182947325403,0.4698322051248861,0.08280675491001199,0.038761114085576254,0.24670818666451688,0.23737440756099104,0.17211171627650557,0.7942500546883394,0.04599914647962955,0.48581209016108207,0.022810620301681683,0.5614447369376384,0.9537124265185288,0.7928826525018288,0.21371053834610998,0.5522352225480561,0.004898544251478509,0.06091011940314295,0.1927254969703236,0.2400828209741972,0.20896794796047158,0.036215455594638346,0.2599364960806537,0.036845973658827025,0.1949874188670998,0.3148911127224816,0.003516267516098237,0.8055422218692544,0.3118130318904384,0.1977043657920604,0.5544196375283055,0.5853787286138783,0.6812851824943985,0.28488683366658873,0.09657622287499767,0.031073040012182584,0.015585958260243893
0.5855259689325868,0.3676329141681176,0.12528545000796176,0.2510519300940335,0.6779611949464023,0.6431092816032667,0.21101603068255936,0.7137730103393667,0.5070417900017234,0.2155536915659484,0.33578841502566126,0.34419824753052575,0.030575004640005732,0.33701182947325403,0.4698322051248861,0.08280675491001199,0.038761114085576254,0.24670818666451688,0.23737440756099104,0.17211171627650557,0.7942500546883394,0.04599914647962955,0.48581209016108207,0.022810620301681683,0.5614447369376384,0.9537124265185288,0.7928826525018288,0.21371053834610998,0.5522352225480561,0.004898544251478509,0.06091011940314295,0.1927254969703236,0.2400828209741972,0.20896794796047158,0.036215455594638346,0.2599364960806537,0.036845973658827025,0.1949874188670998,0.3148911127224816,0.003516267516098237,0.8055422218692544,0.3118130318904384,0.1977043657920604,0.5544196375283055,0.5853787286138783,0.6812851824943985,0.28488683366658873,0.09657622287499767,0.031073040012182584,0.015585958260243893
0.5855259689325868,0.3676329141681176,0.12528545000796176,0.2510519300940335,0.6779611949464023,0.6431092816032667,0.21101603068255936,0.7137730103393667,0.5070417900017234,0.2155536915659484,0.33578841502566126,0.34419824753052575,0.030575004640005732,0.33701182947325403,0.4698322051248861,0.08280675491001199,0.038761114085576254,0.24670818666451688,0.23737440756099104,0.17211171627650557,0.7942500546883394,0.04599914647962955,0.48581209016108207,0.022810620301681683,0.5614447369376384,0.9537124265185288,0.7928826525018288,0.21371053834610998,0.5522352225480561,0.004898544251478509,0.06091011940314295,0.1927254969703236,0.2400828209741972,0.20896794796047158,0.036215455594638346,0.2599364960806537,0.036845973658827025,0.1949874188670998,0.3148911127224816,0.003516267516098237,0.8055422218692544,0.3118130318904384,0.1977043657920604,0.5544196375283055,0.5853787286138783,0.6812851824943985,0.28488683366658873,0.09657622287499767,0.031073040012182584,0.015585958260243893
0.5855259689325868,0.3676329141681176,0.12528545000796176,0.2510519300940335,0.6779611949464023,0.6431092816032667,0.21101603068255936,0.7137730103393667,0.5070417900017234,0.2155536915659484,0.33578841502566126,0.34419824753052575,0.030575004640005732,0.33701182947325403,0.4698322051248861,0.08280675491001199,0.038761114085576254,0.24670818666451688,0.23737440756099104,0.17211171627650557,0.7942500546883394,0.04599914647962955,0.48581209016108207,0.022810620301681683,0.5614447369376384,0.9537124265185288,0.7928826525018288,0.21371053834610998,0.5522352225480561,0.004898544251478509,0.06091011940314295,0.1927254969703236,0.2400828209741972,0.20896794796047158,0.036215455594638346,0.2599364960806537,0.036845973658827025,0.1949874188670998,0.3148911127224816,0.003516267516098237,0.8055422218692544,0.3118130318904384,0.1977043657920604,0.5544196375283055,0.5853787286138783,0.6812851824943985,0.28488683366658873,0.09657622287499767,0.031073040012182584,0.015585958260243893
0.5855259689325868,0.3676329141681176,0.12528545000796176,0.2510519300940335,0.6779611949464023,0.6431092816032667,0.21101603068255936,0.7137730103393667,0.5070417900017234,0.2155536915659484,0.33578841502566126,0.34419824753052575,0.030575004640005732,0.33701182947325403,0.4698322051248861,0.08280675491001199,0.038761114085576254,0.24670818666451688,0.23737440756099104,0.17211171627650557,0.7942500546883394,0.04599914647962955,0.48581209016108207,0.022810620301681683,0.5614447369376384,0.9537124265185288,0.7928826525018288,0.21371053834610998,0.5522352225480561,0.004898544251478509,0.06091011940314295,0.1927254969703236,0.2400828209741972,0.20896794796047158,0.036215455594638346,0.2599364960806537,0.036845973658827025,0.1949874188670998,0.3148911127224816,0.003516267516098237,0.8055422218692544,0.3118130318904384,0.1977043657920604,0.5544196375283055,0.5853787286138783,0.6812851824943985,0.28488683366658873,0.09657622287499767,0.031073040012182584,0.015585958260243893
0.5855259689325868,0.3676329141681176,0.12528545000796176,0.2510519300940335,0.6779611949464023,0.6431092816032667,0.21101603068255936,0.7137730103393667,0.5070417900017234,0.2155536915659484,0.33578841502566126,0.34419824753052575,0.030575004640005732,0.33701182947325403,0.4698322051248861,0.08280675491001199,0.038761114085576254,0.24670818666451688,0.23737440756099104,0.17211171627650557,0.7942500546883394,0.04599914647962955,0.48581209016108207,0.022810620301681683,0.5614447369376384,0.9537124265185288,0.7928826525018288,0.21371053834610998,0.5522352225480561,0.004898544251478509,0.06091011940314295,0.1927254969703236,0.2400828209741972,0.20896794796047158,0.036215455594638346,0.2599364960806537,0.036845973658827025,0.1949874188670998,0.3148911127224816,0.003516267516098237,0.8055422218692544,0.3118130318904384,0.1977043657920604,0.5544196375283055,0.5853787286138783,0.6812851824943985,0.28488683366658873,0.09657622287499767,0.031073040012182584,0.015585958260243893
0.5855259689325868,0.3676329141681176,0.12528545000796176,0.2510519300940335,0.6779611949464023,0.6431092816032667,0.21101603068255936,0.7137730103393667,0.5070417900017234,0.2155536915659484,0.33578841502566126,0.34419824753052575,0.030575004640005732,0.33701182947325403,0.4698322051248861,0.08280675491001199,0.038761114085576254,0.24670818666451688,0.23737440756099104,0.17211171627650557,0.7942500546883394,0.04599914647962955,0.48581209016108207,0.022810620301681683,0.5614447369376384,0.9537124265185288,0.7928826525018288,0.21371053834610998,0.5522352225480561,0.004898544251478509,0.06091011940314295,0.1927254969703236,0.2400828209741972,0.20896794796047158,0.036215455594638346,0.2599364960806537,0.036845973658827025,0.1949874188670998,0.3148911127224816,0.003516267516098237,0.8055422218692544,0.3118130318904384,0.1977043657920604,0.5544196375283055,0.5853787286138783,0.6812851824943985,0.28488683366658873,0.09657622287499767,0.031073040012182584,0.015585958260243893
0.5855259689325868,0.3676329141681176,0.12528545000796176,0.2510519300940335,0.6779611949464023,0.6431092816032667,0.21101603068255936,0.7137730103393667,0.5070417900017234,0.2155536915659484,0.33578841502566126,0.34419824753052575,0.030575004640005732,0.33701182947325403,0.4698322051248861,0.08280675491001199,0.038761114085576254,0.24670818666451688,0.23737440756099104,0.17211171627650557,0.7942500546883394,0.04599914647962955,0.48581209016108207,0.022810620301681683,0.5614447369376384,0.9537124265185288,0.7928826525018288,0.21371053834610998,0.5522352225480561,0.004898544251478509,0.06091011940314295,0.1927254969703236,0.2400828209741972,0.20896794796047158,0.036215455594638346,0.2599364960806537,0.036845973658827025,0.1949874188670998,0.3148911127224816,0.003516267516098237,0.8055422218692544,0.3118130318904384,0.1977043657920604,0.5544196375283055,0.5853787286138783,0.6812851824943985,0.28488683366658873,0.09657622287499767,0.031073040012182584,0.015585958260243893
0.5855259689325868,0.3676329141681176,0.12528545000796176,0.2510519300940335,0.6779611949464023,0.6431092816032667,0.21101603068255936,0.7137730103393667,0.5070417900017234,0.2155536915659484,0.33578841502566126,0.34419824753052575,0.030575004640005732,0.33701182947325403,0.4698322051248861,0.08280675491001199,0.038761114085576254,0.24670818666451688,0.23737440756099104,0.17211171627650557,0.7942500546883394,0.04599914647962955,0.48581209016108207,0.022810620301681683,0.5614447369376384,0.9537124265185288,0.7928826525018288,0.21371053834610998,0.5522352225480561,0.004898544251478509,0.06091011940314295,0.1927254969703236,0.2400828209741972,0.20896794796047158,0.036215455594638346,0.2599364960806537,0.036845973658827025,0.1949874188670998,0.3148911127224816,0.003516267516098237,0.8055422218692544,0.3118130318904384,0.1977043657920604,0.5544196375283055,0.5853787286138783,0.6812851824943985,0.28488683366658873,0.09657622287499767,0.031073040012182584,0.015585958260243893
0.5855259689325868,0.3676329141681176,0.12528545000796176,0.2510519300940335,0.6779611949464023,0.6431092816032667,0.21101603068255936,0.7137730103393667,0.5070417900017234,0.2155536915659484,0.33578841502566126,0.34419824753052575,0.030575004640005732,0.33701182947325403,0.4698322051248861,0.08280675491001199,0.038761114085576254,0.24670818666451688,0.23737440756099104,0.17211171627650557,0.7942500546883394,0.04599914647962955,0.48581209016108207,0.022810620301681683,0.5614447369376384,0.9537124265185288,0.7928826525018288,0.21371053834610998,0.5522352225480561,0.004898544251478509,0.06091011940314295,0.1927254969703236,0.2400828209741972,0.20896794796047158,0.036215455594638346,0.2599364960806537,0.036845973658827025,0.1949874188670998,0.3148911127224816,0.003516267516098237,0.8055422218692544,0.3118130318904384,0.1977043657920604,0.5544196375283055,0.5853787286138783,0.6812851824943985,0.28488683366658873,0.09657622287499767,0.031073040012182584,0.015585958260243893
0.5855259689325868,0.3676329141681176,0.12528545000796176,0.2510519300940335,0.6779611949464023,0.6431092816032667,0.21101603068255936,0.7137730103393667,0.5070417900017234,0.2155536915659484,0.33578841502566126,0.34419824753052575,0.030575004640005732,0.33701182947325403,0.4698322051248861,0.08280675491001199,0.038761114085576254,0.24670818666451688,0.23737440756099104,0.17211171627650557,0.7942500546883394,0.04599914647962955,0.48581209016108207,0.022810620301681683,0.5614447369376384,0.9537124265185288,0.7928826525018288,0.21371053834610998,0.5522352225480561,0.004898544251478509,0.06091011940314295,0.1927254969703236,0.2400828209741972,0.20896794796047158,0.036215455594638346,0.2599364960806537,0.036845973658827025,0.1949874188670998,0.3148911127224816,0.003516267516098237,0.8055422218692544,0.3118130318904384,0.1977043657920604,0.5544196375283055,0.5853787286138783,0.6812851824943985,0.28488683366658873,0.09657622287499767,0.031073040012182584,0.015585958260243893
0.5855259689325868,0.3676329141681176,0.12528545000796176,0.2510519300940335,0.6779611949464023,0.6431092816032667,0.21101603068255936,0.7137730103393667,0.5070417900017234,0.2155536915659484,0.33578841502566126,0.34419824753052575,0.030575004640005732,0.33701182947325403,0.4698322051248861,0.08280675491001199,0.038761114085576254,0.24670818666451688,0.23737440756099104,0.17211171627650557,0.7942500546883394,0.04599914647962955,0.48581209016108207,0.022810620301681683,0.5614447369376384,0.9537124265185288,0.7928826525018288,0.21371053834610998,0.5522352225480561,0.004898544251478509,0.06091011940314295,0.1927254969703236,0.2400828209741972,0.20896794796047158,0.036215455594638346,0.2599364960806537,0.036845973658827025,0.1949874188670998,0.3148911127224816,0.003516267516098237,0.8055422218692544,0.3118130318904384,0.1977043657920604,0.5544196375283055,0.5853787286138783,0.6812851824943985,0.28488683366658873,0.09657622287499767,0.031073040012182584,0.015585958260243893
0.5855259689325868,0.3676329141681176,0.12528545000796176,0.2510519300940335,0.6779611949464023,0.6431092816032667,0.21101603068255936,0.7137730103393667,0.5070417900017234,0.2155536915659484,0.33578841502566126,0.34419824753052575,0.030575004640005732,0.33701182947325403,0.4698322051248861,0.08280675491001199,0.038761114085576254,0.24670818666451688,0.23737440756099104,0.17211171627650557,0.7942500546883394,0.04599914647962955,0.48581209016108207,0.022810620301681683,0.5614447369376384,0.9537124265185288,0.7928826525018288,0.21371053834610998,0.5522352225480561,0.004898544251478509,0.06091011940314295,0.1927254969703236,0.2400828209741972,0.20896794796047158,0.036215455594638346,0.2599364960806537,0.036845973658827025,0.1949874188670998,0.3148911127224816,0.003516267516098237,0.8055422218692544,0.3118130318904384,0.1977043657920604,0.5544196375283055,0.5853787286138783,0.6812851824943985,0.28488683366658873,0.09657622287499767,0.031073040012182584,0.015585958260243893
0.5855259689325868,0.3676329141681176,0.12528545000796176,0.2510519300940335,0.6779611949464023,0.6431092816032667,0.21101603068255936,0.7137730103393667,0.5070417900017234,0.2155536915659484,0.33578841502566126,0.34419824753052575,0.030575004640005732,0.33701182947325403,0.4698322051248861,0.08280675491001199,0.038761114085576254,0.24670818666451688,0.23737440756099104,0.17211171627650557,0.7942500546883394,0.04599914647962955,0.48581209016108207,0.022810620301681683,0.5614447369376384,0.9537124265185288,0.7928826525018288,0.21371053834610998,0.5522352225480561,0.004898544251478509,0.06091011940314295,0.1927254969703236,0.2400828209741972,0.20896794796047158,0.036215455594638346,0.2599364960806537,0.036845973658827025,0.1949874188670998,0.3148911127224816,0.003516267516098237,0.8055422218692544,0.3118130318904384,0.1977043657920604,0.5544196375283055,0.5853787286138783,0.6812851824943985,0.28488683366658873,0.09657622287499767,0.031073040012182584,0.015585958260243893
0.5855259689325868,0.3676329141681176,0.12528545000796176,0.2510519300940335,0.6779611949464023,0.6431092816032667,0.21101603068255936,0.7137730103393667,0.5070417900017234,0.2155536915659484,0.33578841502566126,0.34419824753052575,0.030575004640005732,0.33701182947325403,0.4698322051248861,0.08280675491001199,0.038761114085576254,0.24670818666451688,0.23737440756099104,0.17211171627650557,0.7942500546883394,0.04599914647962955,0.48581209016108207,0.022810620301681683,0.5614447369376384,0.9537124265185288,0.7928826525018288,0.21371053834610998,0.5522352225480561,0.004898544251478509,0.06091011940314295,0.1927254969703236,0.2400828209741972,0.20896794796047158,0.036215455594638346,0.2599364960806537,0.036845973658827025,0.1949874188670998,0.3148911127224816,0.003516267516098237,0.8055422218692544,0.3118130318904384,0.1977043657920604,0.5544196375283055,0.5853787286138783,0.6812851824943985,0.28488683366658873,0.09657622287499767,0.031073040012182584,0.015585958260243893
0.5855259689325868,0.3676329141681176,0.12528545000796176,0.2510519300940335,0.6779611949464023,0.6431092816032667,0.21101603068255936,0.7137730103393667,0.5070417900017234,0.2155536915659484,0.33578841502566126,0.34419824753052575,0.030575004640005732,0.33701182947325403,0.4698322051248861,0.08280675491001199,0.038761114085576254,0.24670818666451688,0.23737440756099104,0.17211171627650557,0.7942500546883394,0.04599914647962955,0.48581209016108207,0.022810620301681683,0.5614447369376384,0.9537124265185288,0.7928826525018288,0.21371053834610998,0.5522352225480561,0.004898544251478509,0.06091011940314295,0.1927254969703236,0.2400828209741972,0.20896794796047158,0.036215455594638346,0.2599364960806537,0.036845973658827025,0.1949874188670998,0.3148911127224816,0.003516267516098237,0.8055422218692544,0.3118130318904384,0.1977043657920604,0.5544196375283055,0.5853787286138783,0.6812851824943985,0.28488683366658873,0.09657622287499767,0.031073040012182584,0.015585958260243893
0.5855259689325868,0.3676329141681176,0.12528545000796176,0.2510519300940335,0.6779611949464023,0.6431092816032667,0.21101603068255936,0.7137730103393667,0.5070417900017234,0.2155536915659484,0.33578841502566126,0.34419824753052575,0.030575004640005732,0.33701182947325403,0.4698322051248861,0.08280675491001199,0.038761114085576254,0.24670818666451688,0.23737440756099104,0.17211171627650557,0.7942500546883394,0.04599914647962955,0.48581209016108207,0.022810620301681683,0.5614447369376384,0.9537124265185288,0.7928826525018288,0.21371053834610998,0.5522352225480561,0.004898544251478509,0.06091011940314295,0.1927254969703236,0.2400828209741972,0.20896794796047158,0.036215455594638346,0.2599364960806537,0.036845973658827025,0.1949874188670998,0.3148911127224816,0.003516267516098237,0.8055422218692544,0.3118130318904384,0.1977043657920604,0.5544196375283055,0.5853787286138783,0.6812851824943985,0.28488683366658873,0.09657622287499767,0.031073040012182584,0.015585958260243893
0.5855259689325868,0.3676329141681176,0.12528545000796176,0.2510519300940335,0.6779611949464023,0.6431092816032667,0.21101603068255936,0.7137730103393667,0.5070417900017234,0.2155536915659484,0.33578841502566126,0.34419824753052575,0.030575004640005732,0.33701182947325403,0.4698322051248861,0.08280675491001199,0.038761114085576254,0.24670818666451688,0.23737440756099104,0.17211171627650557,0.7942500546883394,0.04599914647962955,0.48581209016108207,0.022810620301681683,0.5614447369376384,0.9537124265185288,0.7928826525018288,0.21371053834610998,0.5522352225480561,0.004898544251478509,0.06091011940314295,0.1927254969703236,0.2400828209741972,0.20896794796047158,0.036215455594638346,0.2599364960806537,0.036845973658827025,0.1949874188670998,0.3148911127224816,0.003516267516098237,0.8055422218692544,0.3118130318904384,0.1977043657920604,0.5544196375283055,0.5853787286138783,0.6812851824943985,0.28488683366658873,0.09657622287499767,0.031073040012182584,0.015585958260243893
0.5855259689325868,0.3676329141681176,0.12528545000796176,0.2510519300940335,0.6779611949464023,0.6431092816032667,0.21101603068255936,0.7137730103393667,0.5070417900017234,0.2155536915659484,0.33578841502566126,0.34419824753052575,0.030575004640005732,0.33701182947325403,0.4698322051248861,0.08280675491001199,0.038761114085576254,0.24670818666451688,0.23737440756099104,0.17211171627650557,0.7942500546883394,0.04599914647962955,0.48581209016108207,0.022810620301681683,0.5614447369376384,0.9537124265185288,0.7928826525018288,0.21371053834610998,0.5522352225480561,0.004898544251478509,0.06091011940314295,0.1927254969703236,0.2400828209741972,0.20896794796047158,0.036215455594638346,0.2599364960806537,0.036845973658827025,0.1949874188670998,0.3148911127224816,0.003516267516098237,0.8055422218692544,0.3118130318904384,0.1977043657920604,0.5544196375283055,0.5853787286138783,0.6812851824943985,0.28488683366658873,0.09657622287499767,0.031073040012182584,0.015585958260243893
0.5855259689325868,0.3676329141681176,0.12528545000796176,0.2510519300940335,0.6779611949464023,0.6431092816032667,0.21101603068255936,0.7137730103393667,0.5070417900017234,0.2155536915659484,0.33578841502566126,0.34419824753052575,0.030575004640005732,0.33701182947325403,0.4698322051248861,0.08280675491001199,0.038761114085576254,0.24670818666451688,0.23737440756099104,0.17211171627650557,0.7942500546883394,0.04599914647962955,0.48581209016108207,0.022810620301681683,0.5614447369376384,0.9537124265185288,0.7928826525018288,0.21371053834610998,0.5522352225480561,0.004898544251478509,0.06091011940314295,0.1927254969703236,0.2400828209741972,0.20896794796047158,0.036215455594638346,0.2599364960806537,0.036845973658827025,0.1949874188670998,0.3148911127224816,0.003516267516098237,0.8055422218692544,0.3118130318904384,0.1977043657920604,0.5544196375283055,0.5853787286138783,0.6812851824943985,0.28488683366658873,0.09657622287499767,0.031073040012182584,0.015585958260243893
0.5855259689325868,0.3676329141681176,0.12528545000796176,0.2510519300940335,0.6779611949464023,0.6431092816032667,0.21101603068255936,0.7137730103393667,0.5070417900017234,0.2155536915659484,0.33578841502566126,0.34419824753052575,0.030575004640005732,0.33701182947325403,0.4698322051248861,0.08280675491001199,0.038761114085576254,0.24670818666451688,0.23737440756099104,0.17211171627650557,0.7942500546883394,0.04599914647962955,0.48581209016108207,0.022810620301681683,0.5614447369376384,0.9537124265185288,0.7928826525018288,0.21371053834610998,0.5522352225480561,0.004898544251478509,0.06091011940314295,0.1927254969703236,0.2400828209741972,0.20896794796047158,0.036215455594638346,0.2599364960806537,0.036845973658827025,0.1949874188670998,0.3148911127224816,0.003516267516098237,0.8055422218692544,0.3118130318904384,0.1977043657920604,0.5544196375283055,0.5853787286138783,0.6812851824943985,0.28488683366658873,0.09657622287499767,0.031073040012182584,0.015585958260243893
0.5855259689325868,0.3676329141681176,0.12528545000796176,0.2510519300940335,0.6779611949464023,0.6431092816032667,0.21101603068255936,0.7137730103393667,0.5070417900017234,0.2155536915659484,0.33578841502566126,0.34419824753052575,0.030575004640005732,0.33701182947325403,0.4698322051248861,0.08280675491001199,0.038761114085576254,0.24670818666451688,0.23737440756099104,0.17211171627650557,0.7942500546883394,0.04599914647962955,0.48581209016108207,0.022810620301681683,0.5614447369376384,0.9537124265185288,0.7928826525018288,0.21371053834610998,0.5522352225480561,0.004898544251478509,0.06091011940314295,0.1927254969703236,0.2400828209741972,0.20896794796047158,0.036215455594638346,0.2599364960806537,0.036845973658827025,0.1949874188670998,0.3148911127224816,0.003516267516098237,0.8055422218692544,0.3118130318904384,0.1977043657920604,0.5544196375283055,0.5853787286138783,0.6812851824943985,0.28488683366658873,0.09657622287499767,0.031073040012182584,0.015585958260243893
0.5855259689325868,0.3676329141681176,0.12528545000796176,0.2510519300940335,0.6779611949464023,0.6431092816032667,0.21101603068255936,0.7137730103393667,0.5070417900017234,0.2155536915659484,0.33578841502566126,0.34419824753052575,0.030575004640005732,0.33701182947325403,0.4698322051248861,0.08280675491001199,0.038761114085576254,0.24670818666451688,0.23737440756099104,0.17211171627650557,0.7942500546883394,0.04599914647962955,0.48581209016108207,0.022810620301681683,0.5614447369376384,0.9537124265185288,0.7928826525018288,0.21371053834610998,0.5522352225480561,0.004898544251478509,0.06091011940314295,0.1927254969703236,0.2400828209741972,0.20896794796047158,0.036215455594638346,0.2599364960806537,0.036845973658827025,0.1949874188670998,0.3148911127224816,0.003516267516098237,0.8055422218692544,0.3118130318904384,0.1977043657920604,0.5544196375283055,0.5853787286138783,0.6812851824943985,0.28488683366658873,0.09657622287499767,0.031073040012182584,0.015585958260243893
0.5855259689325868,0.3676329141681176,0.12528545000796176,0.2510519300940335,0.6779611949464023,0.6431092816032667,0.21101603068255936,0.7137730103393667,0.5070417900017234,0.2155536915659484,0.33578841502566126,0.34419824753052575,0.030575004640005732,0.33701182947325403,0.4698322051248861,0.08280675491001199,0.038761114085576254,0.24670818666451688,0.23737440756099104,0.17211171627650557,0.7942500546883394,0.04599914647962955,0.48581209016108207,0.022810620301681683,0.5614447369376384,0.9537124265185288,0.7928826525018288,0.21371053834610998,0.5522352225480561,0.004898544251478509,0.06091011940314295,0.1927254969703236,0.2400828209741972,0.20896794796047158,0.036215455594638346,0.2599364960806537,0.036845973658827025,0.1949874188670998,0.3148911127224816,0.003516267516098237,0.8055422218692544,0.3118130318904384,0.1977043657920604,0.5544196375283055,0.5853787286138783,0.6812851824943985,0.28488683366658873,0.09657622287499767,0.031073040012182584,0.015585958260243893
0.5855259689325868,0.3676329141681176,0.12528545000796176,0.2510519300940335,0.6779611949464023,0.6431092816032667,0.21101603068255936,0.7137730103393667,0.5070417900017234,0.2155536915659484,0.33578841502566126,0.34419824753052575,0.030575004640005732,0.33701182947325403,0.4698322051248861,0.08280675491001199,0.038761114085576254,0.24670818666451688,0.23737440756099104,0.17211171627650557,0.7942500546883394,0.04599914647962955,0.48581209016108207,0.022810620301681683,0.5614447369376384,0.9537124265185288,0.7928826525018288,0.21371053834610998,0.5522352225480561,0.004898544251478509,0.06091011940314295,0.1927254969703236,0.2400828209741972,0.20896794796047158,0.036215455594638346,0.2599364960806537,0.036845973658827025,0.1949874188670998,0.3148911127224816,0.003516267516098237,0.8055422218692544,0.3118130318904384,0.1977043657920604,0.5544196375283055,0.5853787286138783,0.6812851824943985,0.28488683366658873,0.09657622287499767,0.031073040012182584,0.015585958260243893
0.5855259689325868,0.3676329141681176,0.12528545000796176,0.2510519300940335,0.6779611949464023,0.6431092816032667,0.21101603068255936,0.7137730103393667,0.5070417900017234,0.2155536915659484,0.33578841502566126,0.34419824753052575,0.030575004640005732,0.33701182947325403,0.4698322051248861,0.08280675491001199,0.038761114085576254,0.24670818666451688,0.23737440756099104,0.17211171627650557,0.7942500546883394,0.04599914647962955,0.48581209016108207,0.022810620301681683,0.5614447369376384,0.9537124265185288,0.7928826525018288,0.21371053834610998,0.5522352225480561,0.004898544251478509,0.06091011940314295,0.1927254969703236,0.2400828209741972,0.20896794796047158,0.036215455594638346,0.2599364960806537,0.036845973658827025,0.1949874188670998,0.3148911127224816,0.003516267516098237,0.8055422218692544,0.3118130318904384,0.1977043657920604,0.5544196375283055,0.5853787286138783,0.6812851824943985,0.28488683366658873,0.09657622287499767,0.031073040012182584,0.015585958260243893
