SimulationID,AdjustedLatency,AdjustedNetworkCost
2fcea038-a9b9-4dfb-a6ac-7b775dc3a925,0.5823299800694,241.77999999999997
f4eddf1f-be16-4063-86b3-971d65ae4ad2,0.5807478653556,259.78
f74780c4-d1c2-4671-9b33-3aa4ea9932cf,0.5866431397032,260.78
ac77eef5-d072-43f4-8f49-b26885aed311,0.58503625687185,245.78
390bbb93-b847-42c8-a00e-1f58bba290e5,0.58615303500455,217.77999999999997
08396057-2814-4ec9-8438-d0f5889d5a6d,0.5852192440017,200.77999999999997
2f5ff1fb-4eda-4363-af57-357a1b920742,0.5823317453261,237.77999999999997
75712d9e-9532-49ee-aa94-c1210c268388,0.58252176606465,284.78
4a7e1395-7552-42cf-a4f3-77bdb9c410ab,0.58476572034635,232.77999999999997
2adf8dc6-cfac-4206-ae95-52fac7c6430e,0.5860319853429,212.78
993ee8c0-f1f8-48c2-aa68-ff5ba444fad0,0.5835070708105,254.78
d2213d4a-9f52-4d01-a4ce-341183e47f7e,0.58507340806525,241.77999999999997
d3f42b40-577d-4058-b04d-6424f76b8aba,0.5827063894766,243.77999999999997
7d76bc0b-dca3-4890-a3d4-b80cc3c16ec0,0.58064442074565,203.77999999999997
478556df-d70b-47bf-aa6c-2cdd7f6e4219,0.58347352682775,235.78
7e33edad-9f68-4113-b585-46573c5fcbf6,0.58948813570905,235.77999999999997
b3b057fb-198d-4508-bc36-205b52e0a8f0,0.5864031131077,212.77999999999997
3703a8ca-b3fa-4f1f-8e96-20562ba71eb8,0.5833139169571,238.77999999999997
88e7df2f-bbc5-4736-ba21-d10d5d9b8265,0.5848440595752,211.77999999999997
1e4e0f15-cba2-4b12-a917-fec12484f7fe,0.58272202266745,228.78
9eb44f0c-08d2-4996-8c93-7b399582a8d0,0.58756208748405,193.77999999999997
ff33e6aa-1c23-4bb4-8f1e-c600baba5174,0.58235306816885,181.77999999999997
91201a07-544c-451d-b21b-4ec2d9a830fe,0.58541273626425,228.77999999999997
df9cca94-d63d-4ee9-acdc-2f9c57e6b12b,0.58376273893595,240.78
40d5346b-2607-4680-8def-d879706f9ed9,0.5839600260787,209.77999999999997
8907211a-c4c7-4b0d-af67-0dfd8657cca6,0.5862427526469,198.78
03f46b8c-d288-4ead-8f56-92e445125c8b,0.5839261643666,219.77999999999997
39f70d43-36ff-48c4-8b43-1c4eb451a7a8,0.58575817657195,223.78
e0347bd8-5f8b-42e4-bef7-ca491c52ccdb,0.58416187027535,213.77999999999997
2c2c9b9a-c0d3-4019-8a19-c4a5bfe31f89,0.58064442074565,203.77999999999997
ae9fd915-4435-4e4a-ad46-3715cf64682b,0.58806043582005,218.78
73544a72-30b7-4eb3-b955-7e9f4cb2c996,0.5850406619822,208.78
51c19d09-474b-4ed6-939c-571997953ee6,0.5816389782646,194.78
27586b58-06c6-4e5f-add7-767440381076,0.58311957710565,220.77999999999997
6991c6b1-b370-405e-9f37-a29a551d380a,0.58387334179715,206.77999999999997
59a856b7-1f2b-4080-a478-a7c98ee0434a,0.58309499149345,218.78
f1f0eb1b-71ca-4941-908f-cd981efc8bc3,0.5843208660813,167.77999999999997
7feacf67-5d0e-49e4-88fa-4b2b722d4579,0.5843956872384,177.78
89d22699-1f3e-4731-9778-14fdc13e069a,0.58247595684915,215.77999999999997
dd831767-3454-4825-8829-255599afa3c9,0.5824908343378,221.77999999999997
ddbbe25d-696e-4133-a976-8759568706d5,0.5817059862675,186.77999999999997
97a39f73-9588-4d86-8c07-3ea9870a405d,0.58489770429415,192.77999999999997
97decd86-3c2e-454c-a7a5-a40b005defaa,0.58408953288625,191.77999999999997
21737acf-1b36-49ad-af1f-e16a96a3dad6,0.58257980701475,209.77999999999997
f91a63a5-2477-4e19-b945-2f09a012b6b6,0.5819505412782,193.77999999999997
dca306d1-8f86-45af-ac92-69577e4bf9ae,0.584151340148,193.77999999999997
d9237741-f817-4bde-b4e1-144f1c8f2ade,0.5838900855609,195.77999999999997
7fa7ffd6-0bfe-4713-87ca-71c1a2705290,0.58333974653815,191.77999999999997
59ebf9be-b2a0-49eb-8ee4-8d586ac74851,0.58508939443905,188.77999999999997
4fa0e655-b80e-49af-9cb1-08c66b0a04c4,0.583862347433,195.77999999999997
0c5bd134-5663-4104-9115-3ad491c35c07,0.5830172038514,196.77999999999997
88ab8145-474e-4c54-8d5a-9f3987c0520a,0.58063913845345,182.78
44cb573d-48e2-45f1-9315-74544d61b701,0.58439614589865,169.77999999999997
b0521a49-b6f0-4b8e-87e3-20a0e550f26d,0.5844731190205,169.78
d4b37588-93e7-49f4-a88d-2102d0e3930d,0.58309137156665,194.77999999999997
eae3b235-2356-4055-84ad-44b88f580034,0.58036230014565,192.77999999999997
61c9c7b4-2da4-4561-84e3-3f602dc48215,0.5804401703274,176.78
fc83a9a5-7454-42fa-825e-8f9fc374a500,0.58347659483425,190.77999999999997
9a48dd0b-397e-413a-96e6-bf65411de641,0.58222381435055,185.77999999999997
b9d993df-fb14-4659-a72d-4b8a1b719ac3,0.5806871204052,203.77999999999997
8864252c-bf97-4098-be74-f0de308e78ee,0.5822399604684,174.77999999999997
fd279a99-15fb-4049-9d15-720b2cbce502,0.5837997793074,190.77999999999997
979f6c2f-ea4e-4ed7-9b97-eb7582b1b332,0.5811088158294,184.77999999999997
828e43e5-d204-4d37-a766-a6bffefbb921,0.58627356947025,184.77999999999997
9c4e311d-002e-40c6-93fb-cab7b752d729,0.5833681279211,173.78
be4631f4-72a5-43f7-88bb-7a60e47b271a,0.58505087176995,177.77999999999997
8888a14e-d016-4f74-b20f-f1c2aeaf378c,0.5856912085958,194.77999999999997
0b6f9b27-78d6-4ab1-8689-a396da7851ad,0.5832886830345,171.77999999999997
a7adadef-71a6-49e5-91d7-81312db18080,0.58439614589865,169.77999999999997
295bb4e1-8642-4be4-87a6-f557a6b7cdc0,0.58242447512675,177.77999999999997
663bbeae-74c7-441f-b508-12c997079a72,0.5890274102446,190.77999999999997
b54f40f4-37f6-4be6-8d6f-1028fdf5892d,0.5852279786311,176.77999999999997
1a2abdb6-8f95-4f22-b8ca-427c6baf3d70,0.58078948528195,175.77999999999997
d9a29b92-c3f6-4621-abfd-7996efbb47a5,0.5822650859334,179.77999999999997
993372a1-33b8-4c80-b4b8-3e8d9e938f39,0.58446801021065,177.77999999999997
11b7c1a3-fde5-480c-be3b-79e537895806,0.58349114899145,191.77999999999997
b1b5ebd7-0265-4c22-9daa-84e9a1b8120e,0.58008762234155,177.77999999999997
c759dcaa-adc3-45a8-bbd9-20b5a09566c9,0.58090702445405,185.77999999999997
37992127-5315-4dc1-ac17-17173e366e18,0.0024717063263784,175.77999999999997
e2c89dbe-4107-4310-8d10-affc344bb489,0.58448351665935,175.77999999999997
1ab00137-cc23-43f7-bb38-6d328dbe2e38,0.5833681279211,173.78
36164498-fc5e-440e-844d-6e52a375884b,0.58259939447905,174.77999999999997
b88187d7-5967-401d-a4af-0b66d9891aee,0.5851119153964,184.77999999999997
79a16dc5-ffe4-422c-8eab-8c6a44d5d8f4,0.5865620970751,176.77999999999997
02fb4d3d-cd12-4a23-b8f4-9fd4f997fe88,0.58509304047775,169.77999999999997
58aeb935-65d7-4dbd-8d6a-fc06caf5fb99,0.58327194292525,172.78
702b7141-ea35-4791-a3a4-f8e2326606eb,0.0024022995546119,179.77999999999997
eaeadfeb-7eb1-4bae-ba80-c4a3078713a4,0.58418245338535,175.77999999999997
4af370d6-0d41-42ee-ae43-74d30661f604,0.58078948528195,175.77999999999997
95f1c7b9-9be8-4f8d-a3ac-5a8c1c274dd8,0.58154563706115,168.77999999999997
b9c4c470-1c7d-4a0a-ad2d-98fccf6809cb,0.5862915074402,170.77999999999997
32168ea7-40d8-44f9-8dd6-71f575cada49,0.5837315977118,188.77999999999997
894111c5-e407-4fd1-8e21-13e2d383ca8a,0.58295802018885,159.77999999999997
a7e59c4a-4d50-4274-ab88-f7b7944d719f,0.58353635638685,179.77999999999997
f7111686-03d1-4bbf-af3c-31f8fe45323d,0.0024717063263784,175.77999999999997
00461338-93be-4895-80ea-50d3f8f6814b,0.5875439542129,168.77999999999997
f120caac-1a4b-4409-9c3d-520a8d590ba0,0.58438562330145,171.78
e6292a9f-0097-49a6-a63f-7b60c895a7ab,0.5811460218492,173.77999999999997
2402a8cd-8ed5-462f-90fd-73630d91c9ff,0.00237609550322435,179.77999999999997
69fa0134-150c-471f-8a49-e87cc00b3304,0.5835241508054,175.77999999999997
8acf0500-639d-4000-b9c5-3a1bd7f58418,0.5826526856591,177.77999999999997
84452861-6a7d-4a15-8bb8-536d4a1af30d,0.5845270040416,172.78
5c872947-099e-448d-a5e9-a93fb4400f89,0.00241355348281155,176.77999999999997
712076da-273d-42c9-93d7-31182de76771,0.5845779490149,172.77999999999997
9a320c80-79ae-4d49-b735-a36b5e705ced,0.58232135977845,169.77999999999997
6d691150-c36a-4fe3-87c9-79c0087c8550,0.199846247800305,169.77999999999997
4a3f4f13-e7db-4ada-9f11-f5e70ba186fa,0.00246373621617585,168.77999999999997
32b9c51b-bbb3-4292-8a02-f12f80154539,0.58715625880465,170.77999999999997
2a6bb040-3137-4a8d-923a-ccc2eb2de435,0.5845649788971,168.77999999999997
9b853fac-61ab-4bdc-bd2c-bcd18d7fe1f7,0.5862584584399,168.77999999999997
9239b573-5472-4fcd-a356-fbcc2a3c90ee,0.0024717063263784,175.77999999999997
98956801-792e-4235-b989-5829ccabb799,0.58808619456115,170.77999999999997
4fce9e1c-d21d-4ddb-abc2-4c260e1bda9a,0.5842712387976,173.77999999999997
9b6538b6-2143-4aca-998a-b7f4c05f8d2a,0.5884905778745,168.77999999999997
839655aa-e5ec-4a5c-8cc3-63d39d198dc9,0.00231244112228075,179.77999999999997
82d01d92-00d4-4339-81e6-7592afb1007e,0.5812438998454,177.77999999999997
94210c67-fe44-4f4d-a8dd-33b48985de6a,0.5900457989554,168.77999999999997
e51320ec-de97-40ad-add7-e55d60e8cccb,0.5836969218494,170.78
1ff3ecc5-2d57-43a5-9756-460f54151936,0.00246373621617585,168.77999999999997
b04af576-33e0-4a9a-ace8-8427795d0ed6,0.58468792123905,175.77999999999997
46d9b49b-9401-4953-baf7-5e377487b9a0,0.5845779490149,172.77999999999997
b00e8b48-337d-4a6f-ab2b-dcea9b7082a3,0.002588062413847,170.77999999999997
2e29b898-41fc-4641-927e-e450f9eede14,0.00246373621617585,168.77999999999997
9d78f760-b63d-4416-9f65-aa080bd02f79,0.58606213107795,169.77999999999997
d0f5816f-087b-4e9c-8e2a-03019ee3544a,0.58283609629875,172.77999999999997
4297321e-ff83-411a-ac46-012d524d785d,0.58419934802785,169.77999999999997
b495b0ab-479b-4114-a146-42a480426b8a,0.0024925528831703,173.77999999999997
9e562af8-af06-4441-b86d-7eb01dd6bcc6,0.58856393349455,171.77999999999997
98ad3496-1b93-4876-9646-15a0cfca7d94,0.00263427001309925,174.77999999999997
c84d6dae-9dc7-4e77-9a64-e8ab3e4cd85e,0.5847622121212,172.77999999999997
6ea14a69-dfbf-4ff5-90f0-245489a50b92,0.0024925528831703,173.77999999999997
2d2c6a3a-c1f6-4a03-9d28-0f760fcdcd62,0.58540093222685,173.77999999999997
adc423b9-556d-47ee-a565-4ef87e6dac35,0.5835163371917,179.77999999999997
c112802d-1fd5-4032-80e1-3a839a3602fd,0.5827987048407,167.78
55ce5a93-3a31-4d73-a74e-b407e7cf2a3e,0.00255213510764755,165.77999999999997
7d798f33-32d3-4292-86f1-ba25d3f01e02,0.0024992353463644,170.77999999999997
ddaed7de-1885-497f-a192-fa1d58ff9c51,0.5874616212541,165.77999999999997
87c5ea2d-ec5a-4dcb-9db9-1c0b21a5e8bb,0.002608209925164,164.77999999999997
cfbabd70-28e1-4d99-8c2d-072b1b6543f5,0.0024017975909524,162.77999999999997
35e5ce8d-2b06-400c-a19f-44735ebd6e38,0.58537478968815,166.77999999999997
2c22f396-6456-4758-9a9d-c95a7a90ef35,0.58295802018885,159.77999999999997
e1aa118b-3c79-43ee-8ade-327dd8c4c62b,0.5859424711739,166.77999999999997
8d3584d8-c486-418c-ac2a-d13db3b3dd98,0.0024992353463644,170.77999999999997
73899507-4541-45e3-a52e-fb334b8a1930,0.58679665005145,158.77999999999997
9fd5f42e-c7f5-484d-898b-8fc5d284feb8,0.0025343912477612,177.77999999999997
0921ef9c-e467-4a0f-9753-f1fd17223c3a,0.5865395112047,168.77999999999997
62952170-b87a-4f08-b10f-7013d2431b18,0.0024992353463644,170.77999999999997
7b2ecda4-f573-48b5-a5c5-de7e9b6ac2c0,0.58421105940665,178.77999999999997
f956cf64-886b-44f6-b2de-d89760815bca,0.5824371883759,173.77999999999997
da6e0896-e614-41fe-be40-05fb60e76193,0.58353550447515,157.78
3075c5b9-09b4-4576-9d56-024b2e369bfa,0.0024017975909524,162.77999999999997
611b3422-8f3c-459a-816a-ee4e74a65cc6,0.0024992353463644,170.77999999999997
eab2f910-4ad3-4462-abbd-020201fefffd,0.0024992353463644,170.77999999999997
29e09e17-360d-4143-9a58-690408525d27,0.002608209925164,164.77999999999997
7ebc2d65-6ebb-4fb3-8e3f-468b2b3c717d,0.0024017975909524,162.77999999999997
2ae36f28-e023-4e68-962f-e37e38664bfd,0.58606213107795,169.77999999999997
8cf6dcca-236a-4d1f-9073-f391e59f0a26,0.5827652789567,167.77999999999997
af577108-29cf-4fea-9064-000f68474a3f,0.0024925528831703,173.77999999999997
3d9d09eb-491c-4c66-a4d3-4ddf04988abc,0.0024992353463644,170.77999999999997
55f9e2e7-da41-4120-9ccb-cd24eb4f532a,0.58750621004195,166.77999999999997
1d625151-ca3b-4f64-b27a-85150b05ff64,0.00257238104925,169.77999999999997
a48867f3-3439-4586-853d-b76f00e0150a,0.5831704680454,165.77999999999997
25f8aaee-0706-4e31-beee-888425745cac,0.0025712756024368,167.77999999999997
2f439cde-6f01-4ef1-a3cb-b3d2bcce2e06,0.583624351658,172.77999999999997
47eb12c1-43ce-4004-9f82-d4a9d537ebf2,0.58616774325325,167.77999999999997
43c1a972-93c4-4067-9e4e-2b139d8cc1b1,0.58508200900165,163.77999999999997
a5cb38af-87e0-4f72-95e2-a762e0cba24e,0.0024017975909524,162.77999999999997
3a6edb75-3dad-4307-a85d-28019e6cce08,0.0024017975909524,162.77999999999997
85b0562f-c17f-4b0e-a848-48b15f80bde6,0.0025712756024368,167.77999999999997
5c1c4d8a-f150-47e5-a6b0-fe810f1bd91a,0.0025712756024368,167.77999999999997
43bca698-ed7b-4d0f-8288-174a591427bc,0.0024017975909524,162.77999999999997
24ca2017-1a87-4376-8865-9eafde3fd592,0.58537478968815,166.77999999999997
c0875691-a9bf-4665-a648-a655df148f9e,0.58312763050505,162.77999999999997
2ebf3869-6763-45bf-b0b7-083fd317dd27,0.0026098680183305,159.77999999999997
8824f265-8e6c-4cfb-8e7c-9bdc17f48af9,0.0025712756024368,167.77999999999997
f4705ff2-1914-475e-a2f7-b6edaf4e2a2a,0.5871547210243,169.77999999999997
6068ce66-41cc-45fa-bad5-0ba1241f7f2c,0.0025712756024368,167.77999999999997
17700079-25e2-4519-8a8d-84e77fb733a8,0.58606213107795,169.77999999999997
5147c477-57bd-4e14-a445-bf7e40dc61e5,0.0025712756024368,167.77999999999997
40089220-06b8-425f-9cc7-68487f83fbb1,0.5832886830345,171.77999999999997
26af967e-75e1-4a9f-a589-2e0c9974d4dd,0.5828487922078,171.77999999999997
10c37e98-23bb-42c2-b750-0fd8dcd7839d,0.58369850593085,160.77999999999997
5b1f7061-4fa4-45e5-bcd6-b8d315b33bb3,0.0024017975909524,162.77999999999997
0574233a-d522-4d1e-be24-f492cc57fe12,0.0024017975909524,162.77999999999997
54e656f9-2309-4adc-8c9d-f85aa81d1960,0.0025712756024368,167.77999999999997
4af81f36-457b-4b2f-9c73-bd54542c1f89,0.0025712756024368,167.77999999999997
9e3d74f7-2a8d-48af-a9ad-45f149b32b48,0.0024017975909524,162.77999999999997
c57cc320-4994-4fcb-b6de-bf8089a2e416,0.0025712756024368,167.77999999999997
2cca2dbe-68a3-48a4-a755-7077cf8049ff,0.5848209558743,165.77999999999997
09785c9e-ef79-46cf-92f0-5227cb6d7308,0.0026098680183305,159.77999999999997
7cfe7075-7074-4bbb-a9db-6db0c7ff6aac,0.0025712756024368,167.77999999999997
c9f53ce4-00d2-49b9-a3c7-343da063561b,0.58750621004195,166.77999999999997
cb3152c6-abe2-4944-9508-1912a8eafea4,0.0025712756024368,167.77999999999997
dbcb21dc-7095-40ab-9424-63137ccd2f62,0.0024992353463644,170.77999999999997
e9baff19-091b-4032-b59d-fedde38f87f3,0.0024017975909524,162.77999999999997
5eb5f59d-d863-4e7d-a8e6-aaf29a3440b6,0.58421105940665,178.77999999999997
9df9ed99-822e-4203-89af-cf2bee4566a4,0.58454309639275,173.77999999999997
0b3a41ea-c6f2-47e7-8171-ef1a3ecfd074,0.58369850593085,160.77999999999997
c9e2c953-f305-46e5-a9b6-12c3f231e7f8,0.0024017975909524,162.77999999999997
f00d183c-ba34-40be-8576-bae9e1a6dea9,0.0026098680183305,159.77999999999997
f6f70ba7-e7b2-4c80-b817-412168d9449e,0.0025712756024368,167.77999999999997
ec064df3-fcb2-4947-8c08-088626b98d7a,0.0025712756024368,167.77999999999997
cbe01493-c972-43cf-8173-a7bba9e665a0,0.0024017975909524,162.77999999999997
bb4c66b6-685f-485d-b062-3e117502f906,0.0025712756024368,167.77999999999997
1f2fa3fc-46c4-4daa-bae7-3a141cf96e4a,0.58312763050505,162.77999999999997
e495802d-31a9-41e0-adc2-566354a1e4b1,0.0026098680183305,159.77999999999997
bdc18905-8efd-45fb-bc51-1913d10c9b61,0.0025712756024368,167.77999999999997
933727d8-2622-4fcd-a456-74ba252fad43,0.58750621004195,166.77999999999997
a2e0c64c-76f7-4310-92d3-2010417dae45,0.0024017975909524,162.77999999999997
3a8d5e1a-00b3-4e63-ba86-82d2d19457af,0.0024992353463644,170.77999999999997
07b9113c-2ca5-4427-9dc7-7cd229deb2e0,0.0024017975909524,162.77999999999997
05128f8c-0b38-4e0e-9564-6c17e70fda0b,0.5809742092097,170.77999999999997
e70919be-39a9-4b03-bd1d-98a6cd6c8196,0.5842024276483,168.77999999999997
a79b47e9-0e74-449c-998b-437e35d139dd,0.5827617940246,163.77999999999997
406b729f-0930-4c33-b7ab-3074596441cd,0.0024017975909524,162.77999999999997
bc87f38a-ee70-4f4a-bed5-93342d978fb1,0.0026098680183305,159.77999999999997
74ba586a-1049-4f62-8b6d-64610ff4a86c,0.0024017975909524,162.77999999999997
b7f610ef-4365-4f8e-9901-6782588aca37,0.0025712756024368,167.77999999999997
40cd4304-0d16-494f-9fc7-7aa34bebcfcc,0.0024017975909524,162.77999999999997
bb83d2fb-beed-4641-a2ec-02a7907d5a2e,0.0024017975909524,162.77999999999997
5365bd50-7932-4592-a823-a5a0264af201,0.5825663414875,163.77999999999997
1fc1e21c-20f8-4a6a-a2f1-3d5e092eb843,0.0026098680183305,159.77999999999997
bf40bb35-108b-4f50-be38-7d307a3bc47f,0.0024017975909524,162.77999999999997
6740069f-b29a-4415-a493-48558269db0c,0.58750621004195,166.77999999999997
2f2fc1aa-b946-4ff5-bdbd-71e7e60c224f,0.0024017975909524,162.77999999999997
29f7c93a-d63e-44bb-bfe6-c95c43509888,0.00255213510764755,165.77999999999997
571a99ba-dd7c-425a-81fd-e1c0ace6c034,0.0024017975909524,162.77999999999997
e15d6cac-2ce2-44a8-9b47-71fae7ef398a,0.5887139213824,174.77999999999997
b1f20b8d-9832-46cd-89ec-c04992b8041c,0.58547510519725,170.77999999999997
e9701de7-d25f-4841-b886-9cd22ab62358,0.58369850593085,160.77999999999997
f8dfee59-10d0-4508-a6a2-df4ff71bee3b,0.0026098680183305,159.77999999999997
f94a51d0-f423-4010-9705-c1f384aaec99,0.0026098680183305,159.77999999999997
bca258ae-9e5c-4819-8de3-e9f7fbd9ce3f,0.0024017975909524,162.77999999999997
177176a6-b4a2-42ae-a70c-7e6306d1106c,0.002608209925164,164.77999999999997
ada3148d-142d-4764-8c60-8c653f60486c,0.0024017975909524,162.77999999999997
0f531889-e8c4-4e7c-9a2e-e76d6d7a0b58,0.0024017975909524,162.77999999999997
a74cea88-cdeb-4a00-b4d4-e5e020f790f4,0.58395780790285,166.77999999999997
41deab22-c004-4dd4-b6ba-2bbdf2f2bb05,0.0026098680183305,159.77999999999997
21a2f590-e577-4891-8e9e-fe888bd73d6d,0.0024017975909524,162.77999999999997
8e3e4ea0-92e9-49b3-a586-c096484e192a,0.58750621004195,166.77999999999997
4718823a-9ad3-45f4-8c24-9c53854d78d5,0.0024017975909524,162.77999999999997
a076d46d-e092-42ee-b98d-7ef2e4259a2e,0.00255213510764755,165.77999999999997
0529548f-df81-4bb8-b9d9-3f80428fb457,0.0026098680183305,159.77999999999997
0e57c58f-a255-4b61-8f39-17b5701c81de,0.5887139213824,174.77999999999997
eea336ec-9ba7-4618-9d4c-6010331e3980,0.5836916909771,178.77999999999997
7b0de7dd-3bfb-4098-ba90-8d1a3e7941cf,0.5827617940246,163.77999999999997
6bcbe84e-a85a-4189-b499-a8c8f8d1e3d1,0.0026098680183305,159.77999999999997
b713b254-38ec-4233-b2d5-69c0b578cc1d,0.0026098680183305,159.77999999999997
45ef8036-1d04-4ab0-9a65-5e147548d97d,0.0026098680183305,159.77999999999997
6043784e-f53d-45fc-a81b-9fade2faabb9,0.0025712756024368,167.77999999999997
f807163e-e1f3-4514-9597-9a73dab6417a,0.0026098680183305,159.77999999999997
23b30efc-f0a4-4311-abe8-6848fee460ce,0.0024017975909524,162.77999999999997
fd29c636-ff6b-47a1-9cac-d7ea69854e4a,0.58316675807015,163.77999999999997
e1a607e4-ab5c-4f79-9dd9-171f3c4117a4,0.0026098680183305,159.77999999999997
99be4fc3-c285-4b61-be82-f26f6b31cc3d,0.0026098680183305,159.77999999999997
eb4fd65f-fad2-4538-9673-bea5531cbb48,0.58709624673485,163.77999999999997
aa2f6225-ac1a-4213-964d-eb7ac93fb000,0.0024017975909524,162.77999999999997
d338728d-fe40-4d4c-8294-a0be22ed8310,0.0024017975909524,162.77999999999997
937b1cbc-9050-40b8-826c-d0bfabf3058b,0.0026098680183305,159.77999999999997
8cd7e5b3-96bf-4059-b56b-4fc5fbd41921,0.5887139213824,174.77999999999997
fbd2036e-13d8-44cc-8fb2-71177c37d0f6,0.5886541376876,171.77999999999997
e9b50885-2d4e-4408-9dcf-2eae601f4692,0.58369850593085,160.77999999999997
8fc3b8bd-46f7-4967-8243-f78ae5438e21,0.0026098680183305,159.77999999999997
4eea856c-6a60-4c1e-9e78-bb7064d181a3,0.0026098680183305,159.77999999999997
cbbc3727-8c06-40e8-8280-3c20e01c7e71,0.0026098680183305,159.77999999999997
62396da2-793a-4628-8983-18096e92dced,0.0024017975909524,162.77999999999997
41adbfec-f413-4a8f-aee8-35b7185e0e3a,0.0026098680183305,159.77999999999997
4f8dc144-40bf-465c-a64f-938abb0a80cc,0.0026098680183305,159.77999999999997
0c6f0ce5-e633-4960-ac53-0638acdf2933,0.58316675807015,163.77999999999997
b6e3af25-4034-4abf-94c8-3b5573afd5ad,0.0026098680183305,159.77999999999997
67ee5630-94cb-4304-876c-9b149b0843b6,0.0026098680183305,159.77999999999997
dd5e1791-88ea-44b5-999e-9afe9fa73f82,0.58750621004195,166.77999999999997
0db47f96-173f-4714-91d0-c54c33e0d310,0.0024017975909524,162.77999999999997
6bf6371b-2f06-47ab-b527-6964bbdc9fe3,0.0024017975909524,162.77999999999997
b2e1ee1b-7447-4ab1-92ee-3ef7a03c81c4,0.0026098680183305,159.77999999999997
939fe4d0-964e-4be8-a080-7c990bb854c8,0.5887139213824,174.77999999999997
fd775bdf-7e24-4004-a3d7-34fd1f07edb2,0.5846750342752,170.77999999999997
e8ea80b8-74c9-4a3e-b36c-97695b7aa346,0.58369850593085,160.77999999999997
bd40a452-4879-4153-9edd-1df88b7aed54,0.0026098680183305,159.77999999999997
2292dd7f-71b0-4c6d-8f83-40bbd0d30a92,0.0026098680183305,159.77999999999997
3bc2e458-e709-40be-b4f5-8b44af7c4e63,0.0026098680183305,159.77999999999997
fa7e5686-2b3e-4a0f-9ce0-f6d28d44eb32,0.0024017975909524,162.77999999999997
c6f301db-d37b-4867-bb5c-ef0c5ce3a996,0.0026098680183305,159.77999999999997
7bab7378-c1ef-4c6f-b52d-0395fa8066c9,0.0026098680183305,159.77999999999997
f767105e-db93-43f6-b805-7c8bc2c65fd4,0.58312763050505,162.77999999999997
d8a91df6-ee3a-43bb-acd2-6913d84736b4,0.0026098680183305,159.77999999999997
13154656-b166-4ca1-93d1-7a43b0e16722,0.0026098680183305,159.77999999999997
aa9585d8-f170-485b-a6a1-3f63441a27a6,0.58750621004195,166.77999999999997
c68d36eb-8c8f-440c-a83e-ed774eeb720b,0.0024017975909524,162.77999999999997
5c357880-bdfa-493d-87f0-b28a100ec0c5,0.0024017975909524,162.77999999999997
d8164dfc-8390-400b-b472-5a7ead2b84d1,0.0026098680183305,159.77999999999997
9fa57061-e34b-4444-8cf0-9896b2f511f0,0.5887139213824,174.77999999999997
a9cc4a13-7442-4c09-bfbc-b9a64f2a7d05,0.5854767279862,175.77999999999997
9357f674-9559-4298-b141-d684cfba0940,0.58508200900165,163.77999999999997
239b4541-119b-41d5-b66d-6aaf75446a64,0.0026098680183305,159.77999999999997
4794743a-ea22-47a4-840b-6cb555afe348,0.0026098680183305,159.77999999999997
6c0f43a8-2760-4299-bb30-dc4df3914df1,0.0026098680183305,159.77999999999997
c0b15219-cdbe-46f9-9a0d-babc60401029,0.0024017975909524,162.77999999999997
bbc82d35-093c-4cc3-bd33-69feda88aed9,0.0026098680183305,159.77999999999997
9b13b9e5-2f11-4d4b-b30d-d750443fd9d7,0.0026098680183305,159.77999999999997
2e35c187-5c2c-4f6c-be90-b34fb4c79838,0.5848209558743,165.77999999999997
6934a5f6-c43a-4a0f-8686-42b3d48ec957,0.0026098680183305,159.77999999999997
c8dda92a-73cd-4093-9cb4-b1b2b7d0dccc,0.0026098680183305,159.77999999999997
49d65f8c-e57b-4d90-a2b5-967e7bc1784b,0.5871547210243,169.77999999999997
9f55caef-27c4-4aca-8968-2bab57cf4b02,0.0024017975909524,162.77999999999997
690944ce-707e-4595-abeb-3e7f498a2901,0.0024017975909524,162.77999999999997
9e0440b9-c10d-4e51-b6ee-55d722da0a61,0.0026098680183305,159.77999999999997
1db60275-bf12-4164-bdc5-9ea6e16264c8,0.5887139213824,174.77999999999997
05296188-ec1a-489f-89ce-7924f5aff19b,0.5886541376876,171.77999999999997
9566a91a-a688-44ed-9e7d-e98e9d49c601,0.00265484028405595,161.77999999999997
2f368ee7-64a8-42a5-8e76-6c66b3f9ec53,0.0026098680183305,159.77999999999997
6db7b609-e77b-4433-a0ad-ac3e1e97caa4,0.0026098680183305,159.77999999999997
ee5a1aa1-26a8-4a22-b20d-342c085358dd,0.0026098680183305,159.77999999999997
372238b8-62ab-4c6b-aa56-63ea08dfce14,0.0024017975909524,162.77999999999997
d9fd43f7-f4b7-4ded-826a-7d748bf0dceb,0.0026098680183305,159.77999999999997
69f723f1-b15b-48bf-9390-c16b8a9b7bde,0.0026098680183305,159.77999999999997
93899f1f-f0a1-4102-9d30-3431c0ea3b99,0.58312763050505,162.77999999999997
5817db0c-a4cb-4199-9967-063ba4a3f566,0.0026098680183305,159.77999999999997
2f97bcd8-980a-47dd-a9cf-676cd587f929,0.0026098680183305,159.77999999999997
591a2d90-9c5e-4b61-9a4b-73fd918f8293,0.58750621004195,166.77999999999997
f1c36ffd-47d5-42e0-8686-b54545829d93,0.0024017975909524,162.77999999999997
9dba9f76-8e51-4133-914a-31eeadc687c5,0.0024017975909524,162.77999999999997
39f6a5c8-df83-4452-bfce-1a6a42a443f8,0.0026098680183305,159.77999999999997
a41fea75-eebe-4e3d-bda8-e13762aea0cc,0.5887139213824,174.77999999999997
45c84475-aa80-410a-b03e-56c86f30c8cf,0.5886541376876,171.77999999999997
545b6a91-ca65-4fa5-81df-92f52c667952,0.00269996716508495,156.77999999999997
43f0291d-4eb1-4ed4-a094-c1ed5cade76d,0.0026098680183305,159.77999999999997
c24d181e-5ad1-4ea0-a7a0-4970d165b787,0.0026098680183305,159.77999999999997
096d54ad-8dbc-45d4-b56f-2497ced328d7,0.0026098680183305,159.77999999999997
0154f2c5-d68c-48cc-80af-ec241e2f46bb,0.0024017975909524,162.77999999999997
40abe733-8aa0-4425-b0e2-5e4b8fe4d802,0.0026098680183305,159.77999999999997
5a648739-6ff9-45a8-9eaf-a76c4c951065,0.0026098680183305,159.77999999999997
aaaa982b-1ecc-42e6-b6db-8fe0e8084fd6,0.58316675807015,163.77999999999997
d3f16941-63e3-40ab-a02e-9bf6f8edde15,0.0026098680183305,159.77999999999997
2cca4065-7103-4032-bdf3-0b535dbc266c,0.0026098680183305,159.77999999999997
4188916e-b717-4f3c-a2c9-e019a97d9fc3,0.5880849396224,165.77999999999997
eb2aa72a-359c-4351-915b-1ba2244a7701,0.0024017975909524,162.77999999999997
8974178a-caa3-4e46-a245-8dac6b4ec097,0.0024017975909524,162.77999999999997
b0d0200f-815b-4c7a-85bc-25fbc849c054,0.0024017975909524,162.77999999999997
e0a5e6a2-66a7-432f-b818-5fa3a407f7a4,0.5880418031622,171.77999999999997
17ccc9c6-c92a-4e63-ae17-0643bf677dc1,0.5850246531531,164.77999999999997
5dee3583-7636-4378-ae0b-b8ca6e65c0e5,0.00269996716508495,156.77999999999997
96a40dac-6881-45ec-8478-b85013c8fa99,0.0024017975909524,162.77999999999997
06a96bc6-0765-45b0-baea-d1cd84d018f0,0.0024017975909524,162.77999999999997
40ce80d3-20a3-41d2-9f5f-1a262b59d913,0.0024017975909524,162.77999999999997
82366185-9a5c-4d80-8993-1928557a8e03,0.0024017975909524,162.77999999999997
d249c4a1-03ea-4135-b719-da52c7465b8d,0.0024017975909524,162.77999999999997
0ca0c2b2-1440-49c9-b259-e94af356dc07,0.0024017975909524,162.77999999999997
2764b918-e17c-43a8-a096-576f3fa8587e,0.58148726164015,163.77999999999997
e21557ee-c205-4ca7-a569-6aa54b9a83f0,0.0024017975909524,162.77999999999997
60018182-96c3-43f0-a165-eeb7f7ddbd66,0.0024017975909524,162.77999999999997
39c6029b-0bed-4652-a2c1-57ce75e69d09,0.58866100800515,163.77999999999997
a6381f41-d4bd-4842-8cb2-4c3da59a27c5,0.0024017975909524,162.77999999999997
af859c35-740b-4638-894a-84d71a0791cb,0.00269996716508495,156.77999999999997
d5d7a039-d8d5-4952-827d-b067a44cb6e3,0.0024017975909524,162.77999999999997
98e032dc-5d95-4ef0-8e43-e1a8e3be7fe3,0.58264879025905,167.77999999999997
f1724177-91e5-478a-bee3-c436297fab4f,0.58805885610555,170.77999999999997
45a3e0a7-a5ca-43e0-a677-37ceb139ea0a,0.00269996716508495,156.77999999999997
2fe4793d-282f-427e-b3b0-1b64ef4ddc06,0.0024017975909524,162.77999999999997
010930fb-9f80-43c6-a3f1-d73ae1a42614,0.0024017975909524,162.77999999999997
2c993684-b33d-48d1-b62c-cce48f6af6b3,0.0024017975909524,162.77999999999997
5b127560-ede8-4606-8953-d8d5695552ac,0.00265534565195,159.77999999999997
7073cf79-f6e0-43c4-9c00-70d05e4da399,0.0024017975909524,162.77999999999997
11d72dd6-4f80-4685-9e75-a394e345a24b,0.0024017975909524,162.77999999999997
d07bc7f1-d929-4e74-ba41-a6296a3d0bfd,0.5825177063942,163.77999999999997
d7842684-59ff-49e3-a5f0-e101d8b05392,0.0024017975909524,162.77999999999997
c85b31a8-55d0-488b-8463-3d704f6c0331,0.0026098680183305,159.77999999999997
8bb54f8a-83eb-4f75-8582-2bf338c6847d,0.587807988665,160.77999999999997
dc4bbc89-038f-4e30-9817-98416eb52103,0.0024017975909524,162.77999999999997
0e3abccd-5643-4f8a-85f3-52d6b17a7874,0.00269996716508495,156.77999999999997
a5a8870a-1df3-4cab-a282-9f84e5c5c590,0.0024017975909524,162.77999999999997
051d973a-b7ca-41e0-abb6-7a3d4be8a5ae,0.58664693319275,166.77999999999997
42a0e038-22e6-48ea-822e-95fa395835dc,0.5854509758465,171.77999999999997
8704708b-d4eb-4f00-97d0-3c1f28e56c16,0.00269996716508495,156.77999999999997
ae23d28f-70c1-4394-bc21-34959f4caff2,0.0024017975909524,162.77999999999997
535b6af2-07ab-4726-aae0-49e3c5cd3654,0.0024017975909524,162.77999999999997
8bddadd5-20c1-4550-ad8b-756858e877fb,0.0026098680183305,159.77999999999997
7f89b95d-255e-4c9a-b115-7a09ca8614bf,0.00269996716508495,156.77999999999997
6adc4cb1-5613-4a92-85a5-8a4d4e998aea,0.0026098680183305,159.77999999999997
ba0a284e-ee46-4f45-9da1-b151668ff2f3,0.0026098680183305,159.77999999999997
d265bce6-2b12-4a37-9ac5-7767eec72f4c,0.5848209558743,165.77999999999997
4db5326c-3297-4bb6-b3e5-3c5e41fc98a4,0.0024017975909524,162.77999999999997
48405f5a-03ed-45ee-902a-eb750c1e6a79,0.0024017975909524,162.77999999999997
e8c3bfd8-7660-4e68-8459-69246a2df0ba,0.5873173935035,163.77999999999997
0603de06-dd79-4406-8293-aec0016f0f5e,0.0026098680183305,159.77999999999997
63d3f932-576a-4327-aef2-eccff7cbdaa8,0.00269996716508495,156.77999999999997
c48c622b-e099-40dc-9a6a-7cc5e22d34c3,0.0024017975909524,162.77999999999997
b413807d-a10c-4fb4-b30a-8778d26d53bc,0.58664693319275,166.77999999999997
a9269651-e069-472d-ae1a-1a5ddf9a8b64,0.58762371154105,175.77999999999997
2a840779-5094-4335-93c8-8c8da7d8a6de,0.00269996716508495,156.77999999999997
fd07900f-8bd8-45a8-a36d-093e7087414b,0.0024017975909524,162.77999999999997
9915705b-563e-4aa0-94e9-c8677f8b18c9,0.0024017975909524,162.77999999999997
6fc29bdb-8fb0-4ea6-9e1d-14f0f643c864,0.0024017975909524,162.77999999999997
8ce9aa17-5068-48a0-bac0-5fc53e6602e8,0.00269996716508495,156.77999999999997
8fda4a16-fe49-44a7-910e-38573bcc02e5,0.0024017975909524,162.77999999999997
164a92be-cc8d-4393-ac42-208aad067352,0.0024017975909524,162.77999999999997
c31eb2c1-230f-4f4c-aa9e-f492bd5fe73f,0.5815203590197,160.77999999999997
d1088288-2f96-4840-a23b-beb38f0b5e75,0.0026098680183305,159.77999999999997
6b5fe189-d215-4f25-bfe1-b45cb84d95b7,0.0024017975909524,162.77999999999997
9c275f8d-6c75-4084-9749-72b2a92267da,0.5873173935035,163.77999999999997
32e13c4e-9e64-4c1e-8f5b-6c3543cf84bb,0.0026098680183305,159.77999999999997
f55cc8bc-3c4c-443c-af0b-a556c1da5daa,0.00269996716508495,156.77999999999997
062da0ab-843d-4ca6-9e3e-8f506cb63dd0,0.0026098680183305,159.77999999999997
bdb25915-bce6-4cf2-a491-31199591e0e7,0.5872636340808,161.77999999999997
d51b8f25-3339-42c6-80a9-4bee5bf73060,0.5874749480568,172.77999999999997
4f32c553-ca43-41b1-a27f-d5d86b457463,0.00269996716508495,156.77999999999997
ce2319a2-1227-4c1b-9fbf-215f8df77ffd,0.0024017975909524,162.77999999999997
3eb4166f-75ce-494a-9e37-fd4ea48a360f,0.0024017975909524,162.77999999999997
5522a335-fae0-42d6-b272-7fb852e9d91b,0.0024017975909524,162.77999999999997
eddf38ce-29e1-4d99-8619-a4d66d28a1b1,0.00269996716508495,156.77999999999997
2a56799f-a64e-44fe-9fd7-e3469406c236,0.0024017975909524,162.77999999999997
1f82ecb8-b648-4079-8a2c-adafb57b891f,0.0024017975909524,162.77999999999997
e7bfc6b9-aa33-4d8e-a988-c14c141c2da7,0.58408450792645,157.77999999999997
ff271d55-5eef-4621-be4c-2970cd34a235,0.0024017975909524,162.77999999999997
271697d3-9adb-4779-9884-4476dd5923b6,0.0024017975909524,162.77999999999997
48442723-9a60-4634-8514-9e78e35392d3,0.5873173935035,163.77999999999997
00e2592a-0173-4cb0-85f4-023c0bdbc0af,0.0026098680183305,159.77999999999997
6b937251-2864-4de4-8200-e3774e36d702,0.00269996716508495,156.77999999999997
69428eb9-f8ad-4a54-b417-390bf97b4ec2,0.0024017975909524,162.77999999999997
13be36f5-e748-45bd-abda-a9492b2c6a6b,0.00265067674224785,162.77999999999997
f1da7436-f4ea-4f91-9d57-2e5d8e26c1ab,0.5881565193752,166.77999999999997
cca07448-08f7-494a-9a8c-00dc27b3ca7e,0.00269996716508495,156.77999999999997
2848e65a-c158-4292-bfd3-78f87a1dbf77,0.0024017975909524,162.77999999999997
9352c8b6-b8c7-497b-b315-09540e88af7e,0.0024017975909524,162.77999999999997
11f1514d-3f44-4b6f-83b3-5f7fbc99864c,0.0024017975909524,162.77999999999997
10925615-f68f-47c4-94c2-7cd9d949e7a6,0.00269996716508495,156.77999999999997
cd65ff13-a57b-4910-ac66-da6066fd3daf,0.0024017975909524,162.77999999999997
4f107d79-b4fb-4738-9eed-5a9e5c8751b9,0.0024017975909524,162.77999999999997
91fb7e9e-db7a-43ce-8f1d-fe2da5cc4b1d,0.58495056057775,157.77999999999997
f5ec3912-3fbc-407d-ae7e-feab0c08313e,0.0024017975909524,162.77999999999997
5c582fec-2b6e-401c-8321-fa5b4c84fc78,0.0024017975909524,162.77999999999997
bf5f271e-927b-46ae-bba2-dc60a8ca3e7b,0.5873173935035,163.77999999999997
47cd04c6-b3a5-42ae-b7d3-4f79ef2788c1,0.00269996716508495,156.77999999999997
db3d9427-f3ca-46b7-a398-b28ab5347681,0.00269996716508495,156.77999999999997
432c3614-efa2-4af3-8db5-603dde7c0df6,0.0024017975909524,162.77999999999997
9288bbe4-bb88-452e-9f83-873a771538e1,0.00265067674224785,162.77999999999997
46a6b184-1f89-4eb7-894c-4a358ffad381,0.5847503227592,164.77999999999997
2d7410e0-07cd-46c0-8a56-c0720cdfefbb,0.00269996716508495,156.77999999999997
e543dc4e-ca46-4a37-a5a7-ee244c3f14c2,0.0024017975909524,162.77999999999997
e480d342-f2d9-4271-aa11-89d9887816b9,0.0026098680183305,159.77999999999997
9fc3186b-8a5c-4742-b608-7795c3f03224,0.0024017975909524,162.77999999999997
a522f000-e4a2-4c6f-b135-ac18afb40724,0.00269996716508495,156.77999999999997
28691627-e7a9-4102-a72b-55f3f992dd4a,0.0024017975909524,162.77999999999997
a1fb1bef-bde5-4441-8b36-db2bac00f72c,0.0024017975909524,162.77999999999997
0ffbd94d-faca-4411-bd55-195779a8d23e,0.58392192014525,158.77999999999997
19786a5f-39e2-476e-a127-4f61c8608312,0.0024017975909524,162.77999999999997
1c960e16-c307-4b5f-a71d-0e75f5631a78,0.0024017975909524,162.77999999999997
77ff46b1-3137-411e-84e2-73be0fd53ee5,0.5873173935035,163.77999999999997
8d4adae5-8f3d-488b-9933-b52dccdd6b0a,0.00269996716508495,156.77999999999997
01e12300-ebb3-4bbd-8831-de9fddd272d5,0.00269996716508495,156.77999999999997
e6498b4e-f7b8-47af-aec2-0e4d6e751e9e,0.0026098680183305,159.77999999999997
157a2860-0370-4ad8-99a4-0f4e61561140,0.00265534565195,159.77999999999997
3cbb508a-e222-4648-9aee-1e11387b729a,0.58608222692455,163.77999999999997
b83afec3-e2cc-4dce-bdaf-89c328910e09,0.00269996716508495,156.77999999999997
31a4de27-cd77-4925-bb11-43c5ce23fe8f,0.0026098680183305,159.77999999999997
1cb29ef0-219d-42cf-8ff9-a3781f39fb79,0.0024017975909524,162.77999999999997
6f191106-b28e-4a54-9866-acfbbc6437f0,0.0024017975909524,162.77999999999997
2456d29c-e737-4f79-9fa8-1772843e371a,0.00269996716508495,156.77999999999997
9d271723-f635-4a13-8228-07c5ea2e7b94,0.0024017975909524,162.77999999999997
6b96bd29-2ca6-4cdb-bb14-ed411e1a6c72,0.0024017975909524,162.77999999999997
2d92d32b-2028-4997-b7a5-e9029b7640b4,0.00240179644809525,162.77999999999997
b357ca5c-2084-4d28-9dcc-4169b0c30c9a,0.0024017975909524,162.77999999999997
07dcf7c6-bbb8-40a4-9c6c-a99096bf46bf,0.0024017975909524,162.77999999999997
87c6b060-f1e4-4d68-97de-d807a6d61b0c,0.587807988665,160.77999999999997
1a989d3b-a5d5-492a-9117-a301087c0dd8,0.00269996716508495,156.77999999999997
fae54f62-3635-4fbe-b1c0-7ee0462b0ae5,0.00269996716508495,156.77999999999997
6f96d2cc-6cca-4e70-897d-0da7c95d68eb,0.0024017975909524,162.77999999999997
8a0b9f55-0ccf-41b7-8a5c-197de1e3c8d3,0.00269996716508495,156.77999999999997
902c0aa5-fd10-40c4-9cbc-943a5317b96f,0.5886993063624,155.77999999999997
4c4fc44c-7f84-465e-9c36-52980d822f4f,0.00269996716508495,156.77999999999997
eb3f1a74-02d8-4942-8a09-304a2d7d5d31,0.0024017975909524,162.77999999999997
a3dbfc6b-ebbd-467e-b0c3-bffad3677c04,0.0024017975909524,162.77999999999997
b7f9b298-1440-435f-8093-210ca0b99721,0.0024017975909524,162.77999999999997
6fce4a9b-b93b-45b7-b5de-207bf27a4b6f,0.00269996716508495,156.77999999999997
2f042f59-73e2-47c8-ada7-0dc271f95217,0.0024017975909524,162.77999999999997
744d87c2-2356-47ce-8dd1-8a4e1110c30d,0.0024017975909524,162.77999999999997
676f19a2-4c32-4976-924d-3b2c3510c351,0.0026098680183305,159.77999999999997
8ebb990c-1a43-4730-922a-efb03be9002b,0.0024017975909524,162.77999999999997
c2586cb7-fdb8-40a6-82b7-fe67b75d57e8,0.0024017975909524,162.77999999999997
e5646d85-1502-4622-852e-394dcdbfbd77,0.587807988665,160.77999999999997
fbe51cfb-f5f8-4d65-817b-dcea25c2cc5c,0.00269996716508495,156.77999999999997
ed930ef1-f934-476c-97d9-18df91ea6df5,0.00269996716508495,156.77999999999997
93fcb9e2-bf2a-4c21-889d-b4a8b13b7e95,0.0024017975909524,162.77999999999997
2d6e4978-c1b8-4028-af94-e0892f5f004a,0.00269996716508495,156.77999999999997
2dfb21e9-4a28-43a7-8835-2e5fd0effb2b,0.5886993063624,155.77999999999997
b2303b82-ca60-4b86-b4c0-f1d2d1cb0149,0.00269996716508495,156.77999999999997
71e29ba2-93f8-46b3-b0a5-fc846c96a1b0,0.0024017975909524,162.77999999999997
a93e4643-0e77-4238-a77c-930a9d65e010,0.0024017975909524,162.77999999999997
fd62df68-c22c-453a-a86a-4b9445808705,0.0026098680183305,159.77999999999997
8d4c3c50-9378-4f04-afa6-aa84b0bb62e0,0.00269996716508495,156.77999999999997
aca46b2a-1c79-41c8-bcaa-18d082b0935b,0.0024017975909524,162.77999999999997
fc03a8d2-2e1a-4767-9349-f369a537aec7,0.0024017975909524,162.77999999999997
348d0a7e-861d-4258-92e9-b5b40a05ca18,0.0026098680183305,159.77999999999997
8035d9f2-64a0-48ba-9ae8-7443a0c7bdf2,0.0024017975909524,162.77999999999997
39bb7eb6-88e3-496c-b9df-1491bee03f3f,0.0024017975909524,162.77999999999997
c2556549-ea78-4c11-a8fb-b4e5359360bf,0.58899443869315,162.77999999999997
056c7595-3d06-417d-84cf-370d81d08dca,0.00269996716508495,156.77999999999997
8aed4e21-2609-41bb-b6ba-4c4e5aa0d9a1,0.00269996716508495,156.77999999999997
a2b10624-b6e3-4d97-b7fb-c4233fe608e6,0.0026098680183305,159.77999999999997
e0596575-17b1-425c-81dc-4a44c7c08de3,0.00269996716508495,156.77999999999997
e443190b-550f-4677-a50a-9bde1582bd4b,0.5886993063624,155.77999999999997
925ad62e-4e5f-4919-88fc-62555d687574,0.00269996716508495,156.77999999999997
45c95c00-1147-4aa1-853b-b77bfc0615ac,0.0024017975909524,162.77999999999997
6e13d634-2c25-45a0-a5ee-fb326d626dcc,0.0024017975909524,162.77999999999997
84d259a3-cf33-40cd-a120-2a1eca981c40,0.0026098680183305,159.77999999999997
55421d6f-88d9-45fd-b4f4-398ace4eeaa3,0.00269996716508495,156.77999999999997
982a1227-390a-4d57-b4a4-44cf61a610ba,0.0024017975909524,162.77999999999997
716a18d8-f687-4979-a748-674920a5988a,0.0026098680183305,159.77999999999997
73b837ce-2aa8-4da8-bda0-0400fe67a8d2,0.0026098680183305,159.77999999999997
c36260c9-1aee-46b1-9e69-f7c2230ed329,0.0024017975909524,162.77999999999997
0cb610a9-3ec8-447b-b765-99548903c7ae,0.0024017975909524,162.77999999999997
240833a1-f3d6-4a03-9d6c-e42596e2168e,0.5873173935035,163.77999999999997
d02b5a8b-f670-45f3-93e0-01fbc0dd5f63,0.00269996716508495,156.77999999999997
def59f67-44b5-455a-8e66-c5530ddbbaec,0.00269996716508495,156.77999999999997
d52c0aae-1884-45f8-86f7-d7db0cd281af,0.0024017975909524,162.77999999999997
bd7efaf6-3cfa-4b07-bfc7-b5c48331c32c,0.00269996716508495,156.77999999999997
715ea35c-9dd7-4cf3-8796-a7298b7b72fc,0.5886993063624,155.77999999999997
0a85262a-0605-4721-87a3-a853ae34c44b,0.00269996716508495,156.77999999999997
d0322c62-31b3-4e3f-8021-edec25722082,0.0024017975909524,162.77999999999997
419c341d-45b4-4ef9-9c3f-0ccb7c964aef,0.0024017975909524,162.77999999999997
a22a9b12-b7e1-4ec5-b34d-a2cfce86ac29,0.0026098680183305,159.77999999999997
df8f4d4c-6a76-490b-a079-63f224078ed5,0.00269996716508495,156.77999999999997
6e2dda6d-75de-42fd-af09-0039c7df10b3,0.0024017975909524,162.77999999999997
2e6d0161-13fc-4015-bf8b-0bc620ccd10b,0.0024017975909524,162.77999999999997
f2bc7e82-ddf2-4510-935f-1a08f6ca6f27,0.0026098680183305,159.77999999999997
7102258e-73ca-4101-9318-e0eab514d28c,0.0024017975909524,162.77999999999997
fd36a039-3667-4a7f-8420-484b7a602688,0.0024017975909524,162.77999999999997
7942d9fc-0442-400d-a604-006f19c63dcd,0.5873173935035,163.77999999999997
d5c78518-958f-4547-8530-de83c1ef300d,0.00269996716508495,156.77999999999997
4ad240bf-a38f-4b7d-872f-92d5e0a214e7,0.00269996716508495,156.77999999999997
49022691-06a6-4cd3-bf5e-5076b4a44295,0.0024017975909524,162.77999999999997
7926e1f9-54b5-4661-85d6-f2d302c57140,0.00269996716508495,156.77999999999997
37495462-c01c-4230-9d78-8b124bdf5a14,0.5886993063624,155.77999999999997
62db6f58-1d2c-4fbb-9548-ebd9e998954e,0.00269996716508495,156.77999999999997
82d6d87e-63fb-47da-8704-32c89bae9d33,0.0024017975909524,162.77999999999997
4b79c47e-8f8b-474f-b20f-238ebfc963a4,0.0024017975909524,162.77999999999997
49fef7a4-f706-4ede-bae5-4395993edcf4,0.0026098680183305,159.77999999999997
29700917-3fe2-4057-9917-79489dc752be,0.00269996716508495,156.77999999999997
e8d71cf1-f896-4bab-b92a-872873a1f5c6,0.0024017975909524,162.77999999999997
e17cbd1a-74b8-43d3-acaa-9ec428900701,0.0024017975909524,162.77999999999997
33cd632a-0702-43f9-ad8e-03ab38dd8960,0.0026098680183305,159.77999999999997
675d0475-a825-4c71-994a-973875e9f49a,0.0024017975909524,162.77999999999997
14c76b3b-2907-4bfc-ad48-2f70e3da6277,0.0024017975909524,162.77999999999997
b7efc230-2ade-477c-88e6-c35121b973d6,0.58624630836785,161.77999999999997
89b5967c-dd45-4bbb-9e02-783e0e9589b3,0.00269996716508495,156.77999999999997
42d5d594-78da-4c17-9abc-c729f4019f24,0.00269996716508495,156.77999999999997
a06e0103-9aa2-426a-8a53-1cd6545529af,0.0026098680183305,159.77999999999997
c96def82-a978-4acf-9884-d8ec0d5806b5,0.00269996716508495,156.77999999999997
ffa93df9-3202-4914-abaf-9f6de797a6fe,0.00269996716508495,156.77999999999997
8cc9ea4b-ddd6-40a6-adb4-0653187d497d,0.00269996716508495,156.77999999999997
47a4a185-a53d-4998-8099-255175a71f75,0.0024017975909524,162.77999999999997
4e6470ce-7529-4f0e-a250-20fe081e0ffb,0.0024017975909524,162.77999999999997
0e53bf5c-f4bd-439e-9c75-f626c33a6e92,0.0026098680183305,159.77999999999997
ea84eb54-2588-45cc-ad3d-59f40bd922da,0.00269996716508495,156.77999999999997
57074d61-033f-476b-ad5f-eb0c38ec11ce,0.0026098680183305,159.77999999999997
069a4c3d-1bc8-4430-ba25-76664beb07d0,0.0024017975909524,162.77999999999997
b3d24df7-9618-40c0-81b4-16feb333aaa6,0.0026098680183305,159.77999999999997
47517036-8b20-4888-95cf-1e97e7b6d612,0.0024017975909524,162.77999999999997
0c3865a5-519d-4aec-a833-4db7d7c537c7,0.0024017975909524,162.77999999999997
3c860df7-92b7-40f0-8144-ff5b113c8fa2,0.5873173935035,163.77999999999997
c9663dd8-0ffb-4b72-8dde-ef6413887c7c,0.00269996716508495,156.77999999999997
98c51539-2803-4011-9f08-69d0977554ca,0.00269996716508495,156.77999999999997
da9f3148-dfcf-4b8d-a9de-4f1ead07136e,0.0026098680183305,159.77999999999997
2d9c7233-118e-4eff-8cb9-dbee9d1d59cb,0.00269996716508495,156.77999999999997
ef5981ae-842a-4aad-8518-a8b4b4d14c96,0.00269996716508495,156.77999999999997
4eac9db0-8598-47a0-b7ea-f7ec682ae70d,0.00269996716508495,156.77999999999997
9d65937d-6ee7-4313-b020-e2f40cb93438,0.0024017975909524,162.77999999999997
eb4cddad-96ae-47c8-baad-6027a45b353b,0.0024017975909524,162.77999999999997
c1d9220c-5f3a-4253-b520-c8f1ae4ec931,0.0026098680183305,159.77999999999997
2a70e025-96ca-428f-b948-c3f37fdef934,0.00269996716508495,156.77999999999997
ae03cdc0-0be6-44c7-a1a0-bdeb4a5d3156,0.0024017975909524,162.77999999999997
992581b2-886e-43e6-9e9d-eccf588904ef,0.0024017975909524,162.77999999999997
f55fca61-e1d7-4138-b4cf-8233ba756546,0.00269996716508495,156.77999999999997
d2999124-babf-4407-81b2-b0d3636a5005,0.0024017975909524,162.77999999999997
bb9f473e-8cae-4a49-8703-8dbb4a361fa7,0.0024017975909524,162.77999999999997
3652e0ca-8835-4768-9f76-3e78f378dca3,0.5855624796504,164.77999999999997
a329cad8-0c76-4369-b6e5-7817d1709f38,0.00269996716508495,156.77999999999997
490f485a-4454-4111-8fa8-3eaaeb660b3b,0.00269996716508495,156.77999999999997
eba79a35-1ac7-4be6-8e2c-9ed4d63e5b99,0.00269996716508495,156.77999999999997
e20646fc-7dcf-4141-8c61-c27312d6af44,0.00269996716508495,156.77999999999997
fb62bf00-6673-4763-8dc3-d0db565fd921,0.00269996716508495,156.77999999999997
03f3970a-2d7b-41e0-a81b-b63c916fe021,0.00269996716508495,156.77999999999997
b1ce7c72-9d97-4870-9664-961f87c3043a,0.0024017975909524,162.77999999999997
4cabd359-ff11-4609-9df1-617a2dff8676,0.0024017975909524,162.77999999999997
de466cf6-f1d0-45a4-9e03-98dd6ac73c3d,0.0026098680183305,159.77999999999997
23d05daf-68bd-4a92-93dd-588ca7cd1e7f,0.00269996716508495,156.77999999999997
c122d413-e588-439a-be69-f2b0b322cc33,0.0024017975909524,162.77999999999997
53a9f905-de15-49fa-9d11-51245661fc9d,0.0024017975909524,162.77999999999997
b180f5da-d11d-47ee-b2c0-3d0e5883010c,0.00269996716508495,156.77999999999997
e01bc109-6c33-408b-814f-c42c6f72217b,0.0024017975909524,162.77999999999997
dccf08c7-89c5-4d7a-8ec6-d1d0b2b348b9,0.0024017975909524,162.77999999999997
ad5d3db3-ef7b-4012-8185-5e84863da0b8,0.5873173935035,163.77999999999997
6a6a919d-204c-438e-9ecd-464c3fbe4f01,0.00269996716508495,156.77999999999997
60d3c306-46d9-47d0-9d90-4aacf92df826,0.00269996716508495,156.77999999999997
b92053e3-2544-45bc-9c6c-dd5950443083,0.00269996716508495,156.77999999999997
911ad0f6-838b-47c3-ac54-3dcad7d31c84,0.00269996716508495,156.77999999999997
654cbd9d-61da-491f-bb31-019604823cdd,0.00269996716508495,156.77999999999997
7796dc0b-15fb-4b36-ac8e-cdba9686bb32,0.00269996716508495,156.77999999999997
9963858a-88ee-4939-b146-e58e884dd96f,0.0024017975909524,162.77999999999997
6ca8636f-c510-4435-bc05-6a6c8fe0fa10,0.0024017975909524,162.77999999999997
bbafe272-3f7e-4d79-9c99-1a50e2a90465,0.00269996716508495,156.77999999999997
7b8ef4bf-1a49-4d0f-ab56-701584ebc8d5,0.00269996716508495,156.77999999999997
b3e13817-3c50-4024-9ad9-54b9c1b7b8c1,0.0026098680183305,159.77999999999997
60a44929-4796-40fe-9cb5-38d54d92e2df,0.0024017975909524,162.77999999999997
3fde2720-6538-448a-a63c-d620885f3c3f,0.00269996716508495,156.77999999999997
c57f688e-38d7-4942-9ce9-d577227b7a9d,0.0024017975909524,162.77999999999997
ac274d5e-8fd4-437d-8ef4-10cd92234c53,0.0024017975909524,162.77999999999997
fa41b77e-b7bb-4cd9-a2df-9b26a9f86f19,0.5873173935035,163.77999999999997
8eeb6f18-01b8-4535-a759-1ef2d8419769,0.00269996716508495,156.77999999999997
41deb16c-09c6-43af-8969-d3301bf7a25d,0.00269996716508495,156.77999999999997
1a119285-2f00-42b4-b8a0-f5cd14d7345b,0.00269996716508495,156.77999999999997
db5bfc4c-221f-47e9-88cc-fb07d2f0cf87,0.00269996716508495,156.77999999999997
38c2dca8-31cd-46a8-ba0f-5ce5dafaf94a,0.00269996716508495,156.77999999999997
8647977d-9632-402a-bffa-c0365df8d7c9,0.00269996716508495,156.77999999999997
367667e1-9d0b-48bb-8e49-4b31215f3f27,0.0024017975909524,162.77999999999997
6c00bf1e-45f6-486d-88ad-2787843b1593,0.0026098680183305,159.77999999999997
76b01596-123e-4727-b2ca-9991a73df607,0.00269996716508495,156.77999999999997
48327787-df5e-40c2-877f-72ce209c800b,0.00269996716508495,156.77999999999997
dbb54372-8a52-4edd-b065-1b8cb6267424,0.0026098680183305,159.77999999999997
751ece6d-6075-4366-8392-1fdf8f55be5b,0.0024017975909524,162.77999999999997
efc2134a-d3b3-4b74-8b3f-225d687cdf28,0.00269996716508495,156.77999999999997
9741ec63-ebf5-4dcb-bff6-f09b5b05b557,0.0024017975909524,162.77999999999997
3f6d7e61-d8c4-4b41-85cc-a5477764ff5a,0.0024017975909524,162.77999999999997
9c9cf227-341e-40d3-8dfc-1005c0f32c60,0.58834453405005,162.77999999999997
e7f42ab3-6001-4027-954c-97437fb6542f,0.00269996716508495,156.77999999999997
de830916-0f22-405e-a672-2ffe8cd0419a,0.00269996716508495,156.77999999999997
e9aebc9f-cafa-4fc8-9783-fc83afef6ff0,0.00269996716508495,156.77999999999997
d790b380-4157-4d36-9a85-7c3fbd330f3b,0.00269996716508495,156.77999999999997
8360a044-5f9d-4c49-9584-928ccde4fdc7,0.00269996716508495,156.77999999999997
9c262553-62b4-45a0-934c-0da41c184890,0.00269996716508495,156.77999999999997
d76a8a0b-d5c0-4583-89c5-dcd45c5fd424,0.0024017975909524,162.77999999999997
0b213b21-9cdf-41e9-83b2-99bc9dd8df6a,0.0026098680183305,159.77999999999997
e3d7e9ba-0f3a-4c88-a57e-e34998d34711,0.00269996716508495,156.77999999999997
a34d5583-afe1-4722-a5a7-4922cb23d191,0.00269996716508495,156.77999999999997
0a29fef8-6fb9-48fc-92e6-c3c5bc9013e9,0.0026098680183305,159.77999999999997
2d066df9-71dc-467a-8910-38a37b5e9805,0.0024017975909524,162.77999999999997
0c3a7a8f-ac25-4d1b-ba87-5b83c0d73bf8,0.00269996716508495,156.77999999999997
f9a8fd93-a707-43c6-869d-72637f340308,0.0024017975909524,162.77999999999997
6bc3aeed-a82d-429b-b08a-461d1eca850f,0.0024017975909524,162.77999999999997
5f2344bc-e16a-46f7-a445-c8c1063643ed,0.5873173935035,163.77999999999997
abaad3df-3666-4469-802f-a6ffd2099294,0.00269996716508495,156.77999999999997
6c4d9151-1b90-4a88-97a1-49839d44e2db,0.00269996716508495,156.77999999999997
5c70f3be-9177-45cb-8186-bcc0525c01e3,0.00269996716508495,156.77999999999997
3b40c84f-1492-47fb-8024-c7692947b8ad,0.00269996716508495,156.77999999999997
a0bcd7a1-b89e-4343-a8ab-89bcb414e168,0.00269996716508495,156.77999999999997
c8f9756a-c785-413e-a4b7-4343d54d6e1e,0.00269996716508495,156.77999999999997
c067cc5c-1ad9-4dd5-81c8-870bd211090a,0.0024017975909524,162.77999999999997
257386b9-f2fe-47c5-aba3-8eb48dc4842b,0.00269996716508495,156.77999999999997
1b79d65d-4e8d-474c-a57d-a4ebbcae3a32,0.00269996716508495,156.77999999999997
ca275356-ae62-4a3c-a598-5674f0e4a495,0.00269996716508495,156.77999999999997
a8b46823-63a8-48b8-b928-14b93517ac95,0.0026098680183305,159.77999999999997
f2765109-19c4-4bb2-a9bc-5b18c4381ffa,0.0024017975909524,162.77999999999997
cd2b562e-eb3c-4ebf-b97d-d1b91869357c,0.00269996716508495,156.77999999999997
8f788cbe-714f-4a76-be6e-857ceda973a9,0.0024017975909524,162.77999999999997
f803e0d3-b59d-48cd-abfc-2125c2584cac,0.0024017975909524,162.77999999999997
7e69c2c9-42ac-4ac1-a8db-9e0adada8598,0.58834453405005,162.77999999999997
c5b14357-36be-4e49-a5c9-a10687571a6a,0.00269996716508495,156.77999999999997
0eff11f6-b7e6-4adc-8b80-409ba00c2f3e,0.00269996716508495,156.77999999999997
3e9112e0-3fd7-41c9-9202-c5d4cdf15b1a,0.00269996716508495,156.77999999999997
350c85c5-510e-4786-a39b-cb403e19bdfb,0.00269996716508495,156.77999999999997
5b6035a6-6299-41ae-ae8a-76c8ddc59058,0.00269996716508495,156.77999999999997
9859741c-bd3f-43d1-94b7-6b62295f3476,0.00269996716508495,156.77999999999997
2d8b808c-0699-4cfd-8023-dff5fdcb8369,0.0024017975909524,162.77999999999997
5368416f-f382-42b7-aab5-1d7fb502701a,0.00269996716508495,156.77999999999997
dded25e8-b687-4ca3-9957-9d59d562884d,0.00269996716508495,156.77999999999997
e251b5c7-da36-4b75-96ab-981d8225fe06,0.00269996716508495,156.77999999999997
3e57316a-7343-4a9d-83e3-55ec1ce52b8b,0.00269996716508495,156.77999999999997
61f628ce-e15b-47e2-b04e-b4a0d95e5a4f,0.0024017975909524,162.77999999999997
26fb7995-ce95-4e78-9a0c-02b5e5fe4a31,0.00269996716508495,156.77999999999997
78829262-94af-4588-906c-21d3d5e1614f,0.0024017975909524,162.77999999999997
0befad67-0cdd-4110-a4a5-5ab29c72714e,0.0024017975909524,162.77999999999997
ec8e34aa-5f4a-40b1-921c-c275e0771181,0.58624630836785,161.77999999999997
49ee80df-afc8-4504-86b7-432159d656fc,0.00269996716508495,156.77999999999997
7e2f13d3-c24c-46de-a62c-31467bcf0e25,0.00269996716508495,156.77999999999997
b6912e18-0c3c-45ce-9eaa-5968a9fecdc3,0.00269996716508495,156.77999999999997
be849fc0-c194-442c-80c5-41a873fc5d35,0.00269996716508495,156.77999999999997
09d37677-4042-4ebf-bebe-a69af0a02859,0.00269996716508495,156.77999999999997
b440a742-bb49-498a-95c0-a6d0a0c27523,0.00269996716508495,156.77999999999997
c038dfe2-7a16-44f6-9bf9-729a6c271e77,0.0024017975909524,162.77999999999997
e7d5f0d0-ca4d-4e54-beaa-dc2fa51968f4,0.00269996716508495,156.77999999999997
a46d05d1-c223-4da5-b6fd-bf10640f6158,0.00269996716508495,156.77999999999997
6db78854-641e-4fb0-8678-2445e9eca69e,0.00269996716508495,156.77999999999997
b787f299-cf16-4e26-b329-c6497421124d,0.00269996716508495,156.77999999999997
123cd7ba-b0d4-437d-a291-74ed443e4aa8,0.0024017975909524,162.77999999999997
c776a3dc-5fff-4127-b066-254691461607,0.00269996716508495,156.77999999999997
54802b76-986f-44f0-954f-ef2562f52800,0.0024017975909524,162.77999999999997
faaf421b-c859-44b4-9bd8-add712ef328d,0.0024017975909524,162.77999999999997
d85757ce-945f-4183-996d-ef263648d02d,0.5873173935035,163.77999999999997
14cff1d6-4d56-43e3-84ff-3d2569b0c1d2,0.00269996716508495,156.77999999999997
bd23c619-5c63-400c-b287-d239f720c553,0.00269996716508495,156.77999999999997
cf7607f7-f21d-404a-8eab-2d078ee42e56,0.00269996716508495,156.77999999999997
7c5fb6a6-ccde-46bb-a17c-4e7a9cb878ea,0.00269996716508495,156.77999999999997
ee05450b-b081-4ca4-b2a1-c11bcfbc74c8,0.00269996716508495,156.77999999999997
8f4ee6d6-98ce-49be-9527-3dff2a7bf5b8,0.00269996716508495,156.77999999999997
0a5eb202-db80-44ac-b22f-325c68d76496,0.0024017975909524,162.77999999999997
45e75de8-1ec3-4bf1-8fe7-c7afe4ab2821,0.00269996716508495,156.77999999999997
64c399d2-334b-4fec-93bf-88156ef97192,0.00269996716508495,156.77999999999997
f785928f-263c-4a33-9071-838dca83a675,0.00269996716508495,156.77999999999997
a07df976-106e-40c1-9eec-a11bed9ea16a,0.00269996716508495,156.77999999999997
1b7025c9-7b96-4e9e-b7ac-7067bae39f2a,0.0024017975909524,162.77999999999997
1310eb1b-54f9-4ed9-9b5f-7ef1e1bc65ad,0.00269996716508495,156.77999999999997
1de50f8a-21f9-4747-bfe8-b87910c45d37,0.0024017975909524,162.77999999999997
239d85e1-b60e-4bb9-8c22-e9566d515dd3,0.0024017975909524,162.77999999999997
696944d6-2c96-4145-b316-210e580b416e,0.58834453405005,162.77999999999997
580bd131-1c24-4cd8-95c1-9105b860359d,0.00269996716508495,156.77999999999997
d86f6f9f-4d6d-4fd4-815d-5c1eea1e8004,0.00269996716508495,156.77999999999997
84b60c02-e94d-4fb3-882d-36f2d94a8cdd,0.00269996716508495,156.77999999999997
5e3d7c8a-a0ec-4c46-9a57-e8be2ab2e677,0.00269996716508495,156.77999999999997
f6189d4a-ec6d-4943-ba3a-11a99717ddb4,0.00269996716508495,156.77999999999997
1cda7d2d-0055-4981-8e01-69bc8d30c13b,0.00269996716508495,156.77999999999997
9c5bae35-6fac-47e4-a465-1534e74e2065,0.0024017975909524,162.77999999999997
85b45b0f-80d3-46fa-b604-182b9e529fd8,0.00269996716508495,156.77999999999997
f30e43c2-3f80-4a6e-99eb-1b6fd77daa70,0.00269996716508495,156.77999999999997
fa2af977-2ca5-4137-adb3-3fba47f0a483,0.00269996716508495,156.77999999999997
741629cb-b69c-4daa-9006-f51f2e1d9c35,0.00269996716508495,156.77999999999997
0dc0c538-4bf9-4569-8911-5b88a5d51ea2,0.0024017975909524,162.77999999999997
71aa2ae7-9451-4ea0-a766-23913dad5a56,0.00269996716508495,156.77999999999997
430daa82-ebf9-4bea-a038-465ddb2fc4c9,0.0024017975909524,162.77999999999997
02efa6d3-407d-4784-bccf-f6f8da2ad6ed,0.0024017975909524,162.77999999999997
a036309d-da2b-43d0-98eb-67578497dfe3,0.58689034966655,159.77999999999997
0f99bfe5-8e61-46e9-9f8c-214e7d38de44,0.00269996716508495,156.77999999999997
cfb7a063-102d-4674-a028-5051d283664c,0.00269996716508495,156.77999999999997
4351eb17-f096-4943-a933-c5b63706f8cb,0.00269996716508495,156.77999999999997
0f74ef75-78ee-4f97-b17e-3c63095a5ae6,0.00269996716508495,156.77999999999997
cc31857a-a64d-4540-99c4-6a5006dc08bc,0.00269996716508495,156.77999999999997
426e628e-799c-4ee1-820f-4c88d6206b96,0.00269996716508495,156.77999999999997
cae30ae5-2ebb-4747-8b26-5ab66f64c3c6,0.0024017975909524,162.77999999999997
7839e501-4c81-4ad9-bd7e-4260b7b2427e,0.00269996716508495,156.77999999999997
e6308373-571d-4af9-bd3f-df936c36897d,0.00269996716508495,156.77999999999997
9c64e6f2-63e9-494e-a149-e6440d82134e,0.00269996716508495,156.77999999999997
68c65a6e-e29e-4c99-a23a-d9f74933cb9b,0.00269996716508495,156.77999999999997
5af04515-391d-42d8-ba6b-8989896c86d8,0.0024017975909524,162.77999999999997
f18bff68-4cb5-45aa-b885-a56dd1c5985a,0.00269996716508495,156.77999999999997
822e26df-ae8e-481a-8c96-17bf6821dc8a,0.0024017975909524,162.77999999999997
343d1888-be0c-4f63-ac55-74e4c122c67d,0.0024017975909524,162.77999999999997
5e1c24d2-ce31-434d-8743-87a64e35c6a4,0.587807988665,160.77999999999997
eea6e3e1-35d2-4d00-b84b-5e5952d1cacb,0.00269996716508495,156.77999999999997
66f52506-1a27-49c8-8d24-a44f5091c981,0.00269996716508495,156.77999999999997
63865970-7c5a-405d-98e0-673ca3cec031,0.00269996716508495,156.77999999999997
09bfa213-4e13-461c-8a2f-0f1f518e01f8,0.00269996716508495,156.77999999999997
30a64456-a4e2-4b29-9666-4aafeb5199a1,0.00269996716508495,156.77999999999997
e0743ca6-6980-4e14-809c-0d077bbf6a4d,0.00269996716508495,156.77999999999997
9fd8d356-dd86-4421-a722-85aa653e2fb2,0.0024017975909524,162.77999999999997
6a6e999d-4031-4326-a124-5096b3dfd946,0.00269996716508495,156.77999999999997
1317d28d-b019-4684-a8df-f094b5a45870,0.00269996716508495,156.77999999999997
63e161f8-f767-4df4-bd69-44379c558f91,0.00269996716508495,156.77999999999997
357813c0-bb28-48a0-aacc-4752e11f301e,0.00269996716508495,156.77999999999997
dbc2a6f6-dea5-455b-a81f-8c1baed2ed75,0.0024017975909524,162.77999999999997
b55a07b5-39f2-4b42-adf5-fc9f05e4ff40,0.00269996716508495,156.77999999999997
cc9f492e-debd-4303-b0c8-a5eb6adca17a,0.0024017975909524,162.77999999999997
e0607ac3-156e-4541-b4c9-445601598ad4,0.0024017975909524,162.77999999999997
4d77cc04-e117-43b4-9601-bb9553403d78,0.5873173935035,163.77999999999997
98f4172a-1d07-4e8e-857e-19c687ebdbfd,0.00269996716508495,156.77999999999997
1c3f35bd-9ca7-446d-b107-fdaca557f1ee,0.00269996716508495,156.77999999999997
22c1b26f-fdae-4943-9193-b84e68540874,0.00269996716508495,156.77999999999997
44ca36b5-39bb-4beb-a9aa-01e8785993f4,0.00269996716508495,156.77999999999997
12cc5b6d-fbfd-4292-80f8-942f79466d13,0.00269996716508495,156.77999999999997
8c85080a-b9bb-49e3-82b1-4aae7c06c617,0.00269996716508495,156.77999999999997
f3c4eaf8-2b80-43fb-817f-9a92976c2afe,0.0024017975909524,162.77999999999997
0f204532-a97a-44e2-a6f8-91efe9f2e516,0.00269996716508495,156.77999999999997
9c616b39-3b95-40f1-b36b-93cba2f57967,0.00269996716508495,156.77999999999997
995adf92-e5b0-4e04-952c-384d7e0f8357,0.00269996716508495,156.77999999999997
429d79d4-b14f-4538-9735-d255f507d2ee,0.00269996716508495,156.77999999999997
d68de5b2-3a2a-4e57-8e92-33d0263274ef,0.0024017975909524,162.77999999999997
65a98d4f-31f8-45a0-a3f4-4300489ce49f,0.00269996716508495,156.77999999999997
692e4afb-d1df-4a96-b4ef-513d670a30a5,0.0024017975909524,162.77999999999997
165fbd53-1ebf-415f-a99a-0d4db57c6a9a,0.0024017975909524,162.77999999999997
e091332c-9041-40dd-bfe5-c72b57d10a29,0.5855624796504,164.77999999999997
9625d81f-59e2-42f1-8066-f94310bcdd89,0.00269996716508495,156.77999999999997
bbff5c05-b8dd-4713-aa32-dc7064063f86,0.00269996716508495,156.77999999999997
b0b5be09-d4f4-42a0-bb87-51ec5bb091ce,0.00269996716508495,156.77999999999997
911dd8f4-bc7c-4d99-8c81-38885681cff6,0.00269996716508495,156.77999999999997
3262e005-6237-496a-8fc5-16e4ca7c619c,0.00269996716508495,156.77999999999997
cf14dda5-7c36-4306-8c44-cab8da538fe0,0.00269996716508495,156.77999999999997
5f1d2307-eee4-46f8-ada1-08e70d29061c,0.0024017975909524,162.77999999999997
fddc1f11-8f85-4c33-8f2c-e505b211a70f,0.00269996716508495,156.77999999999997
a52edfb1-51d8-4ec9-927c-7b6c54c3c6e9,0.00269996716508495,156.77999999999997
5fc4bf7a-d2f7-4337-b720-7bb92c40debb,0.00269996716508495,156.77999999999997
890fab4a-c1a4-48e4-af91-db9ffb6b514d,0.00269996716508495,156.77999999999997
c4f07063-caef-4e78-8093-29c16c422a32,0.0024017975909524,162.77999999999997
350e6961-8c33-47c0-99b2-529e73f3a579,0.00269996716508495,156.77999999999997
572678d9-c20e-49db-adab-e6adb7a8022c,0.0024017975909524,162.77999999999997
580f6bf0-bc23-45dc-9c38-6fb55ef3da2b,0.0024017975909524,162.77999999999997
1544131d-3aa0-4f27-8d1f-15ba05824575,0.587807988665,160.77999999999997
34aea56c-8908-460f-9cd3-75417f953299,0.00269996716508495,156.77999999999997
e52a2293-d0b1-495f-8400-3166537ef7b2,0.00269996716508495,156.77999999999997
ef8d2678-da27-4262-a569-5cacb35f369d,0.00269996716508495,156.77999999999997
e22e7b3d-3817-4cc1-9ddc-ce4307f38f33,0.00269996716508495,156.77999999999997
1a089504-7fef-4f0a-b302-a3f04e4de089,0.00269996716508495,156.77999999999997
ebd21a30-d39d-4eaf-8672-472fbe6935c6,0.00269996716508495,156.77999999999997
372f2591-072a-4137-81bf-58be4942e567,0.0024017975909524,162.77999999999997
fd57350e-7148-4641-a8e7-c933eefe9836,0.00269996716508495,156.77999999999997
b4dc7e1c-9fd5-427d-b68d-e606aec2b1e0,0.00269996716508495,156.77999999999997
2134d6ea-7f7c-4043-bf75-2c5c9d4d090d,0.00269996716508495,156.77999999999997
504bb35f-bd4c-4a25-bce8-0a20ba609f0e,0.00269996716508495,156.77999999999997
78bbdf59-f488-4cbc-9b38-f2880c7bc32f,0.0024017975909524,162.77999999999997
c8487a78-b5f4-4858-87f2-eccf41c051df,0.00269996716508495,156.77999999999997
aa5a2db9-d51b-42c9-8ce5-ad9a4c7289af,0.0024017975909524,162.77999999999997
069768b8-f586-42f1-a184-a3b6a05eb602,0.0024017975909524,162.77999999999997
aa8c037d-f390-454d-bba3-07502e69c578,0.5855624796504,164.77999999999997
1b4a605c-dafe-48ce-b785-7e4bb06e326d,0.00269996716508495,156.77999999999997
4c7d1b73-8990-40b9-896c-0d58dc5a788f,0.00269996716508495,156.77999999999997
07274911-6f5e-4349-935e-3733e709d5f3,0.00269996716508495,156.77999999999997
4f555277-e719-4f87-a046-36d7f6e30502,0.00269996716508495,156.77999999999997
d587475a-a534-4fc5-84f3-941492e4bfc5,0.00269996716508495,156.77999999999997
e96f5b32-4d79-4d58-bf19-a89c56dbc349,0.00269996716508495,156.77999999999997
0e75fb01-9340-44ad-a698-e2dbb575227a,0.0024017975909524,162.77999999999997
9714951c-3a6d-4c80-aee1-756a5aca1f8f,0.00269996716508495,156.77999999999997
1b62b859-0737-479c-9919-58c4d6dae2bb,0.00269996716508495,156.77999999999997
3708ebb1-9265-4b75-a8be-d8d91f29b738,0.00269996716508495,156.77999999999997
2f078194-71a6-43f7-a55f-23f7ec366a4f,0.00269996716508495,156.77999999999997
7d680a9e-caf5-4501-805b-eb6ea750c01e,0.0024017975909524,162.77999999999997
9bec8f30-4c0a-4859-b389-f0672a2bb977,0.00269996716508495,156.77999999999997
cf20d519-475f-4787-9e44-62d77cf758e5,0.0024017975909524,162.77999999999997
aae6e20e-e4ab-43d9-a191-a70a9b9e58c5,0.0024017975909524,162.77999999999997
98f838d4-fc7f-4f7c-b07a-0b12da16cdc0,0.5873173935035,163.77999999999997
b1f321c6-ab7f-420e-a9d0-c9976e7aa1b8,0.00269996716508495,156.77999999999997
fca27537-073d-4876-873c-3a62442be3f6,0.00269996716508495,156.77999999999997
986d5190-5ac8-456f-8d9e-c872621cfaec,0.00269996716508495,156.77999999999997
f1ed17d3-b993-44e7-a333-3418c56cc52d,0.00269996716508495,156.77999999999997
30f268e1-7e56-40f0-b8d4-d3ee528a4bb0,0.00269996716508495,156.77999999999997
463855d4-d186-43d8-a719-1c31cafe763f,0.00269996716508495,156.77999999999997
638ac8f0-1e47-491f-9b69-b8874c1f5e83,0.0024017975909524,162.77999999999997
35ac6db6-de66-4b14-8e0a-a918fbd90ea4,0.00269996716508495,156.77999999999997
d2bdd63a-4d1e-43fa-9f84-e7aeaa29ac16,0.00269996716508495,156.77999999999997
688c2eec-59bb-4527-bb90-501bbadb62ae,0.00269996716508495,156.77999999999997
a484bf08-d1c4-46d2-934b-4136b2d3b131,0.00269996716508495,156.77999999999997
8540062e-d658-4eaf-a298-568f0e5f98af,0.0024017975909524,162.77999999999997
035deaca-df68-49c0-bb72-5e22dddc3c13,0.00269996716508495,156.77999999999997
7b735eb5-0d71-4a77-8861-8fce3c1057df,0.0024017975909524,162.77999999999997
e4d0021c-d10c-4c23-b60a-e51923ca3850,0.0024017975909524,162.77999999999997
3c04752e-4bbd-497c-93b4-38bd693d4a94,0.58866100800515,163.77999999999997
ab8ce543-8ee2-456d-8cfb-a2957292f1ce,0.00269996716508495,156.77999999999997
e6fe8b52-69e2-458f-9687-3bc91da2357d,0.00269996716508495,156.77999999999997
5897cce2-80f4-427c-914f-2ae9bbf2dd7e,0.00269996716508495,156.77999999999997
621f0909-a176-4426-89e6-ae4c5fa2b654,0.00269996716508495,156.77999999999997
c57610f5-2193-4a0b-bc5d-d242f735388b,0.00269996716508495,156.77999999999997
ad272f74-9959-4199-829d-e843358eb687,0.00269996716508495,156.77999999999997
db5d7983-55d6-4e2a-9aa4-498779f20185,0.0024017975909524,162.77999999999997
2cab846e-1fd1-4b33-a38c-796a50ff92d7,0.00269996716508495,156.77999999999997
130c1128-2e7c-4cca-b47f-91d8f91169eb,0.00269996716508495,156.77999999999997
51017d19-a5ff-4d0c-a9cd-53b37b5feda0,0.00269996716508495,156.77999999999997
0e03df8b-1256-46ba-8dc5-c57b8d016811,0.00269996716508495,156.77999999999997
6050b376-f2c2-4946-af72-3c480bde7759,0.0024017975909524,162.77999999999997
4b112430-f4e0-4334-b0aa-01976b41e59d,0.00269996716508495,156.77999999999997
f3393e12-22e6-43dd-a3f5-70c42dfcaf54,0.0024017975909524,162.77999999999997
10d52c22-653e-4202-b575-f2411cb91477,0.0024017975909524,162.77999999999997
bfb9504b-3c5e-4d92-a4a7-b15872d5c340,0.58689034966655,159.77999999999997
2625377f-e1e5-4c02-a721-15167402b23a,0.00269996716508495,156.77999999999997
84513c3c-b2c3-46d9-88bf-1610a3135b9b,0.00269996716508495,156.77999999999997
36a13913-9b00-4f13-aa17-d53b2652d253,0.00269996716508495,156.77999999999997
fab5baea-31c9-40f2-b816-2f2735e8d835,0.00269996716508495,156.77999999999997
605ee3b2-d913-4094-a829-481494e618d4,0.00269996716508495,156.77999999999997
6fd71656-3426-46bf-844d-e62b1d8f4d82,0.00269996716508495,156.77999999999997
6a019796-7bd7-43e2-9fa9-f625b8ab5fa4,0.0024017975909524,162.77999999999997
2656c07a-a5ea-4ca1-b5ca-79e100747004,0.00269996716508495,156.77999999999997
4e63b2a9-4322-4a79-948e-3341487cbdc0,0.00269996716508495,156.77999999999997
8aaedab7-9057-4a9f-a86f-0863d275e8bb,0.00269996716508495,156.77999999999997
604e5784-eb16-480a-8a9e-ff68febf89cc,0.00269996716508495,156.77999999999997
8ace33e5-383b-43ec-9532-0a9e4e08e949,0.0024017975909524,162.77999999999997
d58215f3-e2e5-46eb-87d9-7642e2b56c94,0.00269996716508495,156.77999999999997
fa09efe2-dbdc-432d-bc22-8808b8d6ea85,0.0024017975909524,162.77999999999997
7fef2487-94b3-4a3b-9e1c-6d003f1fd1be,0.0024017975909524,162.77999999999997
0317ccc8-ae81-489e-aadc-985fa92a92e1,0.5873173935035,163.77999999999997
1699d397-ab09-4850-b64c-9247416192e1,0.00269996716508495,156.77999999999997
848e107f-ce52-49ea-b066-cd72fc12e776,0.00269996716508495,156.77999999999997
128baac3-b2c4-4194-8416-3f06c38c4105,0.00269996716508495,156.77999999999997
62fbc808-b3e2-4be5-9839-1938408ef21b,0.00269996716508495,156.77999999999997
38c1ff21-1941-4b62-b4ab-ef6ff882c2a2,0.00269996716508495,156.77999999999997
84819eb3-37e1-497a-88ff-a567536b27ca,0.00269996716508495,156.77999999999997
b3a83df0-a300-48f2-ae9b-f703ec37eef5,0.0024017975909524,162.77999999999997
f94a4280-f501-4b2e-be04-4134f865ea15,0.00269996716508495,156.77999999999997
240684a3-e9d2-4d68-9034-a176be906bd1,0.00269996716508495,156.77999999999997
4879ccb2-0ca2-48cf-b4a6-035ff5a39ce0,0.00269996716508495,156.77999999999997
be38e22a-5fd8-4c88-9d2f-9eea4358a247,0.00269996716508495,156.77999999999997
0e10a37f-b6ce-4b5d-a772-1eab94f4f738,0.0024017975909524,162.77999999999997
0bf19bbf-42f7-4615-af0b-ad749be214ef,0.00269996716508495,156.77999999999997
ff7dab2d-e3d4-4675-989c-8152b08106d0,0.0024017975909524,162.77999999999997
86cd5749-f5ea-4bcc-b3cf-0393e69e33d6,0.0024017975909524,162.77999999999997
b23dd619-f5f5-4206-84ad-43511feff935,0.5873173935035,163.77999999999997
20b21264-703e-406c-90c2-baa1d4056adf,0.00269996716508495,156.77999999999997
7c8e0e20-ee9a-4e97-aead-7a10f1ee030e,0.00269996716508495,156.77999999999997
57c771c3-cbfc-4b78-b5b3-5513dc3633d1,0.00269996716508495,156.77999999999997
ed0ed062-f74e-4e79-8d47-58d8292ffedf,0.00269996716508495,156.77999999999997
cedc9355-e0b4-43b6-94d2-a51947e6dd9e,0.00269996716508495,156.77999999999997
7b5f8936-976b-4461-8aec-5acf0a001ddc,0.00269996716508495,156.77999999999997
3270a3de-0aed-4e7a-b474-e9cbdd0ff184,0.0024017975909524,162.77999999999997
eafeb697-a0e7-45cf-a617-0252c33e3519,0.00269996716508495,156.77999999999997
5ad1e731-54ea-4556-969b-407c66e46dcb,0.00269996716508495,156.77999999999997
bb63bf6a-cb2b-4a57-ad02-886e35967d06,0.00269996716508495,156.77999999999997
d9ac72ab-5f89-427f-8379-2fd7d2888d66,0.00269996716508495,156.77999999999997
c2f8708a-07af-4f4e-9e7e-d81a0461fb31,0.0024017975909524,162.77999999999997
f3411704-cb44-4630-a319-2d3f09916d82,0.00269996716508495,156.77999999999997
b855d116-d780-4ea1-a7d6-c4ed608e479d,0.0024017975909524,162.77999999999997
10e41670-1d1b-47f6-8acb-ddae9ca929ac,0.0024017975909524,162.77999999999997
cb56924f-3a28-4602-b4ee-c48ae05f39c2,0.5873173935035,163.77999999999997
b31b6f40-c878-4d4c-9226-9657466ad48d,0.00269996716508495,156.77999999999997
5358622a-68dd-45e6-85ff-703ba11f167c,0.00269996716508495,156.77999999999997
4af0b705-e048-4766-ab76-3dc4a603d0b8,0.00269996716508495,156.77999999999997
340fa08b-d9ee-45e7-a434-43fce0d2aab1,0.00269996716508495,156.77999999999997
447faec8-be99-43d0-8062-2396b5a32d26,0.00269996716508495,156.77999999999997
0a7d8eff-2f5f-42ea-9e4f-c40f74d928ed,0.00269996716508495,156.77999999999997
5ec486e8-873b-4052-beb2-b24dd5b1f5d8,0.0026098680183305,159.77999999999997
1325946f-d978-449f-8d73-540489b10247,0.00269996716508495,156.77999999999997
c890ce53-a533-4652-aaf3-bf7dd43d9d9e,0.00269996716508495,156.77999999999997
17956073-581f-42d9-9507-7dc0f8a16465,0.00269996716508495,156.77999999999997
2dbd5d86-f27f-4109-a5c8-8722462eaaad,0.00269996716508495,156.77999999999997
12f50d82-341a-4963-850d-248cee9f4861,0.0024017975909524,162.77999999999997
f91295b9-f6b0-427e-8238-07d6684249d4,0.00269996716508495,156.77999999999997
f997e59d-6138-4a17-93b4-676d78ccc0bb,0.0024017975909524,162.77999999999997
337dbee3-37c4-4c14-b37a-b8d88fe84680,0.0024017975909524,162.77999999999997
764f3c46-de6e-4784-92b3-def78c062773,0.587807988665,160.77999999999997
c46e2a8d-d26b-4caa-aa89-1df296de5c80,0.00269996716508495,156.77999999999997
0681b509-8a8d-459e-9a50-26612d9b7a1b,0.00269996716508495,156.77999999999997
98a140ba-4d3e-44dc-898b-b32b4b0f25e5,0.00269996716508495,156.77999999999997
bdf3da00-82d1-4d83-a3df-94fe7dbbe582,0.00269996716508495,156.77999999999997
b1781482-ebce-44d3-a4f1-e743271e2be2,0.00269996716508495,156.77999999999997
c044395c-f14b-4c0d-9f2f-1f4a23d96ff2,0.00269996716508495,156.77999999999997
2d09353c-92f2-47e4-8067-1f6ab67ddc28,0.0024017975909524,162.77999999999997
4bb9c682-99fb-44ac-87b7-55e9273c6867,0.00269996716508495,156.77999999999997
be9f2c38-78cb-4f2c-921f-2554c935aa11,0.00269996716508495,156.77999999999997
0e6559a7-e51a-4c7f-ab87-95d206a6606a,0.00269996716508495,156.77999999999997
fb219cd8-10de-4040-8b7f-4ffc7d9d26b8,0.00269996716508495,156.77999999999997
6d33dba3-c7c9-4f6f-bce6-ddf9acaf69a9,0.0024017975909524,162.77999999999997
8bad048c-68c7-4686-ae33-6c0f361fbc1e,0.00269996716508495,156.77999999999997
aa298145-bc01-4447-94ab-47a5e79cc288,0.0024017975909524,162.77999999999997
6d134c2f-c6f9-4ae3-8dd6-0a0ac82bd543,0.0024017975909524,162.77999999999997
8a27b773-7e94-460a-9a08-de7f737e6c9c,0.5873173935035,163.77999999999997
87ee46e6-0439-43a9-9862-e55aec66b47c,0.00269996716508495,156.77999999999997
7f7ecb16-d391-4061-8c4b-5fad79275b19,0.00269996716508495,156.77999999999997
e7e36222-834d-4e27-b5dd-03191ea50d28,0.00269996716508495,156.77999999999997
2fb6e539-db01-46c5-942d-61e6c99caa32,0.00269996716508495,156.77999999999997
683250f0-9e46-445b-a6c5-eb3c14b352e5,0.00269996716508495,156.77999999999997
ce53f268-63dc-419f-a306-cda3d5809e99,0.00269996716508495,156.77999999999997
008f0d6c-d3e7-4e67-8da5-660426a56ed4,0.0024017975909524,162.77999999999997
047e525e-cbcf-4136-926c-b3ee8cd81b37,0.00269996716508495,156.77999999999997
610d3a9d-f87e-4838-bdde-bdd1175b9763,0.00269996716508495,156.77999999999997
6ba2c5a7-4048-43cc-9738-f7fcfbe49714,0.00269996716508495,156.77999999999997
c7b7eb4e-9d4d-4cd8-b88c-90187215ba89,0.00269996716508495,156.77999999999997
b73c3b26-853e-4fa9-b252-bf80e1ad69a1,0.0024017975909524,162.77999999999997
8d758d8e-c6e8-432f-b0d8-46999d594a92,0.00269996716508495,156.77999999999997
223ae81f-57da-411e-8e78-523140c46850,0.0024017975909524,162.77999999999997
77817811-843b-483e-8e5b-975ed1b8cd2e,0.0024017975909524,162.77999999999997
027e096c-16da-499f-a361-af3be0fa6464,0.58716506609325,159.77999999999997
d4a0a8e2-05d6-4d8e-9446-599b4869fbae,0.00269996716508495,156.77999999999997
5f3975b1-3c41-4e36-90c4-7c3b74666de3,0.00269996716508495,156.77999999999997
be8405e5-28cf-4c9d-a835-8b3ec24f3a36,0.00269996716508495,156.77999999999997
83f52748-0e92-4426-86cf-da854756871e,0.00269996716508495,156.77999999999997
72dbe4e4-13a4-4013-959b-2f04f96d9b9f,0.00269996716508495,156.77999999999997
f9958965-537c-4bfd-89e0-cc5fbc9962ea,0.00269996716508495,156.77999999999997
9c84b6b6-f1b6-446c-aa69-4c5094cb6f9a,0.0024017975909524,162.77999999999997
464cedf6-5789-4c35-afb5-cf53f2c928f9,0.00269996716508495,156.77999999999997
540ec3ce-da88-4397-9d23-8d80cce32d9e,0.00269996716508495,156.77999999999997
5afa0022-1ba2-4be4-a73e-dd068e6c5673,0.00269996716508495,156.77999999999997
fb8d2682-bba2-479f-9aef-8fbbcfb1af9b,0.00269996716508495,156.77999999999997
133a3b15-dbd8-44df-9bd2-36f7d58e07d3,0.0024017975909524,162.77999999999997
c04b040b-8e8e-4397-a99f-2857d56a34de,0.00269996716508495,156.77999999999997
4584961c-2ac1-4dfa-9d15-a5a383da68af,0.0024017975909524,162.77999999999997
65db2867-ca4b-4fbc-816f-b34c45d894d6,0.0024017975909524,162.77999999999997
625e1a51-7a21-4f9d-9d4a-4f3e40bb9d28,0.5855624796504,164.77999999999997
fcbecf9b-13a4-4b57-8291-d446e3681218,0.00269996716508495,156.77999999999997
301d1541-81cc-49a0-9ce4-d082451961a6,0.00269996716508495,156.77999999999997
4c10cbd6-7da1-40a6-9e3e-56e5c5380cdc,0.00269996716508495,156.77999999999997
28e6df81-1e58-4e06-99ef-be7984556e01,0.00269996716508495,156.77999999999997
8f5646ca-435c-4d81-9276-d770a231974f,0.00269996716508495,156.77999999999997
1e6d947d-a290-484c-8c5f-15b7cf9e2aaf,0.00269996716508495,156.77999999999997
db6bad40-b42d-4454-832f-896eb90f8d1e,0.0024017975909524,162.77999999999997
ad279074-e8a8-4f22-9f59-402d40c3b3fc,0.00269996716508495,156.77999999999997
102d72e3-5509-444c-8eb5-bfde6610a1bf,0.00269996716508495,156.77999999999997
bab1bfcd-b75e-49c2-a2c3-aaf44cfb33c3,0.00269996716508495,156.77999999999997
61be5954-5e67-4157-a793-caf9af48321b,0.00269996716508495,156.77999999999997
37e72576-de63-4a67-a220-07dc9aa0163a,0.0024017975909524,162.77999999999997
ab7510cf-8f4c-41ff-8db2-9d61051fb385,0.00269996716508495,156.77999999999997
75cb3a5a-2050-4cd8-b93e-f96ac3a525ce,0.0024017975909524,162.77999999999997
af0a0330-45e6-4981-826b-1f9c53751e79,0.0024017975909524,162.77999999999997
4fc076bf-0e14-469d-be27-57c7be1e39b2,0.58716506609325,159.77999999999997
05452cf9-39cc-453a-b80f-75f281d60815,0.00269996716508495,156.77999999999997
114686c1-845f-40b0-92c7-ce060a0403f3,0.00269996716508495,156.77999999999997
b56b15cd-21b3-4824-b85f-0ab01a54fcfa,0.00269996716508495,156.77999999999997
c733f331-6f3e-4385-b31f-473610aeab85,0.00269996716508495,156.77999999999997
216ac883-e274-40fa-b913-229b4a8d7ee5,0.00269996716508495,156.77999999999997
977f0cba-2b2d-4690-94d8-2f4d6fae4713,0.00269996716508495,156.77999999999997
44800db8-c060-4603-b159-6b738470a488,0.0024017975909524,162.77999999999997
1f737065-ff48-474d-84db-01881b835e72,0.00269996716508495,156.77999999999997
3a6cfb04-2095-4632-8d41-9400ac100fca,0.00269996716508495,156.77999999999997
6aeb31e6-3dad-4856-987e-00409ac0913e,0.00269996716508495,156.77999999999997
601bf4da-80e6-4542-9c85-e65f4c9f3ef7,0.00269996716508495,156.77999999999997
da336a6a-10b4-47c9-936d-19f215cb2656,0.0024017975909524,162.77999999999997
f5907a7c-ce23-40fd-b2db-a88d3e25725b,0.00269996716508495,156.77999999999997
2931b83a-9cff-44b1-aca5-417411fd466e,0.0024017975909524,162.77999999999997
540cbe05-4a28-47ca-9915-3fa3bf149a3d,0.0024017975909524,162.77999999999997
a1e2633f-ce77-4d32-a983-3bfb5c94f4d8,0.58834453405005,162.77999999999997
63099bf9-81fd-4d11-879c-969172539870,0.00269996716508495,156.77999999999997
73541123-9921-450c-a2f7-ac2ce388848c,0.00269996716508495,156.77999999999997
18d59d1e-286f-4558-a14b-423d14551c9b,0.00269996716508495,156.77999999999997
77300dd5-4bb7-426f-bd65-4ffa2b3a9a96,0.00269996716508495,156.77999999999997
adcf4a52-e391-4238-8d01-7f4cfc8d1ef8,0.00269996716508495,156.77999999999997
a97e3314-17b2-4fe0-ad2a-cbc68a7a2f0e,0.00269996716508495,156.77999999999997
4c0606f0-a864-4554-b19e-f67153b7d97c,0.0024017975909524,162.77999999999997
5926ecf3-ccf6-4080-9a1b-d7084aa04a40,0.00269996716508495,156.77999999999997
2718a6f6-2fe9-4097-bf03-048906eba759,0.00269996716508495,156.77999999999997
aee27362-1b3b-420e-8bb7-671721862cf1,0.00269996716508495,156.77999999999997
59aa4331-55b0-4ecd-9c66-c45d43b13e68,0.00269996716508495,156.77999999999997
8d48a27b-b6a1-44be-b292-4e6ff752d395,0.0024017975909524,162.77999999999997
001a92ff-4d86-47a7-a60e-b9ceb1313710,0.00269996716508495,156.77999999999997
e245288f-6ef8-488d-8aa1-188c0f0f832f,0.0024017975909524,162.77999999999997
053a6cec-c95c-4301-bb7e-714bb6370531,0.0024017975909524,162.77999999999997
1fd4c619-17ce-45ba-a0db-284642c07d59,0.58689034966655,159.77999999999997
86aa03e0-5b6a-49af-95b8-5e3f5e466a8c,0.00269996716508495,156.77999999999997
5f7a9822-1275-477f-9d24-432dde6ee1ee,0.00269996716508495,156.77999999999997
fa84a51a-a4ca-41ea-880c-6d38b7aa7b84,0.00269996716508495,156.77999999999997
1171cfed-50c1-4442-8ad2-5a4e4909fc7b,0.00269996716508495,156.77999999999997
9e55dea3-9f1b-411b-8cc7-0572b634bf8e,0.00269996716508495,156.77999999999997
e01eb523-0ea8-4d43-9a13-b84865a81f51,0.00269996716508495,156.77999999999997
7f9e4e55-3eaf-407e-904c-1f890a6f66d3,0.0024017975909524,162.77999999999997
7b765a48-ee86-4a01-8f9f-f5a165fbcd2c,0.00269996716508495,156.77999999999997
e841bfc9-76a1-48ae-94d9-d7e1486a64d6,0.00269996716508495,156.77999999999997
0de46a5a-b237-4c09-81f3-fe9bbee32f59,0.00269996716508495,156.77999999999997
818d76b1-9572-4696-bbe7-5e33f642fe33,0.00269996716508495,156.77999999999997
6ba643a9-6942-47a3-817a-40ddb419acc6,0.0024017975909524,162.77999999999997
d8779077-0951-435a-bb60-9e9b843f9b1d,0.00269996716508495,156.77999999999997
040d5031-1875-4f29-86a3-2b2e96e98746,0.0024017975909524,162.77999999999997
d890d7ff-8670-4e8d-b193-ab79299ad6e1,0.0024017975909524,162.77999999999997
ec19bfe6-1498-404b-8f98-39ae98e9d956,0.5873173935035,163.77999999999997
9db50c92-64ce-4869-892b-7780ebcc7f67,0.00269996716508495,156.77999999999997
a1ab8d7c-1ffb-40ab-b0bb-ab080653f546,0.00269996716508495,156.77999999999997
06ee6c05-ade6-43dd-acc6-4752f5cfe030,0.00269996716508495,156.77999999999997
25b6025b-ee86-40f7-a27f-f1ca51f6cb81,0.00269996716508495,156.77999999999997
db195aa0-8662-410a-9de7-81b14e73a50d,0.00269996716508495,156.77999999999997
5a36580f-bd77-475e-956e-8637f8112669,0.00269996716508495,156.77999999999997
499b86ee-f0e6-4c51-bec2-6e79984c94fd,0.0024017975909524,162.77999999999997
8d427fe1-532b-4069-a905-d95d46d97f2a,0.00269996716508495,156.77999999999997
31032e26-ab44-4648-aca3-aef2d9ac1621,0.00269996716508495,156.77999999999997
0afdaafc-b3e7-483f-ab0f-b2b5430bbbf4,0.00269996716508495,156.77999999999997
f796a90e-ec71-4890-973e-86256d35a8a7,0.00269996716508495,156.77999999999997
143aea30-9820-420a-a513-ebb69efef65d,0.0024017975909524,162.77999999999997
37e75f32-eb0e-4d2f-8e24-3890a5e1de40,0.00269996716508495,156.77999999999997
c4aea2ca-b9d6-4d12-ba33-2a23f9197389,0.0024017975909524,162.77999999999997
7562815b-2ee0-487a-95d3-410b0d3af2ad,0.0024017975909524,162.77999999999997
d088b390-738b-4e09-a3a5-236d1ad4b535,0.587807988665,160.77999999999997
8ddbc001-30eb-418d-8da9-584090af3ab4,0.00269996716508495,156.77999999999997
7236ab26-0d0b-4f56-ad52-198daf8d93fb,0.00269996716508495,156.77999999999997
b0f56cb3-25fb-4b1a-a2de-d96e14e26bf2,0.00269996716508495,156.77999999999997
922762a2-0992-4e31-a720-e9fc134bd34c,0.00269996716508495,156.77999999999997
68f2f85a-2a74-4e29-bae1-df1d30e1c6e7,0.00269996716508495,156.77999999999997
22ed34cd-258b-41dd-9c0a-e7e8faff82ff,0.00269996716508495,156.77999999999997
ffc1b5dc-2bc6-490b-a51b-6228de5fdcba,0.0026098680183305,159.77999999999997
44f4a43f-ec28-4d8b-9072-fe13685eec7c,0.00269996716508495,156.77999999999997
378dc9ef-641e-4150-aab8-f7a2b1095ad0,0.00269996716508495,156.77999999999997
4b80de35-e8d8-4f34-a063-cb4ea750ba91,0.00269996716508495,156.77999999999997
ab4e6295-c0c0-4580-8820-1dc56f3c3dc3,0.00269996716508495,156.77999999999997
31e49e40-b94b-419e-bb33-202fa180a673,0.0024017975909524,162.77999999999997
3b14992c-1e3c-4c36-afa8-3f6f5c4f87ab,0.00269996716508495,156.77999999999997
842233a4-f7ef-4155-a81e-11402087edd8,0.0024017975909524,162.77999999999997
c064f371-a800-4883-bb98-3d0bb04572f9,0.0024017975909524,162.77999999999997
36f0dd01-e1b9-4a23-8a09-4d35b791943c,0.5855624796504,164.77999999999997
fc7d92de-9a46-4661-9826-df3270372c6a,0.00269996716508495,156.77999999999997
7a6aac73-ed49-4f35-8e8c-64f1818bbdbf,0.00269996716508495,156.77999999999997
00b69366-1045-4f08-ac52-1f573e2e0bd9,0.00269996716508495,156.77999999999997
3dc7568c-6fbd-45a8-8ad0-c977473c9434,0.00269996716508495,156.77999999999997
3ad400f9-f334-45f6-af5d-4467d583f294,0.00269996716508495,156.77999999999997
4f7bca4b-6fe1-4a67-911f-08575cbf57da,0.00269996716508495,156.77999999999997
00de17b6-81e2-4f74-84ea-fbd48f686b02,0.0026098680183305,159.77999999999997
62004df6-41fc-4f13-96f9-c9979b7a8f1d,0.00269996716508495,156.77999999999997
82d3e84d-2dbe-4495-afd6-6ef718274e2e,0.00269996716508495,156.77999999999997
226d9d43-e78a-4972-943a-466d93ef3371,0.00269996716508495,156.77999999999997
b757d871-0b93-46c6-b617-4f14f15b5cc1,0.00269996716508495,156.77999999999997
f88222cc-b9e3-40c3-914c-5bd40a00b381,0.0024017975909524,162.77999999999997
b5fa03d4-b13a-455f-ac85-28b5d2f3d866,0.00269996716508495,156.77999999999997
aa960cc6-c909-44db-95ce-72f8e5a1168f,0.0024017975909524,162.77999999999997
640707f2-f6b1-4b50-82e4-5291c66e0780,0.0024017975909524,162.77999999999997
1377a93a-1259-4164-a473-14de62b19bc3,0.5873173935035,163.77999999999997
99c24e43-f188-4d5b-a9dc-987c137ff2f4,0.00269996716508495,156.77999999999997
d08ba1ce-7a3f-4672-b238-e150125e32eb,0.00269996716508495,156.77999999999997
c29ff37c-094a-4cda-bec3-ef43c1c7d332,0.00269996716508495,156.77999999999997
ab2408ea-b7fc-461f-b84f-59032f6a585b,0.00269996716508495,156.77999999999997
13b2c258-cb8e-41d9-9feb-c97660fab468,0.00269996716508495,156.77999999999997
b1914536-3ce6-47ca-aeb9-51e1f9ed4f41,0.00269996716508495,156.77999999999997
9dc46f33-65d2-49be-9fc1-15d793b5d05b,0.0026098680183305,159.77999999999997
b83a8b9f-02c0-4c06-989a-6f6f88939fca,0.00269996716508495,156.77999999999997
f62b2616-639f-4657-93dc-911de7d1b94c,0.00269996716508495,156.77999999999997
f2970612-7472-416c-abc1-29d0da6fce5f,0.00269996716508495,156.77999999999997
e1372a24-ba6c-44aa-a1bb-e9f97a849a83,0.00269996716508495,156.77999999999997
2f0577f0-2166-4951-976a-cbc6419ddac2,0.0024017975909524,162.77999999999997
3d3b8af3-624c-40c5-ac0f-87875957714f,0.00269996716508495,156.77999999999997
628d6c3a-8927-4c8f-b6b5-be5517fcaf74,0.0024017975909524,162.77999999999997
4a235ff9-8bb0-4f51-a64f-dba4bbc379b3,0.0024017975909524,162.77999999999997
43bf963f-5f4c-400f-bea6-88c27f6489c3,0.587807988665,160.77999999999997
5d3f9779-7af3-41ae-a299-1f875936dfe6,0.00269996716508495,156.77999999999997
cc02a352-6cdc-45da-9a69-f1b3204d4b02,0.00269996716508495,156.77999999999997
8d92d6a2-0537-4cbb-a05c-0e2c9274249e,0.00269996716508495,156.77999999999997
1fd0555d-571a-428f-8501-9b8e6685e475,0.00269996716508495,156.77999999999997
6a5dac20-8c73-478c-a5a9-be64fdc3ad45,0.00269996716508495,156.77999999999997
bd0f1717-eb41-44c9-a6f5-225b91205a73,0.00269996716508495,156.77999999999997
39d45795-1718-468b-b3bb-fb08244386a6,0.0026098680183305,159.77999999999997
de336c10-3608-44d8-964b-5d19a72767fe,0.00269996716508495,156.77999999999997
3c5eefb2-ba65-4dcc-b292-e4d72b20520e,0.00269996716508495,156.77999999999997
6c47bdc1-b447-4339-893a-d4a4d04b1ead,0.00269996716508495,156.77999999999997
9560b3fc-bbb4-460b-ae9c-2351a6c8388e,0.00269996716508495,156.77999999999997
66a955f3-e0be-43da-b80e-268ef3d33abb,0.0024017975909524,162.77999999999997
d8eb36da-ce1a-4ed4-8955-f5e3d5642e2a,0.00269996716508495,156.77999999999997
1cb796f7-539e-49f3-8712-af2b2f65078f,0.0024017975909524,162.77999999999997
353dda60-3b16-4c54-8957-b7ac66f4548d,0.0024017975909524,162.77999999999997
fee07621-1313-4fb0-b2bc-370a2d8ad4f0,0.5873173935035,163.77999999999997
1460e0c2-ac03-4922-adda-66ff14a926de,0.00269996716508495,156.77999999999997
2ac174ba-3c99-4a3f-bed0-dd5c5b4561fe,0.00269996716508495,156.77999999999997
48eedb7f-03ff-401c-bcd1-32eeb23e1b9d,0.00269996716508495,156.77999999999997
dc6c28f8-528b-4164-b32d-f55b924f06c4,0.00269996716508495,156.77999999999997
49e7de2c-15f3-46bb-bbb5-3f1c86aa4a01,0.00269996716508495,156.77999999999997
1e7a5a36-d93f-4298-8909-f02854eae375,0.00269996716508495,156.77999999999997
542cea63-6a75-489a-8829-15c24187ef88,0.00269996716508495,156.77999999999997
a1fdd4bf-a622-4046-8a78-6857cf033918,0.00269996716508495,156.77999999999997
7bdd7ae8-d9de-49a0-8d08-b47876e1523a,0.00269996716508495,156.77999999999997
1bc863c9-c902-4f6c-9903-9fd362c44ee8,0.00269996716508495,156.77999999999997
bb355784-ca55-45d1-bcc8-e5afaab50b9d,0.00269996716508495,156.77999999999997
840a35c1-f495-4e9d-bec9-2be32044bf9d,0.0024017975909524,162.77999999999997
e534df7c-728f-4ee7-ae1c-8b4fb6249b44,0.00269996716508495,156.77999999999997
4468b785-0e9b-48fa-b73d-589f41fd5644,0.0024017975909524,162.77999999999997
4d20a357-45ad-4342-94c8-fbca8f7fc0a9,0.0024017975909524,162.77999999999997
04a3ee50-c5fe-41b9-8317-4658fc7233c0,0.5873173935035,163.77999999999997
0d257b3c-e08d-43f4-9670-36ca3ef911a5,0.00269996716508495,156.77999999999997
93828817-7fad-4b1b-9095-db60c76889ff,0.00269996716508495,156.77999999999997
57fda63f-a8ea-45e0-b47e-157ccb665655,0.00269996716508495,156.77999999999997
a3d53910-a788-43b9-8583-60665b40b58c,0.00269996716508495,156.77999999999997
c9191308-a2e5-40e1-a1a3-b54963e7eb46,0.00269996716508495,156.77999999999997
b4233f1f-a141-48f7-8986-aeeb7c3375f3,0.00269996716508495,156.77999999999997
7ded4937-3691-4c66-a371-0a32bda28120,0.00269996716508495,156.77999999999997
5559f70e-5fae-4698-9563-efb920276f49,0.00269996716508495,156.77999999999997
b4cfa8a0-3a91-48b9-81a5-f2d77dad7f0d,0.00269996716508495,156.77999999999997
9f661f93-dcdd-4120-a498-1c25425a5973,0.00269996716508495,156.77999999999997
be346b3f-710b-4b67-9e65-a78ff0631482,0.00269996716508495,156.77999999999997
74b68e9a-2711-4507-9188-947f67775f45,0.0024017975909524,162.77999999999997
4c90ffac-3d0f-4276-be6e-97ed208b42b5,0.00269996716508495,156.77999999999997
be789d12-7889-4352-9148-9ad90422ef8c,0.0024017975909524,162.77999999999997
9fe4d669-c2e7-4d49-b25b-1d7300ca96be,0.0024017975909524,162.77999999999997
6e0084e4-acce-43fb-b0f7-3526c1a436a1,0.58689034966655,159.77999999999997
48f076e7-89f2-4db3-846b-57948250a02c,0.00269996716508495,156.77999999999997
eb435532-b0cd-440b-87e8-fb9b5024f463,0.00269996716508495,156.77999999999997
bb60473c-84dc-46fc-91a0-345561dcf3eb,0.00269996716508495,156.77999999999997
4f3444c7-745d-48fe-b704-4adc5149612c,0.00269996716508495,156.77999999999997
13ec89b3-2d69-454f-a453-bed0993bc792,0.00269996716508495,156.77999999999997
e641f9e3-f744-44ab-ba0e-abf540ea6311,0.00269996716508495,156.77999999999997
0674a585-0505-4bcf-82e0-50ef9c27bca2,0.00269996716508495,156.77999999999997
ebf7c8be-ebf6-45e3-9c4b-b204795acb3b,0.00269996716508495,156.77999999999997
7fb3401a-447c-40be-af0d-9db354d56bf0,0.00269996716508495,156.77999999999997
5761780b-ff16-4002-8a36-8dc46b3db456,0.00269996716508495,156.77999999999997
449e2f9e-df60-48de-abcf-501dd0bdc5c6,0.00269996716508495,156.77999999999997
1a9f3e0b-2011-4914-8b12-7d91471ca89c,0.0024017975909524,162.77999999999997
713e2097-e7ff-46e2-8831-e8134a08eecc,0.00269996716508495,156.77999999999997
1b02efea-8adb-4904-886f-cf49a9398c44,0.0024017975909524,162.77999999999997
65c04aa6-813d-4fb0-9ea9-fae33b166c63,0.0024017975909524,162.77999999999997
da91291b-23c5-4165-8385-c123d525a799,0.58834453405005,162.77999999999997
90b1fbe6-feb4-4835-84ae-7414c74ab419,0.00269996716508495,156.77999999999997
eb35f741-864a-40b1-8a58-dd967f64e7a5,0.00269996716508495,156.77999999999997
04aab25b-5c79-46f4-813d-ffdcf7c48491,0.00269996716508495,156.77999999999997
4e642b41-6075-4d42-b395-53159f5f3e30,0.00269996716508495,156.77999999999997
8a0b6735-98f0-47e1-ad59-887db9eafb8f,0.00269996716508495,156.77999999999997
e101fe26-faf8-493b-b1c9-6b7480ec7157,0.00269996716508495,156.77999999999997
413b251e-ec9c-411f-b011-adeb5a5184f5,0.00269996716508495,156.77999999999997
82be7356-36dc-4ed0-9856-eaae1b33e8d3,0.00269996716508495,156.77999999999997
85c53fcf-27e3-4af1-99a0-b77d9829447d,0.00269996716508495,156.77999999999997
8185ef41-1c3c-4038-a3c6-f15bb4fafa71,0.00269996716508495,156.77999999999997
041b2d35-60fb-4be4-b0ba-a4c0ac38ff65,0.00269996716508495,156.77999999999997
db5172ee-302f-44fc-9259-a6be0d3e448f,0.0024017975909524,162.77999999999997
5feb6a7d-7e94-441f-a0d8-e2b36ec363c8,0.00269996716508495,156.77999999999997
0dbd462d-2b91-4a99-9444-3e11c593f304,0.0024017975909524,162.77999999999997
be7f2580-91ec-449b-a70b-79206180baaa,0.0024017975909524,162.77999999999997
dee00d38-65ff-4d25-ba19-a2037f175f75,0.5873173935035,163.77999999999997
09ad148f-e170-427b-a60d-2059d12eb652,0.00269996716508495,156.77999999999997
395ab3bc-65a6-44f7-a917-b5aaa426570d,0.00269996716508495,156.77999999999997
f6116269-b8d2-4a53-ac63-c003a3184d73,0.00269996716508495,156.77999999999997
a3ce4f8a-1965-466f-9cb8-ab2d6f8863e8,0.00269996716508495,156.77999999999997
9172e77c-60dd-4f48-823a-613fb93ff293,0.00269996716508495,156.77999999999997
41c32f7d-bef9-4435-bc47-f2788e2bdcf2,0.00269996716508495,156.77999999999997
81d49e20-c8c7-4118-83d8-526514be1fc8,0.00269996716508495,156.77999999999997
11b6a151-3ff0-4b66-b546-819c4b7e4553,0.00269996716508495,156.77999999999997
8692d29f-5364-480a-98b9-bd1b3a132387,0.00269996716508495,156.77999999999997
ed3f5aaa-88e5-4d36-9bb6-091e23b24f2a,0.00269996716508495,156.77999999999997
842c2e47-ed65-457c-9706-178890a0a8f6,0.00269996716508495,156.77999999999997
472f60f7-a2f5-4870-8c35-c61fce814322,0.0024017975909524,162.77999999999997
61c961b7-7b42-46a4-a9e1-7b9d13ecc816,0.00269996716508495,156.77999999999997
b58adf35-8e59-4b70-92ed-cb2d75123965,0.0024017975909524,162.77999999999997
b14d6214-f0e1-4400-830a-5d8eb36b2465,0.0024017975909524,162.77999999999997
493cb719-f624-46fa-ad01-96d967208ba7,0.587807988665,160.77999999999997
a55486e7-cc80-47c9-8961-d0fc5e69bbc9,0.00269996716508495,156.77999999999997
79aad3ae-27be-41cc-a604-d7699e3046d0,0.00269996716508495,156.77999999999997
19339c95-e3f0-489a-b54a-81c93641a35f,0.00269996716508495,156.77999999999997
8aaa015f-e473-49a8-add8-c28eb3234da4,0.00269996716508495,156.77999999999997
3e559d91-64f6-4374-ae87-47ad432440aa,0.00269996716508495,156.77999999999997
c536cf89-c6a6-4e5c-9512-0f7bd64f1a7f,0.00269996716508495,156.77999999999997
ee94ce0a-fb6a-45b9-92f1-769cd5f50f10,0.00269996716508495,156.77999999999997
243fc73b-31d6-41b9-b0b8-d2e014836a44,0.00269996716508495,156.77999999999997
6862b088-f90c-4260-9d2b-9dabe056dbbd,0.00269996716508495,156.77999999999997
440cd32d-2c3d-467f-8513-5c3c482266ab,0.00269996716508495,156.77999999999997
d729fe8b-c6df-4b06-a4c3-aff9ba250867,0.00269996716508495,156.77999999999997
833227b5-dfca-4bf2-89d9-082ce9e57c0f,0.0024017975909524,162.77999999999997
951b96c8-e0aa-4911-b7d0-8173bd18d1d7,0.00269996716508495,156.77999999999997
33d0644a-fe84-451e-b2ef-48b81365ec4a,0.0024017975909524,162.77999999999997
ccc31d9e-e970-40a0-9173-a366dd2282f2,0.0024017975909524,162.77999999999997
8d3136d9-f972-44e6-aef8-442c65365d5b,0.5873173935035,163.77999999999997
28902898-67ba-4ac4-9a25-66b6cac241ca,0.00269996716508495,156.77999999999997
1ff35883-361a-49a7-ae90-06410ccb6cd0,0.00269996716508495,156.77999999999997
f6816ecf-4969-4c48-a3d2-cbc626d5f57c,0.00269996716508495,156.77999999999997
a7970f9c-46be-4079-8d4a-4f31ea3b9d53,0.00269996716508495,156.77999999999997
52804e3e-40e5-4d54-81a4-b69f8443eea4,0.00269996716508495,156.77999999999997
65371b58-b59b-4645-8b0d-d3449221df5c,0.00269996716508495,156.77999999999997
ee31f8a7-b1b0-4122-b572-e235235294a4,0.00269996716508495,156.77999999999997
4de3f3ea-939a-4653-86cd-96a8accd1496,0.00269996716508495,156.77999999999997
83a627c8-70ed-49a5-a5a7-65b01442c026,0.00269996716508495,156.77999999999997
47c49d4f-80b5-41ce-8cc5-742d5aa9b514,0.00269996716508495,156.77999999999997
59af6faa-3c1c-4e89-b2f8-c2b5fe74e839,0.00269996716508495,156.77999999999997
c51d973b-e253-4a68-acd2-6924057907e6,0.0024017975909524,162.77999999999997
2b0cecf5-f8d8-459d-a007-338484347671,0.00269996716508495,156.77999999999997
7c33d04f-1aa3-4110-aced-982e23e4f176,0.0024017975909524,162.77999999999997
35de13f7-8f74-42c5-8745-9c9c856ce116,0.0024017975909524,162.77999999999997
c2ef3468-5f0e-4fd8-b1b5-08e1de77991d,0.5855624796504,164.77999999999997
33a892b5-33b9-4d8f-afab-8f7d0b4f7477,0.00269996716508495,156.77999999999997
f764f9b9-35ba-4fe5-9ece-831429527a7a,0.00269996716508495,156.77999999999997
11a05344-d072-4119-815d-8bd5ec514e01,0.00269996716508495,156.77999999999997
dbaa1f50-56a5-4cb1-b2f7-32e5f814b723,0.00269996716508495,156.77999999999997
05044d7f-3c83-46c5-92ad-32b4dd9516a7,0.00269996716508495,156.77999999999997
078aa7ad-7201-4688-bfde-37f9c5c2f0a9,0.00269996716508495,156.77999999999997
566a09a2-d42c-4576-a3d8-b73d9b8a3422,0.00269996716508495,156.77999999999997
f3659c59-5488-4c3b-b046-d502aa31b2c7,0.00269996716508495,156.77999999999997
007e44e1-122f-4e5a-80ac-2f99fe6a426e,0.00269996716508495,156.77999999999997
93ad35bf-3fe0-483a-aac7-2a4dfbfc8fb2,0.00269996716508495,156.77999999999997
0825ffc2-cabf-4d30-9fa4-38165eb2e247,0.00269996716508495,156.77999999999997
5f3339e9-f294-4392-9a90-2bc71eb00b36,0.0024017975909524,162.77999999999997
dae699a0-ecfe-4b80-8404-5eea0b041e6b,0.00269996716508495,156.77999999999997
fa03a7b1-0569-4a43-a314-01bd1073bb0c,0.0024017975909524,162.77999999999997
a928a234-85b4-4528-84a1-946125421536,0.0024017975909524,162.77999999999997
a055d465-bb1d-4b93-860c-a483834a569b,0.58834453405005,162.77999999999997
a166ecf5-5cd7-4c4c-959e-05574f715b49,0.00269996716508495,156.77999999999997
4059360a-d360-41d3-802e-35e68cade6a7,0.00269996716508495,156.77999999999997
412e51fa-c531-4a1a-8ad0-0e713e60b01d,0.00269996716508495,156.77999999999997
98ba5baf-7e5e-4b4a-9a80-f9f3bb0d92a3,0.00269996716508495,156.77999999999997
ca4801a0-fd3e-4709-80d2-d16f89e60be9,0.00269996716508495,156.77999999999997
03983c06-2b6e-4a5e-99b3-40eacf727352,0.00269996716508495,156.77999999999997
56fefd60-6763-400a-8703-89f37c8a0ce9,0.00269996716508495,156.77999999999997
d1258973-abbe-465b-878e-5a467ed1ad8c,0.00269996716508495,156.77999999999997
f793ffaf-134c-4343-b27e-74c58d459739,0.00269996716508495,156.77999999999997
9522052b-1225-4ccf-9e99-ce4191ab0627,0.00269996716508495,156.77999999999997
c8a806cd-58c7-4e02-a670-1bc6a6b7ee10,0.00269996716508495,156.77999999999997
3d5ef3da-40ca-4d63-be0b-911d95b45ad9,0.0024017975909524,162.77999999999997
6d7f1cc3-8443-4199-8098-fd2b6c83a9e9,0.00269996716508495,156.77999999999997
8b1437dc-ebf8-41d9-92c2-7250dd094e24,0.0024017975909524,162.77999999999997
8822f56e-bd3f-43b6-91c9-b19b09ad8ea2,0.0024017975909524,162.77999999999997
7b9ba617-8cb0-4170-aee8-d607477f87a5,0.5873173935035,163.77999999999997
3471f468-0f08-4fdd-ae7e-ccd6d0dc1986,0.00269996716508495,156.77999999999997
5feb7f53-742a-47b6-8096-7d1276db387f,0.00269996716508495,156.77999999999997
f7c7ece9-d921-4e5d-a814-26e2e052153a,0.00269996716508495,156.77999999999997
5085f82e-98e4-43c9-ada3-c9f55cf633d4,0.00269996716508495,156.77999999999997
44d8c3ff-a1c1-42d8-bb86-560c5d0e6edc,0.00269996716508495,156.77999999999997
ca97a110-d335-4bf6-ac22-a432da82c4cc,0.00269996716508495,156.77999999999997
09c4ede8-d214-4a8a-8995-4a489363eca8,0.00269996716508495,156.77999999999997
ef659437-3e96-4b5c-a704-4e9dde4920d7,0.00269996716508495,156.77999999999997
bf6abb8e-1bcf-4e13-80f3-284b028d4ce2,0.00269996716508495,156.77999999999997
3f27e544-9bfc-4321-8ebf-62eb672d85ec,0.00269996716508495,156.77999999999997
39e886b9-bfa4-4873-ba83-3dbe69de61e8,0.00269996716508495,156.77999999999997
ba5cf761-93a4-4bdc-997c-ffa2d6f9ba28,0.0024017975909524,162.77999999999997
ca748a97-5235-4687-ac7e-3ae457fa8ace,0.00269996716508495,156.77999999999997
76e440fe-d077-42ab-bb63-b8485178e72d,0.0024017975909524,162.77999999999997
f6f5008f-b110-45b7-89f0-f8b0c1ad68c4,0.0024017975909524,162.77999999999997
469b3d6c-0c1a-45f2-8616-c8d1a5e54f86,0.5873173935035,163.77999999999997
29c4aae6-77e2-47ea-9f63-4aa3cddf5f8a,0.00269996716508495,156.77999999999997
fb21fad9-9e49-4261-81c8-478d416b0b27,0.00269996716508495,156.77999999999997
ae1fb7e8-69b1-4282-87a1-9f52b5ccbc19,0.00269996716508495,156.77999999999997
857d454c-004a-47ee-8c79-84d2934fb061,0.00269996716508495,156.77999999999997
e0e8b0b7-9475-4769-99ce-4e83225e8b4b,0.00269996716508495,156.77999999999997
eb14b43a-1921-45b8-8416-f02d3a7f21f7,0.00269996716508495,156.77999999999997
46bbd65c-25b8-44f7-8ac1-c8d2363c4cec,0.00269996716508495,156.77999999999997
3d597180-8a88-4ebc-beeb-fad3708a87c0,0.00269996716508495,156.77999999999997
d82f0ed2-4d49-4957-bae2-820ca7ced6c4,0.00269996716508495,156.77999999999997
851034fa-50fd-4bd7-98c4-4d910ce771e4,0.00269996716508495,156.77999999999997
52b9813b-73bf-4c9d-ac69-cda38b398bf7,0.00269996716508495,156.77999999999997
4576cbba-9d98-4057-a6e2-0888db7c56e0,0.0024017975909524,162.77999999999997
5669e8a0-a9e9-409f-81ba-f184ee9759a5,0.00269996716508495,156.77999999999997
a15a8466-f0ae-40b2-9d0a-929bbbbf8528,0.0024017975909524,162.77999999999997
aa3b7ac1-e5ed-4409-9fe0-0625972cf654,0.0024017975909524,162.77999999999997
a4539732-f873-45dc-b880-aefa06dc0fd6,0.58834453405005,162.77999999999997
65782eb2-c210-4877-a68c-8783de7d4a22,0.00269996716508495,156.77999999999997
0ebba828-015b-4c10-abf6-960e17ce7710,0.00269996716508495,156.77999999999997
dbe9bdf4-3ed2-438f-b827-98347abc43ad,0.00269996716508495,156.77999999999997
070e73af-9500-44f4-a914-8c253a0981f6,0.00269996716508495,156.77999999999997
f94bc59f-922b-4090-b484-acc61f7c9684,0.00269996716508495,156.77999999999997
26e24996-b131-43df-8327-b918c9cfd15b,0.00269996716508495,156.77999999999997
81881ec1-40e5-49cf-b60f-8b34afa7489b,0.00269996716508495,156.77999999999997
0b9519f8-b43f-4a9f-b6f5-7f28614215eb,0.00269996716508495,156.77999999999997
161725fe-298f-43be-8be5-287d72b6a452,0.00269996716508495,156.77999999999997
2325c00b-68bd-4271-ade9-5dcba47bee4c,0.00269996716508495,156.77999999999997
6e4fc505-485c-4c63-ba8e-5592ffbbbce0,0.00269996716508495,156.77999999999997
971495cf-ecfe-4137-9bcb-953ecbe7e999,0.0024017975909524,162.77999999999997
2509cc65-0c69-4cee-bac4-9069a271242b,0.00269996716508495,156.77999999999997
dbabe343-5287-434b-93b9-a9b97b4d2a0f,0.0024017975909524,162.77999999999997
adf1e3b0-ebdf-4634-bdf8-8f57a90ec8d3,0.0024017975909524,162.77999999999997
023d09c0-a39a-4cf2-8f0e-6c9040e8d65f,0.58624630836785,161.77999999999997
1e78813e-3bf0-4711-9f71-2e8be067dd51,0.00269996716508495,156.77999999999997
13250d24-fb66-494e-aec4-e4e9773d0097,0.00269996716508495,156.77999999999997
c9a7d5ab-e9f7-4f16-95ca-74534759598b,0.00269996716508495,156.77999999999997
9cec22ad-78c7-4f1c-9efe-d275ddb75205,0.00269996716508495,156.77999999999997
aa39e21b-7944-4a6a-9b97-a331799ca7b9,0.00269996716508495,156.77999999999997
7d3f54ee-067c-4793-8a73-f946e4a55dda,0.00269996716508495,156.77999999999997
55109462-8299-48c2-8ee5-610545d17f82,0.00269996716508495,156.77999999999997
e15b56c7-2e55-4900-8526-81dab75a362b,0.00269996716508495,156.77999999999997
9013e705-74cb-4810-a99d-8de053d35e16,0.00269996716508495,156.77999999999997
3cf1b856-03e3-4a3d-8b2e-2e5b8dfdd419,0.00269996716508495,156.77999999999997
c04adc2c-bfe5-4169-82fe-c3a209d1205f,0.00269996716508495,156.77999999999997
24d79d98-a4b1-4f9f-b22f-a8e83ebb4e7c,0.0024017975909524,162.77999999999997
550dc91a-70ae-4a36-a1dc-a6486a8c1fdc,0.00269996716508495,156.77999999999997
f518ec7b-54dd-43c8-923e-203b285c9d7f,0.0024017975909524,162.77999999999997
61155aba-fdbc-488b-92b9-2f09f170e717,0.0024017975909524,162.77999999999997
349b59da-0440-4b82-b550-b2246c393cb2,0.5873173935035,163.77999999999997
1c02dac0-cb06-458c-a4b9-bafdc3227687,0.00269996716508495,156.77999999999997
43e7d317-1fd5-46c9-8d43-c4d321faa789,0.00269996716508495,156.77999999999997
f142d3de-b57e-4c06-890e-eeced346c0c8,0.00269996716508495,156.77999999999997
ffbb59ec-b2f3-4a6d-a66e-ecf4ac963d67,0.00269996716508495,156.77999999999997
fdce2fab-a34c-4ed5-94fb-a5166132a8d5,0.00269996716508495,156.77999999999997
2e7e3b4a-9ed1-4e89-a0d4-8a65231f0e08,0.00269996716508495,156.77999999999997
71189529-7be1-4581-9e6e-39390a2a8bad,0.00269996716508495,156.77999999999997
b52801f4-b9dd-4df9-b244-02200ac530d0,0.00269996716508495,156.77999999999997
5610771d-4352-4693-9909-2cbd74b6cf82,0.00269996716508495,156.77999999999997
9a4e38f0-3408-4f67-8a55-5b51a849109d,0.00269996716508495,156.77999999999997
5c915731-61c0-400d-92f8-c48f0d41cb5b,0.00269996716508495,156.77999999999997
ebdd85e2-7e9d-4492-9d43-9abab420be85,0.0024017975909524,162.77999999999997
a3bcf056-d976-43bd-b3bb-8ad009723125,0.00269996716508495,156.77999999999997
0273ebf2-17d1-4e25-a0c9-4e762208759f,0.0024017975909524,162.77999999999997
48cc80f5-b554-42dc-826c-ff0f12429710,0.0024017975909524,162.77999999999997
e747b070-bc41-4472-a915-87efb65c01f9,0.5873173935035,163.77999999999997
7003d89b-ba0f-4055-964d-df11b85f73a4,0.00269996716508495,156.77999999999997
c5a0c246-6077-4109-85fe-030233cddc9a,0.00269996716508495,156.77999999999997
468c0252-fd2c-4f9b-bcd6-80c96e41f27f,0.00269996716508495,156.77999999999997
06b46f09-6fe0-4bcc-9368-efc355b6e6f4,0.00269996716508495,156.77999999999997
7db129f1-d563-4405-aacd-66861a58f3a3,0.00269996716508495,156.77999999999997
e3715fd4-a1fe-44dd-88ef-051b5324d177,0.00269996716508495,156.77999999999997
bfb00561-2564-49fa-a7d8-3314729023a9,0.00269996716508495,156.77999999999997
2eb2442c-47b8-49be-be5a-62feb5d6a2f6,0.00269996716508495,156.77999999999997
57a1923c-6f56-43ad-9b79-d97fb45118fb,0.00269996716508495,156.77999999999997
ac4740a0-0e15-4f65-9990-b41389439fb8,0.00269996716508495,156.77999999999997
f34fa9c4-0faa-479b-b046-c15d53583bf7,0.00269996716508495,156.77999999999997
3a8b839e-35f5-465e-a1aa-4ae675d5f604,0.0024017975909524,162.77999999999997
831fd0d1-43d3-45ad-9438-3ab64727a454,0.00269996716508495,156.77999999999997
4d3f1f04-d98e-454f-bd52-528fc416427f,0.0024017975909524,162.77999999999997
0bd2a3e9-9e97-4151-b82e-48f3eb2fdc67,0.0024017975909524,162.77999999999997
653e4477-6050-43d5-a247-fe909b2d58f2,0.587807988665,160.77999999999997
c9374c7d-7b95-4763-876d-ada8ff4fe6ee,0.00269996716508495,156.77999999999997
dff65117-f765-4288-ad81-1b43562dc2e6,0.00269996716508495,156.77999999999997
ca788d6d-e28a-4759-9f10-1e63e7d96e78,0.00269996716508495,156.77999999999997
1047089b-c2a0-48cf-9a9b-2e5c9eed03da,0.00269996716508495,156.77999999999997
847cc1f4-0c6c-4bbb-87b2-953f65b47344,0.00269996716508495,156.77999999999997
9437b167-3348-4ef8-90e0-b63eaab86ca0,0.00269996716508495,156.77999999999997
b3aa09ba-459c-46a3-bb1b-f2661a746e0e,0.00269996716508495,156.77999999999997
1fe72fd2-9bb7-41b0-a734-302d505cef7b,0.00269996716508495,156.77999999999997
19feaa75-6588-4ff8-88e3-d364dddcc8db,0.00269996716508495,156.77999999999997
94b7975b-0159-4e1d-aa36-b286d81fc41b,0.00269996716508495,156.77999999999997
e11b3b8f-5ea1-48a5-8ea0-107870f1f5f4,0.00269996716508495,156.77999999999997
d50802d8-579c-4bf2-b38d-ef1ada4c3d8c,0.0024017975909524,162.77999999999997
1cd866bd-23c4-432a-a37a-140495476858,0.00269996716508495,156.77999999999997
4f9ea412-87e0-4797-8c7d-48b00a482587,0.0024017975909524,162.77999999999997
c2d782de-aba2-4b3b-a24b-b72f616de686,0.0024017975909524,162.77999999999997
3a49105e-a93d-4f28-a860-36f2e4364c1f,0.5873173935035,163.77999999999997
3707c4ec-0bca-4f94-add9-6c97b8ccc790,0.00269996716508495,156.77999999999997
e196fd98-0165-4e37-80bf-d1f22db7fa0e,0.00269996716508495,156.77999999999997
25449966-ef17-45c0-a5a1-e02ecd8df43a,0.00269996716508495,156.77999999999997
77815646-51bb-4991-9199-49b0562ee95d,0.00269996716508495,156.77999999999997
365f5b92-90c0-4637-9a4a-901899299dfa,0.00269996716508495,156.77999999999997
ca0674ee-ccd9-418f-bf5b-514a8a8c282e,0.00269996716508495,156.77999999999997
8090aaff-1161-4c49-9286-ebb26ab663a6,0.00269996716508495,156.77999999999997
4667d8ac-5fbe-446c-b18b-9f5d98faaa19,0.00269996716508495,156.77999999999997
484d0022-4ce5-4de4-96be-0c660e1487df,0.00269996716508495,156.77999999999997
405c0a30-7d11-495a-bc5c-472db2fa89f6,0.00269996716508495,156.77999999999997
30a04eea-d44b-4ccd-a005-98bececcec2c,0.00269996716508495,156.77999999999997
5b576e8e-9cf0-4388-9b27-208ee11c4ab0,0.0024017975909524,162.77999999999997
fdebcee3-de2b-47c1-81e7-20d3dce47002,0.00269996716508495,156.77999999999997
6f61a6a7-ccfc-4ceb-bc4a-07faeeb14c29,0.0024017975909524,162.77999999999997
b1e5f91f-ab26-4fe0-8ef5-0b2c83d63c6e,0.0024017975909524,162.77999999999997
f956da1a-63be-42c2-9836-9caf7dcf3fc6,0.58899443869315,162.77999999999997
75796c49-7dcf-4be2-83ac-0898f118ecd1,0.00269996716508495,156.77999999999997
fc2dfe49-374b-47b7-9ed9-b326d60eb6e5,0.00269996716508495,156.77999999999997
b0e768c0-a553-4718-a935-6d624fb1893d,0.00269996716508495,156.77999999999997
cb2e638a-2f06-46d4-96cc-05b485337bff,0.00269996716508495,156.77999999999997
3f67f6ce-c470-428c-b0a9-06b14402fe13,0.00269996716508495,156.77999999999997
539e16c9-e185-4ae0-ab68-500e9c16a1d5,0.00269996716508495,156.77999999999997
26d80453-07df-4021-9d04-aad3f44d3f9f,0.00269996716508495,156.77999999999997
cf37af45-3295-4f10-b929-c9ce42432330,0.00269996716508495,156.77999999999997
196b4535-b92f-49e9-9c55-15c06602fe18,0.00269996716508495,156.77999999999997
48c3412b-e65e-4ff4-8f23-626bec7d42f6,0.00269996716508495,156.77999999999997
b9a2f2db-f1f1-4aec-bd28-0d7a787709b8,0.00269996716508495,156.77999999999997
6faf1c52-9596-494b-9ff8-142cb8d8da05,0.0024017975909524,162.77999999999997
3d81d7a3-79a6-479e-94dc-180b754178a7,0.00269996716508495,156.77999999999997
677653cd-a68e-46af-b9c2-1a3d40bc250a,0.0024017975909524,162.77999999999997
55762009-093e-48ec-a95b-bb80a75dc26e,0.0024017975909524,162.77999999999997
b4e6c37d-09f4-425e-8b43-aafa31ddc82c,0.587807988665,160.77999999999997
8124045a-77bf-4402-b5b4-a49e7f70481e,0.00269996716508495,156.77999999999997
8dbcd2dc-f4e7-4cfd-a3be-a112b4ee2bd0,0.00269996716508495,156.77999999999997
4733b9a3-17c7-492e-89b5-abeba8f90945,0.00269996716508495,156.77999999999997
cd5afa7f-74d3-4a19-b585-34eefb2c3b90,0.00269996716508495,156.77999999999997
f997116e-37f8-4e37-9c41-35c5114efc0d,0.00269996716508495,156.77999999999997
6bbf26bf-1626-409a-baa8-c547c15b6fdd,0.00269996716508495,156.77999999999997
e2c2f9e0-af93-45ca-bbd3-9f929a7e63af,0.00269996716508495,156.77999999999997
df60fbd2-2f52-46a9-9d2c-6a2ef9ee911b,0.00269996716508495,156.77999999999997
f36b3c66-c208-4f99-b88e-fc73774c85cd,0.00269996716508495,156.77999999999997
9fb0cd6d-eebf-4849-9fd9-44dd0001a6e8,0.00269996716508495,156.77999999999997
013f0aba-70f8-4cb4-9e3f-c768d7613c94,0.00269996716508495,156.77999999999997
deb89c17-bf4a-4619-b9c6-ea16e8ce9549,0.0024017975909524,162.77999999999997
32c23844-da46-4ab9-966e-74bf1abc7237,0.00269996716508495,156.77999999999997
02231a05-42a6-4194-8222-5d75c4603a12,0.0024017975909524,162.77999999999997
e9159768-74ae-4a1a-a7a4-8fee78ecea56,0.0024017975909524,162.77999999999997
b8a3318f-d1fb-4d38-a62a-a23dffe0676c,0.58624630836785,161.77999999999997
ea58b3a0-fdfa-4066-b20b-61bd9cfd7a0e,0.00269996716508495,156.77999999999997
e75d86f7-80e0-4a44-8c49-e3a80988f0eb,0.00269996716508495,156.77999999999997
946459fc-7763-428e-8674-dfda62dc2421,0.00269996716508495,156.77999999999997
c8325c28-35a3-4a42-9887-2ee5fbcf3424,0.00269996716508495,156.77999999999997
e0dfc16b-a843-431e-ae36-35bd8ae620c8,0.00269996716508495,156.77999999999997
78006181-a309-4cb3-aa82-7892b09aaa9d,0.00269996716508495,156.77999999999997
29f283ee-c23a-401d-8838-07a10fe2b1cf,0.00269996716508495,156.77999999999997
c33cef18-938a-40b6-a4b2-dc5d2051a407,0.00269996716508495,156.77999999999997
e6223a0d-6faf-4207-b922-1e8676649685,0.00269996716508495,156.77999999999997
e26fcc35-6c05-43c9-babe-38b9d2f097f0,0.00269996716508495,156.77999999999997
65f4620c-3081-4647-b5db-51e369c5fd60,0.00269996716508495,156.77999999999997
37b5c64d-d9df-43eb-86c9-7c60013c8794,0.0024017975909524,162.77999999999997
d5afa154-2d8c-42b5-85a5-1cd9bc8af47d,0.00269996716508495,156.77999999999997
ec674388-88ca-4ce9-b7c2-5c7d5116ce77,0.0024017975909524,162.77999999999997
6ccb18b6-8e50-4642-aa7e-89dbe313aa3b,0.0024017975909524,162.77999999999997
5f018564-889e-49b7-b51f-aea53765b470,0.5873173935035,163.77999999999997
6127668e-2aa7-4c39-a21d-10325c483189,0.00269996716508495,156.77999999999997
d6fdd48b-dbdc-4e19-b078-ec8880589e4c,0.00269996716508495,156.77999999999997
8ac3a1e4-94bc-4ddf-9939-cdad236ab28a,0.00269996716508495,156.77999999999997
91ec65a3-04e0-403a-9584-fe534363679d,0.00269996716508495,156.77999999999997
82416f00-4a94-470b-808f-2a4d0235d0ad,0.00269996716508495,156.77999999999997
dc3fa014-e09d-4269-80ce-decc090a155a,0.00269996716508495,156.77999999999997
c116a09b-5dcd-4695-8408-aee0ae2aef5d,0.00269996716508495,156.77999999999997
07a71f3a-95ec-4a47-a01e-9d1b0fa14e71,0.00269996716508495,156.77999999999997
b975c011-5f77-409c-bc2f-e637a50d6a6a,0.00269996716508495,156.77999999999997
9071d5bd-2216-418b-8dcf-da4bdda3fdec,0.00269996716508495,156.77999999999997
05b70eb7-3b8c-47c6-998a-6974c7b5f53e,0.00269996716508495,156.77999999999997
41bb0d5a-c998-4404-9395-30591f26e5ff,0.0024017975909524,162.77999999999997
3fe84b89-c417-4432-9943-01840a6fc67d,0.00269996716508495,156.77999999999997
8141c33a-2611-44fb-8a2e-0f75a278f435,0.0024017975909524,162.77999999999997
f2cd2883-f7bf-4a82-92ff-58c407c24ab8,0.0024017975909524,162.77999999999997
5de74822-aaf1-47ca-b5c1-7c1ff3f7b2f6,0.58749379418435,158.77999999999997
2ee813a9-acd4-4634-9c48-97dc03bd2bcf,0.00269996716508495,156.77999999999997
88d02eee-530e-43a2-9a0c-ccce34319307,0.00269996716508495,156.77999999999997
b95bd570-7b2b-4ab6-91c8-cf7060fee094,0.00269996716508495,156.77999999999997
a8d33c48-29de-4da5-882c-db92df3618ae,0.00269996716508495,156.77999999999997
e3e6754f-88fd-4a92-b883-2e221329e87d,0.00269996716508495,156.77999999999997
794fc6f1-aa81-4dee-8c8b-718d828c660d,0.00269996716508495,156.77999999999997
18c9e673-4f04-42a6-8b33-81473975fe64,0.00269996716508495,156.77999999999997
c6e5d4c7-97ce-4852-97e4-44bc9c4c711d,0.00269996716508495,156.77999999999997
50eeb3ff-56c3-42d5-9ec7-dcd77a752eea,0.00269996716508495,156.77999999999997
11da395b-ffec-4b15-ba15-5d6e22397a7c,0.00269996716508495,156.77999999999997
24372611-c375-4e4c-aaca-df57bc255116,0.00269996716508495,156.77999999999997
50756a6b-8250-4f36-b256-9e3235de106a,0.0024017975909524,162.77999999999997
082bd7be-bd2e-4dd6-84f0-4596f1315e30,0.00269996716508495,156.77999999999997
ea838c75-e8af-4d39-b2e2-c41735b6ddce,0.0024017975909524,162.77999999999997
01005412-2c0f-455e-b741-892865bd38f0,0.0024017975909524,162.77999999999997
bf13156c-5c26-44ce-b1b7-013a84bae3ce,0.5873173935035,163.77999999999997
0fea3efb-d029-4b8b-978e-f0c44bfed681,0.00269996716508495,156.77999999999997
f11070bd-9f15-46e2-a1fd-66df24b84a6e,0.00269996716508495,156.77999999999997
8f9ecd78-9b99-4ccf-94d7-37fa541c98f4,0.00269996716508495,156.77999999999997
542b715d-cd43-4fa4-b00d-7e4ba0b37414,0.00269996716508495,156.77999999999997
e21eebc5-29b4-4fbb-9609-835f9727853b,0.00269996716508495,156.77999999999997
e2c4500e-5ec8-4733-a1e8-002b3029e03f,0.00269996716508495,156.77999999999997
8b16181d-9b27-4017-86b4-e4ed2a83f0e6,0.00269996716508495,156.77999999999997
a32f2fad-e34b-4c85-a18b-e2c53e53d6ec,0.00269996716508495,156.77999999999997
1bb4ad5f-9603-4e0a-8d7e-69cb18ca0b36,0.00269996716508495,156.77999999999997
372e0437-1256-44b2-96a7-42d1b2b1e763,0.00269996716508495,156.77999999999997
47a7d8ab-f39d-45fd-acfb-aefaa2d7b939,0.00269996716508495,156.77999999999997
1cbf5cbd-b5c7-4d50-96e0-05af9e9608ec,0.0024017975909524,162.77999999999997
c35b4a48-ac88-4cfb-8f3e-ffbdeb432beb,0.00269996716508495,156.77999999999997
1a1d3011-445e-4c2d-bfe8-53c317376dff,0.0024017975909524,162.77999999999997
b6eb3a14-8e48-4a88-a310-98dbac588747,0.0024017975909524,162.77999999999997
9d20b4dc-a43a-4c90-807a-5b9f5f88a5d4,0.5873173935035,163.77999999999997
b3c1773c-05e3-4176-95aa-9f45456aaa76,0.00269996716508495,156.77999999999997
54fd8abf-bd5b-424d-9a1d-56a2c63ac485,0.00269996716508495,156.77999999999997
6aef28f3-0c56-41e7-b735-b1a4380075d5,0.00269996716508495,156.77999999999997
dc3d67fb-bbae-43df-a2e8-56b62cadc5c2,0.00269996716508495,156.77999999999997
0fc25334-a131-4eb9-87df-0b0535fd37d2,0.00269996716508495,156.77999999999997
be2f06d2-00f1-4b50-b94b-d15e0e782a1a,0.00269996716508495,156.77999999999997
d8c4fa6c-a217-42a5-9a46-2def114bdf15,0.00269996716508495,156.77999999999997
490c63de-4a08-4e02-9c44-a779f7452975,0.00269996716508495,156.77999999999997
cd2c2c44-05ea-4d1e-8a61-237983046a2d,0.00269996716508495,156.77999999999997
1d4af822-88b6-4b85-9416-1bd6e3dfe3ae,0.00269996716508495,156.77999999999997
9efcb0fd-5c2f-4ad9-b53a-b2da89dd4e6d,0.00269996716508495,156.77999999999997
6a260f36-0a90-4bf1-8e39-b550d77f7bde,0.0024017975909524,162.77999999999997
df7d49cf-e9c5-4c67-b41e-d1f54734ec07,0.00269996716508495,156.77999999999997
a8e526d5-0639-433d-99c2-afadbf9ebb92,0.0024017975909524,162.77999999999997
63f2aa88-6ba4-4b09-bab6-de96becd3b3c,0.0024017975909524,162.77999999999997
a57cd748-07c7-4da6-b3f8-7ab85c191060,0.587807988665,160.77999999999997
c7115cdc-cf57-4c6b-8056-c6a506d7c9e5,0.00269996716508495,156.77999999999997
34c65854-b57d-4033-8e56-87ee3bdb2a5e,0.00269996716508495,156.77999999999997
5551796b-1f8a-43a9-868e-9af8140838c7,0.00269996716508495,156.77999999999997
21b377b6-3663-45cb-b6f5-d5eaa05c2d76,0.00269996716508495,156.77999999999997
8ebe84d9-ce2e-41f0-a2d1-fcaef98bb87e,0.00269996716508495,156.77999999999997
2665b989-3f48-4118-a080-d9565cfd36c4,0.00269996716508495,156.77999999999997
5e6e6a56-c0d4-4e14-a765-bf438a2d7752,0.00269996716508495,156.77999999999997
f49d2a89-0021-469a-8994-54dd4f3c0381,0.00269996716508495,156.77999999999997
6b1ab433-0aaf-41dc-917e-4b71af90564e,0.00269996716508495,156.77999999999997
a1702a44-99af-422d-83cc-541949e3e5f9,0.00269996716508495,156.77999999999997
da96aff2-35e2-44b8-99a7-b642c163ef71,0.00269996716508495,156.77999999999997
75b0d0b9-302a-4a71-90ee-fa03cc1eaf5f,0.0024017975909524,162.77999999999997
ef5763e9-c7b0-4f96-ae90-e0293b99dfd1,0.00269996716508495,156.77999999999997
9c54fd88-8740-476f-af78-5f051bcb60a4,0.0024017975909524,162.77999999999997
692b0df4-e875-4cea-92e2-dcd13a8b6d4b,0.0024017975909524,162.77999999999997
b4daffa4-ff64-43e8-8ba4-c296d8c80902,0.58834453405005,162.77999999999997
0eafae28-3107-4059-8a85-c055f0923912,0.00269996716508495,156.77999999999997
ee7b262d-9324-472c-a359-c5b10279b917,0.00269996716508495,156.77999999999997
413e07c0-1a2d-4064-b5cc-30d499985a5f,0.00269996716508495,156.77999999999997
7e3d5697-d10a-4b62-afa4-0e94f07bc38a,0.00269996716508495,156.77999999999997
abf47804-a4cd-4d49-855c-449211c5ceee,0.00269996716508495,156.77999999999997
3f7389f3-1317-4449-8710-22c0ee220a94,0.00269996716508495,156.77999999999997
dcdfcb48-120c-4276-9b2b-0bffb10e2051,0.00269996716508495,156.77999999999997
86329adc-351a-4846-bb86-5d95e5b451e4,0.00269996716508495,156.77999999999997
82111efc-3167-405c-b60d-1fe6920f3635,0.00269996716508495,156.77999999999997
1f77314f-07fb-4a3a-9e9f-b375c02cefa9,0.00269996716508495,156.77999999999997
38fcaf38-7c62-4bfd-86e0-617958a0cbbd,0.00269996716508495,156.77999999999997
527c9211-eb44-4bbf-82ac-78ef73873276,0.0024017975909524,162.77999999999997
0205daf1-ee3f-4741-9626-3e2adc1609dd,0.00269996716508495,156.77999999999997
d08a1a16-3af5-4628-848a-84e9229f3cfc,0.0024017975909524,162.77999999999997
5e0109a8-b764-4496-acf6-93656ba3ffba,0.0024017975909524,162.77999999999997
24b9d26a-2f83-45c3-9408-644f1d9b2c44,0.58689034966655,159.77999999999997
5d8dfce1-a182-4696-9183-fa29f90574df,0.00269996716508495,156.77999999999997
c352fb51-a810-4e0c-af13-ae55aeadd51d,0.00269996716508495,156.77999999999997
13698a04-d1df-44d8-8f22-84e9f6d6873d,0.00269996716508495,156.77999999999997
e735e591-5aee-41ba-b3d3-2696290d2d5e,0.00269996716508495,156.77999999999997
88a59f7c-c30a-49ce-85b4-516a9c42d45f,0.00269996716508495,156.77999999999997
67631c90-16d4-4f7e-93d8-24900dba8ec4,0.00269996716508495,156.77999999999997
946824b0-d5e8-4431-91fe-a59b26c09063,0.00269996716508495,156.77999999999997
4ec9cb51-16b5-4624-a4ca-91073ea217dd,0.00269996716508495,156.77999999999997
469bdd60-2dcf-4250-b699-4c302b16bfdf,0.00269996716508495,156.77999999999997
6fbe5e77-5d2e-47c4-874f-5d945750e0d2,0.00269996716508495,156.77999999999997
73e26f47-d678-40c0-9ccd-c970b54ff30a,0.00269996716508495,156.77999999999997
3a751b4e-08f4-49df-acd5-d95474d2d0f0,0.0024017975909524,162.77999999999997
43f00396-0b23-4f5a-b4c7-5524a30a2ca6,0.00269996716508495,156.77999999999997
02faf375-cae7-4808-b918-5a6890269c21,0.0024017975909524,162.77999999999997
0aa71eb8-e0c6-42ce-8120-5358045ed35f,0.0024017975909524,162.77999999999997
c7fdf410-8ef5-475f-adc0-461c47c27437,0.58834453405005,162.77999999999997
7b8a17b6-418a-441a-b257-6a741ae79091,0.00269996716508495,156.77999999999997
bd6f23d0-e2f1-4f70-826e-999d0754eff8,0.00269996716508495,156.77999999999997
a9b865c0-ffb3-4060-9a67-48da71ad4db2,0.00269996716508495,156.77999999999997
ca66342d-3a8c-410a-8e0a-26c114a64bb7,0.00269996716508495,156.77999999999997
3d86b325-3116-4b4c-8c93-ad9ddb0d778d,0.00269996716508495,156.77999999999997
5402c8ed-adc3-407c-9f03-bb2434eab1f8,0.00269996716508495,156.77999999999997
0b917211-9f15-414d-bc51-a8694b491ac8,0.00269996716508495,156.77999999999997
d41d311d-9bbd-498c-9d5e-b23439a7cd15,0.00269996716508495,156.77999999999997
8ba418f7-596d-458b-9009-8ee02e293b89,0.00269996716508495,156.77999999999997
a565f9e5-309b-4062-88db-e32f70661678,0.00269996716508495,156.77999999999997
7b809b65-057e-477c-bf0f-c7be34452a5f,0.00269996716508495,156.77999999999997
ce625add-4253-4e0a-928a-87dd5c4aaeac,0.0024017975909524,162.77999999999997
a377cd89-67c1-4355-a010-dddbabbf375e,0.00269996716508495,156.77999999999997
ccf5877e-b128-444f-b577-5fc25480c54b,0.0024017975909524,162.77999999999997
4f161adb-f64d-42f6-9f7d-52ed9cbbac09,0.0024017975909524,162.77999999999997
342cfef5-9a1b-4c4c-8898-cf385037e1c9,0.5873173935035,163.77999999999997
745fc4cb-4754-49a9-b3ab-832d16c222d9,0.00269996716508495,156.77999999999997
1562ddbd-d062-481c-b6cd-356df74014b9,0.00269996716508495,156.77999999999997
f349add9-a705-40f1-ae64-f13d286868e3,0.00269996716508495,156.77999999999997
c6fe1bfb-a894-420f-80c9-3066adfd733c,0.00269996716508495,156.77999999999997
25ff2d4b-95ac-4213-8707-33dff3105744,0.00269996716508495,156.77999999999997
0b463256-e272-4145-9ee8-74d9e403cb96,0.00269996716508495,156.77999999999997
e10fd1bf-e118-4bd5-94c2-0a392b476e80,0.00269996716508495,156.77999999999997
2a651b33-4185-4cf3-90bf-f12eaa47a4fa,0.00269996716508495,156.77999999999997
7942cc87-abc5-47b6-904a-b73d57089266,0.00269996716508495,156.77999999999997
9ae790eb-99db-4239-8f4f-cc1d12b9993e,0.00269996716508495,156.77999999999997
5682b96f-9fa2-45a0-89ea-e5e1aa9df8b7,0.00269996716508495,156.77999999999997
e3b91f8d-f75b-478a-bd53-0a9475d3d5cb,0.0024017975909524,162.77999999999997
17b1d715-ac22-490a-b2de-22f90aa0a5af,0.00269996716508495,156.77999999999997
a912aa08-a19e-4ed9-a166-016c51f26f1c,0.0024017975909524,162.77999999999997
89c01a48-4b5a-4e00-8eac-4841b612e365,0.0024017975909524,162.77999999999997
7afe59c9-49d8-4035-9e1a-2bb8f8b18ed4,0.5873173935035,163.77999999999997
2d4e067e-f5ac-4e58-addf-c1efa7478bce,0.00269996716508495,156.77999999999997
3cda6bf2-cd6b-4683-9481-6343dfe65230,0.00269996716508495,156.77999999999997
7711a42f-8896-4bde-a75b-31595dc38a53,0.00269996716508495,156.77999999999997
3c68a181-1b50-45ed-8dae-1589317612c6,0.00269996716508495,156.77999999999997
7768dd56-b408-4504-b5ff-6457060c0271,0.00269996716508495,156.77999999999997
55ad545f-6f27-455a-878e-7ce5ece4f626,0.00269996716508495,156.77999999999997
c1729ada-69b6-4411-8ff7-c9ba4c6be112,0.00269996716508495,156.77999999999997
f291c216-e3e5-4d72-8f40-e591800a1636,0.00269996716508495,156.77999999999997
ebc8cf5b-6c31-45ab-a49c-9c69a8d6c6e9,0.00269996716508495,156.77999999999997
31f92e29-1d85-4253-9f3c-1d8b1ab0539b,0.00269996716508495,156.77999999999997
bd0181ee-0304-47ce-999f-78b64ac89196,0.00269996716508495,156.77999999999997
583b3afa-b711-409d-9a5f-e9bbfee9c4f7,0.0024017975909524,162.77999999999997
25283e67-37ef-4d9c-a762-c629926253e1,0.00269996716508495,156.77999999999997
ca8fa7a3-8265-46c9-9a81-766af156789c,0.0024017975909524,162.77999999999997
76877788-8e14-4f68-a0d6-2915941df971,0.0024017975909524,162.77999999999997
c2952829-0260-4715-a269-6ed4349e31a9,0.58834453405005,162.77999999999997
e87c3390-1f91-4aa9-ab21-97056839f0a4,0.00269996716508495,156.77999999999997
d10763e0-c6db-4d6a-a55c-42c470d83a34,0.00269996716508495,156.77999999999997
40579f78-9e96-49ab-8ea5-5b3f750096e3,0.00269996716508495,156.77999999999997
d25bc77f-88f3-4f19-898f-800fbdf1cf78,0.00269996716508495,156.77999999999997
d2a2b535-9e55-4d76-8a09-0112c8ab24e7,0.00269996716508495,156.77999999999997
78a25547-5e35-4b4d-85a5-5de2f099eb1a,0.00269996716508495,156.77999999999997
b8bbce35-bb62-455c-b2ea-ddb2b135bf61,0.00269996716508495,156.77999999999997
7a121cac-c527-40e5-b084-b27cf9955ee4,0.00269996716508495,156.77999999999997
ef020734-ea3e-4f9c-8b3b-befede8252dc,0.00269996716508495,156.77999999999997
252873fb-fda2-49ef-881b-b3a885dd3e56,0.00269996716508495,156.77999999999997
181350c2-8ae3-4277-af88-e7f317f0a8f4,0.00269996716508495,156.77999999999997
c126fc6d-3844-4d67-87bf-6ca4dd353bd7,0.0024017975909524,162.77999999999997
98e774d2-5fb8-400e-81e8-48c532c8ea43,0.00269996716508495,156.77999999999997
3e571555-2b0a-43c0-b1d7-2335ff6fc4ac,0.0024017975909524,162.77999999999997
ec066800-28f7-4897-a639-db9a1bf27ca2,0.0024017975909524,162.77999999999997
6705ffa9-2e1c-454a-b157-f7eab35bb70b,0.587807988665,160.77999999999997
dc23b773-9524-476a-bd4c-4fcea5150aac,0.00269996716508495,156.77999999999997
402a49ff-f909-4a7e-8b92-95cbdadd75c6,0.00269996716508495,156.77999999999997
395b8744-a812-488e-ace9-4946236297ff,0.00269996716508495,156.77999999999997
792d4a44-5a6c-44a9-8e64-138fae5da452,0.00269996716508495,156.77999999999997
8f571180-b44c-4a03-9514-f46dadf2a0ac,0.00269996716508495,156.77999999999997
040c97b6-2bf7-452b-970e-07240e210883,0.00269996716508495,156.77999999999997
64249599-bd70-4dbe-812e-e35739fb8ad2,0.00269996716508495,156.77999999999997
04f43229-c767-4de9-b798-bb3bf0c30b15,0.00269996716508495,156.77999999999997
1c2d830a-7723-4efa-b81c-d80db7d2ba26,0.00269996716508495,156.77999999999997
62ad0e6d-87b1-4b5f-a053-1dec741626cf,0.00269996716508495,156.77999999999997
328ca4b0-d7b1-4e83-9a85-7fb867132846,0.00269996716508495,156.77999999999997
85726728-a394-4b17-82e7-64f156a09492,0.0024017975909524,162.77999999999997
ad81f173-6175-4b0a-aa87-e75350090a38,0.00269996716508495,156.77999999999997
c87c9b50-0f21-4759-b589-b3181ddb12b8,0.0024017975909524,162.77999999999997
880cb372-61df-4e02-b2c0-5b2f619550c3,0.0024017975909524,162.77999999999997
60cdd96b-b832-412f-8a05-4afb7102539d,0.58716506609325,159.77999999999997
