SimulationID,AdjustedLatency,AdjustedNetworkCost
a2d1b058-7e67-485a-8871-c31e146355d8,0.58562686055185,224.78
27851c27-acaa-4af8-aa2d-e80d2ecdbb18,0.58286024743575,245.77999999999997
b21481f2-d07d-4f75-a1c4-17aac52ee8af,0.58348068112235,260.78000000000003
60fea5df-ca43-46ea-a99c-fbf98be3044b,0.5818911487355,213.77999999999997
ba5255d9-d5a4-49e2-842c-b95e84096a51,0.5839965237744,265.78000000000003
8a628569-a4c2-4ccd-9886-269f425a9e2b,0.58327897982225,218.77999999999997
1405c1db-0686-45aa-82fb-0145d652ce9f,0.58626490589455,240.77999999999997
10e6597c-e6b1-4735-82a3-8dc357ef5197,0.58283908909215,232.78
3583f0c2-844e-4d8b-bab9-8971296b7fb2,0.5861180095984,237.78
4f9389f3-fa62-41d9-b57a-6b8463199315,0.58253875497,253.77999999999997
36ca34a1-b4d2-43b4-aa83-f7cca664532c,0.5857316432636,169.78
345c4aba-8450-433b-aefc-bfdd1092ea8e,0.58481219265195,248.77999999999997
8aa5b17f-feec-43cd-ae7a-428bb4c6765d,0.5876930080127,241.78
5f0a4ef4-12d0-41b2-9594-37d81a77aa39,0.5836477433791,212.77999999999997
9dffae82-5c3a-47f7-88ed-7046cef03c00,0.58551867267065,197.77999999999997
0dfbbf96-b13e-4f6a-a502-25bb46024217,0.5863982161314,215.77999999999997
8b8c2f3e-86e6-4132-b082-05afb9c222d1,0.58480796832185,213.78
6888ded4-d4ee-4546-8e3b-c710bfeec50b,0.58459912882675,193.77999999999997
9cfd801e-bb6b-472e-9b98-2d9da0c126a6,0.5795111320518,198.77999999999997
c526c38d-e28e-41c4-8844-2b4968707d36,0.5858698564218,181.77999999999997
e8b80cbd-0ef9-4351-9e84-e878dde09f05,0.5821357924672,188.77999999999997
7e5453f4-e1cb-433d-a617-2820c50daf25,0.58454788237625,172.77999999999997
91685bcf-0de3-4bce-bf8c-3ce681af9571,0.58513046088045,192.77999999999997
ea48b997-1776-4279-b10a-6bc12ed4f886,0.57999296858945,204.77999999999997
c900ad18-1542-4c11-bcba-dbdc64f11a2f,0.58369447251645,170.77999999999997
84b3970f-5513-4145-8715-018278c9a386,0.5849154632842,214.77999999999997
cf8c9594-39d6-42a1-89df-dd7b7eae25b2,0.5857316432636,169.78
81a89f7e-df46-4213-beaa-e09f1d072cf1,0.58570051361455,189.77999999999997
97dab6a9-debd-4f69-96c1-14abe0d5dd1f,0.58639669074285,189.77999999999997
1250869b-4c24-4c06-9c88-887a64632c46,0.58352943855825,171.78
0a0bea19-2d98-4e20-8144-21594aba878a,0.58403688135445,181.77999999999997
32b64914-56e5-409b-979b-9852b75fa2a7,0.5853497715116,187.77999999999997
b5417037-3475-4ab2-8bb4-6c1ae3ced401,0.58188316335345,181.78
c3cbe402-d29b-4409-be22-5ad976036fe8,0.5868840844805,173.77999999999997
b16539fe-453e-49ec-8955-fc77216f109e,0.5840382243814,165.78
a7b011cc-354f-4438-8696-f1c8b8b2fc5e,0.5834656992075,169.77999999999997
92e956b6-a4c8-4b60-a71e-eba85e30120f,0.5822509605638,169.77999999999997
7bf7818b-39b7-487f-8b69-3bf616519130,0.58209834970245,160.78
7f8155c5-0811-4fd1-96e3-fe35a694c3c1,0.5817632518538,165.77999999999997
37512ed4-7ee2-4725-af7e-d0739cd4adf2,0.581579924469,168.77999999999997
57ac5223-c104-49ac-9aa1-f9afcbe53284,0.58139855067675,169.77999999999997
0da768e6-4a37-4296-a39b-b612dbc00263,0.58141154015265,179.77999999999997
a5a56343-d299-49bf-a23c-e739df2dbfd0,0.5832676604305,162.77999999999997
14b3630c-0b9e-4bbe-bc09-1057e9124d7c,0.58515136114225,171.77999999999997
6e24443d-5157-4a63-bc91-93a78a747fc6,0.5835648776349,172.77999999999997
fbcc6abe-62bd-4c29-867c-4f2da5f2a8f0,0.5826125925422,157.78
81986058-6d7d-4fc6-ad5f-e4123bb161a9,0.58642142518905,190.77999999999997
87a3cf74-068d-4b16-a82f-2976a1beaf6d,0.58193097483605,163.78
e90b59fa-61ff-4dd2-8b7c-632b039dde9c,0.5826738167128,172.78
cf70ab95-dcfb-4863-86c4-ad035111c208,0.581586618889,170.77999999999997
1a69f201-5bc8-4e99-a5c0-464eb025e9a1,0.5839873436196,164.78
e50674e9-f111-4fe2-b3e8-0f633965465e,0.5826525041608,171.77999999999997
b970662e-e6fd-4073-8d2f-0c8b8b045fc7,0.58238462293185,178.77999999999997
c96010ce-d154-4365-adbb-07d11a3b3c30,0.58334991973485,170.77999999999997
7f1ce07a-aa95-4f55-81ad-4b6a96d8a071,0.58295277541415,160.78
eed6a6ff-e225-4301-a77b-544ea491d35c,0.58350304793615,164.78
4cac63c4-a11c-4539-83cc-2a5390c3bb6f,0.5829677950064,156.78
82e738cf-5580-44c4-982a-8a51fc6d82d9,0.58435879895525,170.78
965141bf-d908-41ee-80c0-6f929e56fbdc,0.58325055800705,156.78
55de14e4-c143-4d7e-983f-f91a1f63df12,0.5810794274524,161.78
2d9b2365-1155-4fb5-b580-c431953303b6,0.58682198423745,147.78
da17b7bc-d5d2-4d34-992e-32f2c0b0b596,0.58246170409285,161.77999999999997
d5671612-8647-4ad9-89c0-a38921724dbb,0.58412942196995,177.78
e707274a-537b-4145-bd0d-a01c02b653a3,0.5841645823785,157.77999999999997
123d4658-ee35-411f-af8b-cf113da8b5ea,0.5826234905172,161.77999999999997
b55c6fa5-6219-4465-8d42-499472c410db,0.58460472329605,153.78
fa67973b-97e6-4742-b96b-d488841cb50c,0.5821952187589,156.78
46586114-20c4-4cee-adc7-a060ee3a56cf,0.5825974362198,162.78
b3d1d05f-043d-4e3d-b517-aec850be0459,0.5822985535049,168.77999999999997
dfba9543-ed6d-474c-bac4-affb33ece3db,0.5840203348003,160.77999999999997
59669b39-6ea2-4b6b-a28c-b3ee9c0dae47,0.5810705914439,151.78
9b9b1278-e16e-4bd5-81ba-468ff0a7cbd1,0.58539330030495,148.78
f0eddee7-d2f8-4231-b3dc-9fa676743ef4,0.5834486387117,156.78
a03fcf9c-a54f-48fb-897b-a8c3357ee385,0.5839005932337,157.78
e68e4db6-b780-4b59-b304-97fc741cec71,0.5843895492288,156.77999999999997
0cdfcb27-b714-4308-bf29-dc1bb2b11f33,0.58099993079565,156.78
24fb6fc0-9e67-4a55-a9ac-d7b303ca89e7,0.58075974407665,152.78
a52ef425-e977-4d42-a48c-9f4bef3c4faa,0.5853735382226,157.77999999999997
64e22e85-c54a-4281-ac0b-00c92aa11fdf,0.5850073717706,174.77999999999997
2a3b6af6-9b4d-4558-abbf-4090fba0efe1,0.5819395267361,155.77999999999997
829b2f27-4e6f-4f0a-93f6-71908b851496,0.584265818124,161.77999999999997
35855fd9-ddb5-40b0-b061-df18cc0e08c7,0.58284070759725,150.78
2b1854ce-3879-4fe2-83c4-3af62ff6e4e1,0.58184429989985,156.78
0ef0fa58-15af-465c-be6e-2c798113a5b0,0.58350842590775,168.77999999999997
f285e230-cf38-45d8-a627-9ffe542db423,0.585232932535,160.77999999999997
d1966c60-2150-4c04-b35a-6f736a466be9,0.5837913656439,153.78
fd1d4e48-8a72-418e-9e4f-2fd51a2bfa54,0.5810705914439,151.78
2e2638cb-1d64-4d65-9afc-47b3587d0fd6,0.5844777578006,152.78
42c72675-e2de-4a43-8130-9980255a072f,0.5844089706335,158.77999999999997
0cf19e17-60ec-4f01-80e7-70490767da60,0.58210990618025,154.77999999999997
5de5be59-daf1-4854-8f51-d5f177711c88,0.5802478563769,168.77999999999997
f946b305-613b-4104-a924-1c9e4ecb9c19,0.583528392739,158.77999999999997
5a41c2ec-fdb5-4297-b502-813c57efb2c1,0.5826200332403,159.77999999999997
4f7927bb-65e3-4ecb-8e91-1ccf504bea50,0.58397270383505,158.77999999999997
6c80e1ec-c8b6-4acf-b4fb-469f7335adf3,0.58011641248465,165.77999999999997
cf90cdfb-846c-409a-b361-ca029fef5183,0.58279826898735,149.78
75df67a3-5df7-4656-ae5b-1f95e9c4b005,0.5841078714706,153.77999999999997
62361d09-49d3-4089-abd4-a90d3c754cf8,0.5825253515085,150.78
029eaea3-5397-4cd5-a2da-79a1e81afa8b,0.5834855867678,155.77999999999997
27c08254-bdb1-4db1-9d71-8b8d5f464372,0.58522191051625,164.77999999999997
00c7bd04-592f-4838-8b98-f0e954c55429,0.58184429989985,156.77999999999997
4411749d-9d0b-4386-94e1-31ae738c080c,0.583307698783,153.77999999999997
c983ec90-892a-4970-bdce-c0d89c967c7e,0.583307698783,153.77999999999997
2d30151e-2e23-4540-bcb2-6b9bbb5ada4b,0.5832705742261,149.78
5f431548-3eac-4f8c-9144-9dadd36c8209,0.5857890919906,157.77999999999997
0510a39e-292f-4832-9e4e-9b6e89d96286,0.58590630188065,153.77999999999997
14c9a8a9-53f1-4bfe-a917-6f51d0c1be1a,0.581421962971,156.77999999999997
75e33696-1820-4e34-a764-affde202f8f7,0.5841078714706,153.78
b10665fc-dc6a-419e-bb8d-a7dcc14950ff,0.58184429989985,156.77999999999997
08081f97-c5ae-4131-acca-c9b57c35ad89,0.5812324627631,156.77999999999997
fd72eef7-0255-4b89-8717-0ba3dbe10346,0.5834855867678,155.77999999999997
428ba176-e671-4318-ba1f-b1e3018b892d,0.5869686198463,152.77999999999997
95a4437a-efac-4012-8bb9-c74e3cb3c1b0,0.5839028128854,147.77999999999997
2056f8ed-e143-4c74-ba5c-0f81b2833885,0.58279826898735,149.78
dc380776-babf-4341-84a1-5c5c8a642b38,0.5834855867678,155.77999999999997
8b5a10bb-c57e-40f3-82a3-427cd431d05d,0.58365026376935,166.77999999999997
3a612f0f-9d29-469c-aece-3517d8db2873,0.58184429989985,156.77999999999997
654e4079-ced7-4802-ba6e-c6ce561b9c44,0.583307698783,153.77999999999997
ab42b8f8-0fe5-429b-bd92-22ea2fe92bf8,0.583307698783,153.77999999999997
167afbc9-9b8e-4eba-8bd4-f0ed5499aea7,0.5834855867678,155.77999999999997
37af802c-ca9d-41d2-82fb-d9d74ceb8236,0.583307698783,153.77999999999997
e3afde77-ed1a-43a3-ab46-b774d9690e7a,0.5841586563787,152.78
4f88f74b-cded-44a4-ae85-ecc801e975d7,0.58409127049085,154.77999999999997
78578eee-bfbe-4be0-b5ba-99aa0073c7ef,0.5841078714706,153.77999999999997
298f3799-f258-4112-89eb-47ac5dbc819d,0.5865536086562,153.78
4507c2b3-4b0d-43b0-aac7-26be9e79d32e,0.58367486589845,148.78
6ffc8b54-0297-413f-8a0a-3838126cab18,0.58279826898735,149.78
f35ea0eb-9523-4193-a945-fd4d9ae14b52,0.5869686198463,152.77999999999997
236ed7d4-17c6-4dd9-bce3-42a0bb751b9e,0.5869686198463,152.77999999999997
a4f7c7a5-1156-4729-b42a-f5d719f064d1,0.58580726141005,144.78
21453fb7-f7bb-472b-ab41-f1f64dad8119,0.5847767757278,156.77999999999997
05c4ee08-2dfe-4145-9773-e106712aec71,0.5850515589248,161.77999999999997
a52146f0-04b3-4950-bc5b-44a18271eb22,0.58097097007765,150.77999999999997
9f387db7-3bbc-49fb-9d2e-a12752e4129f,0.5869686198463,152.77999999999997
18a6b532-2cb4-4455-bdf7-c32c49644ec8,0.58184429989985,156.77999999999997
cd59b32d-39d0-4cfe-8172-9d09fc720bff,0.5834855867678,155.77999999999997
1793e0f7-d13f-4bcf-a56f-7e8b0be7ff6f,0.5869686198463,152.77999999999997
bf81aa33-4171-4ffa-925e-6d66ac144011,0.58279826898735,149.78
0e0aa543-961a-4ab0-bcf3-d21ca3d19c23,0.583307698783,153.77999999999997
f0053f1f-e981-4b1b-b147-d1015575bc68,0.58097097007765,150.77999999999997
20dfd187-9106-4831-96d9-d7e8b60f2028,0.5839028128854,147.77999999999997
a85d3e53-52c9-4446-b85a-98fb26ac9282,0.58279826898735,149.78
9299399a-3f29-4f41-b9d1-dabec1d543cd,0.58279826898735,149.78
d8604366-8fd1-4b8c-93b0-805a3866e25e,0.5839028128854,147.77999999999997
31c21fac-3719-457a-b41a-c33547ad1ec5,0.5869686198463,152.77999999999997
6f544b15-0827-4067-89f7-bb715fa08ca7,0.58580726141005,144.78
d59cf8cc-90e0-41fd-a252-6769372394ae,0.582314801696,160.77999999999997
ba044aaf-2108-4ced-9418-edb9f0a59b36,0.58314371442845,165.77999999999997
53dbe752-c3cf-490b-9d6f-2281c85c0033,0.58580726141005,144.78
95dee1f6-1d48-419f-b8a3-c1b26129cf6d,0.5869686198463,152.77999999999997
3df796f9-f7b4-41a5-a330-017ec7a2342c,0.5810705914439,151.78
946ef4b9-63da-4a08-9341-50c864dcdd17,0.5834855867678,155.77999999999997
bb555681-4201-4383-8336-7b53319aec10,0.5869686198463,152.77999999999997
7cd485a2-05a0-4385-b46e-f49df35f93c5,0.5869686198463,152.77999999999997
cf34b2ed-d463-4764-84f9-3933a56e290e,0.5869686198463,152.77999999999997
312ad4b5-cb97-43c0-bc75-8f032eb6ed39,0.58580726141005,144.78
cf3ad62b-6998-464a-9b37-40cf710b5e4f,0.5839028128854,147.77999999999997
8acab84d-516c-46d7-8df3-ad06d366514b,0.58279826898735,149.78
e2d6005d-5c40-4935-aa58-667a5d132d51,0.58580726141005,144.78
67d9e80c-e211-4ca9-9f33-75cb740f2005,0.5839028128854,147.77999999999997
5f2afe3e-bd92-4bfa-b5fa-5e25d8373737,0.5869686198463,152.77999999999997
7463170c-7a53-40bb-b224-a6fc7a28925c,0.58580726141005,144.78
89553b93-1a33-4aea-a819-d42bcd6ea9a5,0.5806460943608,157.77999999999997
8b8ee199-44e8-4c95-b4ab-1c1fae8137cd,0.58623622574745,161.77999999999997
db063749-d61b-462e-b823-519c2f1dcc69,0.58580726141005,144.78
80e44365-ee1d-4658-a445-aba4b58f17d9,0.5869686198463,152.77999999999997
15d25d65-7b3a-46d2-9d03-d9b8ffea1fc2,0.5869686198463,152.77999999999997
9f99d22a-571d-4979-85d8-4d8dd4e7cb45,0.58184429989985,156.77999999999997
bb6a1cdd-06ce-4fb4-bf29-8558b58b42f8,0.5869686198463,152.77999999999997
550dc512-4b0d-47e6-9727-0bee4507f7dc,0.5839028128854,147.77999999999997
4db978cb-14b6-44df-8474-b2dd156ddf01,0.5839028128854,147.77999999999997
9a5e8d14-2634-44a2-9b6d-0dbc8cd00928,0.58580726141005,144.78
6bc93213-42ce-4d4c-b67f-e9649b6a0938,0.5839028128854,147.77999999999997
cb278e4b-370f-462b-a11a-f90f455eb632,0.58279826898735,149.78
8a2768ae-7019-4517-912e-ddd8f36463dc,0.58580726141005,144.78
b0ae7d2c-9278-4896-8106-baf8fc9d226b,0.5839028128854,147.77999999999997
4d3e343c-68ce-4a8a-88aa-a4a05b5c1d93,0.58279826898735,149.78
d3c7915c-004b-4854-94f7-f176dc6bb7e9,0.58580726141005,144.78
7ebafa68-dc51-430f-ad51-974aac138633,0.5841501239333,161.77999999999997
771b22d4-b854-46eb-89b7-996561dd20a4,0.58623622574745,161.77999999999997
16e51820-5fe3-4e31-9319-924748748fd2,0.58580726141005,144.78
574696b9-8243-4d1f-801f-5f2532c5cfb3,0.5869686198463,152.77999999999997
2488f5d8-fece-4fce-aebe-9008aa1ec53c,0.58212423908085,150.78
fec243d4-a413-429b-b9a7-4f78ada15b2c,0.5839028128854,147.77999999999997
2edf2fc3-959c-4090-b0af-429a831dd9cd,0.5869686198463,152.77999999999997
57ee1cf3-82f5-4c50-b799-5a5ccfffef71,0.5839028128854,147.77999999999997
a5a32dcb-74fa-4796-bccf-4e9657d15f9d,0.5839028128854,147.77999999999997
a1f39b17-d775-4f49-a633-193dc96fa452,0.58580726141005,144.78
e9a726c2-0527-4c65-adbd-73d14dcf3be5,0.5839028128854,147.77999999999997
6dc69605-edcc-4913-b03e-abaf033b35db,0.58279826898735,149.78
070e0665-cff6-48c2-9007-9c4615e4b6df,0.58580726141005,144.78
b54286b4-cd01-45c9-8e1c-b02bbb43d4ae,0.58580726141005,144.78
485259b7-ed98-4c95-9290-b85c666a3f05,0.5869686198463,152.77999999999997
e023d274-d489-45d4-82dc-1fd5aaac4459,0.58580726141005,144.78
f6f2f8a8-5eb6-44eb-81a0-7c4f27e1f436,0.5834855867678,155.77999999999997
772b8a46-210a-43d7-bcf6-2ba262fae761,0.58359359752315,164.77999999999997
4b3b479a-235f-4843-84de-c4453b591fa4,0.58580726141005,144.78
34259b08-e4b7-4b88-b91d-5334832f43b7,0.5869686198463,152.77999999999997
f64db15b-58a7-4313-8b4e-4a2fb72795ca,0.5839028128854,147.77999999999997
da6267b2-186a-4f4e-95de-de4ea0d30e8b,0.5839028128854,147.77999999999997
0d1e1aa3-2a59-4b49-b545-ee22c740c02c,0.5869686198463,152.77999999999997
58608091-0b56-42ce-a469-ddf4d92ebda0,0.5839028128854,147.77999999999997
d84abbaa-de4f-4114-a88d-d576a478dc8c,0.5839028128854,147.77999999999997
acaa8561-fa30-4742-b231-42cd721d79d1,0.58580726141005,144.78
7dcdac43-5643-4e2a-aeb4-1efdc5a5595a,0.5839028128854,147.77999999999997
59905561-a373-4cb0-897d-378873acd88c,0.58279826898735,149.78
6efb859a-65d8-4c16-94e7-7271d92a3bd0,0.58580726141005,144.78
e574c8f4-3066-4841-a170-9d411daaa521,0.58580726141005,144.78
18c7cb6d-dbe5-4584-b0a1-35e9d8490d4f,0.58279826898735,149.78
7dcd6a61-7aff-46eb-9457-2d16d1250917,0.58580726141005,144.78
1dd44d4a-cf6e-4589-8b96-5f1dc405581a,0.5869686198463,152.77999999999997
d586788f-c246-4ba9-8e54-5714972acc9c,0.58368823374515,161.77999999999997
c4615c7f-9898-4bc1-8484-3b21cda5c3b7,0.58580726141005,144.78
3bee7809-678f-4d9c-8e2f-133e4c84eee3,0.5869686198463,152.77999999999997
169d6f56-94ac-422e-aca0-0fb68cb37289,0.58580726141005,144.78
2d676986-c78a-4057-a59f-3a7d03da62f7,0.5839028128854,147.77999999999997
2be3c7af-a851-4c05-88c9-c22bfd39a6fc,0.5869686198463,152.77999999999997
ddb72610-b73e-46e8-a96c-09ee1812476f,0.58580726141005,144.78
427de926-5538-4a46-9d12-d2df2bbef5e9,0.58580726141005,144.78
f24f126c-1fd6-46e9-92eb-2a304693352f,0.58580726141005,144.78
8b76e778-f5c9-4b66-b6fd-c462eb42e6a8,0.58580726141005,144.78
e3bc9998-8a7d-45f9-9044-5894af4d512b,0.58279826898735,149.78
dbc9045b-6b6a-48fd-be5d-9fb569cbbf1f,0.58580726141005,144.78
b9169ccf-32f1-4f23-9b63-799162966b52,0.58580726141005,144.78
51696d7c-bad8-4570-92eb-8eb3b4de44c3,0.5869686198463,152.77999999999997
f7766b47-95ad-4071-a87c-01b464fd6801,0.58580726141005,144.78
91729f0f-80ca-439a-bbb6-8fd781dbc2d3,0.58580726141005,144.78
b324ae23-1086-4ada-a55f-f9ca0d1b27e9,0.5849397843321,156.77999999999997
d74a12e5-f19c-4590-91d1-3448204726b4,0.58580726141005,144.78
b734a8a4-4bcc-4317-a876-3f11441afec7,0.5869686198463,152.77999999999997
c720e849-fbc2-4976-9231-7c24b8886d23,0.58580726141005,144.78
00baff11-86f8-4d90-af2c-3b3ee44dc4ce,0.58580726141005,144.78
7fcbc478-7e01-4954-a509-e2fac59341b3,0.5869686198463,152.77999999999997
c1046f8e-def1-4a79-867c-6997061cfdd0,0.58580726141005,144.78
9c901214-4e06-4f11-86fd-d4c224b4a10c,0.58580726141005,144.78
19ae0d85-98a3-4541-8096-ce29755cf7c0,0.58580726141005,144.78
130c6497-182b-4fa1-b1bc-5a4612c0b27b,0.58580726141005,144.78
7bfd737a-7d69-42c9-a8df-4ad2355351da,0.58279826898735,149.78
b11f5de4-d1cd-4150-bdd2-953d8e7930c3,0.58580726141005,144.78
649c935b-a2da-431b-9535-327c10cd8886,0.58580726141005,144.78
32b1efe9-c95e-418f-8837-d5e5cf11ca95,0.58279826898735,149.78
0a6031b7-5aa9-4e0e-bf54-765ed9e40333,0.58580726141005,144.78
6780f4a8-3784-4b20-8b24-6bf0f05f7c1e,0.58580726141005,144.78
db82c96c-f90b-4a9d-b1fa-7e461f882a51,0.5849397843321,156.77999999999997
22330c4a-332e-44c6-bebf-81bc8d8bfedd,0.58580726141005,144.78
a01ef01d-1e2c-4c62-bb7a-d112ae0cab43,0.5869686198463,152.77999999999997
ef7fa76e-e0f8-4bb4-874a-2cec7d5fb5bd,0.58580726141005,144.78
af4ac226-3cc0-4438-a325-4ee7f9f930d2,0.58580726141005,144.78
d59f14bf-7be8-42ef-aec8-21fea4845f0c,0.583307698783,153.77999999999997
81600017-f5de-47bf-8fb1-411c233c129b,0.58580726141005,144.78
51479d24-38d0-4c62-b320-421d2c5d2a37,0.58580726141005,144.78
cf395dbb-016b-4ba4-a9b8-5bcf058371a4,0.58580726141005,144.78
49c2ddae-f3ea-495a-b60c-17df9fbfb729,0.58580726141005,144.78
7d03de83-395a-4092-a677-b5d2952830e9,0.58279826898735,149.78
b753bda5-f45e-424a-b2d2-1013e075bd79,0.58580726141005,144.78
912bf9c7-bdc0-4171-8d4e-fd5d96b49de9,0.58580726141005,144.78
5392edce-0200-4233-b7f5-32d00cd27343,0.58279826898735,149.78
67e3d043-a59a-45e9-9c52-5c7d2e8cb801,0.58580726141005,144.78
d472c199-560c-4e02-80a4-6bb2911e771c,0.5839028128854,147.77999999999997
ad1175b1-4815-4e6c-85b9-c2ba60390b24,0.5819395267361,155.77999999999997
f19bef3c-e029-44cf-901a-fd32766ced6f,0.58580726141005,144.78
70f615b3-af22-4afc-ad24-a451fb153f2a,0.5869686198463,152.77999999999997
8efd95b2-6181-4cb5-96ff-62621245e931,0.58580726141005,144.78
59599cbf-72ce-42c0-8b43-ef1d838ab2fb,0.58580726141005,144.78
3422990c-4816-4e19-8632-c66e4b18ff28,0.5839028128854,147.77999999999997
e6e8e707-9fd9-4ceb-8254-f22cc84f1eda,0.58580726141005,144.78
49bb9674-2dd3-43d7-b371-2e306a7bfaf0,0.58580726141005,144.78
6d1095d6-1f74-4ffd-8943-6dd109cc7865,0.58580726141005,144.78
fa7ba2bf-4ad2-49d5-af50-26e33b51d5ae,0.58580726141005,144.78
c9146c9d-7815-452a-bf1b-7d624349b2fb,0.58279826898735,149.78
ff7c9d4d-a7d3-46f1-a374-4a184b585f0b,0.58580726141005,144.78
083d5b69-7f96-4025-876a-116cbfa175c4,0.58580726141005,144.78
793dcb26-4648-4ae7-a10b-ffeaba4900db,0.5869686198463,152.77999999999997
112243ba-f8a4-4452-afae-d9ae0273606d,0.58580726141005,144.78
690fdb67-07b1-4b86-be22-7b17151a6320,0.5839028128854,147.77999999999997
f43e083d-00d2-4037-98c6-12de4e957efc,0.5839028128854,147.77999999999997
b44c83fc-e1d1-49a3-9bee-0e58ad1ddb90,0.58580726141005,144.78
d93f2d8a-e91c-4e04-a537-f16e4e55f35c,0.5839028128854,147.77999999999997
04fe9a37-49fe-4289-8d9e-36cf799716a4,0.58580726141005,144.78
02c03fa5-e24c-4a39-9e40-00f6a46998a0,0.58580726141005,144.78
c7f131cc-9bb1-4450-aae2-4f2f692ca591,0.5796539267228,150.77999999999997
af97d4d6-f29c-453c-a1b1-b81abf71b279,0.58580726141005,144.78
9ca6ac84-1402-4a82-b17c-77d6d7ae9b74,0.58580726141005,144.78
6152ca3a-4c30-4d73-8c3f-3c562acb45ea,0.58580726141005,144.78
eddf3798-1b24-4558-a7fa-29a08a5db212,0.58580726141005,144.78
d0a67a89-de0e-4da6-b7c2-3b84519bcad3,0.58279826898735,149.78
c2ea4adb-6317-4267-a7b4-92efd5569f53,0.58580726141005,144.78
e3110cab-cdc8-44fd-b06a-827d5f13a93d,0.58580726141005,144.78
bc7e729b-66b7-448e-a530-0dee27db6e68,0.58279826898735,149.78
4d862879-161d-423b-9c1a-0b4111af9452,0.58580726141005,144.78
951533e3-9a18-4116-b96b-884f113cd416,0.5839028128854,147.77999999999997
a597c10b-870d-4fd2-971b-3ef133c90237,0.58580726141005,144.78
43fe7f4f-d837-4b96-9c6d-c17c177615c3,0.58580726141005,144.78
4c8101c0-8890-4b2f-a78a-23534a90d429,0.58580726141005,144.78
7222a4f3-5d29-486c-b9d8-f4c2d0b64c22,0.58580726141005,144.78
b72e85b0-c746-4603-a419-aba7d518d927,0.58580726141005,144.78
fabc7a3f-9489-4371-b980-db97984e192e,0.5839028128854,147.77999999999997
1992b9e6-374b-4448-80f2-c95ad6e010e6,0.58580726141005,144.78
02ef8887-b493-4927-a307-55d73cee79b1,0.58580726141005,144.78
d3b0301a-1be4-4523-9b41-ad211195f1a2,0.58580726141005,144.78
c2618697-dacf-4dc9-a20c-b9238d33a109,0.58580726141005,144.78
8aff6c0b-9d69-4b0a-beae-afcbbeb3c178,0.58279826898735,149.78
550a26dd-7396-46d3-9f4f-f8ab38139d8d,0.58580726141005,144.78
4bfea423-9dca-4589-afc9-fcedf9c3545b,0.58580726141005,144.78
89c77d09-f46a-4d14-9e31-2fd453b2f70f,0.5869686198463,152.77999999999997
76285b1b-6ce8-478e-adcb-18f52c63e697,0.58580726141005,144.78
014ecd18-309a-4d42-9935-4d81861f89d2,0.5839028128854,147.77999999999997
d4c0896f-67cf-4fdd-99bc-4331bd571f30,0.58580726141005,144.78
9dbc85dc-2cbf-41c4-a088-cb3336c73eea,0.58580726141005,144.78
fb3d3d88-6d95-4069-9602-c8430edf95f8,0.58580726141005,144.78
e33c8d25-f3dd-4e23-810c-70471ae09347,0.58580726141005,144.78
9f872cc9-9452-4454-ae3b-83f527edb7b5,0.58580726141005,144.78
3b1a0a06-f34d-4c3e-a294-4d4208c0c4fc,0.5839028128854,147.77999999999997
6a6c4c6b-e541-495e-9eac-a2a03972f6df,0.58580726141005,144.78
68ff6984-2dfc-45b3-bab6-ba4524aef392,0.58580726141005,144.78
e9723180-57a6-47ee-b4ae-09791bef6e7e,0.58580726141005,144.78
890748e2-d540-4162-bcde-d7bdce8f6ea7,0.58580726141005,144.78
bc7cef9a-e9e0-4a16-80da-182728e4d1fb,0.58279826898735,149.78
ce29912c-4210-474e-9c9f-c0d3b248dcd4,0.58580726141005,144.78
29684c22-671d-4688-af2e-32a1ef37fd5f,0.58580726141005,144.78
c9e16232-49d5-4bea-b622-46811f86a441,0.58279826898735,149.78
d8f043cd-501c-4129-b271-9696c63f163a,0.58580726141005,144.78
6f8a488a-c7aa-43a9-ac75-6d82838712e4,0.5839028128854,147.77999999999997
9120c439-8c71-4290-94e8-030701be9b15,0.58580726141005,144.78
0c03a924-967a-4a67-b53d-408c28109153,0.58580726141005,144.78
d49a5cd7-e3ed-427b-90d1-69c301e6b2ab,0.58580726141005,144.78
26318ed1-9c0f-491a-86c5-b462f23659bb,0.58580726141005,144.78
c0f5c4b3-6b02-4836-b114-cc66b68b517f,0.58580726141005,144.78
5d0853a0-580b-4a17-8389-2a9b67d3b08d,0.5839028128854,147.77999999999997
2318815d-96cd-477a-a4d4-fef5ac0ec3d0,0.58580726141005,144.78
b21ba2a6-0a22-4b39-b470-62c1762b4c73,0.58580726141005,144.78
aa9fcf0d-b0b2-44c0-9c49-72f8971ead28,0.58580726141005,144.78
433da710-7e56-46fb-987e-dea737803371,0.58580726141005,144.78
f848373c-2a3a-4dc0-b13c-826f2cc45aa3,0.58279826898735,149.78
6068a7ea-d8df-411a-b321-87b8c3e7844d,0.58580726141005,144.78
a49a6ac7-9aa4-48cd-b052-8f552065aecc,0.58580726141005,144.78
f1a4c9e9-4ad5-40c9-82de-7dd2bb593765,0.5869686198463,152.77999999999997
48a2b873-1d66-46e3-b765-612f8930b24d,0.58580726141005,144.78
5d0717e8-f4be-4b2e-8fcf-194ac7521d22,0.5839028128854,147.77999999999997
755e2dc0-f361-4585-a024-cde45fde1967,0.58580726141005,144.78
5ab4fd5a-ef89-433b-84f5-2df7ab55543c,0.58580726141005,144.78
0f49e0df-f6e8-447b-97fa-9de9587477fd,0.5839028128854,147.77999999999997
3d2db8ac-d994-49fd-95d5-7e8d7cef024c,0.58580726141005,144.78
1cad5d72-bb0d-4de0-82bf-d73788ead862,0.58580726141005,144.78
39ef3480-aa9f-425f-ac91-51be7b9f3c67,0.5796539267228,150.77999999999997
38663a8a-321d-4155-bd1a-0a8a0094117a,0.58580726141005,144.78
315590ed-5593-4b09-bdf7-8db7300c735a,0.58580726141005,144.78
191c40d9-ec2f-4805-914e-9376ef4857cf,0.58580726141005,144.78
d63dec75-302d-4135-8587-ba40911f2c38,0.58580726141005,144.78
1cea4463-2d42-4287-8c4a-9db43b87000f,0.58279826898735,149.78
1a771ada-7c59-4ea9-8c99-65267b6304b1,0.58580726141005,144.78
12f40d7a-5d8d-4981-a75b-5720ae900f8f,0.58580726141005,144.78
e5e08ca5-dd46-47eb-80e5-e61cc5f2c28f,0.58279826898735,149.78
5958bde0-b69b-43d6-94ea-db9fcfcbd510,0.58580726141005,144.78
6accd821-cbc7-4768-a3db-a0c9db724b12,0.5839028128854,147.77999999999997
fc8bd5ce-da1c-4c04-b183-52f991c88da0,0.58580726141005,144.78
e8b45fed-bac5-4bcd-b644-13acfdab59d0,0.58580726141005,144.78
e29e6eed-f024-49e3-86b6-5e35dd2d6f28,0.5839028128854,147.77999999999997
84f85b3c-744e-4959-8c8f-b920bf76236b,0.58580726141005,144.78
156fba7a-7470-4295-898c-ee9c8bfd5ce2,0.58580726141005,144.78
afd1d0db-7eac-456b-9434-bdbb2787760a,0.58580726141005,144.78
959f9f35-be22-4c6e-bd63-566389bf13f9,0.58580726141005,144.78
fb940887-8388-4a67-a814-03391ad2a1a4,0.58580726141005,144.78
f981993a-a96a-4f58-83e8-8eff5a423562,0.58580726141005,144.78
345db185-4afe-4bce-82d2-428a19734ab2,0.58580726141005,144.78
254b22d2-f8ce-427d-97eb-e52a0c132b6e,0.58279826898735,149.78
7f553132-e1b5-461f-a976-f6addcfaca1e,0.58580726141005,144.78
f05efca5-a2b2-45c5-8bee-1e5d544270bd,0.58580726141005,144.78
d624a67c-b019-4a60-a2b7-77886851f985,0.5869686198463,152.77999999999997
42df9c67-5955-43ae-ad92-65f75d953ed1,0.58580726141005,144.78
08437f42-5623-4457-a59d-78f23268df27,0.5839028128854,147.77999999999997
4ec37638-dcbf-4e0d-85af-c236113f2343,0.58580726141005,144.78
ebc375b1-9a0c-477b-96f0-7e9dff8d00da,0.58580726141005,144.78
1cdd7776-6235-471a-86f4-1772b84036f9,0.5839028128854,147.77999999999997
e4784679-702c-4546-9e15-a6bff0573b20,0.58580726141005,144.78
bd3f1a82-aa59-4517-982c-c66394a1cfa8,0.58580726141005,144.78
be50e52e-f290-44e1-847f-679ad73275bc,0.58580726141005,144.78
6a75136b-6ca4-4bfb-84b4-f6b81385eb27,0.58580726141005,144.78
4b7e3cb8-9f14-456b-af79-f8c6529a1bdd,0.58580726141005,144.78
56f2fe75-8464-4fd3-b447-d813d539eba4,0.58580726141005,144.78
b71f276f-cd15-4e99-a227-5065a0da3d4e,0.58580726141005,144.78
04d1db93-ace2-46d2-a7b2-145b596e6e7c,0.58367486589845,148.78
db61535e-479e-4043-a52a-1d6cac49cdc8,0.58580726141005,144.78
21c8f57e-ee55-49c3-afb0-b69c4ed8e141,0.58580726141005,144.78
5f10ff6a-fe6e-40ff-9cac-ba1918f9d7e1,0.5869686198463,152.77999999999997
3f3d9a0f-acbc-49ec-927d-920bd163415b,0.58580726141005,144.78
b287e053-eebd-425c-bbb9-7aca28d34667,0.5839028128854,147.77999999999997
22e2ca46-c8c5-49ff-8297-18a8744fd503,0.58580726141005,144.78
76eeac6e-fb15-4487-b60e-1820ffecb181,0.58580726141005,144.78
f1e1f917-1d50-4dfe-8974-cd8680b9fa6f,0.5839028128854,147.77999999999997
cdba4d86-6e3b-4cd1-ad52-67949c79202a,0.58580726141005,144.78
d2a6a9f0-fa30-4213-91e4-d143dc52f7fc,0.58580726141005,144.78
5dc1baea-76c2-4923-9107-263ab132af5e,0.58580726141005,144.78
5ec07a60-c985-4b5c-970c-19dccad0bc21,0.58580726141005,144.78
c03bf05f-d94b-472a-90a6-feaaadf95c3f,0.58580726141005,144.78
0f279740-972f-4da4-853d-62dc031e0f52,0.58580726141005,144.78
bba4f30c-cea9-4d25-9e56-766ae8d544da,0.58580726141005,144.78
2f3ffbdc-f040-4f1f-b557-8b5c53062513,0.58279826898735,149.78
d3755094-169a-492c-a0ce-a8be8234f553,0.58580726141005,144.78
f01f21b8-0b12-473e-8eda-b7031ac35689,0.58580726141005,144.78
fd1440ce-b063-42a6-af08-dd52ce0a0cfc,0.58279826898735,149.78
a54aa37f-00e4-4b82-9e90-6b1d3386c8a9,0.58580726141005,144.78
639f92ce-e150-468c-9a6e-8bc3982a184b,0.5839028128854,147.77999999999997
d42f228a-e786-4786-9104-06daee92b0ea,0.58580726141005,144.78
c51334f6-6df1-4f6d-8bf2-6d49a2badd51,0.58580726141005,144.78
999af614-7a16-490b-a672-150f796b3f2e,0.5839028128854,147.77999999999997
b3c3619e-27ac-4309-8e67-90a6786e19c5,0.58580726141005,144.78
288f2dc9-9fb5-424f-94fc-0a1c89d86487,0.58580726141005,144.78
364dfc34-3ba7-41f9-80bc-f2cc1f48ea28,0.58580726141005,144.78
ec859065-a184-4333-9358-d98dbb9db5a9,0.58580726141005,144.78
fe35c243-b25f-4924-8aed-13d2759aac02,0.58580726141005,144.78
cd607633-1e9d-4b61-9281-244e479b1a7d,0.58580726141005,144.78
69807b7d-5615-4ddd-abb8-2b7be40f1ff5,0.58580726141005,144.78
36d87cf8-b641-488c-9366-548d83dce389,0.58580726141005,144.78
cd93398a-dfbc-4561-bdaa-f54edc1ebda8,0.58580726141005,144.78
a8292232-c744-4524-84b9-9febe151da32,0.58580726141005,144.78
4fc11592-91ca-4f29-923d-3785ae7a6cba,0.58279826898735,149.78
f982b8e3-8d88-4243-a290-f04644791abd,0.58580726141005,144.78
5c6740c9-9f65-4256-8529-c3473184ac8e,0.5839028128854,147.77999999999997
9b81d2f7-6ee8-49d9-a22c-c4ed905adb14,0.58580726141005,144.78
253c4f32-f281-47f2-8de1-48182b69760a,0.58580726141005,144.78
def153ab-42b7-445c-90fc-f528a8c3ad62,0.5839028128854,147.77999999999997
14767984-12db-4ad5-acb6-3d5d7c81ad09,0.58580726141005,144.78
7bdec14a-ef3a-4d19-85a1-d00741a53c1c,0.58580726141005,144.78
d165f7f7-6521-46d3-bed9-697c019dc9b3,0.58580726141005,144.78
7f6e2715-9080-49e8-a91d-5ac1672d56e7,0.58580726141005,144.78
a15cc624-a93c-4dcc-a881-c5afe92ec96e,0.58580726141005,144.78
a4045d8b-8454-48b2-add0-ad8af634a3e2,0.58580726141005,144.78
f260e177-98ce-4ba1-a4b7-689a290b11e0,0.58580726141005,144.78
c7f0977f-1df5-4c53-89ef-d3508f180646,0.58580726141005,144.78
ec472829-0cc5-46fe-a8c1-f86af10b0fc7,0.58580726141005,144.78
b56b32f9-dcc1-4b08-98ad-fafb3cefc709,0.58580726141005,144.78
72a5b592-1296-474c-970b-64fc927db5d8,0.58279826898735,149.78
6fddabea-3ad9-4c8c-b668-f4d04f12f51c,0.58580726141005,144.78
70f38392-e269-40db-b833-5c1f1a5d3551,0.5839028128854,147.77999999999997
94cb5641-b35a-498b-8637-9234d19cb416,0.58580726141005,144.78
5ef34993-5278-462d-9259-7ff50cda355d,0.58580726141005,144.78
e11d8dc1-591b-41fc-8e4f-708b764926e1,0.58580726141005,144.78
ddc095c3-9dca-4859-916b-87e7fb3ff11f,0.58580726141005,144.78
98effef9-2d05-4915-8725-ada77c129ec1,0.58580726141005,144.78
8dacd253-7774-4415-a49e-ab857d4576c7,0.58580726141005,144.78
03b11095-b210-455f-8072-ce424495913d,0.58580726141005,144.78
6e1941fb-749d-4b6c-b1a4-1c98e02f332b,0.58580726141005,144.78
efbf5724-fe1f-4140-9f52-a2793832e485,0.58580726141005,144.78
d931b4ca-7d2a-47ef-b05f-3d22c8e70dfd,0.58580726141005,144.78
ebfa092c-6e30-4e2e-b8b5-93bb891c1564,0.58580726141005,144.78
0133c930-069b-4293-b255-1c114f1eb06d,0.58580726141005,144.78
f3b8beb0-2506-44b5-9d7f-f01aeec3407e,0.58580726141005,144.78
81b9ada3-3f93-44c2-9217-4a702b2427a5,0.58279826898735,149.78
d8785eb4-9f9b-4962-8e49-9d27109dbdc9,0.58580726141005,144.78
ffc56b7a-8bf2-4b2d-b24d-6c7b4fdb4abf,0.5839028128854,147.77999999999997
a8be40c8-4ccf-45bf-88e3-7c3fd7df3795,0.58580726141005,144.78
35ed4169-414b-442c-9a08-a188d741a71d,0.58580726141005,144.78
11c4dcf6-ba07-49a5-bbe3-e2ffca51a16e,0.5839028128854,147.77999999999997
a8b45219-5177-4193-9135-3b79adc3f8a7,0.58580726141005,144.78
05ebf254-a71b-4838-8c95-331c6f6853e8,0.58580726141005,144.78
98aef420-acb2-435c-a018-e16e41d7be9c,0.58580726141005,144.78
19bf1a65-7487-4090-904d-bc5447bc0409,0.58580726141005,144.78
95f9a243-2e1e-4ae9-adae-4cc773ae8afc,0.58580726141005,144.78
478277ed-b372-4d81-bceb-2f02e728bd2e,0.58580726141005,144.78
ac61a9db-08a1-40dc-a495-88dbf2459a3f,0.58580726141005,144.78
3d45a647-7879-4a52-aa62-e1cbb7ff86c0,0.58580726141005,144.78
b53debdb-cd11-48ee-a1b3-97eb3697841b,0.58580726141005,144.78
1699b17d-f3e0-4060-bb78-84cd072fc1a0,0.58580726141005,144.78
da4bc5a1-0670-4c98-a9a6-e245384dca0b,0.58279826898735,149.78
fdebbb51-cdeb-451a-a495-f50518d95cf9,0.58580726141005,144.78
0659b4f7-5ee7-4df8-a6c8-60596e6822fa,0.5839028128854,147.77999999999997
370be0f6-cae7-4c94-a0a1-2b59ced3c35b,0.58580726141005,144.78
34f7edcd-77c0-4420-ba5a-a0dc016811e9,0.58580726141005,144.78
e93b20da-c4ce-42dc-ae6c-1852cb3e487c,0.5839028128854,147.77999999999997
4e9b10c4-5084-43bd-a9d8-7fc94743f510,0.58580726141005,144.78
9cc28bc2-2e53-4aaf-a237-64c65ef100b0,0.58580726141005,144.78
b9298ba6-9623-4ed7-b77e-dcbbf53a7b29,0.58580726141005,144.78
dbd0d443-c682-4dbe-b39b-79219bc21eb6,0.58580726141005,144.78
c476ae99-0c5c-4470-88f2-eac339291022,0.58580726141005,144.78
50f8e782-16d2-49dc-85ca-e9cdda702529,0.58580726141005,144.78
f9735cda-6402-4e87-8fcd-b7e03568f396,0.58580726141005,144.78
7dfe2229-5218-4f4e-8572-871e52674f73,0.58580726141005,144.78
5de036c1-9fce-4a81-b8ed-b383b3dfbf46,0.58580726141005,144.78
7b70ae81-db86-40c1-a97d-538c4efc770b,0.58580726141005,144.78
d8100dfc-7d2e-491c-9719-6f3638402e39,0.58279826898735,149.78
75323d0a-3bb9-4ecd-85bb-55454e63ffa9,0.58580726141005,144.78
ed0046bc-47f3-4a68-8e23-27d27cb62780,0.5839028128854,147.77999999999997
458cdfb4-9f5c-4deb-b5d0-cf9cff67ebbe,0.58580726141005,144.78
e1b83f1b-1e8e-457f-9baf-5df105461747,0.58580726141005,144.78
d82e2780-e161-43af-a67f-a6f82855b6d4,0.58580726141005,144.78
9585c772-cd84-4a43-824c-79936b34843a,0.58580726141005,144.78
f82d4f5b-ec48-47b8-a012-a1d4d5e96481,0.58580726141005,144.78
824086a0-350e-4fc1-b0e5-459312ea7dff,0.58580726141005,144.78
f7b95071-e34a-4782-ae59-75fe80528e6f,0.58580726141005,144.78
984c1c68-3420-40f0-a2d0-b66a1e9eb804,0.58580726141005,144.78
d79cfdf8-7a55-4caf-94ed-d54e416a91b8,0.58580726141005,144.78
c2074026-8fdd-4989-8eed-cfa8f191c254,0.58580726141005,144.78
30cd3c7b-f520-4705-bd73-e771c4f3b5d2,0.58580726141005,144.78
438ea95f-3a4e-40b5-acae-52b56c37db55,0.58580726141005,144.78
1a54d251-4a65-4c71-b780-8f31fbed9c02,0.58580726141005,144.78
7a70ad12-1c4a-458b-aa3c-3ecd073b2100,0.58279826898735,149.78
33f6bde2-b21c-442c-a997-6d3d48abac6f,0.58580726141005,144.78
555b56b4-7186-4973-beae-ee1091232605,0.5839028128854,147.77999999999997
4b724836-2da9-4d69-a75b-13924d3877c5,0.58580726141005,144.78
3ccfefb1-caa2-4db4-a8aa-cd820bd0407d,0.58580726141005,144.78
99bce9d3-5b82-4225-9e9b-8e619128ecfa,0.58580726141005,144.78
54468c88-b940-46d7-835f-88d2b5ce81f1,0.58580726141005,144.78
7680d820-2ff8-46dc-8ca0-04fe118651cf,0.58580726141005,144.78
5a32daa9-5c91-460b-88de-b47e44fe319f,0.58580726141005,144.78
d4cf629d-7293-49b2-9816-bfe11adcb45d,0.58580726141005,144.78
09ba5786-cf40-4e66-b12f-fe8da1427fe1,0.58580726141005,144.78
25dd5644-9f3c-40da-bb2c-5f4e40348d6f,0.58580726141005,144.78
4729e3e5-127e-4eca-bfad-d981b4d57b7a,0.58580726141005,144.78
201cff01-432c-4cc5-8a9e-2754e98eb503,0.58580726141005,144.78
3f3ee8ee-4ce5-4760-a187-657e989c6c2c,0.58580726141005,144.78
d0520ac4-a8d4-4781-90bf-ee84ee044251,0.58580726141005,144.78
5f1f80fd-47f6-48c3-94f8-b28210704391,0.58279826898735,149.78
e151eac3-2f6d-49cc-b223-a04f52a62dcf,0.58580726141005,144.78
b561b0fa-4748-42d1-ba5d-2548ef2693ef,0.5839028128854,147.77999999999997
f419ffbc-b780-4a8d-a074-41ff8a16b9c8,0.58580726141005,144.78
96c1f23e-8aea-467c-bb8b-6bd64d1de957,0.58580726141005,144.78
f26feb3c-aa6a-4411-bc89-dab5f0a25705,0.58580726141005,144.78
27b114af-b640-47a7-a2ff-ceff3b2edaf8,0.58580726141005,144.78
54a47a3b-37d1-40fd-89ef-1e0f60f60d51,0.58580726141005,144.78
5db726ef-e6da-4b77-adf1-7e970c98dcb9,0.58580726141005,144.78
42b5e0bd-04d7-454a-913d-b975d10a46bb,0.58580726141005,144.78
c796819e-c334-4448-9658-27ef5d30e74a,0.58580726141005,144.78
45f5314d-ec64-4017-ac21-a7a6f536afc1,0.58580726141005,144.78
c04d5905-a931-4154-a6fd-98433a6a43f6,0.58580726141005,144.78
93f020c9-8b88-4ca3-b678-c2f47e302e58,0.58580726141005,144.78
ee494610-ce65-4841-a242-2e49553fdd70,0.58580726141005,144.78
bd1e3236-6cb7-499e-846e-f1ab6fd963ee,0.58580726141005,144.78
9a021dc5-9edd-4a34-a82a-9f3007d135a1,0.5869686198463,152.77999999999997
a3b2421c-d558-4689-9b87-bf60559a62b7,0.58580726141005,144.78
0aa30977-8665-4934-95d2-601019fdec41,0.5839028128854,147.77999999999997
99e796e1-382b-4dd0-8574-46b2c96e254c,0.58580726141005,144.78
e69e77df-eb48-474a-bb43-fa9081854bc4,0.58580726141005,144.78
fc7e5045-2687-4d50-a001-a3c48fa214f9,0.58580726141005,144.78
a739812c-276c-4c47-b78a-470647a7ae46,0.58580726141005,144.78
fac17bd6-1527-4fca-aa9d-37ff9ec94972,0.58580726141005,144.78
fcea3e94-0211-40f6-95d5-d9f55b97f94d,0.58580726141005,144.78
9631a9dd-19fd-4226-ba3a-248c425c3587,0.58580726141005,144.78
8da55ae7-5738-4784-9074-995d36f493a8,0.58580726141005,144.78
1583b603-b998-42f8-b459-526eed8122e1,0.58580726141005,144.78
46aa8f7e-1221-459c-ae07-0d510e0e8541,0.58580726141005,144.78
70d6d2f8-beed-4df6-96d3-3701ba3e718f,0.58580726141005,144.78
6225797f-3fda-4476-8b0d-adfb0b63f9af,0.58580726141005,144.78
8cf7423a-969a-48ab-bb55-f31dd1c0df56,0.58580726141005,144.78
7ab96f79-f047-4773-9f13-759b8d634395,0.5869686198463,152.77999999999997
b4d1adee-f623-4f9c-8d5b-77ab9e169380,0.58580726141005,144.78
007cc737-c630-4449-baf2-632d8a50270d,0.5839028128854,147.77999999999997
d85a5d16-e53e-4892-b015-a7ef3c43f3be,0.58580726141005,144.78
6b1d1b86-6f03-4eb5-863f-aca0b3990399,0.58580726141005,144.78
0b47bd2b-c522-4c6c-afbb-a74c6a6c3850,0.58580726141005,144.78
c3a26854-a88a-4d75-8dcf-663bcc0b3262,0.58580726141005,144.78
7a117e98-cbe9-4de5-9a7e-f3d98aa283ca,0.58580726141005,144.78
c40d129f-60c1-423b-9d05-7c795a34ae56,0.58580726141005,144.78
3434a253-3dee-4733-bfd9-99666f14581c,0.58580726141005,144.78
61fc6145-b3ee-4dda-a84e-9f7a2b7bcbba,0.58580726141005,144.78
2497cfa3-e251-490d-8521-8871f998b675,0.58580726141005,144.78
394ab26e-c61d-448b-ae44-5f8fcf037a3f,0.58580726141005,144.78
afb89aee-322a-485c-b445-68ec29e7d9ce,0.58580726141005,144.78
d3d72970-8e05-4a03-8f2c-4ea948c9879a,0.58580726141005,144.78
05ff907d-7a29-494a-980c-2e934b99ec1a,0.58580726141005,144.78
0983cdcf-16c0-41f2-9e66-67d7e1603b48,0.58279826898735,149.78
bfb9430d-54f4-47e6-ac82-e889f7646453,0.58580726141005,144.78
d441396d-0277-4522-b5e7-a03ee1a42368,0.5839028128854,147.77999999999997
c4d4f1e8-ea8b-4a35-8efa-f8a27ffe23fc,0.58580726141005,144.78
6aacc9a6-d293-40af-b59d-75e20301e132,0.58580726141005,144.78
72bc3bef-d628-48f0-b463-26a76b1fc8b3,0.58580726141005,144.78
d0c9267c-c879-44c8-9821-d065ec18596c,0.58580726141005,144.78
d7cdb069-0a48-4932-995a-d35d6a167379,0.58580726141005,144.78
cdd1ad1c-4bee-4b1e-a0db-a31166f9bafe,0.58580726141005,144.78
2d736258-4de7-4320-99dd-7732ec265419,0.58580726141005,144.78
28283f13-258e-4657-b121-537f13e60fda,0.58580726141005,144.78
97d721cc-09be-4c0d-8361-405519f85deb,0.58580726141005,144.78
514ea2d7-af17-487f-841b-760640f2c96f,0.58580726141005,144.78
9e28e064-9865-4b43-93bc-b76cde313148,0.58580726141005,144.78
1a2e3c0d-d55e-4c07-a364-619a5549ed7d,0.58580726141005,144.78
4012718e-0c93-4a31-be1a-0aaf68d2f539,0.58580726141005,144.78
80bf2199-d7ac-4166-abbc-980afdf55f09,0.58279826898735,149.78
ce2a24c9-e2ee-4b0c-aa32-edbc29aa5641,0.58580726141005,144.78
89c3599c-20c8-45cb-aade-356db6c00f3f,0.5839028128854,147.77999999999997
0535c5ad-2918-47e9-b2de-460351f28bdf,0.58580726141005,144.78
6ce742db-5865-42d7-ad44-8f5454d360c2,0.58580726141005,144.78
f7f5a09c-78a5-4b4d-954b-16327ab48820,0.58580726141005,144.78
56f67627-8229-4e66-8c3a-010e4d36d7ad,0.58580726141005,144.78
d0486ef5-f153-4cc2-ae43-6be397228235,0.58580726141005,144.78
3dbd354a-7bf7-4b04-ad18-75fee6dd75fb,0.58580726141005,144.78
2afef2ce-047a-4e6e-878d-256202129ab4,0.58580726141005,144.78
e87aaf26-e827-4776-990b-ffaef032397a,0.58580726141005,144.78
1171c172-b38c-4b28-b0ea-72898b816d4a,0.58580726141005,144.78
1e94a77a-f9c7-4861-988d-ef16c779075f,0.58580726141005,144.78
bb536d44-089f-4428-a511-898c78013c62,0.58580726141005,144.78
23b49c81-11d1-4cb6-aa57-3fe22f26fb65,0.58580726141005,144.78
877e741a-d19f-4871-8658-f420585b9ee8,0.58580726141005,144.78
a2131b54-53ba-415e-b003-724b69d2f537,0.5869686198463,152.77999999999997
625e5c94-1494-44f8-b12c-7cdeb2c166a1,0.58580726141005,144.78
388ac1fa-983c-4fbc-928d-82a653295df1,0.5839028128854,147.77999999999997
ec551eec-28c5-4580-943d-836e472583d0,0.58580726141005,144.78
c8a154f2-e340-4771-a781-8fa111ab9984,0.58580726141005,144.78
54b599c8-c6e2-4b02-ac17-db77ccf355a0,0.58580726141005,144.78
aabed4a1-47c7-42bb-b27c-29e172a740ab,0.58580726141005,144.78
27af2b4f-d705-411f-a972-c26130ab4234,0.58580726141005,144.78
3f252e0d-3a9b-412c-a873-d97d6db12e2e,0.58580726141005,144.78
17cddb9f-83cb-4302-a39d-875813787a16,0.58580726141005,144.78
ae597026-524e-4af9-8149-41edd4c0d1fd,0.58580726141005,144.78
85eee62a-25b8-4d05-8456-76505416932d,0.58580726141005,144.78
ea5f7c0f-77b3-4746-9179-c22a16b40303,0.58580726141005,144.78
f8bbb964-72b1-4e9d-adb2-6a7278db7084,0.58580726141005,144.78
8e794a01-0b5a-45d5-9e56-bb2f90d719e7,0.58580726141005,144.78
13a11337-6c07-4e6c-b87b-20802fd4804e,0.58580726141005,144.78
9f6aefed-bf0b-47ec-a60a-370920bbf23d,0.58279826898735,149.78
4d24e197-2983-423c-a434-c50741a1c7dc,0.58580726141005,144.78
30358c34-9d5f-4955-b43b-66de3c6fc1ff,0.5839028128854,147.77999999999997
67bd41fd-11dc-4678-abe0-40411cce7b2e,0.58580726141005,144.78
beda03b5-4810-4487-b06e-bf1bb093f9f1,0.58580726141005,144.78
53b41679-2cef-4135-bd4d-abff17a4932b,0.58580726141005,144.78
0efc51c2-3c4d-4ef8-a283-8884f764b96a,0.58580726141005,144.78
48de67bb-e4c7-4274-8392-15b993840912,0.58580726141005,144.78
8d039dab-07ac-4d88-b2ae-4d841a712f6b,0.58580726141005,144.78
1d783be6-79bc-40fe-b1cf-c535e7989559,0.58580726141005,144.78
5453dcda-366f-455f-92d7-b3a918ed767b,0.58580726141005,144.78
8e8671b7-6965-402c-8a36-a15d38ec308b,0.58580726141005,144.78
921555ad-8bd9-4d4a-9ed4-0441309ab220,0.58580726141005,144.78
11dba982-9f69-4738-9b85-7360a24a24c5,0.58580726141005,144.78
44da967b-5bcf-42ce-870f-ad77ba6e539f,0.58580726141005,144.78
f41a429d-778b-4c4b-a01b-5e892db1734a,0.58580726141005,144.78
1b8b3c60-814a-48d2-bdc1-d00179086f1e,0.58279826898735,149.78
d8a28459-5447-458b-9491-e2ebcb9c3984,0.58580726141005,144.78
77fabbea-30db-4a12-aa82-abd0ada581a5,0.5839028128854,147.77999999999997
4ad2a8f8-b50b-4cc8-b9d7-d2e2bc5efccb,0.58580726141005,144.78
dfb08596-76c8-4ccb-b350-df2159bd26a0,0.58580726141005,144.78
2f3d8a17-9704-44eb-b5c3-f1ece6571f1a,0.58580726141005,144.78
b41f589c-0044-41ff-8417-7283fecd3b41,0.58580726141005,144.78
dda405e1-9388-47eb-b27a-debb6a897d03,0.58580726141005,144.78
6ea27729-a18b-4084-912c-8eaef8c11b20,0.58580726141005,144.78
c68867f4-1a0c-4dd1-a5d8-bddf5e41408d,0.58580726141005,144.78
7520f09c-fe64-431c-91d3-e478b8bdd41f,0.58580726141005,144.78
12d00425-ef71-47c6-9896-3e5e4c090223,0.58580726141005,144.78
0c26be90-a555-4eda-8503-ab9c99fd2888,0.58580726141005,144.78
0436fd14-3df4-4a8b-8670-636cd23777b4,0.58580726141005,144.78
223de5ae-1c98-4dc9-a3d8-e2e1cf8b90cc,0.58580726141005,144.78
61e03d01-ec9e-4516-a9e1-abf19cceda57,0.58580726141005,144.78
b7478dc0-04a0-4e11-a751-3435b2a4d733,0.58279826898735,149.78
dd1b5acd-6491-4d8e-b4a7-05bbdb7ab590,0.58580726141005,144.78
ceddccb3-e690-4354-8aca-fba062b78c43,0.5839028128854,147.77999999999997
d3b2c7a7-5755-4414-a6ea-e6d1c0e04223,0.58580726141005,144.78
c26105d0-f6a9-4dcb-bbb8-994d4bf6802d,0.58580726141005,144.78
aa7bcb31-02af-4e53-9a29-507d6f64590f,0.58580726141005,144.78
82cbfac6-ed8b-48b9-b32c-7b9e282db128,0.58580726141005,144.78
bdfc0f08-f1d8-4a05-9961-5e1b9a3963b3,0.58580726141005,144.78
15d31304-f1ab-4dbe-b553-e5ff12276e70,0.58580726141005,144.78
a8ba5c21-9341-4095-bb9c-5816842cd220,0.58580726141005,144.78
b747722a-0836-4535-81e9-6fa77efeb7cb,0.58580726141005,144.78
d2fc9024-62f0-4add-abb7-1f6b729f7630,0.58580726141005,144.78
09cd47b5-f556-4923-bc44-f8a184ad3d46,0.58580726141005,144.78
8aebd329-3b5f-4347-b19a-41a494e92d6b,0.58580726141005,144.78
54bf4019-d882-4712-97fc-86ba0e34b0db,0.58580726141005,144.78
79067821-47b2-49f7-bf53-e46098422054,0.58580726141005,144.78
d57e2ecf-162b-439a-90f1-48633778ae3b,0.5869686198463,152.77999999999997
e9295633-ab22-4a53-a80b-97a7498d03fe,0.58580726141005,144.78
78b9efe8-dafc-4ca4-9ed4-d8cd9d5a2bed,0.5839028128854,147.77999999999997
3220667d-21d0-45ac-8ecc-b6a36ac696f6,0.58580726141005,144.78
e8f9caa5-e9b2-42ea-a352-1666cee32429,0.58580726141005,144.78
36fc722b-37ec-450c-bb3b-0e2bb62c0f8f,0.58580726141005,144.78
5575c2af-2322-47ee-bdea-3b0d041dfc22,0.58580726141005,144.78
5173cf8d-b17d-4c2c-8778-6a24604df50d,0.58580726141005,144.78
443420c8-a3d6-4af0-8030-123afdc456e1,0.58580726141005,144.78
8b0ceed2-d560-4b39-b8c5-1bec318c891d,0.58580726141005,144.78
172be717-c263-432b-a87b-2625f7bf1168,0.58580726141005,144.78
5f363d97-e54d-4fac-8a72-4d2d69311cd2,0.58580726141005,144.78
5a6ea535-cba0-45ac-aa77-0022fc2c20af,0.58580726141005,144.78
84fac792-e689-414f-b7f8-831d51e041c3,0.58580726141005,144.78
ca206cd2-47b3-4c7b-89be-91589d6824b1,0.58580726141005,144.78
1a585120-25f8-4d7b-8bb9-68c09ab23f23,0.58580726141005,144.78
5bf55779-f0a4-4c60-85cb-605954d9d921,0.58279826898735,149.78
e48d4aed-6a59-4035-ab20-9e78bd9a408e,0.58580726141005,144.78
c5a456be-e644-449e-b6ef-df102db5b90f,0.5839028128854,147.77999999999997
12017836-3a1a-4f4a-89ea-35904f293266,0.58580726141005,144.78
9d64d894-8de8-4e3f-a542-d268e6c61dc7,0.58580726141005,144.78
69d8fe07-5c3c-4748-92b5-16a93d5b22bb,0.58580726141005,144.78
c5356ebd-6d74-4d4d-bcfc-15a37cdfaede,0.58580726141005,144.78
d56912a5-f791-4705-94da-b1f228bbd490,0.58580726141005,144.78
7d172ce7-71b4-41fd-b9a5-e7389cee6701,0.58580726141005,144.78
4360cc9d-94df-4fe1-8b27-a5c15ff23705,0.58580726141005,144.78
a33d7471-81b3-49ca-8586-39e6cd98ad54,0.58580726141005,144.78
e8de61f9-82e8-425f-81b1-eb60ac44db3c,0.58580726141005,144.78
cab16ccc-9ede-4ecb-9c16-b18397d6eb1f,0.58580726141005,144.78
cae5f668-dd12-4317-8152-752db6636224,0.58580726141005,144.78
17271350-f6e0-4de4-a4d5-04af75b770d4,0.58580726141005,144.78
e84b1fbe-9324-4176-aa90-17ff54e2ed5f,0.58580726141005,144.78
6f0c12de-3831-40a9-94a7-4c055019ed68,0.5869686198463,152.77999999999997
45229825-a108-45a4-8c0c-cedfe0fc39d9,0.58580726141005,144.78
5cd2a4a3-485a-485e-9a6b-2378c3acb545,0.5839028128854,147.77999999999997
ab639e98-ad47-4181-9a31-6f4f17c0c017,0.58580726141005,144.78
fb90869b-8589-4d62-9b36-0481ba0d1978,0.58580726141005,144.78
6765de57-3dba-4b21-9aff-e690ab854d3f,0.58580726141005,144.78
4b068fba-5ba1-4bc5-aee2-3a2299b5f152,0.58580726141005,144.78
9f8a6550-653b-4b2c-b633-d2de74c9459d,0.58580726141005,144.78
96c1ddea-e984-422f-8d3e-2bd8fe4fed54,0.58580726141005,144.78
4756f1b9-b94a-44e4-bd62-da5af1f937d6,0.58580726141005,144.78
675b45de-4969-40be-bc02-d5dbc99dac15,0.58580726141005,144.78
dbfd5db3-21e5-4f06-bb23-7a20c95c29dc,0.58580726141005,144.78
5a30a9f3-c544-459c-8264-b146ca9dee35,0.58580726141005,144.78
14a8f8a0-ab42-4b6c-8e06-072f5d5fc4f0,0.58580726141005,144.78
b2a8c12f-aa40-45b4-97c3-307109d847d1,0.58580726141005,144.78
efee92ef-11d6-4e5e-afd9-9a15c2c00d06,0.58580726141005,144.78
f1432df3-4f2d-4459-8b5b-49b64e6af416,0.58279826898735,149.78
a50bbc55-aefa-4c07-af89-66aa3184934b,0.58580726141005,144.78
2ab49940-c315-47bb-ab34-29476abcc5e1,0.5839028128854,147.77999999999997
436b0af0-e8e4-4e01-a7fd-77c2900c6141,0.58580726141005,144.78
4b779c1d-9554-45f7-ab56-89f0cdd4c5e9,0.58580726141005,144.78
16c89be9-8f5b-4a7d-9707-646b8cc32e51,0.58580726141005,144.78
f1990453-5143-4a00-b386-43cc62b2f2fa,0.58580726141005,144.78
9a15da81-e066-493d-9ac9-2122d18c960e,0.58580726141005,144.78
515b08f0-21ad-4a07-b62f-0a29ff1c7bb5,0.58580726141005,144.78
8f650263-3d87-4646-8bb1-2c048e15a154,0.58580726141005,144.78
13ad241c-8a20-4957-9d52-3acb472580c6,0.58580726141005,144.78
c6c2ac3e-4e44-4c7c-b09c-27e217dbebdb,0.58580726141005,144.78
e2d9a47e-db96-446e-b231-c490755f60f0,0.58580726141005,144.78
6b1f9818-bcfc-48dd-bf49-33b628740a51,0.58580726141005,144.78
77122644-a14a-4835-805d-7d9b26fb72da,0.58580726141005,144.78
0e3ecef1-e33b-451c-aa09-fb2afa75cd0a,0.58580726141005,144.78
428dc371-34cf-4047-8313-ef7d7ed9ec36,0.58279826898735,149.78
71b18712-ba35-4ce8-ade5-c1493466acfe,0.58580726141005,144.78
39060fd2-d8bf-4768-9887-c3b5ba141756,0.5839028128854,147.77999999999997
57ac82b5-68e7-4edb-b562-998c9230b4da,0.58580726141005,144.78
ea8be55f-e4f8-4b2c-9aed-6de5bfc51d54,0.58580726141005,144.78
690657d8-7c0d-4d84-8755-708500459f38,0.58580726141005,144.78
8efb0200-9768-4903-a142-14c08ce0cf95,0.58580726141005,144.78
821af2be-ba3d-4a92-ab74-fe914878ecd9,0.58580726141005,144.78
267747bb-b89b-4acf-ac16-7f1a7ce3ce0a,0.58580726141005,144.78
7aa2c915-4a25-417d-96d9-057de96f8531,0.58580726141005,144.78
b208b5ff-391e-493a-bfe4-dc07ad45e101,0.58580726141005,144.78
73a1d273-bbf5-4bfe-9f16-c9cb4201b6bc,0.58580726141005,144.78
ffb85d9f-da06-497a-ad23-df7199ddbf4f,0.58580726141005,144.78
909351db-46ff-46b5-9bc2-8bfb4b0f8654,0.58580726141005,144.78
0da9b675-5320-4d03-81db-d7ed99372aa6,0.58580726141005,144.78
66cccc3d-99b3-42c8-8272-7e370096d949,0.58580726141005,144.78
f0b4660f-184b-4d56-bdd5-535f2d1014b8,0.5869686198463,152.77999999999997
95437f25-fe62-4045-8b4c-4fe837728ae8,0.58580726141005,144.78
e5aed101-7c12-46c9-86d3-bc95fc902062,0.5839028128854,147.77999999999997
5e610cac-2c11-4791-b924-de7158e36db9,0.58580726141005,144.78
f95c398d-de20-4ba9-a369-9f09ebbfcd2b,0.58580726141005,144.78
7b93c6cb-2a31-432c-b21f-1671798e059d,0.58580726141005,144.78
92816941-1da5-4693-96af-52419c9eaff6,0.58580726141005,144.78
d4046fb2-b856-4794-afc7-d81782d870d4,0.58580726141005,144.78
aee09a0b-3a2c-4e40-a076-d01aa073dbf6,0.58580726141005,144.78
8a5a9a4e-dc7e-4aea-8d57-8a1dd125a37b,0.58580726141005,144.78
b3c70377-4358-4f32-ba4d-a3a91e6c0c3a,0.58580726141005,144.78
389ebfa8-92b8-491b-9d9c-71b197cdf30d,0.58580726141005,144.78
8b73e7d3-9b71-4a85-b96d-67402705910a,0.58580726141005,144.78
2783fd64-3305-4f41-a03e-62a1a27e7856,0.58580726141005,144.78
eb5c6f88-635e-46bb-bdcc-ac5f9fc16a07,0.58580726141005,144.78
8aa3ef39-6bcb-4644-bcb5-917eee8766ed,0.58580726141005,144.78
2c518335-bf7e-48a7-b4b7-092317dfa36f,0.58279826898735,149.78
15248c85-a332-4a5c-a887-fe0e4d31863b,0.58580726141005,144.78
1049a0dc-f741-402a-86bb-1d482c8e4535,0.5839028128854,147.77999999999997
db648fb0-53cc-44cd-941b-81340938d512,0.58580726141005,144.78
c62c3c19-78f5-4ba3-8b50-521f1c0b367b,0.58580726141005,144.78
800977f0-c816-48b7-bf03-aca16d32631f,0.58580726141005,144.78
d05b1b95-3cbe-4722-8d51-98dc9b401ab0,0.58580726141005,144.78
bbe57bd6-c184-45ed-9795-0b9dce7f81c4,0.58580726141005,144.78
143ba940-bf97-48b4-a625-b17d01051915,0.58580726141005,144.78
f5aaca35-6dff-45eb-806d-b59883509012,0.58580726141005,144.78
39cd0a42-fd55-4283-a57d-860291cdf6df,0.58580726141005,144.78
d1c9b7b3-37e5-4c8b-b50d-5b032df7c2f0,0.58580726141005,144.78
6ef8c48b-8109-4c19-8628-801dca5682d0,0.58580726141005,144.78
0b4104d0-10dc-4e40-8047-b57285004337,0.58580726141005,144.78
eb9b0cc8-6111-4f5f-bff2-d2b4ccf4a114,0.58580726141005,144.78
6bef05ba-91f0-430f-b56a-4f2d41479f96,0.58580726141005,144.78
a677e5d0-0bd6-4fcd-bc5e-b0304dec27d1,0.5869686198463,152.77999999999997
8fd658c2-e0c1-49c1-ab7d-eab0c4aff727,0.58580726141005,144.78
50ca77a3-8141-4a0c-8cfb-54abceb8db4e,0.5839028128854,147.77999999999997
fcdd7d45-9e94-4d06-a12d-95bc63e68f6a,0.58580726141005,144.78
761b775e-36c8-4e64-9a46-0b5f04246d63,0.58580726141005,144.78
53973f76-82da-49e4-b613-2ac96c49f4bd,0.58580726141005,144.78
4ae4884e-7713-41cb-a5b0-ee0a69be0229,0.58580726141005,144.78
64976b8f-21ee-4ac3-86bb-91ffc0637fa0,0.58580726141005,144.78
702ccabc-92d5-4595-ac5a-4dd196f6a378,0.58580726141005,144.78
7aa2e1e5-3dd6-464c-9607-8d23dc0aa71b,0.58580726141005,144.78
089f4c78-129a-4607-8551-cfca3f544529,0.58580726141005,144.78
10242f1f-b36b-4f37-ae2a-246d39deed07,0.58580726141005,144.78
1dcf1479-46e6-434f-bd7f-db32f82da988,0.58580726141005,144.78
5e8cd000-1d78-4d03-9df4-665fa5e4199a,0.58580726141005,144.78
b437861e-f495-49df-a580-1f07e409f783,0.58580726141005,144.78
44abf8f8-3874-471d-a735-fa6812ae1e75,0.58580726141005,144.78
184a67a3-a889-450e-83fa-806d6d07a445,0.58279826898735,149.78
5d9cf0e3-3335-4d80-a378-2213c8b369b1,0.58580726141005,144.78
d9805eb2-7e35-442d-b407-b4f27594b759,0.5839028128854,147.77999999999997
61d75a23-9d34-450c-9593-f289992b9abf,0.58580726141005,144.78
74d8b9ac-1178-4143-a591-01830781ddf0,0.58580726141005,144.78
0f58de4f-3157-424f-9f36-73504b81dc07,0.58580726141005,144.78
3b78a0b9-9aa3-457b-a846-ec1a737974cc,0.58580726141005,144.78
5704b994-67d1-4f7a-9d61-fcdb65ae33e0,0.58580726141005,144.78
4cf06580-f1f3-462c-a2de-ab44cb416db0,0.58580726141005,144.78
d1c19e6f-4bc0-4dc9-b1f0-3d874c273057,0.58580726141005,144.78
02b746ed-6ce7-4b38-ad8f-d853c2a70372,0.58580726141005,144.78
b224ae6a-9d6a-4886-8e5a-26fe369c2f6e,0.58580726141005,144.78
43fb32b3-c7d9-47ff-874f-6767524817d3,0.58580726141005,144.78
6c74d999-71e4-4321-bdfe-2efd21aee9ae,0.58580726141005,144.78
6223e595-845f-411d-af74-93efd760913e,0.58580726141005,144.78
1422ef31-428b-4d5d-8b90-83a426189360,0.58580726141005,144.78
f0033452-aeb5-46e6-b7bc-151528b1a624,0.58279826898735,149.78
863bda18-f01f-4cd0-9b99-929524b5e7fc,0.58580726141005,144.78
01fe6d48-26d0-4362-bf2a-c11d101fd6a4,0.5839028128854,147.77999999999997
c757fd42-aa3c-40bb-a6cb-d643520fd35b,0.58580726141005,144.78
e6de517f-17c3-46a3-b448-90ff16198a98,0.58580726141005,144.78
78b67cd0-fa81-45f9-8c72-daa99d0a1744,0.58580726141005,144.78
5c9e30b6-7cf8-47f2-8440-bcdb08f4209a,0.58580726141005,144.78
43d11c9d-b6e0-4bc7-b362-d5423838327d,0.58580726141005,144.78
6c51cc7f-9a10-46dc-bf38-def57fe9ee04,0.58580726141005,144.78
00f8b305-cb13-45ac-b969-5c81f3b81b34,0.58580726141005,144.78
34a63b4b-c705-4fbe-8fb1-a293b56be16c,0.58580726141005,144.78
5be96a05-9dc9-4403-96a0-24cddeebce5c,0.58580726141005,144.78
fc7738ec-0fd2-460c-8909-98b20e197a9d,0.58580726141005,144.78
9808e052-c678-4fc4-938f-11f1a992ab07,0.58580726141005,144.78
37044a88-333a-458d-8d9f-6b40ccb3c9a1,0.58580726141005,144.78
a8d04dea-c69a-4d4b-bb33-aff625e89713,0.58580726141005,144.78
35984597-0340-49fd-9022-3ead596a77c5,0.58279826898735,149.78
bc96a70e-c4ad-4b6e-bbbc-2c91600bddf0,0.58580726141005,144.78
ba786224-5992-48e7-bcbd-11f8498d684e,0.5839028128854,147.77999999999997
1955d161-7fa8-41a8-ac93-2790d42aa8d0,0.58580726141005,144.78
9983e54b-131e-4b0f-adc6-61a7c4695802,0.58580726141005,144.78
25fff49c-c65b-45f1-8125-be458b874a7b,0.58580726141005,144.78
19b949cb-c2dc-4f40-a971-01010e86d0d7,0.58580726141005,144.78
016d8ebd-3dd3-4060-bee0-bfde7d82cfd1,0.58580726141005,144.78
9f68a6b3-4147-45ae-97df-cfef310e1c69,0.58580726141005,144.78
8b21d690-a496-4ee4-b7df-faafac8fa9b3,0.58580726141005,144.78
06377201-7644-4b1a-bbac-faee71bb78d4,0.58580726141005,144.78
496aba3a-352b-4410-86ef-e315902a139a,0.58580726141005,144.78
500b4a0a-078c-4caf-a4fc-1591720d1182,0.58580726141005,144.78
60fc5364-5e56-45fe-b951-a4ca4fc5d054,0.58580726141005,144.78
c05ad859-b203-4589-b64b-fb45f37f169f,0.58580726141005,144.78
b5f6956d-e5f5-44dc-b7ef-0702380769a7,0.58580726141005,144.78
80bcaecd-5cc3-49ab-a341-de2c13192322,0.5869686198463,152.77999999999997
e1add50e-6f8c-41a7-82fc-530305281c9a,0.58580726141005,144.78
649cef50-adfd-464d-9d1d-a8363d6408c4,0.5839028128854,147.77999999999997
00416057-5623-44a5-8832-7f7f4b35a29c,0.58580726141005,144.78
4373dcac-3737-4172-8caa-3095bd2f529e,0.58580726141005,144.78
b52b7d9b-9915-4501-a1ae-c88734b0f3b1,0.58580726141005,144.78
620d50e5-7448-4c46-af6a-5cf9fd1a9edf,0.58580726141005,144.78
2fbd8070-d2d8-4e3d-945c-4f15e998a9d1,0.58580726141005,144.78
a0d3962e-2cf5-4fab-b5c0-2756eb98c608,0.58580726141005,144.78
1975cd31-97f9-45b1-99b8-cc162ae68ef5,0.58580726141005,144.78
ceb0349f-7372-462a-b102-e7031853311a,0.58580726141005,144.78
e75c6031-f936-4c2b-b40a-a7369e9bc3fe,0.58580726141005,144.78
327fa302-6e26-4adc-a832-03b96aba94d4,0.58580726141005,144.78
11be051f-2da5-42d3-bfa5-7c9497492fe5,0.58580726141005,144.78
915c4d38-17f7-4d17-99e2-faf4b830a6f7,0.58580726141005,144.78
75baa889-7eea-414b-9386-333a18aa2ada,0.58580726141005,144.78
56bcc846-a402-480e-aee5-151e7a730239,0.58279826898735,149.78
65cf84d4-6a37-4a85-bff3-b2ac91c3619b,0.58580726141005,144.78
8cfc0629-aa2f-460b-b480-419a5c626bff,0.5839028128854,147.77999999999997
13a05635-b323-4a3b-93d1-06ecb5d89a80,0.58580726141005,144.78
b822c88a-5b4c-4727-ab95-aa031d3ef63a,0.58580726141005,144.78
c6fcdddc-9359-41d5-8db8-a0e4a3b23e72,0.58580726141005,144.78
ae6a4b14-44c8-4e69-90bb-2304466a7bec,0.58580726141005,144.78
b3b3dd89-c518-444c-ba31-d299843af2af,0.58580726141005,144.78
8690c7a9-2f0f-48d8-a523-ac19f0e22375,0.58580726141005,144.78
7b0f9cc9-c9cb-4401-8dc5-6ba0d696b062,0.58580726141005,144.78
58add716-6cb1-4aa1-9fab-7d7e342d0b82,0.58580726141005,144.78
9e9a5351-e629-4f69-b106-a20379767a43,0.58580726141005,144.78
fb155239-ca4d-41a4-a1cf-5817578343bd,0.58580726141005,144.78
826e3201-a9f4-46ae-8fc7-9bddd4ec9091,0.58580726141005,144.78
3273cd9b-deae-4fdf-9a8e-b2e44674a3a6,0.58580726141005,144.78
bea30745-3777-4b79-b55e-669a8ac34a25,0.58580726141005,144.78
611da02b-c311-4ea1-8d47-a80ecb2dceb4,0.5869686198463,152.77999999999997
38d78303-49dd-4865-9265-2233060af1b4,0.58580726141005,144.78
95b63385-ed69-49eb-8bfa-6ca8ecda2131,0.5839028128854,147.77999999999997
040d5365-f51b-427e-bdf8-2d5bfd542b2a,0.58580726141005,144.78
2bfba536-4201-4e6b-9e0a-0ba2a415ac11,0.58580726141005,144.78
bf573c58-d658-4a2f-bec9-d1f20a97471e,0.58580726141005,144.78
0769c309-10db-45fe-b094-4716af166b51,0.58580726141005,144.78
d8805f84-ba93-4cdc-9933-9132f41b6ef2,0.58580726141005,144.78
6df3933b-0830-4951-9187-261416d25db0,0.58580726141005,144.78
c0e1adf9-bd93-4534-8217-b552ae0ff83a,0.58580726141005,144.78
21cfda43-fe73-4917-9c5d-fbfd7c9acfba,0.58580726141005,144.78
3b6200ce-b9e2-47e8-894a-97d1ec4a7253,0.58580726141005,144.78
1dfe37fc-b210-4877-8477-bc90344d0d3e,0.58580726141005,144.78
e32ba052-df3c-4813-baa1-b79522a0203a,0.58580726141005,144.78
6ca7b1ce-4d45-48cb-9b79-660e07df9c0a,0.58580726141005,144.78
14969c91-7269-4fb8-988e-c24f2cee05ec,0.58580726141005,144.78
0a7ea5fe-534e-42c7-8dde-698aab557d89,0.5869686198463,152.77999999999997
f1d66f53-1a2c-409f-91d6-14d109b61651,0.58580726141005,144.78
6f6966cd-97c4-4e0b-914b-c98dad8ab40d,0.5839028128854,147.77999999999997
70305f2a-023f-42c3-b0d7-0bda16c77a53,0.58580726141005,144.78
ceb20fa2-e5ad-432f-9e4b-edad20a8aee6,0.58580726141005,144.78
83627d39-7e49-41a5-a503-83efe718af1b,0.58580726141005,144.78
b372f14f-886b-4cc1-948e-b8012a7ce3f9,0.58580726141005,144.78
4c2257a3-d953-45e7-88b0-f4f784f0391a,0.58580726141005,144.78
9c5d8997-7abf-467c-b771-97f1a09c98c1,0.58580726141005,144.78
3063c41c-f35c-408f-a292-9b11bddf6c90,0.58580726141005,144.78
75bba130-accd-4401-aecd-5a837c0327b9,0.58580726141005,144.78
faf2570e-4bef-4acb-a967-2608a2f3c21f,0.58580726141005,144.78
e08b3f93-f3b7-4311-a4ad-e8679857efe2,0.58580726141005,144.78
cc7a06be-1d44-4382-8cb2-3e7294e3c19c,0.58580726141005,144.78
8146a351-903f-4f56-86af-25567eb54461,0.58580726141005,144.78
ffe62117-7226-4c66-a3ff-7a605bb12fa4,0.58580726141005,144.78
2a120e07-4dcd-445c-ae87-85b7a1aa9661,0.58279826898735,149.78
8e9f3034-dfc9-4ccc-a079-866f6708f2b1,0.58580726141005,144.78
d85ce0a3-10c4-4dca-b269-2ed0d5e83c25,0.5839028128854,147.77999999999997
82353e13-3d94-4a33-b54a-06a1a87db0cf,0.58580726141005,144.78
5724c852-3ef3-4bc4-bf08-242d4efd0968,0.58580726141005,144.78
34c72323-8dd2-484c-9864-14805ea2569c,0.58580726141005,144.78
02b0ae2d-1c95-4672-afc6-fc188779a981,0.58580726141005,144.78
8c9b667b-9f7f-49fa-9a2d-185c4a30c250,0.58580726141005,144.78
f2f56b59-edb6-48bb-a29e-49d3265807e4,0.58580726141005,144.78
9ff36796-b273-4505-b4f3-7ce8ee0c722f,0.58580726141005,144.78
5da8fb17-1c84-417f-8118-82e3c6d767bf,0.58580726141005,144.78
2e17e438-a691-4898-9207-314f6cfb2fe9,0.58580726141005,144.78
41bd77dd-c807-4572-bf24-5b36732119ab,0.58580726141005,144.78
925b9718-b9c2-4c4f-bd41-727dd6588be7,0.58580726141005,144.78
97dcb573-03e7-4920-9535-143adb5c8969,0.58580726141005,144.78
a0528e92-18b0-4f81-90f2-3013606cf8b9,0.58580726141005,144.78
d85faf35-1ce5-48fb-a328-b43253f7d413,0.58279826898735,149.78
dd9a4b6b-0693-4153-9d27-5e0514110a19,0.58580726141005,144.78
a48240f9-000b-4b2c-b099-4a7467a28064,0.5839028128854,147.77999999999997
5cbca5a7-e679-4222-9d03-f6b901881280,0.58580726141005,144.78
ccbd22bf-410b-45e8-960d-b06e369a3569,0.58580726141005,144.78
1c33b95d-1df3-44d1-8e21-adbf7e7af398,0.58580726141005,144.78
61f54c91-9e3a-4a71-9f19-298ebd9a0e4a,0.58580726141005,144.78
3265bbee-75ba-4542-83a3-cc7392551114,0.58580726141005,144.78
1c1a75a3-ad63-4226-a7fb-498d4f293920,0.58580726141005,144.78
332c0e8f-1c1f-494e-b6cf-f3764b8587f2,0.58580726141005,144.78
302c89dc-d08d-4ff7-9e45-beb092ec6abe,0.58580726141005,144.78
80427c59-1db7-4af6-9c44-e40d0aff06dd,0.58580726141005,144.78
45056550-d389-4c1c-8c64-c692ee40ea69,0.58580726141005,144.78
1fac8c82-f574-42d7-9c44-7e073d2d5d84,0.58580726141005,144.78
7351a44e-7fbc-465e-b4ac-1a04aebd4bad,0.58580726141005,144.78
a83273c9-ea30-465a-8fcd-670cda8b0e8d,0.58580726141005,144.78
1665a1f0-2c1b-4667-be95-58c4b5e82034,0.58279826898735,149.78
fd9ca63d-c299-4a97-83ae-5ed7a4e028f3,0.58580726141005,144.78
a17f1b16-ce63-4fef-a281-755a22128a26,0.5839028128854,147.77999999999997
3087b686-35c5-4c7e-8377-928c64b335a6,0.58580726141005,144.78
b591a1e5-10aa-4b77-9d04-7096a3fac176,0.58580726141005,144.78
ec9802c6-9dd7-4996-82be-f69730316620,0.58580726141005,144.78
9a9010cd-3546-4f16-8fe9-990272fd0db3,0.58580726141005,144.78
794eec2d-fb5d-48d4-8436-4fe3543f230f,0.58580726141005,144.78
9bcb2065-aefe-4cf4-9937-fce961f5e98e,0.58580726141005,144.78
ad94c2a6-4212-47cc-9f0f-2d3b5dfd3319,0.58580726141005,144.78
27f78db5-bf4f-4578-a8af-1dcf2e901a42,0.58580726141005,144.78
f3fddaf8-91bf-4b2d-8b90-701c5cecdf3a,0.58580726141005,144.78
81b984cb-6bc7-489c-b544-c8147366352d,0.58580726141005,144.78
9d943164-2bed-4a72-94f7-9c93e767382c,0.58580726141005,144.78
6dc902c1-5526-4187-9c8a-98322dbdeb9e,0.58580726141005,144.78
a53b7bc4-e45c-462b-9a48-3552141402c8,0.58580726141005,144.78
4ad5753d-ff97-49c3-835e-f5a0a358da90,0.58279826898735,149.78
f1a3598b-951e-4c49-aae4-49cc33836edc,0.58580726141005,144.78
654a0c70-9409-4c4c-9ada-c013984362b5,0.5839028128854,147.77999999999997
3f4df04d-1167-49bb-84ea-65cf412ddd36,0.58580726141005,144.78
ace1bd90-53fe-407a-b722-c14969bf44ad,0.58580726141005,144.78
638ce7a2-2406-446f-bf04-0e8af6aa21d6,0.58580726141005,144.78
ae370d52-e2cf-4b15-9f88-e37d1841a2e9,0.58580726141005,144.78
2b5e0217-f81a-414f-bcf3-c91fda939000,0.58580726141005,144.78
efef06cb-53d5-4cbc-9202-60da1a30b4e0,0.58580726141005,144.78
a6799bd9-8e04-4474-bd41-c4fea8f96c25,0.58580726141005,144.78
f9ed841e-2ee8-4ff5-91cd-8472bf24b2ba,0.58580726141005,144.78
054aa517-1614-452f-8de5-ed9d20b329b1,0.58580726141005,144.78
78dc0c97-1764-4af0-a6ff-02a2cb2185b3,0.58580726141005,144.78
60c9f143-b421-4a67-b6d6-7a1b56709e71,0.58580726141005,144.78
aa5e579d-9226-42d0-a6c9-84fdd2193488,0.58580726141005,144.78
f9181f59-f3d4-4d28-9b00-930a7164c5c3,0.58580726141005,144.78
c68a5c70-e34c-448a-b6fb-a1687b402125,0.58279826898735,149.78
ea1bcda2-e838-4cc9-aca7-71b380fc798b,0.58580726141005,144.78
b27fba84-194b-4cff-ae60-e43d5df93f9c,0.5839028128854,147.77999999999997
cf046a1d-a8f7-45c2-bebb-8fc28d316ce1,0.58580726141005,144.78
3c019726-66f4-43ed-8c8f-3bc04c5043a8,0.58580726141005,144.78
f9029f18-d7cd-4260-bfd2-34bf9446c2f3,0.58580726141005,144.78
7e1d4555-92c4-4351-b098-62b2b78b73b1,0.58580726141005,144.78
5631512e-bc2c-4fdf-b930-4087df6869ab,0.58580726141005,144.78
2bcf1667-709d-42b7-8162-b49e9678c1be,0.58580726141005,144.78
d9df3e3a-a30a-47eb-8b5a-50633e16da25,0.58580726141005,144.78
c6a34c5e-f9f7-42aa-8a8a-26d0bc919b8c,0.58580726141005,144.78
6ffb1883-6637-41ef-b653-bdd6f4278c62,0.58580726141005,144.78
83e50fe6-4d6d-488e-a935-a1365e8f3767,0.58580726141005,144.78
ea02676d-a691-42ff-8035-45567c148fa1,0.58580726141005,144.78
343c6394-3571-4057-9b5d-b675f56f5609,0.58580726141005,144.78
347d3900-926c-43c3-93ad-feab645b04d0,0.58580726141005,144.78
4eb71d5a-842a-4297-979f-e26a606c04b8,0.58279826898735,149.78
90fa0851-d121-483a-bf38-9a832ac4c41c,0.58580726141005,144.78
f1ee4e55-7e8d-475b-bdae-5ada76be2635,0.5839028128854,147.77999999999997
05f3f7d9-583d-4f07-8341-f7f28535cb06,0.58580726141005,144.78
f3829c6b-cc3d-4bb7-80f9-dc134e3266d8,0.58580726141005,144.78
6536f70d-07f9-48a3-b4af-c790876e4f7d,0.58580726141005,144.78
4029a7ac-a973-4863-8d33-3df0f6b6ffc3,0.58580726141005,144.78
637bb6dc-1c2c-4555-89cb-9e3fbaa78e4d,0.58580726141005,144.78
e4346fd5-4cea-46df-be99-d1279648f056,0.58580726141005,144.78
9d2781f7-a10e-4ea1-9fda-5448e1479f93,0.58580726141005,144.78
53620465-8bd4-49d2-9b28-6561c729bc3b,0.58580726141005,144.78
08b259dd-d3be-4f25-a913-ac12c8734866,0.58580726141005,144.78
699192cc-b0b0-48ce-921c-f5a57efefb9a,0.58580726141005,144.78
013bedda-570d-4acc-921b-4f3f9fe5b031,0.58580726141005,144.78
d5eaf7e1-e982-4d4a-9a9d-1ac42f4a6411,0.58580726141005,144.78
bffc0942-15b7-446e-a8ea-9f0e77ba8be1,0.58580726141005,144.78
e94c6fc2-229c-4c7d-a035-07d68ba95206,0.58279826898735,149.78
6748a317-6ffc-4e50-8a5f-a99f0003f90c,0.58580726141005,144.78
8581abd1-c09a-471e-98f2-1f03ac45c168,0.5839028128854,147.77999999999997
de9561b9-dc0f-4f6d-a008-7a4babef029b,0.58580726141005,144.78
867dc418-ea76-47ea-9e3d-c5f430fc5e10,0.58580726141005,144.78
ad43d695-d77d-42e0-bf14-290494af3f37,0.58580726141005,144.78
bf1ff398-7449-4c4c-b996-0b2253e68cd6,0.58580726141005,144.78
6bbc4277-cff5-4385-848a-08691195bdae,0.58580726141005,144.78
e7982a99-431c-4b2a-a842-5a246bedd07b,0.58580726141005,144.78
edcf8ae1-1ed1-4a66-b163-2e72e95ac369,0.58580726141005,144.78
f8d345ec-7b2b-4f1e-9a05-85e86772fb11,0.58580726141005,144.78
33c3519d-9eb4-42f2-8596-227c142ad20f,0.58580726141005,144.78
474148c7-f2fe-438f-9ca3-90c35d459494,0.58580726141005,144.78
74b2e6a5-eb18-4966-860c-f725a292cf11,0.58580726141005,144.78
ea4ca059-9114-4cd4-9fdc-76632a741de7,0.58580726141005,144.78
0767ff9b-543a-4de0-992a-8b13f4dcb881,0.58580726141005,144.78
b11e87f9-d83f-4d09-b9b9-404905c8aea5,0.58279826898735,149.78
749b0f32-c6e4-45ea-8b4a-f98f9a5163e2,0.58580726141005,144.78
1aaace6b-613c-4ea8-af07-2c1e6395bb35,0.5839028128854,147.77999999999997
0df7fd82-ab85-4030-94df-b72c50b87f00,0.58580726141005,144.78
244a1480-6ef7-474c-a762-42f82db1cfd3,0.58580726141005,144.78
fcde438f-748f-44f5-bea2-fbdaf973ac3e,0.58580726141005,144.78
bbbb8743-7c7e-4a77-903c-0e1404607d3b,0.58580726141005,144.78
a96f4c47-bc2c-482f-b65a-ac0d11fee691,0.58580726141005,144.78
2e7aca96-4f9d-4032-8ba3-4c965dbefaae,0.58580726141005,144.78
97eab537-7fcb-48b2-a37f-b627865f59a9,0.58580726141005,144.78
f21d2796-0441-4885-988b-0c811cb5e552,0.58580726141005,144.78
56ed14f1-4aac-4cf4-894e-ade4190cdbe1,0.58580726141005,144.78
d4cf9f94-e9f9-48f0-9c45-b02931e5bae8,0.58580726141005,144.78
466d482a-97f2-46e0-97c6-847dc4424b0f,0.58580726141005,144.78
e6095f7e-19d0-4871-8064-6a2122583666,0.58580726141005,144.78
fb624a01-613e-4be6-86cb-1b0c14fd220c,0.58580726141005,144.78
56abd373-cf34-4210-871d-494d49d26e03,0.5869686198463,152.77999999999997
e705d9bb-325f-4546-9222-e4db7fba594c,0.58580726141005,144.78
8022dd3f-d123-4cef-aa94-4b413115658a,0.5839028128854,147.77999999999997
97f12ae8-6778-4305-8868-694b74542159,0.58580726141005,144.78
6ed844f4-5ad8-435f-8a9b-5a3a6121517c,0.58580726141005,144.78
688d3af0-b7c2-464d-a7db-4af5118e8932,0.58580726141005,144.78
cc3b4d19-dfd5-45e6-a67a-3a196c2eae7f,0.58580726141005,144.78
bf2eef72-bd1f-4379-b223-fb4990aafb81,0.58580726141005,144.78
df17427f-514c-49ab-b2cc-95013e50dca2,0.58580726141005,144.78
d2e1b894-dcc4-40a2-b674-0eeec46753ea,0.58580726141005,144.78
e5b698e6-c1c7-4549-bdca-c17d86e59fe7,0.58580726141005,144.78
70e3b617-e49a-4125-bd47-e0b70407ad67,0.58580726141005,144.78
c24eab9f-99fd-4612-8232-570cc7eaf88d,0.58580726141005,144.78
5db0d3bd-cec1-4336-ae0a-ffd735318b75,0.58580726141005,144.78
03d5d9b7-e1fc-45b1-a88f-b20520eb1fa9,0.58580726141005,144.78
a6ba3be6-a1e4-463c-894f-48e090f9b979,0.58580726141005,144.78
d4919e3c-2937-4b61-a4c7-d04b3c6a1f46,0.58279826898735,149.78
b3ae2463-9e15-4470-8e88-fde5c9edc610,0.58580726141005,144.78
696197a7-9290-498e-b5a4-44fdbb16dca0,0.5839028128854,147.77999999999997
111a0c87-0eb0-4af0-b409-39ad8f259121,0.58580726141005,144.78
637b998a-50ed-4af8-afbc-91685c673419,0.58580726141005,144.78
cf5c869b-f2d4-40c5-9240-a7010c7bb39e,0.58580726141005,144.78
ff7cb704-adb3-41c9-9463-9130ed98cbc5,0.58580726141005,144.78
be9f37fe-eeca-44d3-8e40-efe522767b48,0.58580726141005,144.78
0f7ac02a-db1c-41c9-8ea4-fb3131b238d1,0.58580726141005,144.78
b8299fa4-b2e0-4da7-b7f6-ee070108f19e,0.58580726141005,144.78
02e4eeb6-5da7-4521-bd50-8e3a4195a49f,0.58580726141005,144.78
b7aae6e8-e4f3-4d89-9b49-d3c457070eec,0.58580726141005,144.78
8d67e351-38bd-42f2-a98f-a5cc82550add,0.58580726141005,144.78
605bcf03-bbf9-4548-88d8-6ac2d672bed7,0.58580726141005,144.78
bfad4ccb-3135-4586-99e6-052c40c45813,0.58580726141005,144.78
3337bf80-c8ed-4744-a89d-11886c1fcaa3,0.58580726141005,144.78
217202a7-907b-42b1-9027-22881c342c05,0.58279826898735,149.78
73f40a08-3e6a-4d91-9d11-966562c143ea,0.58580726141005,144.78
33a3c01e-59d7-4091-8d76-7d540d7a3175,0.5839028128854,147.77999999999997
02178fb2-94c8-4c3b-9a15-dbd806d6e390,0.58580726141005,144.78
3907e885-ccfd-4897-acbe-2a78d47b0ae4,0.58580726141005,144.78
90f3f394-1161-4331-97ae-f4ca5d4adf88,0.58580726141005,144.78
18319fdd-017b-44f5-8128-7575d556ab5b,0.58580726141005,144.78
72c147b0-4bcb-4363-914e-cd68bdb167ea,0.58580726141005,144.78
8e2154ec-2204-47e2-8944-7e982c218f32,0.58580726141005,144.78
6c60c92c-c6a4-4981-b522-03950b440bf0,0.58580726141005,144.78
1f581198-c40b-4442-860d-ef14b31eb59e,0.58580726141005,144.78
c7414fe9-6342-4840-8e2e-1c31cc8fc75a,0.58580726141005,144.78
332506e5-c13a-4706-8075-ec6a8e669f39,0.58580726141005,144.78
0fb179e5-a9a4-4e0f-9005-774b297a3489,0.58580726141005,144.78
7b2c71e6-633d-43fc-895e-06c294b8d994,0.58580726141005,144.78
a4dd0cfb-0fb9-408b-9d15-fda0f2f4b944,0.58580726141005,144.78
588e6aeb-549b-42e0-9e19-15f44e7c1b5e,0.58279826898735,149.78
bd367887-2e2d-429c-973c-6aedd7cb701d,0.58580726141005,144.78
88c0e1c6-8c2b-4b37-a3f1-978425cfa130,0.5839028128854,147.77999999999997
3b880602-6a2e-4bf8-8dda-1ce279d15c8d,0.58580726141005,144.78
957debb7-363b-4d87-b6d9-e8b0d71621b3,0.58580726141005,144.78
9e919100-655c-40a3-98eb-88b06b5d62c6,0.58580726141005,144.78
f94a3332-9808-475e-9057-99bdb71ea480,0.58580726141005,144.78
592d9da5-8fac-447c-86a2-6a553e413308,0.58580726141005,144.78
21bb2619-0a38-444f-8878-ca30e6224d7a,0.58580726141005,144.78
fcbe51a8-c38d-483d-a390-a170805e823a,0.58580726141005,144.78
27f7d44f-d9a8-411b-911d-b582e16f9c5d,0.58580726141005,144.78
0bc75236-9073-4d37-97e9-dbacc086afa3,0.58580726141005,144.78
5ec1ae09-ec17-45c6-9410-1b755f8cbafc,0.58580726141005,144.78
ddff2130-ecfe-44c7-8a29-8eaedec846ce,0.58580726141005,144.78
1d83bb3d-e52c-4bd9-a129-337f013f622e,0.58580726141005,144.78
d0dc1211-ce9d-4f87-81a4-27f8c2dd4cfe,0.58580726141005,144.78
8d93e686-43b5-406f-8d35-00df35278033,0.58279826898735,149.78
9e01654e-a532-4b9c-997c-6fd5db34ca07,0.58580726141005,144.78
c26aa399-e343-4b22-aa60-292109404f01,0.5839028128854,147.77999999999997
097d1044-42ca-445f-9c89-729b5ff88abb,0.58580726141005,144.78
d72e57d0-22dc-4732-b420-de40a7c0cabb,0.58580726141005,144.78
51ed2d53-0547-4795-aca4-70fcd712d5a3,0.58580726141005,144.78
50f4ced1-1472-4a12-84e3-b55201e1b815,0.58580726141005,144.78
90e9f1e9-7fa2-443c-a485-a6c7428d4290,0.58580726141005,144.78
59ff9d94-d7bf-4817-ad37-7552ec4e0085,0.58580726141005,144.78
9c3a36bc-6009-446b-9ac4-4b4a539612c6,0.58580726141005,144.78
0398e3be-2a7f-4427-98be-91ee59e25085,0.58580726141005,144.78
0dee5d36-cbde-4790-a863-28548305040d,0.58580726141005,144.78
1847490a-d10f-43e1-89f8-fd261aa9012c,0.58580726141005,144.78
b99dd67b-ebca-4ac1-b081-2f6dfc330453,0.58580726141005,144.78
2022cf54-3c91-4da0-9c28-47aba600f5fa,0.58580726141005,144.78
65319913-8004-4ff6-baef-95a53307865e,0.58580726141005,144.78
fb7d2925-6c5c-4afe-bbb5-8fcd2a8dcf3c,0.58279826898735,149.78
1a3e5e6a-a819-472c-b86c-c32f0cfb5cdf,0.58580726141005,144.78
ca91f793-a698-42d4-a8f9-737160d581ea,0.5839028128854,147.77999999999997
490e8db0-8a8c-43e3-bd66-a4511154bcd7,0.58580726141005,144.78
36dac44d-a56a-44e0-b0e9-19a6df243a51,0.58580726141005,144.78
1d309410-cf3c-4733-be1c-a8f3adaee1a1,0.58580726141005,144.78
02c7d1a4-94ef-492a-8b39-812d2728cb84,0.58580726141005,144.78
1c3b9d62-738d-407a-9c0c-1f170ebb41c4,0.58580726141005,144.78
6e32c0dd-f177-4cf2-a1b1-ceafa58f349c,0.58580726141005,144.78
5e45fdd5-1576-432e-bdc1-053187d171e3,0.58580726141005,144.78
c69a3801-0e68-4eaf-8bd4-df014ec4fe1c,0.58580726141005,144.78
5908ff65-1ec6-445d-a280-a4abf8ef7984,0.58580726141005,144.78
798868e0-48c0-4f44-ae27-deaf1eaf8c75,0.58580726141005,144.78
a1da77f0-fdfe-4b4e-83e3-d9940e4eb079,0.58580726141005,144.78
657eeb70-f7f2-401a-924f-a29dc5994912,0.58580726141005,144.78
b2d1d32d-6ccf-473b-9732-42b83dda4a52,0.58580726141005,144.78
aef0f971-d339-47fe-9d01-03cc81c3cc3d,0.5869686198463,152.77999999999997
e1fd0d63-141b-40aa-b43c-eafd48648b1c,0.58580726141005,144.78
8ed4e7fe-d8af-4128-9bfe-dcb84a5eff95,0.5839028128854,147.77999999999997
42272fa5-e82d-45ac-a954-693908a0f72b,0.58580726141005,144.78
68655d10-1a41-4282-8be4-adf571441113,0.58580726141005,144.78
ac9cfc49-385a-42c2-a60e-83128359c745,0.58580726141005,144.78
9a8326ec-eac4-4ae2-a3aa-df1888bf6cd4,0.58580726141005,144.78
48908a4c-c336-43d2-8eef-d0b7e720fb1c,0.58580726141005,144.78
271bfc7a-cfbb-4284-b7fd-234e4d8dc133,0.58580726141005,144.78
8c4cd560-72a4-4114-807c-2a6d88a84f76,0.58580726141005,144.78
f16254cd-6a03-472d-bbeb-10e69f88adb5,0.58580726141005,144.78
d294aa58-b115-47dd-aba2-701ab47cbbf7,0.58580726141005,144.78
3c1da65c-3f79-46cf-8b45-d0c274907039,0.58580726141005,144.78
08f0ad60-8969-4481-981f-368667fc0982,0.58580726141005,144.78
265951ba-6be7-4148-93c8-d67ce511addf,0.58580726141005,144.78
359adb0a-652e-481a-8495-b071d85fd573,0.58580726141005,144.78
54c3a5ee-26bf-4d65-9a4b-7d61317cb414,0.58279826898735,149.78
4acd8027-9dbc-4c3a-ba80-79dcd2972501,0.58580726141005,144.78
6267f46f-eb7e-45e4-a5e0-e856176eaeb5,0.5839028128854,147.77999999999997
82460858-c7bb-4f61-a5ef-0cdead3bff4a,0.58580726141005,144.78
3d5bfc40-568f-4e9d-9c55-7f18c3ec84ec,0.58580726141005,144.78
5b375313-4b89-47af-af42-ebff0ce6f317,0.58580726141005,144.78
ec0422d6-4b43-4b51-a047-b7bf7974a4b4,0.58580726141005,144.78
7287cc87-8977-4428-be73-d1c5633792d0,0.58580726141005,144.78
a1ead8ca-5ead-4227-b0db-6c23dce7ae4b,0.58580726141005,144.78
e3bfb41e-1dbd-459f-a85d-62f2b6dab2cd,0.58580726141005,144.78
50e5b361-c8bc-4f13-8d9c-bc38a21334ed,0.58580726141005,144.78
843c1cab-010e-4062-9bf6-e1cd345ca97a,0.58580726141005,144.78
23862a30-27d4-4c79-95ff-14202c947c76,0.58580726141005,144.78
46cc8e28-b1ae-40bf-820b-2d2193716abe,0.58580726141005,144.78
f422d870-a3dc-4e46-9446-08d7aaea7ae0,0.58580726141005,144.78
84a064f8-9068-49de-be1d-1f02b280b262,0.58580726141005,144.78
648beb9e-b06b-4766-bea8-063bb4742d8b,0.58279826898735,149.78
9f48a072-f8c6-4544-b049-6820d1b2cd22,0.58580726141005,144.78
4b35c78c-28c4-4f3d-b7f0-b64fc4851b57,0.5839028128854,147.77999999999997
b811b9d4-eb0f-4a40-952a-83085f925685,0.58580726141005,144.78
cf41ccea-75d2-4229-9843-9c6bcb5a96f5,0.58580726141005,144.78
c79e49e8-2c24-48ee-8c28-7d3150490967,0.58580726141005,144.78
eca87005-aa23-4683-b854-984ac192fc2f,0.58580726141005,144.78
91479da2-f941-42e8-bd7c-40ff843ea399,0.58580726141005,144.78
895d676a-5105-4ee8-9428-83158998ee01,0.58580726141005,144.78
692bd201-368c-4d6b-9720-790b7d0777fc,0.58580726141005,144.78
d9e7fee4-40f0-4a56-bc8b-d82b3137ce8f,0.58580726141005,144.78
6210e698-11ba-40f4-b6f2-40dfdca8c990,0.58580726141005,144.78
078d865d-e7fc-4c93-a902-28772438c194,0.58580726141005,144.78
1081bae5-707f-48b9-bf12-856247c6fa9e,0.58580726141005,144.78
ed9a8e0f-741c-4cee-86fd-00aa09c5a029,0.58580726141005,144.78
5185be52-00ca-4fa5-9f46-836ba1d93021,0.58580726141005,144.78
f7917f3c-174a-4455-8029-8ac2068cdb84,0.5869686198463,152.77999999999997
3cc261ee-5995-4480-88f1-996da7638584,0.58580726141005,144.78
90ba6713-a4fe-424e-8d2f-66e2feec3e99,0.5839028128854,147.77999999999997
ba28ffce-de65-474f-b62c-23c6df3fedfb,0.58580726141005,144.78
855445af-c54e-4033-b826-238b6be1c0f2,0.58580726141005,144.78
cf9f3525-1663-4298-9705-a32b7d4def35,0.58580726141005,144.78
2a8ee00a-b034-45d1-b108-711cb79e107d,0.58580726141005,144.78
15b68925-4824-46be-850f-c0f18a5333d2,0.58580726141005,144.78
f115a1db-b2e5-405e-835e-23b47680d0e2,0.58580726141005,144.78
85a9afc1-4acd-4389-b443-1d79a8286899,0.58580726141005,144.78
12103204-ef77-4e21-87ef-813e31138574,0.58580726141005,144.78
1aada302-1c6b-4a2d-93de-c91ddb950274,0.58580726141005,144.78
4fe2594a-4477-4b53-af5b-acacb14e1ea6,0.58580726141005,144.78
e11afb4f-c80a-4151-bed7-967b11220cf9,0.58580726141005,144.78
92ae5829-5770-472c-8d90-f997690b1a57,0.58580726141005,144.78
5bda0639-f425-4bc8-86a6-bb03323eef07,0.58580726141005,144.78
f3bd7423-7e50-44ab-aa16-f2cee3a1e2d3,0.5869686198463,152.77999999999997
5416deca-5a45-4a19-ad38-92825bfaa375,0.58580726141005,144.78
c8b05dd0-f4cb-4c67-87f2-c619204ab787,0.5839028128854,147.77999999999997
93c4278f-2a35-4bbe-b27c-dca2dd3e0c83,0.58580726141005,144.78
3be56ef2-d92e-463b-bc2e-209124216822,0.58580726141005,144.78
7dc5fc82-448c-4370-b694-1a0a55323102,0.58580726141005,144.78
fef7c054-b46f-41f9-bf0c-e441c327a215,0.58580726141005,144.78
d981478f-f58d-4010-ad1f-a4bd796dda3d,0.58580726141005,144.78
cf52abb8-2dcf-4b05-b700-910412021284,0.58580726141005,144.78
93d5ea5a-3812-4b30-8713-cd7a92d78f1a,0.58580726141005,144.78
6f6bf4f2-fb23-4283-b293-4580f87995fc,0.58580726141005,144.78
79f9b301-a5e1-49e6-941b-d4ac4285d5af,0.58580726141005,144.78
da43a921-0a5b-4b94-88f7-c1fbf8e88d36,0.58580726141005,144.78
e499cc2c-26f9-4aab-aac8-06991e2e56f9,0.58580726141005,144.78
b9dba089-e732-4350-a4ad-c96268e766ad,0.58580726141005,144.78
49545d80-c65a-42f1-9a90-1fc729229632,0.58580726141005,144.78
dc64d419-2051-435e-88fd-3ba93d3f0305,0.5869686198463,152.77999999999997
9f166b70-c064-4bfb-8a4e-2de20e5dbacf,0.58580726141005,144.78
8da35605-ab05-411a-a6ea-27de10e27bab,0.5839028128854,147.77999999999997
6289c1bd-aef8-45d1-8155-a93a8a3af19a,0.58580726141005,144.78
10cf9c6a-69e9-4f9b-9c65-e3f58b1e49d0,0.58580726141005,144.78
6c76006a-86f3-433a-9b25-6bb558b77da3,0.58580726141005,144.78
9aa59a40-32a1-45f3-a931-55b55cd3597a,0.58580726141005,144.78
44fd2c89-01e8-47ad-acd7-4a7eb4d212c0,0.58580726141005,144.78
932a8c95-7f2d-4446-a5d6-d019f11f41a9,0.58580726141005,144.78
a45bd917-39ec-4c16-8f50-1f1e116ea731,0.58580726141005,144.78
1398facf-1bf5-4382-b92e-6434804b2049,0.58580726141005,144.78
b79d3439-26c5-4ae5-a1b0-0f5209c7d610,0.58580726141005,144.78
531f0e63-021a-47fe-b1cd-34539cf0d8a9,0.58580726141005,144.78
2357690f-58c0-4366-b8c4-ca29e0e7f471,0.58580726141005,144.78
42fe52a2-185f-4464-b224-8e9840a3d2b1,0.58580726141005,144.78
4c188cf6-30c4-4474-b33d-81ab042014cd,0.58580726141005,144.78
9c1ea10f-2673-487c-b115-3e949fafba62,0.58279826898735,149.78
afbe0fc5-9086-4d50-97b7-a855f2dcda0b,0.58580726141005,144.78
f426c6df-3be9-49cb-a5ec-15e5db3b3140,0.5839028128854,147.77999999999997
91748201-d323-4e1d-847c-9c05a6a622a4,0.58580726141005,144.78
43cfc4e3-ad75-404b-b47b-e382420d6ad5,0.58580726141005,144.78
1fb1f4b3-87af-41ae-a18f-20472e354571,0.58580726141005,144.78
b1ab59d7-5dc1-439c-851d-8878bf5a20ee,0.58580726141005,144.78
d9df78ff-1f11-4ce4-978a-bd5497f98a68,0.58580726141005,144.78
4e57b889-4e6e-4335-9645-345d88563d11,0.58580726141005,144.78
5f9fea2c-3fcc-4b03-9bcd-cb862d31b919,0.58580726141005,144.78
d4b40cca-5637-4b28-a6a6-a769c6276db7,0.58580726141005,144.78
d2671ad3-6fa2-4f07-af71-9704dbe7a1de,0.58580726141005,144.78
cca6c123-bbf5-48ea-8a95-3aa43e2a6569,0.58580726141005,144.78
452f09cf-7e33-4258-b413-3475a8486ddd,0.58580726141005,144.78
baef0708-4f94-477b-a9af-fc7f478a9b89,0.58580726141005,144.78
b4e3b831-bfa3-4f61-84da-1a5447d14e91,0.58580726141005,144.78
aa1fbe43-7bff-4303-ab10-3efd765f7928,0.58279826898735,149.78
f53471d3-ec3b-48ab-98d1-7ab2b1eb96cf,0.58580726141005,144.78
47ae88f2-544e-4080-9274-f0c5ba8bd8ac,0.5839028128854,147.77999999999997
181e574e-4c3d-4a0f-b8f2-5f8d2a36d39f,0.58580726141005,144.78
e7065ffa-6e22-418f-8973-78f0ca4daf3f,0.58580726141005,144.78
474b2b04-cbbe-42da-97cb-9b83b15acb09,0.58580726141005,144.78
ec6d481b-15cb-4ab4-a3d6-01276b628ee5,0.58580726141005,144.78
86ac21fa-a868-4dd8-bac9-c577e7135165,0.58580726141005,144.78
bd44d9da-2652-41bf-bae1-7100d757ac6c,0.58580726141005,144.78
010c32c8-eb01-4719-820b-00d08a4deafa,0.58580726141005,144.78
665d2acc-ad16-43a2-bc0d-76a5b49e5993,0.58580726141005,144.78
a5aa8132-52e8-46fe-9668-8429fa7d0e72,0.58580726141005,144.78
2c312b67-1005-4c14-8fbf-d9fc402d93de,0.58580726141005,144.78
40c35bb7-7ccf-4551-9011-a58b1a1da513,0.58580726141005,144.78
1c78a8a4-6ab5-44f7-acd1-4d3a25d06c1e,0.58580726141005,144.78
bf71a7a0-6c96-42d2-93ec-f8dbdfc69959,0.58580726141005,144.78
fcc1fa63-f6ab-44f9-a52e-4af651ae5f44,0.58279826898735,149.78
3db7b241-ae0b-43a1-8f82-9bf7d8d60ac1,0.58580726141005,144.78
fd3a97c5-6a10-4181-955b-17fa9c32d7af,0.5839028128854,147.77999999999997
b1b732f3-70d7-4de1-b54c-68127b2fbce1,0.58580726141005,144.78
766fc097-d0cb-42af-b2e6-2ee338ef67ce,0.58580726141005,144.78
8e677bd9-fb6e-4c01-969d-bb9499be8d7b,0.58580726141005,144.78
a42d7eed-53cd-45fa-9805-2ca053275311,0.58580726141005,144.78
7fbd6855-dd80-4bbc-86c2-533c091cb86d,0.58580726141005,144.78
28c9100d-b1e7-4f56-b33f-cbe2700f20e6,0.58580726141005,144.78
51d7080b-cc72-4387-ac38-45895e629b6b,0.58580726141005,144.78
1932bc82-e894-4c83-b17e-5a4d270c793d,0.58580726141005,144.78
a4fdc3a0-6026-4ad7-9049-4288021def54,0.58580726141005,144.78
8396c3fd-c5b3-4f4f-a3dd-0301d2fe90a2,0.58580726141005,144.78
8131862a-ec9c-4558-b1bb-55c60bafd69b,0.58580726141005,144.78
147afa49-116c-4b69-8413-22e2c44bf7ca,0.58580726141005,144.78
d49269dc-a64a-4095-b05e-2f4d3ef8ad7a,0.58580726141005,144.78
07ef7c32-ac6e-4a67-adbd-6f51baeed5c2,0.5869686198463,152.77999999999997
132493da-5913-48f2-950b-3447a89aaad1,0.58580726141005,144.78
f94822ab-b0fc-4513-b2e6-b4d3c525d60f,0.5839028128854,147.77999999999997
149fd866-bafc-45b7-b966-7d7d322f1bbb,0.58580726141005,144.78
37352d33-780e-49d1-a812-9e8ba8aef5d3,0.58580726141005,144.78
cf721ecc-92f9-4566-81ce-3c183b0ccf18,0.58580726141005,144.78
5f33d074-292d-450d-a1b6-a9905d2e0cca,0.58580726141005,144.78
a9eb5a8f-b0f6-4216-b356-b558cb0cadea,0.58580726141005,144.78
59819f2c-5d1b-4aef-876d-59ad7798bb14,0.58580726141005,144.78
8ad5d73f-ec8f-41e5-bdbe-c5ef94cd1fa6,0.58580726141005,144.78
ae150183-c8e4-43ab-86b4-2553b3461991,0.58580726141005,144.78
488cd0ab-22dc-4254-935b-142562c1c5c9,0.58580726141005,144.78
452583a3-afcb-4e57-91e1-43d9ff19dce2,0.58580726141005,144.78
a294d860-8452-44f2-82e8-1d5cdcb13396,0.58580726141005,144.78
6f46b9e6-4e66-425f-ab7c-32c89ea4e606,0.58580726141005,144.78
8a0f0323-6450-4b50-ae62-9d152cdcdcb7,0.58580726141005,144.78
d939de37-f98d-4111-9a25-c093ba28b1ca,0.58279826898735,149.78
dcac1f69-67fc-4b75-bdc9-8b75b0318c22,0.58580726141005,144.78
1393e760-5105-472a-a4b5-ca3784218f3b,0.5839028128854,147.77999999999997
4f48bc4c-1b73-43ea-b7fc-3660a3ffb8d6,0.58580726141005,144.78
893ba750-c29e-4a19-8cb9-74969b351274,0.58580726141005,144.78
881fbca5-a6b8-4a36-9c6d-54ba1ba21f67,0.58580726141005,144.78
a9e7f1bf-e995-4bed-8876-6d8b3d964510,0.58580726141005,144.78
2b5f2de2-71cd-4797-b692-75c03f07dad6,0.58580726141005,144.78
64f7e290-3e1a-44a8-bf0e-4b39c3fa49c3,0.58580726141005,144.78
ad2c9574-108c-49f8-a080-bc758259c2c8,0.58580726141005,144.78
4a34d2f8-2ac1-4d23-a52b-33cde40d3568,0.58580726141005,144.78
c137e0b7-2358-45d7-bf8a-75cc4e9b2109,0.58580726141005,144.78
b1c7c86e-782a-47a9-bcd7-29e99901017c,0.58580726141005,144.78
aed39f53-1a57-4265-9104-f9dd8fddc5e7,0.58580726141005,144.78
98fbb944-b8de-41e0-b079-2088df5d077c,0.58580726141005,144.78
46156b0d-e257-4885-9d5b-5f860b0d5fd9,0.58580726141005,144.78
08e23a1d-d224-4d36-8ee6-f71883ea9253,0.58279826898735,149.78
64c37811-7632-4c69-bf2a-c0b3c5853d7b,0.58580726141005,144.78
199457cd-4971-43b5-aec0-a883df24f85d,0.5839028128854,147.77999999999997
f71c699a-dfa6-4d06-b7e4-f9dcde51a59f,0.58580726141005,144.78
45cc8f0b-45fb-4c04-8531-bf65bbe1db49,0.58580726141005,144.78
aff86c3a-9c04-47ef-bded-9557af204259,0.58580726141005,144.78
6bdabe22-ced1-4c6d-9114-df4b668e29bc,0.58580726141005,144.78
225e4533-e8c5-466b-878f-6d768cc50371,0.58580726141005,144.78
daa927a3-f869-43e3-9de1-043a4065d10d,0.58580726141005,144.78
9448ae99-9db9-42a2-8c59-a00e8f0a0d36,0.58580726141005,144.78
5f421143-23e1-4410-b4dc-441a203ace3b,0.58580726141005,144.78
39efe3c2-358a-4364-8f32-b6e112b291ae,0.58580726141005,144.78
a9a625e5-26fa-4cd6-87f9-7758c23eba31,0.58580726141005,144.78
29b02f70-18ea-4def-8c7f-bbf2e464d338,0.58580726141005,144.78
fd68ca94-9b7b-4d74-8ff4-c6a4db199efb,0.58580726141005,144.78
5291920a-9c08-4cad-88f4-d02210a0cb93,0.58580726141005,144.78
6c8e5e78-e2ea-4453-9323-a7188c846f85,0.58279826898735,149.78
6a6672ea-9b11-48ef-ad39-201d8c782ca5,0.58580726141005,144.78
b1983e3b-c9bb-49fe-bd81-15c56afe19eb,0.5839028128854,147.77999999999997
80b8eabc-f136-497a-92ee-ef5855b4a36f,0.58580726141005,144.78
9a3222da-719e-4098-a0df-5993a27dc210,0.58580726141005,144.78
5ac117e1-f653-4889-879f-edc1ae2f7134,0.58580726141005,144.78
d41f9723-0c14-4377-83b3-3b28442d083c,0.58580726141005,144.78
7a3eb76a-31f0-47f1-8549-ad3ed9ce6b41,0.58580726141005,144.78
31c054e2-7d25-4da5-88c5-4502b1673216,0.58580726141005,144.78
896c9b9f-5dc8-4263-b8ba-68f2713a325a,0.58580726141005,144.78
9d363d17-bdd7-45ba-a60e-120c146247f6,0.58580726141005,144.78
44e4e811-ed34-4ceb-bd1a-ea897a84c006,0.58580726141005,144.78
fd4a3388-949c-4fd6-abee-0efbe702c5e9,0.58580726141005,144.78
d48d6c30-2039-4d6a-a322-b4f291425603,0.58580726141005,144.78
5c6a97f6-406f-4069-8d8c-34d496fb141a,0.58580726141005,144.78
a1527d6f-ba08-43e5-aa30-0d4f292f3ffe,0.58580726141005,144.78
f99703fe-5556-418a-982c-94557d03d854,0.5869686198463,152.77999999999997
04a38acd-e85c-4419-8d75-a3a13a865455,0.58580726141005,144.78
c551e4c3-7627-4d86-9301-84b6268ad1f2,0.5839028128854,147.77999999999997
f4a9fb0c-e326-4de3-9b2b-6ab284491ab9,0.58580726141005,144.78
280904d8-99d8-445d-8775-e148d7095827,0.58580726141005,144.78
905c8fd6-5cf0-4c6d-86d9-ec4eeac3d51a,0.58580726141005,144.78
b6928661-d88e-4d02-a0e7-eaf360c1b86e,0.58580726141005,144.78
a21c35aa-12cc-42df-be8d-722f7201a536,0.58580726141005,144.78
262bd244-0b79-4210-8d63-b02785f2b32a,0.58580726141005,144.78
91f29b78-fb24-45cc-9809-c6796141949b,0.58580726141005,144.78
8fba2a46-d197-4bbb-972d-d159a348260a,0.58580726141005,144.78
dacdb647-4096-47c5-8117-969d8cad0f3a,0.58580726141005,144.78
52e4f89c-f482-4125-bc98-8fc46799add0,0.58580726141005,144.78
47c4457b-a376-4b9b-831d-6a7cac61a796,0.58580726141005,144.78
749294f4-b79c-49fc-a470-0f058ee3f117,0.58580726141005,144.78
a06cc4e0-ceae-4ea2-82c9-e622df768e8e,0.58580726141005,144.78
de788a97-61c2-4e26-920c-1e52e6069ac4,0.58279826898735,149.78
6a286347-334b-4c3a-8dea-47721b5fd3d7,0.58580726141005,144.78
0a98d562-3855-4bb0-a12e-bf190eb23db5,0.5839028128854,147.77999999999997
dd118a5e-2757-4072-87a9-a47d3e170ba3,0.58580726141005,144.78
7335db81-c606-4fad-98dc-6c07e4f60af1,0.58580726141005,144.78
936cb0f4-f39a-43da-a7d3-6cf20457a550,0.58580726141005,144.78
e044721a-9e54-48d2-80b3-4c189d12b59e,0.58580726141005,144.78
5baff31a-620f-4309-bf53-ce8ce79604aa,0.58580726141005,144.78
349f4ea2-6c7e-471d-ab2c-816363b57425,0.58580726141005,144.78
2361da2c-2d44-4b32-bc27-4fcbef6f7570,0.58580726141005,144.78
cdaac99a-1b32-44eb-b6e1-32ccceefa46f,0.58580726141005,144.78
b87b797c-99b6-46e4-b413-16c6deb95220,0.58580726141005,144.78
63ec567a-363a-45f8-940a-602476d72bcc,0.58580726141005,144.78
2eb68886-55e0-4d6b-95b9-fcd9a26604e8,0.58580726141005,144.78
83dac48f-fc50-4ea1-8f32-886bc1491c1c,0.58580726141005,144.78
27664a9d-2ec9-4d6d-8f7f-142e945fef0d,0.58580726141005,144.78
3f0dacd7-2d99-4964-ab4a-87b024bf0c52,0.58279826898735,149.78
60b84be2-f4c6-4448-ab8c-259946c99f35,0.58580726141005,144.78
d35aaed3-fcb2-447b-b6b2-1221ab8d65d2,0.5839028128854,147.77999999999997
7f3bda94-bbf3-470d-88b5-c24efdb1db3b,0.58580726141005,144.78
8601f741-bfe6-4d82-910f-a148bab63e8f,0.58580726141005,144.78
6465218f-f56f-44e3-b731-2d5b9685203b,0.58580726141005,144.78
145b9f67-d364-494b-94f5-537cd1c2ba36,0.58580726141005,144.78
914f2e52-f436-4119-8763-26e5367d97cb,0.58580726141005,144.78
c6c72e79-c3c9-44da-ac19-850df7c0301b,0.58580726141005,144.78
f61e934f-2f15-4913-b783-43b5687d61a1,0.58580726141005,144.78
528c0186-1811-4105-926f-7e7a6d4a7441,0.58580726141005,144.78
a422adf4-9b01-44e4-ac56-557dccc61d78,0.58580726141005,144.78
1d6c9eab-9e8b-4203-b039-0d38d035bbd9,0.58580726141005,144.78
2de9c6a2-ef83-4ae0-81fd-a690937f4746,0.58580726141005,144.78
d0ace2f8-8c9a-4412-9d41-e342c67d2351,0.58580726141005,144.78
7838c59e-8992-4c71-98af-63ae168288e9,0.58580726141005,144.78
bed65d97-dc18-4e80-b04b-b0d9a532bb11,0.58279826898735,149.78
9fa61903-a4ce-488c-917c-f31d3f854dd9,0.58580726141005,144.78
026caa02-4647-4e78-8aa6-3e46bcebea11,0.5839028128854,147.77999999999997
d0d7c37d-fc1f-4767-92cb-7bd909030369,0.58580726141005,144.78
4fb55b3d-2d94-4bba-a3ca-65e4a1c30173,0.58580726141005,144.78
22fb6656-9a34-454d-9ed9-4d0fafd37a14,0.58580726141005,144.78
2fb8c7c4-cf61-4655-971c-91f78e4e1bd7,0.58580726141005,144.78
67e5ac65-b176-4e1a-a464-33a2b9c83c8e,0.58580726141005,144.78
b3c28e52-49e4-42ad-a074-6ab08532e2b3,0.58580726141005,144.78
b7d542c0-43b6-41f2-a40d-d3e6c11f0698,0.58580726141005,144.78
d3f6ea4c-7782-44ba-b808-ea066ba82b41,0.58580726141005,144.78
e09d3d4b-ce37-45ae-9c23-0adeff781859,0.58580726141005,144.78
408b9785-ac18-4fb7-8474-08c8a52dfb54,0.58580726141005,144.78
a562dd0d-298a-4a45-a123-b748fbe2c586,0.58580726141005,144.78
de83620b-ab55-4188-8ed3-3581576c6261,0.58580726141005,144.78
eb470b32-e18e-4a5a-8bf5-91d4e5f8107f,0.58580726141005,144.78
3d9731c6-8541-4200-b640-928b14b2e334,0.58279826898735,149.78
0f11e131-55ee-49c1-a35a-d7934efeb19f,0.58580726141005,144.78
9facff58-146f-4535-bbbc-4134238f9728,0.5839028128854,147.77999999999997
2825e5b9-556e-47ca-b753-24929c306b9e,0.58580726141005,144.78
7d9c375a-09ee-4dcc-a3bd-0bce5c24d521,0.58580726141005,144.78
469d787c-e8c4-453f-8405-82cb9e88a995,0.58580726141005,144.78
724124c7-5cca-4064-a7c2-71c061677c68,0.58580726141005,144.78
43ca4ece-5630-49ad-8a60-8dd7c6148bfa,0.58580726141005,144.78
d66cfe42-ac92-47b4-a10c-c11c9e0c1704,0.58580726141005,144.78
bfb3ddf1-460c-4386-a6b4-4a0a3e4b93a5,0.58580726141005,144.78
c0b89548-607b-43c6-aae3-5eff7ae2c83b,0.58580726141005,144.78
7af8a309-2ea0-4b04-a15c-fca8d4b70de1,0.58580726141005,144.78
c79b6e00-0b36-43fc-9cf2-020de278d98a,0.58580726141005,144.78
13167b7a-a1fb-46f3-bca5-ee2f2a807a2c,0.58580726141005,144.78
bd75f02e-214b-41b0-b8f8-508907455cb5,0.58580726141005,144.78
d8e850cf-0dad-4852-852d-a1ef02d526be,0.58580726141005,144.78
5e7d3320-d4b7-4c1b-82e4-6e869ecace6d,0.58279826898735,149.78
50ece721-c1ad-4d5e-b20d-08cf5ae3a3a0,0.58580726141005,144.78
e15b461b-1d59-49ee-8f64-8a7c045dbd23,0.5839028128854,147.77999999999997
d47b3d03-b195-4547-8e60-1379e138711e,0.58580726141005,144.78
d092702e-3386-4063-8ddf-38032367e148,0.58580726141005,144.78
97100b2d-1137-4b08-8d30-15ef1d7f530b,0.58580726141005,144.78
e42f3406-cd51-4a42-a24d-c5e1999444aa,0.58580726141005,144.78
6ad6f03e-d311-48e9-a2dd-7a570bddb5cd,0.58580726141005,144.78
0b658c3d-8c98-4e74-8c0a-073994e8c8ce,0.58580726141005,144.78
d4220743-3aaa-4050-9bd1-c2afa786ff5c,0.58580726141005,144.78
55efe951-d27b-4557-b6ab-ea3299274cbb,0.58580726141005,144.78
a1286793-7daa-40ec-8a7e-5abd9b02e505,0.58580726141005,144.78
f7fa5b82-6d3b-478c-ac07-feffc2e2dee6,0.58580726141005,144.78
832c5ac7-8b0a-49da-aa7e-c72a20c554e1,0.58580726141005,144.78
58ecb02a-9c8d-42eb-9f76-bc2b02c73963,0.58580726141005,144.78
55b3438c-0a3f-4a3f-a83f-e38f79916d7c,0.58580726141005,144.78
97b2e282-699d-46d2-9e43-dab92cd65ea4,0.58279826898735,149.78
7bbb448e-268a-4df8-b576-b4532caeef8c,0.58580726141005,144.78
6ce8f900-fed9-4679-ab8d-8e1e25af375a,0.5839028128854,147.77999999999997
a98796da-cc9b-44f9-bb7f-8a5069b3dd58,0.58580726141005,144.78
960367a5-3696-45b4-8de9-78f736e75146,0.58580726141005,144.78
b98864fa-4495-4931-bc46-47d700c481d5,0.58580726141005,144.78
e7aa7a9f-8b12-4cdb-9e79-c94dc450f5fd,0.58580726141005,144.78
3b28d78e-7b8a-4d95-8c53-6001d36e6d42,0.58580726141005,144.78
3c1b7842-404c-42d4-b4af-a5c1f56568cb,0.58580726141005,144.78
ecbe4dfc-7119-46f5-bcba-6223f962d928,0.58580726141005,144.78
5bcf9b48-5995-4dc2-9407-3bdd5274ff21,0.58580726141005,144.78
4a089a9b-9aa5-43a8-8c1f-f7c5c04a1b8b,0.58580726141005,144.78
821b0173-4a6c-480e-ad7b-80fc388b315b,0.58580726141005,144.78
1ff79b62-6bda-4836-b953-9093d16678c6,0.58580726141005,144.78
1f6a866b-cf2a-48c0-bd56-ad9f371303ed,0.58580726141005,144.78
68af8db1-5e1d-41ef-b228-1c6f03652c3c,0.58580726141005,144.78
bf7080e6-ab5a-494b-8c88-6e05fa961710,0.58279826898735,149.78
29106fcf-ee6a-4144-b542-86262a7d5686,0.58580726141005,144.78
f2795872-8c95-48a5-971b-1c4d7b7568c7,0.5839028128854,147.77999999999997
fd03db69-c5d2-4641-abdd-fdeba8d8594d,0.58580726141005,144.78
3c2ccb1b-c4f5-45fe-bf36-b52fcd16f16b,0.58580726141005,144.78
1c5c4c0f-846b-42f6-87cc-66ea4cd88540,0.58580726141005,144.78
d7592842-418d-43c8-a02d-c2be883f7a50,0.58580726141005,144.78
bbfe9ef6-fe3b-44a2-8295-76e45b503bb8,0.58580726141005,144.78
73ae593a-753a-4e3b-b0a0-73f661631ce5,0.58580726141005,144.78
ad752a97-6afe-4c18-bc20-af323cb56a73,0.58580726141005,144.78
bf53bb53-27de-4e1e-9ae9-8cc0064343c9,0.58580726141005,144.78
252b4f1e-e1e2-476f-9a65-a23b2e4b4fdc,0.58580726141005,144.78
72c94b56-2cf6-4c2f-834a-7adf916d5f89,0.58580726141005,144.78
9f64ddde-da3a-4da4-a523-576280ec73d2,0.58580726141005,144.78
50ea450d-ef4b-4e99-8b78-50c5b64dded0,0.58580726141005,144.78
7906dd42-7a9a-48b2-9d15-2d45d6858984,0.58580726141005,144.78
95c7654c-9438-4762-8403-d5650321bdc2,0.58279826898735,149.78
277a0e32-823c-498b-b02a-5d2da17ab620,0.58580726141005,144.78
5e5a4e1d-2bc4-4578-8c93-9bd6556f1165,0.5839028128854,147.77999999999997
fdac51a6-c65c-4082-9082-4e7695e8c5ac,0.58580726141005,144.78
2248e071-e794-47b4-91a4-cfccdce9f3df,0.58580726141005,144.78
98e4be10-4b93-486d-ba1b-cf72ec21c5f5,0.58580726141005,144.78
c89a51db-2eaa-4278-9055-22a44dda29ba,0.58580726141005,144.78
7dad89e8-c516-4844-9598-c4eb522f7823,0.58580726141005,144.78
6d475ace-cafc-476b-b6aa-703eaea5e2bf,0.58580726141005,144.78
672b3a04-fe63-4f93-9d9d-abf09a99acd0,0.58580726141005,144.78
67750aa5-b1a8-4d81-8eb1-d465001cf701,0.58580726141005,144.78
766d51e7-acfb-4a73-80ef-caee253e0c80,0.58580726141005,144.78
dce84784-1cfe-4624-84a2-5fdf7070b3f1,0.58580726141005,144.78
192bd484-191f-4759-ac7d-dc1c96c474bb,0.58580726141005,144.78
85b71f00-4f66-4134-937e-1ce59574d36d,0.58580726141005,144.78
9e6d8158-00ae-43af-a76f-c8ae05520e04,0.58580726141005,144.78
8ecd4908-2049-4656-ab4b-01b820062faa,0.5869686198463,152.77999999999997
7e51d031-2294-4e75-9822-d1b3adb4ef1f,0.58580726141005,144.78
b1a62c3a-789a-4edd-948a-343a92a60a26,0.5839028128854,147.77999999999997
2d40fc66-3b89-4595-9bce-944a5250e652,0.58580726141005,144.78
d8f637dc-3514-431c-b689-e4deb35e1d0b,0.58580726141005,144.78
371b3f20-e583-4f28-ab4e-135c5dfcac0b,0.58580726141005,144.78
037db3a0-6b1c-42d7-a7b2-006d9daaf696,0.58580726141005,144.78
611d1aa5-db03-476f-9d93-3444d0b15626,0.58580726141005,144.78
8bf9a457-17b6-4908-936a-fcb642b16f07,0.58580726141005,144.78
05c13b73-c475-4c41-a2a3-145e14f437fb,0.58580726141005,144.78
a0046bb0-46cd-4fd4-ab19-56f8f293e8f1,0.58580726141005,144.78
2c92c16f-c102-473f-b065-c2ec7bd63033,0.58580726141005,144.78
527b68d4-f9e4-4cba-98c1-e8b0db8e9069,0.58580726141005,144.78
968418ed-d334-4070-b6e1-a5493d1f599d,0.58580726141005,144.78
a6f1be00-c532-4e52-9c97-f5aab1016488,0.58580726141005,144.78
04741773-9582-4ce0-bbff-53e02d66a05b,0.58580726141005,144.78
82df3f4a-fcff-4855-a99a-75e3f2ec4970,0.58279826898735,149.78
8ae7da9e-8054-4388-bf57-7df329d8a3b7,0.58580726141005,144.78
23997ba0-d2ae-449b-ae89-27ad3ccf419d,0.5839028128854,147.77999999999997
cc3bc446-0841-495d-947a-9b3a8d3f814b,0.58580726141005,144.78
18a0e23f-9586-4296-9c5d-4b88c83e1bec,0.58580726141005,144.78
d4418be1-c038-4c08-82dc-2a6997b190f0,0.58580726141005,144.78
cf318794-4b3a-487a-a3d4-931bdbd8541f,0.58580726141005,144.78
4f1bd474-8fd1-4250-97bf-048db4d391d2,0.58580726141005,144.78
40e18cf3-b138-4190-99d8-7aae2e96958e,0.58580726141005,144.78
4d543c92-365d-4edd-8b2f-4b6f83e8494d,0.58580726141005,144.78
4caf2836-38e8-47f1-a1bc-70f4540199c0,0.58580726141005,144.78
d14f9fba-2787-4ebc-af6e-a584c59e5378,0.58580726141005,144.78
915f4b45-6267-47c9-a96c-fdbb1e794dd3,0.58580726141005,144.78
07a2cbab-7ed8-4894-86d7-0585520cf356,0.58580726141005,144.78
0eadda18-892e-4784-8625-b7d6c395b06f,0.58580726141005,144.78
e6559203-b094-4ce0-975d-8fdbe3395382,0.58580726141005,144.78
81bd2406-94b5-4650-b229-c89464aad1c0,0.58279826898735,149.78
cd4d50c8-f96a-4c26-9703-4aa2d4d3d182,0.58580726141005,144.78
324ccacd-51d7-4e7a-ad9b-967c8a29b52a,0.5839028128854,147.77999999999997
98ae8d54-0384-44bf-9240-95de2995a624,0.58580726141005,144.78
ab5dd0a1-8225-4c5b-94f0-d4a3bc57716b,0.58580726141005,144.78
a5a3a7dd-7dfa-4da9-a74a-7fd4089eb821,0.58580726141005,144.78
ccb96602-9214-4756-b60a-d3037f5f4f48,0.58580726141005,144.78
f1c80e1b-3a6a-49b2-98b2-f834c2e3db83,0.58580726141005,144.78
cbef282b-4edf-4eff-809a-abc01783d90e,0.58580726141005,144.78
039273f6-977a-42bf-850e-7f20449bd5e0,0.58580726141005,144.78
aa7958c7-a29d-492e-bf86-48427a1e6d0b,0.58580726141005,144.78
ad3d3dfe-d1e2-4ea6-8400-7c79f4e31f8d,0.58580726141005,144.78
c27f549c-29bc-4c68-bdd2-dcb95af54b95,0.58580726141005,144.78
32738a70-2fc9-4d13-ab47-302fa903da2c,0.58580726141005,144.78
0f2c76e9-ae12-460c-aff7-3ff8c471a60e,0.58580726141005,144.78
7f091a37-99db-45e6-b396-68940c9ec261,0.58580726141005,144.78
bdb30267-44af-4eb0-b335-ad8d60265acf,0.58279826898735,149.78
764d082f-580a-4c72-866f-fd1d932eadc3,0.58580726141005,144.78
a8366b16-ce4f-4365-a839-67af3d294afc,0.5839028128854,147.77999999999997
9a4e0a30-237f-48e1-a6c5-3f2c15023687,0.58580726141005,144.78
b37677e7-8248-4da3-a71b-4f7aad0665f3,0.58580726141005,144.78
c510bbe4-0780-4154-8b9a-d511cb2cea8a,0.58580726141005,144.78
5515538c-65d5-4325-8e3f-0025e8fb646b,0.58580726141005,144.78
dcd69beb-2e0f-46cc-857b-9d18a6c923a6,0.58580726141005,144.78
485bcc4b-2c18-477b-9d91-83b061c7cc03,0.58580726141005,144.78
9237595c-83a6-4ede-afc8-601b4cd6a429,0.58580726141005,144.78
5202f7b5-8b54-468c-837d-850c74730831,0.58580726141005,144.78
b058fc12-a06c-4dd7-b6fc-74abc4c209d6,0.58580726141005,144.78
f593e03f-2ab2-497e-b3b2-66b9f9af0d8d,0.58580726141005,144.78
3ad184ff-39eb-4920-a8d7-b01b963f3e09,0.58580726141005,144.78
6d3a7732-cc69-44a7-9f4f-7ba43e505cdc,0.58580726141005,144.78
b5398e5b-6554-44d1-a566-144205cee4ae,0.58580726141005,144.78
811a04d4-3df1-43e3-88a4-1282ca4b22c4,0.5869686198463,152.77999999999997
bf37c4b7-0b56-40c2-b05e-9e17169aa8d0,0.58580726141005,144.78
bd7f4ced-dd10-492e-b0fb-8ddb40427f23,0.5839028128854,147.77999999999997
09314833-eb89-422a-beab-3f4ccddfcc00,0.58580726141005,144.78
fe6f890e-ab01-4e69-aa16-f1ac8b5c6d67,0.58580726141005,144.78
0e4b4f36-598e-4bf8-9217-11888a711065,0.58580726141005,144.78
da230742-b44a-4fbe-bddb-0efb0f63e1ed,0.58580726141005,144.78
95fbe8bb-0433-47bf-b2f6-07df70d6cbc8,0.58580726141005,144.78
063ed7e5-f2fc-40ce-8b97-c9cef565ff11,0.58580726141005,144.78
bccb61c3-5c99-48e3-9821-eaf3eb038d0b,0.58580726141005,144.78
71c7381c-3ae3-444d-bea4-e8eea8cc99f1,0.58580726141005,144.78
427bc684-40ce-43f6-89bc-374cdd62e103,0.58580726141005,144.78
3fac8c07-b034-4a37-8c47-2ca9d20c8a10,0.58580726141005,144.78
2498d33b-65f6-42ae-9775-bd46dbc07bcd,0.58580726141005,144.78
4ebf1a7a-71fb-449f-b0ac-da9d579bfa5f,0.58580726141005,144.78
a3d3b3b4-5fb2-45fc-80b6-94f74e02351f,0.58580726141005,144.78
43532696-a16c-4ad7-83fe-a62308ab6073,0.58279826898735,149.78
dbcf1bf4-2f3e-48c0-a821-a932389cb8e5,0.58580726141005,144.78
f2332af8-6d56-4d7e-b167-e9cf3bfbcb73,0.5839028128854,147.77999999999997
eb1a5a94-6d4e-4b4a-9f4a-f8d315cd257c,0.58580726141005,144.78
2e55eeeb-9867-432d-acf4-9d6755032106,0.58580726141005,144.78
54158ee0-9a4b-4fae-8452-cd2f0acad5b0,0.58580726141005,144.78
e039bfed-bd61-4ce4-a264-27b3e6f39625,0.58580726141005,144.78
018979db-87e1-4dfa-a7c7-f5a6f983184b,0.58580726141005,144.78
57120b2c-2430-49ee-89dc-139ccc3730bc,0.58580726141005,144.78
bafa5836-4263-4faa-8555-6a46a514a49d,0.58580726141005,144.78
52a0bc8f-6c04-459a-a892-f982c0efefe0,0.58580726141005,144.78
337814c3-2b07-4faf-b71d-3471e03c74fd,0.58580726141005,144.78
c8e636e3-8565-41d8-9fe6-51e578cdbba1,0.58580726141005,144.78
0d4bb88f-c310-4566-a12e-e651c22aee7c,0.58580726141005,144.78
b1e001ca-bb81-4e1b-8607-a00ff21b498e,0.58580726141005,144.78
f9212cb5-5bd8-4a93-843c-4f69593956fd,0.58580726141005,144.78
4f3d68f3-efa1-4c1e-857c-d1e2991b7ba5,0.58279826898735,149.78
0dcef021-fa37-4e46-8a50-42bc1223bc8e,0.58580726141005,144.78
2b8d2348-1b88-4c79-b48a-61fd4e8c9f97,0.5839028128854,147.77999999999997
3c59695e-5a54-43dd-8174-2c7d3b4de323,0.58580726141005,144.78
0056aa5d-b6c6-4a55-ac10-d3a47e8207ff,0.58580726141005,144.78
fab248ed-c609-44fc-806e-b34cf8e17922,0.58580726141005,144.78
7b008516-3909-484f-9353-d903d69d8103,0.58580726141005,144.78
96e09800-bd4f-4169-a87b-f84f82381738,0.58580726141005,144.78
76e6aa07-bca6-4e06-b4da-b8acdd5bc262,0.58580726141005,144.78
85573ebf-ff33-47b2-be9b-999239e1f624,0.58580726141005,144.78
f3b9adbb-eff3-4bd3-9199-876bc0f5dec7,0.58580726141005,144.78
f116680d-bf84-4fdf-80ee-6725ab06f7d2,0.58580726141005,144.78
b6866cb0-9900-47c5-b3cc-b5785402670f,0.58580726141005,144.78
fe35a721-05a9-42df-b31e-bd1a9e4599ef,0.58580726141005,144.78
42a2b457-20f1-4302-92dc-10f373a0b005,0.58580726141005,144.78
ea153e42-7b7a-4faf-9f76-04fcec65914f,0.58580726141005,144.78
39baab10-0b23-433b-b8d2-5ec1402fbc52,0.5869686198463,152.77999999999997
271ddaf9-af95-4382-9877-ed92abf96589,0.58580726141005,144.78
af78129b-8f70-41de-928d-d440bf849acc,0.5839028128854,147.77999999999997
db8946b4-eeea-451f-9763-c8efeb23d8da,0.58580726141005,144.78
1be9eea9-d41a-4aae-a3e5-4b22f01471a5,0.58580726141005,144.78
5b05250d-2f69-4143-b55d-37b4c0079a8c,0.58580726141005,144.78
9911e5f0-348c-4a30-876b-1514aa319935,0.58580726141005,144.78
302d0d76-6658-4401-bb1c-1dea02d7fe49,0.58580726141005,144.78
5504ea5e-b126-4772-af12-b454644b54a4,0.58580726141005,144.78
834eb460-aca8-49fd-886e-4bc0959ee31d,0.58580726141005,144.78
48e83885-fd5d-4f41-833a-e6e4caf62294,0.58580726141005,144.78
4817d320-b2a0-47fc-bd9d-efaf7fe8475f,0.58580726141005,144.78
2718a2f0-766c-4251-8b79-bfa20569dc0d,0.58580726141005,144.78
f910080d-a907-4a23-910e-ba68375ff6ab,0.58580726141005,144.78
a2232f50-2beb-433f-9a90-ef983989d3ca,0.58580726141005,144.78
ed71889d-8bf6-42c1-8754-3255b0e143df,0.58580726141005,144.78
11dbfe1e-2446-4ce1-8ebb-3b6e66884ee1,0.58279826898735,149.78
e6431723-5c2f-4807-b661-c53044c861aa,0.58580726141005,144.78
0b3db885-aec5-493b-8cbc-659acb2f4ecb,0.5839028128854,147.77999999999997
ceba7419-3daf-4a20-94b2-0b79121c54ef,0.58580726141005,144.78
83e530ae-642d-47a1-8feb-e0a150c929e9,0.58580726141005,144.78
5262b067-1e3c-468b-bb25-507e063cd94b,0.58580726141005,144.78
112ddd6a-8274-44c0-812e-fbaf14970ce7,0.58580726141005,144.78
d77df714-301b-4449-8828-ce050d436a3a,0.58580726141005,144.78
4cc8dce9-1b3b-4d67-a598-2554dae527c6,0.58580726141005,144.78
74648823-f6c8-44d8-adca-a983d2c3f490,0.58580726141005,144.78
0d8a73cc-3cc2-4caf-815c-dd23fbaaf94f,0.58580726141005,144.78
3f1e2ffb-9cf0-4880-b0cb-dea97b858794,0.58580726141005,144.78
f3e4cb09-a09c-4cb6-acbb-f631398371cb,0.58580726141005,144.78
df89271c-82b9-4fd4-bba6-1f5b16c6acf5,0.58580726141005,144.78
9130620d-42de-4784-8579-f2ec6021fdfe,0.58580726141005,144.78
a47a7fce-7bf8-4444-a5d5-15c397470796,0.58580726141005,144.78
