SimulationID,AdjustedLatency,AdjustedNetworkCost
cf0705ed-0286-4234-ab4d-af119f12c2f3,0.58647504781175,174.77999999999997
1efb151f-b4b6-4b0a-b3ab-384974ee8764,0.5859232665583,215.77999999999997
8eb63f3b-fd0f-4c34-adb9-ebe5891fa928,0.5901154354893,218.77999999999997
339076c2-9519-4c33-be22-1871b5148afe,0.5844430605219,222.78
fd2e77f0-0666-4b13-ba5c-bbc35b6bfd9f,0.5873646865303,240.78000000000003
ced0fc9c-e055-42ec-af1b-1e6b3c9829be,0.5836382110376,259.78
38cdc02d-dc79-4423-a37a-9bbaa50e18db,0.5836727362159,212.78
cc42ccc8-8962-4870-985b-3552cfa5dd7c,0.5841561959561,221.77999999999997
51eac08f-1f05-497f-bf10-e556e81f9f8f,0.5867104725503,235.78
b9fc23ae-8c22-45ca-adb9-b642b20eab0e,0.5864944138768,188.77999999999997
15321f92-c2cc-496f-853f-32d05a92b8a0,0.58538206482525,188.77999999999997
5486cef4-e400-457e-9f9c-4e904bdd6cb0,0.58644995580985,219.77999999999997
992621e0-5f3b-4d08-a4f0-e4a373064a19,0.583105768641,202.78
6a29fee2-ad4a-45c4-8c18-68af6cbad141,0.58469465574535,234.77999999999997
3268b00c-8b7b-4f60-b78b-6bc7493f82ab,0.5858823402581,213.77999999999997
31eb6f7a-71bd-4eb4-9d62-cc32177d0cd7,0.58724571205215,201.78
c71da30b-f014-4d6d-9473-c836dda5b33c,0.58647504781175,174.77999999999997
1009e98c-17ca-4e63-88c1-96b52aa5b927,0.58573014740035,194.77999999999997
9a655079-bb55-423b-9098-cce1812d930e,0.58297187609605,199.77999999999997
4a9e5921-c240-4d4a-94e3-6a530c69aa60,0.5825954265287,186.77999999999997
05c444ca-2089-4dc9-b740-fdc25bf26d57,0.5825484493806,207.77999999999997
bc1a3bcd-ec1f-4dac-b3fd-83eb78c852b6,0.5794074308693,237.77999999999997
a4a3e84b-28c1-48b5-aedc-772e59d3e7e1,0.58677818399765,174.78
c2fd2fa8-98f9-4d45-8809-4f2e0756505a,0.5865408180367,180.77999999999997
c51ec34e-1fd1-4f3d-ab02-884c2e7eacfa,0.58546677344485,198.77999999999997
bee61a20-8b55-4714-b64d-f0b0fdcc14c3,0.58489356706865,178.77999999999997
fa475e02-5b32-4b30-9d87-265e0a42b183,0.58614624745755,173.77999999999997
607b7444-4ef5-495c-9e72-c6d0b9acce3e,0.5842760161031,198.77999999999997
8a36c7a0-1f3a-434d-8b2b-7a56516e7e7d,0.58347711011705,182.77999999999997
4340bc9b-a26c-4cf1-a94e-54d7bd301335,0.58441002776115,203.77999999999997
f42c9421-7ccf-45ad-8109-fb9c0f0ab4d5,0.583585373325,197.77999999999997
52ef1752-3a7f-413b-8f89-0e44b88173c6,0.5824294345975,192.78
6b853c29-0163-4f1b-b3bb-f1afe8ba0803,0.58257400263655,163.77999999999997
cebd98ad-32ca-452e-9247-7287faeb8042,0.5855454936186,186.77999999999997
621afbde-a1b0-47ae-a5ed-6f6e8b17e588,0.57980658124315,179.77999999999997
92f10028-c808-4fbc-ab80-d1962418adfd,0.58201886821195,160.77999999999997
456e7a1b-5702-41b6-81ff-4e2de49ad2df,0.58286890258775,175.77999999999997
6c1f03fb-2301-4dfa-b9bc-fc34452de46c,0.5830378275491,187.77999999999997
a25a1182-4731-4fa1-a7dd-0c6c9200c65c,0.58325423214375,156.78
02051c94-0f52-4c9c-be91-0f74a0952780,0.5816893938316,161.78
545bbd4c-f1ee-4cda-8782-5fe967666e25,0.58433928348235,175.77999999999997
6aef89e5-8aa3-456c-98d1-39d6a5b500f7,0.581882771334,176.77999999999997
14a78306-4045-44b9-937c-d45777759699,0.5840375995434,175.77999999999997
975d53cb-dedd-422a-9713-78a12f1ba778,0.5833151663205,196.77999999999997
37a1255d-8d6b-4476-ba70-779ff4f84e8e,0.5832082491053,168.77999999999997
dd87f07b-75d4-44a1-bee9-c6dc24867130,0.5839563979516,176.77999999999997
14fb6c94-9888-4816-af56-67a77d3b8b75,0.58350899621335,179.77999999999997
853ab585-9bae-4132-8709-e36c7073f85c,0.58167764505215,170.77999999999997
beece9ca-1b6f-401f-b0fa-0c1a41d46cc1,0.58145260703085,150.78
6a966e76-aae0-4c12-9348-d8ee48807461,0.58265048119285,173.77999999999997
a656f177-1fbf-4041-9578-913744e590f2,0.5816930591107,154.77999999999997
45cd9f4c-34c1-41ca-adec-f598275f69fa,0.5821656671887,151.77999999999997
08eff696-6170-4686-9103-875f008ae7ff,0.5812900163845,166.77999999999997
6140e895-1bec-4c4a-95a8-0b59b94a13c1,0.58262297296155,168.77999999999997
b0939a82-174e-4131-a198-5c6267fb7343,0.58213135744155,159.78
ce544d4a-5c95-472f-aad1-ad134d3fe3b3,0.5817506284748,146.78
c45d3beb-de59-4845-86f0-9c05717596de,0.5844773842423,176.77999999999997
937238ae-fe9b-4d2b-ab5e-570e822e9028,0.5822911299856,174.77999999999997
11922a45-10a2-46e8-a096-741b09d15ba0,0.58503339091755,165.77999999999997
a7a3b2e4-aa21-401d-bdb3-9e697e9bd56d,0.580041768591,178.77999999999997
7f0d6f76-68e8-4e66-a0c7-7ec972feaeef,0.5843385643238,170.77999999999997
fb17fc8b-9110-4c46-a181-39b643e0ec89,0.58442670032155,163.78
5337577e-88a6-49f7-8754-9a564f17b6af,0.5835590522772,161.77999999999997
af408888-24ff-4ab5-84c2-81229ecd86b9,0.5827015578794,149.78
2bb20d78-2616-438c-9061-62349d20f8ff,0.58182994009055,148.78
944ffcc0-bb3e-4043-b0b7-0768c2de4f7b,0.5808754760748,165.77999999999997
312bfa3e-b08c-4a6a-bb33-109ebf79d215,0.58306507015185,144.77999999999997
97f8aca5-64c4-4977-b54a-4c1220a606b6,0.5805064746141,143.77999999999997
c8d54012-3473-441c-82f4-84e594841bfd,0.58163947169785,154.77999999999997
73a2f095-587e-4e8e-888b-1fb0ef08980b,0.58018262104965,161.77999999999997
533667a9-8d46-4e9c-8432-b4c6a148c00b,0.58442004500445,153.78
b5a9a532-8784-4f80-bdb9-8c21d2316ffa,0.5817506284748,146.78
2ffe9165-a225-42a8-9423-5963177e2cae,0.5846052248712,161.77999999999997
e13e162f-42ce-4a78-bfdf-628e2e385df6,0.581948741065,146.78
da5aea7e-8ada-4d96-b87e-316baba3eca6,0.5861519169389,155.77999999999997
39349597-b6eb-4d65-8e8f-f074a557cdeb,0.58503738256085,175.77999999999997
8e8f79f0-8995-4da7-919f-cc96d7d0b9c9,0.58329538209625,142.77999999999997
dc6abe2c-cb8c-4643-aac9-76335f489243,0.579864092307,152.78
55e6ef82-faa6-4b40-a7d6-6f727a10b94b,0.58013154521765,152.77999999999997
9d0b9eeb-b369-435c-b7f8-4c48981af84e,0.58247220242225,151.77999999999997
7ae4a673-fada-4394-82d0-65c46efe1c2f,0.58387318516855,151.78
b4cc1f66-d82f-43e5-938b-8776513d8205,0.58249966324475,158.78
4a8e5f46-3721-4611-bbec-4d61f45cdc1e,0.5831840007823,136.77999999999997
d883bb2d-32a6-460b-8390-38715f23c22d,0.58257524780285,142.77999999999997
543c79fb-181f-4f2e-a0d9-1a91cddc654f,0.5828223419026,147.77999999999997
efbbe65d-6054-4312-a831-e6b88d2a15ef,0.58391733383605,150.77999999999997
e8c6f47e-05d8-47b9-9e7c-13ecc7d79b96,0.58292754580005,151.78
b8ac1009-283f-4a90-897d-7a960c9f1e8a,0.5836526608338,138.77999999999997
8e87f19f-5f92-4619-a011-71307c4a6577,0.5813639229652,152.77999999999997
32122f80-680c-425e-8cb6-35cacb8b1957,0.58025164514695,145.78
cb17dd62-c1a1-46bb-b87c-7640422fd428,0.58258640977075,149.77999999999997
e00c12b5-963c-4788-8098-2d401bb5f70e,0.5833139856045,165.77999999999997
70365e9c-069a-44e8-aa1b-6e309b374788,0.5800509026041,138.77999999999997
28ed5627-a669-46a4-afe6-8aa5abcc0750,0.5819378829121,151.78
22d85ff9-e92e-4e41-805f-4038ae2f20dd,0.5831959427413,158.77999999999997
2c3e4502-08b9-4482-9574-4cc3ecd49b68,0.58490169932945,147.77999999999997
329cce5a-de48-4149-9a4e-982d96600a58,0.58010859843305,150.78
a19efe5a-1fbd-4320-9578-12fe11d8f738,0.58064671763185,149.78
e58d0b4b-1ed7-41fe-9072-a961865450a0,0.5819751815052,141.77999999999997
3c0382f0-6308-48dc-897a-c98d28346574,0.581113077934,136.77999999999997
13ab4626-484f-47b5-91f8-d6ba1100ac43,0.58116252433965,153.77999999999997
5b53c5ed-708d-408f-98fb-b64e136e7420,0.5822933999311,154.77999999999997
9cdb8240-9160-47ad-820b-42adf200faae,0.58105986119565,149.77999999999997
37c3c7d9-3723-40f6-8e89-f70c2d6d4ec9,0.5834713469093,141.77999999999997
30b3906f-9dbc-41b9-9ada-97198d2795ca,0.58345728282305,147.78
2a467ff3-5631-4761-bc4c-420384a067a5,0.57853857489265,146.77999999999997
c44d64d4-86e8-4646-9ed3-0ce0d93a055d,0.5822921732472,149.77999999999997
e7b4dbfb-0802-41b2-b44e-66b82538fb7a,0.58214599420595,159.78
ee22e4f8-fdf8-46dd-8fbb-3db81d12648f,0.5800509026041,138.77999999999997
884f6330-7955-4aa4-94e7-d9a123595352,0.5794592156702,147.78
6191c8f5-2772-47a6-afb5-5ba2a60324d8,0.58097110238645,151.77999999999997
d214014f-52b4-4862-be68-98489f7e03b0,0.58058491031535,151.77999999999997
8d899296-2615-4c97-94bd-809b6ddadd46,0.5825135419998,151.78
683b2c56-4b3c-4ca4-8606-deb2bf3826f1,0.5836537489614,143.77999999999997
547345b8-3274-4fba-80b6-1e74ca82e678,0.58333703570225,135.77999999999997
800d5297-33ca-47bf-bb5b-0921ed497f75,0.583484203672,139.77999999999997
604187d6-5cee-4b3f-8c41-62206d6843db,0.58156636731175,156.77999999999997
ac3dfcef-dd7c-4ce0-8069-e8572562e613,0.5819883697699,148.78
c46364f6-e2c0-4d7c-b8f7-3e49bbf0ff3d,0.58183041457605,146.77999999999997
4988c953-2fe4-4080-b9fa-69909a7c7aa5,0.581327158854,143.77999999999997
41bacf3c-520b-41ec-a69f-9a59b0a7d976,0.5816656428946,145.78
4962fb06-089b-4fd0-b5a3-2c517aca4fef,0.57853857489265,146.77999999999997
803ae0b7-3af3-498a-a008-0260ab1b2f8f,0.58365811107025,142.77999999999997
c9a2128c-2b20-49af-a5bc-b52ba6f98ede,0.5833031261484,157.77999999999997
6a98c8f9-0a39-404d-84ef-73954aa25d89,0.58259261203495,143.77999999999997
95cabb0e-0bd3-4291-b934-4d4a1844e000,0.58316704652905,138.77999999999997
7a2060d2-3428-4bee-ac58-eec40c39ced3,0.58064671763185,149.77999999999997
f740b6e8-c128-4b86-87e8-2df59ec95f79,0.58120088299965,148.77999999999997
59508fb4-cc71-4f03-b176-b0833428d82f,0.58376329455555,155.78
08833558-7255-4c5d-bff4-d64a7a3d8521,0.5836537489614,143.77999999999997
1491a030-63a5-4cc7-87ca-f80e71dfe3a8,0.5831840007823,136.77999999999997
5dedd5d3-e1e4-43d9-a5a1-e83282f03083,0.583484203672,139.77999999999997
b0dda98c-9765-4900-a669-a87dfd45836a,0.5810945712091,150.77999999999997
6d71d130-b613-4457-8999-ab9af3783d88,0.5838625469131,142.77999999999997
15c3f7c2-379f-4732-8a0c-127b8aec28bb,0.58105986119565,149.77999999999997
555c86af-a5b8-4d12-a2d1-a8330a891a45,0.58117704788035,144.78
042c4cf3-6a5f-4627-b0ff-643b804c7a39,0.58330082202255,139.77999999999997
dafd849f-f939-47a4-807c-2275266c1887,0.58086238016735,149.77999999999997
ad1024ad-90b2-4a3b-a2e2-ec3943399006,0.5828449659741,142.77999999999997
42cc5c20-c71c-49d4-9d90-0ea06e580b59,0.5829390280511,155.77999999999997
aca2ed3f-b4fd-46b7-a26a-0b1362709365,0.58259261203495,143.77999999999997
be325334-2100-43af-af6b-dc675e8f5aa8,0.5808278122512,143.77999999999997
06eb65ae-ca28-4d61-9025-b602d7c3bc6d,0.5837238929469,145.77999999999997
e4357775-00ad-4c51-8e93-4e2d61f71eeb,0.58064671763185,149.77999999999997
ecafebff-d018-4ed1-a9c7-559de26148ea,0.5802169102805,144.78
fabda8ad-6670-47cc-8c61-4253f3361d36,0.5824784320327,137.77999999999997
b84c44ea-f075-456d-9bf0-e6b5f269eb4b,0.5831840007823,136.77999999999997
7bd89783-f4ae-432c-834f-dac3fd418940,0.583484203672,139.77999999999997
7c336b69-3798-4ae7-bd19-ff331cfec701,0.5797948614672,147.78
e65b7719-ce21-4d01-af62-84e1ceff7fe9,0.58184428011515,145.78
50f6302b-9d5e-4bfe-8f90-3e03a3af96e6,0.5819778335969,140.77999999999997
56de80f2-18ce-4eb1-9b45-71d5ce2c4d4d,0.58117704788035,144.78
f6eb6ef6-7e15-4e8f-9c32-82ae80a0d4ee,0.5820384749007,142.77999999999997
8f913d51-43b3-4bb7-b29e-bcbf782d8b21,0.5837238929469,145.77999999999997
029dbf3f-ba21-4fb4-a4db-3e5ad1d89cfe,0.58132984849105,136.77999999999997
fc12a51a-021b-4aef-83a0-58bd462ee98a,0.57891785609665,146.78
d858fda9-01d3-4387-83bd-80f1b0aaa2cd,0.58259261203495,143.77999999999997
bbc09325-d7e5-49cd-bb81-c4c01cde40f0,0.5808278122512,143.77999999999997
5b886d17-3cff-41f1-aaec-0f4796887b52,0.5827810742338,148.77999999999997
1093bcfc-0ad0-4e30-b2d7-7b94a24b35ae,0.5797351635138,152.77999999999997
bd8211a1-1f90-4a45-a794-aa11e5aa9e4d,0.5802169102805,144.78
56b5e588-049c-4283-b55b-6c918542dea9,0.58131879697305,134.77999999999997
0ca591b1-4276-433f-86df-57fcb4637d1a,0.58092222242855,138.77999999999997
0fe0e568-12d6-437c-9538-95da01c83b57,0.583484203672,139.77999999999997
50e38d9d-39b1-4c29-ac44-7681ea51ff7c,0.581151705686,144.78
08ef0424-2426-41af-ae84-2566a2da13e6,0.5811409249254,144.78
ef176a52-9e80-4251-b50e-89abd6cebba5,0.58250299144365,143.77999999999997
639e152e-3a38-4ae3-ac13-7610ac6583a1,0.58432615527345,140.77999999999997
16c9f16d-279d-4353-b6bc-25d19c49b8b8,0.583335979876,136.77999999999997
22b3841d-dec2-4793-8726-022c5403725f,0.5831021427256,142.77999999999997
f5773dfe-6f42-4ab6-93d2-8c9d6f70b99b,0.58132984849105,136.77999999999997
c82cc2ed-f27a-44d2-990e-9f3b2bb616bc,0.58067018437145,143.77999999999997
98635d8b-1381-4fc5-9bf3-ca7f448567db,0.580353239172,139.77999999999997
206aab72-b58c-4b53-852e-9993ae5dc6b4,0.5808278122512,143.77999999999997
24ca29b4-6e32-4bc6-8188-75f567564603,0.5827810742338,148.77999999999997
bc79afb1-059d-416a-b392-df4360dc5c47,0.58433640634035,143.77999999999997
17a11666-5625-4282-9a79-372fac2cf447,0.58350084374265,143.77999999999997
382784b7-0e5c-4ac0-b615-6544ed7f72af,0.58131879697305,134.77999999999997
f97c2082-96f2-48d4-9cba-a0a941923625,0.58445953414975,137.77999999999997
74205fe9-a95c-4eef-b71b-e03c16a99880,0.5854467743185,142.77999999999997
70f1d664-dfce-443b-b56e-c65afc03c256,0.58350084374265,143.77999999999997
e6a66938-cf21-4576-a9b2-020f3710d89f,0.58184428011515,145.78
d4483b3e-1938-4e38-87a4-70877320ec21,0.58250299144365,143.77999999999997
32a8c690-b3ce-4699-af2a-98b2e5ebd839,0.5806569527188,141.77999999999997
fa1e5cfb-4ded-493d-b8e3-3b4f3f284d29,0.58335182518875,139.77999999999997
a0d19cea-8b8d-48a1-b9cd-85938fe1eca0,0.58342506424425,139.77999999999997
9379a3a0-4456-4e0b-bf4b-85816e7c953e,0.58134031743755,136.77999999999997
50cb9177-f652-4917-8e6b-3dc4f8cf818d,0.58116363499875,140.77999999999997
404c9ede-8e6d-4894-8c1e-f453883e36c0,0.58259261203495,143.77999999999997
1aaffeec-2830-4212-b7d0-9a93c9425aa6,0.58316704652905,138.77999999999997
7456b879-9ac2-467d-b870-6638599e8246,0.5831021427256,142.77999999999997
e4256788-58ee-495d-a841-e01c8eda9c88,0.58433640634035,143.77999999999997
a19025e3-8159-4b57-94a9-479fb142efa9,0.5834246961948,142.77999999999997
343a0baa-98ab-4404-a7fa-87f822d71ff3,0.58131879697305,134.77999999999997
5fac52e9-6146-4695-bcd8-41d1b3dc5385,0.5831021427256,142.77999999999997
9941cf4f-6f54-456c-9a51-f334bd41de5f,0.5854467743185,142.77999999999997
dd3733bf-1eba-4eb2-bc06-4b1aadc29cc5,0.58350084374265,143.77999999999997
cac7e007-1fb9-4151-99ff-8e55aff36988,0.5814902444092,141.77999999999997
54ef1012-cf90-450b-8109-7d6aaaea6b61,0.5819778335969,140.77999999999997
3f301e66-0c42-4d76-a33c-5b61c299d628,0.5806569527188,141.77999999999997
d575b82a-ab6b-4418-b516-32ab4d714572,0.58130975910075,136.77999999999997
c1d7acc2-d4cc-473c-987f-eb23a2632271,0.5827964210541,137.77999999999997
50e578ba-37cb-40fe-b4ff-f7ab1dc4e603,0.58463104160695,139.77999999999997
fcc6e0b1-552c-4d09-b2c2-318775ed00c1,0.5816227207823,140.77999999999997
80e38768-d2a8-478d-b849-e68d97ba58f9,0.580353239172,139.77999999999997
4d90b459-8589-40db-b488-4452ceb4e39c,0.5812945548285,138.77999999999997
921e9317-ff2d-4979-b919-579813e384e6,0.5831021427256,142.77999999999997
33441efe-273d-4637-b51c-dafad69df062,0.5801958159181,146.77999999999997
4cac03d6-873f-46af-875a-0123361ac4db,0.58350084374265,143.77999999999997
0caf1ac2-b6a7-44e3-9d96-191f886f4b82,0.58131879697305,134.77999999999997
e06793b1-f7f3-42cf-87ba-43c161f63fc7,0.58133367153985,139.77999999999997
1de34aa8-e123-4f2a-8905-593c85211376,0.58422716185145,139.77999999999997
73600438-9d21-4eef-a0f8-2dcca28a1542,0.581151705686,144.78
2ea48607-6717-4e31-bb68-ddffa21677b6,0.5814902444092,141.77999999999997
888246ad-b3d4-4c8f-8bcf-87fd4397debd,0.58164122740925,141.77999999999997
273241ae-382f-4408-86b2-829212c63d14,0.5806569527188,141.77999999999997
3de255fa-d813-4b10-b315-8295bbeaab74,0.5804683618896,133.77999999999997
e987dcf7-336c-4b44-95db-e12b803c8ef7,0.5827964210541,137.77999999999997
73f4e7ef-534e-4da5-9194-68f4d23a9659,0.58320309313845,133.77999999999997
0d4a064d-6af3-4648-89fe-1ad4e0a5d0cd,0.581113077934,136.77999999999997
c9a96c82-55ac-434d-9c62-9c37716c36cf,0.58259261203495,143.77999999999997
0c10ba20-a3ef-41e2-8e3d-687c9644e55d,0.58131879697305,134.77999999999997
4fdc1654-44f2-4531-8b50-aa0843a44273,0.5831021427256,142.77999999999997
1070d337-3013-4143-8c31-edf637cf728a,0.58448788444975,143.77999999999997
55ee1bb9-35d6-43a2-b43a-0e25e05de786,0.5834246961948,142.77999999999997
d90742e5-82a2-4bfe-ad55-961012edaaf1,0.58131879697305,134.77999999999997
52b6ff15-0194-4afe-b4ae-3e33951b0da6,0.5793333244252,139.77999999999997
5f91e705-3591-4732-90d7-57c0959d3038,0.583484203672,139.77999999999997
52c71b2f-cb7f-4a0b-908a-a8e0daa75e5d,0.5810680021422,140.77999999999997
0a85f80a-9cd6-42e5-8cbf-4f49c14cd910,0.58558534868365,140.77999999999997
0ab6a217-3ff6-4598-9bb3-285c96132805,0.58250299144365,143.77999999999997
a69019de-736f-4ead-bc27-34a70cbf6efd,0.5836526608338,138.77999999999997
9092c355-f401-4f89-bd22-6b47d6217a31,0.5804683618896,133.77999999999997
82fbc141-48e4-4d20-ad07-0f94ddb57f80,0.58131879697305,134.77999999999997
079c375e-83f9-4b0f-b5ee-c9ef5b0ac0ad,0.583574639995,133.77999999999997
664847fb-064b-4b80-9c26-d31c0989a622,0.58422716185145,139.77999999999997
dba47357-9fca-42df-a244-e8f623b5e23c,0.5841233816535,140.77999999999997
29f675f2-4811-4f83-8115-c02532ff2b3b,0.58131879697305,134.77999999999997
0757e20b-c8c3-46fe-a359-f9e6caf4e311,0.5831021427256,142.77999999999997
ec5b8b24-e6ec-4556-9437-046c85ad4cea,0.5788560240088,142.77999999999997
b9b658c1-081e-4bf0-8d37-0e2167f13111,0.5834246961948,142.77999999999997
7760770d-ccd0-4682-9439-e450264a35bb,0.58131879697305,134.77999999999997
c762fe8a-9e10-4d82-816d-f9acae823aae,0.58333703570225,135.77999999999997
bfe3a815-9de2-4978-b484-ed91a5e17bc5,0.5854467743185,142.77999999999997
8a25e7a8-aa59-49b4-82b8-6f72cfd182a6,0.5803203431699,139.77999999999997
a118a73d-a375-4c3c-83e4-341de455f605,0.58558534868365,140.77999999999997
f2e223cf-9b82-4abb-8ce5-f88a02146297,0.58250299144365,143.77999999999997
74e72f40-2016-4fdc-9c35-aaa765628b0c,0.58117704788035,144.78
35ffe5d0-6146-46af-af93-9b46af907d74,0.5804683618896,133.77999999999997
b6366a82-7a9b-4712-b056-a160976831fd,0.5804683618896,133.77999999999997
12ad921e-6228-46e5-9d9b-ba027b6c6233,0.581113077934,136.77999999999997
1ca89e1c-089d-4ba3-8488-554e94840036,0.58417334984885,136.77999999999997
f56bd99e-70fb-4cfe-ba95-99f0f27d56c1,0.5841233816535,140.77999999999997
1355d6ef-1c1b-451e-a7a1-cb6193b17d96,0.58131879697305,134.77999999999997
df171f63-7985-4417-90ef-c07e663b13c5,0.5807259202879,136.77999999999997
7ab8970d-005a-4ff7-94a2-e55673382c73,0.58335182518875,139.77999999999997
f246164f-f9e5-474c-b90d-8f93fa0677d5,0.5834246961948,142.77999999999997
1c8b1cdf-cfaf-43f1-89e4-33fa6c7f892f,0.58131879697305,134.77999999999997
5a20565f-09c5-4133-b3af-e274608cbc19,0.5793333244252,139.77999999999997
5ff2ab4a-ebb0-4dbc-ad0b-71fa8e169bcb,0.5854467743185,142.77999999999997
71ef823f-0512-4494-9bfd-7b7bbc5dbda8,0.58356304267015,136.77999999999997
0c65d10e-56a9-4a5e-9b31-53649184e895,0.58558534868365,140.77999999999997
263906cc-a6a1-435e-9152-8b46cd45ab12,0.58250299144365,143.77999999999997
7c3b2e72-d81e-43de-a672-d31281abb49c,0.582839740492,137.77999999999997
da418629-656d-4eb3-bab7-f25d987332e3,0.5804683618896,133.77999999999997
34eb818a-3826-4447-8b5c-d325c1cdeb4b,0.5804683618896,133.77999999999997
953798be-6f3a-4d61-8ec8-f12cbf570cde,0.5826732648727,134.77999999999997
4cc1b855-e695-4c72-9608-da21f2c1ec89,0.58422716185145,139.77999999999997
4a80547d-2fc0-428e-a560-8825c13998f4,0.5841233816535,140.77999999999997
305ebc7f-0573-4ee9-a29d-db90a0da48ad,0.58131879697305,134.77999999999997
01054040-ab20-419a-9f62-d0775a26fc45,0.5804683618896,133.77999999999997
7da787ef-b4db-44a5-ada2-717b41f6c529,0.58335182518875,139.77999999999997
ec529725-fab1-4d72-b48b-f779460a732b,0.5834246961948,142.77999999999997
3d390d23-ef4c-47e9-8892-42cabcef670d,0.58131879697305,134.77999999999997
18625f72-7aea-4761-8dbc-2aee05add2de,0.5815646300742,141.77999999999997
3d2ee8c5-d7df-42d9-be5b-43b1b754839f,0.5854467743185,142.77999999999997
04b9bdf1-c0c4-40f9-9598-c146a3b31350,0.58356304267015,136.77999999999997
ce00fd6d-d91f-4ab7-91cc-3c0db7ad808d,0.58558534868365,140.77999999999997
9aa2a6a8-610d-48dc-9d88-e12b1b7f8019,0.5819778335969,140.77999999999997
3b7ccb07-390c-4800-88d3-d0252a9d63cd,0.58230542535695,140.77999999999997
36b9f82f-19f6-4665-bbf5-d3c7e6ccf018,0.5804683618896,133.77999999999997
e8e123d5-0ba1-409f-b0b5-e2e6006eede0,0.5804683618896,133.77999999999997
7365ba39-6fa6-40a8-b2ac-a63a7d66c736,0.5816227207823,140.77999999999997
5d101225-0c5a-4f9d-a739-9d690a5ae4aa,0.58417334984885,136.77999999999997
5a428374-3630-493e-ae70-c717dc334d61,0.5841233816535,140.77999999999997
2ebbaa0c-bac3-4514-b193-5772237b4527,0.58131879697305,134.77999999999997
0458c27c-9b98-4eea-8f0e-e1e69c55f85c,0.5804683618896,133.77999999999997
e096ed28-853a-4710-9c28-97c097153ede,0.58335182518875,139.77999999999997
5e2a81f7-96bd-47fb-926c-140e6b93c6ee,0.5834246961948,142.77999999999997
de46e186-f967-4835-ad41-d2fe5d9df9c2,0.58131879697305,134.77999999999997
578c5f53-5d55-4e4d-9b11-a1ebce4d49fe,0.5815646300742,141.77999999999997
11500321-638a-44e4-9939-914818221317,0.583484203672,139.77999999999997
010194a9-a0aa-4078-982b-d19d8e051ffe,0.58356304267015,136.77999999999997
ab43a3b3-865c-4b76-87a3-ee4e683d1ba6,0.58558534868365,140.77999999999997
700a679b-9b2b-48a2-ac06-8f9d38854482,0.5831021427256,142.77999999999997
52ef1356-cf22-4f62-9e97-b0647cb56d11,0.5836537489614,143.77999999999997
ddae1206-44d2-4906-8fc7-08897f604ca2,0.5804683618896,133.77999999999997
b674764f-bf19-4a13-a261-9bfb3e029a19,0.5804683618896,133.77999999999997
6f94f529-b914-4bda-bd04-6ad58d7fb91a,0.5826530127066,137.77999999999997
370bb363-ab85-49d4-9ad2-dbb8995e8007,0.58422716185145,139.77999999999997
480e79fe-ab6f-4b36-81fa-600bdd858d58,0.5841233816535,140.77999999999997
114e874b-16d3-4131-a39a-fd23db1b43b1,0.5804683618896,133.77999999999997
ec8242a6-31ce-4f5c-abf5-1e17afbf503b,0.5804683618896,133.77999999999997
5780478d-d7de-4bb1-b65c-4e9fc5fe50d2,0.58335182518875,139.77999999999997
75be02ba-f4c3-496b-9494-a45631b8daea,0.58044712058775,141.77999999999997
9c66e62d-2861-4a31-b315-56476e94eede,0.58131879697305,134.77999999999997
b8c46fd2-42c0-41ba-977e-f67e7120ceef,0.5815646300742,141.77999999999997
3ab9f08d-12c4-48ad-94b2-d024cc4991f6,0.5854467743185,142.77999999999997
bfa1e621-1aa7-417a-bae5-af05a9c7c4ae,0.58356304267015,136.77999999999997
478c5460-e9c9-4aa0-a0d4-27249a8dbc83,0.58558534868365,140.77999999999997
e67e7987-74bb-46bb-a3a2-e4a9e88b642b,0.5831021427256,142.77999999999997
08ee2c80-23d1-406f-923d-80f51e822e95,0.5836537489614,143.77999999999997
b39f6943-70df-46b6-bb4f-3bdc7b8912cc,0.5804683618896,133.77999999999997
57dfd99f-a19f-4f80-812b-c48c500ef7ff,0.5804683618896,133.77999999999997
989ce85e-3f33-4076-af95-6f684e6c0588,0.5827964210541,137.77999999999997
22f67ee3-fcc7-4ddb-80b7-7b3b22e2b016,0.58417334984885,136.77999999999997
73eb6947-0f65-4d25-a422-6a2c8f118e07,0.5841233816535,140.77999999999997
b1f317bc-663d-4b3a-b033-5a49cf67e4ba,0.5804683618896,133.77999999999997
c537db37-dbb4-42d3-af4c-7114d6db8187,0.5804683618896,133.77999999999997
96f74093-e8fe-4bf4-9eb0-83a973ff53e3,0.58335182518875,139.77999999999997
7df49584-c63d-4abb-9756-2032b57c8a17,0.5834246961948,142.77999999999997
28a7de49-e9db-44ba-9a82-3cc8669bba31,0.5804683618896,133.77999999999997
b0e79357-d899-4275-ba86-4abb23884b0f,0.5831021427256,142.77999999999997
9fcdf801-0829-4fdc-8c8d-fb41dfaca9e0,0.583484203672,139.77999999999997
d9eba2e0-d09a-406a-a3af-62deefc20e04,0.58356304267015,136.77999999999997
15533c2c-783a-4ebe-9e2c-a070409ac177,0.58558534868365,140.77999999999997
1e8c14de-8391-40fc-866b-8b4499a722c3,0.5831021427256,142.77999999999997
cab99b4d-3d2a-4d72-816f-0b3bca457f40,0.5836537489614,143.77999999999997
5f3ef8fe-a177-4453-ab1b-6ef2829749b8,0.5804683618896,133.77999999999997
543c9bd1-aefd-419a-a442-92c301e495d1,0.5804683618896,133.77999999999997
8ff574fa-0347-49fa-9c5c-b071cba89d98,0.5826530127066,137.77999999999997
dde0bfef-cf50-4a56-9e47-4cb8b6501681,0.58422716185145,139.77999999999997
31cef826-26b1-4974-be8a-f7793b1f6546,0.5841233816535,140.77999999999997
18a40df0-bbba-433f-b87e-485c33d05ff8,0.5804683618896,133.77999999999997
db086056-00d1-46d3-a185-045cb7528a4e,0.5804683618896,133.77999999999997
ac52362a-99f2-42de-9630-81135c1709a5,0.58335182518875,139.77999999999997
fe3e5c9c-9f70-4c22-a130-a015c0cc83db,0.5834246961948,142.77999999999997
eab9590a-7e1b-4b94-852f-6d41c7a73b46,0.5804683618896,133.77999999999997
95192b95-6cb5-4932-94e6-9cce203bebd9,0.5831021427256,142.77999999999997
bc74a1fa-442c-4e35-8259-75252dd0f577,0.583484203672,139.77999999999997
3047c862-c495-4b84-bd0b-e4b00b0aec03,0.5804683618896,133.77999999999997
0f2b6836-6f1e-46e4-ad83-38b7bb1e28cd,0.58558534868365,140.77999999999997
90d1b56e-155d-499e-bf20-db7e67ea9bc6,0.5831021427256,142.77999999999997
c6bfb9cb-bf96-42ba-992c-b113d7265596,0.58230542535695,140.77999999999997
0eebc162-1d3d-456a-a896-799ce446054b,0.5804683618896,133.77999999999997
f93c21d3-82af-4b64-8855-7fe76fd9ce0d,0.5804683618896,133.77999999999997
4f798b40-a6fb-440a-abbf-95995f44483d,0.5827964210541,137.77999999999997
baf0c5dd-3eeb-4750-b1e4-3b4f23148736,0.58422716185145,139.77999999999997
a40ca478-bb5b-4ad9-8413-ba6072f30b19,0.5841233816535,140.77999999999997
a8e85535-aa50-4c80-ac50-dcab6b8b6e4d,0.5804683618896,133.77999999999997
ec839b32-4055-43ea-9de0-5ea779ca905e,0.5804683618896,133.77999999999997
de88a477-31bc-466c-95ab-f9942cc4d0e9,0.58335182518875,139.77999999999997
882609f7-c3ca-4f5c-8873-c3f79dc2654c,0.5834246961948,142.77999999999997
1098d5a5-e849-4a18-be7f-f7b52024a62d,0.5804683618896,133.77999999999997
f4b3151c-610c-427f-850b-227e005462a5,0.58215555196935,138.77999999999997
af7488e8-3e2e-4a1f-a766-827a7f123647,0.583484203672,139.77999999999997
6048f2c9-dae9-4d98-8fde-f081f6fbebed,0.5804683618896,133.77999999999997
df655a63-d20b-46a3-8d84-969744955d6b,0.58558534868365,140.77999999999997
736f61b1-fcd9-4551-9b38-c52b8ba9de3e,0.58133367153985,139.77999999999997
4645f456-d9e3-4f05-8de3-901617349225,0.5836537489614,143.77999999999997
50908bed-b831-4aa2-b2f3-71b7acd4ada9,0.5804683618896,133.77999999999997
dfc636b7-756f-4489-b981-26ca37b4d283,0.5804683618896,133.77999999999997
181102e1-b842-4cf3-9ec6-383efe5bd64f,0.5826530127066,137.77999999999997
aac0bff6-e4b1-43b3-8faa-545172a897c8,0.58422716185145,139.77999999999997
24abf4c5-232a-4a37-8d87-82b67b3f5339,0.5841233816535,140.77999999999997
15d5c607-ab2a-49f7-8bb5-c789f1a8be7a,0.5804683618896,133.77999999999997
bba50ec6-3ebe-4ac8-813f-594ec6593fdf,0.5804683618896,133.77999999999997
8c317c2a-a511-42a5-bf25-6990b29f6c0b,0.58335182518875,139.77999999999997
66ad613c-4518-4070-9740-ca23c582c2d4,0.5834246961948,142.77999999999997
f947662b-8e08-4688-9c0c-365d1d31873a,0.5804683618896,133.77999999999997
209ace3d-bf7e-430e-958b-7bc1c51275ce,0.5815646300742,141.77999999999997
be28f9b5-c812-4a80-9251-5576cb5c82bd,0.5854467743185,142.77999999999997
9c447fb2-17a6-4f14-a969-b0f6674adb37,0.5804683618896,133.77999999999997
880c024f-02e0-4e33-97a4-a5b97a936eb3,0.58342506424425,139.77999999999997
b48933d7-fb48-4e81-a0b3-173521ded57c,0.58335182518875,139.77999999999997
f269d138-1f3c-4309-9bcb-91a6b6d0dc5e,0.5836537489614,143.77999999999997
ad00ea01-42d9-46cc-b093-e087bee8781a,0.5804683618896,133.77999999999997
74c67f46-1032-4be9-9a3d-af63af6132f6,0.5804683618896,133.77999999999997
dfeb9e61-8021-471a-bc9b-de2aca31c469,0.58179585086075,134.77999999999997
642ee679-3d69-419c-82fd-407c36978a34,0.58422716185145,139.77999999999997
23c833c6-3608-4a1e-a608-f0952a90738d,0.5841233816535,140.77999999999997
0e6a69ec-da89-4acd-959b-a6f4f563124d,0.5804683618896,133.77999999999997
7fde699f-fcdc-47b7-a729-4f947d69fd18,0.5804683618896,133.77999999999997
fc05974c-9341-4677-89ae-ed63d2d6c1de,0.58335182518875,139.77999999999997
5666b465-afd5-4009-b345-ffc01da3b002,0.5834246961948,142.77999999999997
5eb2ce9e-15ce-4604-9293-f484e565d217,0.5804683618896,133.77999999999997
318269f5-3fdd-4345-8c39-a92c86bd3bc3,0.58092222242855,138.77999999999997
0c72d1ed-6234-4569-9c8a-c879529ec949,0.583484203672,139.77999999999997
dbe3ba58-5b63-4150-986c-f1f464ce65cb,0.5804683618896,133.77999999999997
38a2e81c-d00c-4543-901f-79d998d17201,0.58342506424425,139.77999999999997
f0760dff-c616-4bf1-82f8-5e38b9b540c0,0.5831021427256,142.77999999999997
e608b0e6-961f-407b-8067-1b787da87b6c,0.5836537489614,143.77999999999997
6a2640b0-69be-4628-b6b1-4251e6c04b59,0.5804683618896,133.77999999999997
7e6f8733-9b18-4472-a52e-3a9be9759cd2,0.5804683618896,133.77999999999997
fec85042-e91a-4ae6-a4a6-f29c7269b9c5,0.58179585086075,134.77999999999997
d0f4cf2b-4776-405e-80cf-db748f6bdc4e,0.58422716185145,139.77999999999997
e355cf0d-56cd-44cf-bf00-c7edaa1b6555,0.580353239172,139.77999999999997
4f2d4558-3847-4351-8c6f-01cc3ebbcce1,0.5804683618896,133.77999999999997
c093cbcc-d024-43d3-aba7-f1b6c91aa75b,0.5804683618896,133.77999999999997
dea5603b-b6e7-4274-9fd7-68aa215017c2,0.58335182518875,139.77999999999997
f417ce58-0420-4ed3-9fd3-01ac07522f9a,0.5834246961948,142.77999999999997
8be00147-81da-4b1e-a3e4-adb7159612c6,0.5804683618896,133.77999999999997
f1bf14e8-15d4-46dd-9070-d5499cc283ce,0.5815646300742,141.77999999999997
440e8f27-ab84-4c8c-a146-729a39f782c2,0.583484203672,139.77999999999997
3b6413f6-2876-4305-8a08-b30e6c70aafc,0.5804683618896,133.77999999999997
4cac78ac-fb2f-41b8-bef0-10cec8745321,0.58342506424425,139.77999999999997
44aedd5b-cbda-4c05-a332-d237f4f9bbd4,0.58335182518875,139.77999999999997
d9f36c46-cb54-4f9d-a0e2-6a951d387c42,0.58230542535695,140.77999999999997
7184dafc-f8b1-4af4-afb4-5915207c7c30,0.5804683618896,133.77999999999997
e19627d6-c8ad-4835-9746-9947053e2df3,0.5804683618896,133.77999999999997
c85bc8c3-27a6-4954-b758-fbeeeac81148,0.58417334984885,136.77999999999997
17d7af1b-d3f2-4aac-a98d-e3aee25d4092,0.58422716185145,139.77999999999997
f3b9e2fe-951e-44bd-b3c7-5635d5ca1ed8,0.5841233816535,140.77999999999997
005b632a-fb7a-471e-b244-a3750a56cb36,0.5804683618896,133.77999999999997
d6bdfc91-6aff-4d0b-b0eb-83d97cd0cf89,0.5804683618896,133.77999999999997
50cbb862-87d4-457c-9bc2-9cb20e4aa4f1,0.58335182518875,139.77999999999997
eafafd98-efef-42ef-a2d7-c5bca48b5ec4,0.5834246961948,142.77999999999997
7fb83a65-80f2-4aec-a9d2-c77792db1df8,0.5804683618896,133.77999999999997
07546404-b1d3-4a6e-84b3-09700d5592c4,0.5831021427256,142.77999999999997
c6b88eea-31bd-452f-aa87-fdee14931193,0.583484203672,139.77999999999997
82d542c0-12e0-4a29-b9e3-518810623c66,0.5804683618896,133.77999999999997
807dc690-9157-4918-b3e8-4b146910a3bf,0.58417334984885,136.77999999999997
9234a88c-1af1-4efd-b91a-a8438da16cde,0.58335182518875,139.77999999999997
ff7d29f4-ca2a-4380-82c3-cbfc2ca4c97b,0.58230542535695,140.77999999999997
26376339-bff4-4861-8c09-fa91059d4435,0.5804683618896,133.77999999999997
fc998375-51ed-4733-b2c8-46be4da0da1b,0.5804683618896,133.77999999999997
1afb6607-4d16-44ac-8be3-04581b32780b,0.5827964210541,137.77999999999997
fc23b1ba-3af8-4171-b255-ef80bae1d38c,0.581113077934,136.77999999999997
381de3fe-745d-481d-b927-c1fbc9dda34d,0.5841233816535,140.77999999999997
892f5a2d-0bdd-4e0e-8d0f-81dd515cdb10,0.5804683618896,133.77999999999997
139567d6-570f-4704-8077-efd3ae3631b1,0.5804683618896,133.77999999999997
4df36d7f-bed2-4ed0-8009-3e2ae92510f3,0.58335182518875,139.77999999999997
447af354-d188-40b2-bf0d-8dd81b420d22,0.5834246961948,142.77999999999997
3c369c5c-2160-44ff-aaf2-dcce59009c30,0.5804683618896,133.77999999999997
09a15207-4623-483e-8768-9bb36a4a8590,0.5793333244252,139.77999999999997
9f1a902c-f845-42c6-8d66-08f47189ff1e,0.583484203672,139.77999999999997
d6c4517b-9aba-4e49-a9a9-4edbdbea4c89,0.5804683618896,133.77999999999997
23dec0c2-b6dd-451e-a302-bf73153260d7,0.5804683618896,133.77999999999997
d4426294-6607-4be1-8a2a-e033a33c6ecb,0.5807259202879,136.77999999999997
6c73f3d4-30c0-4ecf-a656-8a37cc737ced,0.58432615527345,140.77999999999997
a872450f-6fe9-4449-bcbc-c201abf9e1e2,0.5804683618896,133.77999999999997
5b29ceef-f026-45ce-b4d4-bd774ec0a96b,0.5804683618896,133.77999999999997
fea9a1f7-34b9-487d-a345-3d90c7f8237c,0.5827964210541,137.77999999999997
e736cce2-e89b-4a1a-b9e4-ae386c1b7d45,0.58422716185145,139.77999999999997
0737a7e1-1bb6-491c-b53a-7d953b52a885,0.5841233816535,140.77999999999997
fc540c7f-48a7-4dd2-b780-77b9b6f6d428,0.5804683618896,133.77999999999997
b487e8d6-57ac-4e5e-acf8-7e4f98ec816b,0.5804683618896,133.77999999999997
59dd414e-d4f2-4cc3-8f0d-1dfa251ce685,0.58335182518875,139.77999999999997
8c6294b8-e5e0-4d35-8ea4-044fa302df8f,0.5834246961948,142.77999999999997
a656e6a2-a46a-4e11-9df8-56ea7d3e5485,0.5804683618896,133.77999999999997
f872c4c3-6d7b-4a64-a96f-0e7727df7de1,0.5793333244252,139.77999999999997
fe9f04ab-8365-4caa-abc6-debce15d7e19,0.5854467743185,142.77999999999997
8411cac4-5511-4b46-b781-a29efb215690,0.5804683618896,133.77999999999997
147e47bf-91e9-4a86-a196-ad7b90056b8b,0.5804683618896,133.77999999999997
50dfaf85-de3a-4309-b180-52b81f557118,0.5807259202879,136.77999999999997
ac9b0f71-e564-43b6-8b3a-b969e9d3c48a,0.58432615527345,140.77999999999997
9b693c37-7f85-42b0-bdef-51d19729e731,0.5804683618896,133.77999999999997
d05b5880-2d66-461f-8724-e4097fc24605,0.5804683618896,133.77999999999997
fb2a711e-4ee9-48ed-8a0b-f8d5885f166e,0.58417334984885,136.77999999999997
5c671a60-5332-4471-95cf-b956ffe148ae,0.58422716185145,139.77999999999997
3767da86-78d1-48c0-ad40-f082b5721622,0.5841233816535,140.77999999999997
026a84a1-dc47-4d8d-9d40-9890859dbcc3,0.5804683618896,133.77999999999997
ec6e91be-2e07-47b7-ac75-64ef4c2a9a1c,0.5804683618896,133.77999999999997
8c798293-359f-43a5-9f31-52fe6de54c2c,0.58335182518875,139.77999999999997
96b57cd7-157c-482d-a545-c3f934d14f65,0.5834246961948,142.77999999999997
8d3598f7-7b22-4f23-8786-bfab547c8d3c,0.5804683618896,133.77999999999997
4478e8cd-28b8-4aff-9123-5330aec22540,0.5831021427256,142.77999999999997
c245592f-3db6-418b-8159-f5f51c702db5,0.583484203672,139.77999999999997
9110b2ca-2206-4410-986b-65909bfbff5b,0.5804683618896,133.77999999999997
5f86e89f-76b1-4fe5-bebd-7991e6ffde60,0.5804683618896,133.77999999999997
ff580444-dde9-404e-95b0-d6bc49e3b91e,0.5804683618896,133.77999999999997
d3e897f7-4a39-413d-910b-ba35ab2a4688,0.582839740492,137.77999999999997
ca6edd7d-a0d6-4dae-80e6-f4a73a0eb3e3,0.5804683618896,133.77999999999997
6d71d747-9a4a-4fdb-8a13-d3a9218fc42e,0.5804683618896,133.77999999999997
a0346dbc-3c6c-4c67-b052-c5471a8ac82e,0.5827964210541,137.77999999999997
d99744b3-5303-4057-b52c-0ae2311335b6,0.58422716185145,139.77999999999997
01068de5-8c22-4b58-ae56-0009a6c7b200,0.5841233816535,140.77999999999997
405547be-3ecc-4c8c-a36d-6480ec3839f9,0.5804683618896,133.77999999999997
7b4c31ee-78a0-40ce-a1e3-931c9e36baec,0.5804683618896,133.77999999999997
6241cf2a-b2ff-4795-8518-92787833c92e,0.58335182518875,139.77999999999997
44d54c9a-9cc5-4eab-a8db-0ba183c5710d,0.5834246961948,142.77999999999997
51c077d2-4066-4071-83a6-9c2616136173,0.5804683618896,133.77999999999997
4f253d95-5bf6-49dc-ba5f-33b8d8b82950,0.5831021427256,142.77999999999997
2412876a-d5e1-498c-b868-04b5eaba52fc,0.5854467743185,142.77999999999997
d6460962-e096-472e-8b9a-cfdff2a4f1bb,0.5804683618896,133.77999999999997
9bb5ccd4-1b2b-4f43-916a-33dcfd548895,0.5804683618896,133.77999999999997
c41b63a5-7544-4ecc-bbe0-a672de595c15,0.5804683618896,133.77999999999997
04e34272-cda1-45be-8c17-8955a48f3af0,0.58342506424425,139.77999999999997
e3396180-b977-4d9e-8e37-e8f5de161e5e,0.5804683618896,133.77999999999997
a21a1aaf-b977-4760-bd3a-72ef7f96c3b7,0.5804683618896,133.77999999999997
3e42e686-5636-44a5-9ef6-db6861a1c495,0.5827964210541,137.77999999999997
ccb0b527-ab42-4450-8d21-ca362b8173e3,0.58422716185145,139.77999999999997
1feb7a01-41e5-48a6-8bcb-06289dac04db,0.580353239172,139.77999999999997
c64d30d7-1996-42b0-b02b-76e629bc623d,0.5804683618896,133.77999999999997
b528e1d6-847f-42a6-8564-de55049cc2f5,0.5804683618896,133.77999999999997
cb013b12-aa69-4e11-8435-59a91eb2a30b,0.58335182518875,139.77999999999997
ee79aa3b-8708-4125-a813-7898e6201cca,0.5834246961948,142.77999999999997
1365736f-8667-49db-aa87-8591667e9664,0.5804683618896,133.77999999999997
168794b0-5af1-4a24-8437-660bf914446f,0.5831021427256,142.77999999999997
8c00c565-dce1-42d8-9f51-7b4294fc3e12,0.583484203672,139.77999999999997
19b7f3fe-4474-4217-b605-b5d44b675243,0.5804683618896,133.77999999999997
3c6dee57-e7b3-4af8-9c5a-071d86af451b,0.5804683618896,133.77999999999997
5d06657e-b3b8-433d-8d55-af1bcc33cad0,0.5804683618896,133.77999999999997
9b6dbf96-6d16-44a0-aed4-19be61237a00,0.58342506424425,139.77999999999997
83995788-faa1-4bc7-8e63-9ba7ff24f2e0,0.5804683618896,133.77999999999997
3c670c4a-abf8-42e8-962e-1837f4874910,0.5804683618896,133.77999999999997
69abf140-fd59-4797-af1a-eddef85dda6f,0.5827964210541,137.77999999999997
ad78cc20-bdde-4617-a756-e28681898f80,0.58417334984885,136.77999999999997
f8a2762b-14cc-43b7-8ebb-c862cbce359e,0.5841233816535,140.77999999999997
6d3dde2f-c6d6-4abf-921b-47393b29878e,0.5804683618896,133.77999999999997
71390a14-3711-405b-accc-0fe72c1a4d49,0.5804683618896,133.77999999999997
a20dc43e-c526-4272-a44a-f66f6561efd0,0.58335182518875,139.77999999999997
4d2e75f5-54a8-48a6-bc67-d52a67a18ae7,0.5834246961948,142.77999999999997
0feaad6a-5ff9-46b8-bf87-2609c699f09e,0.5804683618896,133.77999999999997
eb104fe6-bc63-40fe-b0b7-32aba88614de,0.5815646300742,141.77999999999997
3a3b888f-ce79-41de-83f7-a2c289a06ba4,0.583484203672,139.77999999999997
e4cca87a-7294-4ad3-91b0-3b02e758efd3,0.5804683618896,133.77999999999997
1d81e863-e754-4a33-91ce-8e4be55d0974,0.5804683618896,133.77999999999997
ba1cff51-50d1-4f31-926e-9bde158d843e,0.5804683618896,133.77999999999997
8e4db9cf-56be-4838-a4dd-063d73c77c91,0.58230542535695,140.77999999999997
ca325925-611e-49e8-9d85-997b53fb0a6c,0.5804683618896,133.77999999999997
6662817e-b10b-4908-8716-45694e635f09,0.5804683618896,133.77999999999997
1f8bfb43-3012-436a-8ec9-39419fc776e0,0.5827964210541,137.77999999999997
ebf59e61-522f-4583-9b49-fb78d11087e8,0.581113077934,136.77999999999997
b1abbfaa-254a-452f-af2d-330bceb2be9d,0.580353239172,139.77999999999997
e93e1ceb-be4b-42eb-b4fe-14e531150fea,0.5804683618896,133.77999999999997
d47d4559-e931-4381-9abb-02ad925684f5,0.5804683618896,133.77999999999997
f6875030-7bd6-41e8-b223-2e8c9c22ea85,0.58335182518875,139.77999999999997
a352cc25-6ea0-4c1b-91c3-92f0ee15ceb8,0.5834246961948,142.77999999999997
a4dca033-8595-49ff-9313-9c8dc79e999c,0.5804683618896,133.77999999999997
aa0d7436-546c-47e5-becc-f101e11db0b5,0.5831021427256,142.77999999999997
89e13541-ab74-4617-95cd-b8e021e44a65,0.583484203672,139.77999999999997
e969ca9d-3129-43d6-ae02-4ea3b55aec02,0.5804683618896,133.77999999999997
e03fceae-e907-46e3-8c2f-40a43267b511,0.5804683618896,133.77999999999997
9be1ac05-8c13-4211-ba9b-b58c9001830b,0.5804683618896,133.77999999999997
a29415d8-1b96-4af8-a0d5-9959e9441615,0.58342506424425,139.77999999999997
401f6b00-a142-43e5-bc94-4bff409f2114,0.5804683618896,133.77999999999997
86b5e0a6-0750-40c6-a173-1993c29b899b,0.5804683618896,133.77999999999997
4a90997c-9351-4507-965c-b15205e8370f,0.58417334984885,136.77999999999997
167c09d2-ea1d-44f1-bc76-ef5bbb05ff9b,0.58417334984885,136.77999999999997
ce8081af-55b5-4d1d-9bde-f980277ba065,0.5841233816535,140.77999999999997
05f8127e-57f4-4658-b097-e0deff6cd06b,0.5804683618896,133.77999999999997
8e3e2c8e-f03a-4b21-9aec-1a3d93882d6b,0.5804683618896,133.77999999999997
bae64208-12cf-4e83-aacf-bf774fe0a6ca,0.58335182518875,139.77999999999997
2a5cbb4b-bbad-402e-824a-7dd76da37019,0.5834246961948,142.77999999999997
da34df2b-7ed8-498f-b962-16bf5ce9ff0f,0.5804683618896,133.77999999999997
25b2b323-e2d4-441d-a87f-5477a835b00c,0.5831021427256,142.77999999999997
e6f2d983-a7f9-49d5-abca-555101694ee7,0.583484203672,139.77999999999997
830ccac8-05ad-4bd9-95f3-dd24341a4844,0.5804683618896,133.77999999999997
2aa01412-a8ca-4029-b33c-6ee22c949616,0.5804683618896,133.77999999999997
511fa954-19fb-4db5-9813-e511d7906b2d,0.5804683618896,133.77999999999997
6bf59c96-a693-4ac4-9eaf-17c5d863c640,0.58230542535695,140.77999999999997
99f600e3-42f9-4938-928c-0429253c50aa,0.5804683618896,133.77999999999997
238035d0-3bb8-4224-b88d-705def0f3a42,0.5804683618896,133.77999999999997
9efc7112-5fd3-48e4-8569-664567bc6ba8,0.5827964210541,137.77999999999997
200b13a3-4134-48ce-9ccc-c6fa766acdb9,0.58422716185145,139.77999999999997
40be23dc-e089-4ef5-b247-5f055e8112ed,0.5800509026041,138.77999999999997
cc35f724-d113-4a85-b114-166f357b2366,0.5804683618896,133.77999999999997
ab25c618-f143-4002-b020-458c8edf8156,0.5804683618896,133.77999999999997
bdd88779-d7de-4b16-98e7-f72f166aca8a,0.58335182518875,139.77999999999997
e2e1f396-0015-4846-9946-cd7ccd5d6f99,0.5834246961948,142.77999999999997
c5359257-3f57-4f25-8738-e9d45f543f39,0.5804683618896,133.77999999999997
baab93c4-68d1-4548-8f5b-33a14f5ad87a,0.5831021427256,142.77999999999997
489e9a94-a5b6-473c-a096-712b6b736676,0.583484203672,139.77999999999997
ce7234a3-d749-4591-9882-43f8120e9b6a,0.5804683618896,133.77999999999997
02b0811f-d36f-4a71-989e-5a8377fe7888,0.5804683618896,133.77999999999997
41aa0d9b-7e01-46a4-bf90-5f22a2a99309,0.5804683618896,133.77999999999997
3964d708-577a-444e-b436-3595c25e4084,0.58342506424425,139.77999999999997
0d74d21d-5e44-4076-8a57-5b282b056f94,0.5804683618896,133.77999999999997
e4fd30b3-5e5e-45fb-9d37-ef81e9627dad,0.5804683618896,133.77999999999997
85d3fc98-8e88-445b-92fd-dcd25145cab0,0.5827964210541,137.77999999999997
af036a97-5955-40b3-be26-71446cbeeeab,0.58417334984885,136.77999999999997
01310a9b-7eb2-419e-963c-ad1860c1fa46,0.5829543506317,143.77999999999997
205eed59-75d7-48af-9ec8-b74094dc0995,0.5804683618896,133.77999999999997
bee6ba40-088a-48ce-9b5d-80880092218e,0.5804683618896,133.77999999999997
647ab198-53d4-4556-b12f-dc8ff323eff9,0.58335182518875,139.77999999999997
3cae0b4e-03ce-483c-936e-46c3110bbe80,0.5834246961948,142.77999999999997
9f6bbbf0-16b5-4599-a6f6-ecc543647945,0.5804683618896,133.77999999999997
2d50380a-88f5-4056-93e8-7f38490654d4,0.5815646300742,141.77999999999997
23e86efe-11aa-4605-8011-1fd6317c69f8,0.5854467743185,142.77999999999997
8aab692b-4fd0-4108-911a-2a86edeef5b1,0.5804683618896,133.77999999999997
86b366d4-5601-4038-8b43-533207713c62,0.5804683618896,133.77999999999997
58fdb1c8-1849-41ec-a93f-288a2c5cbdbe,0.5804683618896,133.77999999999997
0c0efe7c-c302-4ba4-b49c-52bb40fc5a5b,0.58230542535695,140.77999999999997
ae04a078-231c-4226-81dd-e4d4ca95e463,0.5804683618896,133.77999999999997
e156ddb8-c14d-4cec-b6d2-b3521c98b194,0.5804683618896,133.77999999999997
b1e250ae-ab38-458d-8784-75ec7cd1a77b,0.5827964210541,137.77999999999997
e0e446a6-c873-4b65-ab01-87718550d345,0.58422716185145,139.77999999999997
fbcae241-9144-404c-9a51-3d0fa87c4c06,0.5829543506317,143.77999999999997
e8903db3-23e9-4f7f-a07f-c65eb5d3a610,0.5804683618896,133.77999999999997
e7a821de-8c98-4a99-a8f4-dc50462a2204,0.5804683618896,133.77999999999997
69110e4a-81b3-486a-a857-ea7d8cb6c591,0.58335182518875,139.77999999999997
cc74587c-b826-4a7c-a0ff-b21666736080,0.5834246961948,142.77999999999997
ea6c1dd7-c1cc-4316-986b-53ef7e0a2476,0.5804683618896,133.77999999999997
8defe380-bd74-4d41-8c6a-cb665329141a,0.5831021427256,142.77999999999997
77967b0b-a712-4bcb-b71d-5e73e66f950b,0.5854467743185,142.77999999999997
96bcf4f4-f36c-4f0b-95ff-c494c9956ef4,0.5804683618896,133.77999999999997
be7643fb-fbf4-403f-b52f-c26c7b6cec43,0.5804683618896,133.77999999999997
950fa4cf-c79e-4c86-857f-9ee3a1847551,0.5804683618896,133.77999999999997
8cdcfd92-1ca3-41af-ba1e-e50053309b6a,0.58230542535695,140.77999999999997
f557dfbd-a954-4c6d-a3c8-9db02a470362,0.5804683618896,133.77999999999997
672c1d7a-6f93-48f4-ba5d-318d5713574d,0.5804683618896,133.77999999999997
d073dca4-d079-48be-9029-daa5a19f946e,0.5827964210541,137.77999999999997
25c47749-1f7a-463b-a350-4857089d4ebc,0.58417334984885,136.77999999999997
7d4029de-9bb0-49a1-a3d0-0e3dda364022,0.5829543506317,143.77999999999997
b26bc896-7836-47c4-85d9-137b01421f42,0.5804683618896,133.77999999999997
64974d81-7332-4b7b-ba4d-df8c1351db7b,0.5804683618896,133.77999999999997
681c23f7-2d11-4fd1-a934-9d873921d616,0.58335182518875,139.77999999999997
f9ee0292-8fd5-44e2-a3f2-37f8d91dc1cb,0.5834246961948,142.77999999999997
37f0bff5-c0e2-4fa0-b0b5-85cbcedf2354,0.5804683618896,133.77999999999997
90d86f40-f0cc-4879-bcbb-c40062f4c644,0.5831021427256,142.77999999999997
1ca265db-11fb-4975-ba7d-52656fe7a17c,0.5854467743185,142.77999999999997
11b57c0c-ba4e-4ea0-9343-ba7dc5a15ac8,0.5804683618896,133.77999999999997
0487b6b1-260b-43e2-b0b1-41c75b95b5ea,0.5804683618896,133.77999999999997
0a33266b-f9a5-47bb-8325-c98ea100fb8a,0.5804683618896,133.77999999999997
0d8dae0f-fb7f-412a-81d6-89a6374c82eb,0.58230542535695,140.77999999999997
4184cf69-1a25-4c51-98fa-4a6b39f7a12a,0.5804683618896,133.77999999999997
ed0dc864-e790-4ccb-b81d-ecc88c068dc9,0.5804683618896,133.77999999999997
18b470dc-a138-4860-9c42-4458a9f1e0bd,0.5827964210541,137.77999999999997
4ef95f1b-7531-4c1f-bd88-8c9ccd1b691c,0.58417334984885,136.77999999999997
d2476d02-1259-457d-b5f4-271b81f7d11f,0.5829543506317,143.77999999999997
b3d4bd4a-39d9-4411-a909-ac8224964047,0.5804683618896,133.77999999999997
bccdd120-cf05-4ce9-9736-fa2edac64aa5,0.5804683618896,133.77999999999997
b8effd80-0d2f-44a7-b14a-67a883a9b731,0.58335182518875,139.77999999999997
106ba069-1bdc-4bd7-a2ad-501c40b86095,0.5834246961948,142.77999999999997
07d0a6ca-5eab-4215-8a03-8e5a1a1bcb24,0.5804683618896,133.77999999999997
fb408a08-a09f-4e48-8726-fc9292033a11,0.5831021427256,142.77999999999997
53ba8317-26ca-4c87-851b-ce6e216ee94a,0.5854467743185,142.77999999999997
6232f408-4d7b-4f33-8117-ca699e6686d7,0.5804683618896,133.77999999999997
f8c58287-837a-4dc2-9ee8-3db7cb177caa,0.5804683618896,133.77999999999997
7393738b-e50e-4fcd-ad83-6ce623d95f19,0.5804683618896,133.77999999999997
9e346455-37c7-4721-946b-4e7ac9d965df,0.58342506424425,139.77999999999997
1e129169-ac10-4fd6-833d-8e5c723a41b9,0.5804683618896,133.77999999999997
ea412e9e-1af2-4ce9-bec0-8a220df5cb7d,0.5804683618896,133.77999999999997
6c6c1397-892a-4aec-b50b-da7c4b7d3788,0.5827964210541,137.77999999999997
3d402350-4d80-49fd-80e1-b163730aa570,0.58422716185145,139.77999999999997
e95dc6a8-a343-467d-bae8-f47c471729ab,0.5841233816535,140.77999999999997
f13309f3-b586-4828-85b0-f0d57b1de9b6,0.5804683618896,133.77999999999997
8aaebe3d-2992-41e1-b36d-ab086ea4b1eb,0.5804683618896,133.77999999999997
025273d3-6c95-4a9e-aa37-935839c09c63,0.58335182518875,139.77999999999997
826b25bd-3af8-4320-9ace-12296b4797ee,0.5834246961948,142.77999999999997
20c53585-042f-4e76-8963-1b4532c0577e,0.5804683618896,133.77999999999997
c34fb777-0fe9-4139-a883-5cdfa36007d8,0.5793333244252,139.77999999999997
93feaade-f5e7-4846-a506-55ed15e46597,0.5854467743185,142.77999999999997
bd009593-c469-455c-8c3e-99e4a64534e9,0.5804683618896,133.77999999999997
c6e1fcf0-19db-4442-b71e-5d715641ad41,0.5804683618896,133.77999999999997
d213614b-3764-4111-bcad-08681e74facd,0.5804683618896,133.77999999999997
1e1b447a-f6cd-434e-ba26-afd47bf87859,0.58342506424425,139.77999999999997
8bd09a1d-58bb-4eed-922b-d9223906db45,0.5804683618896,133.77999999999997
29b9eb95-805b-4834-81d5-402b0d0f073c,0.5804683618896,133.77999999999997
00798eed-0018-411e-a037-7deb120a0907,0.58417334984885,136.77999999999997
16ee2c1f-fb84-4f73-9449-4e130f18afe4,0.58417334984885,136.77999999999997
0fc85287-7dc1-4e57-8127-1d74e6310064,0.5829543506317,143.77999999999997
8519c2b6-d7da-4acd-b848-182ffe3e08b3,0.5804683618896,133.77999999999997
b022dec9-4ea3-40cf-be31-29faa0db0e1a,0.5804683618896,133.77999999999997
4c286fc2-4eb8-41fe-a194-8d92090ebe6f,0.58335182518875,139.77999999999997
09f7700a-7923-42cd-b455-a1df78186977,0.5834246961948,142.77999999999997
3837801f-00f2-47a3-a251-93cfe90c9792,0.5804683618896,133.77999999999997
4918ac2a-201e-44fe-96fc-dc828a186585,0.5831021427256,142.77999999999997
7f30af29-1453-4399-8494-3e0b9f6063eb,0.5854467743185,142.77999999999997
37426a23-3300-4a08-b6f5-b161cad8f2be,0.5804683618896,133.77999999999997
498cc099-62fe-49ad-9dad-77d31992439b,0.5804683618896,133.77999999999997
e1c78243-4128-468c-951f-b497d4568957,0.5804683618896,133.77999999999997
57cb7ac1-8587-45a9-939e-96cf84700d82,0.58230542535695,140.77999999999997
afad3009-f6c2-4f5a-915a-6923ea421957,0.5804683618896,133.77999999999997
dc905e33-464d-4a47-a410-c24b7d5d9b58,0.5804683618896,133.77999999999997
5ba6ee6d-37f1-48fa-b9ce-0190739930d4,0.58417334984885,136.77999999999997
4c4a4bf5-2a99-4813-bab1-116e386da3a3,0.58422716185145,139.77999999999997
52f27ef4-1b77-452e-bb79-be1f31591c34,0.580353239172,139.77999999999997
103128d3-4881-4c57-9428-48409a76f1f9,0.5804683618896,133.77999999999997
075655d6-df53-447d-ae22-6050c808f674,0.5804683618896,133.77999999999997
49e1628d-c298-49cf-b97d-d568218f53b9,0.58335182518875,139.77999999999997
c714c3b3-5c2f-493c-95a6-4e64c9e0718d,0.5834246961948,142.77999999999997
583fb65f-c37b-4416-a212-9df428653069,0.5804683618896,133.77999999999997
d1a8c92f-8af6-41b2-bda0-a890d1c17716,0.58092222242855,138.77999999999997
92157aee-46e4-4a8c-ab3f-e8298c077f93,0.583484203672,139.77999999999997
11d0d25d-6c50-408b-8efb-e92d7bc646cd,0.5804683618896,133.77999999999997
20867554-84f6-40d9-8eeb-09f77fb9449c,0.5804683618896,133.77999999999997
19565dd6-f20e-4b83-9078-8668a7679794,0.5804683618896,133.77999999999997
7d33587c-189c-43cf-8cd9-789afc42c353,0.58342506424425,139.77999999999997
b526d0c1-f9ae-419a-92c9-d6cda9a002da,0.5804683618896,133.77999999999997
4cbdfdef-de7e-4252-bffd-a6785be809ec,0.5804683618896,133.77999999999997
9c2eff8a-cb10-430a-b37a-9e25074abefb,0.5827964210541,137.77999999999997
ba9610e0-aa32-40d6-97e9-37912228ae65,0.58417334984885,136.77999999999997
fee1dd1c-e7d5-4946-ab34-047663fc7de3,0.57987371615525,141.77999999999997
0b62976a-8cb2-403d-918c-9f910e98669f,0.5804683618896,133.77999999999997
ef3350b7-1c3d-4d3f-89d0-c74f76804a03,0.5804683618896,133.77999999999997
59599af7-8014-486b-bc0c-4c9bf078bf6e,0.58335182518875,139.77999999999997
e7e992ca-e67b-4153-9095-21e6051a4d32,0.5834246961948,142.77999999999997
b9a4b6ae-e3cf-4d1c-b468-4c6f1184ebe2,0.5804683618896,133.77999999999997
9e61e39e-4b5a-4b84-abcf-061401153577,0.58133367153985,139.77999999999997
90757a28-d78d-4263-9052-a374ecd168fe,0.5854467743185,142.77999999999997
630ee3ef-9215-4e41-898c-b64fdc534c87,0.5804683618896,133.77999999999997
ad88716c-39ee-4e2a-bd5a-3b46b605368d,0.5804683618896,133.77999999999997
4a374fff-d99b-44f7-8582-07a9da20a7ea,0.5804683618896,133.77999999999997
5cd15799-495d-4037-84ca-ab9ecc66062e,0.58342506424425,139.77999999999997
f23fbe60-18b2-4eff-82f0-e5e7e9ef2098,0.5804683618896,133.77999999999997
26915110-6707-464b-970a-ff16c119ab11,0.5804683618896,133.77999999999997
468c89f9-1b93-491c-af0c-8e3a9ec991a9,0.5827964210541,137.77999999999997
b97a5a65-520f-4ae7-a4bb-a7042410ceb5,0.58417334984885,136.77999999999997
60d7dd86-b370-4e80-8e35-566e89bd2bdf,0.5829543506317,143.77999999999997
d888ab5a-3d17-4aaf-af15-86a41d20aa44,0.5804683618896,133.77999999999997
4e19fd7e-ad32-4d97-90fb-29fab97ffd9e,0.5804683618896,133.77999999999997
87d56d44-b44a-447c-8d70-bdf95c0c2d76,0.58335182518875,139.77999999999997
41f216f8-7498-4c1f-9c75-bfca34679c47,0.5834246961948,142.77999999999997
78dd4fe2-858c-4e2b-8d0a-e4cded277689,0.5804683618896,133.77999999999997
2d2d5365-25b9-4cb5-99a7-eb52d4969589,0.5815646300742,141.77999999999997
c637adbd-74ec-4b55-9f2b-9a32f4c1ac85,0.583484203672,139.77999999999997
2815e9a7-e9c7-4243-b25d-6c8a90c1d32e,0.5804683618896,133.77999999999997
227ac605-c2ae-4c7d-8977-a10b5fc1a824,0.5804683618896,133.77999999999997
0e9108ee-0dcb-4328-b6af-ee285aec81f7,0.5804683618896,133.77999999999997
cf3f9ec0-da7f-4571-80ba-087bd87770b8,0.58342506424425,139.77999999999997
f9d65714-a9a5-41aa-9158-d455d132a136,0.5804683618896,133.77999999999997
08898ce8-f388-4315-b0a1-ab9e57e784c9,0.5804683618896,133.77999999999997
9c11bd89-ca37-44ad-960e-5c2355994669,0.58417334984885,136.77999999999997
96b50641-5405-4b5e-a1ad-3544d80c4344,0.58417334984885,136.77999999999997
adc2d421-7500-4a58-a089-875fedf703a4,0.5829543506317,143.77999999999997
0d065ccb-646b-4226-aad5-6cee7059d862,0.5804683618896,133.77999999999997
a5f1ceab-1cf1-4059-9f2e-8eb762cc882b,0.5804683618896,133.77999999999997
42fcfcb7-081f-4274-bf41-4455562b1a97,0.58335182518875,139.77999999999997
27275869-207a-4602-854e-70b7dc244031,0.5834246961948,142.77999999999997
37fffa7b-9ae0-4b43-afca-6004ab6c66b0,0.5804683618896,133.77999999999997
9d49554d-1cfb-4eaf-a202-59dae186f4c5,0.58215555196935,138.77999999999997
d45f7860-56d7-4935-990c-91f93b3f230c,0.5854467743185,142.77999999999997
548254b8-b03f-4a6a-9897-59c2707666a7,0.5804683618896,133.77999999999997
a0b264d2-92e7-4eae-bc17-bf405534303d,0.5804683618896,133.77999999999997
a511ae8d-cbf6-47c7-b41a-71e8f2ec4b83,0.5804683618896,133.77999999999997
7bdc58a4-287c-4084-93c3-9c4b22b2b3dd,0.58230542535695,140.77999999999997
07667a11-fcbf-4c4d-90be-5e4a0608932e,0.5804683618896,133.77999999999997
1f5bc42a-ebfc-4f72-92e0-874c793bef38,0.5804683618896,133.77999999999997
cd8aca4f-1b4f-4674-a7ca-5c9f51c308bc,0.5827964210541,137.77999999999997
da4f88eb-3fb2-44fc-ab84-cbf66a0a7c78,0.58422716185145,139.77999999999997
1c8bd6d1-40b9-4e9a-8ca3-5709f8fe0616,0.5829543506317,143.77999999999997
9bd10c22-b981-4352-af79-3f49983f416a,0.5804683618896,133.77999999999997
4b343bba-6b9e-4827-9b0c-9c3f28516d1a,0.5804683618896,133.77999999999997
80e5f992-4cf0-40d1-b969-7c752cb59f9f,0.58335182518875,139.77999999999997
6411c0e8-4999-4176-bc2d-5aa096cd97d0,0.5834246961948,142.77999999999997
da2160a3-c487-41bd-8757-df2afd126e23,0.5804683618896,133.77999999999997
07f4c638-d50b-48a7-a1cb-3e11a77f869d,0.5815646300742,141.77999999999997
9a691e9f-51b8-4377-909b-38f9548aa5a2,0.583484203672,139.77999999999997
4becbb88-e100-4bb6-916d-3016aa524c43,0.5804683618896,133.77999999999997
72bb6532-e74e-4570-8d73-c7f439e43b64,0.5804683618896,133.77999999999997
5e4c4ffd-640f-499f-8b29-68db8a8aa056,0.5804683618896,133.77999999999997
f1cf5374-2577-4bca-ad5d-993a96bb8d7e,0.58342506424425,139.77999999999997
369c8ba0-a33d-4687-a9bf-726523476767,0.5804683618896,133.77999999999997
9aa785f0-fd34-480c-84a6-8499964abff5,0.5804683618896,133.77999999999997
ac1dca13-2493-483c-b31e-ba6ca231a668,0.58417334984885,136.77999999999997
db29f57a-081a-4eff-bede-559456dcdb37,0.58422716185145,139.77999999999997
604efc28-039d-458d-a387-0db9d899c0a3,0.58368366776305,142.77999999999997
f48aac14-bb4e-41a9-b4c6-99f690dac237,0.5804683618896,133.77999999999997
43ccd61d-014e-473c-9692-bfc5c38ed927,0.5804683618896,133.77999999999997
3854e558-664f-42ab-a262-dfc6fff70548,0.58335182518875,139.77999999999997
de88e3c7-0687-4777-a71d-54bdf5af9964,0.5834246961948,142.77999999999997
e1436142-0762-4879-9552-eebf5dfd2786,0.5804683618896,133.77999999999997
2938ecca-eb24-42c0-9c79-555324c99713,0.5815646300742,141.77999999999997
26075b76-198c-42e0-b3fd-b8bbd6e2503a,0.583484203672,139.77999999999997
c9c7bef1-ed2d-4858-85b4-f1a6572b1ed9,0.5804683618896,133.77999999999997
03cb8efb-fda8-4dd0-b6d1-9e57c8ba7ef2,0.5804683618896,133.77999999999997
5fadf036-2a34-4ce1-aa0f-26a1b6de8f4d,0.5804683618896,133.77999999999997
fcba4c89-9d63-49d8-82b7-6e07f5a5678d,0.58342506424425,139.77999999999997
e8235820-79eb-4b42-89fb-4aefd3a67f21,0.5804683618896,133.77999999999997
dc99f74a-0f01-4622-b57e-5f295cd0c4f0,0.5804683618896,133.77999999999997
16f5b9e6-942c-42fc-aa53-4e477d0d27de,0.58417334984885,136.77999999999997
fd3556a5-075c-4a27-ae65-c57294adaf5f,0.58422716185145,139.77999999999997
66121cf6-23d8-43a0-a0f9-0c4435303f79,0.5829543506317,143.77999999999997
3abdc3dd-1f3c-4ae6-94d7-c71936867ca7,0.5804683618896,133.77999999999997
011190c9-37cb-438b-bcdf-3971704bd0e4,0.5804683618896,133.77999999999997
bc1d1acc-6e96-4576-b6e0-f07bdcb848f1,0.58335182518875,139.77999999999997
6fca3a7b-d5f6-468d-a86c-dc5063cc5001,0.5834246961948,142.77999999999997
90a43e1c-5db0-4cb4-bcc7-576c23794b35,0.5804683618896,133.77999999999997
1e4662c4-1f30-417b-88b7-4daf73064713,0.5831021427256,142.77999999999997
c27a260f-c64e-4c47-9bdc-3bb300bac7ad,0.583484203672,139.77999999999997
42c669aa-b75a-43fa-9491-943311681ef4,0.5804683618896,133.77999999999997
2db65819-2dc3-4723-aa9d-80b1593abf79,0.5804683618896,133.77999999999997
0ff3f3e5-f42d-472c-bfb8-d305f75139c2,0.5804683618896,133.77999999999997
ed841027-ff37-444f-b091-538a92635ad5,0.58230542535695,140.77999999999997
11fa6e38-792e-4e3b-b4d7-97db7277b485,0.5804683618896,133.77999999999997
e6b0ca4c-7726-4a88-8907-ac24f435576c,0.5804683618896,133.77999999999997
1e41eb49-377b-4627-8bb1-6b47f18b9e26,0.58417334984885,136.77999999999997
a6f14030-bf71-486f-a6b4-6641437ecac3,0.58422716185145,139.77999999999997
5c18233a-e47e-4c1f-b251-658ba8b8e12f,0.580353239172,139.77999999999997
9b305c99-29b1-42fa-82a6-ba9a956b00c4,0.5804683618896,133.77999999999997
fbda078b-6719-4df7-ab4c-67b35cfc5b90,0.5804683618896,133.77999999999997
2757aeae-dd8e-4b69-8165-44d7d8bb8699,0.58335182518875,139.77999999999997
a1951880-c8f7-4152-93a0-93266ab2e23d,0.5834246961948,142.77999999999997
f7db9bc9-635c-4ebd-899f-b44c1c6e518d,0.5804683618896,133.77999999999997
3e51c7d6-8790-448f-bf0f-b48c4d7bafe2,0.5831021427256,142.77999999999997
2606aa5b-924b-4d00-9dbc-d480f05e7dec,0.5854467743185,142.77999999999997
80503db5-729d-417e-8f05-22bae343ce1d,0.5804683618896,133.77999999999997
427e50ab-e0e7-433a-9dcb-25b6de561921,0.5804683618896,133.77999999999997
dbed6586-8622-4db8-8880-4dc928ebe01d,0.5804683618896,133.77999999999997
a0987fb1-3e69-4830-92d7-3a40532b79f5,0.58342506424425,139.77999999999997
cb013393-a0de-4b1e-8c8d-4c9b611fb56f,0.5804683618896,133.77999999999997
8ad440fc-a1fb-480c-9cd9-e5600bf03d0b,0.5804683618896,133.77999999999997
e3302766-8588-450a-9c4d-f1986c41ce70,0.5827964210541,137.77999999999997
fe0ecd88-400d-4569-a855-b33c563fded8,0.58417334984885,136.77999999999997
17cc55ef-6ec8-4e24-ae78-ee12e5028f3e,0.58368366776305,142.77999999999997
023134fd-8d00-43e8-be10-00c895839eba,0.5804683618896,133.77999999999997
85065775-a268-418d-a904-322f18abfb01,0.5804683618896,133.77999999999997
291758fe-e398-47d8-95ab-e77efdec54dd,0.58335182518875,139.77999999999997
28e3b421-7c3d-446f-90f0-141e2db1eacd,0.5834246961948,142.77999999999997
7c9dc208-49b9-4431-9850-863bd3ecb9cf,0.5804683618896,133.77999999999997
9d4cc0c7-263e-4196-8052-03f813028ec7,0.5793333244252,139.77999999999997
372559ae-b97c-4664-b356-a63b11f731f1,0.583484203672,139.77999999999997
52dce703-7a7d-4a61-a1da-cd8582d096d5,0.5804683618896,133.77999999999997
d0a7a094-98b5-40c8-a39d-8bf230af8c20,0.5804683618896,133.77999999999997
07660e4b-e137-422c-93bd-ff3fc04553cc,0.5804683618896,133.77999999999997
82f17087-05e5-4c57-9c15-25b6fcc0846d,0.58230542535695,140.77999999999997
80d7d46f-87d2-4961-a397-f5fef073810d,0.5804683618896,133.77999999999997
7dc87dc1-9628-4777-aa82-20175f3c8950,0.5804683618896,133.77999999999997
b15965a7-3488-4610-8d11-2ae8ffdd6a37,0.5827964210541,137.77999999999997
30772e97-b8f3-4cf1-a66b-608224759170,0.58417334984885,136.77999999999997
30190241-135b-4010-9338-bfe598a048b3,0.5829543506317,143.77999999999997
7bd99cf0-bb6b-4b40-864a-7847f37aee9e,0.5804683618896,133.77999999999997
d824b631-5f8d-4cd5-af0c-2643602db168,0.5804683618896,133.77999999999997
e25fe606-7a50-4772-a8a4-1be8097dc9df,0.58335182518875,139.77999999999997
785b725b-2e34-4cd0-b196-d9041184be97,0.5834246961948,142.77999999999997
065e6712-db20-4026-9950-1978544bd2ea,0.5804683618896,133.77999999999997
b1f42573-8dd4-4338-92e6-c0990a7825f3,0.5831021427256,142.77999999999997
bc44a60c-5800-4e0a-a1f2-e81046217d9e,0.5854467743185,142.77999999999997
0cf64947-b0fe-4bbc-a322-b0d5c472c89c,0.5804683618896,133.77999999999997
aea1a001-4507-48cd-be6c-7b4539038e94,0.5804683618896,133.77999999999997
1ae55684-acfe-4594-90d1-c9220984dd0a,0.5804683618896,133.77999999999997
7a3e245f-7502-442a-810b-a7a8b18fa6be,0.58342506424425,139.77999999999997
38763e99-2464-4b62-af85-03f237db93da,0.5804683618896,133.77999999999997
1076c3fd-62ca-42f3-bd61-bdd55fd88ff5,0.5804683618896,133.77999999999997
a587a1d0-04b4-43cb-be3d-78459309b352,0.5827964210541,137.77999999999997
a8e7b90c-4d80-4c09-9cf2-33e69a01d9db,0.58422716185145,139.77999999999997
e5bdc0d0-a548-4e16-b770-c51e9457389a,0.5829543506317,143.77999999999997
f6220491-3d6a-4039-8725-db888d6ff102,0.5804683618896,133.77999999999997
8c46967c-de5f-466e-8310-f7ac9e8260ce,0.5804683618896,133.77999999999997
08752d56-43a7-4d2b-a0b8-1ff694d8af9f,0.58335182518875,139.77999999999997
9dfa9e14-de40-4a83-8264-2be1c6f558c4,0.5834246961948,142.77999999999997
87584314-1098-4e5f-a29d-e50834e3da03,0.5804683618896,133.77999999999997
208245be-8d63-421d-acf8-b8b33f200a0c,0.5831021427256,142.77999999999997
1db37280-91dd-4aad-a9c6-850acc1ae175,0.5854467743185,142.77999999999997
534fa3f2-88cb-4ef2-b379-4856928e699c,0.5804683618896,133.77999999999997
30fd3d65-d784-4e7f-81a9-d230afe66d6e,0.5804683618896,133.77999999999997
5e748fd7-b203-4b59-8134-7acd50885c07,0.5804683618896,133.77999999999997
15bf9abc-141c-45a4-9224-6187f291e39b,0.58342506424425,139.77999999999997
739adafa-405e-4df4-92d9-9ce4180821fa,0.5804683618896,133.77999999999997
9f2d23a6-2f2b-4d3f-9eb4-2a1a2a42da5b,0.5804683618896,133.77999999999997
16fd4698-b32e-4616-b3f9-7c2bee4e6908,0.58417334984885,136.77999999999997
c2119933-749c-486f-a83f-688cefb3630c,0.58422716185145,139.77999999999997
8116e032-a98c-472e-b210-cd844fd73423,0.57987371615525,141.77999999999997
6021def0-5589-42a0-a53a-32a3c49da46a,0.5804683618896,133.77999999999997
52778cb6-a749-4fe7-a179-3160056e96a5,0.5804683618896,133.77999999999997
5c4ec8e4-2cf9-4cc4-b9fe-812caf5b3003,0.58335182518875,139.77999999999997
bb146026-2b47-47e8-800f-720414c8d234,0.5834246961948,142.77999999999997
d8bf3df9-4bdd-4697-a1e2-9b28f8dd12c2,0.5804683618896,133.77999999999997
6a4286c3-cbd8-442c-a6fa-1e655fa0336a,0.5815646300742,141.77999999999997
d835808d-2143-4859-9c06-a7e4db59aba4,0.583484203672,139.77999999999997
fa4f6d09-54ac-4646-aeb0-dabb8fc43395,0.5804683618896,133.77999999999997
e8be0162-4c8d-4d6c-afef-148161a24ad6,0.5804683618896,133.77999999999997
ac158c3e-e929-4ea7-85bc-0d58133dc966,0.5804683618896,133.77999999999997
327a964d-a47b-49ba-9ab5-57cdd5537838,0.58342506424425,139.77999999999997
6c165bcc-7c06-47d0-a8af-90fda2af09cf,0.5804683618896,133.77999999999997
64639aca-85fb-4810-b505-5baf6fb1ec2d,0.5804683618896,133.77999999999997
9eda8ae0-36d7-4ca3-af52-e08e8cecabdf,0.5827964210541,137.77999999999997
b9f9d2d5-0be7-47e9-ac3a-9e012ee6cbc4,0.58417334984885,136.77999999999997
5a9904dc-3a2e-443a-bd7c-b2ded450ad01,0.58368366776305,142.77999999999997
05ed3cbc-c57a-4c09-86be-5be767d192e6,0.5804683618896,133.77999999999997
33e20435-f2c2-4894-a029-aab0f1c4d655,0.5804683618896,133.77999999999997
9390ded1-57a6-4982-ac96-23079f47c4fc,0.58335182518875,139.77999999999997
7e5424d4-681a-4483-96b2-af7de6566e8e,0.5834246961948,142.77999999999997
42ae7ecc-7a29-4cb6-b5e1-218b88b42381,0.5804683618896,133.77999999999997
2511b6b8-b69b-409c-ab40-b16ba6b1a13b,0.58133367153985,139.77999999999997
9148d780-1d86-4c02-a3c1-2b0fde37effa,0.5854467743185,142.77999999999997
3bd900e8-88c5-41df-99ed-21f3df454f09,0.5804683618896,133.77999999999997
fb94d9ee-45b9-4dc2-adc0-fd09ba10684e,0.5804683618896,133.77999999999997
c8040fee-fff5-4841-a9d7-a9fbc805d2b7,0.5804683618896,133.77999999999997
1e859302-9c99-4761-94bb-912f56afb86b,0.58230542535695,140.77999999999997
0a5629e4-fbfd-456d-bd6d-166c83127f8c,0.5804683618896,133.77999999999997
0ae95608-d4a8-49b1-b385-c721705d8be9,0.5804683618896,133.77999999999997
9c78b002-dadb-4f48-802b-930ccde8bd3c,0.5827964210541,137.77999999999997
27d6d43f-86d1-4e5b-9a38-25b040c36d69,0.58422716185145,139.77999999999997
b668bbfa-cd80-40c4-a55a-cf3633957b00,0.5841233816535,140.77999999999997
b4cab416-9151-4e0e-ad6d-0c492c813f10,0.5804683618896,133.77999999999997
6e466581-d1f3-4934-a0af-a825ce960427,0.5804683618896,133.77999999999997
e23a4bc7-f1c2-4834-a19d-a4f8b64f19da,0.58335182518875,139.77999999999997
67ca50fa-b47c-489f-aa3f-677d2e68ea8e,0.5834246961948,142.77999999999997
f3c5c863-23d2-4a48-8caf-603e13bb3a90,0.5804683618896,133.77999999999997
a239adec-92a1-41bb-8103-93cb6b8f2e29,0.5831021427256,142.77999999999997
32f50910-cac0-491b-9640-44167cfe54fc,0.583484203672,139.77999999999997
d10f6f38-4cba-485f-affe-006e5876a779,0.5804683618896,133.77999999999997
b15b0ca4-636e-4320-b384-38cf578d7d1f,0.5804683618896,133.77999999999997
fff80dfe-ef70-4db0-901e-2f676b4b2495,0.5804683618896,133.77999999999997
f694b77f-ec56-4ab4-886d-3712d0db0dbb,0.58342506424425,139.77999999999997
5d044ada-6a06-416a-af21-9eee800dd33e,0.5804683618896,133.77999999999997
cbc2a6b5-c73c-4e38-b9c0-5b33e6cfc217,0.5804683618896,133.77999999999997
cbb673b2-16ae-4491-b8d5-5ca1fc6b4d06,0.5827964210541,137.77999999999997
c2d3e0e8-6f40-494a-9d1d-8d7c8f2285d2,0.58417334984885,136.77999999999997
54af9dac-0304-4325-8afe-a3c8dadcf16c,0.5829543506317,143.77999999999997
b3bf395b-44a3-495d-9643-5d7d78f63218,0.5804683618896,133.77999999999997
51661c06-e078-4e10-911e-c70ebfbef397,0.5804683618896,133.77999999999997
d87ced64-b396-4b17-b57d-9eafe50f1eb2,0.58335182518875,139.77999999999997
7f0b12c3-a514-4476-bdbe-2ff16f95197c,0.5834246961948,142.77999999999997
9b9abec2-c1dc-4553-856b-40cdd0a66a84,0.5804683618896,133.77999999999997
0c4378b9-6807-4d33-8b52-716971a9ec0f,0.5815646300742,141.77999999999997
f89929b9-434b-447a-93e4-6b6b6891dd4a,0.583484203672,139.77999999999997
061fa033-640a-4593-b747-68e50d75fe79,0.5804683618896,133.77999999999997
43d6b6eb-c4e2-4fb1-b3b5-6085cc6b81d5,0.5804683618896,133.77999999999997
4c84fcf5-80d7-420e-bd3e-0ad3cee975e3,0.5804683618896,133.77999999999997
2b44fae6-a714-47c9-b052-2956f9f8db07,0.58230542535695,140.77999999999997
56bf702d-2181-4f16-8ad4-d086ac1e9b15,0.5804683618896,133.77999999999997
3ceec734-bad6-4555-a944-55f2c79a6a31,0.5804683618896,133.77999999999997
bdee98d1-b24e-44ab-9904-9ff72bd026cb,0.5827964210541,137.77999999999997
6b725281-2e1c-4ed0-8129-e351108c9ee2,0.58422716185145,139.77999999999997
ada6b86a-cb16-415c-b953-c8aad2f3741e,0.5841233816535,140.77999999999997
20ec4d58-d099-4722-afd8-e193bbb1a54c,0.5804683618896,133.77999999999997
6073e0c3-9ce0-4c44-937d-d4c5b773d1e7,0.5804683618896,133.77999999999997
ead9dbe5-2bd5-4bbd-b43b-0892ab7b2447,0.58335182518875,139.77999999999997
6f2f9840-c996-4f6d-94e5-8f020c16c510,0.5834246961948,142.77999999999997
891c5c7e-c0ef-4b17-831c-ef1f9aee3ebf,0.5804683618896,133.77999999999997
22d6cba3-bd25-4dfe-afa8-6cf21c103bb6,0.5815646300742,141.77999999999997
8939775b-a236-4cf2-808d-422a57fe0753,0.583484203672,139.77999999999997
3a1e26c8-2ab4-423c-abdd-6d85cbac82ae,0.5804683618896,133.77999999999997
5908bdef-2c61-42e5-9a94-3c420af4bf80,0.5804683618896,133.77999999999997
6336217f-3c68-4e80-a3ce-0424c1f63d52,0.5804683618896,133.77999999999997
68d5d9ad-87e0-49f4-9d76-8ef7d6c4d375,0.58342506424425,139.77999999999997
dd33ccdf-3851-4976-acdd-1d5952fc11fb,0.5804683618896,133.77999999999997
8fdcfb3e-fd99-48b9-86af-5a4fb49b0570,0.5804683618896,133.77999999999997
612f0c34-79c1-4dc3-8f25-59eca71d47db,0.5827964210541,137.77999999999997
04084dde-cf60-41c6-b0ec-30a637abe032,0.58417334984885,136.77999999999997
774ea4d4-a306-41c4-a626-1dba036541fa,0.5829543506317,143.77999999999997
6377bbe5-9ae6-41df-b703-1bf8fffe0e9a,0.5804683618896,133.77999999999997
5d7a42a0-f261-47af-a8ff-5a97b7fa5cc0,0.5804683618896,133.77999999999997
60857711-9646-463a-9e4d-36dfe38515d4,0.58335182518875,139.77999999999997
8cadaa03-61a4-47d2-8fa6-4299605265e4,0.5834246961948,142.77999999999997
5a2f682e-5efc-460c-87be-3affdc01bee2,0.5804683618896,133.77999999999997
597378a8-f456-4b80-9b30-2b9af9a8ffa8,0.5815646300742,141.77999999999997
1ba0ddef-9983-40f0-8d33-cd460e377936,0.5854467743185,142.77999999999997
09930222-da35-485e-b8e1-8ca4f3def5fb,0.5804683618896,133.77999999999997
ddba83c1-d5f7-4162-b298-cf6dc82d05c7,0.5804683618896,133.77999999999997
ef4c0c90-f98a-4891-8935-29f95f4181b3,0.5804683618896,133.77999999999997
973d7ecc-33f9-4282-91fe-83f7da1950cd,0.58230542535695,140.77999999999997
026bbfe7-ae8b-4956-952e-e354149dc9a4,0.5804683618896,133.77999999999997
672bb88b-371a-4236-ba23-018c9ff9222a,0.5804683618896,133.77999999999997
7b5a923c-690a-4e2e-8a23-1653c4a23f22,0.58417334984885,136.77999999999997
9ad3c251-8ea6-4369-98ba-a43d6530cd51,0.58422716185145,139.77999999999997
42830ae7-d055-43f9-8148-8ac61c55292f,0.5829543506317,143.77999999999997
f9a98a18-f289-4335-853c-d307508cb28c,0.5804683618896,133.77999999999997
ae8562a7-264b-4f43-aefd-76873664e7ff,0.5804683618896,133.77999999999997
96a39ec1-1fb8-42dd-8e65-75721f3c8a73,0.58335182518875,139.77999999999997
2762dd55-bc46-42f2-abb9-bfb9d8fab45a,0.5834246961948,142.77999999999997
70482cb1-c7d3-408f-9156-a359e02e49ec,0.5804683618896,133.77999999999997
63f4d3ea-c1ab-4590-97cf-bf98723ea0e8,0.5831021427256,142.77999999999997
0b8ba63b-c096-43de-a223-d1ac5b6abd4b,0.5854467743185,142.77999999999997
f572bd8e-a03c-4307-b944-47ec36dba7eb,0.5804683618896,133.77999999999997
c75af64b-211d-4d70-8961-8ba7cd747891,0.5804683618896,133.77999999999997
6dfe7fb0-fad8-4863-8371-b9c78311b754,0.5804683618896,133.77999999999997
4d21b890-570e-4216-b02f-495b87fde6ef,0.58230542535695,140.77999999999997
6fa19e55-4924-4208-b89e-5b91f9807ed5,0.5804683618896,133.77999999999997
ad8e2594-c209-4bfe-bd1d-edb0af5a9aa8,0.5804683618896,133.77999999999997
df60359a-9161-494f-9a17-579b6b45222c,0.58417334984885,136.77999999999997
f22f9deb-b8e1-4505-9f3f-e47a4baae855,0.58422716185145,139.77999999999997
3ad5232c-368e-4282-bc0f-62b792a642a7,0.5841233816535,140.77999999999997
e45202cf-5748-4025-9389-00d394bab8ec,0.5804683618896,133.77999999999997
b2abd4a4-21f7-4d79-9e85-73496c2ded1e,0.5804683618896,133.77999999999997
561bf5e4-aa42-41ca-ae48-6479103c547f,0.58335182518875,139.77999999999997
ee55f714-dae6-45a1-8100-8367d0a545eb,0.5834246961948,142.77999999999997
dde951b1-a1ca-42fc-b171-c50f9233e22a,0.5804683618896,133.77999999999997
02df76ea-7702-4c20-ad75-ff5aae254b6f,0.5815646300742,141.77999999999997
f417d4ed-00cd-451c-89f3-5a18978a9e27,0.5854467743185,142.77999999999997
95a07d75-2268-4a80-92e4-3cc15f65b413,0.5804683618896,133.77999999999997
a69af735-1bcc-4a29-863f-59229daeae40,0.5804683618896,133.77999999999997
d6ffd658-088b-4989-8066-378878ef2b48,0.5804683618896,133.77999999999997
e8629d41-7a1d-4a49-b69d-7ac66eeb89d1,0.58230542535695,140.77999999999997
1f93d5b2-192c-4d1c-a3ae-997d83227b86,0.5804683618896,133.77999999999997
174d05ef-8fad-482e-8aa8-63517b044218,0.5804683618896,133.77999999999997
e0dc9b4f-58b3-49a0-9400-2f2b7fa4d261,0.5827964210541,137.77999999999997
b02230f8-8632-413a-ae58-3513c078ee79,0.58422716185145,139.77999999999997
e47dea21-c83b-4b75-ba8d-2f3586a1ce8b,0.5829543506317,143.77999999999997
96dd024c-a755-4e05-a09c-57174174401a,0.5804683618896,133.77999999999997
311eb49a-163e-411f-8c51-e4ac13a95294,0.5804683618896,133.77999999999997
e5cbee7d-c00f-4054-9251-db7193e466d5,0.58335182518875,139.77999999999997
c6c6851c-ca9e-482d-9dd5-b8afb5a6b314,0.5834246961948,142.77999999999997
4e6f9cf2-8bd8-4d01-80f3-3945ec80e2b6,0.5804683618896,133.77999999999997
3611b55e-5fa4-4f07-b86c-cc9d76de965b,0.5793333244252,139.77999999999997
cf1e0348-0435-41c4-aedb-8ac181c92531,0.583484203672,139.77999999999997
01c20e99-61a6-4b81-bd51-5958c161d220,0.5804683618896,133.77999999999997
ce47d173-4314-42ab-89c6-e83c5f621854,0.5804683618896,133.77999999999997
f2045fe6-4274-41b7-9fb2-feff3d8dcd40,0.5804683618896,133.77999999999997
cf86fdd1-c327-41c2-9b81-f59894fe359b,0.58342506424425,139.77999999999997
759af1eb-e514-47d8-b6bd-9386d51e50a8,0.5804683618896,133.77999999999997
22c282a9-d113-47e6-a836-2b4262dbf96d,0.5804683618896,133.77999999999997
7945115c-7d73-4643-a9ea-72b800d3ed2b,0.5827964210541,137.77999999999997
396b8b90-3eeb-41d8-89b0-0296278c2bbf,0.58422716185145,139.77999999999997
889eac25-a2dc-4298-83c2-3c6f391582a2,0.5841233816535,140.77999999999997
b621ed4b-e2ab-4c8a-8b09-8eb2b16fc6e8,0.5804683618896,133.77999999999997
c3d55005-53a5-4193-b4ac-c17004ea0d9f,0.5804683618896,133.77999999999997
71ef181f-391f-4d6a-a1cd-5476096fee51,0.58335182518875,139.77999999999997
377bbe5c-c5e9-4e1d-b852-0a74277a33c9,0.5834246961948,142.77999999999997
5809a961-be15-4ebb-9cf1-c60e1facbdd4,0.5804683618896,133.77999999999997
cb8eda33-098f-4d23-a6b7-7caee307bb1f,0.58133367153985,139.77999999999997
333c48dd-7f84-49a9-882e-9520a7801066,0.5854467743185,142.77999999999997
f5571c34-30e8-4834-9863-ecd46db4e59a,0.5804683618896,133.77999999999997
19fde3d2-4d5a-4952-bf8d-709f89660199,0.5804683618896,133.77999999999997
a8764308-3561-4f8c-b6cb-3bdedc8a9ade,0.5804683618896,133.77999999999997
4a39bd8c-ea79-4018-a48d-9ad90e4d10d3,0.58230542535695,140.77999999999997
33ad0438-6cef-451a-a905-b1ba38151b8f,0.5804683618896,133.77999999999997
a3b30132-9f99-49b4-b324-5406deb42f56,0.5804683618896,133.77999999999997
4f50b1a8-9ba0-43d0-a0e7-e3db4149abf1,0.58417334984885,136.77999999999997
180998dc-64ff-4715-a883-b10bb541dbaf,0.58422716185145,139.77999999999997
3fec068a-7783-4b66-9962-4bcb248b231c,0.5829543506317,143.77999999999997
1984107e-8773-46d7-9649-2acf2c4a770b,0.5804683618896,133.77999999999997
06f13067-9b58-402e-8484-ab8feee2548a,0.5804683618896,133.77999999999997
09b327da-6549-439d-906b-2ab691eb9bd1,0.58335182518875,139.77999999999997
6ebd5e52-3de9-4c9d-b46e-158d35b08668,0.5834246961948,142.77999999999997
bfede8e7-5e7e-4299-bfcc-db601c654324,0.5804683618896,133.77999999999997
b9b734be-71e4-4788-b25a-8f00a4a28a91,0.58133367153985,139.77999999999997
4247c615-4045-4bf3-bc7e-bdc860363472,0.583484203672,139.77999999999997
8e50df07-7319-4a93-84a7-47fd9bd81991,0.5804683618896,133.77999999999997
55ebf95c-7fce-4622-ab8b-200754b92b64,0.5804683618896,133.77999999999997
78d150d8-df0d-4a6e-85ae-2d0a51eafb57,0.5804683618896,133.77999999999997
a7c6f498-b487-423c-825f-a905086626f7,0.58230542535695,140.77999999999997
20b0d113-4f6d-44db-b366-7f7ce7a0fd59,0.5804683618896,133.77999999999997
e0fa3c55-ad7c-425f-b36b-e191f97405b0,0.5804683618896,133.77999999999997
b3165dcc-13a5-463c-aeef-5e9f896e3d3e,0.5827964210541,137.77999999999997
efceea36-104f-4bbc-9049-b8e099440d67,0.58422716185145,139.77999999999997
7868f7a1-7ba1-4bd1-9d5a-e96f90ec2976,0.5829543506317,143.77999999999997
ddab61c2-c485-4369-babe-fe81a2d20887,0.5804683618896,133.77999999999997
03d486b3-a940-4198-b758-192156c4eb16,0.5804683618896,133.77999999999997
8d5348a6-244c-4f8a-9656-e3e22e4ff856,0.58335182518875,139.77999999999997
71a034f9-e04d-4430-8b31-79f3c0be635c,0.5834246961948,142.77999999999997
a29caff8-7f8e-4c24-b532-a7a5ffa07011,0.5804683618896,133.77999999999997
6c83336a-6ca2-4e28-b9de-5b91fb6fcf5e,0.58092222242855,138.77999999999997
ffb57496-f312-470c-a7bc-8cef27b5db95,0.5854467743185,142.77999999999997
14c69b48-c6fd-45e4-989f-4c10216953fb,0.5804683618896,133.77999999999997
c3278922-4013-43e7-b3c0-6d758cc64a52,0.5804683618896,133.77999999999997
a0923e31-b600-4f8b-9a5f-48fa64db8830,0.5804683618896,133.77999999999997
e7e9eec7-17c7-4c7b-971b-3a5050034c73,0.58230542535695,140.77999999999997
13e6cae9-fbbd-49e8-a84b-da33e70a9ada,0.5804683618896,133.77999999999997
87734268-226b-4a8a-a1cc-c2f7496f6fa5,0.5804683618896,133.77999999999997
d85fc234-db47-49b8-b249-07d13ac0fc01,0.58417334984885,136.77999999999997
1ad0e8e6-8ebf-491e-b5a8-e76f01e2c9a3,0.58422716185145,139.77999999999997
1da75075-593e-432c-b895-86e566fb6fa3,0.5829543506317,143.77999999999997
e0d98efa-c7cd-4cf9-bea4-4840bc0df6d5,0.5804683618896,133.77999999999997
38a22a9c-bb91-46fc-8a0e-9713fc3674c0,0.5804683618896,133.77999999999997
3da44c7b-055e-4466-862a-07691995d241,0.58335182518875,139.77999999999997
28551bc3-d526-4de2-bef4-cef25f09aba8,0.5834246961948,142.77999999999997
5ee23a07-9d13-421f-8f54-7a572f682103,0.5804683618896,133.77999999999997
694836e0-e189-490c-8fb8-dca9f8a59732,0.5831021427256,142.77999999999997
6d7e4372-5d55-4d6b-85e3-98e2fab37a64,0.583484203672,139.77999999999997
dd996bb2-fd5a-4f96-b44d-c39e9b2151a4,0.5804683618896,133.77999999999997
f685bb89-1d63-4162-9099-34b192e05f2b,0.5804683618896,133.77999999999997
e3959ffa-3fd5-47b5-8b8b-bbf82060dc3d,0.5804683618896,133.77999999999997
c76a3cda-d240-495e-a3b2-a73a281219c6,0.58342506424425,139.77999999999997
d0e3e3bf-b4a0-46df-85aa-15d6aa6814a8,0.5804683618896,133.77999999999997
f2ed058d-9726-47a0-8689-d4c2421bdcf9,0.5804683618896,133.77999999999997
559df684-e005-4e4d-8361-4e97796e8e54,0.58417334984885,136.77999999999997
596f0dbd-b69d-44af-8d22-602f904cd343,0.583574639995,133.77999999999997
29898ee7-7907-41a0-a29e-e5904d1a56e3,0.580353239172,139.77999999999997
24ced95e-ffbf-422e-8d88-e3b8435c3e43,0.5804683618896,133.77999999999997
d981fe5d-6894-4b49-a8a1-936c8505397c,0.5804683618896,133.77999999999997
40f9ea3b-4f92-47fe-a352-fe0faafa4f28,0.58335182518875,139.77999999999997
1b356298-9126-49d8-b9a5-6a715dc75960,0.5834246961948,142.77999999999997
3b9836e7-28c3-44e2-b040-fe28bdd54496,0.5804683618896,133.77999999999997
086b0549-e253-4133-be1a-e7a7f21ebfdb,0.5815646300742,141.77999999999997
bb580bb1-badc-4294-bc4d-212281cc6994,0.5854467743185,142.77999999999997
3e02b89c-aa92-480a-8bca-9b07a859c370,0.5804683618896,133.77999999999997
6f133540-14e9-4aa4-b6bf-759aab8ee812,0.5804683618896,133.77999999999997
29a21739-b47c-40c8-8e30-65ea081b388b,0.5804683618896,133.77999999999997
f82cea40-ba5c-4572-a5fa-4e34e77ad309,0.58342506424425,139.77999999999997
8c8f2f6e-d40c-4911-b876-d0d84e698f69,0.5804683618896,133.77999999999997
bd1cf202-2b21-4525-98bb-2697a62b5e82,0.5804683618896,133.77999999999997
e7023ace-4bf3-48ad-b2c0-6887d0bb9758,0.5827964210541,137.77999999999997
a78b7518-d3db-45ae-853a-20819c99dd22,0.58417334984885,136.77999999999997
cbe5b051-db17-42aa-acba-a5242d7b45c3,0.5829543506317,143.77999999999997
93578140-6267-485f-a5e2-945a67f6df6c,0.5804683618896,133.77999999999997
54c5cc66-7891-46b3-a48e-f6ba6a47aebf,0.5804683618896,133.77999999999997
cf2a1600-70c0-4c91-8043-e9aff998a26c,0.58335182518875,139.77999999999997
041b829b-07c1-498b-be5b-6a321e0a6f8e,0.5834246961948,142.77999999999997
f2d90a56-eb31-4a55-b2cb-80805a9cdd3c,0.5804683618896,133.77999999999997
654f1d43-b924-4b7a-9986-aba3b9ccdeac,0.5831021427256,142.77999999999997
3c4a1148-000a-4eb1-aff1-177b756285a2,0.5854467743185,142.77999999999997
56638288-7124-4ed1-bc12-fed98b33a1e5,0.5804683618896,133.77999999999997
b25e6eaa-14e7-4f9a-9e66-e1bb00c74814,0.5804683618896,133.77999999999997
7d327734-4296-486d-bdf1-424c4de17e70,0.5804683618896,133.77999999999997
7fa8735c-59f7-4d0a-9d95-6a8d9688c3cf,0.58342506424425,139.77999999999997
80cb6537-c3e3-440f-ac98-6e0ecb059237,0.5804683618896,133.77999999999997
d20c701c-ef6b-4733-adcb-8f4904406c69,0.5804683618896,133.77999999999997
77221a51-c09d-44ec-9946-d55c0ee4be8a,0.58417334984885,136.77999999999997
5a2955a5-591d-4659-ae26-312c4cf400b5,0.58417334984885,136.77999999999997
a7a72a4f-24a0-49b1-bd0a-328838d5cb3e,0.5829543506317,143.77999999999997
2921ac3d-780f-4734-a0ad-2fe37c4b3d25,0.5804683618896,133.77999999999997
4ec73ef9-7bd8-4143-b0ee-14f5d51313ab,0.5804683618896,133.77999999999997
b83fdffd-611f-4b8c-b46f-96977b302747,0.58335182518875,139.77999999999997
0d2795cf-3206-435e-bb42-6fa5a90cb08f,0.5834246961948,142.77999999999997
e22c6427-68f2-4496-9a4f-42abca0328e8,0.5804683618896,133.77999999999997
de235542-2dd8-4b5d-8874-1a8c50515a27,0.5831021427256,142.77999999999997
42b3b051-78f4-400f-9d7d-a095a6755822,0.5854467743185,142.77999999999997
a6369826-a8ca-4649-bf2a-018d1ddc10c1,0.5804683618896,133.77999999999997
8d60bbbb-5616-4eea-b8a1-911b3eb634ca,0.5804683618896,133.77999999999997
476892a5-b919-44c8-bc59-8707f6ec1b2a,0.5804683618896,133.77999999999997
8786259c-3fd4-40d1-b4b6-f99cdd8ac86f,0.58230542535695,140.77999999999997
709b58ae-33ea-44ff-bb25-0701582c34e4,0.5804683618896,133.77999999999997
d092f311-a6d6-442a-9429-2e4f2e533559,0.5804683618896,133.77999999999997
05849663-0f76-4fb8-9b1b-a977cdeec89b,0.58417334984885,136.77999999999997
a8829e18-04aa-4787-a492-0fbb89285315,0.58417334984885,136.77999999999997
36e81644-8f8c-48af-ba2c-cdedcc9c3337,0.5841233816535,140.77999999999997
49fd639d-1e94-4893-92fc-0ff30b994f3e,0.5804683618896,133.77999999999997
c869e4e3-a68b-44ad-a978-c00b54edd579,0.5804683618896,133.77999999999997
1e72c630-3ed5-492a-91fc-72dd5e1abcb1,0.58335182518875,139.77999999999997
f0e6d6aa-516c-4179-925e-c00763b73486,0.5834246961948,142.77999999999997
d66eabf5-66ac-4af8-b38d-8c9f58bc4cee,0.5804683618896,133.77999999999997
15206d85-2d3e-48a1-9b14-64bb9412079d,0.5831021427256,142.77999999999997
a1ee1649-890a-4845-9ef3-56158cad0262,0.5854467743185,142.77999999999997
051d9782-c92f-4600-857d-30f5b2b54de6,0.5804683618896,133.77999999999997
d99545a7-404f-424c-8b69-8882ba2a4e79,0.5804683618896,133.77999999999997
098d5c84-d470-4d88-83d9-d5e00922681d,0.5804683618896,133.77999999999997
245b3b33-00ee-429c-a5c9-862f29166427,0.58230542535695,140.77999999999997
7b84c8be-5d0a-452c-adf1-0537ed76937d,0.5804683618896,133.77999999999997
c348460c-877e-4f48-9e22-60321586b70f,0.5804683618896,133.77999999999997
1c87ef47-c006-4c32-8aa0-ddf2c824c051,0.5827964210541,137.77999999999997
94f6f9c2-3a76-4654-83cb-2752cb359a74,0.58417334984885,136.77999999999997
3d41111b-c266-4fb4-af9a-e2c9245d4942,0.5841233816535,140.77999999999997
272e3b3b-198e-44ed-9080-02da04226e1f,0.5804683618896,133.77999999999997
b51cc245-dc1d-42d0-bb71-aa4982142313,0.5804683618896,133.77999999999997
1e7326c4-3e30-4a95-ad57-0ce7d1d1c0cd,0.58335182518875,139.77999999999997
d1490662-22cd-4d71-9399-d1c03acce03e,0.5834246961948,142.77999999999997
2110dce8-992c-4657-8e11-c838141d50e7,0.5804683618896,133.77999999999997
7bbce9d0-775b-49bd-abb5-28d93f61377d,0.5831021427256,142.77999999999997
1c94ed2e-0c68-49c2-8550-8a49d4dde0ce,0.583484203672,139.77999999999997
a477d656-f14c-4af6-8c77-1efbc2d997cb,0.5804683618896,133.77999999999997
b7b9ab9d-96fe-4822-bc48-1c131db095be,0.5804683618896,133.77999999999997
a37d31be-35e4-4d34-ba2c-e27b6dd82ce4,0.5804683618896,133.77999999999997
be74e966-3aa1-4016-925b-8f190bbaa741,0.58342506424425,139.77999999999997
9a0bc4fa-62e8-44e8-b0cf-6d57340056b9,0.5804683618896,133.77999999999997
fa8b214f-931c-469f-b0a3-4a8c0b56792e,0.5804683618896,133.77999999999997
63e57e4b-5d35-4979-b4f0-fe1d8f035573,0.58417334984885,136.77999999999997
ddb52eeb-a4c7-48dd-9b92-e8c7cc3aeafe,0.58417334984885,136.77999999999997
81621f75-1ee9-4fdf-aa8a-2e5ca58e331b,0.5829543506317,143.77999999999997
7f7bba2e-d77b-46cd-8e7d-703e48ed528a,0.5804683618896,133.77999999999997
5d0abd79-52be-4ffa-83c4-d64c518ff3ba,0.5804683618896,133.77999999999997
fc51edf5-b03b-4626-b5db-432d9558f44e,0.58335182518875,139.77999999999997
09ea16a4-ece2-4228-8cc5-1a372bf631e2,0.5834246961948,142.77999999999997
054f9183-78a2-427a-92c9-af9956b30ab0,0.5804683618896,133.77999999999997
3bc13bc1-0986-47e8-9975-d463fb160ca2,0.5831021427256,142.77999999999997
730d2849-51c3-4159-bbb5-08d0779c2551,0.5854467743185,142.77999999999997
848d2dab-ad89-4518-807b-095250c99aa1,0.5804683618896,133.77999999999997
cf02b253-2fb6-44bd-892e-fb44dcf10850,0.5804683618896,133.77999999999997
84aab5a4-b0cb-4488-a444-88df8cfbd14e,0.5804683618896,133.77999999999997
17f01064-9a3b-4217-a95b-8923e7101eac,0.58342506424425,139.77999999999997
7b78f3d4-41ff-4e98-9dde-3b1b6a7cddad,0.5804683618896,133.77999999999997
d1d3471a-ceb3-4f57-a506-7054701a0736,0.5804683618896,133.77999999999997
477e7e28-670a-4d94-9076-52cd7c0ee824,0.5827964210541,137.77999999999997
0eee18b9-40d5-4e50-be3a-074958ca405b,0.58417334984885,136.77999999999997
54d3748e-1fbf-4395-8485-282ab5c862c4,0.58368366776305,142.77999999999997
a790ebe5-e6f3-4531-8e4f-ea97d433e84f,0.5804683618896,133.77999999999997
f7767d79-6690-4f07-8d15-20a9fa1ab116,0.5804683618896,133.77999999999997
29e30515-023c-4aee-8501-7d6c20c1d627,0.58335182518875,139.77999999999997
4907b43d-6709-4f7b-9569-4d49207ab0a7,0.5834246961948,142.77999999999997
f1f47ba0-aaaf-4e4f-a4f7-1f1991a3a251,0.5804683618896,133.77999999999997
3e0f16f0-d592-4f3b-b48a-394593aeba30,0.5831021427256,142.77999999999997
b7c076ef-9659-4117-98c3-89b9e60a0ddc,0.5854467743185,142.77999999999997
c508aa73-b8a7-4e7c-995d-4d9215f08334,0.5804683618896,133.77999999999997
45110655-e6fa-4ac5-806f-0792d93f9e96,0.5804683618896,133.77999999999997
f1db5a69-8ad8-4a72-9a24-e37f78df3709,0.5804683618896,133.77999999999997
3156444b-660c-44c7-8013-99d7a2f8b4f4,0.58342506424425,139.77999999999997
47bf979b-9d0c-4bee-a7e5-e0ac0d5608e7,0.5804683618896,133.77999999999997
a3f7d461-f813-47be-a1d5-c69ccf7e11a5,0.5804683618896,133.77999999999997
2fc0156f-0242-43ff-80c0-d2edb31a87ce,0.5827964210541,137.77999999999997
ac6a724e-6b48-463b-8905-2f82718df7b5,0.58417334984885,136.77999999999997
86d95429-540a-49e4-936d-910dc1f1b249,0.5829543506317,143.77999999999997
ac1ca263-a0e0-4f93-91c0-70a744b49b24,0.5804683618896,133.77999999999997
234a23dc-e7fa-408b-8164-8d6a051bc51d,0.5804683618896,133.77999999999997
f89710ea-efc9-46bd-b406-aa3890055544,0.58335182518875,139.77999999999997
2c601dec-884b-4270-a346-fc5281f459a5,0.5834246961948,142.77999999999997
b85587cf-e89b-4e24-9c26-b2e4f4a1e883,0.5804683618896,133.77999999999997
44da7288-ccba-4cad-873d-0626ed45595d,0.5815646300742,141.77999999999997
a877ba09-ebec-40a1-87a4-1a6ec250a9bd,0.5854467743185,142.77999999999997
1a09ee11-5a4b-460e-9dbf-39cf9abebaf9,0.5804683618896,133.77999999999997
983197e9-53f5-4fae-adf4-5e2e9e14ee84,0.5804683618896,133.77999999999997
f7cbf1cb-1dee-4d3f-a5dc-4dbd38b07e8e,0.5804683618896,133.77999999999997
cb691a00-b6ce-4a74-b068-0836b832fedf,0.58342506424425,139.77999999999997
11c8637b-91ce-46e3-bee1-ab7b9510dbe6,0.5804683618896,133.77999999999997
a1205668-4134-4c92-848e-15086dd9053c,0.5804683618896,133.77999999999997
b0eaa174-da66-4747-8516-543d05e4a8e8,0.5827964210541,137.77999999999997
2ce9f932-0f99-495c-840d-91075530c0db,0.58417334984885,136.77999999999997
d661cffc-c2f4-435d-89ea-4c3dde4fae7a,0.5829543506317,143.77999999999997
a6aafb53-511a-499d-98a3-e0a1944189f6,0.5804683618896,133.77999999999997
791fcab7-4363-4aa3-bdd5-ba300209524d,0.5804683618896,133.77999999999997
08a75882-1994-44b8-b0b5-0a9be2999b10,0.58335182518875,139.77999999999997
651c3ca4-217b-46ec-b678-4b75a9c8b3db,0.5834246961948,142.77999999999997
44cbc129-2f2a-4c95-8ed2-9d548d7c34d8,0.5804683618896,133.77999999999997
82d72232-efb0-411a-b823-d20d2df678dd,0.5815646300742,141.77999999999997
31adb73d-af71-4195-b3ac-0568ce5070bc,0.5854467743185,142.77999999999997
27f3417f-4947-4301-bd93-547985845eba,0.5804683618896,133.77999999999997
0c666c1a-42cb-4054-89e9-9782017076b1,0.5804683618896,133.77999999999997
5e62f083-9ea6-499e-a77b-c6046bc16276,0.5804683618896,133.77999999999997
ae042838-51d2-487a-8158-c8f44f2cb7e6,0.58230542535695,140.77999999999997
e6a4ef65-b454-4e57-9cfe-361d476608dd,0.5804683618896,133.77999999999997
90cf1c29-a9af-4e26-98d7-313be2525deb,0.5804683618896,133.77999999999997
0272ef1d-e48e-421c-94c6-6aa722125b1d,0.58417334984885,136.77999999999997
aed3f980-a654-43ca-ba57-fe40e05fa72b,0.58417334984885,136.77999999999997
923efac8-c181-43be-bcd7-3280c2b6cde9,0.5841233816535,140.77999999999997
cf0f4f72-d1bf-4472-8353-2db0435901a0,0.5804683618896,133.77999999999997
ebe80a1c-1228-41bd-b30d-4b021fab2531,0.5804683618896,133.77999999999997
d4d61890-11a8-48c8-8d38-3fb3df976af8,0.58335182518875,139.77999999999997
315d1e04-ab77-49d7-8828-925028625c2e,0.5834246961948,142.77999999999997
9d662702-ec10-4ab2-8c28-fcf82d0b7950,0.5804683618896,133.77999999999997
6ef68f2c-1067-4dd4-bc08-79bc7ac81c49,0.5831021427256,142.77999999999997
f1d268f2-c822-45bb-9852-c00a236254d8,0.583484203672,139.77999999999997
7c037eba-51be-48c2-b6c8-d0ee57d4cc25,0.5804683618896,133.77999999999997
8ce781c1-b8f2-42ff-ae72-db72f8c76239,0.5804683618896,133.77999999999997
c04f259d-982f-41a6-a5c5-6b8750fad45b,0.5804683618896,133.77999999999997
17c557a3-855f-4f62-95b1-756816597b78,0.58342506424425,139.77999999999997
c1265cc4-3fd8-484c-8033-7afb783adeda,0.5804683618896,133.77999999999997
c2d3fbf4-12c7-4f87-8980-150c915b0f82,0.5804683618896,133.77999999999997
5f2a12f1-e396-4113-a3ea-9c2c3c1f74ca,0.5827964210541,137.77999999999997
31a3c546-c958-47a5-a353-fc0de2af4664,0.58417334984885,136.77999999999997
3770faf6-e588-417a-ac74-a7e445da1f9d,0.5829543506317,143.77999999999997
34e00651-f2a1-4038-8f3e-2df542a153d8,0.5804683618896,133.77999999999997
648a7b77-2b41-4533-b054-047b9472167b,0.5804683618896,133.77999999999997
55593497-11eb-4a60-9c67-cc77617beb72,0.58335182518875,139.77999999999997
80c8b1a8-32ac-49c8-a1c1-009a9ea2a1ef,0.5834246961948,142.77999999999997
4cbbe56e-6e4e-4639-b635-b9871aede64f,0.5804683618896,133.77999999999997
dde416a5-a7a7-4ceb-bbb6-f8504b2565c5,0.58215555196935,138.77999999999997
010a1638-a02e-4689-b449-57795744091c,0.583484203672,139.77999999999997
025e0aa0-5507-4504-abb0-70bdf4060728,0.5804683618896,133.77999999999997
6938f87a-0ba9-4d68-ab33-43db7a87a1ad,0.5804683618896,133.77999999999997
e3090cc9-e5f9-473a-89c8-964b561f1ef3,0.5804683618896,133.77999999999997
ca228bf2-db08-45e2-bebc-b0c70911f3fc,0.58230542535695,140.77999999999997
991eb076-786e-4b41-95c7-ba9a3e435c7e,0.5804683618896,133.77999999999997
15f22e05-90d4-49f1-95e7-8195e8996885,0.5804683618896,133.77999999999997
9202f583-776c-487c-bb77-c333bd2a7b03,0.58417334984885,136.77999999999997
6779fce3-1856-4af7-a2d2-9b19c1b56d8f,0.58417334984885,136.77999999999997
ad264aa5-3481-4a3e-bde5-3068fabad447,0.5829543506317,143.77999999999997
8f74dc3c-dc93-4fd2-b09b-71670d81617f,0.5804683618896,133.77999999999997
9c1301a8-eb79-4319-99fc-1c0430ac495d,0.5804683618896,133.77999999999997
ec3be381-2e5f-4a8d-8586-cdbe346e9d78,0.58335182518875,139.77999999999997
be2c5455-3ef7-4c30-bd14-f47cf16f2d8f,0.5834246961948,142.77999999999997
3d502e88-0f5c-4dc6-a9c7-55c6c20534d6,0.5804683618896,133.77999999999997
867dfc10-75d3-44d4-bd4e-f506837d4c90,0.58133367153985,139.77999999999997
eaebe432-d3f5-48f8-b28a-0cffc764a83e,0.5854467743185,142.77999999999997
0375d996-1f36-46ad-932a-d697ede53c81,0.5804683618896,133.77999999999997
ba299059-6f04-4c75-8752-e1a85a7959c6,0.5804683618896,133.77999999999997
03bb6b1d-1a7c-4a93-8f25-77b57f053db9,0.5804683618896,133.77999999999997
903e3021-5862-49f8-93dd-15233340ba50,0.58230542535695,140.77999999999997
adf673c9-d854-4f5c-8266-164130f7e310,0.5804683618896,133.77999999999997
b2dbd76e-0d36-40ab-ad88-bc9959d35173,0.5804683618896,133.77999999999997
b700ceed-f596-44e2-a6cd-85394ac57ba0,0.58417334984885,136.77999999999997
70225a4e-a3f8-45df-9d84-2b950eafc878,0.58417334984885,136.77999999999997
3658e7c4-bde5-4853-a0d7-083eb0449f9a,0.5829543506317,143.77999999999997
39f772c1-a6d5-49d0-b981-f35e3a73f1cc,0.5804683618896,133.77999999999997
26490ee3-1c5f-46a8-a252-e3ede00bfec2,0.5804683618896,133.77999999999997
02a47c3d-f029-48e7-8741-5288363d032e,0.58335182518875,139.77999999999997
69429a8f-3a51-4504-a6f0-e65395bfe36b,0.5834246961948,142.77999999999997
71ce8b8b-ca3a-4fa8-9429-24dc9db9befb,0.5804683618896,133.77999999999997
beb8536f-2eae-44b6-a41d-0d159610a5a8,0.58133367153985,139.77999999999997
31d3a1b1-a283-43db-bc4c-87f995ce6bfd,0.5854467743185,142.77999999999997
f332b46b-e84c-40d9-94b1-6457d75eaabf,0.5804683618896,133.77999999999997
b20a03a1-6fbb-4a2d-ac63-2cc9a2601149,0.5804683618896,133.77999999999997
117e5fdc-fcea-4017-829f-4c0a5eea1197,0.5804683618896,133.77999999999997
0f97cb70-06d8-43cf-b220-4b5964810d29,0.58230542535695,140.77999999999997
919d6975-5b5b-40ee-bfad-c1bb258afab8,0.5804683618896,133.77999999999997
1ab14a9b-086c-488a-834f-9f69ffdb6a78,0.5804683618896,133.77999999999997
6fccbbcd-b9fb-4533-a048-9e4f4923b2d5,0.5827964210541,137.77999999999997
a0c2fc1b-a237-4751-8836-d3b5ca8260e0,0.58417334984885,136.77999999999997
791408a4-e20b-414c-a950-c642850169d7,0.5829543506317,143.77999999999997
4c614b72-20ad-45dd-8236-105801f5f2c1,0.5804683618896,133.77999999999997
9ef169a4-d20e-48d3-878c-cbc2f416b0fe,0.5804683618896,133.77999999999997
b2619950-0623-4ccf-9760-691dc4e29224,0.58335182518875,139.77999999999997
5654125c-6977-481b-8d40-dd70088d71b6,0.5834246961948,142.77999999999997
66f022a0-96e5-4b75-a805-55b4d00db262,0.5804683618896,133.77999999999997
268c58c4-406c-41e1-92bd-7dfa67194234,0.5831021427256,142.77999999999997
c67556a6-1007-4a5b-8d56-2080b4f7abf1,0.5854467743185,142.77999999999997
7af4b583-42c3-4bb3-9eb0-56e81c20e6a1,0.5804683618896,133.77999999999997
e7204fa8-1014-451c-a499-b4b3a043a212,0.5804683618896,133.77999999999997
3b7279e0-2d0a-4401-aa1a-a67837ca2f30,0.5804683618896,133.77999999999997
8880bae3-8105-4647-a386-d4bac4dcef16,0.58342506424425,139.77999999999997
935b84d7-d877-45d6-9e41-b4ad79c1a4d7,0.5804683618896,133.77999999999997
62bd0846-101d-4655-9ec1-92b36e488ccc,0.5804683618896,133.77999999999997
57db7586-ed56-401e-8925-c0d2908e156d,0.58417334984885,136.77999999999997
f3395dd3-c3b0-4aae-8822-677066972cb6,0.58417334984885,136.77999999999997
2141cdba-0bd2-4a43-8358-9f2797faaf5c,0.5829543506317,143.77999999999997
0641b7fe-bb91-42c1-b886-447369742e64,0.5804683618896,133.77999999999997
adeff5af-decb-42cb-b353-4fbb405b61df,0.5804683618896,133.77999999999997
ae8823d6-aac7-4cbb-9175-21356404a6d7,0.58335182518875,139.77999999999997
0cddb329-5357-449b-82a3-162064696b52,0.5834246961948,142.77999999999997
310de2e9-2b82-4c69-9e3a-574bed77e406,0.5804683618896,133.77999999999997
cc248c04-9481-42e1-935f-78789f09a2ad,0.5831021427256,142.77999999999997
eca8a809-fb38-4769-ae16-162fc6caa895,0.583484203672,139.77999999999997
a27f706c-5b40-4075-a58f-981ff07f68a4,0.5804683618896,133.77999999999997
a7ba73bf-37b5-419e-b589-90a2b663f82d,0.5804683618896,133.77999999999997
71ea5eaa-d351-43f1-94d3-d20e148f6ed2,0.5804683618896,133.77999999999997
873f2d6d-999e-4b61-972a-ea5e3035b7e0,0.58342506424425,139.77999999999997
01c3d3e4-97ac-43dd-959e-d4a53ba37dda,0.5804683618896,133.77999999999997
5522b6d3-fb36-496e-b32b-fdbc4716e1f5,0.5804683618896,133.77999999999997
f6cc5952-1777-46f8-b7d3-5bdbefc2ec38,0.58417334984885,136.77999999999997
81780fe9-1538-4313-93a4-9316fafce79a,0.58417334984885,136.77999999999997
f2288e5f-cf18-4a7f-8c69-eb3043800ddd,0.5841233816535,140.77999999999997
842520c6-40c0-458a-8ad8-226ee7695118,0.5804683618896,133.77999999999997
8aadf259-cfdf-41c8-9356-27032e6a17e0,0.5804683618896,133.77999999999997
4219d528-a725-4b5e-bf48-244ed478c41f,0.58335182518875,139.77999999999997
45a48c44-5069-4c07-a458-5758ef0570b3,0.5834246961948,142.77999999999997
bb30c55c-68d7-4088-a400-643dc4fdb864,0.5804683618896,133.77999999999997
c840446a-05f1-42b4-b425-77115877aee5,0.5815646300742,141.77999999999997
baa67598-7550-42c1-a04a-317e701b0c72,0.583484203672,139.77999999999997
70dec138-89ca-4e4f-a814-64760caf6756,0.5804683618896,133.77999999999997
404b0d25-007f-4868-bff1-c291af890c80,0.5804683618896,133.77999999999997
2ec4a62b-a4b7-4b7b-bb10-dca17b728c7f,0.5804683618896,133.77999999999997
f8a2daad-3421-432e-b6a3-91da5022cd38,0.58342506424425,139.77999999999997
5fd0e9ea-a779-40a0-abb8-0df483d700c7,0.5804683618896,133.77999999999997
58a551d2-4614-47cf-a7be-85d6735ac003,0.5804683618896,133.77999999999997
6c06090d-a148-46d0-8998-c824fae51a90,0.5827964210541,137.77999999999997
2b575a32-096d-4499-a4e1-648aa06b1ff6,0.58417334984885,136.77999999999997
7e9a37b7-8c5b-4bc5-aa6a-96f1cb7f1da6,0.580353239172,139.77999999999997
619ce828-3c25-4b56-a81e-90daa7bb9515,0.5804683618896,133.77999999999997
08ec4913-4404-4b70-a605-f2c8c8fcb65d,0.5804683618896,133.77999999999997
0c052dc2-9023-492b-b8fa-ef1fd78735de,0.58335182518875,139.77999999999997
096f87ec-55e2-4318-a81c-20c9a585865c,0.5834246961948,142.77999999999997
ffe42362-f5ed-4972-a30e-cc90cd7052fe,0.5804683618896,133.77999999999997
3e68bea9-b397-4ed7-988b-48da270927d7,0.5831021427256,142.77999999999997
f56e55f5-2df1-47b0-94b5-235abdb8f0c5,0.583484203672,139.77999999999997
c9362cda-4434-4dc2-83dd-6aa8079d0e4b,0.5804683618896,133.77999999999997
5b4fcd25-7c86-4c26-89f4-77e4bb0d2e48,0.5804683618896,133.77999999999997
b08bdd9e-de28-4580-b1ec-1a837ae73fa7,0.5804683618896,133.77999999999997
69a0617e-d460-45fa-8b3b-0d021d05f727,0.58342506424425,139.77999999999997
2b39a5f2-25eb-4557-b040-2e98aefdd055,0.5804683618896,133.77999999999997
9305565e-340d-400d-bbf9-34cfe75e7f84,0.5804683618896,133.77999999999997
0d3f06ba-fc9b-4757-9e1c-92c24614cd4b,0.5827964210541,137.77999999999997
1bbe2cbf-8f39-4d1b-ad7a-875f168e3e5f,0.58417334984885,136.77999999999997
a6b56c51-4236-4902-8eab-f076794d548e,0.5829543506317,143.77999999999997
ef2beef7-f7ef-437a-907a-7f7849c27402,0.5804683618896,133.77999999999997
01d3c568-fa23-481e-afe7-ca4b0be1d080,0.5804683618896,133.77999999999997
c7fe95bc-7d91-4ace-b296-d79b1ff1a679,0.58335182518875,139.77999999999997
b4c9605a-6790-4508-b5ba-12913a51e68f,0.5834246961948,142.77999999999997
5b7f039d-6255-4e7e-9322-62a394b0b8ac,0.5804683618896,133.77999999999997
d62239b6-5318-4ce7-87df-9573865420a1,0.5831021427256,142.77999999999997
e5f1ad0f-66cf-4a0e-83ca-f901fdae84ba,0.583484203672,139.77999999999997
e4570d67-34bf-4aa9-9eda-670a5a4c364a,0.5804683618896,133.77999999999997
1324c1be-7ac0-4658-8526-446b19fd7d54,0.5804683618896,133.77999999999997
2da5b093-4b56-4b84-9517-78919fd6d3db,0.5804683618896,133.77999999999997
fd5a2faa-c912-4971-8393-0bb3e93059f1,0.58342506424425,139.77999999999997
3d11d5ac-4818-4693-8284-07b82f437cca,0.5804683618896,133.77999999999997
2be3e977-b7c5-4ce3-be66-80f9b6c7447d,0.5804683618896,133.77999999999997
92908aa3-5547-4bac-abda-e6e26bd1940d,0.58417334984885,136.77999999999997
acf115ff-0d7c-45e7-a25f-6e68f00c7033,0.58417334984885,136.77999999999997
264239e9-757f-406c-b7a2-0bc33e1ba8ff,0.5829543506317,143.77999999999997
a4a284d2-baf9-471f-865e-ac18bd12eb6d,0.5804683618896,133.77999999999997
24211381-1e1a-4724-bb54-cb0564e6bfce,0.5804683618896,133.77999999999997
ff66d6ca-56b0-4cee-8d47-e7ca698db502,0.58335182518875,139.77999999999997
ddc2f86a-60ec-48a1-8cad-fa2382b4a2d2,0.5834246961948,142.77999999999997
f7ce2cf3-3e0b-434d-b483-1b2da38017ee,0.5804683618896,133.77999999999997
4723e8d1-eb90-43fa-ad87-5002fb80f04a,0.5831021427256,142.77999999999997
8e90fb6d-acaa-4a7e-8d0a-52ab2557ede4,0.583484203672,139.77999999999997
afcd2374-9ed8-4c54-a16b-3346950a15e0,0.5804683618896,133.77999999999997
81a38bd0-cf44-4210-bfef-d6d7c6bc4d5e,0.5804683618896,133.77999999999997
84dc613b-732c-4b07-91c5-81a2942b5f01,0.5804683618896,133.77999999999997
1df1ea81-e5e7-428d-8ddb-dcf667d1fd07,0.58342506424425,139.77999999999997
8ba84abe-111d-4763-8ac3-ce051be669f3,0.5804683618896,133.77999999999997
6110328c-c93f-4ec0-8210-32a0361fc3b2,0.5804683618896,133.77999999999997
95ff52a1-36bf-4749-943d-34d37411de0b,0.58417334984885,136.77999999999997
065583f0-ace2-40ee-b3b3-ced4bd624ac9,0.58417334984885,136.77999999999997
6eda5c6b-adcf-48a4-84e1-86a2e55a2f95,0.5829543506317,143.77999999999997
b313ef8a-c3ee-42ef-8606-63dec3adcbe2,0.5804683618896,133.77999999999997
483bd769-66aa-4d7c-a6ce-ccf3add9d27e,0.5804683618896,133.77999999999997
ea2a68e0-47d4-4dcd-97fe-fad3a56759e3,0.58335182518875,139.77999999999997
c7bd2644-0e6d-49e3-9a7f-46e2e97918dd,0.5834246961948,142.77999999999997
59db095e-b782-4b67-92a6-f6374e7df6aa,0.5804683618896,133.77999999999997
103ec5b5-f789-430c-9ef6-3905a65fab34,0.5815646300742,141.77999999999997
05081e59-ad37-47b2-b246-bffdb72e1800,0.5854467743185,142.77999999999997
c1e108b2-f218-4cef-aa92-75adf7496871,0.5804683618896,133.77999999999997
8a43544e-ce8b-4619-aa13-6bd022b889ab,0.5804683618896,133.77999999999997
61b6a452-0813-4b43-b2eb-dae757485c9a,0.5804683618896,133.77999999999997
3c1c2728-594d-4f14-8772-774a787d671b,0.58230542535695,140.77999999999997
ae766a22-632a-4e30-be8a-3877121f7e60,0.5804683618896,133.77999999999997
76f146dc-8b81-4667-bea5-b16bf26c47e0,0.5804683618896,133.77999999999997
47c318ec-d418-4eca-b423-b3d1307de364,0.5827964210541,137.77999999999997
10956b61-591d-4640-8400-1ef7a137c775,0.58417334984885,136.77999999999997
7ad9dfd5-9508-4136-9ce2-2119fc8cc498,0.5841233816535,140.77999999999997
f8a34d3e-33a4-4cd1-a249-85ee1de4e18d,0.5804683618896,133.77999999999997
cef19e30-4aff-45ae-b840-dfbffcb5908c,0.5804683618896,133.77999999999997
6777248d-15e2-49e1-95b3-d210e10fe63c,0.58335182518875,139.77999999999997
ede24648-1aad-4e8b-9498-9f1710340510,0.5834246961948,142.77999999999997
d9bb8340-e1fb-4ce6-85d8-cd49ed738c95,0.5804683618896,133.77999999999997
7e79ccbf-2f56-4f74-b551-183c2af6f81e,0.5831021427256,142.77999999999997
15b23b18-d68a-47e3-a212-f2d98ce2df37,0.583484203672,139.77999999999997
8b2386d4-8971-44e4-8574-0279a7e9d34e,0.5804683618896,133.77999999999997
5a174f64-2aab-4243-a8ae-8a6d5cac180a,0.5804683618896,133.77999999999997
75540a81-08db-4eb8-ba92-3aa4b48a3510,0.5804683618896,133.77999999999997
3df94365-8af9-49d8-a393-d8b4c890296d,0.58230542535695,140.77999999999997
f9dd2948-ed6d-4f9b-9784-f88d3dc9af20,0.5804683618896,133.77999999999997
3dc2fca3-965e-47b5-a423-bf3e95cb0a03,0.5804683618896,133.77999999999997
11fc9071-d042-4741-ba2f-4dcee7bde7b5,0.5827964210541,137.77999999999997
d8a58941-4641-491e-b235-b57c7d9406a7,0.58417334984885,136.77999999999997
e1678742-da28-48fc-89bd-c9f2a5c8b27e,0.5841233816535,140.77999999999997
c97692e0-7b00-4be1-b3b1-8083f2cdc166,0.5804683618896,133.77999999999997
83cb00d6-79e6-4ed7-b4e7-25feb741ae35,0.5804683618896,133.77999999999997
937fe514-0e0a-497c-98b0-326be4594ea1,0.58335182518875,139.77999999999997
6df05526-2c71-4843-bb09-e4bfa0033471,0.5834246961948,142.77999999999997
e879ceee-f3d8-4fa3-98d1-09b91acd6276,0.5804683618896,133.77999999999997
b3599e39-3c07-4542-bc25-d896ca862bdc,0.58133367153985,139.77999999999997
4ff49238-e06a-4e8c-9544-407a6b0e20a4,0.5854467743185,142.77999999999997
d5b466bd-95ff-4d9d-85e9-1abd20e36c6c,0.5804683618896,133.77999999999997
0ee3b307-e72b-45be-b876-e21f2d3abc2c,0.5804683618896,133.77999999999997
00c167ad-fb72-48d4-b87c-99196dae7db5,0.5804683618896,133.77999999999997
d6ca1dc5-0cb7-4dc6-bdc0-c852546b47fe,0.58342506424425,139.77999999999997
61f275a3-8309-4d6a-bcda-939de129c6a9,0.5804683618896,133.77999999999997
e3bb3a29-fb99-4415-95e7-890461992cda,0.5804683618896,133.77999999999997
471244c4-0435-468c-918a-2d7ab60bf9f1,0.5827964210541,137.77999999999997
6bc279e3-808f-43d6-bf2f-8e518838603b,0.58417334984885,136.77999999999997
dd4c36ac-8bec-43f2-ba53-d0e23dd54cf6,0.5829543506317,143.77999999999997
fa503537-08b2-4d05-a85c-3ab7bdae71ff,0.5804683618896,133.77999999999997
eaf28d05-cd13-49c3-84f3-84afc31ca12d,0.5804683618896,133.77999999999997
3fa232a2-9000-4c58-b252-d8eff6b6f557,0.58335182518875,139.77999999999997
92664bcb-97d9-4b81-a077-6c747ecc4405,0.5834246961948,142.77999999999997
402a1ae8-3612-45c8-9f69-f8237df66ebb,0.5804683618896,133.77999999999997
d22014ce-bb86-400b-ba1f-7b6f5a96a64c,0.5831021427256,142.77999999999997
6bbdfd7f-d08b-4b90-9caf-d8603ae51230,0.5854467743185,142.77999999999997
01395ad9-8476-47ad-883e-5ab601148e96,0.5804683618896,133.77999999999997
a1eebb4c-6e98-4434-b2f0-7340ad01e29c,0.5804683618896,133.77999999999997
6b94e3de-3de3-4b29-a68e-1737015b7a57,0.5804683618896,133.77999999999997
76c6f899-f59d-4f9b-9efb-597038c299d2,0.58230542535695,140.77999999999997
7b841a6e-7c45-433d-93a8-763ba81b0512,0.5804683618896,133.77999999999997
08376caf-cffc-4917-bf48-d674338ad8e7,0.5804683618896,133.77999999999997
095a6f91-81a3-4ad0-9792-7f9851dd1bad,0.5827964210541,137.77999999999997
39b66c8c-ccb7-4ec9-9f66-e1aec62f6b3b,0.58417334984885,136.77999999999997
907219ff-b6d2-4f83-ad28-5be5f20c9f44,0.5829543506317,143.77999999999997
ee3326e6-362c-43aa-aa01-ef5b66aa339a,0.5804683618896,133.77999999999997
7d105bc7-26ea-413c-8e23-826935ef10c7,0.5804683618896,133.77999999999997
d7caaf07-9c21-44f0-812c-ccbefe980cc7,0.58335182518875,139.77999999999997
72d6c23f-5a25-438b-bb09-bb117dac7607,0.5834246961948,142.77999999999997
bcaae9fe-49b0-487a-b6b6-9f06a32e1b41,0.5804683618896,133.77999999999997
5bc6d3d8-49df-44e2-9ad0-a86bcba942b2,0.5831021427256,142.77999999999997
345a0d13-23bf-4158-8705-4408adece72a,0.5854467743185,142.77999999999997
05cc6134-6b07-46f1-9313-510dc4ba8bf6,0.5804683618896,133.77999999999997
647dedc4-46dc-4d45-b690-a0b3eece596a,0.5804683618896,133.77999999999997
6fbd02cf-6b1a-47b5-b69d-2b888fbdd625,0.5804683618896,133.77999999999997
ab5d7712-fa58-4dcf-bc55-8e2989b10ae8,0.58230542535695,140.77999999999997
2973b9f4-f711-4543-bcd2-e10a788f1326,0.5804683618896,133.77999999999997
de07bbf2-184b-4af5-b89c-0349e23824eb,0.5804683618896,133.77999999999997
6fa34dca-3eaa-483d-9c23-6e064a7c570d,0.5827964210541,137.77999999999997
e9bb0c2e-61f6-4b87-896f-cfd8d24fb844,0.583574639995,133.77999999999997
d4ee4b41-9c99-438e-aac2-8ca451afdaed,0.5829543506317,143.77999999999997
b40f9cc9-03a7-454b-b1b2-185b3dedba44,0.5804683618896,133.77999999999997
f393e386-9f25-49f9-8e6c-2d1c49011019,0.5804683618896,133.77999999999997
07ab2289-b4ad-464b-bd3f-a243f7f5fcb0,0.58335182518875,139.77999999999997
ee1b419f-80d3-43df-8af5-f764c1efe734,0.5834246961948,142.77999999999997
5f54a0cb-73c2-4587-9162-c2dd3ae2d1d7,0.5804683618896,133.77999999999997
21fff4eb-f5d5-49d4-8125-68d4b099221b,0.5831021427256,142.77999999999997
a39cb878-df74-496c-a275-3c0fb0d45699,0.583484203672,139.77999999999997
e40b533b-c78a-41ae-a5ca-868765c7a510,0.5804683618896,133.77999999999997
5e010c39-bb89-4101-9a5e-604b9af812ee,0.5804683618896,133.77999999999997
f08fff57-2fc9-4b7b-bc7a-da0c16ce0c00,0.5804683618896,133.77999999999997
b717bc00-6028-45a2-a7ae-83b261ca1bc3,0.58230542535695,140.77999999999997
b31da258-ef15-4635-93e4-aba8ca03fbb6,0.5804683618896,133.77999999999997
5214cc52-fb64-4d80-82c0-23a09dcdae65,0.5804683618896,133.77999999999997
b9b9949f-5ba7-425a-8472-68aa884e853f,0.5827964210541,137.77999999999997
acd02350-f540-45b7-83de-e558a3e9de3b,0.58417334984885,136.77999999999997
e462f8a2-448c-4a22-a8d2-cd9d021c95a5,0.5841233816535,140.77999999999997
18d07fe7-15c1-4adf-a143-d76abd10a630,0.5804683618896,133.77999999999997
c3d9bc9a-d1be-492c-98b4-e604af61d888,0.5804683618896,133.77999999999997
6c98dd9f-8bf1-4982-a068-2f8e7e7f24c5,0.58335182518875,139.77999999999997
a5be9128-3f78-458b-b03c-00b58ecb5543,0.5834246961948,142.77999999999997
620dcd1a-d800-405e-bf0f-68e1fb810807,0.5804683618896,133.77999999999997
2743c9e6-c344-48a0-8514-53ece2e3081a,0.5831021427256,142.77999999999997
242c8492-76df-462e-bea3-74ca7d68946c,0.5854467743185,142.77999999999997
c7ccfac9-5f5d-48c2-81cb-7f8b3dec1813,0.5804683618896,133.77999999999997
a6b07edf-6c3d-45cf-b70d-73b640ca9009,0.5804683618896,133.77999999999997
bd7ded69-1aa9-48f1-892f-1d65657d7061,0.5804683618896,133.77999999999997
2c45c32c-2de4-4eea-99db-a50979b0f4b8,0.58230542535695,140.77999999999997
ec3ea331-533e-41b0-875a-d028a6142632,0.5804683618896,133.77999999999997
8f48358d-119c-4055-a1a9-9d44478be01d,0.5804683618896,133.77999999999997
090178bf-4395-42a4-87b4-3b46ebf0160c,0.5827964210541,137.77999999999997
20b3a16c-c344-422e-9185-3b43872633c5,0.58417334984885,136.77999999999997
53b8e4c6-b27a-4e49-8ba0-2ca23c344984,0.5841233816535,140.77999999999997
600fd063-2055-4295-a8e9-3559a96350c0,0.5804683618896,133.77999999999997
5a586fec-a409-474b-a151-799670e12b1a,0.5804683618896,133.77999999999997
bd211c4e-a30d-4757-9a5a-64c45d40e23a,0.58335182518875,139.77999999999997
e2e68ca9-4ba0-46eb-8258-2a51157603c4,0.5834246961948,142.77999999999997
b47e30b1-df7c-4084-914b-79b66d88ff1a,0.5804683618896,133.77999999999997
e566fb5e-ab31-4830-9b8b-4658c7e578e7,0.5831021427256,142.77999999999997
240ec667-9918-4060-a16f-d4d219914c65,0.5854467743185,142.77999999999997
09699a39-6f77-4571-9bbb-6a44b20aeebb,0.5804683618896,133.77999999999997
21cfa6d9-6654-4fb0-ac3e-d3ae8dc42fdb,0.5804683618896,133.77999999999997
0fa7d28c-596e-46ca-b385-51f15ae79938,0.5804683618896,133.77999999999997
a3d15b51-0339-431a-a246-b058d09bd295,0.58230542535695,140.77999999999997
858f8594-b839-4909-9279-69a2b25c8cee,0.5804683618896,133.77999999999997
98df3170-1b2a-4a25-9d50-258a0ff7b404,0.5804683618896,133.77999999999997
04297f55-49f7-41eb-b35f-2a8f1bc5efb7,0.58417334984885,136.77999999999997
12a039c8-0312-42f5-b695-4358cf1cbe54,0.58417334984885,136.77999999999997
740fbf56-6526-4e58-861a-8820b40bc975,0.5829543506317,143.77999999999997
e99e743d-4c88-4396-976f-e82e0ecd8b9c,0.5804683618896,133.77999999999997
7272f178-c3f4-4ee6-b917-fb4502b68cae,0.5804683618896,133.77999999999997
57fd8923-0862-4c30-a957-eef70f3a1400,0.58335182518875,139.77999999999997
82703667-e6f6-4351-8df7-b0392a6ae875,0.5834246961948,142.77999999999997
8c1776e8-dc12-421e-9a9d-c399bc566e1d,0.5804683618896,133.77999999999997
825da62d-48c8-4565-a034-aa9a465e489f,0.5831021427256,142.77999999999997
191a46b9-da27-4825-a31e-03df03234544,0.583484203672,139.77999999999997
231438ab-8c35-4690-bc2f-89874bd5a1b3,0.5804683618896,133.77999999999997
33baf204-adc6-49d3-9724-35a23b37adc2,0.5804683618896,133.77999999999997
48e1036d-d636-4734-a131-14accaeb64d3,0.5804683618896,133.77999999999997
8a7bd68c-b163-4a1d-9670-e4e8aae0ffd1,0.58230542535695,140.77999999999997
b8c8e06a-5b95-4a43-9e0e-76f1eb35e59d,0.5804683618896,133.77999999999997
09ea1598-73df-4b17-9834-607fb2339765,0.5804683618896,133.77999999999997
222f3dd5-db25-45bf-955b-8af3c846c124,0.58417334984885,136.77999999999997
2390a5cc-d6a2-4f75-aa77-6c346b985806,0.58417334984885,136.77999999999997
2c1f16e8-1b59-4b92-9ad8-931857e81b13,0.5829543506317,143.77999999999997
65d4abc7-ad13-4e26-b915-1b15f9333bef,0.5804683618896,133.77999999999997
fc08df41-67a9-4028-a783-8d979c5ea6d3,0.5804683618896,133.77999999999997
6847d681-aa25-4e44-9ecc-1890e20653bd,0.58335182518875,139.77999999999997
b4726aaa-f682-405d-975e-696f086e1e54,0.5834246961948,142.77999999999997
40b0f36e-d9ec-4920-8f7b-368d9d8ecc72,0.5804683618896,133.77999999999997
f1eb09a3-e7ab-4fbd-9819-718320977840,0.5831021427256,142.77999999999997
1f756cb5-571b-4735-b262-53143d0f09bd,0.583484203672,139.77999999999997
da3541ac-ce6d-4c4f-ac38-9f96282b64cb,0.5804683618896,133.77999999999997
d540d4f0-2b9d-44e9-80c7-bd30e6077185,0.5804683618896,133.77999999999997
3bd4f4b4-df7a-4ab7-84c1-64113b578586,0.5804683618896,133.77999999999997
ecb44268-c16b-4624-ac7f-feef8b10b27d,0.58342506424425,139.77999999999997
cdc99afa-f624-431b-a23c-3b97cca0f15e,0.5804683618896,133.77999999999997
b5073153-6c91-49ec-b750-e43b78be5b43,0.5804683618896,133.77999999999997
d920a85e-c3a0-4c44-a31d-2e731c94f938,0.5827964210541,137.77999999999997
8c3f9d16-6759-4ed1-ad8c-50d0beae6003,0.58417334984885,136.77999999999997
6e7cabec-dff7-4677-b8b6-bc6cc91972fb,0.5829543506317,143.77999999999997
a12cd7a1-943f-4cff-8b3f-8e4d46bda453,0.5804683618896,133.77999999999997
5ea24cf4-b3c0-4e1b-9b08-3477f68fb601,0.5804683618896,133.77999999999997
438dde03-29f0-4a01-a28e-48e9cf0328cb,0.58335182518875,139.77999999999997
29a01e77-fdab-4632-893c-3d58088517ca,0.5834246961948,142.77999999999997
4560770f-c24f-4580-8976-f1c752bc5260,0.5804683618896,133.77999999999997
2ec8424c-e8b7-4456-8137-addcc785e3a0,0.5831021427256,142.77999999999997
56e8d5f7-84d0-431c-bf37-55746e646fc6,0.583484203672,139.77999999999997
cda50b4b-ee22-47f1-9013-795dc89faa1f,0.5804683618896,133.77999999999997
209ee2d6-30c0-4177-97ef-043ce0b21a10,0.5804683618896,133.77999999999997
53891fc6-5e92-4689-8147-f461a25e5448,0.5804683618896,133.77999999999997
f9b4ff05-c281-4804-911a-e35253f8b1e7,0.58230542535695,140.77999999999997
72d53a78-6b09-45f2-99d4-daa1a419e5dd,0.5804683618896,133.77999999999997
8f97e616-b395-4551-90af-cb02df96f18c,0.5804683618896,133.77999999999997
e09731ac-4452-4748-ba55-f053723922ce,0.58417334984885,136.77999999999997
d44b7574-0cfb-4fed-b74b-f640e3a4bb8d,0.58417334984885,136.77999999999997
327ba097-37ec-475f-8628-7a287e343db3,0.5841233816535,140.77999999999997
6b1cf296-d4e9-4add-b5f2-5fa63132ab19,0.5804683618896,133.77999999999997
f20153c5-887d-4c40-aa21-d0ddc4b5754f,0.5804683618896,133.77999999999997
b32541a3-eef6-4d94-b41b-5a4abd0aaa6e,0.58335182518875,139.77999999999997
f79a0759-6a59-4340-afcc-b6c779b034f5,0.5834246961948,142.77999999999997
f49b50a4-9426-438b-a1fe-7bf0e6783271,0.5804683618896,133.77999999999997
e5c8a094-6a5e-4458-a598-093eda92da4a,0.5831021427256,142.77999999999997
3e16e223-442c-4b98-a013-765b9550589b,0.5854467743185,142.77999999999997
f1444491-5ac8-45cd-b4a4-37f25c3d5874,0.5804683618896,133.77999999999997
22ea7e62-540d-45cb-a606-d840c56a12b3,0.5804683618896,133.77999999999997
b24133d3-b28c-44b4-8f5d-159b1f51c7ea,0.5804683618896,133.77999999999997
15ec38e5-7c6f-45a4-9b1d-777ecacd9777,0.58342506424425,139.77999999999997
608fbc37-6a4f-4278-8bb7-29ee7adcd1dc,0.5804683618896,133.77999999999997
cfb735f2-129b-4d1d-aaf9-cb94830bd6bc,0.5804683618896,133.77999999999997
bc05de1d-76f9-4bb6-9fe2-492ca7364e80,0.58417334984885,136.77999999999997
18dd6366-4c6c-49f0-8d95-632acaa10188,0.58417334984885,136.77999999999997
5803fe7d-efb3-4fda-945c-d7da6aaeef96,0.5841233816535,140.77999999999997
ffa9be31-49b7-433e-b8d1-c8135432231d,0.5804683618896,133.77999999999997
475529ce-8ab0-4f2e-bc15-b877590673ef,0.5804683618896,133.77999999999997
b6987c30-562d-4232-839f-996c4a4b3349,0.58335182518875,139.77999999999997
d3d81877-54bf-44f2-9fcf-2dfb4c77b1ea,0.5834246961948,142.77999999999997
aa3673a1-5fc6-4fc3-9df0-4ab645c2d502,0.5804683618896,133.77999999999997
b5470b6c-ee45-45bd-8ac6-2e03a74b71f8,0.5815646300742,141.77999999999997
953ec19a-c723-4d3e-8696-341f15520285,0.5854467743185,142.77999999999997
6dd6ddfc-b80c-465f-bde6-f9db4fe1f4f0,0.5804683618896,133.77999999999997
7cbf5ce4-57ec-4fd5-a4f6-d287d448493a,0.5804683618896,133.77999999999997
d9dd3ac9-db4d-429a-92e1-76a641267f7f,0.5804683618896,133.77999999999997
7a60b978-83f0-48fe-8a55-7c8878e05f20,0.58342506424425,139.77999999999997
69e274e4-6f9a-42d6-bcf4-859d80964ef8,0.5804683618896,133.77999999999997
1813e1d9-31dd-4e95-8869-55f3fc08f908,0.5804683618896,133.77999999999997
973b06c6-d9ff-46bf-b98a-5d925744f6e6,0.5827964210541,137.77999999999997
ea3e5482-9906-4d27-aa04-888a159fc5b3,0.58417334984885,136.77999999999997
cd3ef164-1444-439c-8810-8c18c87b434a,0.5829543506317,143.77999999999997
aef10938-8029-4309-b6dc-101193ec6035,0.5804683618896,133.77999999999997
afccb5b3-4bfe-4d74-85c0-d71005b607e5,0.5804683618896,133.77999999999997
f422aeb4-adb6-4212-9451-f6a32fc813fe,0.58335182518875,139.77999999999997
061e157e-56b9-4d75-ae3b-334431f21620,0.5834246961948,142.77999999999997
e4f4ae15-cf75-4b72-85ba-0d2a66378751,0.5804683618896,133.77999999999997
de6a7158-689a-4986-9cf3-cf5c39260c32,0.58215555196935,138.77999999999997
5c25308a-0090-4100-be39-3df85ef07075,0.5854467743185,142.77999999999997
fe16314d-e3cc-4141-b9a9-0cda7e9dab16,0.5804683618896,133.77999999999997
5141708e-342d-47f8-9b4e-5db51bda1c1b,0.5804683618896,133.77999999999997
2a364ad1-627e-41de-acae-b820d9dbf18d,0.5804683618896,133.77999999999997
ff8144a6-bb3c-4032-a4b7-392f35975b02,0.58230542535695,140.77999999999997
fc306f1d-15ab-4b24-95cd-f3be58a9932c,0.5804683618896,133.77999999999997
ac7a550c-02f8-4918-8658-3d647e695223,0.5804683618896,133.77999999999997
1bb1903e-97d1-4dde-b8e3-7975e9598ccd,0.5827964210541,137.77999999999997
43edee4d-b04b-4009-9f43-59f8264eae59,0.58417334984885,136.77999999999997
a5c3a44b-cb40-4c68-8d1b-1542fba97184,0.5829543506317,143.77999999999997
9773e9e7-3a2e-48ba-ab0a-8a5e1421bf29,0.5804683618896,133.77999999999997
e4f47c0d-9d07-47ae-8873-341d489558c1,0.5804683618896,133.77999999999997
4f24c364-2278-4993-b5fe-723bc4014b47,0.58335182518875,139.77999999999997
dfa4a90f-d36f-46b1-a6e1-aedaac642f25,0.5834246961948,142.77999999999997
01f8d613-233d-4eaa-9e6e-64d4e8b5c634,0.5804683618896,133.77999999999997
92aca9fd-2bc5-400d-856f-469a4ba98c29,0.58215555196935,138.77999999999997
73880abb-2a77-4554-b675-6245f7244df5,0.5854467743185,142.77999999999997
3c4888f8-5836-414e-aa9c-3624daa86b4b,0.5804683618896,133.77999999999997
5625ecd4-bfa2-4e03-9215-940a70368fbb,0.5804683618896,133.77999999999997
42720e06-db90-432e-be44-f043ee4dadcc,0.5804683618896,133.77999999999997
0e713902-f5ca-45f4-ad6a-1e48cbf1ed22,0.58342506424425,139.77999999999997
0467ebbb-aca0-4977-bd83-af5c5bcc3656,0.5804683618896,133.77999999999997
307db26e-5314-4cc8-9bba-66590cef562a,0.5804683618896,133.77999999999997
27284124-0039-401c-b407-24107ba8c746,0.5827964210541,137.77999999999997
1292cd78-8855-442b-a15f-d37063ee8584,0.58417334984885,136.77999999999997
e5093f44-ad3e-4129-b73b-7e01b564e031,0.5841233816535,140.77999999999997
b617bcca-e42b-45e9-bd6f-76b7cb8149ae,0.5804683618896,133.77999999999997
a4b21ee5-e44f-404a-af97-5b797869c19c,0.5804683618896,133.77999999999997
da64ba1d-7cb0-45cc-a705-60bedc9b6047,0.58335182518875,139.77999999999997
84284dd8-86bb-42ac-ba61-c962d4ac79c6,0.5834246961948,142.77999999999997
f7bb2da1-5765-4c4d-aba6-dd2462ff6f92,0.5804683618896,133.77999999999997
986f7fba-bca5-4bd6-82ba-fd76b67d16f7,0.5831021427256,142.77999999999997
f2a57aa1-6d3b-4f3b-9e16-2b6ee43772dc,0.583484203672,139.77999999999997
561244e4-ac1e-4be6-ac9a-4df7db74b20f,0.5804683618896,133.77999999999997
c9be8573-6402-44e0-abf4-8177a68bf35f,0.5804683618896,133.77999999999997
1c6d308f-ffca-4355-86ac-17afd2dd21f4,0.5804683618896,133.77999999999997
b7f7923b-5b41-4010-8d72-25bfa028d5fa,0.58342506424425,139.77999999999997
13c54170-1df1-4308-a269-509712bd5625,0.5804683618896,133.77999999999997
f573afe7-fe42-4292-9c53-9ad27140ead6,0.5804683618896,133.77999999999997
80c3cb01-0aa1-4321-a722-87e036f0835b,0.58417334984885,136.77999999999997
9ae17893-fdf3-47a6-8288-ecc2d2a37b80,0.58417334984885,136.77999999999997
b2a2934a-65aa-401e-b1fe-4bf45eff7d41,0.58368366776305,142.77999999999997
510d79dc-af41-489d-ab18-a5d06a021651,0.5804683618896,133.77999999999997
c082f697-1e8f-40cc-8d16-c8219951e9d7,0.5804683618896,133.77999999999997
7fe3ccef-1813-4438-b7db-93558dae211f,0.58335182518875,139.77999999999997
