SimulationID,AdjustedLatency,AdjustedNetworkCost
56c7d730-b215-4e99-b9af-c3dd3c2263f8,0.58407310159565,270.78000000000003
d4ba012f-4038-474c-aeb0-c520f0bac605,0.5840515313642,275.78
4b4a1a3f-60c7-4cca-8205-b9e0ef154c8b,0.5854904044175,262.78000000000003
680e0a11-8680-44e3-b1fd-7c929658bda0,0.5828869849532,245.77999999999997
39778641-e15b-448f-977c-05ddc291d0df,0.5839261963718,203.77999999999997
acbb5a16-eb05-48dc-9c1f-836f0c40fd6b,0.585465978563,220.77999999999997
3b92fea9-1463-4221-a40c-07ffa13c7a33,0.583534069736,263.78000000000003
b41e155b-cca7-44bc-a268-839dec567d05,0.5877766018474,279.78
28effd83-d9b7-446a-8c13-33f2d05fd3ee,0.5836218032827,244.77999999999997
95bc43fc-ead8-4c67-83de-115b7902817e,0.5829047912087,233.78
d365cf00-2e61-4949-8475-78d52401c882,0.58424936687545,214.77999999999997
5af3d140-38ed-484c-882f-22132fbf89ab,0.58329951413655,223.77999999999997
347f14af-87ed-422c-af6b-ab6d357f66e1,0.5864694836172,239.78
4d957198-6886-4e86-81f8-c09e9d651fe0,0.58052400164275,273.78
f5024530-744a-4dfa-91b4-6d6b2772d61f,0.58585331010225,212.77999999999997
4f819256-f8af-436c-8f9e-f39eaf457c24,0.58251361307555,203.77999999999997
6e6dc9c5-2c93-42a3-aec6-b0dde7144ef0,0.58382389424395,275.78
fbe9d5ea-5a33-49dd-93c0-2e227d4ff111,0.5863913918828,261.78
02d06f64-358f-4ca2-bbbf-347de3a02eed,0.5834507197988,233.77999999999997
ed67af75-3305-4bf6-9923-a5b5da532ac1,0.58674643210065,263.78
8ec432f7-c5a5-44fe-8bcc-36279b8ca004,0.5839261963718,203.77999999999997
a20dba0e-5ad5-473c-9236-21fc4219d743,0.585465978563,220.77999999999997
1a332fd0-b012-42f9-838b-803803d68797,0.5840515313642,275.78
02c84b1a-5ab4-42a5-9c8c-332955e6afb5,0.58407310159565,270.78000000000003
4d9bd8f7-8413-4b78-94d3-c6ecfa729b86,0.58285505785705,234.78
f7d48901-0d98-4147-b41b-7a4073d064c6,0.5820833222673,248.77999999999997
8745f790-ac5a-4c3d-826b-9cf0a0d2775a,0.58424936687545,214.77999999999997
84c75cc9-a23c-49c1-a438-62d88962592e,0.58329951413655,223.77999999999997
ed5603ea-9768-42c4-85ca-4443b4fd81fa,0.5833128466951,243.77999999999997
84fd1c79-b548-4b49-9c3c-04f3f9832186,0.58872016220475,231.77999999999997
99229a49-08a5-474d-9119-2997e7e4afc1,0.58585331010225,212.77999999999997
5b2f05d8-ac5d-4a0e-98d5-30a7416e0202,0.58251361307555,203.77999999999997
6773c527-1738-4657-93d5-f0ebdaab94c7,0.58152272131025,204.78
21adf59c-ce71-422b-9501-1076f2ec3f73,0.58317392695965,252.78
6ccb4ff7-9aeb-4e5b-969e-b53e69c40876,0.5846903790661,207.77999999999997
9077e6c5-60cc-442f-bdd4-c057771d3d3c,0.5821594384888,262.78000000000003
2295961e-9df0-4dce-a01f-e82b1c51cf08,0.5839261963718,203.77999999999997
8f906938-3e09-4788-856a-a6a16000b0c2,0.58731748998625,249.78
7c6247dd-c748-461f-a8d6-6ad201ec6c39,0.5900994557506,252.78
f3cd61a8-44f0-4e30-ba68-14e4c620545b,0.58464154665065,229.78
778458fb-444a-4eea-b92a-8d1e3441c65d,0.58502972900295,234.78
853aa1ee-bbca-4928-abbf-9eb910b39b55,0.5846473067578,268.78000000000003
222fee3a-f323-44e2-98f9-bf5aae9048f3,0.5822926353758,245.78
b6f2da88-b617-450a-8eb2-37b4d8e8f42e,0.58508146145565,220.77999999999997
4c1e04bb-26d2-4dfd-aa9a-548e366f4b50,0.5829371508604,243.77999999999997
4e10e141-1aab-4c44-a764-90c6719ff065,0.58487728269855,228.78000000000003
572f8c37-cf0d-4695-97ab-fc0442a4e126,0.58376916272465,216.78
6228650d-1ac1-45f7-bf56-193b81650ad1,0.58251361307555,203.77999999999997
ae5a0f90-27b3-4b1c-9af0-513197f8be20,0.58152272131025,204.78
c77a1df9-9a5e-4602-96b7-6d6575a87ab6,0.57903911746925,249.78
acc3f883-4f1e-473f-a0e9-c30e206a566c,0.5846903790661,207.77999999999997
4bd48448-5c50-48b8-a16c-0ad1766d8e15,0.58479171960095,217.77999999999997
99e9e7b5-5b29-4e15-ab33-d95c9cbd8ffd,0.5839261963718,203.77999999999997
d938b910-14c1-4992-bc97-eca2867aa7d0,0.5846903790661,207.77999999999997
1c3b70fd-3e06-4169-a36b-8ddd632f28c4,0.5857131609695,218.77999999999997
912ee583-d4a9-423d-9226-11c848400670,0.5812177110328,236.78
64d8dc9f-ca75-4016-a2d8-2f98dcd8c48e,0.58152272131025,204.78
52bfc3b3-8c64-4c5f-ad93-956d285eb201,0.5834019120042,210.77999999999997
bc822890-48f2-466e-acd9-5af8b1d15640,0.58200339112765,247.78
2ff646c0-fb19-478b-b960-936312da7125,0.58508146145565,220.77999999999997
61a74ae8-06dd-4fbd-b1ce-f0ea0214d5aa,0.58256098264035,255.77999999999997
4f23d36c-9840-4e11-ba83-5385d04a440e,0.58362091020345,260.78
71771e51-4dfc-4ec5-b89d-6be0a0718cc8,0.58376916272465,216.78
4487e77f-4ed2-433b-9a03-72574115a842,0.58251361307555,203.77999999999997
08e29d44-0bd3-469d-b09a-025598e97172,0.58152272131025,204.78
f30ffa00-3292-43de-8106-fb663af8b4ce,0.5838112428051,241.77999999999997
9653fdd3-6ccc-40ca-ae70-7c3b8e5ca0f1,0.58201307958225,242.78
9c44d516-1efe-4a2d-8ee2-8649de21c7c5,0.58441737352435,269.78000000000003
a83dfc66-b05c-4c54-8fbc-3f655a30fbf0,0.5881862985921,235.77999999999997
6ac61cd1-295a-45ba-89ec-a4fc79ce0f65,0.58392614822245,216.78
a3c10bf1-816d-4c3e-a604-fd79e7679280,0.5864137073895,215.77999999999997
46981fb7-2686-4233-a459-f7c55b2c50fd,0.58387092504185,310.78
eec78bd0-ea60-4f77-8a91-7f9ff52a261f,0.58401202114985,213.77999999999997
b325b718-d38e-4c3d-a641-3c0d8916b915,0.5848301212032,244.77999999999997
230facf4-e39f-46ff-88f2-068fdb6cc1ff,0.58370598546025,233.77999999999997
e3de04c8-066b-434c-8d7f-5b2760ee6f68,0.58513926687295,232.78
5cb29f7d-956c-4280-99b9-1d132de0cbba,0.58373039148265,200.77999999999997
2e534564-6519-4069-9657-97b47b6b4b9a,0.5853763339186,246.78000000000003
f54b82d9-3d56-42d1-9303-f49dd5ad1116,0.5863710024546,191.77999999999997
b717acc7-7fd5-4691-9efb-c33e1f351087,0.58251361307555,203.77999999999997
580bd041-fa3e-4553-856b-a5c989ae6ed0,0.58152272131025,204.78
f463c894-b53b-4111-99bc-112cb0cd5550,0.5838112428051,241.77999999999997
f6ef55d0-9791-4454-8cc1-40bd91afcc6e,0.5849723652171,213.77999999999997
96b09d9e-2a83-4b93-8c1e-20c8b7d0fcaf,0.58511239555705,248.77999999999997
efdf2179-ac91-48ec-897d-e024050f3f6f,0.5841615138225,258.78
f0aee763-b844-4462-98f1-b570a8a0e835,0.58392614822245,216.78
3a5c8e65-5b7c-4c64-b2c1-296d501e454e,0.58152272131025,204.78
dfda9703-f56f-41f8-9ec5-1aaed2f49222,0.5838112428051,241.77999999999997
ee2ca6b9-3b5b-412f-a0fc-2d8a8f28866a,0.58401202114985,213.77999999999997
739221e8-c09f-44d7-a14f-ac3edb7eb380,0.5840018614975,227.78
307258b3-3adc-4252-9c23-3db24081ec98,0.58152272131025,204.78
99828a29-9196-40bc-86fb-b755d4e3f7e0,0.5843294811259,194.78000000000003
02e26a85-86d4-48cf-8dda-5da74fc05b5d,0.58373039148265,200.77999999999997
561608ae-4823-4dca-aecf-e4f26fec5e46,0.581118046606,209.78
7f0face9-8c53-431a-8feb-216b48bb7460,0.5863710024546,191.77999999999997
63c48fab-3eb1-4d8a-b098-57d3b8c272d5,0.58251361307555,203.77999999999997
386c6d31-173a-4569-99eb-a2d094dc6757,0.5874397122966,223.77999999999997
e05e4875-01ea-4b16-83a4-e5f48ba57c32,0.5860825015139,236.77999999999997
26d3eeac-ae4e-4935-9028-baa8fbd2bc2f,0.5830561169825,226.78000000000003
07fc6e59-fbf1-4485-ae81-3b7b6f6bbfda,0.58214986239695,236.78
c35acccb-ca4b-4a24-bd84-cb3bd26453f3,0.5825960539915,266.78000000000003
2932442f-2d66-4876-98fa-8be501dcca11,0.5853482288704,250.78
1597ba25-2246-4750-8b7b-837d57b090d2,0.583798460886,289.78
2818aa88-aeb2-41e8-9565-4853077bf754,0.58415452366965,227.77999999999997
3569babc-ee48-43f2-bb87-22a7f362a43b,0.585067711693,205.77999999999997
221cc42a-116b-4b4f-a299-ab6905bb4152,0.58931275306315,235.77999999999997
d50f4745-9261-4e96-9668-dda24ff1b282,0.58521361222355,260.78000000000003
882e0c75-8d65-43be-9f46-9a308ba75246,0.5843294811259,194.78000000000003
c81d61c6-29ec-4d02-a988-b2a2589ee4ef,0.58157893763115,214.77999999999997
724a51e7-ccb7-4403-b3cc-be61424b2370,0.5843221656383,239.78
b10ef1db-bb43-4d3b-8819-cdb5ab478bf2,0.5863710024546,191.77999999999997
fae59ac1-9895-4c23-95d6-f742bdebed6b,0.58325143245005,247.77999999999997
417df6e3-626b-400e-8451-e1ea226da2ad,0.5874397122966,223.77999999999997
940c5c59-af51-4595-b773-9a044d41a538,0.58159924515765,217.78
59ced82d-003f-41f0-bf8f-ffb484edcc12,0.5830561169825,226.78000000000003
113408b2-7182-4162-b02f-1bc68e14b4cb,0.58503126833525,206.78
433aae94-fd4f-4d1c-9b37-114754321fd6,0.58370930920805,248.78
518a6493-6288-460c-8d49-ec8132d9968a,0.5850383062292,248.78
e522e69c-839c-4e69-b7ef-b13557727baa,0.5860825015139,236.77999999999997
a9310c5d-6f46-4558-9b3e-e5efadab62aa,0.5834565970547,230.77999999999997
17139742-9803-4478-b54e-8235388824f1,0.585067711693,205.77999999999997
610127a5-7a0b-48ce-bb3d-02bb82dae7bc,0.58601100813975,228.77999999999997
19abb00e-a54a-4b57-91b1-2e2bd53b31bc,0.5821294910817,235.78
be0525bc-e021-4a7e-9609-1739fc88f2f9,0.5843294811259,194.78000000000003
8816d50d-99d1-4b3a-9cfa-7f05c75992ef,0.58157893763115,214.77999999999997
409d99bf-b5c4-4707-9fdc-1064a37504ca,0.58597521380405,212.77999999999997
389406b2-0f42-415d-bce7-22208e82dee7,0.5863710024546,191.77999999999997
07c4465d-fd82-4925-be67-8cfeb55ae950,0.58649695698625,232.77999999999997
eaa4a0fa-387c-40e2-ab08-10fd190b115e,0.5818368065319,261.78000000000003
e307948b-b3e5-42af-9254-68762322b51d,0.58473227489125,239.77999999999997
cf189085-5dc2-4107-8bec-ec8b4c4e9254,0.58230759985175,282.78
888c0d7e-c79a-41bd-bb19-caa718debd54,0.58280383554315,194.77999999999997
a37efe87-12a3-466b-aa08-21a8428d3288,0.58032690068935,266.78000000000003
6839bbc8-1478-4c56-beeb-161958a27821,0.58368914727315,250.78
b6ab8eeb-5bbd-4201-bf26-52f13c989797,0.5852484214617,192.77999999999997
890a4fee-580b-40a6-9ac5-9f9fa7aa7bbc,0.5811118424092,218.77999999999997
81bf12ec-ee53-497a-892d-073d12cb9c91,0.58550117762345,257.78
63c05096-dd69-40f6-9497-cd8c3db2a5fe,0.5840701844004,263.78000000000003
83b865e8-51a5-4c4f-b12a-2dcb08dd8881,0.5852362481562,182.77999999999997
86311dbc-2ab0-4767-bb64-feba011d36ad,0.5843294811259,194.78000000000003
92244713-442a-4aaa-885d-30f26d481a97,0.58331764605705,265.78000000000003
1b307d6e-b237-49f1-91bb-1bff55327978,0.58501803039185,231.78
58760590-923f-44b3-bb7d-7ff8f3f4a47f,0.5863710024546,191.77999999999997
9eb5f3e4-bd0c-4f12-a605-94e61f8de99b,0.5842719043895,243.77999999999997
a454c273-8126-4dba-9dbe-329e6ecafe94,0.58230759985175,282.78
701f18c8-c0c2-4fdd-bfaf-b3a9a52565f3,0.58230759985175,282.78
755c5351-58b5-4ae6-9ffb-f73e9f5b4ce3,0.5857430400475,225.77999999999997
e1b1921a-7c14-478b-89b6-1b45c474cdcc,0.58280383554315,194.77999999999997
2bde8fe5-ba4c-4ee2-9720-76f1f0668e40,0.5835417902938,266.78000000000003
88450e54-0453-4581-85f7-643dba0c2608,0.5832577310222,195.77999999999997
17a13c17-589a-492d-85b1-ee442fa50d6d,0.5852484214617,192.77999999999997
c8556421-2c2c-4a16-86b2-0504a68e7adc,0.5811118424092,218.77999999999997
abb1d844-b79c-4886-af4d-a1a42751be4a,0.586069731741,281.78
636078c8-4789-4166-9781-c2e1500a7915,0.58182175048905,257.78
eb34f80b-b4c5-4d8c-b6c7-c6d05ba47d00,0.5852362481562,182.77999999999997
4c2627cb-3b14-4d72-8e1d-e9429efea93d,0.5843294811259,194.78000000000003
32b94470-49d4-4a36-9dc6-0f5414aac85a,0.5859052625601,235.77999999999997
96555fbb-f290-4559-b09c-185303a7f535,0.5835963335772,248.77999999999997
71a654e3-af45-4655-997f-70641c3fb092,0.5863710024546,191.77999999999997
99d74038-3670-4a8c-917e-152134b2667e,0.5836406440441,226.78
850cfb4c-af70-4da2-8ae3-934f1200040d,0.58401275652245,250.78
0d559ccb-fd8f-4a1d-aa82-91e33a2ee393,0.5856091996978,231.78
574e4855-f1e6-4134-a913-ac7135e4666e,0.58339132480845,243.77999999999997
c851716a-7af2-4245-8fbd-d7e8feac9aa9,0.58487348445115,250.78
285cf8d0-146b-46b2-a1ae-e00fb18f39af,0.58251636307095,241.78
8ed32474-8c7f-44cd-8808-0acd256866ba,0.5876968733785,230.78
2b070cf2-cb24-4adc-b76d-4348d447d09a,0.5828439221629,225.78
766a2bbb-5e01-415e-bef2-1db167e83444,0.5887117920145,196.77999999999997
f63613b9-c704-4486-a300-a4e122e10422,0.5847708135181,216.77999999999997
ee24642b-df15-4f35-9512-bc0064a27319,0.58245769092135,226.77999999999997
7d20c388-23ef-4bdd-a43c-d1a1250f940d,0.5852362481562,182.77999999999997
2e10c7d5-6966-473a-aaa2-fa5c8c8c4258,0.58430158520075,237.77999999999997
c2225a30-9eac-4ca4-9916-7f453834a3a5,0.5858982330817,213.78
776d1070-2673-4977-9706-509cc78121a8,0.58325031323675,277.78
e41cd049-e41a-442b-9038-8f0ce542e883,0.5863710024546,191.77999999999997
1e225955-fc5c-42c6-b90f-8f3758c135ae,0.58338278652265,279.78
f2d667ff-f22d-401c-ac35-5f4e389d9672,0.5838717912506,241.78
743d35bc-b6ce-4603-ad44-dfb40ae30cdc,0.58401275652245,250.78
af548aef-a1c3-4293-9c6e-bc17094bfda3,0.5880088702172,234.77999999999997
0dda27d4-e237-4601-aa9a-21bd835ca87f,0.58658305586805,243.78
d1d3952e-c7ea-41d3-8370-13ed13efad50,0.58401275652245,250.78
6b1f8c36-8791-46c8-a732-904b000e8a88,0.58382924137665,247.78
5ed2c7c4-27a9-4215-a538-126f576f3158,0.5828439221629,225.78
7b3a5d0e-d3e7-4a97-a0c4-31a4cce1f6a0,0.5887117920145,196.77999999999997
f5a0873e-e6b3-4c4c-b091-66d84a1cb188,0.5847708135181,216.77999999999997
a6072c14-3673-49a5-96e8-70aca26092ec,0.5856091996978,231.78
ce3066fe-2ac1-4de2-8d3b-eb199f6da120,0.5852362481562,182.77999999999997
caaf0a5e-95d5-4736-acfe-5427b6a40273,0.5832491149961,253.78
72fad7e4-63a2-441e-8c82-e89b93f7c430,0.5858982330817,213.78
a5883f55-76df-4556-9447-7acd0e951334,0.58401275652245,250.78
2c633906-e0aa-41b2-bed7-438ca38311f7,0.5863710024546,191.77999999999997
64da426b-284c-4ed5-a491-500703c6d9ab,0.583690995072,254.78
8115773e-7f54-441b-9163-d8e777430462,0.5861864005366,189.77999999999997
89986fdd-9c3d-434c-9d24-6a5263638655,0.57931880897805,271.78000000000003
712d59ff-a102-4733-bfae-e76af0bb95b0,0.5824670737042,246.78000000000003
d6629ab8-297e-4ebd-85ea-e6c196b5aa02,0.582592366757,273.78
8eb7c476-7855-4581-b155-2a931a5a9440,0.5830099060927,224.77999999999997
d28461da-f0cb-4de9-bafa-85ae52bbb2a8,0.58722662789545,230.77999999999997
00c71754-afad-4abe-ae43-2b14fde2b40b,0.5807431862948,270.78000000000003
ce7b2e1e-a184-42e5-8bad-f9386a669d38,0.58751912345685,238.77999999999997
de781685-c842-4eea-a127-42fc95cd3e32,0.5846801113501,247.77999999999997
06bf3b30-d0a4-4107-862d-84d2f24b87ee,0.58412658304995,201.77999999999997
305a81de-16f2-444f-867f-bf8168f0905e,0.5852362481562,182.77999999999997
839e87e1-95ba-4ba0-8672-792d0d749989,0.5845545955704,205.77999999999997
7eef4bd1-e1ec-4a5a-86b3-ea7ae969e2f9,0.58453084900005,278.78
46154449-ec46-4468-a16e-1c1ed7c86851,0.5849181478784,247.78
555bb607-1e33-40b5-b24b-abefac17d787,0.5863710024546,191.77999999999997
f51d8d3c-ea6f-407a-8288-32da380b2b26,0.58327079231965,253.78
ce9c2f12-c79c-4735-a386-2e8f305d8629,0.5861864005366,189.77999999999997
8b8f16ab-fda7-4143-9420-37f7fc779dd9,0.5859819357841,215.77999999999997
33f4fe59-6fec-4c45-9fe8-84e2c598bd5c,0.58435606959385,212.77999999999997
f25d161b-9f5b-4a4b-a670-68753f660bd5,0.58216564434005,242.78
8e093290-2ada-442c-bdf2-cb94ccd730f1,0.5830099060927,224.77999999999997
99f8da80-ac9a-434b-b90e-97c1351aab2d,0.58269865951625,233.78
18646e84-ee7f-4d39-9a33-9ccc85fada6f,0.5814975024126,236.77999999999997
9f97fbeb-7923-4121-982f-2f9044e5d138,0.58311411869135,238.78
8310f462-c416-4ac7-8196-e0350b9312ac,0.5848891313229,218.78
e9ba7725-d853-45fe-9651-244a4bba461a,0.58412658304995,201.77999999999997
b4f06bbb-260d-4010-bb08-43b771d748a5,0.5852362481562,182.77999999999997
b4ded362-e458-466b-9c42-b37941c88404,0.5845545955704,205.77999999999997
257195fb-43f2-458d-a384-53d2715a655a,0.58709999666205,262.78000000000003
a9750f45-3663-43b4-b14a-2fc6527aeca5,0.5830099060927,224.77999999999997
30ca3c43-a82f-4f9c-bb8d-c452c89a242f,0.5863710024546,191.77999999999997
e1cb4d8d-8b37-4f72-aaca-1ca7c33cbecf,0.58463738020515,233.78
9e85c3c8-6779-44cf-879d-8ecd6eb94866,0.5861864005366,189.77999999999997
3ff21434-a806-4e2b-93bd-51db5e85f65d,0.5814427135671,249.78
eb5ab313-d934-425b-b154-7f8bed3c3b48,0.5828156301684,252.78
9fd6b1da-0297-4d64-a8a9-fe66dec003e0,0.5830146407193,196.77999999999997
7ca7bce4-aa84-45e5-a377-9d36a440bd26,0.58709939007305,251.78
663b8a74-3cc5-4761-8046-f24a5f3c896b,0.5822555656603,252.78
7fce3423-d840-4edf-80d6-7b14b5c5009c,0.5863500242911,209.78
690a3d74-651b-44c5-ad94-e43b69fa54a3,0.5852632214494,216.77999999999997
42f2070d-0233-449f-b504-cdd7654ca0e4,0.5857470353859,223.77999999999997
04b9882c-ec6f-4c23-a1b1-b9f8fe750c95,0.58385134326855,187.78
dec29d85-46c9-4807-b48a-314a68bf574f,0.5852362481562,182.77999999999997
181e56b8-b0cc-4005-889d-45ca06ce2a5d,0.5890329890188,216.78
7e5f4563-c862-4154-86c5-9d84c0ecf741,0.5866184388565,232.77999999999997
f9bd8e4d-7438-4c0a-b833-b7d60fd55395,0.58643586121205,204.77999999999997
bf36beb9-9f0e-4d88-b0fd-1baf809355ca,0.58570466467055,236.78
ee4a3500-1e90-4fa4-bb74-be94ffb1cdd6,0.58444125036825,255.77999999999997
90df66e3-f150-4a9e-b8a8-e05bd342fe67,0.5861864005366,189.77999999999997
03ae6338-732f-4d05-98f4-90cb7d08331a,0.58432161560185,215.77999999999997
31a73a2a-8cdc-429c-8873-7aa6449e214f,0.5883979506887,223.77999999999997
1b437ad1-a99c-4416-93c7-ba053651bf19,0.5830146407193,196.77999999999997
bfd9252b-5c49-4e9c-822d-e8d1ca881a84,0.58341658303545,231.78
1cd82248-f661-479c-b5d5-30aa46f3f494,0.5823783509685,229.78
f3e126c6-8b8d-4d5d-9f8d-cae5bff565b8,0.5863500242911,209.78
37709033-88ea-4bf5-b09b-962cf17791cd,0.58535741194895,220.77999999999997
be3d244a-65d3-4545-9c87-e31c904fb373,0.5828156301684,252.78
cc6dc150-d9ac-4e4e-b8e8-adacecdf7a38,0.58385134326855,187.78
ae48e997-91ad-4f07-b4e6-9dc58f1a8c6f,0.5852362481562,182.77999999999997
8c5ad6d0-d5d1-46c6-95a1-4d279180c095,0.58262157227285,216.77999999999997
e4e6f485-af24-4b3c-bbcb-efac20772163,0.58561234274275,236.77999999999997
1e6f3f33-6025-4ff8-8372-c0081055c765,0.58643586121205,204.77999999999997
6ea5096b-af0b-41ad-9df4-4deac79dadeb,0.58541969598225,253.78000000000003
1a15ab12-ab0d-4771-bbe1-622f0436f7ff,0.57877704756835,238.78
6698fee8-d047-4fda-9aeb-0b9f5ee7e118,0.5858857574752,260.78
668be931-2a4c-4759-a1fe-cb029da12e68,0.5857485177005,229.77999999999997
107ff39d-eed3-4953-be43-1390acb014d2,0.58585590374695,277.78
143d51cc-ce67-472d-a393-b310d0829938,0.58315224377295,258.78000000000003
58a43bb7-801c-49b5-8499-d9b241e7263a,0.5823210401816,231.77999999999997
b545eb2c-e467-4b54-9f1f-96ea14b95d95,0.58443245623745,258.78
fbda790e-06e2-4317-939e-e9c4268f5546,0.5850628849797,227.77999999999997
f7b6f25a-a198-4a51-8383-0c888c0f56e1,0.58083415064615,267.78000000000003
3b3115f5-949f-4bee-be09-12ad53eb6b56,0.5873222482097,233.77999999999997
1a60c55e-2956-4600-9366-5b911d0b1b16,0.58385134326855,187.78
1a89af83-a9d1-4d63-9076-ee072b1faea8,0.5852362481562,182.77999999999997
419ea88f-27d5-4429-a312-a0d56ab4f84f,0.58521798384575,247.77999999999997
e1440331-ad24-41e0-96f6-b39510b0d96b,0.58641640569975,254.78
81eb4ae3-aa5d-4d5a-bdce-1593e80f85d8,0.58502582106905,255.78
0ca8d6cd-8ec1-48bc-8864-10f79f22344e,0.5856367193886,176.77999999999997
bc81a047-f3aa-4093-83ae-6338a2dc1c65,0.5822538900257,241.77999999999997
0936ed13-2ab2-4b54-81ec-40b167b1ffb6,0.5849259797214,267.78000000000003
d918cd84-481d-4d54-8380-7ba4ff68cec8,0.5857485177005,229.77999999999997
5a4e0ca7-baa1-4f1c-8754-8ca6a2f070a4,0.58365299571565,260.78
4ba3e572-2568-40e2-9d24-d5898a9e1cff,0.58539081134065,230.78
3de2f65a-d9f0-4707-88c0-70bdc743205f,0.5823210401816,231.77999999999997
b0ee9326-d153-46da-862d-e9bd90ba6666,0.5872351478945,283.78
65257810-f29d-489e-8122-06b5864fdb4c,0.5850628849797,227.77999999999997
1693d33b-d528-4b7a-a316-5231cef16e41,0.5857485177005,229.77999999999997
b6de8bdf-4aa9-4e10-8525-f822e110780f,0.5845429700526,202.77999999999997
fd8a015c-8dfc-4c07-ba5b-913311ec44e6,0.58385134326855,187.78
10517462-e702-4a06-bede-df4b6513b0f6,0.5852362481562,182.77999999999997
ec9f87e8-3447-48bd-be18-c84a8c527466,0.58106340561215,264.78000000000003
29b9a43a-e911-4fb6-92d7-0cc9ad3162e9,0.58415697800445,271.78000000000003
ca653125-cc96-4128-930e-33f3c795d27a,0.58246894865195,252.78
aaa92aab-be4c-4dd5-ac37-f1faf5b3170b,0.5856367193886,176.77999999999997
d612bda1-5358-4da0-bcec-08560492c20f,0.5858857574752,260.78
ff34bdc5-8188-4da5-b39e-a72907b12504,0.584160211034,242.78000000000003
df796605-ad1a-45f6-bca2-3b22fb28d285,0.58031556863235,249.77999999999997
4af58291-d17b-4bbe-8337-1f8aa2d9d5d0,0.5856844963246,267.7800000000001
c6ee0b1e-e75c-431f-b7b8-82486cd7e17e,0.58417947907775,239.78
adc199d6-a651-4670-862b-786bddc62dd9,0.5845058022043,217.77999999999997
34b12fbc-1851-4b5a-8311-02743c01e6fd,0.57991259775625,217.78
02fe42ae-10db-4e10-b466-88ac04f89fca,0.5811911660958,219.77999999999997
bcc1851c-0ead-419e-a80f-104023117711,0.5852278448252,235.77999999999997
17434117-e1a5-4115-9fb0-9220242d015a,0.5797422194289,240.77999999999997
dbf5d770-a0e0-4a30-b435-a8bd59ba9e5e,0.58399653685555,245.78
cd98a4cc-dbc3-4fd7-8eb6-08beb14861ab,0.5852362481562,182.77999999999997
bebdce4b-c7e6-4786-afbf-eb5e8dad7158,0.5853478716277,187.77999999999997
e538cb8c-03ee-48fb-acf5-31c6b3d1fa6c,0.5814572499426,225.77999999999997
32121eed-e197-4c07-ada7-f7288dc89658,0.5845577383866,230.78
abe02225-4379-4831-a0eb-72f4c80e31f3,0.5856367193886,176.77999999999997
40fcecdd-abb2-4f11-83c1-fcf229e30d7f,0.58493127905435,232.77999999999997
4d9b465d-992b-4590-8738-4c5ae1605119,0.5842643257748,277.78
602a8041-0457-4581-8faa-93f447ca3572,0.584160211034,242.78000000000003
8f78f582-eaad-4cfa-9a8d-658d7ed71689,0.58300301976525,266.7800000000001
8a7510d6-8a92-4a5e-b4c9-10c1af93606d,0.58031556863235,249.77999999999997
123db5e4-d935-458f-aad7-5ae1202caabe,0.5845058022043,217.77999999999997
49b2a6a5-2610-4241-9991-3a611269bf37,0.57991259775625,217.78
ff3ae2bd-4899-4c84-b8bb-56a3d07ef8fa,0.5811911660958,219.77999999999997
b5a28dae-a97b-40e5-ba4b-0e205b04c8b5,0.5824304925587,276.78
caabb460-74a2-4d0c-9d0e-0a2dee4cf968,0.5855709763621,263.78000000000003
99c18654-7ca4-4f04-8090-e4ba849c0f00,0.5839223016561,262.78000000000003
7fc19eeb-50b0-4fbf-b360-2da47d06baee,0.5852362481562,182.77999999999997
3c2d7e8c-6962-45a0-801c-ec3c5e2ebe42,0.5853478716277,187.77999999999997
6ba13d2f-8987-4dfc-be89-0f1e7cc5924a,0.5832884846319,203.77999999999997
05fff5e5-bf85-450f-b3ee-f8d5caed8b94,0.584160211034,242.78000000000003
8b534c9b-7ffc-4566-bbed-841c8ca8113f,0.5856367193886,176.77999999999997
0289292a-450e-41d7-8226-f15b0769543b,0.58061782249115,259.78
ef731d4a-4123-4631-bdcf-c4dc4a7d7ae7,0.58241555590685,201.77999999999997
be64bea2-2e68-449b-96a0-aa15a733afdb,0.57981682588495,265.78000000000003
45e5cd32-2005-4794-8871-adf537eca1aa,0.5857939724594,232.78
aba444cd-220a-41a8-a469-4c5fed66cc5f,0.5828252124084,257.78000000000003
885f7946-fb43-4717-9db7-b61e37e53778,0.5885564097209,218.77999999999997
2b0d7f11-aa8b-48a7-b756-7ed7f2ac20b1,0.5842409315168,237.78
f08ad433-6881-4be4-88e5-a5dfa2381bf0,0.5837637224436,243.77999999999997
0dfa420a-aa0c-462b-a1ec-2ee3409ee3c1,0.5851518355587,195.77999999999997
4ab3e601-707b-4f13-9750-7e9b993d924e,0.58175205675685,241.78
56f314cb-7474-42d2-8c2b-5e4bdce02988,0.5899499746169,224.77999999999997
81d93bb6-d714-4533-a4ac-0d5e9083d2e3,0.5852362481562,182.77999999999997
27ba2504-da65-4618-aaf7-0d3e3c1afcf1,0.58622062955705,269.78000000000003
8cd45168-cf60-4375-b3fb-b72f631672ca,0.58184781485255,274.78
ce7a4923-30e8-4a2c-9653-6ba0a27e7326,0.58590075090285,223.78
3a979163-df57-4312-ab17-375efe740eea,0.5856367193886,176.77999999999997
a274341c-c1cb-4a22-a176-2ccd46afdcc4,0.58380174778335,249.77999999999997
b975825f-101e-4cae-962e-4620045f12c7,0.58241555590685,201.77999999999997
08b7f224-750e-4cbb-9459-563c88b7a7b0,0.58349080653775,215.77999999999997
07b25289-5926-471b-9d8b-56182dad5b4d,0.58241555590685,201.77999999999997
48f8e3cc-aacb-448d-a438-5d973f536850,0.58027610943675,281.78
8787ab7f-7e26-4e4c-ae98-78f4b10fb371,0.5885564097209,218.77999999999997
1b751ad2-0578-4e29-abe9-ba03faf6fd01,0.58379304172535,228.77999999999997
10a5af9d-4a3f-4e6d-b8c2-901b2f386fb3,0.58596743016545,216.78
011720ee-0b20-4060-bb9f-06864db57f04,0.5851518355587,195.77999999999997
774eed84-64b8-4b3d-b1de-95a1a9137f75,0.58505105620375,204.77999999999997
77384b0f-d459-4a9a-b8ac-8df54c403dd9,0.58316767859625,241.78
78b994a5-aff1-451e-8f30-fc38579ee3e3,0.5852362481562,182.77999999999997
2718537f-097a-4bdf-8f78-242754101402,0.58517302734575,231.77999999999997
1d744384-3c9f-4ae1-937e-9e795c0be473,0.58241555590685,201.77999999999997
a9478bb1-86f2-45b5-85c6-b8de9be9a0f2,0.58590075090285,223.78
73ce34d0-ca13-466d-b805-a3ccd2b233d6,0.5856367193886,176.77999999999997
8a38753d-f0b0-418e-aa1e-36a4be4c7de5,0.58209798284285,278.78
9db0a82c-fc96-4d48-9d8e-b2f9053926a8,0.584089179471,240.78
e2924f6d-20f0-40ce-a3b4-e6544d8996fc,0.5814739499199,223.77999999999997
77240e91-d6ab-4f9a-8bd4-7f8eb0823fc8,0.58478493915045,182.78
60804219-9fe8-48e4-be4e-8f2b771bbf11,0.58300505240065,263.78000000000003
34b2de8e-b079-4851-88a2-8c87be146a33,0.58362486501205,206.77999999999997
4cc3e78b-5973-4b9c-ba86-428a39d78781,0.58330467494975,258.78
7a04784b-6ee9-4694-a6f9-016c2aab4a42,0.5863967833799,226.77999999999997
9494763c-52e5-49e6-beee-63018e612a2e,0.583925020194,206.77999999999997
c48d33bb-5fe3-48d1-9882-850d9bc1917b,0.5816813846419,258.78000000000003
4841c494-0abb-4474-b2b5-3be0f1a80310,0.58176734132585,259.78000000000003
782aeb53-1923-4a5c-a0e1-52af6e231c49,0.5852362481562,182.77999999999997
626f864f-6783-4e1d-acb4-aef708a00eb5,0.58224399449165,245.78
874a0ed6-ecc4-4aa9-843e-adef582efd64,0.58518865604725,244.78
fdacbf4a-7eb4-4ac1-9182-4ad78d7f240c,0.5857284232673,251.77999999999997
ec967acf-5297-4db5-8cd2-caf857588369,0.5856367193886,176.77999999999997
c1ded71b-934e-4f24-98b6-fbb8b136cad9,0.58270286499965,245.78
2bab8ed9-ab9b-4745-8944-60e3b5d3ba00,0.5845301981752,210.77999999999997
eb0945d4-3f98-4be8-8c65-83ab63427e59,0.5814739499199,223.77999999999997
480f79b9-0821-4949-8849-62a52f33428e,0.58478493915045,182.78
f9bdde3d-58d9-440c-ad37-55b96e169a21,0.5841894812724,262.78000000000003
050ec769-f871-4026-b826-4622e8e0a1b9,0.58362486501205,206.77999999999997
5839874a-e8f7-4f97-89ea-b21830495d3c,0.58331160697625,204.77999999999997
fdc1cbde-bb35-4b6c-b44d-42553a7ce65f,0.58919140507865,210.77999999999997
cab51bb0-3af3-443a-8b24-a5aac2f73a5e,0.583925020194,206.77999999999997
bed2864a-3dd8-4c43-871b-6d5191810dc8,0.58608299983625,196.77999999999997
3306f229-0872-4b5f-b452-a4509aa2cb18,0.58524652142905,225.78
974d517f-caf6-4437-bbd0-98b7a1fda540,0.5852362481562,182.77999999999997
1cb703de-af7c-40ad-8885-541cf57bb746,0.5842215710503,229.78
830037eb-1378-4edd-87dc-2579c252cc3e,0.5824876030476,194.77999999999997
bcf603c9-ce0d-4212-8ca8-f2699bddce08,0.58273830316665,185.77999999999997
33125855-29a2-49bf-a0e6-43cc93b5d3fc,0.5856367193886,176.77999999999997
99ca1557-e415-4fb2-8e38-6a5e78496c3f,0.5811397187243,200.77999999999997
cd15dc5b-f15b-4bcf-b483-a1098c397399,0.58871269669045,233.78
5279546d-857b-447a-a74c-e6c10f0aa181,0.58441360680195,196.78
c67f6854-a00e-4275-91fa-4a8117f4c745,0.58478493915045,182.78
57ce1cfe-98dd-42e2-9b0d-b3d30f9d8b5b,0.58350480066505,216.77999999999997
37329f7f-c278-4eac-9f40-5e4202959c89,0.58634559014985,222.77999999999997
7372d250-05d7-452d-87d7-6fce5219679c,0.5877905819049,238.78
3d20f901-a88d-4e22-9bb2-e014b4629553,0.5843727468107,226.77999999999997
361f2d76-64a6-4652-802e-62450ee3a8e6,0.58353713420775,207.77999999999997
538613b1-19fb-44e5-ae32-e25cc94f8037,0.58615103412795,269.78000000000003
1fa93302-9724-4b6e-86b1-d85bc253e4f0,0.58395372148775,220.77999999999997
3d4603a0-a0f6-49f6-8e12-bfad1864747f,0.58672723119005,241.77999999999997
9f60d701-1266-49c4-ba11-af72096e24ab,0.58301139019115,284.78
3e81b06a-36eb-4dd5-8bb9-f725ac842b2d,0.5851722284436,236.78
e4de8729-f407-4d7d-9723-5cbf062d2d2b,0.58110527533415,256.78
cc319e48-ca30-43ad-a449-c1d7c7de2f93,0.5856367193886,176.77999999999997
360696d8-7ea2-4318-ab6d-b5fc0de35527,0.58516097231965,259.78000000000003
0974dab3-b606-4079-966d-0ecacd8eb526,0.584080908784,217.77999999999997
3e9b262a-f1df-4785-8891-91d7b56a2d8c,0.58441360680195,196.78
c810787d-167d-4408-abee-9b6f21e88c81,0.58478493915045,182.78
850f6bbe-ba51-434c-8e0b-5c3259d9e889,0.58350480066505,216.77999999999997
c21b1461-3d98-4613-9a1a-6e1e4bc1f305,0.585359439029,230.77999999999997
5cd754f0-fb15-41d3-92d0-ea8ca10e39c1,0.58061756084875,217.78
83f0326d-4fa6-4e5a-a9db-e7da6cc70c12,0.58538529588155,186.78
619f324f-e1cb-4c9a-8065-0393951b3a56,0.58353713420775,207.77999999999997
efa6fcd4-5e9c-4847-a8b8-08ed3403769b,0.58871269669045,233.78
3870c59f-3955-46cf-97cb-7fdd14524170,0.58395372148775,220.77999999999997
28d004a3-29c9-40a4-aa4c-47ee3af27cb4,0.58871269669045,233.78
6f3f4d98-9192-4890-8825-5852bf941fd4,0.5884545303005,186.77999999999997
24b93daf-0ef3-4a39-8f14-37f9d17679b9,0.5842776614322,173.77999999999997
a5349ddf-a049-43fe-bb36-b2184252df92,0.58441360680195,196.78
11688b2d-aa4a-4706-a87e-773b4354d2e4,0.5856367193886,176.77999999999997
0fd93895-5170-49bf-b20e-ff4986f5b0d7,0.5876876751571,186.77999999999997
5ee7ead9-7319-48d4-aa46-5fc288680eba,0.5871806674996,232.77999999999997
e86d0838-2de8-4db5-9454-5a1306411cb2,0.5850155877163,247.78
3026ef03-469a-4f53-b07f-bacb6d5a9250,0.58253837446005,235.78
2fead9d8-114b-4934-b251-7d8ca17df1dc,0.5840819257732,286.78
3e43cb83-e763-452b-8742-f1f56a78e49f,0.5828067165706,242.78
38139972-1738-46c1-819f-5e45d2712929,0.5867864259186,276.78
23bf2994-b850-41fd-80fa-44c9fe21ee0b,0.58689267630665,220.77999999999997
7b6e370c-7fdf-4d01-ad91-398402247000,0.58518885352395,284.78
ac12da7a-a060-4d0f-bfa9-2319f08e3604,0.5827601257873,239.77999999999997
4e2c5eee-e31e-4556-b00e-bd9900d429d9,0.58264120437315,236.77999999999997
f406143e-58c3-4f23-95e5-3921bae48bb9,0.58622065865135,244.78000000000003
36f23a66-1072-4535-b1e9-36fab968316c,0.5830397159449,277.78
13d2940d-3c0d-42cf-b503-e8b2afe39599,0.5842776614322,173.77999999999997
942fba96-1ba6-4ac0-aa6b-f9de96cd97e8,0.5833324270817,250.77999999999997
f48137b3-ee9c-41e3-a1f4-a97686d954f1,0.5856367193886,176.77999999999997
f61bf7b0-73e6-425a-8159-f1e6ccad1ab1,0.58675721707585,208.78
b562ce9f-5ac4-485f-8b58-d3fe2ad920ea,0.5871806674996,232.77999999999997
cb8e3a2a-9ca5-4f82-b8f5-81fcfdc857e3,0.58253837446005,235.78
f4b62599-b98a-42ef-9cce-f9b89e0fe05c,0.58253837446005,235.78
4af458f1-8301-4016-b37b-50887a20adde,0.58200730367795,224.77999999999997
c6b1daff-cb1b-4b00-b2c7-b0afc8326d77,0.58484422952185,230.77999999999997
80de1b45-ff97-4b26-9b65-876eb268974a,0.5833252164675,233.77999999999997
1b7e3c2b-3a52-484b-a53f-0dca8ccf7104,0.58689267630665,220.77999999999997
32bf2c3c-488f-4637-97bd-2708643e317d,0.58533820074295,258.78000000000003
8853fcf0-ce27-486f-86c2-e6f169ba35e9,0.58647633898265,270.78000000000003
b17bb623-9134-4691-9cd6-ca83ae71b3cd,0.58133140143845,258.78000000000003
55e75457-bd9c-46d3-a8a1-e0c3b0e50ac3,0.5825534175418,212.78
e8daeac9-f573-42e7-9be9-a0832f1eb3c1,0.5846163808367,249.78000000000003
2e8d3c30-b453-4e8f-9496-9d486e3491c8,0.5842776614322,173.77999999999997
2a8b0dd6-42c5-4f12-9f1a-85000ee2d116,0.5840859791736,270.78000000000003
ad8e7896-8afc-47a3-82a6-a6eb8aab9da0,0.5856367193886,176.77999999999997
529c471f-8611-4dc0-9179-1ddf58274308,0.58675721707585,208.78
2b364437-4bfa-4bcf-80d2-45ee3e690e5c,0.58347095198265,271.78000000000003
2b614fae-814d-43ef-b00a-65e753b40f35,0.58652407891685,219.77999999999997
6fe63028-a885-4056-948b-2493d4f3e8ce,0.58529833431765,286.78
87ba5911-b6d3-459f-ae03-1cc574b89cae,0.5834805348351,242.78
27c34fdd-9cc5-49a7-b88c-280a85b14a01,0.58211638713075,221.77999999999997
10ab95e3-0aab-42ab-b6d4-910da77c0efc,0.5879589932527,224.78
3fa0d2e0-512e-497b-b9e0-e17590835779,0.5857043906543,236.77999999999997
41212ecb-30c1-4eda-a1ed-2f100ed2f496,0.58355566669955,285.78
c05d0acf-5a80-4743-8b5b-a440ac149e72,0.58269681177265,216.77999999999997
c39498ea-3314-49b5-ae94-c2ee5e7ecd29,0.5870642286694,241.78000000000003
76d0e96a-1487-4b1f-b999-3a652d214a33,0.5863966373984,194.77999999999997
de721dd7-1646-4261-8268-a8fc39f8ba3a,0.5851530437588,240.77999999999997
2887538f-2dd7-43e5-a6ea-8510d7dbde24,0.5842776614322,173.77999999999997
7e815575-be27-4476-a74d-3dc06793df8f,0.5838313019553,227.77999999999997
0210dece-18f7-4cb6-b408-f1b61d84d7d8,0.5856367193886,176.77999999999997
87a8375e-d63e-4169-bf5c-50b1f3947573,0.58444111465515,253.78
2c7243ed-e9dc-42a4-b803-5d7788cb935b,0.58456123609255,280.78
f41162d5-5b8c-4872-918a-fb799efe930e,0.58652407891685,219.77999999999997
e02de2ab-8f61-47bb-970a-f46f24d2868b,0.5849500261487,273.78
d15c16cf-b1f3-4727-b264-f2738bffe9ec,0.5841598103802,287.78
65a5221d-2f23-4a9b-9e97-670c065f1ba0,0.58211638713075,221.77999999999997
8627e7aa-19b7-47bc-9313-2ed3e5aba536,0.58443813370575,213.77999999999997
b3466d1a-3593-46a9-9382-25db8d494881,0.58393818583805,248.77999999999997
f8f4d90b-7bce-4f7b-93ec-4fbe6d970de5,0.58347095198265,271.78000000000003
d8cdf0dd-c26b-4ec3-a8ad-df00550a8701,0.58269681177265,216.77999999999997
020129e1-4912-4913-be90-946e39efac9d,0.58347095198265,271.78000000000003
0e77fc72-19b7-46d6-a35f-d94f50381b42,0.5863966373984,194.77999999999997
8ed7225b-41ce-443a-9664-57b1ff71fa87,0.58634100052005,236.77999999999997
223a15e6-a98d-40b7-b969-54c76b439286,0.5842776614322,173.77999999999997
12c27c1d-a87d-4d27-81f2-ae944ae24cba,0.5824988610101,262.78000000000003
c644f904-d26c-4301-86f3-7eb7da3391b7,0.5856367193886,176.77999999999997
c90bd20e-6c8a-407b-9b30-cb1392393feb,0.58278248327075,265.78000000000003
b8371319-68bf-4a67-befc-21c0c0bad72f,0.58409353943855,236.77999999999997
068d6c03-47c5-4cce-bc38-2bccd0fc2fd4,0.58733049318155,222.78
bc79f1b5-0d67-4334-948f-25180c124519,0.58417120435835,220.78
2a2c09fd-b372-4791-b2c2-bd98bf4946c3,0.58475919105155,241.78
7c8beb1b-c317-4f50-9d2b-b9b128cc8bfe,0.58381696894985,235.78
2e4a9e00-ff3a-47fd-b0a3-103ce7eec8eb,0.5872972151687,187.77999999999997
79b59789-8ad3-4cf8-9408-943d0880b4f9,0.5844058359146,243.77999999999997
b90fb462-1d67-4a65-9427-d838566116fa,0.5840193010764,192.77999999999997
95ab7072-1139-4947-9daa-a2471dfb5d30,0.58392381815295,235.77999999999997
447069a3-7720-4dcf-96b1-0589a32b8e61,0.5859268170684,265.78000000000003
8eb02c97-39d9-4810-b9d2-3a1410072f0f,0.58397398918235,283.78
fd30a2bb-6023-400b-97d4-dd83d04c9d30,0.58463891678165,229.77999999999997
7a80c640-7c17-4b95-af9b-6db1271586d7,0.5842776614322,173.77999999999997
f22ac5cd-37cf-454a-a898-47c44e9d92c4,0.57978633640325,238.77999999999997
ed31eefe-093e-415b-b875-0eb3da17b3c9,0.5856367193886,176.77999999999997
c464f70e-0bf9-4a80-99ea-d17a9e7ba8fa,0.58288686499825,215.77999999999997
fb975961-ef31-48c4-b1c2-a8a670f72079,0.5812412226367,249.77999999999997
4790a27d-f217-4f5c-a4d1-a90fd8904f94,0.5846453727998,228.78
b0181607-2327-4dc7-a2ee-a0ecc8cf46e1,0.58417120435835,220.78
4a9336e1-d14c-4ec3-bdef-614078bea281,0.5849474415528,230.77999999999997
b96229c5-3b69-436b-85bf-c9defc758886,0.58417120435835,220.78
c15c4b35-ab5a-4525-9ded-134f22ae931a,0.5872972151687,187.77999999999997
d0f9a5de-2d40-41a3-80c4-a6af8b8209c1,0.58481326347785,215.77999999999997
f89208d9-6109-4d83-b80d-b312a9a04255,0.5840193010764,192.77999999999997
c6fdae48-d8d2-4ec3-a58a-37dfaf7804d6,0.5839664791187,228.77999999999997
32ed2d98-d90a-4100-b5de-ca141b5fabb5,0.58357787080775,228.78
589b82ae-50d9-43f1-964d-18ca2839d4b7,0.58409353943855,236.77999999999997
1cd11908-8cbd-41a3-8531-ee3a9d1b9f26,0.58762711374565,236.77999999999997
42e71475-8a28-4226-a3aa-573c48ee4cd2,0.5842776614322,173.77999999999997
4a6c1a9e-7da1-4f57-b4e3-749073fdd4dd,0.5845621419655,245.77999999999997
856b46b2-8743-4e5b-b470-348e4f9ae083,0.5856367193886,176.77999999999997
61106bcc-465b-4425-bf23-6ca239957083,0.58288686499825,215.77999999999997
313c2286-aa98-435c-892e-c503967233f1,0.5820581469245,232.77999999999997
7660b1dd-ffa5-4362-9bbc-19a84039e818,0.5839702351643,238.78
83c65040-d24f-43e0-91d3-15312a1e96b5,0.5867769590465,235.77999999999997
50b15247-6023-4f1c-b2b0-88546c2c4139,0.58306105409185,266.78000000000003
3759f992-a7a1-4d2a-b627-630447712709,0.58663621792325,215.78
1323b2f1-11ad-45a4-bd62-ef417170c8ec,0.5848374620643,225.78
df8810e4-e34d-454f-a812-a88fea0213a0,0.5857241296479,249.78
cde55154-2159-45ad-861e-bfc98e1ee690,0.58260669800105,259.78000000000003
ff33fc96-941f-48cc-95d2-4f4d23203793,0.58601672950575,198.77999999999997
ccb55af0-11ac-49fc-a49f-3bb74241d193,0.5824689812141,225.77999999999997
bc9d0c61-ba25-4f2b-b98d-fb2a08d9812f,0.5836960931527,222.77999999999997
90cc09ed-5945-4b02-bc72-3f119f2b07ae,0.5877801768242,221.78
331f7773-9393-4506-9c3f-0ced8e52de01,0.5842776614322,173.77999999999997
6ed8f00c-1c9a-4f2d-9ed1-b503ff910cd9,0.5847924168572,182.77999999999997
9426fb22-36e3-4b3d-acfe-92f9e442b0e1,0.5856367193886,176.77999999999997
11cec926-a2ff-4643-8f90-0474ca615fbb,0.584617167487,237.78
2d551482-2baf-49a7-923a-ac00a72a2378,0.581960242319,267.78000000000003
d2f90c93-554f-490b-a3b1-b1ff54e4ceae,0.58133060268135,220.77999999999997
0afacc99-b964-488f-9706-e220f5dfbecf,0.5820581469245,232.77999999999997
f7c481b8-85a2-4d35-b4af-948a83f2bb6a,0.5832165635884,242.78
c0d78600-e8e5-4889-877e-d275c51b5899,0.58663621792325,215.78
ca0891bd-76e0-4460-b482-121fc4784144,0.58548730236885,237.77999999999997
64456ec0-b498-42a9-8799-cd38ccd7f59d,0.5823794518396,282.78
4bdc8b7f-cb56-439f-94f1-15591467b7b3,0.5845531620974,236.77999999999997
945582d9-c9cb-4077-8205-90e49f692f37,0.58601672950575,198.77999999999997
a85e7a4e-be7b-4ff2-8135-1ba052b236c5,0.58401459628815,229.77999999999997
1543f4d9-342a-497e-b411-7759ad67e91c,0.5836960931527,222.77999999999997
625a4707-ae8b-4a66-96fb-4008bfded55c,0.5867769590465,235.77999999999997
1c4f3024-77bd-4c15-a186-577508d72ec7,0.5842776614322,173.77999999999997
5a39ea08-2430-4e8b-a0b5-c88fea23acb5,0.5847924168572,182.77999999999997
151e7bbe-2e2e-494e-a819-ef1de9514ddc,0.5856367193886,176.77999999999997
2c0d4166-2456-472f-b503-9de14aac9e6e,0.5834346288717,237.77999999999997
1dc3e9a0-f2ad-4257-9b45-edaa2b863cc9,0.58234794251105,269.78000000000003
5904e5d5-1938-4dc8-9a09-528c4f072248,0.58379336973905,234.78
b0c85789-9196-4b0d-b795-e3d8e8ecaf43,0.5835832772004,222.77999999999997
e9760a08-207e-455f-aba0-c3a9bf78560f,0.58658976488555,252.78000000000003
1228259f-1a0a-4830-8063-93f2b0874483,0.58629005115405,201.77999999999997
47dbf3c7-8ec5-43b4-8aff-27ac28c257f7,0.5854837140628,269.7800000000001
455b862a-8066-4b30-a97d-a2b1c0ba818b,0.5838657515443,264.78000000000003
c2a2b05a-f0d8-462f-a3c3-8c8a2332318b,0.5887498003833,220.77999999999997
962a830f-7cde-4695-be28-8aa44aaa15a9,0.5842441682749,228.77999999999997
d1ac4f7c-6293-4058-9016-a6ce7bcef985,0.5856001960593,221.78
59ce9347-cfc0-4f2b-94e9-85f796146822,0.586782610233,227.77999999999997
249b991b-016a-41dd-a0ed-7eb8c56223de,0.5839413565681,288.78
6b77a063-5813-4186-b386-97382f844826,0.5842776614322,173.77999999999997
3b1d206b-9994-42ea-8abe-c4034fa84e3c,0.58310283474625,217.78
276ffe3a-5a68-4143-a7bb-ec43fd90d2f2,0.5856367193886,176.77999999999997
7a7cf576-acc5-4e24-b21d-99e78334cd27,0.5839591115206,247.77999999999997
ae5dc581-0142-4dc6-8cdf-698dda9e90ff,0.58371205614745,229.77999999999997
c6d64639-564d-48cd-b856-0383718efccb,0.58234794251105,269.78000000000003
c3f079b0-9deb-4cf1-8121-a1b4d1eec636,0.5835832772004,222.77999999999997
0fa612b0-0ef8-492f-bd9f-2db7c9636f38,0.58340544886775,250.78000000000003
62c31c17-d893-4fa1-9233-7ec22b4c173a,0.58629005115405,201.77999999999997
267eda57-81b3-498f-bc61-72b14aa93f39,0.58234794251105,269.78000000000003
03673ea1-b4d5-42f3-91ee-f6448e14638f,0.5866832924251,241.77999999999997
3183dede-59a7-47b5-8373-82436c0850d8,0.58379336973905,234.78
1999ab4a-a58d-4794-8107-de1e2517ef5e,0.5808757965497,254.78
70abb1b7-dfa1-46cd-9caa-212229eab03a,0.5856001960593,221.78
0fc5631e-d43e-41c3-98da-364965a559a8,0.58225627446065,283.78
0a47bf66-fe45-4f68-8402-aabc2fb935cc,0.5814421392103,233.77999999999997
d8ff2136-0dd6-4331-b6ac-90d43028f635,0.5842776614322,173.77999999999997
8d5ca8cb-4a63-4e02-b8bc-92b7ac32d243,0.58310283474625,217.78
0a2a6e68-fb36-4f47-bb26-bad8c40da881,0.5856367193886,176.77999999999997
309dea0c-e7d0-476a-9351-686755c65ed4,0.58117262009505,243.78
67747d99-fbfb-4979-af2e-28c0681130cf,0.58288607275535,248.78000000000003
38f1c178-5f7b-434d-8908-bd8d92d1ddb5,0.58704212408615,210.77999999999997
5ff518d3-81bd-4b19-9d46-e1a0e7d8d8ac,0.5800758253009,225.77999999999997
3f153c4d-2f16-4f1b-b62e-43eb89d369ac,0.5876436938388,239.78
853c7b5e-d88f-42e4-8eac-38dc0693bedb,0.58636471602945,246.77999999999997
8639a3b6-5a39-4fc8-9b10-93b26574232b,0.5837139009249,212.77999999999997
8f9ad3aa-aaee-41a7-856f-555fb34c41b9,0.58318479210145,277.78
a5407515-66ba-4cf7-b15e-090aa258347a,0.5833991057429,219.77999999999997
4712b10e-69fd-4658-8977-e47b286092d3,0.58234807617075,261.78000000000003
450a9a71-55ae-4fff-b05c-ccb842cbcd0d,0.5863163833309,188.77999999999997
c47ba938-c869-4c45-8d38-260fb72bb290,0.58314150337585,241.77999999999997
f2f22891-1ef2-48b1-8f5a-6a319b3b3ec4,0.5857712217368,201.77999999999997
fdda64bd-ee4c-4565-a3e2-41af57035701,0.5842776614322,173.77999999999997
7ff24b87-6ea6-4741-b1ab-ef223ef27df0,0.58447974008895,260.78000000000003
b71d7230-5c57-4757-9c6a-e77c0b48ec8b,0.5856367193886,176.77999999999997
f3de34aa-d2e3-415e-9c54-083407dae840,0.58736058899255,237.78
4ac13d10-50e1-4a87-ade0-687e8f2c12ae,0.58237572100035,229.78
ce91f249-496e-4b31-8b0f-0695996a8845,0.58704212408615,210.77999999999997
ef6b0ecd-e1a7-40fe-af9d-5455c2bbb793,0.5848086961143,219.77999999999997
e04e1fb0-b2cb-4fb5-ac0b-e095eea6e12b,0.58288607275535,248.78000000000003
093e8700-b45e-450a-aad8-68ff0820a01a,0.58623804939715,252.77999999999997
2ef1a517-8495-4afb-bcc9-ea64a8358a25,0.5837139009249,212.77999999999997
9f0d621d-8d20-447d-97f5-bf5c358cea93,0.5847689731116,227.78
d0582492-77b8-40c5-b8e6-e9673a9bba9f,0.58288607275535,248.78000000000003
47b6a00e-2e90-4aa2-b5b6-fd25b387dae2,0.58564133381545,226.78
8266ebcd-3e3b-40e0-81fd-02a5ffd80011,0.5863163833309,188.77999999999997
d89550d6-48f4-45c3-a1b9-b94c28594c7e,0.58287406936115,250.77999999999997
64ef9be5-e4fa-42c7-b76f-0f52a66c8aa4,0.5857712217368,201.77999999999997
4f0d08df-666a-483c-9d03-49526fd215fa,0.5842776614322,173.77999999999997
8202cc16-a0ee-4fdf-8f23-4002779ba420,0.5800758253009,225.77999999999997
7a901e78-84b9-44c7-8081-190c666b8e17,0.5856367193886,176.77999999999997
73965384-00e6-4a92-ba5a-558851a68730,0.5858552264036,223.78
336dbf84-0d78-404f-b3d7-4cfc49ec4007,0.58453682086395,241.77999999999997
3ef64f46-4968-4e6d-9fa9-ec9ec9e988ad,0.5843587466298,262.78000000000003
8a341fac-d0e9-4e14-9a20-cb51688e4017,0.5847634577866,223.77999999999997
196980d9-1c1b-4e9c-92c9-6d553cbdf71d,0.58549802412205,230.77999999999997
b447f5ff-1869-4941-af1c-7b306b12cd5f,0.58564896216595,265.78000000000003
bbc83d87-fe6c-49d9-9f29-7eb56157c306,0.5831421612212,233.77999999999997
aedf44ef-651a-4bb8-9ce9-d6bb0a4142d8,0.58223937581465,192.77999999999997
58384335-3ddc-48df-96c9-83c1b0a0a9a5,0.58562272379235,250.77999999999997
01ec1898-2adc-4589-b286-7b145636b4bf,0.5842729528748,241.77999999999997
15ab6c6f-0c08-4540-8b52-283e2b827a86,0.5824626658319,238.77999999999997
9d591594-6c61-4433-9b05-a32827a179a9,0.58728702866175,196.77999999999997
958e143b-20bf-4b1e-84c0-20b23f0c044f,0.58417306800665,234.78
84cb7ffd-8394-422a-a2b1-ebf93d6ab2af,0.5842776614322,173.77999999999997
88aaed99-d571-454e-a19b-b5953120d1a6,0.5802194826179,251.78
029a5b85-6ca6-4b9a-8fe0-29d836f52cdc,0.5856367193886,176.77999999999997
49ed31f1-359d-4a51-90fd-5bc5665341ee,0.58131902346195,259.78000000000003
ad954c6c-9038-4ebd-8078-6c5fb4911c90,0.58495096561505,206.77999999999997
f2491964-2ec1-48af-b34e-23f045b584c8,0.58488668869395,243.77999999999997
47bc9782-c4a1-4e97-8f9e-3de93065477e,0.5847634577866,223.77999999999997
ad794a64-42f5-4d71-a23d-71cae5749a95,0.58549802412205,230.77999999999997
3b3b95e6-b198-44f5-bb8a-5c34edd2c66f,0.5840407002817,233.77999999999997
76e0c62c-abe7-4960-90ba-1181d59eed23,0.5827482455478,252.78
5ad4ce05-bd9a-4dab-9d60-9042166668d6,0.58223937581465,192.77999999999997
56c5569b-312b-4e1e-911e-cbe025ddb135,0.58346361064025,247.77999999999997
80691bf7-2526-44d8-91de-09f82312b246,0.5834320749453,243.78
76532394-38ea-485f-99b8-b7f196d15848,0.5843587466298,262.78000000000003
02ca9955-cb15-4c5a-a531-c7d965ceac80,0.58728702866175,196.77999999999997
e020f845-512d-4fb2-a968-f16799071a51,0.5840826357796,241.77999999999997
da48e682-27f4-4836-9aae-63f69227693b,0.5842776614322,173.77999999999997
67f6c493-dfc9-4fad-84dd-32cd85cf7e25,0.5841289840296,272.78
7dadc2da-b6ef-49c5-8d4b-8f90923595d4,0.5856367193886,176.77999999999997
49ebf5f4-df50-4fd0-9733-1a1050619d89,0.5826323047026,244.78
b4861596-ffde-43c8-87c7-7f9ee10b3c72,0.58478966992325,248.77999999999997
3507263e-b1e0-4425-aee8-3b30b07b3bd4,0.5847744446016,201.77999999999997
7281075a-19ec-4c87-a65e-cb7629649d76,0.58141463672805,246.78
91ad1398-efab-4ce3-9f85-e040386e5c5f,0.58416647874695,238.78
aa1d1c89-1185-4837-945c-ec23d6f81588,0.5839572601319,196.77999999999997
584d678c-3d0d-49ea-a236-c618352753f4,0.58360661245995,264.78000000000003
8cb1f95f-f788-4495-9297-e090783adc8c,0.58265871546725,237.78
63046aed-4066-496f-95bf-27187b48d49c,0.5822944960446,259.78
eedbdcef-4936-4241-a520-b9ecf6acfc7e,0.5803534465745,247.78
845dbfce-bfa1-44a7-8bfd-d46121e69ca9,0.58419677570765,202.77999999999997
f3cea147-2a62-47dc-9658-7a23e11066d9,0.58554842435815,277.78
894220d5-9fdb-4531-83b9-fce9f2182c8f,0.58319966207325,192.77999999999997
04cb031f-b605-48b0-9b36-7ffa6248c734,0.5842776614322,173.77999999999997
c64e67c8-2243-411c-9d0b-cd0fc9bf5c0a,0.5867216510484,207.78
917afac5-6aa4-40a5-bc6a-646801afd130,0.5856367193886,176.77999999999997
565f07ac-4431-4321-8706-28ad2e799921,0.58295586021965,250.77999999999997
7a704542-cb85-4a91-a537-7dcbf25c2617,0.5850378479569,250.78
4bfbd5ca-3aaa-4956-834d-72fac381dd8f,0.5847744446016,201.77999999999997
4d65d993-6957-4dc4-b5e4-386f9f5b84d8,0.585913197125,232.77999999999997
00149dac-6df6-419f-8624-e02916a777e8,0.58478966992325,248.77999999999997
3097524f-f9d3-44d7-99d1-319512547dda,0.5839572601319,196.77999999999997
19b26155-df4e-4d57-84a1-4f9a544ae8a6,0.58141463672805,246.78
291981a5-c4a9-46d8-a539-013502035c35,0.5847744446016,201.77999999999997
0e6370f2-7244-4535-a9c7-e4b5c0e1315a,0.5852069906556,235.77999999999997
57e239e8-f315-4784-822b-ba6c8e83e9c2,0.58478966992325,248.77999999999997
bcb1853f-76d5-4296-b89c-96f9047110f3,0.58419677570765,202.77999999999997
e39399ba-f29b-4963-8aa5-ccda2dfa4ce9,0.5871112910523,198.77999999999997
d93609fd-7159-4b31-8d27-b9d3c1f36d08,0.58319966207325,192.77999999999997
80f80da0-5b37-4a6e-98e7-00308d0d0fc0,0.5842776614322,173.77999999999997
847d8f97-1b6e-49b6-96c6-6be44538c591,0.5838928375791,230.78
0fc9a0ee-5094-4093-93fe-798ded64eaff,0.5856367193886,176.77999999999997
c636d648-1018-44c6-b9cb-39b3b6c6f65c,0.58239677986165,235.77999999999997
c65c849a-5c35-4f96-b75e-647328003f7d,0.58697243713805,237.77999999999997
6c243382-07c6-4084-b7d0-9e4f3b447d62,0.58218833717265,264.78000000000003
faa3b7ec-ee49-4cbd-b1ed-8aa5bd464484,0.5833273900572,236.77999999999997
418d2604-4eee-4e0d-830f-15418af3b724,0.5827082447208,229.78
84d20e68-273d-4e03-85fd-603adfa8244e,0.5860450815206,237.77999999999997
797ba604-ab88-4c66-9253-e067f03f68f8,0.5837022667878,240.78
d9235be3-14ca-4f2a-896a-367f76032449,0.58677699537735,225.77999999999997
4ad5b254-4aad-43bc-a652-a45165fb66cf,0.585079053135,208.77999999999997
c2c0c3db-933c-4fa2-b995-aa252591f7ff,0.58408396427545,242.78
b7d96541-d856-4067-9ebb-9360f7cb7f0b,0.58378946205085,224.78
aa805157-f730-4dd0-8c2c-a1ceb04688aa,0.5873063578766,222.77999999999997
5067cf61-72e4-4152-a67c-0d1c17b3b69f,0.5880630280066,231.78
162146d1-1443-455f-82da-0ff56c5144fa,0.5842776614322,173.77999999999997
1477a1f0-adab-46e4-ab51-24961aea7228,0.58143072330475,246.77999999999997
573858ae-a2ef-4a42-bd5a-7ecf6b2a00c9,0.5856367193886,176.77999999999997
ab191235-c15c-4f33-923f-e94b41ad69bb,0.58329369795775,203.77999999999997
600b4c0b-a3ef-4e00-b5dd-335d41becf49,0.58561248219975,215.77999999999997
13eaf65a-38b0-4365-80bb-df00b38ec800,0.584628880002,223.78
9d410273-5d7a-4c45-95d0-e728831966bc,0.58022866242005,253.78
b8c3573c-79c6-4188-b864-cfeaf888888b,0.58697243713805,237.77999999999997
106a08a3-caf2-411a-aa8d-8d56366a1975,0.58044173006845,297.78
c5fd2825-8f1d-4ebc-bd7b-a2c0373d2e67,0.58474418032095,257.78000000000003
f6801336-d36b-4885-9beb-62521e00ac83,0.5867318545683,242.77999999999997
05a8042b-02d4-4fab-be62-3e9c1021dca2,0.585079053135,208.77999999999997
44a2a534-588e-4231-9d99-6b459d1f3c72,0.5831767185321,254.77999999999997
300cf16a-c52c-4748-a38c-878f5bfdc1d0,0.58378946205085,224.78
ee4f646f-6800-4989-8152-324db992a10c,0.5873063578766,222.77999999999997
103a61cd-a1d6-46ef-8899-0d5d2cafb675,0.58697243713805,237.77999999999997
bef5cece-8de7-43c9-b63e-03c87a29158f,0.5842776614322,173.77999999999997
97d3aab9-ac6d-4382-bff9-0c770f7dbba5,0.58697243713805,237.77999999999997
cda2c605-1fa3-47dc-bf1a-226c66c739c5,0.5856367193886,176.77999999999997
dc44e306-abbf-4dca-9790-3d0e1bc1cc1e,0.58329369795775,203.77999999999997
bc3b4325-3f22-467b-b0c2-8976bb9adef0,0.58675460511095,222.77999999999997
7f8c3b72-c9b3-40ed-a9bf-70da8f91e8f7,0.58386902009585,227.78
3ca504b7-d47a-4e01-8355-88458ca6e552,0.58849071152785,269.78000000000003
8fdc4ffd-4184-4e35-9297-5d96c5b524aa,0.5849295076398,230.78
0fc6f635-9565-40c1-bb6d-ab4f5a00abe1,0.5830887182943,221.77999999999997
8f09678e-03c0-4dde-9aa5-94e5b565c89c,0.58600507274145,214.78
8e20c322-6882-4c6a-9a8a-767a54033341,0.5834949453063,227.77999999999997
97e81a17-37cb-4692-b195-30c9a93b5a97,0.5841884932915,228.78
ecc2fc5d-742b-4bd0-bb02-5f346512c342,0.58986395661435,208.77999999999997
ece32e18-48ad-4fbe-a287-882c947b6c41,0.58654130203275,199.77999999999997
9b4564e3-e5c2-40c2-a015-639809f46053,0.58919723731895,248.77999999999997
ba34242e-ed06-4e43-80b8-e8ae32d39d39,0.5830080819083,262.78000000000003
f043529c-e80b-47b9-a99b-1563bda2b07e,0.5842776614322,173.77999999999997
bd808256-ac6f-4f99-a452-1ff1e01d784f,0.58486345501975,199.77999999999997
c1281afa-874f-461b-8e1a-858803525a2a,0.5856367193886,176.77999999999997
3b21bddc-fdb8-45eb-91b3-55bb230ed4bd,0.5847758257269,255.77999999999997
d5c02675-e657-47a1-8d27-a0d07bb481f2,0.58571029778005,213.77999999999997
de16e394-eb0e-4c7f-bd37-fd8835d0f816,0.5848553781583,213.77999999999997
ec396390-1118-432f-919c-7500b226cc13,0.58448113153405,227.77999999999997
71b161ad-0895-40a8-9e2c-9682e880a3bf,0.5844664193573,205.77999999999997
d4ab7865-110a-41ab-9f18-8eba176cb73f,0.58476634529705,215.77999999999997
20cb62ea-9fe8-4efc-9850-5cde548485a3,0.58600507274145,214.78
d3f8c0ba-44cc-44aa-85a0-32ad856a23e8,0.58747404157655,226.77999999999997
dd49abae-1911-47b8-bdae-0a52c258e55a,0.585907804973,199.77999999999997
913f47fe-96c4-4df3-9455-0137d242c9ad,0.58986395661435,208.77999999999997
6a61e5f5-10d0-4a90-9f33-846641d67938,0.58654130203275,199.77999999999997
812ba213-2f9a-4ca5-b92a-702e0742fbec,0.58675460511095,222.77999999999997
b54ff34b-9786-48d1-ba29-7b913e4012aa,0.58386902009585,227.78
d028329c-b309-48a9-87f4-cf8cfc6e4918,0.5842776614322,173.77999999999997
0b0c7df8-c192-470c-b95f-21507b4f6df0,0.58486345501975,199.77999999999997
7161a1fc-9fe2-4fd3-96c4-f82b1f88a460,0.5856367193886,176.77999999999997
151d2e40-b534-42ff-9453-835dd784f98f,0.58195789085335,233.77999999999997
3939a2cf-5253-45ce-ad07-63caa0918dd1,0.5838931292666,241.77999999999997
966737c8-e092-4a21-95d2-e2be3d4e383f,0.58622997421005,249.78
398da13a-e169-40e5-a305-0d8361647afe,0.5825116885972,257.78
eb533047-6d50-420d-a226-63dfe9922bb8,0.58238208577305,251.78000000000003
9cac5b8c-fc54-4008-9c68-13ebe67e0c8e,0.58521900620885,231.78
efb8ebc1-acc9-4e62-b582-9434c94da244,0.58206070680035,244.78
c458b4fb-6e3a-414c-a752-a19c07e3e527,0.58200204214905,250.78
808c6d4a-2757-499a-b549-5141ca2175ea,0.5858496409209,187.77999999999997
2ab21151-f906-455d-9cf1-e04aced8b1b4,0.5857526065529,258.78
be0ac04b-b614-42f7-a775-dc6305d0d0e3,0.5861752832438,239.77999999999997
ecda1655-840c-4eab-b166-7fd4796deee4,0.58436732515815,206.77999999999997
436f7df4-cf3b-439b-a41a-cc5a496393fc,0.5846174618996,218.77999999999997
b53afc85-7f50-4acc-aa0f-e179545c662b,0.5842776614322,173.77999999999997
c69e209c-3b51-4784-ad2b-4577932c3f1e,0.58677826239335,251.78
968523cc-dda3-453e-af78-fdf58a689fb1,0.5856367193886,176.77999999999997
4e0a0a81-0864-4069-84d0-e7ddb4e69cff,0.5862653694907,184.78
8e052ad6-fb75-48ce-90da-04496d2ca93d,0.58238208577305,251.78000000000003
44402e31-28fb-4c87-841c-e1f1cf2c2b33,0.58091618901475,256.78000000000003
6113ecc4-bb0a-4415-a733-14f4ce45fe84,0.58248564517,266.7800000000001
39e8742d-cb6d-42c0-87c0-364673d310e8,0.58284102701645,277.78000000000003
aa142b6e-f2fc-4873-9d41-8220b9834e39,0.58622997421005,249.78
301de1bb-76b2-4fb1-8ec8-731d60bf2ff3,0.58480240317955,245.78
268b9e24-5020-4cd5-bfae-3c3fc6016636,0.5860676481355,234.78
6a23402c-28c5-49c5-aac2-e0d9fd597396,0.5858496409209,187.77999999999997
a0335f3a-8b7f-4c33-8222-27f90e18c979,0.5857439296187,234.78
46f6f6ac-a9ab-4412-8171-24e264f3285a,0.58089292108,263.78
89628335-5a20-4ad9-acae-c80b121e7837,0.58436732515815,206.77999999999997
ddbefa89-b071-4560-ae66-5300af099d4d,0.5846174618996,218.77999999999997
7cbb93eb-3862-4b0c-a663-8aa9abefc8f1,0.5842776614322,173.77999999999997
fb5836f2-3679-4c6a-80eb-013da17ecfc3,0.58404972849945,238.78
564ed8cb-343e-4d2b-9b70-80a7ced59edb,0.5856367193886,176.77999999999997
7fdcc509-6856-4f44-b469-8413b5e24ab0,0.5862653694907,184.78
fab33f22-b87e-4636-960a-dd4891f2e3b7,0.58266505715155,246.78
0deecb8a-942b-465b-b94e-822e49c3c8bb,0.5838097193464,252.77999999999997
703311b5-233b-4818-9b22-0b8a50dff978,0.5847284809508,231.78
87558739-5743-4965-8ece-22c65ab0f305,0.5838499266868,227.77999999999997
6ef96bfa-6fac-4add-be5d-11fa7eba1220,0.5813434031864,233.78
5cd623d3-1199-406c-ae02-cb14cd8915a3,0.58333092800015,249.77999999999997
22027c5a-a305-4c50-b722-4821f70141d1,0.585750326749,215.77999999999997
fabec557-a32e-4d56-9bff-b4bf50011766,0.58421796265025,250.78
78dacbda-a96d-4d5f-ab82-5c79143dc38c,0.58143620690765,241.78
686350f6-8b8a-4ad5-956e-aaeef8f4b813,0.5841416822737,223.77999999999997
cc40f7ec-d6ee-407f-a149-4fc5665b3e7d,0.58471747641875,250.78
0247d9fa-0d4a-4bde-a7b0-402dbe273562,0.58252301630715,264.7800000000001
d48d52e2-96ff-4f0f-9cc5-128f71ba8e4e,0.5842776614322,173.77999999999997
2263f541-0969-4ac6-87bd-d91f36986aeb,0.58199939980115,216.77999999999997
4e12bcca-966b-4c97-982d-5a78da956c26,0.5856367193886,176.77999999999997
52bb48c9-074d-42ca-a8b8-736872ade3da,0.58144557085655,275.78
5ea77bd2-d710-48b9-ad43-f18065618fda,0.5826980968173,278.78
3fa87071-8022-4934-b049-cedb16340b56,0.58266505715155,246.78
e47b435a-c44d-4871-a7a8-b637ec4fbf67,0.5842863651893,242.78
ad1c039c-3a27-461e-a717-5d08fcce76d6,0.5838499266868,227.77999999999997
ab7cc214-96f9-493f-8f1f-a46c462e8fa4,0.5845322688092,197.77999999999997
8fb62f09-0eb0-45db-b547-fd6dd7b487aa,0.58554350574655,235.78
a28396dd-e3bf-466c-9f46-3a35d3b27112,0.585750326749,215.77999999999997
5432d322-4303-4b88-8a8e-682c3a1ce858,0.57758548147815,248.78
78b8fd5e-e9d9-4913-8b8d-f1fa68237cfd,0.5875608178786,240.78
109ec573-b997-4d22-a614-0cec1c93ab6b,0.5841416822737,223.77999999999997
74a94894-95f6-4f7a-99b9-f9eb42bc6d5a,0.58266505715155,246.78
cb928b4e-4ff8-4592-acbd-29418e97a495,0.58491030086065,261.78000000000003
0ead9a28-2ba0-44ff-8512-2d2cfcf30d19,0.5842776614322,173.77999999999997
e05aea90-e736-44a8-8e63-87665bfe6a1b,0.58199939980115,216.77999999999997
51ead2cb-867d-4037-942b-43d5aa26e0e9,0.5856367193886,176.77999999999997
abf223d6-d590-4646-820e-ad1ac88fca71,0.5847963115937,290.78
1cf271a5-9644-47cc-994c-35e6341139a1,0.5822047640736,282.78
ef5890f6-a947-4e4a-8751-a272f56445cd,0.58598142857255,264.78000000000003
2c95694d-f991-43cd-889a-b2f097f3e4be,0.58813446041685,172.77999999999997
057d4661-e7ce-4eed-8774-a82d3f9d252f,0.58670635670885,253.78000000000003
4ce3d0da-2483-4ba8-a7c5-0ceda2c7ae04,0.58386562276835,276.78
a40274e6-b184-4d5d-8603-6e08b832e092,0.5835410492157,235.78
e5eddf54-d05a-47c5-93d8-fa96a9408a01,0.5868730035033,239.78
f3ef0a02-f4a5-46c6-8b62-d0fcd2f457ae,0.5852039012466,272.78
71529a9d-084b-4ae8-ba02-481444dd3e69,0.58688084982175,210.77999999999997
880a700b-8f07-406d-a2c7-3632eb8d3223,0.5864522363978,220.77999999999997
1dba0129-515b-49a4-af5f-a391bd329a15,0.5811831586201,263.78
af03227f-6a0c-410d-a1d1-b3292d7e2ea0,0.58587678177065,235.77999999999997
50587015-b56d-4f67-9710-e4f9c9383f8d,0.5842776614322,173.77999999999997
93e3083f-1d15-4ccc-803f-3d8e4d08a5e7,0.581335006872,277.78000000000003
b4885a5a-07fa-4e98-8eb4-abae64d2acf2,0.5856367193886,176.77999999999997
33538926-722f-4419-b78d-0d3c4cd6b16a,0.58841643468415,191.78
4398c87b-b571-48ed-a8d2-91f2a2ad8994,0.58692099629485,216.78
898231b3-4646-4dd4-a88d-5c5d355f2df9,0.58547149187095,265.78000000000003
5fbe099f-b5cb-495c-a457-7e566158e94c,0.58813446041685,172.77999999999997
0cc734aa-2e60-4ecb-a21a-a8f5592106e4,0.5888521959622,229.78
4d9baaf7-6e7d-4a5c-bb20-f5e8969cf40b,0.5842481660294,246.78
c35c3f60-44c8-49dd-9ed4-f9a49825dbe4,0.5859835565527,228.78000000000003
c6590db6-6402-40aa-89e8-8cddec4c0864,0.58426413385895,243.78
1475d4b9-f0c8-45a1-84ce-030f76a22ff7,0.58813446041685,172.77999999999997
8f3b3b8f-0a03-4d5e-bb06-1a1bd512b9ba,0.58688084982175,210.77999999999997
df3b10ce-9786-4c54-a97f-4bdb2d4ecb61,0.5864522363978,220.77999999999997
24bfb9d1-78bb-4dff-9e01-e684addeef83,0.58598142857255,264.78000000000003
47073bb4-0cbb-49d1-8e87-7eb70a25a417,0.58148212914475,223.78
fda6b800-92ff-47fb-bdfd-8e8be2e0638d,0.5842776614322,173.77999999999997
8b02d6eb-1bb8-4031-b204-e17e2c06cf85,0.58673756755715,258.78000000000003
a733eca6-fdd4-49b5-961a-bb3106e3724f,0.5856367193886,176.77999999999997
e6a3f1a8-d104-4e06-b4df-b6d50a174a43,0.58841643468415,191.78
62451fa3-6c27-4eed-8d19-72491e9b34e3,0.58576939810595,231.78
1a0d7509-8c48-4d55-96ca-ca8d05f9ebe0,0.5831947721963,253.78
85b96afb-1350-4494-af6d-c0dba019af76,0.58813446041685,172.77999999999997
f35147fe-81be-4880-9d23-72bd26690006,0.58536302380625,229.77999999999997
35f17e43-cab4-4644-a274-c3890bee6e06,0.5848113001204,234.78
6c3632ad-4954-4591-8722-383b53956748,0.5856074194036,258.78
807c3870-aad9-4dc0-bc60-f6ee3cf5633f,0.58221902981025,270.78000000000003
2badf150-7ad3-45c8-9622-33f3d60f9501,0.5825664160629,230.77999999999997
44bfbaa5-e247-43db-9585-39cc3708cbe1,0.58508444944035,239.78
73163c38-d4ef-4f58-853c-9d3ed69a6eff,0.58792756142865,227.78
f61cff25-8dc7-4ba1-a9c1-4d982e3df263,0.58639881977075,292.78
329fe4e3-baed-4c40-8242-587e74f61e8f,0.5852807142997,181.77999999999997
8b367385-2180-4942-8da0-4560c0418681,0.5842776614322,173.77999999999997
e771bd21-d973-460c-86f8-6e3e898b532f,0.58259799933495,270.78000000000003
e7926399-2256-495f-969b-7229d0294584,0.58069583584165,207.77999999999997
146671e0-af7f-4e11-bb3c-8a0344aecd15,0.58742859359765,192.77999999999997
3d63dfca-4d03-4a10-9185-6fb12c5fb057,0.58623705342605,240.77999999999997
7ae4af33-3854-4901-b9be-483e1ffed4fe,0.5857081674055,231.77999999999997
3ffb8526-e07c-4fd1-84ee-ab7db88b9f0d,0.58813446041685,172.77999999999997
5a12bc75-a62f-42db-a52a-accfb128cb64,0.5828504758549,255.78
2c204be4-0da8-4ba2-824f-dcb1fbe3ced7,0.58343817727565,258.78000000000003
7484ae0c-c5d6-4b74-afae-bb52a76103ea,0.584540555328,237.77999999999997
fab0ac00-6fa0-4f53-813e-8fd5e2a63e1c,0.58576939810595,231.78
088afbf0-5794-4129-b16d-f7f545aac59d,0.5825664160629,230.77999999999997
4c1fbad1-781b-4323-816f-38d58c277313,0.5829706483539,256.78
a2d797bc-d8c3-4d28-95a8-df414646e5bd,0.58475328686615,211.77999999999997
66ce4d72-bbc2-4658-b69d-86b7b4b55256,0.58312334813605,252.77999999999997
985e3ab4-14af-473d-b92b-383eaaeb3f53,0.5852807142997,181.77999999999997
d8cfeae3-fb39-43ba-90dd-5c4afa7abd94,0.5842776614322,173.77999999999997
a5f95921-1a48-4460-9151-8b856b250bb1,0.5853178559286,209.77999999999997
e7259a03-eea8-48c1-9ea7-71ee6d253a7e,0.58069583584165,207.77999999999997
37b3977b-6b96-4061-a8e4-1207615f5c1c,0.58742859359765,192.77999999999997
72548135-3f8d-428e-90e3-0806726de22d,0.5828278116356,197.77999999999997
9dc64cde-6b00-4bf3-bb46-ae2e78a7edc9,0.58223783687205,218.78
639519e6-8103-4f50-8dbe-130783683983,0.58813446041685,172.77999999999997
6f5fd2a2-19c5-453d-b522-a5483ad43a76,0.58099678499645,269.78000000000003
e654de28-5ff9-4786-bf6e-f06b402ac97c,0.5848567425781,216.77999999999997
481aafd8-3d96-4be1-a63f-8cf4ef850eaf,0.58324859640035,221.78
f70f858d-42fc-4dc0-a6e2-46393e42c82a,0.5851003471252,257.78000000000003
bb7c35da-c137-4d93-a434-7901208c6880,0.58198058139745,233.77999999999997
5cac0486-4969-485e-84f1-58df721b63bb,0.58554557095505,224.78
c1fade84-b6d4-4b7a-8f2f-b2c6475f3e64,0.5820192626029,269.78000000000003
0e337656-3e53-4d67-9d60-17496d06b66a,0.58388100177745,249.78000000000003
0b414e86-d3ed-4a95-8989-785e037cc05b,0.58494249630125,239.77999999999997
71995c30-bf7f-420f-9196-09fe882aa317,0.5842776614322,173.77999999999997
7b51f0fa-bac2-4609-84da-986258b260c3,0.5835487159148,242.77999999999997
e6db665f-6d34-46a7-9539-7b27c93d7610,0.5863382524342,247.77999999999997
4bbfd963-16aa-4b07-9dc1-4272eecc95d0,0.58400083962665,220.77999999999997
2e0af82e-813c-48e2-bf14-9fef1d15810f,0.5828278116356,197.77999999999997
daf76778-cbd1-4394-9747-cc2d2b2524f6,0.58223783687205,218.78
ddc9d287-4bf1-4aa6-80b6-3d97fe51a226,0.58813446041685,172.77999999999997
dacbd56c-6322-4c0a-b2a7-8e229ffc45e8,0.5829902562761,192.77999999999997
10555ca4-69b8-4aa6-a3b9-87a8dce3c98b,0.5848567425781,216.77999999999997
7bbfd7b3-292e-43d1-869d-9b7a2cf5446f,0.5828278116356,197.77999999999997
dc9bb0f8-a447-48f0-90b9-927b474c0da5,0.5848989364181,160.77999999999997
8261d815-9dd3-4b52-99e0-60b2b609a7cd,0.58121524759945,201.77999999999997
60127176-0012-4d9e-888c-a7aae61ac739,0.58363634404515,177.78
998f1888-e4b0-4df6-bac3-2c2c01d1e1d5,0.5868750179926,185.77999999999997
2c39633b-11d8-49a1-bbb6-da9a1e9671c7,0.5822260139443,214.78
c8e0b190-68b0-4dfd-bff1-5b215f797828,0.58813446041685,172.77999999999997
c3001414-984e-478b-b6d5-c56f9062854f,0.5842776614322,173.77999999999997
4cfb3b27-5273-4ede-a094-524b18ad887d,0.58223783687205,218.78
79ed6976-99a0-4a6b-8a2c-078454e3bc09,0.585462037818,198.77999999999997
68c9265a-cca2-45e6-97c4-40f3407c1079,0.58400083962665,220.77999999999997
d2f59ef6-d1ab-4b24-9c40-6e20c5ad1c7e,0.58482442913595,213.77999999999997
be3a3ab5-c9cb-40e8-9c51-6aa12d14999e,0.5831724019181,222.77999999999997
24f07687-6765-4ea8-99bb-0b0e48550b8d,0.58617045425715,222.78
8612a906-838e-4937-9ede-775a71a9b82c,0.58461348451555,215.77999999999997
450c963f-4fd8-4585-885c-ac125fda0785,0.5831969023295,235.78
7b144611-f2c5-4061-9c0b-5c477a982203,0.5843410424851,222.78
b4114515-9616-4f9b-8deb-3bb669f713b0,0.5848989364181,160.77999999999997
9d2bd11c-3f5c-431e-81ff-dd119338d730,0.5825163634126,211.77999999999997
458b7aab-d413-476b-bf3c-6aa2e9e5aa9e,0.58209625571935,242.77999999999997
1cfaf3ab-e1db-44b2-a28e-479f49c1d422,0.58097802322775,203.77999999999997
eb981f48-de34-4e96-8bfe-eff520fed98f,0.58555382019645,251.77999999999997
8139cbb7-bde7-48c3-a849-cd096ff2c875,0.58404036373815,257.78
c8e868b8-3f0e-4a4f-a2c8-82bd5b95d38f,0.5842776614322,173.77999999999997
b0ef9173-a451-4a5e-8cf2-1aff256c9637,0.58664355765245,241.77999999999997
e0953b54-786b-49a8-a2f9-8746f394dbc5,0.58612496585615,213.77999999999997
45cfaf62-9739-42b3-ae8c-1d24e0c47310,0.58357492188465,271.78000000000003
72709205-c186-47c3-8a15-0b117bcdee0e,0.58482442913595,213.77999999999997
c6c30e6f-3acc-430b-9521-067eae2917d2,0.5831724019181,222.77999999999997
1ffd0dfa-72d9-47fb-b25a-9af081ae4a56,0.5871478951468,199.77999999999997
10cfb51d-e461-47f4-8edd-861c6cbf256c,0.5845514317389,202.78
88c56009-02b8-4402-8509-a7654d4f1ce1,0.58576393860115,232.77999999999997
1ec4dac9-56cb-41f5-bc20-4b3afff4daf4,0.5831724019181,222.77999999999997
4560cb5f-5fbe-4f73-9de0-df48916ce433,0.5848989364181,160.77999999999997
05947626-605c-4f40-bfe0-1e46dd43638b,0.5825163634126,211.77999999999997
184e6aa6-9dd8-41e4-a35a-8bbb12f4360e,0.5837393876521,198.77999999999997
ff4908c5-899e-4b6b-ba75-82d942d1e3a5,0.58097802322775,203.77999999999997
31801dae-9835-46f6-947c-8140db187195,0.58393184627355,208.78
6f62c060-19b7-4a19-817d-8d5f147e977f,0.5855060852976,198.77999999999997
a548f7bd-bd2e-4870-bbfe-abe2184ccf55,0.5842776614322,173.77999999999997
b4947b4f-b260-48e1-991c-e7dd90e1fc0a,0.5849183156685,208.78
c3c48628-f141-4fef-ae5b-feeec8eff399,0.58612496585615,213.77999999999997
d8999729-848e-4a8c-8b3e-fee2a49412dc,0.5845940144462,215.77999999999997
6d113a3c-b504-4955-8352-d58f77fd7469,0.5829344304335,278.78
079e9d47-8169-4c56-94f1-fc9b355cbc26,0.5873856704441,227.78
a1222aa5-15cf-4214-99b9-31cb31b8e731,0.58462895233825,207.77999999999997
63232aed-8136-4ddd-97dc-e35a07d0ef4d,0.58616810340255,220.78
83a8521d-8986-43d3-9aa0-d4e27251a553,0.5830425269566,227.77999999999997
fd414564-6dc8-4478-bfa9-ddace3ecf40f,0.58048054784015,275.78
8be15631-d065-48ba-8d18-e34bea138e4b,0.5848989364181,160.77999999999997
cdfe0abf-312c-479b-8c62-639b31e757b2,0.5820522473224,229.77999999999997
5ad478c5-0e51-4a99-8422-2faf53e8418f,0.58891636046895,197.77999999999997
dd8eacdb-5c58-4319-8ccf-5bba20f90325,0.58645980200635,217.77999999999997
af7741e7-2df1-4c58-aee6-95b2098c7c25,0.58768372043875,257.78000000000003
35daacd2-e878-425e-a4c8-11d0f439a5df,0.58276882681285,232.78
d1e26d1a-b437-4b4b-b610-b7ae6e468d3a,0.5842776614322,173.77999999999997
1954b1a1-a444-49f2-9778-500d84d0d3d4,0.5808171259512,229.77999999999997
ec45580b-a686-434d-bad5-8dcda5cedf52,0.58271127390585,212.77999999999997
d6d38391-be39-4b48-99cf-62f6ae20ea79,0.58417796201635,227.77999999999997
17538b9d-d9b5-458e-99ac-51cb4a482bb6,0.5829344304335,278.78
fa28b665-68da-400b-848c-e5f72ffd8094,0.58083738784505,211.77999999999997
f7f5461a-8109-4dca-96ea-c88d7786bf6e,0.58462895233825,207.77999999999997
88661815-c713-418d-b48d-a1d170d3a4d9,0.58673302576805,209.77999999999997
257bd7a8-908d-4dec-b0af-0f644708563e,0.5789662945316,236.78
975ae1dd-0d7c-49a8-a443-b016de753ec6,0.5873856704441,227.78
e22bc379-632e-4bfa-981c-1c297d69a801,0.5848989364181,160.77999999999997
f4d76b25-df8e-4fc9-b716-edbe20d1ac1f,0.58411788503405,214.77999999999997
e26f4f00-04b1-4d12-92bc-ed967ff44f1d,0.58891636046895,197.77999999999997
5fbb5ff1-956c-429d-ae0e-339b52dd75ad,0.58645980200635,217.77999999999997
f1afd8be-26eb-42ae-8c45-6fb813b3b524,0.5814512724561,251.78
29ab4876-d762-48db-96a7-e337a5551491,0.58169998102385,238.77999999999997
53b4f634-1b21-47b5-9063-709614a1af00,0.5842776614322,173.77999999999997
55b42df9-80e0-4ab2-895d-6fd9e2687e08,0.5829344304335,278.78
1ecce88b-be23-4236-bc73-75180ddb228d,0.58271127390585,212.77999999999997
9eebd17d-de67-47a0-9ea8-060be967a6f2,0.5873856704441,227.78
605fcc20-045b-4b41-a86d-f5302939bef8,0.58586438091685,237.78
85e98217-1626-4bcd-93db-8a2c56954fa4,0.58648773889115,247.78
15447e5d-6163-4860-a22d-d2990c387f6a,0.5834877094037,271.78000000000003
20e89d22-038f-48af-80f1-75f203b2e0da,0.58409744928255,230.78
d71b9cff-0c18-408f-8db1-18a43bc4ef26,0.583801312593,269.78000000000003
a2a47f74-2b65-4c15-a482-5b0e286f8259,0.5831959674911,197.77999999999997
9befc594-5db3-4f92-9b7c-424b46488880,0.5848989364181,160.77999999999997
76984ce9-c764-49ca-bb33-5bb6e447983d,0.58642935658565,297.78
32ce3c92-d4d3-42bf-a80d-3b124e3d8f9c,0.5855085930511,200.77999999999997
b6f9d297-bfd2-4746-9b11-89233e3ba4be,0.58497205886045,272.78
632b54ff-6ab6-45f5-8db9-ab15f199ecdc,0.58563265851145,275.78
7abfb7d2-71d1-476d-884d-61b36ae15aa4,0.58174897089565,249.78000000000003
21908964-8f0e-4b32-b8bb-107fd81c3912,0.5842776614322,173.77999999999997
b4d54bc9-ba21-4273-81c4-a4d283243a1b,0.58721694799845,198.77999999999997
e91ce507-ce40-48b9-8804-185f354f7b04,0.58501947054525,193.77999999999997
28163eb6-b4ba-442c-9e35-73ae8c5ef126,0.584326494635,261.78
15f18d40-a84f-4977-8525-9a21091f9051,0.58743646960265,243.77999999999997
7db40900-c82b-4493-80f9-2a8c289c057f,0.5839858430785,246.77999999999997
d953bba7-266a-4167-9b72-e8c70e0e3039,0.5832084248026,252.77999999999997
806bf420-41be-4ee9-95d6-3cf1b441718d,0.58586438091685,237.78
c05523b7-d571-40ac-87c4-56c52ff8c6d2,0.5832531028672,230.77999999999997
b9a3ef7a-849b-4614-acfe-533cbf1370d5,0.5831959674911,197.77999999999997
b9bc0eed-aee2-4919-88c9-e1fb56489981,0.5848989364181,160.77999999999997
7623317f-ac5c-4d57-b4da-eef0489ada84,0.5816448228062,277.78
aab11164-d132-46a9-bda1-a33f483a1958,0.5855085930511,200.77999999999997
2cc71c2e-bf5c-4f62-ba26-77fbba3e486d,0.5846171396157,226.77999999999997
bdeb07f9-76b2-4602-9acc-0854f3a6a729,0.58375162590325,185.77999999999997
c4198dd9-ad0b-40f0-8670-163781f44a9d,0.5836191957643,264.78000000000003
b9c051cd-b048-4469-8045-e293615b70a0,0.5842776614322,173.77999999999997
3f3fd7b5-9f3a-4896-b120-3dc7d32f22da,0.58721694799845,198.77999999999997
9b58db5e-f770-4c43-a66b-57acc2e72e38,0.58501947054525,193.77999999999997
b6dec3ee-be72-4f58-90ff-6531248563a3,0.5850616611402,245.78
2300b878-1ef9-4668-a2fc-e749804b5f26,0.5849145022169,242.77999999999997
6db36fdd-9f78-42ce-a9da-77557dd7ec90,0.5858478298571,251.78000000000003
1227a3d3-e050-4bbe-92ff-e88e8eedb3e8,0.58146914853205,230.77999999999997
acad72dc-9f69-4661-ba0e-1e47d0748d6d,0.5857706241985,279.78
9287df73-8bee-436c-a36f-589967515034,0.5837398224659,229.78
08b1a21f-d08d-4b9e-a8ba-20c4119dd232,0.5856775402666,242.77999999999997
f45d9391-79d8-41ae-8fde-4a3df5c2d4f0,0.5848989364181,160.77999999999997
40d77851-8e96-40b1-8ad8-b99e5de20fd3,0.58244638681705,252.78
147d056a-ab57-48b1-bf26-a1e819c0ae9a,0.58750625306145,188.78000000000003
1d39201b-7f31-4678-8d54-e3ba35226119,0.5855750730971,251.77999999999997
30c0b796-b918-406d-b5fb-65b775a0c55c,0.58110165250695,277.78
b7eca894-6162-45c3-8995-d3d8f6ed2992,0.58793810808775,246.78
69525608-f160-4d60-a783-7e3bfa79e669,0.5842776614322,173.77999999999997
f3f9d81c-57cc-4c1b-af1a-837e3ea880a5,0.58578261110445,250.78
f6fcdc08-987c-44cc-b80a-90887578de37,0.5844474725045,241.78
fe99aa43-47ce-49e0-bf1b-fa6670818b8e,0.58427066540465,276.78
b51b9a05-e6ff-48f2-950a-81536141e6cd,0.58343229237655,271.78000000000003
c67222b2-48a5-4b7f-b725-06cdb56383f7,0.5858478298571,251.78000000000003
536c1cdf-2766-427c-aa4c-6d5d55c51751,0.58146914853205,230.77999999999997
ca00221b-81a8-48d3-881a-80c54cc25184,0.58116475222715,247.78
9b9f2e49-6a0f-4428-b4c4-bee0af6466ca,0.5837398224659,229.78
9f1a8c10-b990-44c2-9514-88ded5aba0d4,0.58524201117405,296.78000000000003
c486554c-dec3-4d9f-8c97-da3f34526f8f,0.5848989364181,160.77999999999997
9f0c6c06-40bf-4b4e-b694-b9bf435f577a,0.5849145022169,242.77999999999997
e1fd170e-e849-4e59-adb4-230a1ac9d182,0.58750625306145,188.78000000000003
f8df53c2-5792-4426-bf2a-909c22cadc98,0.5858478298571,251.78000000000003
c0657f22-4f7d-49de-b670-118dd3674439,0.5829026064454,259.78
ed5c1c68-9c83-402a-a30f-c1040a038438,0.5858478298571,251.78000000000003
84bfa3de-f747-4d97-a578-b212f5c48b41,0.5842776614322,173.77999999999997
393d2733-f0f7-48d4-9c3d-b9f7d029c70a,0.58284427403495,273.78000000000003
b1c704d1-2a7f-49d4-9b7e-c9474df11f61,0.5844474725045,241.78
599eaf0f-805d-456f-b316-84467739eeed,0.58772792605985,249.78
660c784f-013e-4abc-b808-be704e4fd158,0.5847203821295,227.77999999999997
d1bc9b4f-ed56-4eb9-b3df-fb00650b2b4e,0.5808075586302,216.77999999999997
23cfda19-ffa5-4ac9-94dd-088067aca44d,0.5851414332044,253.77999999999997
40446d0d-d840-4d01-ac4c-b65307fc31f5,0.5831849709396,275.78
7d08a2ae-8203-4400-9f06-0bdbea309ce9,0.5826688854433,216.77999999999997
b890fc40-024b-40af-9137-081f70e33926,0.58579249010905,193.77999999999997
38a88353-beb9-4398-830c-8118ce8aada7,0.5848989364181,160.77999999999997
2d59ac19-f0ef-41dc-a6c9-c4d2e8dab2e5,0.5832215533832,241.77999999999997
e5ab4a8c-2038-4686-a0ef-208a5ec8610a,0.58323986734485,248.78
2aa12781-e888-4d77-93a5-d0515f83c44e,0.5836822088067,256.78000000000003
28dd7b10-851a-4410-bf96-6f316a0ded2b,0.58560685813605,214.77999999999997
8e60078f-33fa-4736-b8a6-510b99fbb67a,0.58401594914755,264.78000000000003
681ed442-9a4e-468f-a742-a1e5f84866d1,0.5842776614322,173.77999999999997
c1bd2be2-86fa-44d0-b254-926ba5f2ee86,0.5852335123694,275.78
0f3ab9e5-f6ca-44c0-b8a3-53247bd76ca9,0.5843712544069,231.78
23cd334c-d210-4e9b-9be3-b05d82fc4afc,0.5869779885999,227.77999999999997
ba8bb454-b6e2-43a4-ae81-f0504466f591,0.5859383279483,218.77999999999997
920fb31e-961f-4c7f-b56a-69e4ae8a4b85,0.5808075586302,216.77999999999997
cccee2b6-4a2d-4840-8d54-8c995c56662d,0.5844862976852,223.78
25371689-a226-432a-9cc1-1a216ab196a2,0.5808075586302,216.77999999999997
511fe303-cd76-42f8-8057-76fa8bbd9998,0.5826688854433,216.77999999999997
f4ce8663-69bf-4aa1-a9f5-3d1b9f59876c,0.58579249010905,193.77999999999997
df45831a-6d02-4053-a8f1-02d719687320,0.5848989364181,160.77999999999997
5b9cb51f-2b9c-4df4-96e1-0e4685e66563,0.58371395803585,201.77999999999997
7c029057-eff8-4d13-abec-c7ea0b7cb98d,0.5837474850554,209.77999999999997
87716a63-ef4e-4605-ac1d-2222e6247c48,0.5839018446637,223.77999999999997
58fa6283-4613-47d4-9136-20f22355079c,0.58560685813605,214.77999999999997
843a0d1f-78b7-4123-8614-af9daa321efa,0.5826688854433,216.77999999999997
f4a8ffa3-2c89-4b2e-88c3-60bc81bd1f9c,0.5842776614322,173.77999999999997
a04fa180-5296-418a-a6ad-ae611a9ae39f,0.5845217929197,186.78
f9b197bd-d419-4dbc-a06a-0415c6fcd9c4,0.5808075586302,216.77999999999997
282716a8-259e-4a8c-8a86-e4fe6be5cba9,0.5808075586302,216.77999999999997
a5fd8dc6-586c-4e72-bce0-72d978af04ca,0.58467467606545,228.77999999999997
f35b8b40-52b4-4664-9442-e5543d55461c,0.58292485409095,222.77999999999997
3db4e59e-cb2a-4141-9e95-8d2fb181eaa7,0.58604262558835,232.78
cf038343-2b56-46ca-8a1b-0008e50a4ed0,0.57998855844945,240.77999999999997
0e593cca-1a31-4bc0-9748-bc977aa34876,0.582490877365,274.78000000000003
0beda837-5e9a-4c90-b96f-23756cf3e207,0.5848957057736,200.77999999999997
314b0311-4637-4887-8904-726fa96ebf29,0.5848989364181,160.77999999999997
38e1c8b8-a1fc-44ae-875f-37591edc5e4c,0.5838759347048,265.78000000000003
24d9d60f-e37b-48f0-a446-b7ecd79b1139,0.58428693351,216.77999999999997
95a076f3-cb90-4454-9780-447278d106ff,0.5811702803921,282.78
5cd00e8a-38eb-4d1a-933a-43fd0b5c4c38,0.58546904114215,260.78000000000003
c1728c63-583d-421f-bfd6-ff773f0519e6,0.5862176047905,245.78
e98934c2-64b8-4258-8149-07d726b77916,0.5842776614322,173.77999999999997
78d4c8e6-3b5f-466e-82e2-4a1471fa8e0c,0.5806962981649,277.78
d98ee1ab-f20d-42b4-bd29-688e4cb4d077,0.5838482224094,207.77999999999997
87226308-c940-417b-844f-c3ea9fcbbde8,0.58255605041655,243.78
af4cfe08-2b16-4f12-a1a8-06cadf4c4e12,0.58352577377215,249.77999999999997
480b88b7-17e5-4bb7-8b6c-edd62f5be9f6,0.58292485409095,222.77999999999997
af34626f-de01-440b-a8d7-3c622ab29fbb,0.58343700376815,199.77999999999997
e699c1ad-1d61-42b1-a2cf-b1b6b3b21f46,0.58467467606545,228.77999999999997
69059dca-4d74-4437-b6e6-5f3539c1584d,0.5847726766185,232.77999999999997
f4f827b0-181a-4cd3-9236-3fc7a03e6385,0.5848957057736,200.77999999999997
ee5d49db-f9eb-4b6e-ba98-40526434105b,0.5848989364181,160.77999999999997
22c31852-d338-4c42-af2e-bc7e3289d024,0.58292485409095,222.77999999999997
e11b7377-71a6-4670-bb28-6d97cb90bac9,0.58428693351,216.77999999999997
17ca8b82-1b79-440d-ab7e-8d951c44943f,0.58050371699315,246.78
993a334d-fe40-410a-bffe-f3ba2ff14bbb,0.58410939715705,227.77999999999997
62379d54-d457-4553-8fd7-0ec2d4e57934,0.58292485409095,222.77999999999997
594bd933-be33-4371-9ac1-0be0660a3b72,0.5842776614322,173.77999999999997
8a16c568-e9c7-49ef-9c4b-72a415901cb5,0.5822326495446,228.78
58d5adfa-b8f7-4058-b5b2-7258dd58e4d3,0.5838482224094,207.77999999999997
e3425125-66b8-4581-9891-12623466ac97,0.58417314007355,225.78
fc0d9794-e326-4128-8bcb-8f8b54a9ba13,0.58497701995565,238.78
2d9814d4-e22d-4196-bd75-c219aaf0fbb3,0.58301594328715,240.78
fb6ea806-e278-4fa6-9f68-acf47bb69ae5,0.5853831295826,266.78000000000003
f4faff9f-1eb3-4e6a-90c0-a3320e59d0d5,0.5856721754398,182.77999999999997
83146024-2096-4bb3-8bea-b0965b63c344,0.5857623059761,245.78
4c738254-7c30-4373-966a-8b0938ad52ea,0.5831187189311,207.77999999999997
e6abccea-7cc3-4649-bb5d-1f98d238c8a5,0.5848989364181,160.77999999999997
98a0ea1c-e4fd-4ff6-9417-9e452f6d9051,0.5869809795005,224.77999999999997
0d5da391-08a0-4609-8d1a-e19a1d8e586d,0.581917837328,300.78000000000003
3ffe62f1-a106-4637-a457-b63eb8759fb5,0.58630318682095,229.77999999999997
a4467f65-d04d-4ca5-8b3c-d6ce130864ef,0.5840753701953,218.77999999999997
8e21c79f-5198-4ff4-b889-1505c89c63fb,0.58505089444685,267.78000000000003
3cf8a0a3-fa3d-4549-8297-5443570a238d,0.5842776614322,173.77999999999997
25430e68-96b6-4250-8bbf-80623684418e,0.5841930410451,235.77999999999997
f71b7ebe-e515-4a7b-836f-2dae967e951f,0.5843975571953,244.78
f1fdfc72-af8f-4c56-971d-ae179b9ce9ba,0.5821548468845,264.78000000000003
fda57804-61d9-485a-840b-73c94d0b6afc,0.5812623269505,238.78
b16640df-2ec4-4577-9951-d960c39797fa,0.58519448576925,228.78
d6c41669-09f9-485b-849a-744715815028,0.5814690419883,268.78000000000003
46175575-bca2-4ec0-b596-f4028bfe73cd,0.5856721754398,182.77999999999997
0d24e4b1-d91d-4d12-878b-7d2cfd3a2e59,0.586499032304,241.78
f9ed7a92-4660-4405-9f95-3cfc176e90d7,0.5831187189311,207.77999999999997
73e8ac93-cd5b-4bb2-a450-0b4e5de75369,0.5848989364181,160.77999999999997
5dde7dab-95d3-46e7-89ad-e546c01e7bf7,0.5869809795005,224.77999999999997
9adbccce-69dc-4deb-a903-5a3db730b803,0.5855525356628,274.78
64f5792e-7c57-46ef-90d4-2739ccc643d7,0.5859136366759,249.78
054d33c1-5fba-4a1e-9817-3cccc95df1cb,0.5840753701953,218.77999999999997
d1608b91-073c-4f7c-aa33-612b7edf2fdf,0.58469834167355,265.78000000000003
abef76c9-0fe0-4992-b8b5-ab786ff53eee,0.5842776614322,173.77999999999997
50a90441-d634-4368-875f-695edbedbd54,0.5857890703006,243.78
5507661f-bf02-499a-9d60-4566a713ccc4,0.58443560287305,253.78
5eac935f-62f2-46f5-99e5-7e768117ef26,0.5849767932323,255.77999999999997
42c7875b-b654-4ecb-9955-268c9e6d5e86,0.58436638729275,226.78
21acd776-f813-414b-ae72-45073370decc,0.5836748991016,232.78
3034b409-eb5c-409b-a6d5-7fc8eeb80700,0.58427130297715,229.77999999999997
20f7374e-7ef2-40ac-afbf-d7f8880ac5a7,0.58339205394035,254.77999999999997
bc8b052a-1416-4c42-ae3e-3d771d351b1e,0.58292449347455,286.78
4942b76d-9753-4b45-b4ec-7e15eaf17c34,0.5837275279689,249.78
bee879d3-af41-4530-8c56-9962486f66c4,0.5848989364181,160.77999999999997
273563cd-68a2-4272-aaa7-5d474103c6d0,0.58859629146425,240.77999999999997
a2447505-c878-4b46-81c1-37741da1d484,0.5880190946021,221.78
90fa544f-94f3-474e-91f2-a3e08eeff3d1,0.58479613211775,258.78
36cc2def-3461-4778-86a8-5412ce30e7a1,0.5847235424384,211.77999999999997
a834cb6e-cfb6-47b3-baeb-2c2c8b246777,0.5859079619297,206.77999999999997
7c6cd758-32f7-47e5-9b94-5c6ed84ea57e,0.5842776614322,173.77999999999997
c22caa86-e543-4b24-9fb1-089375f9ad64,0.5865420346161,252.78
4a1a0dec-c3f3-4bb2-be6b-78d5f3d70b9c,0.5838788278868,228.78
9b267b00-bb1e-4bce-a3ae-a4e6d9a5d7f5,0.58494514011155,230.77999999999997
feefbda5-8023-4f08-ac30-552b5c05d7e9,0.58436638729275,226.78
04ad9429-66b1-4dac-b641-67e33cacd9d4,0.586319649422,187.77999999999997
72014b53-9a56-4aa8-b6d6-e218d2acda69,0.58730527096465,242.77999999999997
03b02ec8-4ea2-47b4-9c83-4457f8d6c1fa,0.58115243074715,237.77999999999997
ec9c80cb-8877-4811-9d5c-2d25bb5df27e,0.5836748991016,232.78
94893d77-0b9e-4826-a0b2-98e6eb82fd24,0.58629158339625,234.78
73a7ae43-6f91-41af-a28b-77f741e2ab02,0.5848989364181,160.77999999999997
007db3e1-1b75-4b18-9a44-d485ce13c5c1,0.58158135020725,239.78
a676e452-1c76-49ac-bd94-5ff30e327ed8,0.5880190946021,221.78
c498a95f-2e0e-4c6d-9a3a-bc55680574bc,0.5878851257062,227.78
2c41b924-1011-4695-9473-d1c876b4d2b3,0.5847235424384,211.77999999999997
c38a2442-9621-4c7f-94cc-2171e3b88795,0.5859079619297,206.77999999999997
1436a727-fe91-40c2-b15f-55eef981e91c,0.5842776614322,173.77999999999997
f22071b8-8062-443e-8e6d-01d19a7027b8,0.58271653128225,216.77999999999997
a108cb19-7c60-426b-8478-ca0f70106237,0.583994604854,227.77999999999997
57b8eb95-b6ab-4b90-a38b-afb83a6028d3,0.5836748991016,232.78
399a9138-c774-40bd-af5e-9e63f043710d,0.5833193856309,248.78
2689262e-424c-48cd-b067-23825da86342,0.58454961041735,248.78
cc509ef7-8381-4868-ac8b-d4e23cfd2eaf,0.5803726865168,258.78000000000003
831ba34c-cdee-4822-8788-3d2dcc890c9c,0.5851751493313,264.78000000000003
7903b615-5fac-4162-bac1-ed0872edd292,0.5835809231169,230.77999999999997
dd56b439-158f-4d6b-a94f-388758461dd1,0.5851831404365,238.77999999999997
09270f82-c515-4e66-8319-982c13776ed3,0.5848989364181,160.77999999999997
f31e32ab-5e84-4948-bfa2-3d2efd277987,0.58198980060275,197.77999999999997
cfdc56c3-191d-4269-99b1-5cf014bf071f,0.58304354804975,259.78
19373038-ad68-4759-9cec-e362a9d8f806,0.58595758795835,213.77999999999997
4bb0b6cb-7e6c-4976-8a5d-5fea0e210fd6,0.58397353164135,256.78
572af05c-4c1f-43da-b73f-578176f3c456,0.58695281112715,195.78
ae8d679d-9a71-4d55-9e5d-25bcbace9e9a,0.5842776614322,173.77999999999997
2dcc3ad5-eaa8-4981-bae5-7996f764b769,0.58249803812255,271.78000000000003
30fa0097-b1e9-4ee1-89f2-7234ab6a3761,0.58165905979255,278.78
c9240f69-8016-4d85-8666-4dff44b631ab,0.58765760477685,244.78
68003f1a-eb3d-4b75-a88d-95dc27015cf1,0.5851751493313,264.78000000000003
1a53b976-55d8-4daf-a612-e8569042ae28,0.5840256615844,254.78
909f959e-0f70-4253-8aeb-c1317548f374,0.5860657682283,261.78000000000003
da584ace-6684-4007-ba7a-36aa5d0b733c,0.5851475887327,240.77999999999997
5bcf0737-7b0a-4b7f-8b98-fa2fab313ec9,0.5835809231169,230.77999999999997
e371ec72-79f2-4499-9b70-c2bf8355051c,0.5833193856309,248.78
ebeb2e71-c6f8-4e5e-9811-2e56c037fdd2,0.5848989364181,160.77999999999997
99f94f84-e0db-4d15-9ef1-24c53371207a,0.58198980060275,197.77999999999997
2dbdd7e5-331d-4faf-82e0-2826a567b9aa,0.5844893133294,278.78
6f035c71-80eb-4025-80e6-59824e505525,0.58595758795835,213.77999999999997
f30e705c-56f0-4eed-a1fa-27a8d318954d,0.58454961041735,248.78
0a2cbfd5-bfc8-481f-abcf-f4c82c2595e1,0.58695281112715,195.78
fca101bd-f430-45c4-b41e-7a0b598f6451,0.5842776614322,173.77999999999997
2259dbd7-e179-4394-8f36-8ada25a198c6,0.5821120787725,221.77999999999997
fbe40350-9846-471d-a247-e80f11807243,0.58110872621625,239.78
8b9f487d-cdc8-4155-b030-971d095da45f,0.586105071527,236.78
b52d2545-e5bc-46df-a921-ef32b9bef403,0.58606354050615,232.78
5de4dc71-9844-44f0-9472-71158771e18a,0.5839791328214,239.77999999999997
34342162-8864-4976-af4c-282cb5f5cb67,0.58479774578095,185.77999999999997
f5b1b35e-ca9c-4456-8f9f-563fbc5935d9,0.583430114587,251.78
494f57b1-110d-44db-b7d8-9f084f78e546,0.58469383958675,261.78000000000003
f2fed404-185b-4182-8456-41566529e2c4,0.5830438233514,227.77999999999997
83f858bf-e882-46b7-8ebe-67cbe8fb405f,0.5848989364181,160.77999999999997
f2a00eb0-e163-41f9-8b1e-5c36ff0c3c8d,0.58408127277605,212.77999999999997
0104676d-80b6-449a-b3e2-58084ff4f506,0.583382681288,211.78
a15136ea-e9b7-417b-b9e9-e77166e5cc59,0.582168253776,219.78
aa485e95-59ea-41bf-a726-8e20b483e465,0.5851002094549,223.78
64f82f61-5425-43d7-99ed-3c8651925b32,0.5809395200706,273.78
7872d919-4d22-4c60-970e-f531a930b18c,0.5842776614322,173.77999999999997
4b7dcb49-2304-4248-b6bf-4d4b58f10655,0.58711036729045,222.78
8c5c7515-6dd9-43a0-a6d0-51ba53c8c52e,0.58423561965605,217.78
e5d25fd2-95d0-4729-8204-17fa46ef850f,0.58532970948065,245.78
3ddea8a3-1f49-46c3-b61a-208964ed8fab,0.5829259207589,259.78000000000003
d5caa0d3-f6cd-4477-a485-942f144673d6,0.5839791328214,239.77999999999997
c99aa68f-6c7b-47fa-9ef3-41a692c12bd9,0.58479774578095,185.77999999999997
18b80d34-664f-48e9-8f47-0522d74b0a77,0.58479774578095,185.77999999999997
5b05a91a-3657-405b-bd82-70a6f0e8f911,0.5855013700296,189.77999999999997
98b4ccf8-d72a-4918-b261-66e1ccaca4b3,0.5871187292226,210.77999999999997
c5ca6bfc-8ef7-443b-9acc-8c4bf9e8dd83,0.5848989364181,160.77999999999997
e4e49aea-40ec-49d2-a2c9-f18f4d82d227,0.58408127277605,212.77999999999997
0c1ebeef-72f8-4434-9ef8-e2b60d68aa6a,0.583382681288,211.78
81c19f80-4d96-4f33-99ee-274e756f83c6,0.58479774578095,185.77999999999997
8fe07602-c66b-44cf-8b0a-03aba5d1eb2c,0.5868881773784,244.77999999999997
9b4d1d9b-ac6b-40eb-9142-96a14d327b2e,0.58403429824565,244.77999999999997
e9a2ed79-c502-4710-b64c-8fe3fecfb7ce,0.5842776614322,173.77999999999997
e01657b8-3c83-4c6f-a211-766aa18a5f0d,0.58175325473645,206.77999999999997
081331af-0bff-471f-85ad-f1ddbe5f6076,0.58423561965605,217.78
082a80e5-13e8-4def-9cad-2408045aaead,0.58469383958675,261.78000000000003
b3272f42-a4da-4533-b801-6099de7d31b7,0.5840141464909,216.77999999999997
8320832d-a31e-414e-92ef-b1b99e0408f5,0.58537674558795,248.77999999999997
a2ccc02f-5a9a-427f-9762-e64f79483401,0.5818484062326,237.78
0dae02e6-3e10-4630-b9df-2240f8298d37,0.5836620277524,241.78
b988e6d3-cd08-4261-93db-d86be6f68381,0.585672084283,223.78
23bdad75-6499-4597-9436-3a26aa9e2ce9,0.5822527029995,270.78000000000003
236d3f7b-6704-46d3-b701-5fd6fa51543d,0.5848989364181,160.77999999999997
f8f90ca1-b1dc-4fb5-92a7-ed06e883df67,0.584632206224,240.77999999999997
dc7e468d-a969-4070-9ac2-22de19675168,0.58165789240785,272.78
0a654706-3199-467d-88d8-cca34db74102,0.5873182123966,224.77999999999997
99f1b4b0-bd83-4f8b-829b-7ddc6e5378d1,0.58384442149835,235.77999999999997
760af512-bf7a-4742-960e-bded227e23be,0.58537570018495,268.78000000000003
198dcd8d-1bba-4d20-9222-2003748e2ae0,0.5842776614322,173.77999999999997
2708cac2-3674-4f94-aa20-03dc193d2818,0.58293735699645,271.78000000000003
9c39cf06-f500-42e7-9a3e-58f08d97ba63,0.58374692581775,238.78
c9b1071b-de64-442e-b5cf-25678e96cc37,0.58565635241885,201.77999999999997
ed6a1768-3f74-4268-86b9-aa087a0dfa03,0.5840141464909,216.77999999999997
d1f0e8fc-48bb-4465-890b-d10a803ac537,0.5829576862837,249.78
8728f5d1-27b8-4cc1-bc83-70f1e9b5c07d,0.58569051506785,228.77999999999997
9a6fc71b-f6dd-4b2a-ba9e-fb9c781f5c51,0.5844997311572,231.77999999999997
a6635dca-362c-4639-be85-1c61fb873dc3,0.585672084283,223.78
71777cb5-a13e-4dba-87b3-3a54f5d8736b,0.58591876348265,267.78000000000003
d290b0fc-dc52-44eb-bd8b-80f62242632f,0.5848989364181,160.77999999999997
d0387b5c-8a78-499f-93b3-8a28036760f7,0.58071882809905,239.77999999999997
7885d645-b437-4d01-9ae6-0c6cc8c075a6,0.5846189440544,229.77999999999997
adff8e5f-7f93-4c35-807d-6f844309aeb6,0.5873182123966,224.77999999999997
f0e067f6-774c-4876-946b-3838b8bc6a82,0.5824763125545,240.77999999999997
e7c49e40-e28e-48ae-8705-06b373733e1f,0.5835582195311,213.77999999999997
1a510741-2f42-4deb-aa29-98da268d78cb,0.5842776614322,173.77999999999997
019544cc-30aa-4b4d-a345-d498c7e3a323,0.5858359049897,252.78
82f7ad7d-a012-4471-849c-70ada3a6e843,0.58597161106935,225.77999999999997
640c3d8e-fdda-4d1e-9c29-de5d601daa97,0.58565635241885,201.77999999999997
53c11dfa-0198-49e0-81ca-75de4b247e6a,0.58692250774215,197.77999999999997
eb159823-1e09-429b-ac30-a3bfab5ff864,0.5820787204484,238.77999999999997
62799cd5-d5f8-4211-92d2-5345dd856fb8,0.5830868387894,242.78
410e8239-f8ba-4e96-94fa-a5d1f24443cf,0.5813369249277,290.78
816bf2e8-2be8-42db-bf16-79e1a62e4444,0.58500179816445,255.77999999999997
ea0fcd6d-8576-48b9-a3b0-696cf9d54b41,0.5873093605086,283.78
e6a8bfab-cf73-4af0-a565-5ae9880a8f9b,0.5848989364181,160.77999999999997
b4857c22-3787-4cad-9f49-e35f049623a4,0.5848560462607,229.77999999999997
2c7c74cd-12d1-4343-9d61-ab5fa43ea2f6,0.58002014134015,237.77999999999997
50068d3a-a27b-4419-b290-d20be411e45c,0.58416037091585,215.78
f66530ad-caea-499b-965f-a924247a140f,0.5814571694673,229.78
d090e93f-9270-4df6-93dc-ed6cf4733f4a,0.5820069694481,239.77999999999997
e9450ba5-20fc-4811-a076-b681f383d137,0.5842776614322,173.77999999999997
834ec9c6-0d1a-4b68-8a0f-cccdbaad2830,0.58296803591865,204.77999999999997
f0eff5b8-d844-47a3-b72d-4f350824926f,0.5836695777836,232.77999999999997
a2978838-73c9-445d-8e11-018f236e7f1f,0.58439805833875,257.78000000000003
dc3cd0e7-4474-4517-b792-28e71666c92e,0.58692250774215,197.77999999999997
01981cb6-86e8-4668-b19b-447db9cf79e3,0.58595548602015,193.77999999999997
13f8aa7b-718d-474f-8255-a0ef03f4b961,0.58343632094555,197.77999999999997
18b64cd6-94df-4c55-958f-f2c117d16dd4,0.5832659564097,214.78000000000003
1e78154b-d419-4c8a-a694-ad697411dc00,0.5853048106032,193.77999999999997
b1002fa2-e78b-4c47-bcd1-744fb2200f74,0.58692250774215,197.77999999999997
a8c8ca5e-80bc-4dbf-be4f-ffa777d63d7b,0.5848989364181,160.77999999999997
fc2f1a40-c2fc-470d-ab10-2e1e6b1b4273,0.58340206406265,267.78000000000003
c453a6aa-cc60-4c60-8f79-a596e086a10d,0.58187649379395,264.78000000000003
2b478caa-88db-4fae-92d1-d2ec08b8c150,0.58416037091585,215.78
003e05d0-28f7-4fbf-a9f4-0bc7a4994f28,0.5814571694673,229.78
b71794e5-6a65-44d7-b1ca-1740e9164f6c,0.5875986155496,246.78000000000003
481eb346-96c4-4794-9b03-974665ef6329,0.5842776614322,173.77999999999997
3a070118-4ce8-4189-af9a-eea9c55ee054,0.58296803591865,204.77999999999997
b61e00f0-f6d0-4fe8-833d-26dd8c20493e,0.58692250774215,197.77999999999997
852d0379-a14c-4880-a674-0ffe0fc83411,0.5865199583088,254.78
4121efe9-a30c-4769-a8b6-17dd6508ece4,0.58321558489785,260.78
e20b741f-d0d1-4cb3-a3b5-05ba77523e5e,0.5826851967992,241.78
e80229b1-461a-47e7-bf4f-1ef805c906c6,0.5822525605648,258.78
ca36ca48-3087-4cef-a8ca-c8993d8923a3,0.58650208757405,249.77999999999997
48ff4a79-909a-4341-bb79-f025c52db297,0.58219097918225,258.78000000000003
8ee24db8-d012-4e8c-ba87-2715a5208d02,0.5857186471599,220.77999999999997
f7e1b02c-78c8-4d5c-b5e7-899b293a71ac,0.5848989364181,160.77999999999997
79805e59-5ac4-48e9-b948-3398d43e7bc5,0.5831010557507,224.78
6aab4ed2-9288-4881-ba4e-6b77d5b9065d,0.586327305526,223.78
b0d675aa-5194-4100-bd85-c8e420086154,0.58267131041005,219.77999999999997
d8e56df5-6b57-416a-978c-0618b23c24c4,0.5820492856008,286.78
d73d81df-ec3d-46b2-98e4-175e831467bb,0.58316005546845,267.78000000000003
bffc759b-beae-44d0-917f-42bb41159aed,0.5842776614322,173.77999999999997
3b52b447-dd44-46af-83be-97617dfbbe5a,0.5843922295115,231.77999999999997
f14d37e9-b381-4eab-9b8c-59b81286169c,0.5831771157272,248.78
9cfc333c-c02c-4694-9cc9-8297c68e70d4,0.58346777653995,212.77999999999997
8e53b123-02b9-4d07-8fc4-f648542ebe1d,0.58517284010765,260.78
3fef4ce5-d7cc-4473-ad11-71c28c3c44b7,0.5826851967992,241.78
569880ea-c422-42a7-9c81-70f0452b25d8,0.58794275009275,253.78
86d8b3a9-20ff-4122-948f-27b10b41e3ea,0.5800093594285,256.78000000000003
a7567370-a423-41f3-b134-8cf2ba4230e8,0.58355828895,222.77999999999997
c0a867ae-0358-4424-9896-c2008d3650d2,0.5857186471599,220.77999999999997
18024527-e5ce-4028-ab1f-fa3792b73d15,0.5848989364181,160.77999999999997
ecc35df7-972f-4edd-853d-09821804d005,0.5831010557507,224.78
74c3fd6c-0f9a-4970-b9ab-9f45dba93c49,0.58401432957915,264.78000000000003
2ceaca7c-1cfb-4591-93d2-68f45374212a,0.58267131041005,219.77999999999997
8461b0f6-0731-49b2-8982-ac09c6479d9b,0.58450299475945,247.78
436603a9-7928-49cd-a047-27b3b45b4aad,0.58321558489785,260.78
d96cca0e-168c-410a-aa49-21700a8d7e1f,0.5842776614322,173.77999999999997
e2667376-b19e-46b3-bd38-4474bd5e799a,0.58298556609635,281.78
71df927e-9ce7-45cc-a732-973c8d9c4bdd,0.5833568659718,281.78
d3d64d56-51ce-4074-a74a-df1e4626483e,0.58346777653995,212.77999999999997
f58ca597-7ae5-48f2-a160-d7e40864b0f7,0.58264033290825,241.77999999999997
2aa1ce25-73cb-4906-8b71-72537e35652d,0.582268907875,227.77999999999997
c662bc8a-0877-46b3-abf7-98a516005a31,0.58851211708405,258.78000000000003
79e1f4a6-77cb-40d2-ae63-dfc6870bc72f,0.58735115768525,199.77999999999997
83082073-697f-466e-94a3-6bb0a979a30f,0.58291562290565,264.78000000000003
9fb6c167-fe49-401e-9e95-79bb65df89ad,0.5867976965273,208.77999999999997
ce5daf38-5cb4-4866-ac59-87755daa5493,0.5848989364181,160.77999999999997
53885cca-ea58-4538-9909-d21b2b7814da,0.5823107388506,232.78
83e2b57f-9b09-4d40-b7b0-c679be4b64f3,0.5840462162056,248.78
2e4bae19-2871-47da-bb03-f35808684a70,0.5878989636198,220.77999999999997
84cbb056-cdde-4378-8cbb-90af57eeea75,0.5836414404243,229.78
f26def8a-aaab-44f8-9394-1f875b8452c5,0.58295767774285,215.77999999999997
c27b16f0-177f-4d3d-8232-9b119e6194cd,0.5842776614322,173.77999999999997
fff1d976-bc52-4219-84ff-41a0074f0cff,0.5855190056516,241.78
26645bcd-fb24-4386-a6fd-f176f5426420,0.5840885406109,229.77999999999997
7af3e7dc-6bf8-4aec-b4aa-5ace4162355d,0.5840917598525,284.78
af2473f2-0607-495f-ae4d-1ab2602fedf9,0.58264033290825,241.77999999999997
f86afeca-7eda-43bd-a122-7c03f6fe3425,0.5827927471829,248.77999999999997
a1942599-d680-4b56-969b-2ee56e67ed72,0.5840050903104,242.78
883003d4-4f26-4445-86a4-87d8863c1545,0.58735115768525,199.77999999999997
6c50e83c-c69f-4608-9305-36457531a28b,0.584515040854,216.77999999999997
0e040ad7-32fe-4975-bda6-9c0af64d24f6,0.5867976965273,208.77999999999997
01e9048d-8474-44f7-9321-b8577a903349,0.5848989364181,160.77999999999997
d7e2ca53-fc4e-45b2-9ac2-f86a88410e81,0.5840741171529,247.77999999999997
b7279fa0-6a6e-441e-8971-2fff861d0877,0.5842527484632,213.78
5a05cdad-6c18-496d-8f33-68489248aae7,0.5878989636198,220.77999999999997
857f8f4f-fb06-4812-bedd-746707c39d7c,0.5845148410561,178.78
b57974ce-2e8c-4426-88a8-370db258ee83,0.58295767774285,215.77999999999997
95bcebe0-01c3-4e9f-9b4c-c9dcd131770d,0.5842776614322,173.77999999999997
738e5e1e-b37a-46f2-819d-8214f8f9f246,0.58256065682345,230.77999999999997
c91caee7-6b49-4ae7-8790-9dfb890cca34,0.5837122370567,271.78000000000003
937c76dc-a5c3-48fc-a03a-722d8aaa0f69,0.58430417488715,251.77999999999997
e705a63e-b8f6-41c4-a763-2f1c1d64b6c7,0.58263999081645,216.77999999999997
702645b1-6380-41d2-85f3-e498ed93aa1a,0.5869564589554,232.77999999999997
3af29014-c5bd-4991-865a-a45f1fef5e97,0.5859733591386,187.77999999999997
e53ffa45-c11f-478e-9e41-cc2c374e1c7a,0.5862529440974,225.77999999999997
9b7c4551-dcbf-4748-9975-0ac7bffcac47,0.5845233880602,234.78
356c8ab7-b2c7-42b3-892a-84c2b02843b2,0.58257166330145,225.78
fd8bb320-8585-4d67-ac81-6954b1957a6e,0.5848989364181,160.77999999999997
6d1d793a-3d96-41ea-a9de-bbaa6efbe1c3,0.58085380990305,246.78000000000003
8e0bd34b-0f45-4aeb-bd0f-14b02172b7f8,0.5857262515677,265.78000000000003
facb99ec-fc8f-422c-bc8d-ca18580e5c30,0.58609528427075,279.78000000000003
260c36f7-e856-4c29-9382-a31759dab5cc,0.5833905878197,227.78
3c5edc59-bbca-4ecf-a25f-617f5ed83fd9,0.5855760744119,205.77999999999997
4d62a436-8e37-4187-8c4e-f29810266c36,0.5842776614322,173.77999999999997
360a9bd1-b4d2-48de-b5e4-98159cfd8892,0.58043950512025,284.78
ba717530-3ef4-4173-bd8f-578b37a59e53,0.5851476314387,189.77999999999997
2d7870dd-4719-4d95-801e-397080a6387a,0.5857063881216,221.78
36ce6da3-fa0e-4d77-9594-c9ea37785963,0.58263999081645,216.77999999999997
bec79d84-8180-4669-89b5-c86f7b43fed5,0.5839905840727,221.77999999999997
073dbe1a-9750-47ef-a390-555017232db2,0.5859733591386,187.77999999999997
9dfb4059-d883-43d2-8e5c-411a88344bc8,0.58347126319225,205.78000000000003
7f5738c6-f2ec-4f87-8a6d-83ab45458b49,0.58174375794695,178.77999999999997
a413c288-7a52-4d97-be2d-dfc75c979631,0.5845885408792,221.78
06bdd9a1-a089-41f4-a9a9-cabce1c8661a,0.5848989364181,160.77999999999997
07c77edd-a1c4-4c5a-8122-e7382acb15c9,0.58263999081645,216.77999999999997
d8ad9ecd-3c02-4aa9-acaa-8c5af64efc89,0.58568875488255,199.77999999999997
c26bc910-57ce-41e6-8249-f6bb14bf3c5e,0.58263999081645,216.77999999999997
d2600cde-2f97-4ab8-bff1-4f540ae7a80b,0.5847595490424,199.77999999999997
f98da67e-97d7-4208-b6f4-5543622993c5,0.5855760744119,205.77999999999997
dbf89187-ddb1-4063-ba70-8ab8f30d87d4,0.5842776614322,173.77999999999997
1803c976-2661-4196-a38e-b74cdf3fdd12,0.58583644639085,231.78
15b41b09-ba9a-46a9-abbd-1a6525c2d26c,0.5851476314387,189.77999999999997
b28ffd3e-04b6-4cf9-9f8b-4de92a5fa33f,0.58263999081645,216.77999999999997
f69e5cc4-331a-4aeb-9e1e-c5f9701dc9c0,0.58516032443475,224.77999999999997
072f6a2d-a9f6-4b6a-a784-ecd66de7192e,0.58490780124625,204.77999999999997
c48fbf33-74aa-4746-b6b5-310c4983ab1a,0.58692514903885,219.78
9b173307-854a-4972-82f7-57d436ac314e,0.58464661904525,244.78
51f9b760-a685-44dd-9782-a902cfc1e07b,0.58387029155345,241.78
fe572b0a-2292-43e6-8cbc-08074cc16cd9,0.5823526651244,229.78
f758fa42-d389-441b-8db4-fec0ff0c6f23,0.5848989364181,160.77999999999997
2ca6f0c4-9c98-411f-b963-d9503d1e4138,0.58398277168705,250.78
9f919dde-6856-417d-9bd1-960e781c7156,0.58352041753795,199.77999999999997
16fab6da-7e27-4a73-bba7-60df2a6520b4,0.5841636918765,275.78
bfadc2e9-4a4b-4155-966c-febffd1607c3,0.58469233165005,218.77999999999997
7331e092-e4ea-4457-ada8-ad4f64bb2f14,0.5832359273992,259.78
1ddbff4f-15bb-444f-9a28-287eb76c9fb0,0.5842776614322,173.77999999999997
cb98fe2e-49b6-4efe-99fd-00e27e488c39,0.58467210346415,227.77999999999997
7d2908a0-c0c5-4966-83ec-263e6e1e877e,0.5821811770775,240.77999999999997
f3693fa5-e35d-4769-b22b-01839a54262b,0.58731355402505,241.77999999999997
3410a41e-c9e5-4d74-b16e-5446e4c50e62,0.5838210366791,218.77999999999997
fcc709dc-08d0-476d-ad40-9757bff1ce88,0.58490780124625,204.77999999999997
af8c0890-f4e2-4bf4-8234-7fcb32797b4f,0.58692514903885,219.78
7e120d44-a6b7-4e4f-bd49-fe3a17310dba,0.58516032443475,224.77999999999997
3a37d576-fba7-470a-94a7-eeb04f7631bd,0.58412503829115,243.78
02962ca3-4460-4d17-b302-242ef479a3dc,0.58183187613465,226.78
bac9a8cc-5021-46c1-985b-e396ac500626,0.5848989364181,160.77999999999997
62ff7857-e2e8-450b-8ebc-c8f44cefe7ea,0.58684522469115,219.78
06b18f1c-556e-4ced-b846-3a87818fffc4,0.58352041753795,199.77999999999997
643f6385-2001-490b-9d8c-b796ee5f8a3d,0.58393048874875,220.78
1e48a22a-9b7c-4644-8006-0edd1d68d6a5,0.58469233165005,218.77999999999997
b7ad9dc2-6534-4972-9c6d-06095cf5602c,0.5846525316699,227.77999999999997
78460913-a279-443f-aafc-a24d4e4f8061,0.5842776614322,173.77999999999997
837a31be-2462-4793-9814-bc982f797b63,0.58493083775615,219.77999999999997
5db378ac-c208-4b00-a323-6635e58847c6,0.58464661904525,244.78
1ef2440d-9d84-4a7a-996e-80e92bf41559,0.58458162260225,206.78
b44979f4-faec-45de-8dc1-fc75411e0d86,0.5854912989787,230.77999999999997
a9634701-95a3-4e88-bc1d-ac22459cbc12,0.58382455392515,265.7800000000001
fead9162-49d2-4954-94d0-350d4c6d4915,0.5849641473962,267.78000000000003
2b7cec3f-0ce7-47c4-a325-43fe88934d8c,0.58470875129925,257.78
29254434-a10f-4ff3-8f3b-7b39ed72cef7,0.58786653048555,199.78000000000003
d19d66fb-5b03-47fe-807e-47be07475e12,0.5873734593765,224.77999999999997
5b1a9026-b874-4eb1-9e17-8889b09b990b,0.5848989364181,160.77999999999997
4764e621-7640-4413-a7ce-0ca7f2c211e7,0.5852668169213,235.77999999999997
cc3d5e4f-c44a-4e7e-9a2d-73d81f8b4d8e,0.585872064016,293.78
9766f94f-2648-47cf-9cc9-dd5447e171be,0.587206009925,228.77999999999997
1620b607-32a9-4002-81a3-2042e6d1ca39,0.5860079594382,259.78000000000003
251d6e56-bad6-4601-ad3a-a0e3e05b4921,0.58334215369305,246.77999999999997
4c212d57-0b9f-4266-860d-4a596cb6097a,0.5842776614322,173.77999999999997
adc4ea26-cac4-46a2-88d3-7c2901457170,0.58087483310095,300.78
3544f7f8-c4d2-4142-a5af-b187133ebb54,0.5853990662073,208.77999999999997
7eb075a3-4108-4791-a193-4cd7d58b0fed,0.58366109120465,252.78
25517877-f028-4ad5-b939-b932bc4ef060,0.58592781482615,252.78000000000003
86ff83b8-a4bc-4269-8f63-2c2f6edb3f28,0.583886688283,249.78000000000003
d912bde0-5e38-4e1c-ae0a-b8d2edeedc2a,0.58418888977995,234.78
68d10c9c-c11b-4663-bb78-222cf3e8c380,0.5854912989787,230.77999999999997
daea0c4e-74f3-4a27-972d-ece03302cb93,0.58786653048555,199.78000000000003
e247e1da-3cd4-4e2c-affb-92900c139c77,0.5873734593765,224.77999999999997
816122f2-8335-4a92-89d1-c9fdd6f65ecb,0.5848989364181,160.77999999999997
df2c3717-2ac2-4324-9b7c-6d7fbd38d3a2,0.58315699029735,223.77999999999997
8cd4a68d-4bf5-430c-a479-a505bda4958d,0.5859814553709,267.78000000000003
1bdb443c-5602-41b2-ad81-d46f89bc9f74,0.587206009925,228.77999999999997
df91d639-b88c-43df-88f3-ff8aa6784f1b,0.5801830560808,272.78
224b44c1-76f0-4b74-a3a9-6cd58ae4813e,0.58382455392515,265.7800000000001
beae2c74-9b0b-4c66-b576-e02571a4005d,0.5842776614322,173.77999999999997
4e824b13-c2d8-4d6b-80f5-5161265388c4,0.58144983133095,304.78
b156f8d3-0dda-4702-b70a-e62c6369b491,0.5853990662073,208.77999999999997
f2856c5f-3e7c-435b-af56-91bc5ab301d4,0.58355525236825,257.78000000000003
8dcabc8c-4407-4b1b-b1ed-dbcd3572d1fe,0.5842495332101,235.78
e7a5dd0e-6cbe-4c56-957d-e1d6d8143387,0.5784871683308,245.77999999999997
a29cf601-59c5-427c-af77-05c8d8403f6f,0.5853976965429,220.78
53f110b5-05f5-45cc-9501-abd621784570,0.58547612416915,257.78000000000003
6e79d306-12df-45ae-8a71-6882f4b14d92,0.5841450247489,245.77999999999997
9664c882-72b7-4a86-8332-23146d41c864,0.583406540276,229.78
001be346-7475-4e38-aa99-2c46d8e2b268,0.5848989364181,160.77999999999997
27a464dc-27f1-43c5-9e0f-21f66c053f34,0.5854924018333,207.77999999999997
390da507-75e8-4faf-893d-8f61cb2a5426,0.5811589783398,252.78
9a7b1e21-d7ca-4ce5-884a-65e073486e6c,0.58011194792695,276.78
820c90ee-6072-4915-a885-048a821e57e4,0.5827755031522,252.77999999999997
42ac2d09-0eb0-4ffc-bfe3-7cb02870cf0b,0.58493704360295,249.78
67f89705-8758-4fd2-8051-6d9c93070234,0.5842776614322,173.77999999999997
f286aa95-f151-439c-a0ee-936fb01ab4ea,0.58535260170615,254.77999999999997
e244888e-2c7c-4b10-af59-4e4cc5ed9318,0.58354465722665,274.78
80397202-826b-4514-9f53-f77045200efe,0.5853507343264,241.77999999999997
0e0b2767-3eba-427b-9255-6fbab1a04265,0.5842495332101,235.78
1231c123-d33f-4468-af7f-027beae78a44,0.58529282322485,230.78
d212c2ef-0372-415f-8b37-86a0a9a6f9fb,0.5853976965429,220.78
ec530d2d-a17a-40b3-8c5b-9747b78b42cd,0.5842495332101,235.78
55813472-49d4-4c7f-8cf5-b17c3611358f,0.58425465671295,211.78
f347d6ea-5abe-4693-bfad-7452396fcb18,0.583406540276,229.78
df39cfde-8c94-431d-9cb6-408f1e65655b,0.5848989364181,160.77999999999997
8663644a-6e1c-4e5b-9a70-ab9fdbc11f6b,0.5854924018333,207.77999999999997
42aff6df-a573-465c-92a6-f8353b897b22,0.5842495332101,235.78
93523ffe-c6a2-477d-b6ce-66931709c4b2,0.5855129103636,234.78
5499b3e3-ee02-4398-82df-f058550d7800,0.5840737652478,223.77999999999997
ab96acdb-74e4-4452-abe4-9a0f1a226910,0.58461807145815,209.77999999999997
4e77246e-ed52-42ef-a06b-16664a879ff7,0.5842776614322,173.77999999999997
319259d3-1109-4fba-a2bb-433518baec94,0.58113178717045,215.77999999999997
0b14006a-53cf-4cd3-8a2a-c12772a55f50,0.58467208126725,255.78
a8bde943-90e6-4644-8b84-0d562115d862,0.5827647126179,220.77999999999997
1566f5ea-7166-4fc7-94a7-72c58a30b4bd,0.58299876700055,259.78
e6cd08c9-4f3e-4329-a955-d7683bbe8dee,0.5834065542165,216.78
74a3eaca-0623-4fdb-8ab8-cb8a516ac1c7,0.58511473658285,229.77999999999997
882dfc20-401f-4f1a-93dc-c9796538f56a,0.58655738552045,225.77999999999997
9edac15c-d6f3-407c-af98-c98e7f3ae8e0,0.58455331901755,218.77999999999997
c09e602d-248b-4172-bdfb-097d1aa662f4,0.58244678008105,224.77999999999997
677761d2-ee2e-4e91-ace8-1428a58dfbfd,0.5848989364181,160.77999999999997
de5635c2-94cc-42ad-af77-0264c9c75553,0.58509025112885,248.78
3500bc89-1061-4d03-85f7-5e9803cce24e,0.58460247049465,218.77999999999997
ae0e6e59-23f3-43f3-a9a2-c44199666697,0.5844956890439,245.77999999999997
bf1055c5-8127-47e9-9c71-f50042a95c4a,0.58344439414185,221.77999999999997
7c5d1b71-3844-4537-8805-c4bbbd1d79d5,0.58393572540655,231.78
8fa4e55e-0cca-4bf5-9b6c-8a4e8f900613,0.5842776614322,173.77999999999997
7e5cbc07-9951-41a0-99ec-ae65eb69acaf,0.58377715107795,235.77999999999997
95fd1a75-e77d-43b2-ae8e-c4b233e14728,0.5834359901272,243.78
6bc6174d-b4fb-4e60-b909-d1cbfc9f7c0f,0.58117058301175,268.78000000000003
7be3e7e7-17b7-4ecc-b5b6-b3212180d8a8,0.58299876700055,259.78
d6de8f68-2f38-4046-9621-e41f317a8178,0.5834065542165,216.78
9c931fc0-f773-4b25-8d61-4b7ae4d397c9,0.5806112351276,254.78
6b5d0825-c3ba-4d01-9e1d-420da9233151,0.5834065542165,216.78
50ca286a-e09b-401c-8f43-c94867ce2d14,0.58455331901755,218.77999999999997
b9ddabbf-ec37-4a56-a12b-e932d1021773,0.5834065542165,216.78
af1fd4cc-3529-4630-9d26-d690dfa4f0f6,0.5848989364181,160.77999999999997
ff9cc637-85b2-4c6d-9a7b-0e9aed057775,0.5857283310146,249.78
c49c7055-0845-4db4-87a6-aad4b36a9ba9,0.58460247049465,218.77999999999997
56480528-4b94-44f5-9023-447c0260011b,0.5832601977479,226.77999999999997
169a2297-6d93-4428-a54d-9d4557cf9afd,0.58344439414185,221.77999999999997
2d793d71-f771-4b5e-85ad-fe2f36ba0748,0.58590816076025,213.77999999999997
09ac0f08-3fde-430e-b881-1684d3fd555a,0.5842776614322,173.77999999999997
e62b1db9-8462-4b14-9502-e9481678816f,0.583389764681,239.78
6c4d0604-e41e-4aca-852b-90d4bb4e369d,0.58299876700055,259.78
c259311b-52a5-40c4-a7ce-b053695133c6,0.58105519528345,259.78
f29441af-7c8f-4223-ba52-c9e44e69541c,0.5838130493291,219.77999999999997
1c7aa30f-8a53-4fc7-83d3-8a89d47f93eb,0.5847128655819,207.77999999999997
fe6dcb44-d9e9-47eb-af29-99e099561502,0.5855359809292,229.77999999999997
95302df9-5ace-485a-841b-1197e18c2a51,0.58467563802295,243.77999999999997
0c8502b9-b48c-4106-b7d6-117e324b794b,0.5859567936013,244.78
4f78cde1-f1a1-4f9a-bde5-b94d373a5994,0.58166638438075,262.78
37f9d086-fb82-4633-aae0-e79a8501013f,0.5848989364181,160.77999999999997
021009b0-8ffc-409b-85c1-e52cd9621263,0.58537196179545,182.78
0430849c-2dae-42e5-9a08-3e0f9d1eda91,0.58175607420735,218.77999999999997
4f08e8d7-1ea7-4a08-a0c4-9b7260a2bee2,0.5837982911703,235.78
47f567ff-ae04-49d5-bbac-0e938e7ce40b,0.58220422186585,229.77999999999997
7f398b7f-ea9e-4a55-97bd-7bd10039d678,0.5838328703612,224.78
ad9b8348-d5f2-4a43-b1e4-de4982ce13f2,0.5842776614322,173.77999999999997
f6040a2b-9a47-4ea0-8b0e-6a012db8e252,0.5837226535479,269.78000000000003
99d3e161-2721-4796-94d1-eaf0b0ed5340,0.5847331153595,274.78
9f1ff326-151c-4137-90d0-c7ba0425581b,0.58775843487415,190.77999999999997
4fb0b0e1-56a3-41bc-9461-59266d18da1a,0.58510988357345,207.77999999999997
5d6dc7d2-3ed3-454c-81ae-1ca0af63f478,0.5847128655819,207.77999999999997
72a9f0fd-3629-4ee8-900c-4e6725a4e26c,0.5840268215548,233.77999999999997
f16e75a1-31bd-49e5-bb7f-f85ed16f544b,0.5833786030304,208.77999999999997
b64c294a-4a9f-485d-8538-1ef5b0a94eba,0.5854873546936,225.77999999999997
63d9bdb6-ea25-44df-b2f9-09916343136d,0.58467563802295,243.77999999999997
62c1cc23-0899-42e4-9f4e-d131fd08eb42,0.5848989364181,160.77999999999997
ead07521-17fe-4507-9f7a-4b7990e16c92,0.58537196179545,182.78
799a0c7f-0910-4c50-9404-98a7b1e1906d,0.58175607420735,218.77999999999997
d2cb4389-074d-4db7-8317-706ec18be3b5,0.584144898343,200.77999999999997
2333f330-02f5-4b7c-98bd-5c098798bc90,0.5855359809292,229.77999999999997
d2066309-5d3e-4777-96ed-672e17611756,0.5855359809292,229.77999999999997
e711bb52-946d-41b6-9652-f615c5923699,0.5842776614322,173.77999999999997
731eb9ee-643f-434e-92db-e43f0340e174,0.5855359809292,229.77999999999997
cb61c648-7d60-4a53-8414-a8e2a4f302a3,0.58449741550065,231.78
ab1ba2b9-e47e-495c-98f9-679ca0b687b9,0.58775843487415,190.77999999999997
b531c321-05f3-41fe-b25b-3c15b7a39134,0.5845081025699,259.78000000000003
c1eb4a27-eeb6-4a44-9bfa-d478e9b50905,0.58234810031905,252.78000000000003
2fd64fad-83ca-4c04-863f-a985deff250d,0.5868456286511,245.77999999999997
39fba4e6-855f-4d9f-b069-f75bd0e9bc0e,0.5821130116613,251.77999999999997
1a6d6109-12d5-41c1-b1c0-cf3e999a5d45,0.58393100445055,247.77999999999997
49364e5e-b704-4073-be69-84ba4c70c84f,0.5869762536966,224.78
50daeb41-d40e-450f-bcf6-82b566382200,0.5848989364181,160.77999999999997
96701c93-ae62-485a-925a-b834035a0214,0.58325645104545,245.78
245ba148-2895-447d-bd42-c0c0206f1b8c,0.58658332579325,236.78
a95c8ab9-0c5e-4d4a-a40c-fcc5a0213cbc,0.583742473457,207.77999999999997
1c6f5a67-b273-48ef-a0cd-03fe57e54ca2,0.58304234231505,209.77999999999997
7dac28a4-6c44-474d-ba77-80e8c1278c42,0.5842368695031,223.77999999999997
fa8fa23d-7121-4a01-8f14-825ecc124620,0.5842776614322,173.77999999999997
b4b5f8e6-4a2b-4460-90aa-bfaec9c48a58,0.58398554929575,263.78000000000003
6d75c4b0-b328-4b5f-a7e5-cf168167dcba,0.583185588152,228.78
fdb56877-00c5-4e01-98bf-1441e715644a,0.5839096597533,244.77999999999997
4ba8248f-68ff-4962-bd8c-a5b7124f479c,0.58567594234985,275.78
b28ed1e8-893b-4234-8e5f-c5015f0974ff,0.58276808328555,271.7800000000001
0d2e7e35-f2d3-48b4-a5e8-01ab2c5388fa,0.5845081025699,259.78000000000003
37727dfc-32e4-4005-a84e-ab624c553adf,0.5827686567161,270.7800000000001
c5552039-b293-40b3-b497-ddbe1a901920,0.5845081025699,259.78000000000003
259ef852-b897-4fd9-9240-691b5c73b28e,0.5869762536966,224.78
063a8b9d-80f6-4ef7-9e29-0cf3a57bd5e2,0.5848989364181,160.77999999999997
334cc429-df85-465e-a68b-a8a6d5de394d,0.5840340679602,259.78000000000003
cb54e33a-84ac-4f9b-a12e-1fe325cf7d17,0.5845081025699,259.78000000000003
4b6acb49-3c34-4dce-958b-1936b10c7152,0.583742473457,207.77999999999997
c90bb12f-a338-4b40-b22e-9f28e8c41932,0.58304234231505,209.77999999999997
8c5ccf43-bf92-4e3b-bb68-07a79d00cdbd,0.5842368695031,223.77999999999997
de1f3127-46d9-4d2b-9644-05a9c3c89d07,0.5842776614322,173.77999999999997
34bc0e9a-5996-4db6-b3f1-dfcc36da28cf,0.5845081025699,259.78000000000003
69d74092-ece0-41e5-9015-724d85a3e53f,0.58234810031905,252.78000000000003
279a3bb9-37a7-4d1b-9bda-1ec17d99a092,0.5845081025699,259.78000000000003
31a99907-3ad0-4086-a0d4-96c353072f39,0.5832311218385,253.77999999999997
c562c0bc-01d8-4f7d-aa08-713e70bbf459,0.58363819800785,240.78
16547360-49ee-4d53-9ee2-14c1b2fd83aa,0.58009054624355,268.7800000000001
c99b71e7-bfa7-45f6-820e-20f4b970abae,0.5826932137281,258.78000000000003
5b9f4bd4-bc07-4780-914b-c285d12dc29b,0.58522781456465,216.78
69d974bc-7773-4dfc-ae73-8b2683b13041,0.58626775078065,207.77999999999997
572a3968-ce3d-4592-aed8-b61aaf3c9360,0.5848989364181,160.77999999999997
622ac27a-ab01-4a57-99ca-80a52a5e8fbd,0.58541327543675,240.77999999999997
b27a1a55-d2da-4d19-8325-b469f7f4aab0,0.583527695482,247.77999999999997
6fa53677-8d2f-4366-bdb2-984c897efe77,0.581323146156,259.78000000000003
3cfc3181-d2bc-488a-b2d3-b8e2f5c60963,0.58442270444685,229.77999999999997
ab71bec2-2ecd-4fcd-80fd-36b9f9a5ad15,0.5854573820472,233.78
8d154578-fba1-43d4-9b73-84360de1e175,0.5842776614322,173.77999999999997
b61c79ab-0880-426d-b4f3-78ca93655bca,0.5832127160381,236.77999999999997
4d387731-10d5-40c1-89c7-f4eb84911bc9,0.5850078320414,223.78
d5bad13b-aee7-459e-bd5f-d49eaeb571b6,0.58539392642335,233.77999999999997
264b930c-76cd-4674-a607-02b50926f676,0.58391014538745,232.78
49a17b95-a87d-4342-be6a-1f33b0c47678,0.5827095878211,242.78
e6c1dd36-5595-42a3-b4ca-351a4a167554,0.5832311218385,253.77999999999997
4ceec4fa-42ff-4185-9f69-74d0d24ae475,0.5841044877963,270.7800000000001
9b47927e-5603-406c-8de6-95a189e2619b,0.58522781456465,216.78
f5c7650b-f63f-4a8a-a557-f5ffe15b0cba,0.58626775078065,207.77999999999997
4b0ee1a1-c56e-40bf-b3ab-e8910f9fc1ce,0.5848989364181,160.77999999999997
cbb1d63a-2a58-483f-914d-4978ac6e3bb2,0.5798274255529,257.78000000000003
3c92b1b2-efc1-492c-9bdf-a51b58c6745f,0.5847431111437,228.77999999999997
46076dff-0fa7-4e35-be1d-9a9ca5bc6283,0.58363819800785,240.78
75721bc6-dee6-4c32-a6a0-14ba1073e88f,0.58442270444685,229.77999999999997
790abd52-166a-4988-8203-d8424ee40e65,0.5819068911908,242.78
5248fb5d-0618-4015-8916-8cababa8bbd0,0.5842776614322,173.77999999999997
f3ecdaa5-ad06-4572-8290-a66081a2f898,0.5832311218385,253.77999999999997
5be20c7f-a199-4851-96ae-fda5aa91993f,0.5850078320414,223.78
cc20ce7b-cd01-4419-8627-38cbbe8463dc,0.5818005378725,238.77999999999997
4dd3517c-4a13-486f-b988-5f2e5bd73760,0.58229526319275,207.77999999999997
1add531f-472a-4ee5-8047-c41eefd6320b,0.58101010790775,263.78000000000003
ed79d347-a235-4d8d-bd23-5d6411280ac0,0.58548043830875,248.77999999999997
b6606162-5c51-4496-ae35-c451b4f6f5ef,0.58528619375845,220.77999999999997
0a6d07f7-f786-4cfd-b231-bc458dd1ab48,0.58583199776405,197.78
39b4473e-bb7e-4141-8e57-4bab217af56f,0.58100683474875,269.78000000000003
8ec8ebe0-7698-4fac-b881-1b3ee2a00e42,0.5848989364181,160.77999999999997
0f11619b-891c-45e7-866d-f8d20a2864bc,0.58634094707055,238.77999999999997
ec5f01cc-5625-4a3a-90c1-b13a88a73215,0.58484941613175,247.77999999999997
e2f7e645-f0b0-4b27-93a3-41b4cc0fbcbd,0.58315453517125,278.78
eef3d6ba-3c9b-4604-ac90-51266f2d74b3,0.58369791571505,256.78000000000003
c361cd1e-f710-4ddf-9fa8-71b698bebbe1,0.58336212614765,235.78
e3350197-65b3-44a7-9935-019ef5b2fc89,0.5842776614322,173.77999999999997
d699eca6-793b-479a-a3e8-528896d2e431,0.58723709890125,166.78
9284ff86-3e73-4631-b4a6-abe505c4e6e1,0.5859562962462,228.78
91316e8b-8570-4c0d-82ff-4fb9ab981f97,0.58402969996935,234.77999999999997
a9825a34-ea87-4ef5-8811-ae586f5423b6,0.58229526319275,207.77999999999997
4e9efb30-60d9-4c6b-a44f-fab947d4614e,0.58548043830875,248.77999999999997
deff6b6c-5581-4f06-a6a7-15fd226b3d11,0.5869336189453,268.78000000000003
85aef123-514b-4a33-adb7-04704879a8cc,0.58528619375845,220.77999999999997
25b1699e-26c8-49cf-90a8-49f8ec1886aa,0.58583199776405,197.78
30e0720a-02bc-4801-a00c-ac0ee317550d,0.58548043830875,248.77999999999997
6016bf6d-40e1-4446-894c-94ca3d3a2bcd,0.5848989364181,160.77999999999997
582585fa-b9d4-4d48-ac65-3cd5401ac744,0.58227931506265,248.78
2afc897b-dadb-4d24-8e74-f3094c0de2b6,0.58492478000175,220.77999999999997
256a3d1f-eae9-4713-9cdb-c522eae9f370,0.58100359688585,225.77999999999997
50b3daa4-6edc-47a7-a5aa-cf3a7c23e455,0.58229526319275,207.77999999999997
f73ea8a7-3fba-4f10-bcff-905b85f0f4ff,0.5851542810203,206.77999999999997
441fb662-f107-4985-963c-dda3d077bc1a,0.5842776614322,173.77999999999997
3637ba6d-1efe-4dee-98e1-c90006cd6f81,0.58723709890125,166.78
8bd11e2d-d546-4953-99c2-e74f5ea7704f,0.58528619375845,220.77999999999997
7505b3be-0001-49b6-8047-9addb444633b,0.5822185576874,252.77999999999997
f8ebac33-cff4-482a-b426-1128cc2a14a1,0.58679546545435,217.78
ee09e03b-b44b-4646-8ae4-ddc08ba6d4f7,0.58457336704185,262.78000000000003
08b0bdce-1d79-45cc-abf9-64a0e18b9aae,0.58748857841605,233.78
99eb2e80-af1a-44bf-ab7e-45cc2e7d5041,0.5821425294358,224.77999999999997
8a1d821d-7776-4628-8cd9-d2197cdae3ec,0.58195070424795,245.78000000000003
eae38d5d-e084-492c-980c-e76006dcf0eb,0.58305565488425,222.77999999999997
1e1a947d-42eb-4483-b12a-de4eb50829ea,0.5848989364181,160.77999999999997
c5964eec-ba2d-4ec4-b595-b58f63e8f2bf,0.58612717703935,215.77999999999997
96ad4703-0883-46d0-91ee-eb7f62db12c4,0.58273055279355,214.77999999999997
8c0654cc-2e3e-4a70-92a9-ff0642817ab2,0.5848254583679,236.77999999999997
4dd5989e-d3b1-4cb2-b8eb-95f06c36b25a,0.59143528384325,223.77999999999997
e1e26b6c-d698-4167-8050-33d2b8259ed7,0.5869367668194,237.77999999999997
8495738d-2b79-49e5-9d9b-0ba2952c1f76,0.58593210718515,251.77999999999997
b84eb915-f6dc-4f91-84a2-afce7c87ad5e,0.58723709890125,166.78
493c53fc-0f54-40ad-a862-927861f00278,0.58144448079795,271.78000000000003
9770a494-0fd0-40da-81c1-c5d29d4bc8d7,0.5853953170334,262.78
53ecee0a-f63a-4e29-81e6-a66cc7457ac2,0.58679546545435,217.78
512d7e3f-671b-471d-be02-0abb140136ef,0.58101500242185,256.78000000000003
bb741fe7-fb10-4a26-891f-9c8c441a5c52,0.58457336704185,262.78000000000003
28e7ce41-aed1-417b-8dd8-91e856a35908,0.5850215731,229.77999999999997
d4185b9e-e8c5-4dfa-b67e-d022b4a78de6,0.58457336704185,262.78000000000003
113b740e-411f-423c-9aac-ed0b4c99457c,0.58305565488425,222.77999999999997
94200be1-e3e9-4532-ba36-444e62f5d16d,0.5848989364181,160.77999999999997
d359fee4-d189-40e2-8193-965a94b62b93,0.58612717703935,215.77999999999997
84c4f7f7-f396-4995-abed-32b75d2f36ab,0.58273055279355,214.77999999999997
134d3fed-16b3-4117-a9a9-16cac8be775e,0.58457336704185,262.78000000000003
52d701a4-eb61-4c2e-903a-12aa4ba0ce43,0.58679546545435,217.78
078f0077-45d9-454f-b1ae-d992d5f6b917,0.58679546545435,217.78
c641dc1e-5719-4dfd-ab4c-55225bcb42c2,0.5867305797517,258.78000000000003
0d9dac7b-3f75-4d45-9923-8fb69f2fbb72,0.58723709890125,166.78
6a6713c7-2ff3-4e53-b32e-753c6e5527e1,0.5825079382705,212.77999999999997
ff9c92f9-c64c-451d-91eb-de5ee2073f8a,0.5832123124913,245.77999999999997
7dc1789c-12a7-46bb-afd0-a72ce557c4ce,0.5848592675184,236.77999999999997
87afe441-bfdf-461c-961b-8a7940cee710,0.5855968999008,252.77999999999997
b632f842-1906-43ea-b846-8444c81fcbc1,0.58577119427985,226.77999999999997
fd2415be-09a2-4848-a029-0e7ad09d3cdc,0.58467553802245,221.77999999999997
1f026cb7-6449-424a-a861-7ebc4916c2f1,0.5848646182378,225.78
40071d91-5b95-44d6-a3c2-9a8fd20934e5,0.58434224199085,273.78
39c5b76e-a92c-4698-9bed-67ddc5e83211,0.5848989364181,160.77999999999997
2cc044e8-0ad7-4124-b590-67e3135d323f,0.58247961413215,194.77999999999997
49a06df5-2825-4e67-a34d-daffc054c97c,0.58187476567315,231.78
8e4b0a6e-725f-425d-8b79-a820c8897e32,0.5841151737906,247.78
3d92fb7a-f923-4cb1-8491-f68f99b54226,0.5839091917943,230.77999999999997
f5c33813-06c5-4bce-97a2-15d56ce465cc,0.58653923962075,186.77999999999997
ec3bb8f3-5463-4306-abfb-72aac56256ef,0.58576538118425,216.77999999999997
92302dcd-60a4-4b23-992c-4511440baac8,0.58723709890125,166.78
5eb649aa-09b3-4ba8-b952-030df4f71915,0.5867190434555,251.78
30c4ed02-2001-4203-99ed-87dad70a82c0,0.5835326234812,251.78000000000003
3683ea30-5497-4cd5-93f0-3416c0e7c3b0,0.5848592675184,236.77999999999997
da271d1b-e407-40b1-8671-c9817cd05aff,0.58467553802245,221.77999999999997
e36371e0-47ce-4d28-a82e-a2908f638a2e,0.5850870637326,242.77999999999997
5afffaa6-10e1-4119-a589-a945d78054d4,0.58467553802245,221.77999999999997
14b5f972-ffa6-43c2-9c49-d326db835a84,0.58577119427985,226.77999999999997
320d826c-6445-4b09-9297-eb48b320cf6e,0.5848592675184,236.77999999999997
744ef540-839c-4d8c-b633-320a031f3c63,0.5848989364181,160.77999999999997
619b4614-0831-411b-8709-2126da56f89b,0.58247961413215,194.77999999999997
bc400b88-a7e8-4483-80f5-2025bf7213bf,0.58404239558315,218.78
cfef7a25-c7ec-4333-9394-0f0410502613,0.5855968999008,252.77999999999997
606b3cfe-7c85-4fe8-94ab-a6c572ab1a30,0.5863584796693,254.77999999999997
2abe48dc-2210-48b7-b86c-e3c1b88c3dc9,0.58653923962075,186.77999999999997
24aa210f-083a-407e-8673-6db7a3d36bd2,0.58576538118425,216.77999999999997
6ea1853a-3d9c-4901-a60a-6026d88ca619,0.58723709890125,166.78
a456d8b8-a573-4621-a534-a73a12e9b4c9,0.58821719389865,204.77999999999997
a300bb93-f7d0-458c-b2f8-cbf322011430,0.5848592675184,236.77999999999997
3e94fa8f-b0e7-4ca5-bee0-b9a7acc30c24,0.5815628016803,285.78
aee1eef5-ae88-414d-a273-c4ebd021c92d,0.5849846192427,276.78
a9ad1f09-7f5a-4061-836f-62d00d248653,0.5820168671208,252.78
648c9c59-e7d1-4795-a565-b832ed5b153f,0.5855936595185,245.78
05a6d757-f463-4b66-8043-65d25ec57b09,0.5851824849756,241.78
9826ccfb-5f84-4dc7-83be-26fcb2e6884e,0.58437328690685,241.78
86705c8a-3ce6-4f92-a4b8-a043ac7f8216,0.5848989364181,160.77999999999997
511f6b9c-01c4-4032-806a-f1c81dbeab3a,0.58533239066265,218.77999999999997
1bacede5-34bc-48d6-bb83-b1bb4a205d18,0.58322270355365,278.78000000000003
f9619913-a65f-4d91-8162-fef22ec5b0e0,0.58373271955905,229.78
69e860f7-7fa1-4e2f-85f2-dd6180080cc7,0.58301065217225,201.77999999999997
d955883a-628e-4b29-ac79-ae142c6cbdcf,0.586451429649,222.78
ec03224a-593b-42e4-b4e4-205b4ec34e3f,0.58098547254855,217.77999999999997
4c7e302b-65db-4302-b8bd-f3020a7fd11f,0.58723709890125,166.78
d40a9b63-25da-4ee2-a655-504928adb039,0.58528393129435,223.78
28e34f1e-e7ce-48cc-88e2-866bf47fb662,0.5847992504786,281.78
a2fcf527-fcd6-4750-9aee-e6363a8dee2a,0.589200165004,267.78000000000003
0ce12725-2b82-4139-a025-88bc2de8e768,0.5845325565411,272.78000000000003
7b278958-74c7-4e07-a3ad-7525ed496401,0.58833312925825,254.78
02c6f62d-c1df-47e2-bca2-37f7f8552ddc,0.58701172843675,285.78
347d959d-3b11-4dc2-a2ec-aedf6076cfb2,0.58406354939515,267.78000000000003
c13092fd-0c96-4b46-8492-f76df8c0024d,0.5849846192427,276.78
bae203a3-0a51-4d9a-8742-070b912633a7,0.5848989364181,160.77999999999997
3f70d50a-a71b-4e0a-b071-5ec779442ca7,0.58533239066265,218.77999999999997
a6361b1d-b598-405a-b473-42c16bb2e92b,0.58788452551,284.78000000000003
9b883329-2244-40e6-9861-aad77c3580e5,0.5845248107375,246.77999999999997
e67246a9-7a4b-4231-be65-eddf2f2ee643,0.58301065217225,201.77999999999997
e0b76a6c-29df-4b18-9862-767c314895b5,0.586451429649,222.78
6d5d9b79-2061-415f-8054-af010a8882aa,0.58098547254855,217.77999999999997
2a516067-9ae3-403a-be94-b7c0a0e460c8,0.58723709890125,166.78
a22df063-294e-4093-88b8-be2415b16795,0.5827477818577,270.78000000000003
afebf741-ac9e-4ab2-930e-d0efb0ca90a6,0.58812362859095,308.78
6eb0a249-3dc2-4cd0-bfe8-f380280d1dd7,0.5850759431318,275.78
b88ada98-d5f2-4720-96a6-b2a6c3500535,0.58019155195425,212.77999999999997
d7f3e3ac-c8c0-4ab9-8e12-9dee45c65189,0.5853541332705,217.77999999999997
ec27e8d7-9091-49b2-a8d1-ffded9320b81,0.58149225343665,295.78
c2b31315-a816-4e02-8cb3-f36aa2c0bb29,0.5830921870479,233.77999999999997
c6c7e2f1-7fb3-47da-a521-295ff0642050,0.58231082341605,260.78000000000003
46a46406-4df6-4278-a60b-57383d30b450,0.5848989364181,160.77999999999997
f0f8e684-c8cc-4334-85cb-643e3f89f123,0.5860004182294,255.77999999999997
057a058b-b240-4b5a-8332-3e99bf2f3621,0.5817186970329,267.78000000000003
d9b874aa-0192-40a3-90cb-aeb549f96f52,0.58427642373535,265.7800000000001
2297a1a4-9f50-478f-9646-f21b640b0805,0.5883560655152,204.77999999999997
d132aac5-d7ad-4a79-821a-744bcc138909,0.583632128923,274.78
a101f691-3665-4755-922b-9847aea3a59c,0.5810047943128,257.78000000000003
58e1fe8e-8cc3-4c49-8866-29bebab8ae2c,0.58723709890125,166.78
8765d80a-3d2d-4828-941b-863ff82843e1,0.5879767395469,205.77999999999997
7c799ed4-92f7-45d1-877a-2e99797dac8f,0.5885230625118,223.77999999999997
b7342aef-00b5-453a-930e-b9d0e1235b86,0.58019155195425,212.77999999999997
eddbb952-e56a-4ab8-961f-9bcd5beb52b6,0.58019155195425,212.77999999999997
c88fe1fc-2b34-4d72-9176-065e291bec0e,0.5853541332705,217.77999999999997
258197f5-2ba8-469b-b36e-36d15570456a,0.58019155195425,212.77999999999997
7a9f7613-589a-4be2-adb1-2571b22bde50,0.58298151812875,262.78000000000003
ab43169b-0949-44f1-bd51-31cdc9367a0a,0.58019155195425,212.77999999999997
6da3d73e-a937-4697-b6e0-50cf00230108,0.5848989364181,160.77999999999997
676f1802-26db-482d-a2b2-1f1e7e12da81,0.5850759431318,275.78
4dd65084-0404-4de4-a8af-a8efb6ad84d6,0.5831402286007,236.77999999999997
7cdb1aad-c7f7-4145-97fb-86fac0feeb9b,0.5826868475997,242.78
cc16a814-8ed9-43a8-b405-79442c950ae1,0.5883560655152,204.77999999999997
c41dc3fa-65a3-4394-9712-b30eaf300e04,0.5850759431318,275.78
55be28aa-ed81-43e6-add4-e60dad820077,0.5807515659835,248.78
e2c7e90f-ca04-4d87-893a-20abca73ef41,0.58723709890125,166.78
a4f822d9-025b-48a0-b94b-8e2882262c9d,0.5879767395469,205.77999999999997
4a32cbce-11f3-4c90-85e6-d882c6d35001,0.58389373384495,270.78000000000003
3c7c0fbb-fc88-415c-bae6-306fc356d6d4,0.58226555893785,227.77999999999997
2028b786-38ab-4c13-8183-54bfedd45773,0.58221246684835,267.7800000000001
d3e15f51-ad55-4935-b672-70a1ed0bf3f1,0.58740367607015,181.78
aa06682e-a82b-4e64-badb-4037a654171a,0.583610591703,239.77999999999997
3b1ef61c-638c-4c4c-975e-d7b9bd226ea0,0.5870726657584,255.78
02b38fad-9645-4202-b1fc-baebfdb1f364,0.58457432041885,227.78
965c05c2-48b5-46a8-a87a-4aaad6c413ba,0.5848989364181,160.77999999999997
780a86f7-9c77-4d7b-ba0f-c73619624ce7,0.5878613536828,198.77999999999997
559f55fc-cbae-4845-a338-e39807d0ef47,0.5833770322094,248.78
c3872392-b973-40dc-b43a-c4297aa5c97f,0.5835103281046,244.77999999999997
5c7c34c7-4064-4518-9e76-937b94dea2b0,0.58403408947535,210.77999999999997
4a62185e-c318-4fb2-ae81-4c7f57f4eca2,0.5803024465784,262.78
afb8f6dd-ff17-41d3-8107-e5ac4f6f8ebe,0.58489897442595,220.78
c61d96c5-f11e-464c-ab72-a7be10b53c27,0.58723709890125,166.78
226964be-0f56-48b4-ab09-3e8117b8cbb2,0.5859681443345,218.77999999999997
70bd9c56-0dac-47ca-80d2-aabc7ca90adc,0.58247281483725,272.78000000000003
c074a0bb-8973-45e4-8adb-59f5cee31e57,0.5823135108239,251.78
e231464b-aa55-4668-8a63-710abd0f488e,0.58221246684835,267.7800000000001
d7cfddb1-3d81-4db7-a5f1-9164216e741c,0.58740367607015,181.78
e8c657e1-b6ab-4281-ab4e-0c8e5777dc38,0.58226555893785,227.77999999999997
398fa661-12a2-4321-89d3-83f7447d176b,0.5845302565362,188.77999999999997
9070ae5e-032a-4a73-8e46-0dd60c9ff9f3,0.58375446994155,207.78
f90e1b4d-03e6-44b0-991a-68453147d49d,0.5848989364181,160.77999999999997
e13fb2cd-5dc6-4c98-9bea-1d24e68447c1,0.5878613536828,198.77999999999997
581b24ec-77fa-429b-9992-3cfba02fb884,0.5859968267374,202.77999999999997
27681801-eef2-4359-a041-abaddc30d6f8,0.5856056479688,203.77999999999997
54b6abe1-a457-4fbf-9b6c-7232e778b8b1,0.58403408947535,210.77999999999997
5ca56cd6-827c-493b-8d91-60b7cf713947,0.5817841983181,235.77999999999997
32113e00-f726-41fa-8794-ec1559aff30e,0.58740367607015,181.78
b4c72b83-cbfd-4334-b870-df6f5c296364,0.58723709890125,166.78
ac19f889-a630-46cf-b68f-e733315fbafa,0.5859681443345,218.77999999999997
d8ef0d15-1ac1-4f07-ad54-3f4620a0b188,0.58799450207075,240.78
bdf83171-d910-43a6-8728-642be7f8370c,0.5834744781973,220.77999999999997
7a99f485-0b8f-4c77-8e29-0a3b327c888c,0.5828597601254,248.78000000000003
214597ac-fc60-401a-8a07-48d0f4bdc884,0.5808260351044,227.78
f87f90e0-cc76-4b00-b7da-cb38955e9461,0.58490119947845,207.77999999999997
f4db2da5-8328-425a-b6e2-5067431345b5,0.5860290107069,210.77999999999997
aca0dedf-16cf-4f23-897e-933702342b7e,0.58353716522305,240.77999999999997
27115412-37b2-429b-acb4-5621cd07d3c0,0.5848989364181,160.77999999999997
14e95d66-0c84-4504-b49c-dc73c45d79f6,0.5842804125677,252.77999999999997
78d775b3-5328-41d8-b8dd-d5c9d230d8bd,0.5815944373689,266.78000000000003
919d7e68-8686-4345-bbab-eb7e6f67ed1a,0.58521580490335,212.77999999999997
e841c258-e6e8-4327-a2c7-24e6ad1a4ebf,0.58471190799975,237.77999999999997
783c0f45-8914-4346-a38b-35bb4d3fac9a,0.58325408639285,265.78000000000003
602b962f-9e49-4306-ac8b-f3b052dd421c,0.5845749316901,200.77999999999997
dc2888a6-4c8e-4175-b281-5f20b9ebc327,0.58723709890125,166.78
bf0a9932-7f18-455d-b9e5-ed4d58495e11,0.58722876517745,222.77999999999997
14a05937-07c3-4a39-8ca5-e10cae4cc598,0.58515937986635,223.78000000000003
8b603f4b-bc1d-4008-bf7d-beb70cd33e5f,0.5828597601254,248.78000000000003
280b06ff-5265-4629-b91b-65e477720e59,0.5842742126887,227.77999999999997
1f5f2eb0-2cd2-48d6-8b17-9bbd3728b293,0.58331128836905,213.77999999999997
4642762d-db20-434d-bead-867579edc76b,0.58490119947845,207.77999999999997
d00ab220-2bc9-46e1-8957-7f967835bb00,0.5860290107069,210.77999999999997
5b6aea47-5b93-4062-86aa-22ba4acfce07,0.5828657253107,233.78
3b8084a4-1c78-402c-97cd-e4e6e2ebf651,0.5848989364181,160.77999999999997
a3306e16-49f2-4d33-8297-cc94db1bef85,0.5828597601254,248.78000000000003
1f4b19dd-78cc-4602-9f16-f77785126d48,0.5828597601254,248.78000000000003
bb9413d6-afdb-4b16-9f1f-2effb6527209,0.58521580490335,212.77999999999997
c4b80b40-4c7e-48fb-a620-a7eb86107b1c,0.5849614106147,228.77999999999997
3b3c7a8e-f08a-47d5-961f-42a5681af662,0.5828752222575,216.78
dd487dd1-88c7-4c60-8202-12a4635b6014,0.5845749316901,200.77999999999997
7fafaf91-9217-4579-9f70-8a30d5be6217,0.58723709890125,166.78
6f4e77ae-f75b-4ed6-849a-40a858617c9e,0.58329340565285,226.78000000000003
b623d8dd-60ae-49bb-b093-c7346c22e614,0.5828941325375,218.77999999999997
2d7b169d-9a88-4ad1-a70f-f3466c687022,0.58274224461065,231.77999999999997
efa3922c-2777-4668-b202-f1f8a03781e9,0.58499096023145,263.78000000000003
bfa9dba1-1cc8-4c22-a5c4-02c43b4af122,0.58449309847055,207.77999999999997
479ce5b5-8b04-44e1-ac7a-bd4d37813789,0.58663641935885,224.77999999999997
e8453590-547b-4bbf-82f9-d9572c22c862,0.581612229314,282.78
75a789c0-5b50-4e79-9dca-98f55c1cc814,0.58658062701725,216.77999999999997
2745597c-a406-4f7b-a114-a8422453ca97,0.5848989364181,160.77999999999997
8f4e4273-706d-4c12-865a-5e178f53c025,0.5901472717584,242.77999999999997
af9183c8-6545-44b9-80bb-603e9786d865,0.58156828991175,268.78000000000003
42b0eff3-1959-429a-aaff-94998bb835f1,0.5836359681396,223.77999999999997
d46e0e63-8d38-480b-bafb-23450d15ae9d,0.58475409234155,233.78
d9cae284-f6d0-480e-903f-637ec126a70f,0.58512375589955,267.78000000000003
5dfe00f0-4651-4a0a-a8ad-a9af1dc5388d,0.58537159928665,224.78
abe2306f-5e54-40dd-ae82-8db036c7e88f,0.58723709890125,166.78
35bb556c-9f03-4b33-a316-e27286104796,0.58514117252655,221.78
5881e8f2-5512-4c52-b587-3c26144e02d9,0.5817937850152,219.77999999999997
125ba74e-2bfb-4e42-9c34-03f6d8475c73,0.58269289854765,264.7800000000001
0d73c4a4-81cc-41e6-923d-1a0fbc1f4d02,0.58499096023145,263.78000000000003
587cd651-79d0-4d47-8a6d-10ee6fdbbb08,0.58449309847055,207.77999999999997
2ceef134-dcd3-408a-b2f5-2b38c91addd3,0.5852278383392,240.77999999999997
ff1b9898-f0f1-42c9-8c0b-82e2d6aa8894,0.58274224461065,231.77999999999997
3b020cfb-df16-4166-a76c-cc93c76dc220,0.58658062701725,216.77999999999997
6e85d8a4-14da-4e7b-8f25-0c2fd9027085,0.5848989364181,160.77999999999997
ebe0044a-9552-4c0f-b54c-b0fd39944ab5,0.5813564008935,259.78
06eedfac-4ef7-4422-b9f0-a3b665e6ed1d,0.58479598219685,259.78000000000003
117f9ef4-beb0-487e-bc80-345e17586ef0,0.58274224461065,231.77999999999997
0fce3ca5-4c76-4e58-8458-7d8dfedee198,0.5823662815716,262.78
644abebc-eae1-4ae9-82ff-2e114c32c8b4,0.5846682203128,277.78
d5ce5e2c-a6d0-4f28-b190-87da1f5a80fe,0.5845360255517,265.78000000000003
338938a1-db63-4fe8-9f55-2ca6f9f351fe,0.58723709890125,166.78
72383547-b8d3-4fc5-8cbf-d981727a2cc4,0.58514117252655,221.78
1c1d9bf1-7f56-46b6-91ed-d9d548caf6dc,0.5817937850152,219.77999999999997
ded8bd4f-ee48-41df-870f-ff32348ab915,0.582670035764,266.78000000000003
48e0f069-9bee-4860-a9c8-9e9c630cc9ee,0.57959328398165,263.78000000000003
510fb2e6-f8a6-42c7-99e3-a9fdf65299c3,0.5858123623182,250.78000000000003
0574cf8a-0851-4aab-86dc-d818de380db2,0.5827716961468,242.77999999999997
c97c2132-7f65-47cb-bca1-f8f21d76f138,0.5848575830161,243.77999999999997
c4944c5e-c25c-445d-a7a9-c305ae494362,0.5864009447752,231.77999999999997
90b0ca0a-2ff0-4a97-bfaa-e3c40a79fa7e,0.5848989364181,160.77999999999997
105c7fbc-a79c-4ca7-9e80-0d245c48641e,0.58288971964735,243.78
71035fd2-ebad-47fa-865d-0c820e86b5d4,0.5857533460794,255.77999999999997
d5c70c1b-a016-461f-a7a5-e238dc4516d6,0.58683201265535,224.77999999999997
b385fb27-695a-4cfd-b6c2-44d72a8519c4,0.5847137859527,286.78
4058dea7-3328-4b5f-ac44-7b7e1b8c7013,0.5833571274168,192.77999999999997
a6fb1717-e8f0-49ef-be3d-4d40b8e6a77b,0.58080433525745,272.78
e0d60774-c170-4eb8-a83a-252c03e67b5a,0.58723709890125,166.78
f410511e-e265-400a-8223-85d7face9ef5,0.58538438326945,237.78
8bca73fd-96da-4fd9-848f-8ff61abbda54,0.5802523503369,241.77999999999997
8911fbd4-4950-4f6f-b5b4-8ad538602164,0.5855916875924,235.78000000000003
ef3c1658-24c9-4636-808c-da336f800857,0.5858123623182,250.78000000000003
07c81c43-8944-48cb-88a6-cf5df32c1d26,0.5807923591551,244.78000000000003
7d163732-639f-4ac0-a5b0-0881ba11a18b,0.5841154779184,278.78
7a854638-85ec-48f1-bc6e-bf7a7847ec9f,0.582670035764,266.78000000000003
ceff9807-e2eb-4e73-b080-7e930fe15ecd,0.5864009447752,231.77999999999997
0041a7b1-714d-4281-911b-f3109babf4d6,0.5848989364181,160.77999999999997
61e0de3a-238a-4f9c-9f80-106cae5728b3,0.582670035764,266.78000000000003
bc18a77e-3005-4530-9a18-1f4a81628535,0.5863448729144,213.77999999999997
8d2bcdf2-a3ae-48fd-bb42-cefa6a8d9548,0.58683201265535,224.77999999999997
ea2fb89b-2607-4b3e-9530-7a7b16ccd5e9,0.57959328398165,263.78000000000003
087b1ff1-2fcc-4dcd-9222-03b0387b8428,0.5833571274168,192.77999999999997
38674fea-0955-4d4d-be01-0dc2e9740aa6,0.58505440184635,251.78000000000003
0ae89f32-3869-4e22-903a-e67db25d6553,0.58723709890125,166.78
9f408b49-c5f8-440a-9db0-37c4b4f760a0,0.58538438326945,237.78
323a403c-ae73-4a2e-96eb-2ec7c9bf2e32,0.5875280767916,218.78
eb615a39-85d6-4477-a2a2-c710f8ba10db,0.586322741122,256.78000000000003
1812701f-6637-4a98-a2e8-36c084d76722,0.58301395779015,216.77999999999997
dd3cd2df-9fec-4ee8-9287-4d7e5d98fa01,0.58505192017575,232.78
e27b7467-87e9-42ec-86b5-24d0510c9796,0.58334168469285,249.78
2b42dd32-9ec7-4d26-8038-d6271503958d,0.5869482835617,219.77999999999997
cfa5ac2f-e20e-4666-88ac-615ac819d350,0.585235093986,238.78
805b723f-7397-4d03-839b-e0ecab70f0df,0.5848989364181,160.77999999999997
9e6e4e33-56d8-468e-85b8-21fe2e5519a0,0.5830670209768,235.78
db8ff64c-129c-44e8-98a5-b4f649419fcc,0.58490296587885,219.77999999999997
e98acc56-f6c2-4606-833d-4992ae4a3368,0.5827926834078,195.78
f6567b6f-b3ca-4e0f-80b9-7c34be3306fa,0.58300557089285,271.78000000000003
246babc8-8d67-4052-a545-c6ba5c136b0d,0.5835526386688,259.78000000000003
3753fbfc-a646-4266-a95b-2224972cdd14,0.58233409066295,252.78
2f59d72b-2663-4841-bfe6-1201896ddbfc,0.58723709890125,166.78
601efcdd-5e5c-4241-a969-4e72d7e91d93,0.5841521588228,255.77999999999997
8bc82808-54ed-400e-aba4-368ebd87fd91,0.58319081585185,228.77999999999997
c573bac5-db60-43c3-9de1-4d5281354994,0.58900685834005,237.78
43451425-46b5-46c3-9b8a-916e543475f9,0.58301395779015,216.77999999999997
dbb89af2-e5d4-44f0-a183-dd659a08d9cf,0.58715315380665,258.78000000000003
931dcf75-b62a-459d-b500-271f365235e9,0.58411113468845,229.77999999999997
f3bdda4e-60a0-40e5-9f19-9585dc9589fb,0.5869482835617,219.77999999999997
8331d0c4-9e64-4229-94fb-87c7328c111b,0.5831816934496,225.77999999999997
24e857de-b680-4eb0-ad7a-bda526aa0144,0.5848989364181,160.77999999999997
e558bcb8-4e54-48d6-9dd4-84ee89b1ab37,0.58301395779015,216.77999999999997
9103da42-5417-47e1-8ec8-e96a18f2d1c5,0.58490296587885,219.77999999999997
57a05000-7299-4fd0-bc4f-4df92f056307,0.5827926834078,195.78
3ccd17e1-d021-4b63-8757-382640233b46,0.5840983471467,246.78
a18200f4-0758-478d-9097-a994b74717d0,0.58719160477225,229.78
1fe708c4-ed58-4816-9f2e-3c56914ed708,0.582677061438,240.78
4d05a2ff-1888-489a-a9ba-27493e66232b,0.58723709890125,166.78
7a46e369-0ce5-4c8c-b89b-21d44074ea80,0.58334168469285,249.78
7166e982-3f05-44a9-99ae-1c859b697f7e,0.58695694443155,232.78
6d79586a-b881-42ed-91b2-ba810b627463,0.582643568466,274.78
1c85f09c-2bbe-47d6-bb18-a1c3a4962131,0.583893508522,235.77999999999997
c245f2f4-6bbc-49d6-bd7c-5bc4479bd825,0.5855128684048,250.78
7da027d3-3a24-42ce-8f65-c982fccc53c8,0.5844583296903,220.77999999999997
21ab045a-ddf6-4575-897b-1e63e1164c3d,0.5857811958715,199.77999999999997
2e0cfc45-ebbe-4ee4-bd63-40f1385eb65a,0.5837700065768,224.77999999999997
72ee318b-7008-4637-a63a-f2612dabaafc,0.5848989364181,160.77999999999997
7bbeeeb4-b02a-480b-9956-a675d6331390,0.5848720419478,209.77999999999997
3e1275c7-bf51-4884-b145-7a9994cb8eac,0.5837603962536,218.77999999999997
dbb9c3d0-dc07-4143-baca-671a9118fd45,0.58437587022755,246.77999999999997
06ce892e-0c84-4c0c-8cfa-42f7147df9ad,0.5825337631964,239.77999999999997
de5c6572-9bef-420f-891a-ec729e71d690,0.58415267634715,220.78
14854b45-7e88-4807-92c3-beb1a5df696a,0.58502830926135,265.78000000000003
015d2de0-c92c-4042-a3c7-a5c06fbd3c95,0.58723709890125,166.78
1deeca62-06cd-4e86-8483-a6172a256ada,0.5883970640471,207.77999999999997
5ee7e671-ae4c-4408-9a11-de174c1f0c19,0.57933346167495,236.77999999999997
4042267d-995e-465a-a1b3-530ca87f2a0b,0.583893508522,235.77999999999997
44cc06d8-bda1-415d-a546-a4d13851d157,0.5869511578174,273.78
29e7252a-1ef5-4620-9aa7-28dd66203bfe,0.58601011889635,263.78
470145c7-5c25-4a6d-8632-777ed6f92ca8,0.5857811958715,199.77999999999997
76ebc817-f83c-4a42-b729-ae94f497885e,0.5857811958715,199.77999999999997
0f826c08-36e8-41fc-92bc-153ad22ffd88,0.58937769106165,267.78000000000003
fd940e24-6a3a-4b8c-b6a0-e51f087e51f8,0.5848989364181,160.77999999999997
1fffc658-fb08-45ce-9ae7-c9c415912e6a,0.5848720419478,209.77999999999997
9936c0e3-6bd6-4135-b5d4-03920575abd0,0.5837603962536,218.77999999999997
e3fb933a-7d0f-42a2-9049-d05e250aec7a,0.58548749864295,257.78000000000003
05eae9e0-89d6-4dd7-b7d9-b42f4fa2c8ea,0.58743456150185,248.78
fd7cb2aa-de98-47e0-a92e-fe57c54b222e,0.58797052570325,231.77999999999997
ca008b69-48d5-4cbf-a21b-e2397d74c2e0,0.582643568466,274.78
44bdb14b-41c8-4c40-bc47-4c621cfa5c03,0.58723709890125,166.78
553707e2-8a36-4a6b-b68c-43578e1d4454,0.5883970640471,207.77999999999997
d4102c5a-ecb6-4065-8d40-bd6022042c85,0.5834213158633,223.77999999999997
1381dc31-9478-407f-ae57-b959e877d446,0.5851717825699,251.78
9d097664-5ad8-4093-839a-1063b7ea72fc,0.58741388383795,253.78
6003e916-44b5-4ffd-afdf-72f4a80705d6,0.5848946040915,229.78
f979e40e-f834-4750-8383-f9a6a5460e7c,0.5825636076279,247.78
8122f308-8926-46cf-bdac-a762e1393d30,0.5869346518015,201.77999999999997
9145209b-1844-49f2-a5bd-a644ca50d7c9,0.5846233573649,222.77999999999997
d39dc7fc-8dda-4fa8-973f-20d867591195,0.5848989364181,160.77999999999997
a6b18ea3-18b4-463e-8297-5e07e585ccc3,0.5873114028083,187.77999999999997
a568761c-0f1e-44fc-a1f5-7474ba495b54,0.5820624080777,252.78
45f3c2b1-9b6f-41bb-9de9-d1058f411560,0.58623440797675,273.78
1b06eaee-b642-4257-ac19-1cc345669f8a,0.58620258683155,210.77999999999997
0d4a3a44-a44e-47d8-932e-56a819090c92,0.58640609023655,222.78
808854e0-42a0-45bf-81d5-ad1d9bb8125c,0.58547459786095,249.77999999999997
bd20f208-a1f6-40c3-b2af-e7903920b102,0.58723709890125,166.78
c48fc099-c909-44b2-8f2f-d0b5a4fa610a,0.5835351712325,225.77999999999997
fe544461-d43d-408e-944e-2b17f352b988,0.5862904433667,252.77999999999997
730dab99-4d67-45c1-b138-e0ce0808ba06,0.58741388383795,253.78
862e4e67-8440-4593-a60e-f44695573af7,0.5872893642063,244.78
2071651b-96ee-4e44-9e39-9387639734f3,0.58387902454,217.77999999999997
dc88c684-982c-48c9-b09b-a39fb052db44,0.584621639349,240.78
bebc88dd-59ec-4246-a526-2452d03a0dca,0.5869346518015,201.77999999999997
0525d760-5cdc-46cb-9bae-f72dae40a6f8,0.5846233573649,222.77999999999997
d207e137-2e25-4a6b-8917-71742dab8929,0.5848989364181,160.77999999999997
a00172c1-a036-4658-ae36-aa1906274afe,0.5873114028083,187.77999999999997
5140bf22-ac25-4256-890a-0c35511cde9d,0.57988019159935,257.78000000000003
1ed138fd-398a-447e-a61b-4d81fe0bb3bc,0.5825636076279,247.78
21fb1dc2-f850-4f33-bcc9-62a3d3b8b369,0.58620258683155,210.77999999999997
c2b450c4-4eaf-4fbd-9210-64df44e7ff7a,0.58464769975775,229.77999999999997
80d95e10-284b-40bf-924e-370945131fc2,0.5833380046918,232.77999999999997
7ed3702a-aa21-4b84-a08c-cb71ec5bf8d9,0.58723709890125,166.78
f34fb84f-34d4-45ce-b8a1-bad7ecc6166a,0.58438092755615,266.78000000000003
106242f0-4a49-44d1-890b-5918e9caa726,0.58451842651355,219.77999999999997
291c5e03-a2ea-4b41-8653-a6eca3138635,0.58531775277205,262.78000000000003
f892c134-9731-4cb2-801a-d01b61749a5d,0.5848319694238,213.77999999999997
e3cb3eca-12bb-4d5c-9728-ebb47792128f,0.58331126304065,240.77999999999997
866892df-1291-472a-81cb-c0d1851f569e,0.5838129763137,227.78
133cab4c-1d61-45ef-9344-4e8228d66be5,0.58501314192415,226.77999999999997
1b3d985b-1d1b-460d-9908-8f5850b4fcb6,0.58717397573585,224.77999999999997
9ad4d6ed-cd7b-4b96-b908-1d194f900b3b,0.5848989364181,160.77999999999997
47042a07-9101-4e2c-ab6d-edd627288a14,0.5854668558253,232.77999999999997
035f66a8-cc93-4939-b4eb-800e65cbb867,0.58630225979385,208.77999999999997
e1c69d9b-4b82-41da-bb83-98b98faa06f8,0.58325294193545,254.78000000000003
3d63f8b4-6097-4730-8b10-cf56e94fb4c5,0.58367670142345,229.77999999999997
6c11692a-aa7f-474f-9f7a-61e0d166155f,0.58266001687745,267.78000000000003
8f215014-7ef6-4f35-95d0-4640343a4412,0.58251993464105,205.77999999999997
348d0fdc-4163-4bf2-a315-48169d015103,0.58723709890125,166.78
95220b49-9dbf-4210-9612-900631a7567f,0.58402131728195,262.78
402f8a2b-0958-4ae0-bc96-da67de0ecdeb,0.5878260121413,213.77999999999997
f629ed8d-0b2b-40f4-9c12-52694ae0ac1f,0.5845744081762,235.78
c8077813-3900-4bd7-859d-74b6aa2d7e69,0.5848319694238,213.77999999999997
2a9d4fee-5149-43a0-b018-e929d48651dd,0.58584154128275,233.77999999999997
27254501-9a26-4ffc-8e77-4657ba7d98c9,0.58747272433355,213.77999999999997
7b74151d-1102-465d-8a7e-70f25d9a024b,0.58584773994755,205.78
6b302f4e-4ea7-4e8e-9eb9-ff8b4780b361,0.58531775277205,262.78000000000003
f75c3940-a39e-4f8e-a0d3-eb5242473ace,0.5848989364181,160.77999999999997
d4e48226-0ba3-4f42-a83e-59aed855fd94,0.58378485883975,199.78
825ade97-878e-4f27-9235-9a6b3b19fc2f,0.58630225979385,208.77999999999997
403052ee-1f09-4611-9d8e-08cca821feec,0.5848319694238,213.77999999999997
bf51044c-d3dc-4293-8ada-ac866edf7b48,0.5835306599146,231.78
c876d1fd-c5d1-4adb-8b1e-b43f1b1acf2d,0.584516118686,271.7800000000001
cf9b0ca3-efdf-46de-aa22-c4f1a2c2a7d1,0.58251993464105,205.77999999999997
daf1bda8-1a72-4353-a571-2d8c5afd84da,0.58723709890125,166.78
72061abe-4399-48b9-ac13-3eaf89214fdd,0.58432940104505,191.78
6731fc63-7d61-4bd1-873f-c9ed69c14e20,0.5878260121413,213.77999999999997
b1657bca-65aa-4e76-8374-51e97d9d9cfe,0.58351564192515,267.78000000000003
99045d78-1535-42c6-a4c0-f935f11d2082,0.58369208966995,222.78
fa8eda2a-d23c-458e-a908-4c6ccae8bf44,0.58602499071745,204.77999999999997
66a666e5-9b7d-4a6b-881d-f28f5d64cc7e,0.5838557105031,265.78000000000003
7e7688eb-f569-410e-b9aa-479c28983a26,0.5831563133211,221.77999999999997
98a4cfb4-fad3-4bf1-85b3-561bc5ad32ac,0.5863940397677,231.77999999999997
d9ffb4f5-01df-456a-be57-c6958872530e,0.5848989364181,160.77999999999997
f20e949a-949e-4d8b-aa3b-14ae317e9525,0.5830912810695,188.77999999999997
ad890916-1033-4599-bfce-46fda931c501,0.5821096038834,277.78
43e33bfc-c75c-4d47-9e18-c344c55a437f,0.586927631462,215.77999999999997
e246f5e1-e9dc-4e04-aafe-5b94cd866706,0.58552302603345,279.78
bff86263-8361-4448-bd45-bd3f58149c2e,0.58683784284835,222.77999999999997
24649fc5-423a-490d-b799-4737e5abc12f,0.581077914797,280.78
0d772937-744b-423a-b38f-21fa89c292eb,0.58723709890125,166.78
c04b5c05-428f-4a75-8d81-be08fbf3762d,0.58459143485495,260.78000000000003
da3dbcdc-085f-4893-8585-4e71e182f706,0.58448753766445,208.77999999999997
104949fd-b79e-4b29-8a21-4aa383d1abe2,0.58351564192515,267.78000000000003
84a2caf9-19a0-4f81-b536-1221b25140e0,0.58584946073555,238.77999999999997
85d74f68-d1c6-4682-b40b-2379087a4353,0.58602499071745,204.77999999999997
4df73228-df83-4bef-a155-9e674ba501c4,0.58351564192515,267.78000000000003
5aea7e1f-6a40-4ce5-a555-c1261e8b806a,0.58664416506995,219.77999999999997
5daab1d1-7144-4267-8aeb-130e428b9334,0.5815648854715,263.78
b5515eca-976d-4bde-a160-07a1f92949b7,0.5848989364181,160.77999999999997
030d7bea-ab5d-4960-b941-aaf458a83878,0.5830912810695,188.77999999999997
0344bde7-3bdd-4170-b37b-a33493932e8b,0.5854108117048,169.77999999999997
ba05ce45-4596-4f98-97d1-0cd46d7bf0c5,0.586927631462,215.77999999999997
c7083df1-f247-446a-ba7d-fab27b4ae7ea,0.5830415981711,249.77999999999997
56d43579-e907-4415-b132-665af423884a,0.5857821383401,228.78
6b992e12-ede6-4c66-be69-11d5e6e4eaeb,0.58094661025005,215.77999999999997
0b077430-2b9e-4138-8c7d-985a1c0144f4,0.58723709890125,166.78
373e1be1-a51c-45db-9cd2-8c5e42eae6c5,0.58369208966995,222.78
35236de3-7293-4f42-9316-97fc48c56f05,0.58448753766445,208.77999999999997
956572b7-77cf-48de-bfe1-44ea3ae74293,0.58356790482075,282.78
459fef79-ac3a-4d76-894f-cf4bf5aede16,0.58580278339645,229.78
26340db2-6df0-44c8-9f24-0891a8185858,0.5867083686048,230.77999999999997
0e978d7c-6611-4c36-b184-23e6f3fc466c,0.58509851356935,184.77999999999997
3d1f902e-bae8-49ee-9dac-6282f2fba5f7,0.5848043107638,201.77999999999997
cbbf477e-5417-4b85-863a-e6bcc8f14a4e,0.5871334373466,258.78000000000003
28104731-78db-4dad-a075-b8d6b2fed26e,0.5848989364181,160.77999999999997
f79cf753-9657-4ed3-8cbd-fc85661a71b4,0.5829763713692,214.77999999999997
cfb0e450-0701-4066-b74e-7ef3015c35a7,0.5837132377393,204.77999999999997
614b4084-a8f2-4683-a01b-c8fd2d4e16d5,0.5849938411154,239.77999999999997
10de7480-55a8-48bc-9979-0b350b37fe27,0.58589244672645,223.77999999999997
652f2384-f110-426c-9f6e-9ef903dcdfbd,0.58202548459685,270.78000000000003
52eb3be2-8488-4ced-8b85-a6bcbe5a59e7,0.5856857118667,214.77999999999997
f8a364a8-a72c-472a-b040-2b08034c7bed,0.58723709890125,166.78
f619b038-db1a-4369-a02b-f0bf80093837,0.5845663626765,229.77999999999997
1ff7c22a-15b1-4199-b80e-4713726b52c4,0.58404053334045,212.77999999999997
e30a5bf5-e9d7-4e8b-8ade-0f97e9bf6aa4,0.58542484241285,287.78
8f57c3eb-dc96-41fa-9284-58d10d4e3ea2,0.58297162710635,217.77999999999997
b1d3b478-98b1-483c-9c6c-1d2e51ab8317,0.58559197791385,239.78
755edd5a-1b67-437f-9700-b78fcd8b5910,0.58509851356935,184.77999999999997
18a98846-61ad-41fa-bdbc-be1adf1fe72e,0.5848043107638,201.77999999999997
e0e9ff16-b6c9-42ce-87f2-8fad4a833908,0.58356790482075,282.78
67d1ee29-a5e4-4c3a-aeec-004baff83c9b,0.5848989364181,160.77999999999997
7493649b-851a-43ea-962e-ef2def16b558,0.58477382103435,234.77999999999997
57b87743-4a08-4d8b-bc14-184f2fe28c69,0.5837132377393,204.77999999999997
59a43e5e-f866-4884-9b27-457a9423d916,0.582444186215,261.78000000000003
8ecad94c-dc2e-453b-95c3-96e807eb3fcf,0.58405534247895,217.77999999999997
57173a60-e53f-4c73-92bf-34768a9425e2,0.58482654635345,255.78
34f01f11-3071-418a-90d1-cb319a44df72,0.58356790482075,282.78
f6c597e3-b7a4-4a2f-a453-0e189f69a9ab,0.58723709890125,166.78
77d618f7-d9ad-4c9f-9b41-17c93a6b5fc7,0.5867083686048,230.77999999999997
3792dec3-b37b-42c3-9130-0f8bb36a34e0,0.58404053334045,212.77999999999997
5da5d74a-de4c-4937-bfea-5c1bfccfd541,0.58566018225385,237.78
fcf955f4-9298-4dcc-879b-11df2c8fb000,0.5847007251976,263.78
49c752a9-2416-4389-a790-607f6dece3f6,0.58645875036385,211.77999999999997
d486baa7-63ca-4ddd-a871-44458f597188,0.58664876002235,199.78
bea78a2b-eaf4-435a-95b4-880d35813ad1,0.5840053011096,219.77999999999997
fee5a749-d9ea-46e3-9c8d-38770c2fc909,0.5814590411888,213.77999999999997
09306926-2726-47d1-94d0-7363f03f21f1,0.5848989364181,160.77999999999997
32f0364e-e785-4b77-b1ad-36aee402f7aa,0.58326588952135,292.78
42577efb-40c0-4d38-bc8e-f9f8a4ac04aa,0.5835326675011,245.77999999999997
ef7cac12-8d1d-4935-ba63-dd8ffbc24ff4,0.5842276844592,243.77999999999997
7bd85a9b-a0f2-40e8-b753-9342b81fe3db,0.5845863573451,240.77999999999997
231fab8a-5244-47d8-ad35-a3a5c6237eec,0.58194134310985,259.78000000000003
0ecfb39a-2534-4086-a2a6-cc9fd4a6f1ae,0.5828868714446,260.78
3bc44ffb-9981-409b-9ee2-d665988a6cf9,0.58723709890125,166.78
acffd84a-2d81-4be1-89f5-0c9bbd98eb02,0.58574544419355,240.78
fdd406e5-39d4-4e5c-a4c4-9dca04acedb0,0.58215249266135,210.77999999999997
a8c16976-cd26-428b-a93b-7b0baf1c4c51,0.58249314546655,223.78
27404b7e-5ef7-4cf8-87ba-1f7d1e747e00,0.58645875036385,211.77999999999997
8de03905-7cbf-4cc1-a9f5-e2e15acfaaab,0.58645875036385,211.77999999999997
716ba0d9-fee6-47a5-bef6-53a90c06fe34,0.58664876002235,199.78
63fbe72b-1a58-411f-a189-507ca7894eb5,0.5814590411888,213.77999999999997
8178ad49-7c04-42ac-b5b1-89a67e649838,0.5814590411888,213.77999999999997
eeae199d-f182-4ae3-8e47-e6565c44ad6a,0.5848989364181,160.77999999999997
d143562f-1bd8-4448-9adf-0908f58025dd,0.58537527168615,239.78
5dd42446-388e-4a5e-967f-7bc1283f5a5e,0.58566018225385,237.78
17386628-d0ed-4115-86aa-4b79f0e35d02,0.58515774762985,225.77999999999997
ce98b9c1-f18a-4b5f-8755-e5e9788fded2,0.58639196993875,290.78
4d568179-190b-45f5-ab05-e894dd667142,0.5865663761589,221.78
181a34d5-8f41-4ce8-b704-a04421d9ab9b,0.58566018225385,237.78
4cd4049e-3d8a-4254-97ab-c60b23c24fd5,0.58723709890125,166.78
b6492299-8c62-4c65-8129-539ef8591347,0.5823605278358,258.78
f192d3e8-c7fa-46fe-ab34-ffd4a2214f9f,0.58215249266135,210.77999999999997
77d90c01-9c3e-421c-9df2-30778879d13c,0.5844055099814,234.78
2362f476-e7c4-4fe0-8c9f-3c28b6a80df6,0.5848099326512,226.77999999999997
3776cb90-551b-46a8-84ad-3e65ecc1e7ae,0.58479400993045,213.77999999999997
967a6b9b-60b1-4cde-9546-5d5ff95de69e,0.5853407031198,250.78
b71f1aab-7384-4615-9721-5fc80cb15bd2,0.58333045668585,220.78
8d20cc35-05d6-49c5-ba12-b9330805e164,0.5851752291064,242.77999999999997
f3cc1338-0899-4e36-b26f-5fdffbe2d8d0,0.5848989364181,160.77999999999997
faa4c590-463a-4f65-a28d-2f1d6c9f5487,0.5870047829619,272.78000000000003
a5e21002-8ce6-4bea-8638-65279f77840f,0.58814872429975,218.77999999999997
bf149870-9955-42f4-9282-e32fdc120c79,0.585707882579,205.78
b0647bef-0cdd-40c1-aa24-0a66c992b332,0.58428456697155,222.78
cb3c2520-ccd6-4766-b0a2-b64a5c3f5060,0.5830163982243,264.78000000000003
7eebdcf9-cc2d-4e4f-a56c-3c86bc37e4ae,0.5846109689431,208.77999999999997
f4a9aa96-ed50-414f-92a2-90e5b83c9eb0,0.58723709890125,166.78
679fa093-398d-4408-821b-3be1e1c0f1c2,0.587567030134,246.78
0a232a0e-3f60-4140-9553-e4dddf795ddb,0.58268364363905,279.78
460adb3b-32e5-4006-aa1c-6084737b5a3e,0.5856237505077,228.77999999999997
950df5d8-27f3-44f2-99bb-6b1466c9d5ae,0.5835682471943,230.78
ee7eff9e-81e8-4905-9e0a-44e6dc5bb4a7,0.58479400993045,213.77999999999997
452b3b23-ba69-49a7-b3d6-50e5c70f757a,0.5845856065647,259.78000000000003
e431fd91-c09d-4018-9ddb-a8133f0c065d,0.58333045668585,220.78
14c54092-c3e7-4abf-bf3a-fdc53595d0f4,0.58516372719735,240.78
31cb704b-a1c5-4840-917d-b498892da27b,0.5848989364181,160.77999999999997
844a3e93-3b2b-4ccd-88d8-2032de0a1271,0.58513060390785,244.78
12c9e631-0c4a-48b7-8a01-1a5d67ba8d23,0.5855885913389,202.77999999999997
26cb4a62-3f62-4425-a883-aaa226f85ce0,0.585707882579,205.78
cf426854-e692-423a-9af8-0a13d7619de8,0.58175442230285,246.78000000000003
fb6f40e9-dac5-439b-8a0d-3997d49a66e3,0.5844055099814,234.78
fdee5e82-bbbf-4737-8f4b-3964fecf03c4,0.5846109689431,208.77999999999997
0ae768bc-d229-48a8-b9e7-895b2ae3d3f1,0.58723709890125,166.78
5d9b3e4d-cb76-4942-a55d-b77244a64b76,0.58467355289315,231.77999999999997
7c20356f-e7d0-4aa2-b1e1-b37ab969ef09,0.58564732765625,259.78000000000003
2859ec74-8c21-4551-abc8-ea47d9e8caa6,0.5829612162688,239.77999999999997
4789c8b6-ac7c-494e-b870-50cbc7ef888b,0.58653988674645,176.77999999999997
292d11bc-3ad6-4e05-aed6-c0277da10924,0.5883786924926,209.77999999999997
45939b98-86e5-4911-91c6-f05607cde54f,0.58097516023215,212.77999999999997
8be99a75-ac1e-4a8d-af73-37c7cf4f5fea,0.5855234736243,209.78
d757b814-228b-489a-945e-89a0141c8e32,0.5830795027401,236.77999999999997
38cdd541-461f-4523-9464-8f4899e69390,0.5848989364181,160.77999999999997
c987fb3b-6d6c-4c2e-8c14-38dbf7457e6f,0.5848594887621,224.77999999999997
3c031892-388f-4b3c-acf2-f0a11bb94c25,0.5839267548272,221.78
186f256e-143c-4831-ab57-6e1dcf5985ac,0.58227008399545,233.77999999999997
58714590-e91f-4b08-88e9-7f3172774487,0.58440721411765,248.78
faf73be1-9e26-4759-9d5b-9a5cf242468d,0.58637137772255,210.77999999999997
c1a2167b-4b48-4ea7-a7c9-414d620b072d,0.58297070148765,252.78
caaaced7-9dbd-4dfc-a47d-2eb4f0931e37,0.58723709890125,166.78
1149e574-293f-4a75-8178-17797955a638,0.58520821858555,263.78
e8761c54-06a3-49be-ab03-ae6583519a2d,0.58440269152845,256.78000000000003
20befef6-c860-41ab-a740-d4f50f2ff5c4,0.5870885875108,207.78
5265f9c2-acae-405c-b6f9-ef972af29068,0.58653988674645,176.77999999999997
f01adba6-06b7-492b-a84f-38d12e5cd892,0.5877722780107,192.77999999999997
b1ef198b-1263-4ab2-9cd0-b9ac15bb556a,0.58097516023215,212.77999999999997
dd0eb0fd-c6e5-48d7-99d9-0aa6020359df,0.5855234736243,209.78
24c231ea-57de-4ec6-87b2-64061315d773,0.58653988674645,176.77999999999997
b4417f3d-5fba-4d0d-a02e-a00be952f0d1,0.5848989364181,160.77999999999997
cf8facd8-374b-4f5a-a4a2-ba6952f2ab6d,0.5829612162688,239.77999999999997
4af9b78f-2f45-42ad-a518-d84cbd0ee4cd,0.5855659216616,239.78
f20acf85-f63b-4fac-8989-bd06cf57eb0f,0.5833348989416,228.77999999999997
900f50c4-44d0-4292-8e85-28fa7e2385b8,0.5928232344592,163.77999999999997
6f5d3836-1556-4358-aadb-dee7b2183843,0.58637137772255,210.77999999999997
ab8e6584-2e92-4543-8a59-06cfc18ba0cf,0.58536152228375,208.77999999999997
9cfcd03a-4860-4065-9bfb-99de8e038a98,0.58723709890125,166.78
f35ab65a-a814-465f-acee-ea5fea04b920,0.58534803476185,187.77999999999997
40abceee-014c-4f96-930f-cdbdc607f0f0,0.5829612162688,239.77999999999997
d011f5c4-30b1-4189-8946-ccfdd89ee2a2,0.5834499287389,268.78000000000003
25dbbc63-2947-4e85-b560-3058f78ffe13,0.58221047579265,264.78000000000003
3401c08d-e5f3-4c93-979c-a76b41e55829,0.58404639504165,244.77999999999997
3551d8d7-0c52-43f8-a6fc-583624aa447c,0.5836309971901,224.77999999999997
e949a76c-b0dd-43a0-aa1f-9caeb76486d9,0.5826197699632,218.77999999999997
e67bad13-9d35-42dd-a8a1-87b3743c0a3e,0.58450131008895,233.77999999999997
684e1bcd-ce51-4ca6-bb32-052d18a04500,0.5848989364181,160.77999999999997
448a19c3-2769-401c-a16d-e439015b9ca0,0.5866835329395,236.78
337a0fc0-5c5a-4e46-b75f-137f57f37906,0.58577530616765,222.78
da69ea04-fb3f-44d0-8bb6-909be5b1ea55,0.5842525837626,255.77999999999997
352646fb-7070-48fb-bb52-3bbe3e7db255,0.57990035178435,253.77999999999997
d219dd13-a7d5-43c5-ace9-31a2f79315f8,0.5811497106926,237.77999999999997
b8b44cde-0d44-430c-b356-efa2c687688a,0.58512718019745,206.77999999999997
d5e25ec0-b9cc-4ca4-bff2-7a993b4d116b,0.58723709890125,166.78
6e3922dd-c493-4446-8ce5-a0a8258b9a02,0.58397885875355,241.77999999999997
f4c86ca8-02be-4009-b9c3-e8e7046db609,0.5857484062964,223.78
299c8483-9210-4bbd-b038-58dc5616a0d3,0.58255463129705,254.78
3542a941-c95a-4e64-b9b8-a04a0f7ec1ae,0.5858296840114,238.77999999999997
a7beb748-232a-448d-b0ec-b1c222e834a3,0.58293046494005,270.78000000000003
f8ecb948-19a1-4c6a-b0b8-a6be44ec0636,0.5836309971901,224.77999999999997
3865ca53-025f-4e88-bd4f-e90f9af41545,0.5826197699632,218.77999999999997
6a763a3e-c06d-4fda-bf96-a5d436f7fb59,0.5803252864723,244.78
4a955e0d-1550-47e0-b291-1282f8473be9,0.5848989364181,160.77999999999997
d73ab537-e209-484d-84cc-ca2dda45e430,0.5803005224005,237.78
612b518f-06c2-4a54-8ab8-497530de67cc,0.58577530616765,222.78
9a430d3b-e827-4c06-bca8-fe1883ba7ae9,0.58221047579265,264.78000000000003
80848457-d26f-43f1-8f09-51ba5e5bba2a,0.58389820363425,256.78000000000003
93b341e8-0dcd-44da-9d48-9c2c698baedd,0.58221047579265,264.78000000000003
42b64792-5fe2-4499-9608-9e09f7f31ee3,0.58512718019745,206.77999999999997
919f5389-9820-42eb-aa81-941f911a6bcb,0.58723709890125,166.78
e0f9662e-403f-4c77-b6bb-80d194c25779,0.5820758253277,251.78
d3f6455e-837e-4121-8668-cb4334b4d2f1,0.5834499287389,268.78000000000003
707cee57-6d67-44a1-8976-99147f3d0719,0.5863537546497,195.77999999999997
57055710-cbe7-4dac-9326-7f3cdd03df7f,0.58871900084065,216.78000000000003
9a8669df-d13b-427f-b6ee-782cab7900b8,0.584915039491,216.77999999999997
707daf8e-7c1b-4a4f-a892-063285e05c5a,0.5846538626525,215.77999999999997
331fab14-3d01-4631-babe-b500b33385a3,0.58355593055265,248.78
0c82fdd3-6cee-48a9-8b94-336c415c6a65,0.5865354031192,218.77999999999997
7dc8746b-861e-4a6c-8d4e-21a19ea57fe7,0.5848989364181,160.77999999999997
2b057ee5-4ff9-4f1d-aa57-bf094494d7ac,0.5851905988976,236.78
269ca31b-aa24-4b28-8692-946438e17dcd,0.5860006509826,259.78000000000003
f521b761-8265-43e5-89d1-6505db556c0c,0.58225871283655,258.78
5a8398d1-012b-4248-93b6-6abf10b5e4ae,0.5843361007975,249.77999999999997
28c6f185-4268-41bc-bcd1-4d2deec91030,0.58381492640155,238.77999999999997
e794643f-0065-44a1-b620-94be776656ac,0.58466450442215,243.78
b9f103b0-4d08-495e-aafe-9d73ff0041d7,0.58723709890125,166.78
fa4dda0a-1135-492d-99a0-7677619a1f80,0.5831629583149,240.78
ee2d2499-677b-4c09-a018-a1de3b936d8b,0.5832570306883,209.78
5e8d5a99-3ffa-4a3f-8f68-073d2a26e19d,0.5863537546497,195.77999999999997
aa370a04-93e7-4383-9c12-5fb07b76d430,0.58871900084065,216.78000000000003
4ba42913-892b-4aaa-aa36-64f46a21e237,0.584915039491,216.77999999999997
b801a1bf-a5bd-466d-8949-7222a6926b85,0.5846538626525,215.77999999999997
26419b9f-3547-432b-9a70-f6a229f6255e,0.58603748881085,221.78
7135d728-188a-4e15-bd07-3cb751c7de35,0.5851473244122,219.77999999999997
2d41d9a9-4dcf-421b-9671-acc2ab0fb66c,0.5848989364181,160.77999999999997
c00988f2-f22b-46fa-b402-a33d3ea75fe7,0.5861105360365,194.77999999999997
0a8d1fe9-56d3-4cab-afa9-e48af37c0119,0.58504451494675,183.78
1fce0606-b21e-424f-886f-9d677f2429b8,0.5863537546497,195.77999999999997
355986fc-585c-4a88-9f25-3903bad3cf38,0.58424368641575,200.77999999999997
9678d04f-d2ea-4c17-b1e5-17bf8ef792ab,0.58871900084065,216.78000000000003
cded08fd-b762-4ac2-8f0f-1914f3bea0c9,0.58871900084065,216.78000000000003
938b00ae-0966-48d7-9a94-d1447df95bf1,0.58723709890125,166.78
3f9631c8-ea95-4657-b310-6a99e6c1520f,0.584915039491,216.77999999999997
4ef1644b-abe9-4568-9c6b-44ea1791a164,0.5832570306883,209.78
cc7ce007-d9ce-4e69-bd72-7f95c2874273,0.5867495176853,217.77999999999997
98d450b2-97aa-4c36-8516-836cd94f651f,0.5842464112739,212.77999999999997
95b8577b-b2c3-4864-83a5-90c049ed7e01,0.58572188892095,249.78
00a8123b-a8bf-4eb8-b984-9f388c8fa85e,0.5891430968316,225.78
f9a076db-661d-4575-83ff-891121f4b2b0,0.5865569720438,204.78
95bc2c9b-8da7-40f9-9d71-dd71063fb8a6,0.58595317703645,212.77999999999997
0b3142cc-4b91-41c1-b5db-6b43464d150a,0.5848989364181,160.77999999999997
0111398d-d1c0-424c-afb2-8762ccdb27af,0.5820991265541,230.77999999999997
d026d230-0231-44ff-84e9-b19879da9019,0.58497596797945,246.78
1ccb6bf0-bc04-4576-bb46-1386d2262429,0.58258326553495,290.78
2de7997e-843a-46e1-98e0-80e2f7f0f7a2,0.5860224176111,192.77999999999997
baec2bc2-7981-4c57-8ff9-0d087a4a2d8f,0.58050873657925,240.78
95bb9175-3337-472f-bb3c-b787a827063e,0.5850984741316,220.77999999999997
8a0bfd71-6677-4fbf-b7aa-88e95cd1bd8b,0.58723709890125,166.78
75df0444-0e27-44ba-87e8-26ea46ffd971,0.58496907039835,258.78000000000003
9dce1751-b6f6-49bd-994c-a4355c1da85f,0.5847449240174,239.77999999999997
b3a746ea-75c8-41b4-a19e-ffcf8163a394,0.5884287589361,205.77999999999997
58087f00-dbfd-4aae-bd5f-c88b56db063f,0.5842464112739,212.77999999999997
09f2f936-eaa7-4a41-99c8-c1ff848b3d53,0.5842464112739,212.77999999999997
04d68be0-9fe6-4146-a2a9-289250c9a775,0.58258203633405,227.78
45441580-ae9b-4786-81d9-4c8907a9f85f,0.5865569720438,204.78
5187607e-4237-44c7-8d7d-4784dcdfd3ec,0.58595317703645,212.77999999999997
891182aa-3cc5-484d-b1d7-d50edfd3f9a7,0.5848989364181,160.77999999999997
b0c77cbc-1534-4313-9b2b-61de17d18418,0.5867495176853,217.77999999999997
d9b018c7-df26-49bb-b173-ff27bfee00bf,0.5859071099538,221.77999999999997
c32f469a-a26d-4c48-a3c5-fca3c75375fb,0.58204790159925,231.78
33279dee-c746-47d7-8ca4-392e677999cb,0.5860224176111,192.77999999999997
abf8e50f-2129-4d68-ae86-b28115e4b1f7,0.58595317703645,212.77999999999997
f057e816-296c-45e4-ae60-7727609008e7,0.58544921822735,217.77999999999997
76c786d9-8874-4886-bc17-7ad8a743393c,0.58723709890125,166.78
a590d232-0413-4a85-ae48-b1e42ee7b57b,0.58473053187495,222.77999999999997
55b9097e-1a78-4fb8-bd52-930cdb514db9,0.5870458402059,238.77999999999997
33f826d8-cf11-488e-93ab-a7aa7f26c288,0.58267894143275,217.77999999999997
454f598b-9ad0-40aa-8c7f-5334257df599,0.5849738377944,218.77999999999997
f5ecdb4a-7295-4384-b15b-b1e75f0af860,0.58772791858585,237.78
bb732e08-fc45-4a01-acde-e371d900f14f,0.58259625087685,215.78
39974d92-076c-48c5-9eb2-35f608b6bf96,0.58676447500695,211.78
00a238f5-eaa5-4a1d-95a2-2c3b2f8973f6,0.58176032584905,223.77999999999997
0352f231-f501-450c-8d12-3874eba01438,0.5848989364181,160.77999999999997
0b8873c1-6f66-45b5-b5cf-f73072345e94,0.5850958116502,249.77999999999997
ee6dd2e2-1692-4268-bafb-bd37bdb8e7e2,0.58570145305555,203.77999999999997
2182ab39-1acd-451f-9aab-3e6ba613e76c,0.5855620776956,221.77999999999997
44a227d9-ab89-40ee-ab64-2be90f6d1f96,0.5845487637702,202.77999999999997
5f0c7a78-d32a-4fb8-915b-9a8aaad87307,0.58140376022535,251.77999999999997
905f9d4f-f364-41b5-8670-86c4d7344109,0.5854947923415,197.77999999999997
35652a07-ef08-4849-846b-2015776b1c58,0.58723709890125,166.78
f2bb2d1c-90b5-4004-bc4e-cc46af5b6a97,0.58433576000115,220.77999999999997
0220971d-237b-4193-a2c8-70e2da426b96,0.58234389278855,232.77999999999997
381647e5-a7c1-4a51-852a-6eac952ca90a,0.58356955612675,237.77999999999997
a36ab042-e10e-4654-811f-26f48543748a,0.58267894143275,217.77999999999997
9e3ca2f5-32f8-4cad-a2aa-ec7d5c9c70c4,0.58267894143275,217.77999999999997
be56c470-5716-4473-83f2-bca4733f44d3,0.58120253237545,258.78000000000003
da437b4b-1ec9-4c33-a8a3-571d67da1985,0.58676447500695,211.78
bcae07db-57a5-49ae-a9b9-48fef0152343,0.5829737871175,226.78
34e25f14-0edd-4df1-84a2-1fa504c76f5f,0.5848989364181,160.77999999999997
7d1ba0e2-fdfa-4a6f-8b31-f7d3f4d82966,0.5861421412831,222.78
3fef3953-e4e6-44e5-9907-13db12dc0ff9,0.58570145305555,203.77999999999997
cddc698c-47ed-47ad-87a7-ab1a72a9b620,0.58520222042715,202.77999999999997
791ad015-3e8d-43c8-8f28-b6665f1d3be0,0.5845487637702,202.77999999999997
f1187d74-8f26-4b30-abcf-b2b3eb8322dd,0.5867295709267,198.77999999999997
e70b36b9-3cee-48ec-8c31-92560b782772,0.5854947923415,197.77999999999997
21fa4db6-8c4a-41c0-9fb6-11824339b393,0.58723709890125,166.78
7f009d57-e202-47ef-a567-b4ad9a067f60,0.58598206701615,206.77999999999997
1e6f8d60-c394-479e-8eaa-5e5c0f9da680,0.58390472238325,200.78
3eb71239-c1b0-461a-9acd-3cd16a60f645,0.58544282722445,243.77999999999997
cc2269ba-f889-4968-b571-2f3fb6f6575b,0.5845993778497,269.78000000000003
aeb97fe8-e0bd-4d14-8724-b592ffb61c03,0.5802921120975,279.78
81dbad08-28f0-4664-a3dc-2bbf14317f80,0.5831594920418,261.78000000000003
71c822a0-8afe-47f0-8693-6b7c456848c5,0.587130616367,234.77999999999997
4720fd30-8be8-4fa1-bd9b-af22b606c95b,0.58371454178405,220.77999999999997
c7100ca3-ce35-4e05-a410-0d05be3ded6d,0.5848989364181,160.77999999999997
c2e56e7f-5e62-40dc-bade-36a596cb9463,0.5890170910378,228.77999999999997
a9d5ff67-e7c0-4cdf-a2c2-345ab8d5e074,0.5811103140089,287.78
5ffe72f7-b5c3-493c-9165-553be149bf3a,0.58315783088525,255.78
ceda46e8-dc47-47cd-a0e4-640e24249ab0,0.58128978537735,272.78
e960c4bc-4865-4e0a-b561-ad9cce1e9466,0.58623870892175,238.78
84aac151-7df5-4d23-9173-be5c4ce1e839,0.58839389783575,218.78
e911ed8b-a450-41ab-a178-5241bd0db987,0.58723709890125,166.78
d8db86f1-51c5-46b3-be7e-55d26579672a,0.58536904250955,228.77999999999997
b4867f02-3481-440d-aa3c-08d8a6f964b3,0.5855121146165,230.77999999999997
42718bb1-3d3d-4737-addd-cfd32502f956,0.5845993778497,269.78000000000003
c6890071-838a-4548-9ad9-b01b7a27b2c0,0.5864284920206,281.78
8ea24b71-9a8e-4de1-abab-57f4818c28cb,0.58083617362995,255.78000000000003
3fb43494-5c1d-44c6-a83a-22c43750a722,0.5837045907216,229.78
14db25ec-9ba7-4035-b6cb-7997b106e603,0.58464242338935,232.77999999999997
edac5c80-4635-418e-9812-1a8701cdf694,0.58371454178405,220.77999999999997
55b81372-bc6f-4fa0-beae-79872dc47660,0.5848989364181,160.77999999999997
3941fa94-eec8-4421-8cd3-d2da36b5fbcb,0.58378886669265,258.78000000000003
5d0d11d7-606f-4b92-9f20-eba27bc73ed5,0.58203684152245,257.78
f3eb3aff-c943-4f7f-acf4-59ddbbfbed11,0.5873723466498,280.78000000000003
ab9a936d-ac3b-43bf-b21a-1cf8720ac07c,0.5831594920418,261.78000000000003
ebd7d326-947d-4717-95a0-0b4194773a07,0.58290343567805,252.77999999999997
aaa02aa4-34cb-400f-b8ea-5fae2ff314bc,0.58839389783575,218.78
c85d33f8-8313-45a3-ae38-26c2035504a2,0.58723709890125,166.78
d9567392-6731-4963-a12d-1e8fd8a7bbec,0.58536904250955,228.77999999999997
0cd4e32c-378c-43e6-81fd-33b4e423f63a,0.5855121146165,230.77999999999997
7376d40e-b4cf-4d2e-b74d-ab428a6e361e,0.58703011209125,226.77999999999997
1cd6156e-6be8-40bc-bbf7-fbc231ee7da0,0.58432499579005,244.77999999999997
3beecaee-da5c-42e0-9802-75791029e1de,0.5830429696332,263.78000000000003
1a904630-3cc1-41da-9ceb-549386059339,0.58368067340635,240.77999999999997
13bb56b9-1f27-4fe6-a5ca-6960c4672afc,0.58378918567155,239.78
55ebc9fb-94aa-40e7-9c84-298537741e30,0.58305366791605,246.78
ae5001fc-6ce3-4189-800b-be4389ebd06b,0.5848989364181,160.77999999999997
c93b2b30-cfc6-49cd-a495-47e403c59c03,0.5834357416454,268.78000000000003
bea5a2f4-672a-440d-acf3-ba9be22be9c3,0.58322887143235,235.77999999999997
f8bf804f-b442-4209-a6da-52d056ceb34e,0.58777619046515,185.77999999999997
761601f2-e77b-4b45-b749-2d0391226581,0.5813127259296,245.78
340d5e52-e5da-4252-9632-280893f44c2a,0.5841631099249,250.77999999999997
da131809-f80d-4f1a-b957-0813a3459fca,0.5825538029337,301.78
917e8b75-d4e0-4581-9d96-83d25261ad80,0.58723709890125,166.78
b2f02ced-dacc-4fd9-93e5-cc222738e45a,0.5829053188221,230.77999999999997
89fd72b8-6014-42fc-8c04-3201dbc05c3c,0.5853385488806,229.77999999999997
4748e38d-1f64-40f8-8fc7-68ba56ce5887,0.58703011209125,226.77999999999997
2906c0c9-0fca-45bb-a06b-0bfc5998d52d,0.58273451219785,258.78000000000003
82be253a-ea3a-4d86-96b0-93ca3a0a3d4a,0.58703011209125,226.77999999999997
6c7cbd45-079a-47dd-aa0e-c2ea3d679ac0,0.58122406348775,231.77999999999997
17fd9162-16da-4cc4-819a-f586801c62f2,0.58432499579005,244.77999999999997
948aba23-887b-41c8-9829-e56bfc1a2dd4,0.58321004844165,261.78
b16fe5b7-06a8-4d00-ad39-ac7d5f85e381,0.5848989364181,160.77999999999997
6db12904-11b6-49cd-b161-2b2e77722329,0.5813238053199,237.77999999999997
36cf38ce-604e-424d-b26b-c71b8c85b981,0.5823133840709,247.77999999999997
2da5b096-7494-415e-be60-5ecf870c0508,0.58777619046515,185.77999999999997
da0740a4-687f-43b5-a4dc-717d647a1461,0.58703011209125,226.77999999999997
26bb0092-11a2-443b-9683-39f07e5bc8de,0.58475272134125,227.77999999999997
4ea24971-cf7e-4750-8911-1471424556dd,0.5825598817225,225.78
8c9e58d4-fd57-479c-a21d-8647b1019fe8,0.58723709890125,166.78
4a39a3ab-5bd9-425d-b333-bc924192cd5b,0.5829053188221,230.77999999999997
de8fa9dc-a220-4ba2-877d-56c352fac85b,0.5853385488806,229.77999999999997
70f03b09-587d-46b7-979f-4e046bdcbf98,0.57950730962395,216.77999999999997
a932a645-640e-4283-a86f-86e447769305,0.5806462830857,241.77999999999997
5f3da262-be63-418d-b20b-4d5b69c98638,0.5859567767668,231.78
0dd15c81-f20e-4ca3-8278-f7a30e0c890f,0.58578208290495,224.78
a2077074-ce6c-4e3c-b409-5027941e17a6,0.58351911410605,287.78
3a99c524-7021-4a8b-9883-29dee347fd3c,0.5843880585138,241.77999999999997
4aa92ab6-c03d-4e21-90fd-d8c58b9dc9f0,0.5848989364181,160.77999999999997
d74d7721-e713-4cd0-936a-e989e323861e,0.58791379394415,220.77999999999997
c3e4881e-c6ae-4b95-a122-5330ad993072,0.58470072069525,202.77999999999997
bb58c22e-90d7-49b9-9177-55e0df3b38a9,0.5857473585482,212.78
1f89f260-0104-4353-a6fc-8951bf4bd0ff,0.58382509666565,228.77999999999997
cdb3200d-4c6a-49af-8fd4-277bf0b85029,0.58607313216755,257.78
a30b40b1-35bc-415d-a3e8-eb54a77b35b6,0.5853552303573,204.78
f0c1d821-d282-4a9d-9748-49c108263c19,0.58723709890125,166.78
d87291f4-af94-4837-8e34-5b327bb4dcb2,0.5853364453831,243.78
53732574-cc39-4947-95a2-308e78e26570,0.58455167703735,251.78000000000003
a9b70dc7-2f5d-480c-b740-8f2879da65e3,0.57950730962395,216.77999999999997
905ad23a-995f-43f6-b567-7ef8cc6d8bce,0.5834846611588,225.77999999999997
65f2bd29-82d3-4d5b-83b5-da5ba7b85257,0.5859567767668,231.78
f873e0f4-04df-4883-a95f-0aabff860f2b,0.5795972046442,252.78
c145126c-1132-4c07-b1c9-baee219ae6a9,0.5834905937017,221.77999999999997
17d1954c-e8d7-4b23-8af2-bb67f5e44ba3,0.58682213235965,259.78000000000003
07472ce1-4975-4160-a287-003501e34093,0.5848989364181,160.77999999999997
bfb648b6-d9d1-4346-9bdf-9239dd2eefe2,0.57950730962395,216.77999999999997
65c68716-98d6-4df2-a83e-d150df0abefe,0.58470072069525,202.77999999999997
77f9d65a-1190-471e-8a81-c66fcdae3077,0.5857473585482,212.78
2e69d47f-e5ff-4c2b-bbf8-dcfce39d9e60,0.58583909976295,226.77999999999997
06317020-90bd-4902-b028-918525c68bea,0.5859567767668,231.78
64699e18-5b01-4ed5-9ec6-414fba01bf5b,0.5853552303573,204.78
75e76e81-7563-49b5-9c9b-102684c6d1e1,0.58723709890125,166.78
2b4611cc-ec04-4adb-a48d-692722650307,0.58116163762145,208.77999999999997
3ce56296-6a96-4965-8a9c-7c232097276f,0.5806462830857,241.77999999999997
089ad932-28e0-48a1-9c3a-17051af3e3fb,0.5853623320469,224.77999999999997
1d11c842-58a4-485b-8781-c18fc4bc5993,0.58327768496005,271.78000000000003
15751c9b-8b4d-4ef8-9eb9-83703c0226fd,0.58400792598595,263.78000000000003
77dfeb37-5317-428c-86b4-4e9015ef5f3b,0.58177067447815,226.77999999999997
78cfe111-b7e5-4b5e-8f0a-1b80ad30b06c,0.5880553746691,211.77999999999997
2298467a-b34f-4258-b7df-356fb9425815,0.58634183043075,213.78
da06b6f7-602f-4b57-ac12-fadf484cfcbc,0.5848989364181,160.77999999999997
660c2da7-1429-4346-9fbd-8f59722e0d1c,0.58405457883355,213.77999999999997
18f55ad5-2355-424e-ad58-ca101adf2f69,0.5860520537766,262.78000000000003
880851f5-c760-4a65-a3ea-7de4cef13560,0.58358384945685,221.77999999999997
e24e6a22-9676-4ed4-8f72-8c617ab8c5a8,0.58673160822235,202.78
66259ed4-f519-449b-88e0-d56d227b4bae,0.58482356122515,250.77999999999997
ffcd5079-b501-4161-b7eb-4c36877d1583,0.58564162410685,208.77999999999997
518a7201-232f-4361-a5ec-720646c341a4,0.58723709890125,166.78
771158c9-28ab-45fd-abce-6a80bfc505f6,0.5845396147044,210.77999999999997
9350f282-da1b-4516-8cd9-14d5bca5ecf8,0.58621388256605,217.77999999999997
9cb421bf-91fb-4f2e-9bce-686dfa1032dd,0.58667753862405,203.77999999999997
c65128b6-e1c8-48b7-9d47-17daed9cd389,0.58445349591975,203.77999999999997
9f602d94-d5ec-4421-b711-5957ace1d451,0.59010289470195,261.78000000000003
35ab948e-a5aa-4936-8963-715f4e50303e,0.5850440610042,207.77999999999997
51f162a2-8e8e-4a62-9100-f07664c7185c,0.58327768496005,271.78000000000003
d01eaee3-751c-40db-9a41-5c3111d915f0,0.58484271140395,253.78000000000003
344254dc-89a7-4ffb-bfb0-c3d167649399,0.5848989364181,160.77999999999997
26385982-4a64-4bd5-b969-aedbbcdbc9c4,0.58405457883355,213.77999999999997
800cba74-582c-4ece-a010-71c456b6e6bb,0.5853623320469,224.77999999999997
d3dd5559-2ca5-4da2-a889-0413ce5dcc51,0.5853623320469,224.77999999999997
fb57ceec-f9a2-401c-b206-dcc78163df3b,0.58673160822235,202.78
78fac318-d3de-4e85-beea-f079643eb756,0.5827518411531,219.77999999999997
67379308-c683-4f56-94bf-d97c661b63fc,0.58564162410685,208.77999999999997
679b1574-72c0-42a5-86b5-c6992faab097,0.58723709890125,166.78
9b8eb4b4-82d0-4875-8d86-0b06f8f35eec,0.5845396147044,210.77999999999997
c7b38b41-0060-413b-bc7b-672f4bb9e95d,0.5834264586287,285.78
e05f0afc-1975-4415-b0d5-69ab28aa56f5,0.5818353037875,218.77999999999997
e904acc9-5430-491c-a391-d2829eccb6e2,0.58601162520775,244.78
a3da74cb-9dab-4dac-b7d6-ef1b210c29d3,0.58579355673885,213.77999999999997
e6a2e1e8-1a17-4291-b3cf-088da81f3596,0.5824109076494,240.78
8c801563-29e9-45b6-8cff-38e457343335,0.584151118127,203.77999999999997
89b2686e-6da4-4cf8-be95-7642ab82ecbc,0.5842210545008,253.78
e056023e-0e7c-4a7f-b14f-1a939c7821bb,0.5848989364181,160.77999999999997
db310ed7-6361-4dc2-a886-60a79164094e,0.58396089939675,216.78
105bb4d8-a41a-4ee3-ab00-84ac93678ed1,0.58833334515665,213.77999999999997
4a5f531a-055d-4467-911a-ffe90e497199,0.58373570469215,243.77999999999997
39c85ad2-66be-4051-9d85-a8637e77128f,0.582709573729,266.78000000000003
8b4f77a5-fcb4-47b9-aace-e1605fb610a3,0.5844909076808,223.77999999999997
e5025da3-3b79-423f-b7ff-91422a3ddf2e,0.5824323937937,228.77999999999997
25fd8f2f-2b1a-4620-9e64-5dc8938d8e81,0.58723709890125,166.78
df3ba5b0-66ce-4815-adba-1c425fe3f607,0.5863121252175,225.77999999999997
76c0ea8f-7232-44bd-8587-8ce50af5fcad,0.5807323944806,227.77999999999997
5c175a97-939d-4a52-8db7-36b52b063244,0.5818353037875,218.77999999999997
9ed7e596-c990-4dc1-99b2-5282aeb5c3e6,0.5818353037875,218.77999999999997
67ae4424-f1fc-44dd-b5aa-1879c1b73ccf,0.58579355673885,213.77999999999997
b549051f-b2aa-4033-be04-f3c6b10063de,0.58601162520775,244.78
0c9ead76-3d21-4d96-a77a-140e9bb8f7dc,0.584151118127,203.77999999999997
2b89eef4-72ea-4e76-84a9-68ee514bcb9a,0.5834151715683,227.77999999999997
cfcfb8c1-1eff-4c73-a7a5-c2b5e4caf372,0.5848989364181,160.77999999999997
a6545478-e7c3-400b-b3ba-db6e1e1700a7,0.58396089939675,216.78
47f6794b-c6e1-4efc-b94b-5cfd6ff121f6,0.58833334515665,213.77999999999997
dd06d9c5-ad7e-42ea-abd8-7cd819ed516e,0.58601162520775,244.78
73e89804-fd4a-449c-927c-4426b1376bd4,0.58312934290305,224.77999999999997
42052822-c151-476d-9604-27b32ca886af,0.58601162520775,244.78
5c6b3521-f4dc-47ea-9ab5-5562b65855ac,0.58601162520775,244.78
d039a082-df37-455c-a58b-d1bf4b5b3620,0.58723709890125,166.78
e752c960-1854-434f-b5a0-b4ca443d3a1d,0.5842854957761,252.78
de18c019-5715-4973-8a3b-c448d69996f5,0.5818353037875,218.77999999999997
5c76410d-ba9f-40c7-b690-0d0534ce545e,0.5868985854085,276.78000000000003
4e4d28d6-252e-4421-8672-fe53b57a51d1,0.58501485751575,238.77999999999997
1c2b71de-2183-4623-9827-a18bf6eecc56,0.5849688502195,202.77999999999997
30022ea3-21e1-42e2-b3fd-cba102b72996,0.58375489956425,223.78
bafab285-5b64-49e1-b9db-850124a3de61,0.5822432814606,211.77999999999997
11786528-e4e9-41da-8914-a8a0725c681f,0.58203957895945,227.78
8c57d455-8ca7-4d9b-a8e2-d72b7e30f145,0.5848989364181,160.77999999999997
97c7e657-3b5d-4d81-ad50-fac793318a4f,0.5859715480237,192.77999999999997
35c5fce3-e78a-4ad3-a1cb-9e09ad47d10d,0.5865859868955,210.77999999999997
303a0745-43fe-48ef-8e58-29e2363f3efa,0.5826117650653,248.77999999999997
e2a38a4c-5cac-4fb8-a5a4-1be89a090e61,0.58712108778845,224.78
d0560db7-78ae-4201-97fc-a422d8a2004a,0.58233238936415,269.78000000000003
776713d7-cde4-43c0-98d4-9081e5bb6f46,0.5824857782134,259.78000000000003
4af97969-b503-4b57-87ee-202e890300a3,0.58723709890125,166.78
7dbae943-3a78-4472-8398-935cf6718211,0.58239900292465,214.77999999999997
dc870343-43c5-44c8-8b59-27f50986284a,0.58608858460215,256.78000000000003
26828075-7849-4537-bc8b-59cedc8021f7,0.58501485751575,238.77999999999997
22f3c114-7d2e-4ffb-ba9d-3ac3ad78a1d5,0.5868985854085,276.78000000000003
dbde6a93-98eb-4b78-94e3-11195ec62938,0.5849688502195,202.77999999999997
e43564ce-1380-4acb-9b85-d89bc0ad3f43,0.58208844174515,242.78
1f563f1e-3828-4416-87c7-f183b5607ef6,0.5822432814606,211.77999999999997
1b57f6a7-6c7e-4ec7-9c59-fa7bbd28968a,0.58561571117795,195.77999999999997
7bb66abb-eeaf-4d2d-b1cc-6513bd513a4c,0.5848989364181,160.77999999999997
5571e166-53ba-40d0-ad45-1451ee720305,0.5859715480237,192.77999999999997
565c4427-7744-4a97-ba9a-9cf966ac5a75,0.5865859868955,210.77999999999997
444b47bd-51bc-4758-83a1-47ef983e6ed6,0.5827967145698,246.78
d56a5c1b-bad0-4fae-a529-c7f9aa3e1099,0.5818492728249,237.78
2840580c-a675-402b-a734-5e3bc75a9335,0.58501485751575,238.77999999999997
54d48283-b3c1-47b8-8819-491172b073ce,0.58412817996665,246.78
cdfef346-1cc5-4c6e-8f64-97f01edb7741,0.58723709890125,166.78
1e1dfe49-7893-4243-bcfb-8824c1776692,0.58430657156705,225.77999999999997
8338fca6-107e-4e9b-b8b4-b03fbcb0d47d,0.5868985854085,276.78000000000003
af8cf7bb-b738-4644-af9c-f2dc9ff1a751,0.5851691204355,217.78
268d0efc-e9f3-47f9-8b42-daf1b31581ed,0.58231053907995,200.77999999999997
b07b49b1-0af5-4f67-8e4a-b29ccc02b204,0.5853672141319,223.78
cfb68de6-4699-4edf-9812-64526c3f8745,0.582718466198,255.77999999999997
1de960d4-93e8-4727-b222-3add38328468,0.58590483842655,233.77999999999997
ca474afb-0b8d-4c45-aa90-324a2f0d2e7c,0.584498108696,197.77999999999997
11f442d6-5312-4e02-b920-13750d41215b,0.5848989364181,160.77999999999997
75c2ce4c-ab15-48c5-b895-5f1ea055d9cc,0.5794369371435,270.78000000000003
a4b44ce8-4395-4b9f-87f3-8c55a295bdc1,0.58360210383855,205.78
2eeea6f2-e8cd-417a-b982-78cfaeeff44a,0.58506027114925,222.77999999999997
e3666aa1-1924-4260-9afd-039923b0abb1,0.5839708480915,235.77999999999997
c2da668a-b17e-4d45-b83f-3ac2ddad7a34,0.58269714672115,257.78000000000003
4cfe91ff-8288-4baf-9137-c1c85e469995,0.5857384625171,241.77999999999997
f0dcd6fc-650e-4fbd-b1ce-21dc3e7e6f42,0.58723709890125,166.78
3b064f9a-0580-4b3a-b4df-feb8e00cdcba,0.5842646820777,263.78000000000003
b15bda6e-c7b6-460a-a136-75d09cf985ec,0.58355032017205,210.78
43b93033-bb3f-4d84-a24b-a2715ceb96e8,0.5853157162267,223.78000000000003
ef7c4b78-8ad4-4b82-84f0-06be1884bd5e,0.58231053907995,200.77999999999997
0552cadd-54f7-47ce-9598-a68682db32c8,0.58522696327465,226.77999999999997
82d77c96-ef8d-48ca-bbbb-e33f0e1046c9,0.58244140704,222.77999999999997
1a282587-39bb-4f3c-a49a-3f19881321c5,0.5851691204355,217.78
daba8ab4-a399-4003-b87a-95fad9e194c4,0.584498108696,197.77999999999997
48c1d848-cd07-4599-a1a5-95bfe3c19891,0.5848989364181,160.77999999999997
4aa96c35-c326-4761-ab91-0fbe9aba698c,0.58410878075465,194.77999999999997
a5a38429-4f5f-4e8e-bfc6-c9213d2cc654,0.58360210383855,205.78
86af1057-6a27-43cd-aaa2-ba328acfb424,0.5845930442376,214.77999999999997
fe53f6e1-2d13-4eed-b362-a1a557d3c0a0,0.5831303707128,234.77999999999997
320b3651-b95a-463b-b0a0-858d0a24b920,0.5851691204355,217.78
7959f005-84ec-40a7-9d8a-dfce4f781237,0.58590483842655,233.77999999999997
8ee48054-8c22-499f-a7d8-47d09c9ab236,0.58723709890125,166.78
5e504b27-b8db-4094-acfa-4f4f38152dbb,0.5851691204355,217.78
5849c0b7-07f4-4fd1-8268-2e39ca397218,0.58355032017205,210.78
932ba79b-25cc-467d-b4fc-82e5d84a606a,0.5829492695797,223.78
e5b8ab39-7440-4377-bdb1-d24bd5a84523,0.58930380859315,186.77999999999997
2f42cb4b-dfda-4e77-9737-75111c5994d6,0.58022006182095,238.77999999999997
3222e0b7-c6ab-4f3a-8939-5bf6803e225c,0.58374518561645,256.78
695aa30f-23cb-45a3-9344-339bd2dcb11b,0.5842456651417,243.78
67dfb5fe-4916-44d7-a7cb-dfd9b607321b,0.5840097980905,232.77999999999997
436e88c0-3b63-461f-bcbe-8f699ac17a65,0.5848989364181,160.77999999999997
ad800e02-cea1-42ab-b9c7-21c67e16a0a9,0.5818429032592,230.77999999999997
e170656d-23a2-4bb5-b4f8-54163b0fb20c,0.5832469627266,271.78000000000003
62ea359e-8554-4a89-af2b-77fa30f16ca5,0.58528959080235,217.77999999999997
aab6f601-e0b1-41b0-ac6e-a895a54ce3c2,0.5849595527795,198.77999999999997
264a94cb-c6f2-41ad-a634-2edd8024d9a8,0.583063284709,305.78
9baa3126-8710-4da7-822c-efbe3c733136,0.58370682201185,228.77999999999997
8edfcfb4-2147-401b-9f61-c236c36566f0,0.58723709890125,166.78
fafa4ef0-15c7-4eee-95d2-9b550608323b,0.58396524818325,241.78
dcac8689-2ad7-4a75-8b2c-058cc1c7d0e1,0.58522816690105,261.78000000000003
3d215ad6-d60e-4e87-869a-62fb77921073,0.5829492695797,223.78
93c30fa3-bdad-445a-9ffa-2f8c14884301,0.58930380859315,186.77999999999997
38d71dc5-c969-4813-bae0-b7b37d1ad032,0.5829492695797,223.78
4b2f9970-16c1-43de-9d05-25ed169e37e8,0.58315520504675,223.77999999999997
2251ecff-ef6e-4d51-9517-f8582f438fb1,0.58412153204565,237.78
7638d044-0a71-4296-86bb-4a15b1eba8df,0.58269583180365,216.78
83acb251-09d5-40fb-b568-9ed8133fd8d7,0.5848989364181,160.77999999999997
cddbceba-4f4a-409a-ada0-a62c5f504bff,0.5822885543633,211.77999999999997
3b058ecc-33e0-49e2-ab94-e4132814df7b,0.58378835526775,221.77999999999997
39a77685-3126-4c05-bc14-3190796981ec,0.58528959080235,217.77999999999997
9fdd8073-f1b8-4887-a20e-8b41d7c74494,0.5849595527795,198.77999999999997
7ba6ff24-0ac7-4a68-82a3-9a07aac42d1a,0.58697272587385,189.78
6147aa0d-b111-40cc-ab90-111c63089495,0.58693966647655,211.77999999999997
2e38cf27-b2ea-4d1b-b7bc-f70481b23b3c,0.58723709890125,166.78
c90eff4c-5196-4d2d-a7c5-ed0f5adfaa87,0.5854406012183,252.78000000000003
9be821ff-447d-4d3c-97fe-2e647450a3d8,0.58546696006525,231.77999999999997
01cdfd1f-22ed-49e0-82e0-8964bf4531e3,0.5836578725444,200.77999999999997
d0a57b00-bf6f-4c3d-880e-ffe814171f2c,0.5854555585824,210.77999999999997
4a2f9cad-c57f-43b7-9ab4-b736a65d58f3,0.5891497322859,252.78
ab11cea9-7646-4294-8742-0b71fd8b2a28,0.5856487624945,249.78
99b9f605-a638-4283-bd3c-7b6adaddf9f4,0.5860106830278,268.78000000000003
e637b922-c5f3-4b2b-9801-a66ee9cc9d1f,0.5837898303093,221.77999999999997
801a85bb-aa59-4698-af5d-b9463cc0c099,0.5848989364181,160.77999999999997
bda997a3-68ed-4bd2-ad9b-9de8345a8565,0.58275973184255,274.78
eb53e6e2-acd2-4fbc-90df-fa812ba154ae,0.5823080834258,208.77999999999997
72c1fdef-8acc-4987-9956-17943c020a68,0.5845817081603,269.78000000000003
aa739272-a4eb-494a-97d6-cd01df598e3f,0.5862435827048,253.78
e2d110b3-5fe5-4b37-94e0-078b4ebfd463,0.58156375374205,261.78
fce859c9-5417-4dde-9b95-49254d8ed3d5,0.5816248046021,268.78000000000003
fd064c60-c676-4fc2-bdbe-88d38225c5ac,0.58723709890125,166.78
b9419250-0021-4320-a059-3f3930b549e1,0.58275905490915,206.77999999999997
a89280ef-9b06-45fb-ad3e-dfb89292c446,0.5850456095011,238.77999999999997
c22ea081-3478-4ea1-b6e8-5100cf746cd5,0.5836578725444,200.77999999999997
dd5216b9-4cbf-446e-bce5-47ee79b29996,0.5854555585824,210.77999999999997
49a81b6d-6c3c-4032-83b6-bb32c9fce6f7,0.58423388362815,241.77999999999997
6cf41f2f-7974-417f-8048-221309234815,0.5832189881784,228.78000000000003
313dafd6-281e-4197-8a92-752d45784af7,0.5836006386225,219.77999999999997
ea3a57cf-1fdf-4e19-a364-d836d318f967,0.5854555585824,210.77999999999997
976683d0-4c99-45f6-bab8-1e1b274af7a6,0.5848989364181,160.77999999999997
e805820b-a011-4f16-9b75-005ad7c130cb,0.5836578725444,200.77999999999997
2832380e-9346-425c-b0c1-4ff6dc4f151d,0.5823080834258,208.77999999999997
f672d29d-9e62-49a7-90f0-9ab7cca67acd,0.5836578725444,200.77999999999997
794ed301-f039-46b4-a90d-da4ec2dce875,0.5836578725444,200.77999999999997
2383a747-1b9b-4a3d-b9d5-30237087337d,0.58296549267865,226.78
a657bbcc-6a4d-48ad-a6d6-de4aed3b5867,0.5854555585824,210.77999999999997
288afe04-67a2-4817-9551-0932882f04bf,0.58723709890125,166.78
e271d6b9-9977-4218-b68c-bbc25fb7a753,0.58275905490915,206.77999999999997
7f08793d-5fbe-474c-acf9-060e4e714f09,0.5854555585824,210.77999999999997
99cb2833-fe0f-4e6b-8bfe-c6f06b8eb32c,0.58718576679845,266.78000000000003
b699b78f-95fd-428c-b177-ad5b16e50a62,0.5851805918358,267.78000000000003
5bf5b55d-7b6e-4dfb-a008-138595e6ef54,0.5865820306184,211.77999999999997
408c1df3-86c4-4ec2-97b9-b8fd2be96a71,0.58610096591165,218.77999999999997
7740aece-638b-4562-87b7-e16b1b7e246c,0.5854662179388,202.77999999999997
c4e7bfe4-9f1c-44fe-9dc9-ba6bae9b3139,0.5852284871317,201.78
98b5d947-1907-409d-8f59-21cb5e4a7443,0.5848989364181,160.77999999999997
770e84da-902a-4d95-895e-0424a87f558f,0.5837557487899,228.78
88b15bde-f69f-4517-8748-8422e3a70a8d,0.57942024791305,209.77999999999997
e1553a44-a505-46e9-90ae-c9180b223228,0.58416515558125,235.77999999999997
fc41146e-6edc-4521-baa3-8343d489bd33,0.5884705300785,246.77999999999997
63ef986f-74ff-4fc6-8675-70006415c473,0.58176535256995,264.78000000000003
451f083f-ee78-403d-8a5d-46003a6b9f67,0.58281386777665,298.78
dae51082-a17d-40f1-bc60-c532037c8a16,0.58723709890125,166.78
ecc63a5f-b8b9-4410-b7cd-3a57dbf07803,0.584168511773,257.78
eb9b84d7-3e55-41a8-8029-cfaba0d7e296,0.58183003564595,221.77999999999997
5cba6371-ab23-4666-acaf-adfa5f92b001,0.5854214844907,264.78000000000003
3244eeac-dbaa-40f5-bde4-adcb04be0b07,0.58718576679845,266.78000000000003
3eff8860-0d0d-47d2-a129-c36767ca4ad9,0.5865820306184,211.77999999999997
4b3d0cee-638c-4696-92e0-139849110564,0.58333349763045,228.78
833a1909-f0ca-498c-a1c2-a5b593ed7d66,0.5854662179388,202.77999999999997
36fcab0e-4ee5-4766-aee8-e17d74b1ab45,0.5852284871317,201.78
cacd280e-c71b-4a65-906f-1fb787322e7b,0.5848989364181,160.77999999999997
a702e3a2-ad36-4645-b5ed-8552b34ec62e,0.58407066371845,264.78000000000003
8f5815a3-54a6-440d-81f8-7190809463cc,0.57942024791305,209.77999999999997
fbe8abd5-714d-4d8e-b21e-61b996dedd06,0.58595442856065,271.78000000000003
1260344d-922c-4d8f-9bab-fd3c142ad1c3,0.5838760405316,252.78
87587bd0-c5ef-4629-857f-d573e92ca77d,0.58378581544375,191.77999999999997
a4ff56b1-aa2c-4c56-a4f4-6207e76415ae,0.5839665356328,210.77999999999997
e298a8be-1298-41ce-bb02-4f9cfa3c9332,0.58723709890125,166.78
facc563b-d9c1-4937-a4ff-9c8de11ab9d8,0.58237370995735,243.77999999999997
b330c848-39d1-45c3-ace8-5abb0f9b902a,0.580028468042,246.77999999999997
9bbc0448-fd96-4534-9091-e842bab86b7d,0.58186924419305,257.78
e37d831b-fb8c-485d-98c5-2d0fb8b6d450,0.58438094989305,220.77999999999997
2c3e7c6c-664e-42d3-b899-1176421d6cf1,0.581691764745,236.77999999999997
91c6dc29-d4a8-4ffe-8b56-acbb34c930eb,0.582947840065,233.77999999999997
1a6c3e38-5725-4428-9473-a0e5700405b8,0.5835037482895,206.77999999999997
297029da-1826-44d9-9d3d-ae0ca0f9c639,0.5896929440658,234.78
29a89300-d7e4-4a31-b041-ca098c598cd0,0.5848989364181,160.77999999999997
a2a9cc51-b3a5-4258-987e-859f98e261bb,0.58205082209945,277.78
d63108a7-acef-4e31-b145-299ee729a1c9,0.57918234665945,248.78
f36abdce-1cab-4cfd-b424-5021fd707133,0.58312712020675,278.78
276ab6b6-cb2b-43b7-8b01-0bfa4b65bbc9,0.5850028284299,245.78
1192576d-56fa-4d49-8e5d-8d3e2c944d19,0.584315414828,222.77999999999997
bcc0555b-cc8b-4944-bed1-fa3e00c643fc,0.58457605125525,218.77999999999997
1e0f0784-5c66-4ba9-8e76-d8c9054d1883,0.58723709890125,166.78
c62ddc1f-e4f5-476b-af44-9a4ec342a19e,0.58334504086125,234.78
0533b4fb-ea2f-4c7b-9148-c2b19a0602eb,0.58286875456,240.77999999999997
ba87d749-332d-427b-9b5e-8a90fe9a3195,0.58438094989305,220.77999999999997
ff861237-020b-4fb4-98c1-21869a11c54c,0.58438094989305,220.77999999999997
eeca2709-e871-4bb4-9c7c-ae63499d1d13,0.584162540876,215.77999999999997
93a6136e-a2ec-453e-98f3-460a4db870e2,0.58249060866795,244.77999999999997
c849d0fe-3052-42ac-b986-daf10641f6dd,0.5835037482895,206.77999999999997
17d09f2d-6a73-4646-8251-4e54f696b770,0.5877540041978,201.77999999999997
2e23a4d6-da49-40f7-9371-fa4cd4040a38,0.5848989364181,160.77999999999997
c785e509-f13b-46d4-ad82-35ef5a63be2e,0.5861658733581,255.77999999999997
e03964e3-951c-44f9-8ca2-a9a9055f4111,0.5882831675854,208.77999999999997
463db8ca-3e15-426a-9398-36c4c3fc496d,0.583292600084,243.78
57e622cf-6eeb-45c1-8af8-039c565fce54,0.58186924419305,257.78
dbd4c987-7476-4ff4-8c63-b93be243759a,0.584315414828,222.77999999999997
bf5e8bd6-0d3d-48d1-891d-a8a5ff00489d,0.58457605125525,218.77999999999997
668975f7-17b3-4325-bdac-918df4efed24,0.58723709890125,166.78
ad8d48ef-15ca-4de3-a51d-142fab794245,0.58186924419305,257.78
289c06f5-20b9-4b3c-ab70-9c9a1c47b4b4,0.58176312658615,263.78
aa8788ae-09e5-4665-90aa-2166c0052cc4,0.5861078513792,248.78
f1a4b4b5-9f78-42ed-a835-703d4b35f58d,0.58327170269155,234.78
2d24b3fa-4439-4143-a195-00cad24ee34c,0.5841156542483,330.78
16a7af4a-f1e7-489d-9b46-538680669023,0.58523902406355,233.78
8d05e05a-993c-4b6b-babc-bd071b4196a1,0.58133208196695,280.78
252eb14d-1b0a-4786-a8b6-4378495973de,0.5844694427149,214.77999999999997
3740afa0-2bb1-4f2d-b714-f6b963103b82,0.5848989364181,160.77999999999997
1d0ce1a2-336a-4937-bb23-e6cc0e6e547d,0.5873900486118,209.77999999999997
7cf7cd6f-861b-491b-8ae2-1677bcc84f3f,0.5831594090821,225.77999999999997
01f465a4-bcbf-4882-b114-cc5900403177,0.5846280605892,259.78
3a6027f0-f944-4e4a-b541-99df38ce2b42,0.5829879648133,253.77999999999997
ebacc609-6912-496c-8795-167e6fc22de3,0.58426473663025,252.77999999999997
89546677-e2bd-48af-8cea-5ae98fcad3a5,0.585794838,233.78
410573d5-2023-4541-9ac7-c374391f2c01,0.58723709890125,166.78
9be865d8-3eb9-447f-8fb5-01473856b78e,0.58571239494765,241.78
ca351a97-e12a-4eea-866b-c46f5e88b972,0.58282282393245,269.78000000000003
3b2ad388-87a4-43ee-bb92-adc7f16e2f01,0.5832713798999,317.78
ba08caa9-0b87-4d86-818c-22b537cae213,0.58327170269155,234.78
126471a4-686f-4345-8424-076fcf0e862d,0.5861078513792,248.78
592242ac-ccfa-4ab2-8a0f-28afdb2666fa,0.5838197186068,225.78
48b9bc80-ad3d-49ee-9a4d-8d7d5cb13ad1,0.58358391967085,254.77999999999997
e4505069-4ed6-49a0-a9cf-fe6c56e37211,0.5844694427149,214.77999999999997
25ba4561-3322-4d8a-8a0b-27969227cffc,0.5848989364181,160.77999999999997
411876df-044c-4628-b18b-08e744edc900,0.5873900486118,209.77999999999997
9def33b2-c8ca-45e4-968f-1b5d4b66c419,0.5831594090821,225.77999999999997
6a6fc696-f3e5-4f40-8e94-502218a5d740,0.58411179358895,282.78
6fe1f868-0ac8-47e1-b681-c5d55a87108e,0.58327170269155,234.78
c068ea38-d7bd-48c1-b3c4-c7a4cf06f6b0,0.5832534564532,269.78000000000003
b5df0713-2c7d-4541-835a-2c240472ee7a,0.58407002861095,238.78
a2f317c4-ebf4-4005-a926-3e7311ae3a9c,0.58723709890125,166.78
6ba7c59f-a081-41e1-86b0-46b75c774fd9,0.58310691437835,270.7800000000001
24b64dec-fc2a-4a43-bfa5-2a57bb2710c0,0.5871233026316,247.77999999999997
a085b1a2-7173-49d1-85a1-436d7a9dd3cb,0.58537753386615,253.77999999999997
757bd225-a663-4daa-8a88-31d6ce003d0b,0.58315912472955,269.78000000000003
1d431d16-07e7-474b-b01b-f245e377c977,0.58216067603165,274.78
361dddbd-2e03-4c6f-ba6d-0fea71f35221,0.5821366632205,194.77999999999997
74928966-805c-480a-868a-11a3fcfbc270,0.58646009733495,208.77999999999997
dc035b8f-07d6-4503-b47b-230cfad0ff71,0.5847188898927,255.78
3d2fb609-5717-449c-84d3-b4d6547c13a8,0.5848989364181,160.77999999999997
1fd7ec6c-9ea9-4bb5-aa21-f04ffcd1545c,0.58339241354305,230.77999999999997
0eb053dd-8d0c-48d8-b54e-f85acabe77a6,0.58447342440245,226.77999999999997
decaacde-8786-4b63-a39d-2f53a4226a21,0.58549267553015,269.78000000000003
b15470db-6a4c-4c98-89ee-b8413da25634,0.5821643586974,269.78000000000003
afd902cd-e9d1-4ea7-9b55-744019118fed,0.58570902927975,241.78
032a81e7-bf29-48e0-983d-5cf930eeac50,0.5840355469054,253.78
ef84da60-6596-4a67-985b-98cedf9bdeee,0.58723709890125,166.78
b89943aa-b3d3-4635-9840-44a0b8ffb7c8,0.5795440472483,244.78
b990370b-2d4a-4a4a-ae35-4f3ea2e5a2c8,0.5856350435648,239.77999999999997
421ab7df-eff7-4ab6-aa4e-1508273a83d6,0.58381784677995,246.78
1c880bfc-acac-46ef-b566-1a0c30f92c15,0.5856957883135,222.77999999999997
6b014161-608b-488c-9082-cee89554cc31,0.58138910086055,202.78
1bfe6af5-0dd3-4acb-a5a2-c37bf89c0748,0.5821366632205,194.77999999999997
4b05acc0-5c96-4386-8149-f76d4b0e8553,0.58646009733495,208.77999999999997
7b217230-c380-410b-a319-71d879415d0e,0.58238629081065,272.78
ad653d71-1a59-46b3-881f-841204ef2372,0.5848989364181,160.77999999999997
ba4eff63-0ee6-4671-99ee-74fafbfd4df9,0.58339241354305,230.77999999999997
169bca47-0d7b-405f-b474-9749e0dfadd2,0.58447342440245,226.77999999999997
682099ee-5cce-4c92-a876-b19a343dc65b,0.58537753386615,253.77999999999997
d148d8e8-e35c-4041-b672-9f1f01bb69c6,0.5849758044719,234.78
bcd8a436-4b93-4943-b13e-da600e1ecddd,0.5865358445089,233.78
2959a8c4-d310-48f4-b07f-4e279987ca15,0.58333002463955,266.7800000000001
b2da577e-c4a0-4b05-a122-3fc08ed20476,0.58723709890125,166.78
0f7140c5-6270-411d-b32b-afe41fef0a17,0.58315912472955,269.78000000000003
0af13a57-23e1-4db9-bd7b-2b4ec740b2cd,0.58315912472955,269.78000000000003
8e3eb61b-e649-42a1-bc2e-f87cfafa15fe,0.5855152546963,234.77999999999997
a1b2b5af-8a96-4d56-a2cd-0bf4c4bff9bd,0.58471873989535,217.77999999999997
50c47bcc-b4f6-434c-b4bf-fc497b809c61,0.58340970627755,217.77999999999997
5a97be5f-5531-462d-a9f8-2f5fd17ec603,0.58458730310165,276.78
a7e5f2d8-46a4-4df4-9ce8-930452ceb835,0.5845932738222,234.77999999999997
16a37d17-9ebe-4e0b-afc6-fa8164692327,0.5821163307675,264.78000000000003
4669d393-127e-4be1-b4a2-26322234c1ac,0.5848989364181,160.77999999999997
2d4d9c50-5001-410d-b4b2-0f8d34739233,0.58647694471825,244.77999999999997
771112f5-b1e6-4d51-a6a9-d8887562fdb9,0.5878167768413,200.77999999999997
1a2ee4f7-0e98-4936-b3e2-a16d5900f0cd,0.5821350356212,197.77999999999997
31f3e386-ea1b-4247-ab3c-f29d44ca647e,0.58248385857095,249.78
0708df01-da90-4b6b-a3f4-c239f288784c,0.58437900126695,238.78000000000003
32d6f094-6e4d-4e01-92b3-cf0d89ad121b,0.58034078328185,248.77999999999997
d4069d6a-1894-4620-ba63-3b3d88f40ecf,0.58723709890125,166.78
acbf38f6-2638-4d1f-a697-b8c7f0150804,0.5842681459163,278.78
fc930db9-1db7-402e-8c61-0c394bd72d57,0.5815067893743,238.78
e4b8cfbf-aef2-4b99-bbc0-94165bde5611,0.58175524227855,255.78
343d1141-41e9-4ad0-8db9-a833c0979002,0.58471873989535,217.77999999999997
8e6b2cdf-1625-474d-bbab-170077ad91f5,0.58340970627755,217.77999999999997
06f7fd1c-a758-4f34-8e36-f090824dee00,0.58170996965985,218.77999999999997
95821e2b-7e2d-4615-9f87-0c31a9b51051,0.58538477101605,256.78000000000003
d2e3e212-759e-4232-90e9-47d717b988cc,0.58232674179655,236.77999999999997
b818ee9e-7fc3-449d-ba34-be5d4aa9bc25,0.5848989364181,160.77999999999997
ee8602c3-aa69-49c9-9aef-98c26d337f35,0.58267796641395,233.77999999999997
6c1be637-cf5b-4b43-8f6b-992b7f9d6178,0.5878167768413,200.77999999999997
1dc5c1ae-19c7-4a21-b335-56adddb2977b,0.5821350356212,197.77999999999997
7e32d99c-5169-438a-92dc-578f5df30707,0.5855152546963,234.77999999999997
ab09561c-00d8-4030-891a-22bd538e46ee,0.58277985899085,240.77999999999997
18c53de7-7e7e-4e89-bc5c-0953fda4a0bc,0.5844876025795,239.77999999999997
e5cc26d0-23ae-48f7-b640-f9bb308d50ef,0.58723709890125,166.78
3b351449-2db8-4762-a8d8-ed3ebf2f16f7,0.58222963015705,258.78
9b8180a6-6030-4230-aba0-abf5e937a684,0.58380491061645,238.77999999999997
8b01d79c-3672-4c46-b2b2-7b75ff07e693,0.584930800942,227.77999999999997
0a9ad446-e578-42ef-8eef-b5fb64b244c4,0.58277503250505,192.77999999999997
267bd70b-0eed-4b09-aef6-333ad9e47aac,0.5859371591459,240.77999999999997
4e98005d-3eb0-4a19-8ce7-ae8051df615a,0.5846781384831,271.78000000000003
f33a2554-8084-484f-84a0-72d2f1353e75,0.58400832438005,235.78000000000003
aa5e0e20-9f5c-48d4-ae7d-d9810c97072f,0.58292811953425,220.77999999999997
7dd8f22c-dcbe-443e-9c60-da65fc6c0eca,0.5848989364181,160.77999999999997
840556ae-8212-467e-87c4-0818a19ebbff,0.58167233792085,244.78
69b0dff6-5c84-4ed6-b0e0-6e65ef26810f,0.58099510525095,238.77999999999997
a55ac9d8-552a-4d36-8ec2-c40ec87a5d17,0.58511647764175,238.77999999999997
52de94b9-d9bf-48ba-9d09-1b9cf21508bf,0.58460901881795,249.78
69ac31b5-8685-4d34-b7b9-6aa6baf66d59,0.58606244569865,218.77999999999997
03efeb87-43c6-4536-9bb7-217524fe8eda,0.58403930345605,245.78
21a5918c-9ec3-40b4-a781-ad80833d5c37,0.58723709890125,166.78
67f54126-f9f2-495f-bc15-5234e718d0bf,0.58307199929405,253.78
7ba1e569-2a37-4816-a7b3-4d3fdf473c60,0.5826500404137,221.77999999999997
59bd7120-a2cb-4b6d-bc9e-9ce2b364c719,0.58723204836845,201.77999999999997
b95b7436-db65-4984-8898-c4edc6762415,0.58277503250505,192.77999999999997
d071656c-df0c-4ac9-94a0-fcdead7048d1,0.58550371991965,214.77999999999997
e96de254-555b-4c9b-9e91-bb1873ab9c1b,0.58411958557845,195.77999999999997
1ff973ef-a4ef-48ab-9166-7e3e2e51fefd,0.5858794218701,200.77999999999997
7565822a-1bd5-487a-a528-a7b8f731cc7e,0.58292811953425,220.77999999999997
9ce987e6-0db4-4ec3-af37-4a4d991745ab,0.5848989364181,160.77999999999997
e11cde10-781b-41a8-ac22-19eab7ee4bfb,0.58457539760715,233.77999999999997
a71d8d6a-758c-41ad-ba81-4c876eb51c25,0.58927986691065,221.77999999999997
b5b66b2e-579b-42da-af44-b266abff0039,0.5830858125643,209.77999999999997
d47f944b-c2eb-4b98-bebc-32bf6657887b,0.58344398045605,216.78
755a6933-fddc-455a-bf25-02af1def14a0,0.58606244569865,218.77999999999997
5766ff8a-095e-47db-a716-7b8bc9902344,0.5848888685375,206.77999999999997
3e77de73-14e3-4ccd-8943-2a11a359a610,0.58723709890125,166.78
37f8e48e-d001-4d5d-8abd-beb2a378fbd0,0.58321587781945,236.78
6f22c9fc-8ec5-41c2-bf46-15e1dd30158e,0.5826500404137,221.77999999999997
1a9dae25-1630-4f61-93f4-dc99343deeaa,0.5832947557458,248.78
f53bf917-1328-4b86-a566-15139e200243,0.5864903983244,230.77999999999997
0175cae1-83de-4888-8057-510f9ad9fdd6,0.5837587461816,239.77999999999997
94afc1f7-f64c-4e48-a6c6-d2c486b54fee,0.58572867935425,221.77999999999997
66aed748-414a-482e-9f7b-2f4db3c78cb5,0.5842005445007,248.78
f0aead43-d056-4127-a60a-1cd57015fbdc,0.58811286542295,271.78000000000003
90f87131-5c20-4a43-a538-ec8bfda477be,0.5848989364181,160.77999999999997
89ed7c9a-497c-4441-8f24-7df22e597ae1,0.58054819630845,257.78
81b16dfa-9f79-40b6-bda0-7f2f35933951,0.58287137165645,243.77999999999997
baa53023-de37-4ecc-896e-76205a9f82b0,0.58644229264175,275.78
36e86732-5bbe-4267-b60b-2c2c760a05a6,0.5837824498264,218.77999999999997
e52d4560-5f6a-4a02-887e-06cb3b45e5fe,0.5860344633239,228.77999999999997
fb59cdf8-7a61-437d-879a-3e33ebb45393,0.58325350648365,197.77999999999997
ef171880-7b2b-49ca-a057-a107cecec35c,0.58723709890125,166.78
b174e6a3-b794-409d-a35a-eaab329bdeed,0.58386483436855,199.77999999999997
f1b4fe80-1f34-4c2a-b4e5-689dc10ef625,0.58282126131585,212.77999999999997
234d395e-b813-400d-ae9d-e11a659bf159,0.58480000782485,282.78
4d96e3cc-8e60-413e-8a28-3499f1924ab6,0.585374725833,224.77999999999997
9a753f16-bf67-4a66-a0b0-b9ea230a949f,0.5835820862826,259.78000000000003
b500395d-347f-4bd3-9855-b341cde95d14,0.5864903983244,230.77999999999997
2fb409c5-59fb-424e-a59f-46a266953475,0.5864903983244,230.77999999999997
3e541274-4fba-4bf5-889c-fff216d125a9,0.5832947557458,248.78
34d0f59d-990d-435b-8472-c0d13b619ada,0.5848989364181,160.77999999999997
4959a2fa-ef67-4fb9-9b81-92d0243b2ea4,0.5837587461816,239.77999999999997
0db32ed4-7602-44c0-908f-42b62ef77467,0.5837587461816,239.77999999999997
1c6a64e1-0944-49bf-9c55-73fc2c58bf71,0.58087062656715,249.78
598fbf48-ad1b-4c33-b2c6-48359683c506,0.5837824498264,218.77999999999997
3cd7a00a-9842-4ed1-9894-383b76dc3cef,0.5838663841778,232.77999999999997
3d436337-ca51-48b7-9e9e-46a4ef5453c3,0.58325350648365,197.77999999999997
56dbd588-0bf2-4489-b43d-b9719cf23b6a,0.58723709890125,166.78
0500e2ce-d704-4a63-b35a-527844e9ecf1,0.58386483436855,199.77999999999997
cf6d9221-724a-448c-884d-6b0c9f9d1121,0.58282126131585,212.77999999999997
2bf0487d-8f67-4c87-8acf-0a08eb0356a1,0.5887951720224,185.77999999999997
a07b2a66-db0b-46bf-9c34-4db0e4993b92,0.58618066531925,246.78
96cd82b2-8821-4f6f-a23a-58c31ff84b13,0.58400138484385,251.77999999999997
a5568248-35ca-4726-99f8-c2dfc1119513,0.58422862441975,236.78
6688e1f6-b0b7-4cb0-93ae-09a34d3bd24d,0.5854521801977,211.78
a8024a8e-c70a-453e-8492-1adbe54a4276,0.58586443493865,235.77999999999997
eb9d1015-38ff-4517-b3ad-d7dcb4f3a05f,0.5848989364181,160.77999999999997
fbbbeb84-d1ec-4d15-af75-3ad31416fce9,0.584250313538,245.77999999999997
0cc1d6c3-bd66-4b07-b627-e8a6cadd41f6,0.5784962635167,212.77999999999997
de09c5fb-9072-470a-8d1c-96e7c0cd9b16,0.5855963496928,234.77999999999997
000308b6-818d-4f77-8673-ce500bccda17,0.58824641914105,176.77999999999997
20f43002-b485-44d9-9cb3-65160fd05b65,0.58343238463625,300.78000000000003
2d3710a8-f511-44e7-bfff-c49897e4a640,0.58448935648625,241.78
a104161a-8e3a-494a-b69b-1145b1d9b5d1,0.58723709890125,166.78
3c5d20dc-8cb6-4b43-a5ea-e805f91e3e0c,0.58341260423725,264.78000000000003
0dbeaf1a-cbbb-412f-874b-ed43529a466b,0.58387266911435,247.77999999999997
08a68ab8-af72-40e3-b894-7f37359e851e,0.5887951720224,185.77999999999997
6d47c7b0-d071-4465-822c-66e3e6c048f4,0.5871791128059,205.77999999999997
554640d7-b510-49e3-9de4-c2b7d0be7dc2,0.58618066531925,246.78
eb72f840-9fce-4cf9-ade4-b51f2873eb45,0.5840393480774,198.77999999999997
a7140f40-e269-44a3-8ca8-e6a34ca3f41b,0.5854521801977,211.78
aa9607ab-d4af-4427-af59-9dd094810d26,0.583096050777,261.78
f64ce7b7-2c60-49a2-9fb5-33701ffc4c7b,0.5848989364181,160.77999999999997
31d1c7d7-97b6-4033-8192-2f9178858bd8,0.58444978979905,206.77999999999997
34c3304f-0bce-498a-ae05-7d57f3af6c57,0.5784962635167,212.77999999999997
22341723-1d3f-43ad-ba1b-7f73a3888a4b,0.58360826532185,221.78
ecfa4c26-2d7d-4b53-b285-a12727d8dece,0.58824641914105,176.77999999999997
28213670-78d5-4d61-9c7d-edc277741573,0.581522081925,243.77999999999997
a9e83d0c-29e7-4bf8-8532-cb3c93a3d86b,0.58364901398795,251.77999999999997
1c6cd6e2-d1fa-4b97-b763-0cdebea8a363,0.58723709890125,166.78
12dcb61f-a907-4cfc-9f82-fb8f89ad47a3,0.58712083622215,205.77999999999997
2cac2c7b-e769-4c01-8b38-f56c8a843e77,0.58618066531925,246.78
1eb74081-6954-44c9-9555-ce1eae5af595,0.58319972745205,284.78
c32bc093-a694-454f-b791-5f046932f1a2,0.5853523471836,213.77999999999997
f6a99abc-8f2f-4b8b-94ec-4bf8deb61570,0.5838056916775,214.77999999999997
6dbcc3b8-e5c3-463e-8c08-f6d696b98e4f,0.58325858613735,222.77999999999997
912b9e32-1fa5-435f-91d1-88e3d7ae8c02,0.5853901858837,257.78000000000003
790fa57b-fcaa-4258-a80e-17d9fab47fba,0.5835102831207,215.77999999999997
53815a6d-de3a-48e5-b7b5-83dbd97d389e,0.5848989364181,160.77999999999997
f08d5164-fa10-4d17-a000-1c2608d86c9c,0.5852276581318,263.78000000000003
524bfefb-32eb-4051-a65e-a911dae14127,0.5821404032183,224.77999999999997
8c8f5e9b-786c-4739-b53c-98f89f59ee4b,0.58216539811945,226.77999999999997
5c710b00-9730-44f1-afd9-8a0d0ac57fb5,0.58179277639265,268.78000000000003
8ff196fb-948a-40e2-8b61-d4cc5d3a8444,0.581160946563,256.78000000000003
3d155f72-6411-4169-9cbd-806157fb88b5,0.58725449640865,208.77999999999997
6b68bc73-e2e4-4e2d-bbb2-5411ecd9ff30,0.58723709890125,166.78
82a67e13-ce95-4d64-b1e0-975f5ee77ab6,0.58513773367975,234.78000000000003
97e70532-43fe-4d6b-911f-0180ca9a4732,0.58117722500855,272.78
4864dbb7-a2c8-4a25-8fb3-3c6ec74240a4,0.5843577942745,199.77999999999997
53b496b2-ba13-4983-8737-b0f2cd155366,0.5853523471836,213.77999999999997
ce404fbf-d24c-41a8-9fe9-530e92ecf779,0.5838056916775,214.77999999999997
23028628-7573-415e-bb8e-678acf0ae1d6,0.58319972745205,284.78
31cfd197-8284-48d2-b053-149493441176,0.5853523471836,213.77999999999997
872c369f-a460-48eb-a228-377c5b1d52c4,0.5835102831207,215.77999999999997
6ceb5cb6-9979-4908-81dd-8a121c8078c8,0.5848989364181,160.77999999999997
a413f531-a9af-494a-94b7-f8a9df46d273,0.5838056916775,214.77999999999997
95bb1192-7eeb-451d-a98f-edf7c7dfe170,0.58319972745205,284.78
a3cfc0a3-8fb4-406c-840a-a08e4ac1de2c,0.58442924580535,216.77999999999997
2578d31b-6b63-4bff-b084-a67ed9553ee3,0.58323301530815,277.78
83769b70-9065-47a2-99a9-7d80cc4abb67,0.58571413944875,231.77999999999997
f43041a5-4c1d-4d59-ada6-b395270b28de,0.58725449640865,208.77999999999997
04f82675-5aa6-49bf-9f70-fe17baa35727,0.58723709890125,166.78
c107608d-55fc-411e-a7b9-e2ff9fc3ab13,0.5840472591732,230.78
535345d6-6a9b-4f8d-bf88-b4bc5a99e6d4,0.5846562949729,210.77999999999997
e0cf8d6f-9645-49a8-aa3b-101d641567d7,0.5834929735657,213.77999999999997
bfbd2afa-c398-46f6-9700-18fe553736cc,0.58390160360105,228.77999999999997
6acf9e4b-da5c-4d34-b0a2-c031e5937fe0,0.5826799099101,268.78000000000003
fc7abf2c-e77c-45c9-864f-987b1979ab1d,0.58300132324225,275.78
8cf52c4b-b069-4f7b-a46f-589a2d8cb4d7,0.5829126524428,211.77999999999997
53072793-0b24-4041-84af-b62899f6baa7,0.5857793513539,271.78000000000003
9af5b6f4-d68d-411a-b3f9-d7ae3861e0e5,0.5848989364181,160.77999999999997
aa799673-ace5-4032-81cd-950eca860d0a,0.5852337055902,277.78
143d9ce3-073f-4b51-bd15-30e24540dd2a,0.5831204618701,211.77999999999997
285ed2f7-5182-4d2c-be9d-0dd19685e57c,0.57684278389645,260.78000000000003
1b599d01-b94c-4cac-83f5-68605a2bbf62,0.58303613687575,236.77999999999997
3e2604d5-3f4d-41aa-b09d-17b18d5fc910,0.5825983454601,236.77999999999997
cd61602d-d591-49ca-903f-4eb0b0a5cbab,0.5834330114431,221.77999999999997
fa698f58-6f24-4e0e-b598-6a22eef45e31,0.58723709890125,166.78
9a64b30a-9c0a-4bec-aafe-eac1bc5527cc,0.5888029016144,229.77999999999997
9e288977-c127-4cd6-a984-cdfea6adbbe5,0.584743844454,271.78000000000003
b77922da-4c59-4908-ba9f-ca1e0550422a,0.5834929735657,213.77999999999997
6c525d21-266c-4668-b2f6-3b8731f18c84,0.58264417177875,215.77999999999997
c4572ff0-3e44-4b5d-94da-e5b668331564,0.5843829180314,224.77999999999997
f37e2e12-bdeb-42d6-bee5-3ae736dc7a1f,0.5817489137057,277.78000000000003
7479fc1f-f0f5-4ea0-bf4e-5ba70bc233b2,0.5829126524428,211.77999999999997
a8eb00aa-5ff1-4ca9-b18d-11fcad0a311d,0.5816558863772,245.77999999999997
61ecd927-0f48-4a05-9118-90c17d0c399a,0.5848989364181,160.77999999999997
a1469436-2f7d-4199-92c2-bc633add3b61,0.5834929735657,213.77999999999997
48904b1c-af12-44f1-b4af-70c03c4ad310,0.5831204618701,211.77999999999997
ebbaaad2-32db-48a1-be0b-342337bdf362,0.5823101810549,218.77999999999997
9c9c7a8d-5ec8-44a0-ae42-c2410fb0f648,0.58186662262105,229.77999999999997
96f0ffd4-24f8-4820-aaa2-a16706b2fd2e,0.58300132324225,275.78
862e997e-3175-40bd-a379-2acf16a1e251,0.5834330114431,221.77999999999997
9535db9d-21d0-4d56-9d9c-d7925c73610e,0.58723709890125,166.78
6e91f9bb-3579-42c3-99fc-1d265ca11ea4,0.5834929735657,213.77999999999997
02ca8964-ca20-4eed-b771-fd17922cc357,0.5834929735657,213.77999999999997
6a6e5c5d-4d84-4811-bfa9-3193f85f5911,0.5819234848564,259.78000000000003
febfa21c-c14a-445f-b97f-c61ac6dec2e7,0.58235237671785,239.78
e7694e7a-53ba-464a-90bf-b0554b11961f,0.5853354980169,246.77999999999997
3aed4b66-82d5-4f46-b448-2c461009c761,0.58351911417235,215.77999999999997
d09eb8bb-2e5d-4bc7-8a98-7ac0c98c52cc,0.5834844749577,235.78
127e9cc2-1d7f-4af3-96a9-656bc7f6292e,0.5835116526245,218.77999999999997
45b34a23-010d-4d2e-8608-14c1636cf5df,0.5848989364181,160.77999999999997
60aef4d6-b366-4ace-b7e2-354c1f9a3773,0.58458665009175,254.78
db9f46bc-0e47-4e2a-b40c-8a3f26d97c34,0.58572304008995,265.78000000000003
e4d4c969-ea8a-471e-b941-83f34fd45232,0.5869732369432,229.78000000000003
05c89a6b-b5c3-41f3-aa70-03e5da140349,0.5833549395056,219.77999999999997
d68b42d1-61c8-424b-903e-e508bf0ff4d0,0.58399869635425,216.78
62ee0391-280f-4153-9385-ad943c5734f6,0.58411050183725,277.78
8290695d-a887-4f1c-b527-26d84b7f9439,0.58723709890125,166.78
259c24e2-6bd6-40be-9f80-cde2022e4789,0.583999748021,231.77999999999997
f0cb5b18-0d08-4de7-8f1d-8383822b3530,0.5844615346013,219.77999999999997
cb98e00a-4116-4422-ac75-0653f80abe4d,0.5811550803239,248.77999999999997
1902918c-6637-46d7-a636-91e5fc8b6ae0,0.58322648346565,218.78
591ad5c6-5702-490c-be7e-861afc1ef5d7,0.58235237671785,239.78
16f05853-535a-4042-bb8a-7b29d528500f,0.58351911417235,215.77999999999997
48e3a22b-abce-499f-b79e-16f3ed82fd91,0.58052771677555,222.78
5def8c55-38b8-4357-b4aa-4e786ffcefe5,0.5835116526245,218.77999999999997
f110d552-9ac4-4e5e-8ed0-d7d3cc51fb67,0.5848989364181,160.77999999999997
dc373542-b209-40e0-92df-0a9462380138,0.5824351471846,257.78000000000003
3801baf9-9e5f-47f2-8e45-cd14ad721b83,0.5828020605537,262.78
ba9bbb3d-a7d4-4d32-8f24-dfe35b302f3e,0.58415829384735,259.78000000000003
13f87e13-6d6a-4607-a9bb-91e057e65730,0.5833549395056,219.77999999999997
c8b6e4f4-6f0f-438e-bfed-8e5585aea2d9,0.58399869635425,216.78
b4211895-dff2-42bc-96b5-1c8618676bee,0.5819234848564,259.78000000000003
7d5203d8-a92a-4142-aae5-9c16f4a4ccee,0.58723709890125,166.78
593433bc-6e5f-4754-8be6-9d2f3698ada5,0.58235237671785,239.78
932fd43b-a503-4d48-bb4d-59fb3dec345a,0.5820333868883,251.78
8e573122-b275-4425-af6b-8114b320e1eb,0.58080205257715,248.77999999999997
feecb0b1-5840-4700-acf1-a560f713bfc8,0.58207927230235,292.78
890e8872-b0b6-4f00-9d73-408bd4446511,0.58288311447545,211.77999999999997
52a0ae41-c3a4-4cd0-970d-3d4f1c5ef4a6,0.58773249779855,225.77999999999997
485cd78a-a591-4fc0-9cc6-ca9cf3921300,0.5868399600391,239.78
cc9df0e6-758a-4cf1-82cf-9d749ad3d73d,0.5862534122878,210.77999999999997
2dbff8ea-425e-4b74-80a9-a6196e43a6c2,0.5848989364181,160.77999999999997
ba528b70-b039-400b-aaba-285510f901c2,0.5834673658045,235.78
296e9e34-68b4-47dc-a08f-3254d1132d45,0.58494682644605,224.77999999999997
a9717e5e-00e7-4290-9698-c9cef2e43c02,0.58638053545435,243.78000000000003
2df61c26-a215-4427-b201-e0631368067e,0.58453607508015,270.78000000000003
6ed79795-126b-4357-b94b-36092b853521,0.5819961052265,307.78
09a5d861-ab96-44fc-bcc9-1d6431a94d6f,0.58574901973735,251.78
520ae873-70fa-4283-8bb1-b19535dcdd5c,0.58723709890125,166.78
aff6bd75-20fa-488b-bdf4-5f1aa20a07bc,0.58411483364325,228.77999999999997
d2948e68-4149-48ee-ab95-9b22e9018d4d,0.58512417044885,200.77999999999997
201afc1e-d40c-4667-a84d-c68f336deb62,0.58689399538095,275.78
2101d7c1-f0f4-4af4-ae9f-30c073bee8b1,0.58249366514185,241.78
b8d210f3-f08f-46c6-93a7-e2aa255e055d,0.58288311447545,211.77999999999997
f8779472-9d90-458e-a924-79925737d49a,0.58408024818065,265.78000000000003
8612676a-01a8-429c-a42c-983d33b13b7e,0.5820903545087,261.78
00b08e44-e612-42d7-b352-8005fdf745e0,0.5862534122878,210.77999999999997
59513aed-960c-4ca2-9160-32b205eaff3e,0.5848989364181,160.77999999999997
254ed900-0e01-4da8-a0f7-8d43185b7f87,0.58336162635175,252.77999999999997
96a6c997-1346-40d9-a865-780fe3a135c4,0.58494682644605,224.77999999999997
ef092cb3-2aed-4229-92a6-7328c5145b37,0.58746731062665,307.78
9de95d30-cf1b-46b3-b49b-bed8d58c0f66,0.58080205257715,248.77999999999997
5b72b6e8-6d27-4e1f-a779-1765bd5c9bde,0.58361500741525,230.78
f5822b11-fd5b-43e5-9de8-db92c53215bc,0.58080205257715,248.77999999999997
dc551f00-55f4-4ea5-84f7-c363b8277c19,0.58723709890125,166.78
a193e460-7625-4362-a9ca-ce8f6f624791,0.58614242918195,257.78000000000003
cd7d4651-e1ea-4aac-8b56-c07524a78488,0.58512417044885,200.77999999999997
57de526b-8c1c-4b2c-bfd1-e60f107ff261,0.58491987985105,241.78
220fdc74-67f4-49b5-b219-ce185f72f67c,0.5825820012582,241.78
51397ab3-c7c6-44c8-832c-af35337a9591,0.58520499078275,222.77999999999997
09382e38-401f-4968-b6f5-e50ab8083639,0.58331296157075,210.77999999999997
b2ce0b94-fa68-4b46-b5e5-39f7e8db9bce,0.58614884870265,262.78000000000003
a77277a7-7080-46b6-b73c-572300411a6a,0.58670650461365,250.78000000000003
abf972f2-aba1-4812-af72-5f5e2658da8d,0.5848989364181,160.77999999999997
0da3744d-563d-4919-a08e-f55f1e4b2f32,0.58511291958785,236.78
dc2c3c2d-fb1a-4d9a-8804-69344a7c5562,0.585266743501,241.77999999999997
36f1ebcd-0658-4fd2-bf8b-1a13dfc0b9fa,0.5821979615068,235.78
d858e70a-3619-4f78-bd56-b3a55f5ed29f,0.58534188407715,262.78000000000003
b85a9483-934a-4a26-9b33-8f5e6014b39b,0.5876900841079,199.78
e21c0d0d-ebdb-4a7d-b6bf-1adf7b69eb9d,0.58246710677245,286.78
0dcb9ae2-f5d7-4b03-bd22-f6391e098678,0.58723709890125,166.78
83490ee4-3930-47d5-9fdd-5661c5fc221c,0.5835323642677,214.77999999999997
9412cc3d-1915-48a0-836c-50ef58d6ae47,0.5855947201338,244.77999999999997
e7a92bc2-5102-4305-8e15-cfd272d3949b,0.5871842503761,213.77999999999997
ee10cb40-f1fc-4c3f-a849-0f1f1c16fc71,0.58481186439915,202.77999999999997
6904cf03-069f-4139-98c3-c93c1cc30b43,0.58520499078275,222.77999999999997
ef7082f8-e8f6-49d3-ac3e-7b327ae6c11e,0.58331296157075,210.77999999999997
68983abe-77e8-497e-9e32-5ac634e0c6e1,0.587476865384,225.78
af33851a-0d50-493c-bb78-5081ff78fe35,0.5846484217636,264.7800000000001
01bb12df-8eee-435b-854f-958d24052029,0.5848989364181,160.77999999999997
ab337dca-5955-4a9a-b814-a47ed98ac7e2,0.58648922771525,220.77999999999997
52271fa1-ab74-452c-b0ff-fa93f849b6ac,0.58491987985105,241.78
a1e6ec7e-55f6-4ef1-817d-48b7cf3ad0e9,0.5847329883952,252.78
4b060c1d-28d1-44cc-91bb-cf939f6e3abf,0.5838089970868,244.78
5b9055f6-15a9-4abd-b0d0-fcff43cf1b7e,0.5876900841079,199.78
4e1a1627-b4b6-44b3-8179-f6e5c84bfcc8,0.58597957118405,221.77999999999997
f911387a-655c-48aa-a0fe-ae9f9f7350ee,0.58723709890125,166.78
7d3d5dee-d8dc-4a63-a011-d34ded28061c,0.5835323642677,214.77999999999997
a8737b3f-cb47-490e-af46-671dc03cdd1f,0.5847628368645,234.78
a14611ce-0233-4ce2-af4a-8df3d571e41a,0.58485262700395,289.78
9172fea4-0c97-44f7-92ba-4b27ffd07a01,0.58255993195175,213.77999999999997
99246f0e-09ea-41bc-b309-04e9db0e763e,0.5790948028988,183.77999999999997
4b031bd4-d38f-47ac-9858-d9558888eb00,0.581084566244,270.78000000000003
187dfd5d-dad4-475e-9073-3a6064b03503,0.5799828085578,225.77999999999997
58baf021-7f8c-4da8-9c2f-f2075792db6d,0.58337287705755,232.78
76bc0774-63ed-4cac-ae0f-3e4527114ec5,0.5848989364181,160.77999999999997
c6787700-98fb-419b-8c89-c02087f5d85c,0.5842443355205,260.78000000000003
e16cc24e-9b63-4bc9-b8e3-02fde3434a6e,0.58489442526475,217.77999999999997
41ec41b5-acfc-493c-b52c-9af6d5ef7ee7,0.58336089535925,247.77999999999997
89138e89-daf6-45e3-b770-9053479c265a,0.5810638540649,223.77999999999997
6613c92e-60d0-4910-97ff-3337a06bd4a3,0.58417999660385,244.78
d1d498ba-dde2-4ffc-b3dd-fc12c524b2ae,0.58472254704375,260.78000000000003
97e05447-d471-4dd8-8c3e-b2b4962e2b7f,0.58723709890125,166.78
9c55684d-1b8d-4386-9dd3-1f43f7331cf0,0.5863094155852,244.78
710de758-5530-4510-8d0f-756b62101be5,0.57922266465475,224.77999999999997
caa12711-866a-417a-b48e-0c044227e868,0.58215280653335,255.78
c363c634-3bc2-4c9a-80da-3e15e74738af,0.58255993195175,213.77999999999997
a9e47dcc-8e88-4572-8765-a3f6fa33e955,0.5790948028988,183.77999999999997
23f860b1-b102-4119-a935-1705efc5253c,0.5790948028988,183.77999999999997
b456846c-c974-40f2-9bd0-520148878bdc,0.5790948028988,183.77999999999997
7e1e3251-caf9-48d1-8164-d3346861b4ec,0.58168270495005,286.78
2143d300-eec3-4363-8a9c-cd7b11472c40,0.5848989364181,160.77999999999997
aff955c6-9b6a-4567-8c03-3542a61d987f,0.583827516093,222.77999999999997
e9ca0746-b74c-4bf1-b864-55322314249c,0.58489442526475,217.77999999999997
321aeb12-9d95-42eb-af59-0d64606a20e1,0.58452414937655,199.77999999999997
9ccbecd8-70a2-4ff2-ad9e-bb02ef07610f,0.58213124886845,252.78
c3f2a4c2-49cb-47ef-9768-eda33179c3f5,0.5822805241442,248.77999999999997
b9a2f121-bec5-4db8-87cf-5e7c168dfefc,0.5821537268444,196.77999999999997
5fcfc7d7-0229-4299-ac89-8bcc56aaba84,0.58723709890125,166.78
a12da8c5-50c4-4da0-995f-5e37c00390e8,0.58255993195175,213.77999999999997
b8ad0583-4f24-4062-88ae-31fa4a1c9bd2,0.57922266465475,224.77999999999997
6a2f3104-efc8-41f4-9e7f-ccf87b777d2f,0.5873333111081,189.77999999999997
a129f6e5-50c4-46ef-b89c-4b25f934d1d9,0.58362740882755,263.78000000000003
5e72c5de-a194-4ddc-9032-a9ece09e2de2,0.5841613043776,226.78
a20f6e73-ab84-465c-9cfa-54836141c33e,0.5852064506891,254.78
92f550a5-5468-4933-9e01-51b02345ab60,0.58717747292335,228.77999999999997
32c74604-5017-4c4b-a869-02be818cc30d,0.5846247907171,227.77999999999997
7ea6abe2-febf-43c4-a568-ec49927dcf8b,0.5848989364181,160.77999999999997
3783cbe1-1597-45e3-83c4-4664924c11b8,0.5890741921694,215.77999999999997
3844262c-fbe4-4415-a757-3800f7e770d0,0.5815232283331,258.78
f1e7289d-3203-421e-9993-33d92f5735f0,0.5804343590199,278.78
9442d44d-e3e3-4f6f-8db0-3fea7c463807,0.58497810110135,196.77999999999997
2509473b-1195-4dac-a628-e709ab1ba1ba,0.5834899192143,201.77999999999997
22050a02-c654-423c-8f21-fb3e44608529,0.58600959599835,232.78
d40dc75b-b40d-461f-b8b3-fab6648e2953,0.58723709890125,166.78
fe3a0053-6b24-42ef-9317-7b7bbe6957b9,0.58452872339145,262.78000000000003
10290901-23ec-4f37-b6bc-e2f9c23c951f,0.58292799675935,252.77999999999997
0aabff71-b866-4093-985e-638286364f91,0.5873333111081,189.77999999999997
24969a1f-95b2-422a-bd4e-4bc66f1de5dd,0.58535035393445,243.78
577cc2d4-7e5b-4d18-8204-b38844f0778e,0.5858377866491,224.78
eec27cc5-39c9-43f0-956d-53744ef09be4,0.5873333111081,189.77999999999997
a3cd1af2-1567-4635-b6db-f5e3fee2aa88,0.5903995595788,167.77999999999997
cf4cccc3-e31e-4d0f-b4f2-9b16537b8e5f,0.5873333111081,189.77999999999997
d43e0a7b-6a7f-4aa2-af23-00f2d6fc61f6,0.5848989364181,160.77999999999997
677b9010-9cf8-4ef2-ba45-e536e7973169,0.5890741921694,215.77999999999997
83cafa6f-82c1-4743-b1ca-7f5081b42cc1,0.58362740882755,263.78000000000003
30292c28-f480-40ae-96db-30193f6181d9,0.5862625000883,236.77999999999997
40d3cb63-bf0f-4a91-ae7f-c6c465cc9293,0.58497810110135,196.77999999999997
d1139a41-dde1-4713-ab60-02469ba436e9,0.5834899192143,201.77999999999997
93784d3d-f7ce-4b25-92c7-e57e2560459a,0.5842704979935,278.78
4d8612e0-d8eb-4f39-bfc9-879e11eebb25,0.58723709890125,166.78
5659e97c-00f0-4649-916e-e83fe71ef001,0.58554043097515,234.78
72b395d7-b315-4dec-9b68-d7d7e482bb5e,0.58362740882755,263.78000000000003
9b847d81-dc26-4b3f-873d-9664001dde45,0.5836007258921,242.78
7596447a-d81d-4fc3-ab91-75a3e3f13afe,0.5858687398731,226.78
a334ed90-cda6-464b-b741-9b85093d9bd9,0.58519812369625,183.77999999999997
b1af917d-6c87-4651-93ef-c56c2d3ac910,0.58635621612035,207.77999999999997
ead240b8-963e-45a1-96b7-7203a2167fd9,0.58260496450695,251.77999999999997
142c3592-af59-464b-b3a4-64580a2b45f7,0.5879475788769,213.77999999999997
ec9f40cb-64a0-4047-a933-e25d80cff0c7,0.5848989364181,160.77999999999997
53e786ec-b781-49f1-895d-1eaf7d743d51,0.58592318085125,259.78
417ccd63-e400-4ac5-8786-ad37b7889f37,0.58646582151265,228.77999999999997
8e084dc9-5205-4bc9-ae69-e8542fc1fe5a,0.58613711054295,201.77999999999997
44e2972b-55a5-4d49-a0d9-404bc031aca1,0.583582883038,196.77999999999997
648f0bcc-7e04-4324-8d3d-f824129ae71d,0.5802500814312,285.78
db01e76e-4699-4cd2-ae74-fd59c53c7909,0.5854024809273,216.77999999999997
d4be18a9-8e98-46db-bb3b-44fd6e9bf745,0.58723709890125,166.78
315766c0-798d-4214-8e54-80514066083e,0.585824198805,290.78
490c554e-9fa8-4911-a190-ec15aefa5609,0.5838215815015,258.78000000000003
46be4b98-f59f-41e1-993f-b96e03d2f2ed,0.58879449246565,229.78
579c87f6-aada-43ea-9f11-15db3d4d14ef,0.58599367850235,206.77999999999997
09503706-9a50-4ec6-ba40-be3761908ba5,0.58519812369625,183.77999999999997
22d7a064-549b-4968-9362-00bff937c365,0.58635621612035,207.77999999999997
6b039495-0746-4bee-9e03-224acc4f002f,0.58369540616775,245.78
c71e9b25-6c91-43a9-8ac1-a93d2668ef5d,0.58702003600905,190.77999999999997
f8f61523-857a-4c3d-81b1-497ef9d3610f,0.5848989364181,160.77999999999997
79bac932-743c-4344-a5f1-09733b200845,0.58267373287365,247.78
fdc7a771-c1f8-4ad7-8abf-30faf9e11488,0.58401172965175,179.77999999999997
dabc7535-6466-4866-b037-36a811d51c3c,0.58613711054295,201.77999999999997
6e9948dd-06c1-4648-84b0-cba5c8bf9c25,0.583582883038,196.77999999999997
8944ccd9-bad9-46c3-87d0-47b29add6ae0,0.5873041391201,197.77999999999997
5d94dc13-8905-4f13-9846-7ae9767d9fe6,0.5858653299456,250.78
e49af51e-dbd7-4b17-b287-43d08bf9fd84,0.58723709890125,166.78
3c664558-939d-425d-88bc-0fe9fcbf34bb,0.58363754048265,189.77999999999997
3c00a50b-20e6-48aa-ab3f-f857d4fb8977,0.58756927781765,213.77999999999997
3921baed-5613-43e7-a400-44f7611495ec,0.58453231740065,247.77999999999997
77d1b109-8c46-422c-92f7-ab2404fe1817,0.5823478045346,230.77999999999997
b2c10138-d43d-4388-9963-51f9fe3065be,0.5847911045253,211.77999999999997
e0cffdc5-2b8e-4933-840e-834ad51d0f1b,0.5813571991536,257.78
ccb974d4-4b64-4d3a-b26d-45a7573cc13f,0.583981770964,259.78000000000003
b12ec67e-48a0-4503-b467-2e3df2c75233,0.5855655433353,183.77999999999997
282a64d2-86be-4ef6-83ca-6dfc54b3963a,0.5848989364181,160.77999999999997
fbfdef4b-0b47-4f10-b002-462cfdb4a9cc,0.5859972322992,213.77999999999997
96d19254-1cda-4f31-b89b-8e382829b02e,0.5846746158278,255.78000000000003
76b78f9d-af4e-449e-b5ad-65225fda1d87,0.583293928669,242.78
348c6924-705c-49e9-93fa-fb7d7998930a,0.5851418298487,238.77999999999997
b965d7a2-77f9-4388-9590-39f69dff2515,0.5827357365686,224.78
67726674-5980-4543-867b-8ad8555fe8e8,0.58718410470225,231.78
b4295c0e-f550-45d6-a428-510d05132812,0.58723709890125,166.78
e96526e4-f14a-466f-a108-091ca6d8d273,0.5807329357868,249.77999999999997
dea4d80c-795e-4379-9532-6424202c824c,0.58249246222195,220.78
1854547b-a934-43e0-a910-113466ece250,0.5821003619614,253.78
05715266-f488-44ca-b9c0-a5c07d7025b5,0.5847911045253,211.77999999999997
53c54607-9c21-473b-89a5-298d62f3fc83,0.5847911045253,211.77999999999997
6ffc5e1a-83be-470f-8b12-4b7ee57cfaa3,0.58453231740065,247.77999999999997
3b89df99-7d82-4a89-9d3a-9c6143cd336a,0.5820816366061,211.77999999999997
2a364db9-0d0c-476e-a9dc-bb4a6c5b3271,0.5855655433353,183.77999999999997
fb334ed0-f4a4-42a5-997f-e607f7b7690f,0.5848989364181,160.77999999999997
85bd5fa3-5793-4434-97fc-edccdb271a48,0.5859972322992,213.77999999999997
9cb09bf8-5b34-46ba-92d9-78b89014d253,0.58499896616615,198.77999999999997
4ff5e304-f688-4b51-b853-0f1743cdb66a,0.5855286990764,214.77999999999997
49a2a2c2-7df9-47b3-9d6c-8bb70d9f24e7,0.58331287261915,228.78
be798878-9698-4e02-a20c-e1a7d8f81c47,0.58276023901725,231.77999999999997
d54af200-3b77-4514-a403-549a896a7b7d,0.5848284246849,203.77999999999997
536af212-5738-4a92-9378-ac632311012d,0.58723709890125,166.78
de97b69b-75ae-465f-83f1-29c556597636,0.58453231740065,247.77999999999997
cdbbe556-afa6-49fe-a0b1-c67a6a527f74,0.58249246222195,220.78
3e68b7b8-5290-4f79-a450-6e6ff48bd93a,0.5845815319761,219.77999999999997
d29ce51e-6c9b-488b-84ba-8dbb8603e62d,0.5869659517835,269.7800000000001
5b9083cd-6a2a-4ed2-8e73-be4247234396,0.58498056248245,228.77999999999997
a5184cc7-0191-4c2c-a128-fb12c543f559,0.5831761656519,251.78
f09aa830-0ce9-4896-a05a-94d3140ee67d,0.58445204233585,261.78
100762ca-81ee-446d-8988-b64798b94701,0.5857767295334,234.77999999999997
061dba9c-badf-4729-bb64-ab26619911b1,0.5848989364181,160.77999999999997
7713be9f-f2cb-496d-a83b-4c763a855531,0.5860228326087,185.77999999999997
0839e457-fbc0-448b-8030-ffe255493a63,0.58595821617085,240.78
01159c89-fa65-4dd2-baa7-7a65ef3d827d,0.58183152633285,261.78000000000003
03bda859-46a8-4593-a899-d1f1182f09a5,0.58925060725155,214.77999999999997
b6e289a3-cecb-4a85-b843-6773cb2c0d55,0.5837759982438,263.78
7ea6b1bd-4940-43ef-903b-7e8bea7ab878,0.58411457228455,253.78000000000003
e3bf7373-8997-467f-8731-08e8b25dec42,0.58723709890125,166.78
06ecd22a-b887-4150-be62-c6597bcaf037,0.581272004131,245.78
ad7e1a71-8c0d-4340-89d1-a91276749f53,0.58610119615325,215.77999999999997
2a034ddd-d10f-41c4-97e8-556bbc30ac91,0.5845815319761,219.77999999999997
be10c03a-6ebb-4a07-87e2-f777abbb415f,0.58412155862855,238.78
f4632ae4-095f-4af4-a2bc-650e47d304e4,0.5816238592444,232.77999999999997
bd9a5746-966e-4785-a075-61e56f82c7f4,0.5869659517835,269.7800000000001
02d2affc-dc81-4d8b-8ba3-364acde00d70,0.58498056248245,228.77999999999997
3caa7761-9312-4e2f-be58-589747226017,0.58445204233585,261.78
1093d159-419c-4a23-981a-3629199c1a60,0.5848989364181,160.77999999999997
518d5ebb-aaa8-4315-b190-7388339ea305,0.5860228326087,185.77999999999997
ca7a23f6-6e53-4379-ae51-d2a1e4b58bd5,0.58498056248245,228.77999999999997
ba93e1c5-cf5a-462f-8202-d5fc5abd65e9,0.5846908289879,252.78
d1e9fdb5-d13d-49f7-a4aa-6d369e276ae1,0.58925060725155,214.77999999999997
585e6b30-e82f-4fbd-a1a3-41308c435ab3,0.5869659517835,269.7800000000001
6c4239d9-de09-4e22-a6b8-be8b1fd0fac8,0.58450739129035,226.78
a191e601-d7f9-4829-87f5-1014370a83fb,0.58723709890125,166.78
e3239b9d-ad0d-4c17-a193-fe22b4e0f5e1,0.5829431860098,257.78000000000003
fe1d2831-dccd-47a1-a4da-c89e3376a105,0.58610119615325,215.77999999999997
02550bae-6534-427f-8275-10577b8e1d26,0.5851926855218,225.78
21d47ac9-261e-4e90-bcf5-341090d20b39,0.58434270309855,223.77999999999997
09b10203-8fb3-46f9-85c6-85ca82ca0786,0.5891956265322,182.77999999999997
a3076c33-8b82-4e08-9955-a11b09db4aa1,0.58658229934975,186.77999999999997
fcc4bb4e-8541-4e7d-b42d-b6b16f1863e2,0.58468271444885,244.77999999999997
81dafd8c-7a15-41bf-834b-389300da9d88,0.5849401589707,265.78000000000003
e1fc63b3-d24a-49e3-8a11-3fc60ee70ad1,0.5848989364181,160.77999999999997
02fa96cf-a8c1-41ab-b798-4521af6ec165,0.5838099096168,257.78000000000003
5bd2fded-9602-46a8-860f-0207cd33042b,0.5850386621983,243.78
f838f16f-b13b-462b-bf43-6c924819e323,0.58474059381495,219.77999999999997
b55b13d0-bb9a-4ecc-9126-91c78bc920ee,0.58174568795415,244.78
0329a9ae-2391-47b0-83eb-80fbf59f8e72,0.5831683617937,291.78
156bc287-5963-4e78-9ba8-6ab7f30d4187,0.5866025424875,266.78000000000003
cfb5994a-e778-405e-93bf-06f740a9fa61,0.58723709890125,166.78
a3247795-eb24-4590-9552-37c4bc4d430c,0.58687097422665,242.78
95e9b18f-4819-42f6-a232-e0dc9ae5c1de,0.58622160358645,264.78000000000003
e3acecaf-f44d-40be-a23f-22e686e0568d,0.58334401637065,192.77999999999997
ce674b7a-a65e-4ec8-b7ee-fe9e25bed64c,0.58434270309855,223.77999999999997
f771ddc6-8099-405d-a78c-eb4e1ee00635,0.5891956265322,182.77999999999997
80f806fc-82c7-4e3b-ad57-7dd95201e84e,0.58658229934975,186.77999999999997
7f5435aa-1a8a-47d2-8bec-c3d76357e737,0.5848771878608,175.77999999999997
d6ede3a5-93a5-40a6-a202-da3a0c05f3d7,0.5850798532752,210.77999999999997
5e3fb8bc-c03d-4ed2-b009-99d73bf10f6b,0.5848989364181,160.77999999999997
d30e8088-07aa-4073-84ff-6e05ff52efc1,0.5889590362796,185.77999999999997
cadc8dd6-0004-4bf2-a51f-bb88a8eb38db,0.58615666207525,195.78
4f10b3d5-f5be-42ca-a2dd-70a8a3a46864,0.58474059381495,219.77999999999997
9b0bd4db-a0b6-4170-bcca-6f14e5bcc632,0.58390987370695,193.77999999999997
93ee88ed-5147-4cb9-937a-f21a8c1c5956,0.58451054252125,198.77999999999997
f49fc1ac-8cb4-4698-b1eb-698ad95cfcaf,0.5805810373887,204.77999999999997
da2d8e4d-b9c4-4c62-a9b9-b2975ac875b7,0.58723709890125,166.78
71dca97c-3eef-4e73-bbb0-f6122018ef1b,0.58618985716535,190.77999999999997
0692eacd-e543-418b-9ebc-c8df0a2d9f6c,0.58469797159135,178.77999999999997
bdfdbb6d-dfb4-41d5-8238-999a6c5f95c0,0.58490714894405,227.77999999999997
69cd9108-357e-4f30-a4bc-401f0710d0eb,0.58397584835405,256.78
abe0b725-ba63-414f-88d6-404fad08e8ff,0.58550028774775,232.78
42913339-37c6-4325-a184-8507cb05ac4d,0.58719023560015,238.77999999999997
011db7a2-083b-4e18-bc8b-8d83cff43b97,0.5850361857906,251.77999999999997
1a244bf2-57be-441b-80e4-da1295935e47,0.58306482606875,261.78000000000003
be256139-d831-43bf-a3bd-aca85884c752,0.5848989364181,160.77999999999997
013560e4-98bf-4979-8519-723766c05e5e,0.5842783169109,257.78000000000003
14d2444f-eb92-4fd6-bde5-0d3167e1ed0d,0.58373869236185,235.78
77855b89-97ad-407a-834b-53af5c243f7c,0.58369653977045,235.77999999999997
7916190d-913f-4aab-8a14-dd328a619814,0.58662465184185,188.78
8edf0ea8-1527-47ce-b763-553db7530efe,0.58474393095565,207.77999999999997
f8285b40-9042-4bfa-9dee-204709cf496c,0.58493318494285,252.78
b2509675-0b2b-4cee-83ca-af84bd0bf755,0.58723709890125,166.78
42b2e052-b632-4b46-83f2-8395acfede73,0.58778222346515,212.77999999999997
9ac55483-50ea-44a1-9ff5-153e47ed8fad,0.5865292398704,200.78
