SimulationID,AdjustedLatency,AdjustedNetworkCost
336b47bb-5e0c-4dfd-bb04-f9a05a0257f9,0.5822735470678,280.78
7c2c26a6-31c7-4e62-ae1c-48c110717d41,0.58699906721485,233.78
fe87c487-01fe-4018-913b-76f2491ac2a7,0.5835091561966,254.77999999999997
cf42bea4-7597-4f32-b293-8270f5050bfc,0.58348685047,226.77999999999997
6dd61f63-1a01-4c17-ae7f-89fb701789a5,0.5847421367069,208.77999999999997
186d36a1-21de-443c-9ea1-35bb2c02fec1,0.5831768865615,247.77999999999997
ed1e3483-fa12-4212-b1d5-b1458d2812ed,0.58722947233965,224.77999999999997
3c36cc06-9870-4086-b302-c88c696dac48,0.5873944219739,238.78
0a5fa7cb-ce46-4633-a8a5-e6954f9c3c7f,0.5843385410461,224.77999999999997
430d6303-d88e-4237-b943-8500422e4655,0.58615011072725,228.77999999999997
bd157918-bbd8-4830-83da-568037a78bb4,0.5833465848796,253.78
9f803a13-6d21-4ffd-8fdc-25d582aa339c,0.5824866391398,269.78000000000003
ad469e66-5549-4aa4-a179-00c65a2c64a6,0.5825545814796,250.77999999999997
e06c28ee-67e6-4773-bffe-651545fa9235,0.58412879470785,252.78
7721fae1-aa0f-41ae-8ccf-fa21eb5dd241,0.5818460769203,273.78
1abdcae9-8aaa-4489-a479-42bc6e5917ad,0.58543562097435,232.78000000000003
c465ffaa-4939-488a-8e3f-ebf8aa66792d,0.5836451251243,227.78
8f789503-3cf5-4200-add2-3bffda9698b6,0.58699906721485,233.78
4a0945c3-7046-41f2-b73c-8d230df75cff,0.5835091561966,254.77999999999997
f4c2577c-3cad-4177-8c18-113e56d55fac,0.58348685047,226.77999999999997
7a080b6c-128d-4545-8286-84ff04226be0,0.5847421367069,208.77999999999997
e88c25c7-7dc9-4317-b31c-424bbb8fc3eb,0.5831768865615,247.77999999999997
e3997542-8e81-4a8e-afe3-d66092d5ab75,0.58722947233965,224.77999999999997
bf06a1e5-24a8-4045-bd5a-4a1ae2c3a2af,0.5873944219739,238.78
3f928f25-7ddf-4f26-a27e-536caee6ef61,0.5843385410461,224.77999999999997
0724533e-5bf1-4c43-b6c0-037d7e7c4254,0.58615011072725,228.77999999999997
2e171778-0480-41f9-81b4-4a66c3dfe7fa,0.5833465848796,253.78
7eeee53d-685f-4245-bfd2-cd22f1fb72a2,0.5839110837683,227.77999999999997
33a7ea46-e032-4e76-b988-3e5b808c825c,0.5825545814796,250.77999999999997
2302c503-7949-4161-afec-a03eb5d7c70a,0.58412879470785,252.78
45f77752-bfc6-4d2a-acb2-d2e6a2a96060,0.5835040617403,244.78
72fb1c3a-7352-4df9-8e71-50d2db9479f3,0.58543562097435,232.78000000000003
9a4934eb-040a-445f-88ce-cfe5d7e680f3,0.58488179116095,286.78
5bea62bd-c64c-4cb6-9b40-c174442e6e5c,0.584929875546,227.77999999999997
ba2c88b5-6862-47d2-843a-297a0326203f,0.5823574192337,264.78000000000003
ca18a783-4618-4d37-80f2-162c3d29f392,0.58255170227795,226.78
a982d6e9-f0ba-444b-86f5-ab5a566d188a,0.5847421367069,208.77999999999997
6c23b90a-19ed-40bd-8551-30f095ebee2b,0.58161945318775,235.78
08946641-fa36-4c2d-943d-56852a6baa72,0.58684366061865,197.77999999999997
e251cfb0-cd2c-4530-81db-9f2c867bcdb6,0.5858150127112,191.77999999999997
e8c8cb12-cc85-42ea-806d-62d5c77697c3,0.5843385410461,224.77999999999997
87f5183e-ad41-4526-89d5-5b1a7b5589b2,0.58878483814265,269.78000000000003
43146b83-8158-4171-98f8-b70f85dd67c2,0.58411980778575,233.77999999999997
70fe2f98-d935-48f4-803b-a777295c5fb9,0.57821544977025,241.78
0004774a-a216-4498-8428-6d4add079ded,0.58399559711015,262.78000000000003
4edd8341-73b2-4960-a523-51278d778ff3,0.57968495920785,272.78000000000003
575bf036-07cc-40a2-aefc-799bd299def9,0.58036129973005,279.78
fbdbe417-c3ab-4810-9b14-993d2613eb8b,0.58440225685125,201.77999999999997
4f8d81da-d234-4a39-87f5-2c913ad338a4,0.58227570098315,233.77999999999997
7d33b0e6-6f1a-49f8-9c0e-ca49de3c663d,0.584929875546,227.77999999999997
c1cac63a-4de5-411b-a9ab-f64546bf7ed1,0.5823574192337,264.78000000000003
80a85699-f87d-48a2-a5cf-2974819390df,0.58255170227795,226.78
7875b2d4-a6c7-4ed2-a8b3-3ff7fcec3e6f,0.5847421367069,208.77999999999997
2de4b763-370c-4688-8b84-878452d1bae1,0.58161945318775,235.78
fae8dede-0a1e-4557-9bf7-d417ff43df0b,0.58684366061865,197.77999999999997
8e02fbfe-09c0-43ff-8aa7-abe3b48a653c,0.5858150127112,191.77999999999997
a157618d-db5d-48c6-ba74-e5d38190598d,0.5843385410461,224.77999999999997
db5f23d4-144a-44e4-958c-ad449ee02885,0.58303822024975,225.77999999999997
a2ccf4fb-5bec-469d-9f4d-ee28b9d8feaa,0.58411980778575,233.77999999999997
83570d55-1c41-4ec9-ad55-7ffe597e4bd5,0.57821544977025,241.78
01dcb59b-6274-4b18-b0f3-7ad553874cd2,0.58399559711015,262.78000000000003
31726ae5-4b93-457e-840c-7be06437353e,0.57968495920785,272.78000000000003
aed8eba7-276e-47da-b4fe-366eb7e35eca,0.58487544804665,193.77999999999997
53bb745b-e7be-43cf-91b3-d609dece3aff,0.58440225685125,201.77999999999997
80409b23-0364-420f-acc4-7436dbb9c781,0.58259192867995,251.78
0b2f8b12-8620-4af7-918f-ae2c422d058d,0.58501550928845,202.78
f810618d-f1c4-4ce6-91ae-71d2863002d1,0.5817675854366,258.78
498617e9-0022-4cdd-832e-396472b3c1e7,0.5823322046077,245.78
43b2e33b-832c-48f4-bff2-2419b523dd6b,0.5860376559235,266.78000000000003
e24a92ec-5131-4a38-b25a-3b0f719f8af5,0.5868059973906,206.77999999999997
1400b2fc-7cf4-4505-8a7a-f569f5c6e170,0.58572289122675,237.77999999999997
4db38c0b-88fe-4b0b-82df-5001a2b3fef1,0.5858150127112,191.77999999999997
40219340-7e70-4558-b63f-38b073c67b88,0.58735025599435,215.77999999999997
9bed8c44-c6d9-4e7a-b84f-18eb58a53517,0.5867452709691,188.77999999999997
c520d2d2-243a-4cf9-b95f-3da544471ef7,0.5847515675094,193.77999999999997
1a253c76-868e-471f-8779-ccc171fd1262,0.58256332793535,215.77999999999997
b28481ff-d376-4986-bb2e-4191bda969f4,0.5844723714845,219.77999999999997
582fadca-68e6-4688-b2ad-96936d73269b,0.583858248227,242.77999999999997
f41f5649-610e-47f0-a4cb-5ad34a2a8665,0.58487544804665,193.77999999999997
2f761f26-2362-45a0-b453-1f7060a98d91,0.5819477357698,238.77999999999997
f28c99a8-ab4b-40c2-9eec-993ff39a7cd8,0.58415085131355,250.78
1dfb9b3f-29a5-4c4a-8b1b-20c58b4ac2e8,0.58501550928845,202.78
e4ce2ad0-0573-466a-90b4-88e35ab2cde8,0.5823322046077,245.78
6ad5e1f4-76cd-4684-93da-60fb0c293729,0.5823322046077,245.78
910885e5-da17-467a-97ac-c3aa651b7fc8,0.5817675854366,258.78
a972327a-bdd8-473b-91c6-d3aae921ab27,0.5868059973906,206.77999999999997
63033a06-c271-45e8-aae5-905726c9b100,0.58572289122675,237.77999999999997
55b3f95e-8517-4c37-a10c-33dbbfcafa3c,0.5858150127112,191.77999999999997
6563ac2f-3cc3-475a-83a8-de19922a3605,0.58735025599435,215.77999999999997
f0cdb98f-41cb-40e2-b691-8d84cfe0ce2c,0.5867452709691,188.77999999999997
1cabb538-f14e-4954-add1-e9ae9fe88019,0.5847515675094,193.77999999999997
40890905-3fcf-44ea-9b3a-ebc4127fa454,0.58256332793535,215.77999999999997
b2bdbbc9-4125-4848-9c46-252bf09d90b3,0.5844723714845,219.77999999999997
7823d932-5161-4181-a306-fd5baf073093,0.583858248227,242.77999999999997
c5365db4-1cd8-40e5-a94c-bb8454d7fe2e,0.58487544804665,193.77999999999997
c34c1ff8-457a-46fa-96de-440a1de25db8,0.5819477357698,238.77999999999997
1fd3e1c8-6466-4073-939a-aaa52116baff,0.58308416820125,204.77999999999997
e1fd4330-9da4-43a6-9cc8-d32adb369236,0.58609763503885,224.78
f652a7fe-a1b1-45d1-857b-202ff6c32b0a,0.5836671071576,195.77999999999997
c181f9e2-e34e-4fdc-9f90-a4a8b67bb7ba,0.5848669300154,226.77999999999997
3a07d2b4-309f-4017-8f00-99ea413c08cf,0.58494801106325,206.77999999999997
deb8b033-ee42-493b-9a42-5753aac37680,0.5833630951416,232.77999999999997
5d2955c7-e3b8-4b02-ba15-5a4536cac3f4,0.5822257222027,232.77999999999997
5a38e5d8-192b-4b3a-ab1d-09e959e158d2,0.5858150127112,191.77999999999997
4bb81f60-a3d5-440a-bf8d-67efee2ffcf6,0.585039336758,215.77999999999997
69375573-bd23-4080-9660-b45a79fe2adb,0.5867452709691,188.77999999999997
d6c8920f-03a2-4529-8b7a-083760de248e,0.5841297135145,289.78
64934d8d-a715-4da5-a94b-4279830186c9,0.58546788914255,260.78
54708f98-2a8a-4674-a66b-e04f233315b4,0.58496200311465,247.78
9052a455-1f8b-49fa-99f7-44046425d8e9,0.5850957972351,247.78
240e86f0-5de7-497e-a112-4f02b56bc8a7,0.58469973549795,270.78000000000003
73bad6ba-72f6-4b43-a19f-c940befc00dc,0.58265908882235,225.77999999999997
fe7b7945-60e2-48f6-8808-7f4204ea7777,0.58308416820125,204.77999999999997
c2b9335d-e7f5-4ec6-98ab-dce390cab71f,0.58609763503885,224.78
6a4b7112-d1a2-42ce-8952-048d02125e05,0.5836671071576,195.77999999999997
2a398d3e-aa68-439f-984d-a126f2394658,0.5848669300154,226.77999999999997
b4364292-30c0-4c1d-bc67-69750bf6a843,0.58494801106325,206.77999999999997
41ac9e29-ca90-40bd-8405-5e6ea530b933,0.5833630951416,232.77999999999997
807f0ae2-393c-4382-be41-533d94f96514,0.5822257222027,232.77999999999997
edaa758c-e36d-4af7-9728-fdd0e3984934,0.5858150127112,191.77999999999997
23db966c-df1b-4bdf-919b-9e6228bf9f75,0.585039336758,215.77999999999997
e90b25e0-b323-4c48-b9c4-71931a88d838,0.5867452709691,188.77999999999997
e79ba6de-1a76-4b09-8b05-6a32d767d752,0.58409853663365,205.77999999999997
8c5dcf16-27ed-4752-b5e0-aea92c94320b,0.5861009106941,247.77999999999997
1e6c3730-9387-4550-8600-4e8b212e8934,0.58496200311465,247.78
e49f2a7f-d177-46e3-8b12-23e7ef25dfd8,0.5850957972351,247.78
2adaffe3-0b4f-4db8-b71d-ab5b18f28800,0.58258136620685,228.77999999999997
e47e1eb2-65c3-431f-8c6b-4961869ea00d,0.58265908882235,225.77999999999997
b7ad8d31-08d7-48f4-903b-82fe966800cb,0.58321263808205,266.78000000000003
028dc4b2-70ea-4176-a2d0-af2870de9d86,0.5828059171504,209.78
e4de826e-dc3d-486b-a632-925fa8d90375,0.58444113043925,235.77999999999997
a9efb547-6942-4bec-af91-b9b24323d534,0.58212571036745,213.77999999999997
f1509885-9b84-4ba4-a6b2-01e778644393,0.5850231624331,246.78
765061c1-d394-4897-a3b9-4fbab36a393b,0.58117255521045,253.78
54eae4fa-d796-45e7-97f8-f5512e58bb89,0.58220628449185,216.77999999999997
c2ee5cbd-525e-41a3-9276-e2cf6771ce8c,0.5858150127112,191.77999999999997
2b64597c-5d4e-4475-be02-413577f9d052,0.5842823611681,252.77999999999997
4b355d7c-84b2-480a-9d76-0184dbf9ed41,0.5867452709691,188.77999999999997
253565df-29f1-42c6-a5b5-1cfc76a050c6,0.5865538734019,227.77999999999997
ad324b99-8f04-4818-b906-91cf2bf74d2b,0.5851941356557,263.78000000000003
841d5c85-32c6-449d-b910-35fd07ed1b8c,0.5867791229814,191.78
7d871422-347b-458a-a8d2-f668ca7a7d3e,0.5806665095968,290.78
65d04f71-44a5-4b28-8e8f-7a907c36f618,0.5827820765058,258.78000000000003
87e837a9-4729-4649-a4f0-9eca28c0b896,0.5821427677471,238.78
0a10f045-ff9e-4892-a5d1-cb5daaebbbdd,0.58243856783815,231.77999999999997
aa86e4ec-180c-44f2-bbaf-be83bce83297,0.5828059171504,209.78
e8765a72-1e8a-4ab6-8615-0813fc061c81,0.58444113043925,235.77999999999997
c439731f-5ab5-4bcc-ac72-86f07e0ac536,0.58212571036745,213.77999999999997
825fb245-c8d5-4bda-a2eb-8521b422481d,0.5850231624331,246.78
e13cecd3-3184-43cd-872d-006a4e228981,0.58117255521045,253.78
10e91a50-b259-4ffb-8e05-8b9213eabb78,0.58220628449185,216.77999999999997
6b07c5dd-516e-470e-b257-7ee136f30c9a,0.5858150127112,191.77999999999997
2d2e62ca-8dc7-4f8e-b692-21087a3a75c3,0.5842823611681,252.77999999999997
412fd37e-39f3-49cf-ab42-667097383e4e,0.5867452709691,188.77999999999997
41252463-4c6d-4c63-93d6-20d65c4e99c4,0.5865538734019,227.77999999999997
61f63c2f-f535-4484-a14b-be61c2880b6a,0.58212571036745,213.77999999999997
a6597ec2-134f-40df-806f-ca83d0965dd8,0.5867791229814,191.78
079314cd-a0d1-48ab-a946-9ee91176f582,0.5837883812165,206.77999999999997
f32ce8bd-90d7-48f6-8ebd-bfb1551b2809,0.5827820765058,258.78000000000003
69bfb58b-4bf3-4d2a-8619-0048f6fa95dc,0.5821427677471,238.78
ed2b9d21-46ca-4628-9ffc-ab5b77f603f4,0.584150682814,236.78
a0fdeafd-064d-4997-89bf-d288b1f88138,0.5782989314382,223.77999999999997
f771e158-55e5-481f-91e5-6fbe0d18eb57,0.5863907933561,209.77999999999997
f1b51b26-760d-455b-a1d9-faea343e56bc,0.58260443206085,275.78
63b87474-f366-4dbd-aefa-b2247cd85046,0.5854406663353,227.77999999999997
28eb6f54-5dc7-4bcc-86c8-d120deb70d17,0.58527090428415,218.77999999999997
3e90a0e8-21c9-41d6-b697-a59a6251788b,0.5836825935217,264.78000000000003
69c1582a-ad09-445e-9689-b90643ce36ae,0.5858150127112,191.77999999999997
0256c071-fdd5-4f4d-bcb4-3fb534d91b60,0.58401466769955,248.78
189f2359-388d-4d66-9ede-0b89dbdac746,0.5867452709691,188.77999999999997
4464e859-aa1c-49cb-8b4c-556837dad618,0.5859058474142,250.77999999999997
ed3feac8-85dc-417d-98be-2f5d5bdf7ed9,0.5800599331143,274.78
062e9af1-b7ae-4024-8891-22b50af5d627,0.58368566905995,260.78
8f921dc2-57f9-46bd-9234-719db218bdbb,0.58326676622345,257.78
332a8cbb-403f-4702-88fc-9cf1becbb84f,0.57893098092245,220.77999999999997
6f241df1-0c27-4e86-a9d3-f1dc8bbba3d3,0.5837636657759,200.77999999999997
012ae464-e76a-417f-bb9c-aeeeed909cfd,0.584150682814,236.78
cccbf9f4-43ed-4736-9a99-118dbbe54a00,0.5782989314382,223.77999999999997
a764b175-9b21-4c9e-8f6e-e980c535e8ea,0.5863907933561,209.77999999999997
15b6fc3a-7f7d-4825-adcf-9c5e1814b90a,0.58211001768525,232.77999999999997
95d004f0-4a7f-46d7-bd45-28120cce834b,0.5854406663353,227.77999999999997
d166e49f-39ba-4ae5-a194-95ac10d2618f,0.58527090428415,218.77999999999997
20e6b785-604f-4c46-b5ec-012bede607e6,0.5852624035299,240.77999999999997
b26b6448-8471-4f0d-93ab-e8a336af68da,0.5858150127112,191.77999999999997
6b76028e-b7c1-436c-8e66-ca2b6e328752,0.58401466769955,248.78
8f1a6dc4-9f65-4115-af26-70d5a1b866ac,0.5867452709691,188.77999999999997
e825ec3d-50d5-424f-b47d-fda32336f140,0.5859058474142,250.77999999999997
6d39cb96-bd30-4984-a54b-51c268dda31c,0.5850121418013,227.77999999999997
13880130-cefb-4ff6-b33f-5c52e75e10af,0.58368566905995,260.78
f8ac5171-c237-4ba1-9f86-8dce5776e3cf,0.58326676622345,257.78
211bd1cf-a95f-4b50-ae2c-9e68755de066,0.57893098092245,220.77999999999997
1cbb23c6-81ed-4bba-b8d6-f20fe9fea14a,0.5837636657759,200.77999999999997
5c408cf8-a530-4831-93dc-3256097e5e01,0.580922893334,270.78000000000003
70f27356-998b-4f7a-8cc6-781e231df645,0.584229681744,234.78
40c8fff3-7b3d-4e4f-8588-8260529907d1,0.58145459201955,248.77999999999997
e27d8aa4-3f64-4140-9200-929fee778f92,0.58468284438865,226.77999999999997
e36da8dc-5d5e-4ec9-845d-f3398636fa6a,0.58687747928065,205.77999999999997
270616f2-5aee-4342-b229-8941954a77b6,0.58391195109825,237.78
d3fa53d1-2da3-487b-8ce6-02217f651935,0.5832934775381,275.78
82fd5f5e-fb71-47cc-9cf6-077219192fa3,0.5858150127112,191.77999999999997
8456c8ba-dc5d-4f19-9389-5f61f3daab7e,0.58857771707695,208.77999999999997
3d07749e-d184-4582-8eab-1e8087f43f8e,0.5867452709691,188.77999999999997
76eb1cb9-92c4-4788-985a-7632588569a4,0.58440366418555,254.78000000000003
6548148d-8ff8-41e3-aaff-bca78600368e,0.58540670624595,243.77999999999997
3b8c2212-7519-4704-8eea-dda12b98e3ef,0.58503056420275,241.78
10cff7e5-a245-44e1-861b-db5fa130d57f,0.5837359476968,265.7800000000001
77ed8d6a-9ed4-4173-b804-396f4db8fdfc,0.5860321531152,198.77999999999997
8b066214-843e-42f5-b6f8-d63286d86911,0.5837489289829,248.78
df50a776-41ea-4af9-bfa0-bcaa4b98bd34,0.5837543256055,196.77999999999997
756d0fca-0544-4393-86c0-4167ca7d10dc,0.584229681744,234.78
b37eb258-d9cc-4651-bd3c-535d15bfccf2,0.58145459201955,248.77999999999997
2aae18f0-74fd-4c78-8dcc-aaf28a2cb01e,0.58468284438865,226.77999999999997
23ca306f-b056-4d8b-a42a-084db6ab9255,0.58687747928065,205.77999999999997
d58650fd-2aec-4d19-ba83-f7be83ea6bc3,0.58391195109825,237.78
c512a81f-5839-41d1-892d-ef7afd481ebc,0.5800479447295,258.78
ef34df93-d29f-4fc6-9bb0-d567edeb5a3b,0.5858150127112,191.77999999999997
f6a9e997-d31c-4b71-a90a-8588d99788ed,0.58857771707695,208.77999999999997
4faabcb8-380b-46c9-abdb-6b6ef77426e3,0.5867452709691,188.77999999999997
ef60b21e-70fe-4fde-a371-a87a9559fc8e,0.58440366418555,254.78000000000003
73b9506a-aa46-45f2-aeb7-e145db0b69a8,0.58540670624595,243.77999999999997
2fc0b2f9-54c8-4ccd-98ad-a11d21cbcbea,0.58503056420275,241.78
10be22dc-e3d8-4908-b2ad-fcd2d8dbe785,0.5836300090579,243.78
67e8aae6-e410-4180-b298-81b19a271efd,0.5860321531152,198.77999999999997
d32ef6a7-8408-4d63-97f1-e54578c0b41e,0.5837489289829,248.78
6d78be62-a191-46f2-ae23-9ba79a6df3b8,0.58518732883295,253.78
704a71ff-0104-48fe-b852-a207964f331b,0.58429678183205,260.78000000000003
82833b1a-0fec-4561-a5a1-182df5b46b93,0.5850734125027,227.78
c1a275a7-c239-4a6a-a097-969fec687623,0.5872251334164,186.77999999999997
30945715-ef22-45c7-9aa1-9b10dc611b9f,0.58331951462525,262.78000000000003
bdb4e002-8f0a-43f2-83b8-3b9c32ceff74,0.5842052100881,217.77999999999997
d22ca149-72a6-4ca4-9b28-f3de25eba9e3,0.58129801384925,252.77999999999997
91ea402f-419b-4b55-86c3-8ef5612701e0,0.5858150127112,191.77999999999997
a5668e0e-7cdd-4c26-bdbc-ce99bf35651d,0.58628536809335,242.78
2bc8fff6-8493-44f0-95f7-65f838dc2610,0.5867452709691,188.77999999999997
b65aea39-bc20-4c5a-8bcc-ed72aad926be,0.58272662845305,214.77999999999997
25a7e71f-13c0-492f-afec-daf9fc1b4bfd,0.58145754884575,254.78
9a4002bd-e9f5-403d-814b-ecf45fd992db,0.5847100266802,239.78
0cb22623-9d80-419a-9adc-ee94554e3bb5,0.5847879334772,243.78
62f3a80d-55e5-48df-abfa-f19ebc8bd164,0.5841999904203,278.78
b6fd6e32-fa4c-4ab7-828a-1e961ba1b8d6,0.5834444762789,216.78
638418cc-6fe6-423d-8b80-e7e20d23bbb8,0.58518732883295,253.78
e79a31af-aa9b-40c0-bcd2-f9374ebd2374,0.582114424106,256.78000000000003
35598be3-136c-408a-8f3a-ad9d7772edeb,0.5850734125027,227.78
db18cc82-b7c7-4396-b858-f2a2da7591c1,0.5872251334164,186.77999999999997
82cd13f2-4eb0-43aa-a3f8-280cf8559e27,0.586263859107,225.77999999999997
83e0afb3-034f-4669-a4f6-42aefe6fe5e9,0.5842052100881,217.77999999999997
fbd83e4e-7fbd-4e04-bbba-2a050b7eab51,0.58129801384925,252.77999999999997
e9182969-e6cd-4234-af1b-586bb503cd24,0.5858150127112,191.77999999999997
ff04bf17-a25d-4fac-bb26-0f49758ae6da,0.58628536809335,242.78
b8bdd244-df4a-468d-b8ef-b43110e84e8e,0.5867452709691,188.77999999999997
81aea5d6-a7f4-426e-a010-5512275f7bc3,0.58272662845305,214.77999999999997
67c7f4b4-b775-4ed0-9fb3-234d296a50fc,0.58145754884575,254.78
bb8ac09e-1c3a-4389-925f-6618e143e53d,0.5847100266802,239.78
3f0f2e92-496a-4c27-90f0-57232d4dfec9,0.5847879334772,243.78
70c8c747-254d-4065-a8f8-cb04fa1eca22,0.58429678183205,260.78000000000003
befa803d-83f9-4f89-93c1-402cb2116784,0.5834444762789,216.78
aaba2749-3d7a-4271-ba96-eba95b6ab99a,0.5862544010878,257.78
2c5ae778-83c4-4c62-9588-2dc44356be96,0.5834333773456,246.78
5c8452c2-af2f-4b17-97ba-f5ddb524f79e,0.5814799552746,245.77999999999997
d05a9a36-3337-46fd-bcdf-d089bb95f89f,0.5872251334164,186.77999999999997
fd0c36e1-4b79-4b5c-a5c4-556b61955d77,0.5851711897387,247.77999999999997
db9b6d1b-39c0-4f5e-9662-f27bffa46b86,0.58306044733315,210.77999999999997
acfb36e6-6a7e-422b-8c06-706460620dec,0.58452084056085,265.78000000000003
39d411da-79e1-4e53-8c8f-661c86678e56,0.5823664333691,221.77999999999997
5fa028b7-64c5-4bc2-971f-4fff820a71a3,0.58332763420685,227.77999999999997
8a720b63-77ce-4500-b03b-8fa7036ff15f,0.5867452709691,188.77999999999997
85767749-f2cd-49ca-acc5-bb85c4f0958f,0.58794441691455,189.77999999999997
9e4c1743-cd2a-4fff-8cbf-4f4a74945fe6,0.5820797298127,194.77999999999997
2b32d0d8-7e1d-4220-a23f-3484461891fb,0.58642615859055,242.77999999999997
ef980bf3-38bd-4002-a3bf-57081e00f482,0.58504903090495,190.77999999999997
ca26de8d-843d-42d3-b155-0a1dc5568058,0.5840391132941,254.77999999999997
04785734-07b5-4043-878f-669504529120,0.5815821314439,242.77999999999997
f4679c30-d38c-40c0-ba6b-a8490b59dbfd,0.5834956307117,236.77999999999997
57a4b9bd-5546-411a-bf56-15ef1ff42d47,0.5834333773456,246.78
4a9d5cc7-35fa-46e9-a55e-945b56afc738,0.5814799552746,245.77999999999997
604eddae-b969-40fa-b2ba-16bb643d88af,0.5872251334164,186.77999999999997
0094db3d-3b48-4ab7-a6e6-df9c01eff057,0.5851711897387,247.77999999999997
bae6c1c5-133b-4def-a475-519b139a77f8,0.58306044733315,210.77999999999997
25188416-fdf6-4012-8430-399d81df5cb1,0.585400457318,262.78000000000003
1f0da30d-e975-46e5-8b74-088f9baa4ec5,0.5823664333691,221.77999999999997
80f57cfb-1706-41cd-8a4c-4ea7f7cd4d8e,0.58332763420685,227.77999999999997
644d1406-03c8-4e7f-8480-cfaf6890722a,0.5867452709691,188.77999999999997
58466266-17ca-43d1-bea5-9f70ef005bf1,0.58794441691455,189.77999999999997
ca12d2b5-26e5-47fc-8386-62fe8677a4f7,0.5820797298127,194.77999999999997
88b83fc5-89c3-4a9f-bb72-656e7ac555bd,0.58642615859055,242.77999999999997
1ddd967f-1281-4483-a1b9-3c2581a86c98,0.58504903090495,190.77999999999997
5f0a54c2-e5be-465a-b0b1-8a7fa9cafe06,0.586929026233,186.77999999999997
9e2cd0a7-c1bb-4f92-a3c0-6a098f17ce8c,0.5815821314439,242.77999999999997
d01fb215-9ac2-48ba-a342-f275c1425926,0.58235019962135,259.78
6378e671-68ff-4e3f-ac02-97d363b928e9,0.58652119232035,287.78
a6effc33-7e79-438d-a976-57ae1372de72,0.58234218267425,257.78000000000003
660af3b8-0eb3-48e1-974f-0db17780382f,0.5872251334164,186.77999999999997
bfb68adb-3352-44ad-a30b-54c492aefe54,0.58486868801315,258.78000000000003
02791d3a-c597-4155-b1bf-eef71d027e74,0.586420865513,254.77999999999997
5ebc3799-0265-40d5-99bb-a2ddee3cdadf,0.58407830663765,209.77999999999997
4474623e-3ffe-45e7-81e2-e73da0654442,0.58685730573825,223.78
dd86c72a-8d83-4230-9bc4-a03ec943066f,0.5849552400451,202.77999999999997
19b8ec59-11d6-4293-8568-e4779691d070,0.5819288891084,283.78
df16e0fa-7b88-451d-b087-80605d161b1d,0.58329473857105,247.78
1e811abd-2a9a-439c-9e6f-6075abad556d,0.58477765852175,239.77999999999997
a1b945fa-085f-438d-a54a-e74998656269,0.58523072808665,220.77999999999997
278ecb0b-2ea3-4c63-8bcf-79c173c5dceb,0.5833291007615,221.77999999999997
2063bc05-97e0-42b8-ad1c-b173717c398a,0.586929026233,186.77999999999997
96f71d4a-ae18-4dcf-a9bb-09eeaed7cf6f,0.5863272269977,199.78
3e5cf60a-929d-4305-9ed6-bb6e34dcee58,0.58235019962135,259.78
8008b62b-06db-4e06-b5f9-25a3621359fc,0.58466487487905,275.78
64ceafcc-60d7-4b0d-a25b-fdcb2264ad98,0.58234218267425,257.78000000000003
a532dd83-eaf6-4678-a6c3-e9ec8641de92,0.5872251334164,186.77999999999997
6a1ca653-3e85-4115-ac77-ed3d9e4dde49,0.58234218267425,257.78000000000003
99f4337b-27c3-467e-9cc1-1a7acc2ce480,0.586420865513,254.77999999999997
b542fd5a-19f4-491a-a86c-0c6c866d9c52,0.58407830663765,209.77999999999997
c767cfcf-2473-4176-849c-94232a034c37,0.58685730573825,223.78
732ae57c-7b9b-49aa-947e-a03f6069c7fd,0.5849552400451,202.77999999999997
fb4d33f8-b401-4559-b89d-412dfbe803d2,0.58492818687485,250.77999999999997
6278585f-13a5-4971-a0c7-5b35cc8e0ad7,0.58329473857105,247.78
ad2d6175-83fb-4777-acb3-d2beb276b8cf,0.58477765852175,239.77999999999997
e8b1d620-d9ec-42e2-93ed-bbe3fd896513,0.58523072808665,220.77999999999997
8339ce41-bc98-4a14-8160-ac2438691ed5,0.5833291007615,221.77999999999997
7c51406d-5bf6-4dc1-9832-0b076b8cf865,0.586929026233,186.77999999999997
25e600fe-1775-4d64-8019-805c0e516f09,0.5863272269977,199.78
84ab1a44-a640-4872-a51a-1917bbd80261,0.58667238992905,189.77999999999997
146157f0-691e-49c4-a7e7-9d740b332db4,0.5818422856148,217.77999999999997
6fbe1565-cb37-439b-8cb8-12ab000687ec,0.583697035307,220.77999999999997
5297bad4-df4c-4f10-a8a9-90b4dc85ab00,0.5872251334164,186.77999999999997
610a35e6-7a4b-4402-ba28-6ea575cd19e6,0.5835684489527,228.78
ccbc28ab-f53a-4647-8396-02dc8508df69,0.58123726069365,259.78
d7743ff0-52c5-4aff-90af-706545745c65,0.5861991475879,212.77999999999997
e296353e-135c-4e24-8142-2feaa2e6a579,0.58539867285005,220.77999999999997
7e455dc6-6f41-4218-a687-8462ab02c1e6,0.5861059735693,288.78
979e4307-edcd-43f3-9cb4-9bb8080a45a4,0.58286447061625,219.77999999999997
ab868dc2-3d07-4b6a-8588-96fca02abdb9,0.5867102345565,246.77999999999997
36b27802-6713-41c1-a465-0a8341df36cf,0.5833878163103,259.78
9824934f-a673-4bb1-a246-7bf4bccbdb9c,0.58203026249075,257.78000000000003
bd6759c6-3f6d-44a1-b77f-fc17f1e66461,0.58466556063725,254.78
8d3b3c98-503f-4c0c-a0b2-35b9739d67bc,0.586929026233,186.77999999999997
bcd45ba3-2271-4b43-8bec-58e5137bc91a,0.5805521129442,237.78
7335bb4c-3013-492c-b42c-f136ad5d7203,0.58667238992905,189.77999999999997
d81bcda8-f81d-405a-b1e6-84f3d148a259,0.5818422856148,217.77999999999997
cfde32af-e4ed-4c9f-8748-11e7b62c4908,0.583697035307,220.77999999999997
f697d710-e37c-4399-9c67-23532346ae95,0.5872251334164,186.77999999999997
0bd89095-7f8a-4511-9876-ecb3a00c8ffd,0.5835684489527,228.78
12041e1b-d6ed-4b9c-907a-66f36a9dc0cc,0.5822194333829,210.77999999999997
4e7a056a-d407-4e7f-810f-1c892fdb299e,0.5861991475879,212.77999999999997
454add8d-bc13-42b6-bf4a-429a88bd342e,0.58539867285005,220.77999999999997
51bd1050-ee1a-4c1b-ac42-1a55b9927729,0.5872251334164,186.77999999999997
575cf01c-0307-4109-9856-1218276f0d52,0.58286447061625,219.77999999999997
b3c246eb-1bb3-48d6-a0c0-9089a566f901,0.5867102345565,246.77999999999997
0d0a0059-f096-4c59-b3b0-b2eb71bc60ba,0.58438473152485,198.77999999999997
d12a3440-e752-4b37-8ee4-107fde67792f,0.58203026249075,257.78000000000003
108539bc-0a3d-439f-8d00-a45173f53c9d,0.58466556063725,254.78
7d046ae0-206e-43b8-b9b4-77e4078dcb22,0.586929026233,186.77999999999997
c1c95453-6ebd-4cee-9803-89e4e52c137e,0.5805521129442,237.78
0174e692-98cd-4c9c-8214-683f62a9d1fa,0.58416783708165,228.78
3d9027d4-857e-49be-9df6-225343a64d5e,0.5810638029009,248.78
350a4191-d16e-4807-b4a0-426b0cffe1fb,0.58527914905415,237.77999999999997
3a9129a0-455b-4ba1-ae26-31f2966a193c,0.5872251334164,186.77999999999997
251015d2-edf6-44e9-bc2a-17e30c95af6b,0.58722848887945,216.77999999999997
9d9e2758-0137-44dc-8f4b-b35228d58a54,0.58469413386675,234.77999999999997
6a7e9081-2244-421c-b30f-385714102a9b,0.5888616968727,227.77999999999997
709f9182-bcf2-41ee-a06f-c0cbd93f1105,0.5827482111191,237.78
d348163c-91a7-40f2-9231-b416752bb9c6,0.5847622460956,222.77999999999997
dda6083b-7b59-4d26-9850-994883337e86,0.5848329582588,212.78
0032ab41-c8e6-4dbf-9f00-5f179c38902a,0.586837469562,236.77999999999997
b6e4bb52-3793-4894-a3b2-f1c742380fe0,0.58469725228415,265.78000000000003
68c81001-9788-4bcc-97ee-a682b4e386db,0.5838243441913,219.78
6ed23efd-9f66-476d-aa1d-0f38bf65a082,0.5838640396807,178.77999999999997
41e922c6-03da-4045-8a08-1364af94d89d,0.586929026233,186.77999999999997
912eb38c-df2a-477f-98ec-1afe75ee7366,0.5815590964541,280.78
baee9845-0f58-4d67-b391-8c54960fd793,0.58416783708165,228.78
1aa0aa1b-cd3f-4126-a164-c484a476a15d,0.5888616968727,227.77999999999997
12210ca0-568d-4ec9-84dd-017a321f8bc4,0.58527914905415,237.77999999999997
1ad47a02-4f4f-475a-ac02-3f79b88fd20d,0.5872251334164,186.77999999999997
2b5de588-2e41-4855-9b71-ce44b6f2b7ce,0.58722848887945,216.77999999999997
e7b95e51-4ab2-4599-b12d-342486edbfb7,0.58469413386675,234.77999999999997
1e80533a-3185-41b8-bed4-f70af2cc3b35,0.5888616968727,227.77999999999997
5769acb5-da89-43cf-82bf-e3a19a267ea0,0.5827482111191,237.78
d17ba160-7fd9-4a10-be8b-77196d292e46,0.5847622460956,222.77999999999997
c2a300d0-9fa0-4931-bd59-21bcf6ee1ab4,0.5848329582588,212.78
a60e8044-3423-4ea8-be96-146d00699d00,0.586837469562,236.77999999999997
c9aef777-3957-4b42-8719-c56b81626777,0.5858740014862,197.77999999999997
149a07a5-3882-4a4d-950d-8ca93cae9295,0.5838243441913,219.78
dc05e358-735b-4fce-8e6b-2d0660164580,0.5838640396807,178.77999999999997
b067c507-0d7f-41a4-ad67-c5fb0372e345,0.586929026233,186.77999999999997
b0714086-609b-4c47-aab0-60ed86562d1c,0.5896191226778,221.77999999999997
a2b4339a-0368-459d-afcf-2b766871e3c6,0.5847659096439,217.77999999999997
dc4f4d87-c527-486b-9104-4b7921bdbac1,0.58425993590755,198.78
0f8c17e2-18ce-4308-af62-c23281285e7d,0.58278308151255,234.77999999999997
bf44f343-f81e-4cf2-ae0d-745f7e66a099,0.5885059503486,234.78000000000003
2043fe4f-cecd-44b8-ab20-0749927b5454,0.58479547616475,208.77999999999997
225a6bb5-1636-4740-99cf-ba7d24126e77,0.58681350333715,261.78
c764dd63-e2e3-409e-b295-b5edbcb321c0,0.58752252770535,216.77999999999997
34c37776-37db-47eb-805b-b53c23991a9c,0.5867111953177,254.78
ffd2fe40-5f8d-4087-b8b1-75c2b94c5c77,0.5876010331865,225.78
f2d40c40-6161-4aa3-abb2-eee173c14097,0.584305094434,233.78
dc11495e-c7d2-46c0-be81-ee082b09f673,0.5849340700101,258.78000000000003
df8e7a23-42ed-4752-a5fd-c98cc281ae95,0.58733077236125,255.78000000000003
1e0f9f14-9877-4a7f-9762-47517f516f20,0.5881655756204,199.77999999999997
e03b8716-82d1-4a3b-90a1-a7102849ab76,0.5838640396807,178.77999999999997
00376c8a-1026-46f8-a827-f43ec74193d3,0.586929026233,186.77999999999997
ee454947-f036-4b98-884e-4b52804a22b0,0.58487729666725,225.77999999999997
fe6f836b-d20b-40a0-81c7-872e2281bc9d,0.5847659096439,217.77999999999997
0aab7846-a433-46d1-b87c-a4eb9ba4b39f,0.58425993590755,198.78
13749fd6-b6da-4246-bb55-bc84ab9562b7,0.58278308151255,234.77999999999997
0e4d175e-f7e6-42b0-b14a-86c50c74bbc8,0.5885059503486,234.78000000000003
7acdfafa-e7b3-43b8-8ab1-47486d5d9de4,0.58479547616475,208.77999999999997
4b01d881-c4bc-450c-a083-9e4b82cad7e6,0.5807318581845,227.77999999999997
16f61ed2-08fc-4186-b0ae-d4d63fedf64c,0.58752252770535,216.77999999999997
8c5803c4-0524-40ba-b766-7cc3d73098fa,0.5867111953177,254.78
3c174ac5-f987-44f2-833a-176723447a7b,0.5876010331865,225.78
7b262f33-8787-4a2f-9fd9-28657ea8f0a6,0.584305094434,233.78
2f14d8fd-e874-4844-a510-4b05179e89f5,0.5847659096439,217.77999999999997
87d5ed91-8c96-490f-a4e0-4c16b7c970c1,0.5847011886998,220.77999999999997
1df9cc0b-b4ca-466d-9998-d18feca24d34,0.5881655756204,199.77999999999997
84957768-6681-44aa-8129-585dab665951,0.5838640396807,178.77999999999997
ba5ae0c0-8214-4900-a747-0139a2a92097,0.586929026233,186.77999999999997
5e6a76d4-c51c-4879-817f-0825f5081a7f,0.58487729666725,225.77999999999997
15648443-a30a-47f1-8d60-02d42f605019,0.58770542397485,252.78
9669b5a3-dac9-4022-886b-d7824ae44506,0.5834804585702,248.78
f86053f6-1829-4305-96b7-196e746c68e3,0.5820462876526,252.78
2cc3e487-7532-4e7f-97bd-b7e72b2e1189,0.58281378184595,259.78
a13b06d7-7b55-4f3b-9d79-bbfab8301030,0.58407600565625,231.77999999999997
720d92fa-529b-4be9-96b4-5c1c49a66993,0.5846151338066,237.77999999999997
d7074bff-b458-4cd1-897c-5df7c0499c21,0.58482152961815,267.78000000000003
66752f92-6a98-40cf-b041-07c40cc534b8,0.58767924485855,243.77999999999997
883ae3d7-41b5-4156-bd98-63a459ba2dd1,0.5838599534635,233.77999999999997
a0a6089e-0bc7-48a0-8f06-414c79d49746,0.5847320757321,227.77999999999997
1d2d5171-304e-4f02-b23a-9bbf1efdded4,0.5844270419193,236.78
b31fc980-08d1-4eb5-9201-db423ad41ccb,0.58398407671175,226.77999999999997
2142acf2-f3cb-4029-bceb-fdc3ef103409,0.583038316474,238.77999999999997
a4dcc459-6fe2-4430-8f14-0738fd88524f,0.5838640396807,178.77999999999997
b93f587c-7e9d-4a18-a5bb-3079ed9efc49,0.586929026233,186.77999999999997
d5e94072-72c8-424f-a5d2-9260cd4c9c38,0.58404725507055,255.77999999999997
6d8cefc5-fa11-49c5-8b06-5765175c85e6,0.58770542397485,252.78
5c0f57c6-0926-4b65-a926-80b9a96d5d82,0.5834804585702,248.78
ed53a1a6-2d4b-4242-a2dd-c275428a1c98,0.5820462876526,252.78
01b73893-11ad-4948-a496-028da76a5546,0.5837170594812,242.78
21d251f0-9169-4c10-bf0e-8299708c37ec,0.58407600565625,231.77999999999997
1874d3cb-fab9-498b-9d20-504bd8819f94,0.5846151338066,237.77999999999997
a365a803-2a57-4b87-b78e-e982504d2abe,0.58468734528945,248.78000000000003
89b50dcb-e532-4fe5-a853-ded963b8f599,0.58767924485855,243.77999999999997
e3f8ee9b-7d9a-455b-aeb4-a3aa3dde728b,0.5838599534635,233.77999999999997
37fb4463-e124-4f8c-a0d6-dd185986f6a0,0.5847320757321,227.77999999999997
d92719f9-3634-4a34-9cac-28fbbc23a66b,0.5844270419193,236.78
f542ffee-cebd-44b9-84c5-9cb152646b70,0.58398407671175,226.77999999999997
6ff76ff6-7f32-45bb-b0d1-523d8805e6f4,0.583038316474,238.77999999999997
f1d15837-5947-4082-b39a-0272d23700a1,0.5838640396807,178.77999999999997
17109dc1-f7f8-4339-a450-de2931529031,0.586929026233,186.77999999999997
f06d4534-b957-4a58-84c7-a35f5b34fb92,0.58549388425475,280.78
4b174d16-324d-495b-9bb7-181041ccbb87,0.58605067898155,241.77999999999997
b68caac6-903c-46bb-9347-3eb29ff29352,0.5829013012074,231.78
afc6f72b-e634-42e4-b27d-9ab869759ec2,0.5848135347482,251.78000000000003
d9740740-5943-448d-98b1-af9e9fba226b,0.58530267071635,205.77999999999997
8101f7e2-d485-4f4b-8552-4e5f8e83c01c,0.58145296974,264.78000000000003
ce93707f-d0c4-4055-a60c-d4cdcd0ed474,0.58610255181975,233.77999999999997
dd5922c6-3559-4e30-9ab2-3feb0ac428b4,0.5845549287061,200.77999999999997
03ed1744-fa28-4417-9755-4df9e22d5b38,0.58452723645455,206.77999999999997
35f6100b-2f52-4a9f-9a32-5d5ff8e12396,0.58611739536615,236.78
8e2369f3-801e-4ad0-8246-ca6008372972,0.5842285019755,233.77999999999997
d7098a21-c93b-4371-ad64-91564f9751f7,0.58511893619235,248.77999999999997
e8e3f32b-4e70-4830-9b23-ae3bde6b6923,0.58154502153495,237.78
442583b1-3fe1-4a8e-ba5a-9d42ac369d74,0.58533888184375,245.78
8d671637-8974-477b-a757-2c1839eb3a2d,0.5838640396807,178.77999999999997
c884bc53-57f0-4125-ad34-2f3bca6641ab,0.586929026233,186.77999999999997
e50989df-5183-4cdb-946d-40e88e205c92,0.5857250706067,207.77999999999997
862d6aa3-49af-48d1-86e0-3cd995296846,0.58605067898155,241.77999999999997
c0631bfc-e0fb-4ce9-b877-1a4515519c1c,0.5829013012074,231.78
53473ac2-e944-431d-a4bf-feaf4ca159c6,0.58557993293935,234.78
6099c008-5589-4c0c-ad75-a1283a5c4af8,0.58530267071635,205.77999999999997
84df35df-b0a0-4f58-a03e-3489e2f0f416,0.5859169216065,237.78
087dbec1-9dfd-416f-bcca-a2f0818041e7,0.58610255181975,233.77999999999997
96fdfa07-d865-467f-8b28-222ffbce6fa1,0.5845549287061,200.77999999999997
1bd5576a-55cb-40af-b892-d7058740c65f,0.58452723645455,206.77999999999997
0428e348-2147-4d0d-bc48-839555a98bd1,0.58611739536615,236.78
53507589-4721-4a49-bbe5-a726874d8443,0.5842285019755,233.77999999999997
c14fdb67-5b58-44f3-859b-bc2e339586b3,0.58526213236305,240.78
60327761-697d-4610-8367-ebf802d697e5,0.58154502153495,237.78
6a731443-d746-4b2b-ad0a-fe477fb7d971,0.58533888184375,245.78
5a325467-3185-4f6e-b44d-21a48ef37590,0.5838640396807,178.77999999999997
b16ddf76-9650-4575-81dd-12da9853bb4f,0.586929026233,186.77999999999997
7f7bedef-e267-4b4e-8046-c3cfed864410,0.5857250706067,207.77999999999997
936fa183-1cd2-4598-87b7-fb8875063184,0.5867503794727,232.78
654abf80-498e-4850-b004-a35ac150d2c3,0.5838053374208,212.77999999999997
d4a4c802-d470-4ea6-bae3-4e8a64884f2c,0.58522830093495,258.78000000000003
b2e299aa-77e6-47dd-8133-45e0ddbc05a1,0.5826087948899,256.78000000000003
bb6787ba-b558-403e-b1b5-6be737e3e00f,0.5854227782847,201.77999999999997
b1dc452d-c3f0-4074-96e4-ff5f7181bcdf,0.58272110023155,265.78000000000003
59ed13e9-3e70-4970-b731-654acfd2397f,0.5830677487319,310.78
33b6fe00-0794-4156-aea1-00647be8f9dd,0.58462007594755,230.78
bd3e5c2c-76b4-49bc-8eaf-05e565b8626b,0.5849619110761,243.78
c190b33e-1d2d-4ff8-ad51-2e12eae6f8eb,0.58443046520315,223.77999999999997
00929122-9d05-4bd4-a5a8-127861235e09,0.58599994328745,234.77999999999997
276c0344-b652-4b33-8e6f-5c2572cb6f33,0.58278655299955,252.77999999999997
e341520c-b5d7-42eb-8473-8e3defd0bf3d,0.58398915756165,249.78
f5f5f321-9110-47e4-8651-16fdb2964d5f,0.5838640396807,178.77999999999997
3bc28bd7-c464-48b0-be21-9d3ca8352bd0,0.586929026233,186.77999999999997
e8dc8e70-7494-4fd6-9fa3-ca4bb23bf721,0.5830359575739,248.77999999999997
964cba69-1d52-461b-b67c-a45d497504ab,0.5867503794727,232.78
d6dbe379-ff89-4d6b-b064-84eacd912d28,0.5838053374208,212.77999999999997
dc123e7c-1ae0-4d22-b751-1728d02939a8,0.58366368927895,262.78000000000003
c294be8f-1463-4744-8471-007f524f424d,0.5826087948899,256.78000000000003
8bbcd040-4cf6-4139-98ff-0fcb6c89b6c2,0.5854227782847,201.77999999999997
94834733-d298-40f6-b8a3-563298d855ad,0.58072572819115,257.78
a6e78840-86b2-4161-883e-6cbc27ad9370,0.58195194871115,254.77999999999997
d778e06c-ea5c-4474-bef7-4f2e7d3a86c1,0.58462007594755,230.78
18d6e37d-a332-421d-b8db-099614d501a5,0.5849619110761,243.78
62b86f28-3528-44a2-b315-fbcb14375a38,0.58443046520315,223.77999999999997
066d337e-89f8-4c3b-a340-8fdc17934a59,0.58599994328745,234.77999999999997
7544d5e2-7e78-4737-9a3a-5bc75705dd4b,0.58278655299955,252.77999999999997
8bdbc968-3da4-4fee-a9a1-44d8e36048d8,0.58398915756165,249.78
4ad4b1d3-90f3-49f6-b9a3-aeacb39a66c9,0.5838640396807,178.77999999999997
08d68e3f-a7f5-4349-9c38-4434b3f862d5,0.586929026233,186.77999999999997
75db1511-b9d7-4071-aa00-74c3472fa66a,0.5830359575739,248.77999999999997
f987fd30-a9e2-4205-9ef3-a8265e5be934,0.58484085280065,245.78
287d451a-1525-4cd7-8a8c-b7cd62542988,0.58295795614195,218.77999999999997
00c87d34-5c4b-4adb-856c-dba810e41990,0.58258081353285,221.77999999999997
3116f4e2-249b-4c93-a405-187c788fed0a,0.5852056735531,204.78
14d69d44-4d7d-4adf-a3a7-0ed3dc4f8d56,0.58390156512705,235.78
95712055-9943-4f53-95ac-3946b4e69a48,0.58331271450975,197.77999999999997
ead5ec6a-eaef-40bd-9c3a-f47433adaa41,0.58275922170235,274.78
4de91488-5e06-4e47-b71d-fe8fcff00d8d,0.5824604647304,240.77999999999997
ebab82e5-ffd8-4b68-9244-9ddefb77205c,0.5836656489444,225.77999999999997
8be05526-eeff-492f-9eda-bba44cdd11cc,0.5847013471582,186.77999999999997
c7fbb7c7-8298-48a1-a19a-c3b0f288fed7,0.5871805933114,235.77999999999997
5721b04b-de4d-4754-b7bd-18f84aac3120,0.585519370842,251.78
89d3fed9-6a8a-413e-873f-e5749c4e0189,0.58368609746465,226.77999999999997
9de728c6-8564-4ce5-9c99-a037e37219ad,0.5838640396807,178.77999999999997
35ddc35c-b57f-4868-94b7-4b5aa75baa5c,0.586929026233,186.77999999999997
84847a0a-8a09-48b6-bb9e-b770464a65fc,0.58500629801235,225.77999999999997
6a79ca87-83a3-4840-b6ac-02fa37605c72,0.58444825151775,216.77999999999997
30822bdf-6c04-4b4e-9013-5232c335dd06,0.58295795614195,218.77999999999997
93c4f0f3-2ca3-490c-81a4-1eb4659766d4,0.58258081353285,221.77999999999997
74f487e7-94fb-4227-81b1-f29983b49e5f,0.5852056735531,204.78
897663b0-e27f-44b7-a580-1e62293f905c,0.58390156512705,235.78
5087b402-4746-4c27-995e-37cbf0fee5f7,0.58331271450975,197.77999999999997
7acde3e1-22e0-4b53-a94d-269dfae5a91c,0.5839585403446,196.77999999999997
bd00bb1f-623a-45e9-ab48-cc562e06ba0f,0.5824604647304,240.77999999999997
8bcc95db-7d4a-4f49-94b6-65e7221c77c7,0.5836656489444,225.77999999999997
8fa33089-0eb5-43dd-a69d-cd49ed211411,0.5847013471582,186.77999999999997
3148cfbd-5d7d-406b-b053-792dff68eeae,0.5871805933114,235.77999999999997
54c4aee7-d7bb-44aa-85d7-bcc25539cef6,0.5848051221165,251.78
d8368a5a-db51-4ab8-a3b6-244c8358a7ca,0.58368609746465,226.77999999999997
380b291b-ed62-4b72-8d49-8a21c656d66c,0.5838640396807,178.77999999999997
ceafe9b4-f250-4987-99ef-17cb0f4908da,0.586929026233,186.77999999999997
961fe9cc-a6fb-481b-a336-2434099a00f0,0.58500629801235,225.77999999999997
8eef2756-0274-489a-84c7-3f6d23d3127d,0.58498583437745,229.77999999999997
606df00e-19b1-4667-b544-95042c3d34de,0.57996348619465,214.77999999999997
83ae672d-5140-42b2-b7df-4efac621da34,0.5827533817584,197.77999999999997
d0a74b49-6fd9-4659-97de-3280afd781f5,0.5849702770288,236.77999999999997
fa0c3159-ed8a-4d21-b048-262f546054fc,0.58188040151695,302.78
63124be3-1c67-4182-bee5-b52466aa9a89,0.58575517608605,214.77999999999997
a2eb2df3-481e-408d-9170-be2df7ca8622,0.58180255292975,248.78
e8ff2947-cb58-4747-84fe-0ecb56079eb8,0.5855418587729,243.78
7f638016-4507-4ff4-8a91-62a21915a621,0.58503602431015,211.77999999999997
3597816b-6621-4a83-8ec1-31d4218bcf9f,0.5847013471582,186.77999999999997
ab1573d0-1c36-4a26-b0b8-ab4c80a1c2d5,0.58397736501535,232.77999999999997
00ccfcd8-2c78-4a7f-a9d7-10fa004abcab,0.58307296981225,197.77999999999997
b06564fb-12d7-44ce-a803-4253ec899a1e,0.58608454765695,225.78
3369fdb0-7c57-4b45-9276-bbf38ebad3bf,0.5838640396807,178.77999999999997
d3f66d58-3c90-4ae6-8390-a0bf7c105c02,0.58630071232325,237.77999999999997
995d4870-6c08-46bc-b2ee-ec7524aede55,0.58421543823235,205.77999999999997
01198e18-92b0-4ae5-b0b6-71617b05d1e3,0.58498583437745,229.77999999999997
439e5a22-4c81-4b29-9518-e11e6c48f23f,0.57996348619465,214.77999999999997
9c8aa890-134a-4070-aea6-1196411d3c29,0.5827533817584,197.77999999999997
ac475f2d-2d5b-4c37-aad3-5362cc26879e,0.5849702770288,236.77999999999997
75b49faf-e5c6-4d9b-9546-4b28d4d31ce4,0.5823435733403,255.77999999999997
0251e53c-dae1-4e3c-b03a-9f9fce711f4a,0.58575517608605,214.77999999999997
37ff0893-a684-46ea-87d9-de3703f3634c,0.58064234108465,276.78
28dfa18a-d68c-49b5-84d4-bb6e7927424b,0.5855418587729,243.78
70442b14-b2b6-4c11-a777-b14c9bea7217,0.58503602431015,211.77999999999997
9cdbe81d-14c6-4c19-99d5-ec039b9f6402,0.5847013471582,186.77999999999997
77ca94e1-5539-4925-ba70-9edbb7d4455e,0.58397736501535,232.77999999999997
ef1d85be-8060-4f8b-a75c-95708172009c,0.58307296981225,197.77999999999997
314d3ed5-c148-4faa-a8f0-b6e4581350bf,0.58608454765695,225.78
742569b1-0827-45e7-b00f-9b07592fa212,0.5838640396807,178.77999999999997
e16c44bb-c768-43fc-83bd-7c3a007dd95c,0.58630071232325,237.77999999999997
73dcb3d3-ef8b-41c2-b6a5-f0e6fa183f7b,0.58421543823235,205.77999999999997
67aa09fb-ed87-4b5e-9d78-42724b291d6f,0.5831395235385,268.78000000000003
826f051a-d719-48ab-99cc-5b0896406e17,0.58432377859225,223.77999999999997
1618eca2-b65c-4430-8d0f-a89f00a8c32f,0.5879972282427,250.78
903bf295-5350-4f9d-b699-d4c5a9c91542,0.58281421584855,228.77999999999997
3dfd59ac-6a8b-4302-9652-0a7473ed7e48,0.5853956043156,210.77999999999997
cc87edf2-f0b5-4ef9-a6c9-0a0e99aec20e,0.57934561651455,216.77999999999997
f441eed2-78f1-4824-8251-49480636514f,0.58424285101835,233.78
04a8fb5d-4e7f-4fd2-b511-29c408ff36d6,0.58172355532235,256.78
9be07030-fe38-42c9-ad0f-a7016bec48ce,0.58140538275505,252.78
a6c77530-7e90-4afc-9a2c-cd51c7475d04,0.5847013471582,186.77999999999997
26b654d1-9455-4deb-bec1-3bc7fa4d4074,0.5837759499355,211.77999999999997
42d60e5e-036d-4dbf-8793-d8c5b3062e3a,0.58512638674405,256.78000000000003
05138d6c-12b6-4d0b-84a6-b3d99101b018,0.5817614448547,269.78000000000003
4f91f204-2bb1-48ef-a5f8-4bdc0ddd8c0c,0.5838640396807,178.77999999999997
e76c4ff8-c1ab-4a85-968d-c5110366cd46,0.5837749071028,208.78
da4b3c80-6285-4aa7-b7e9-16afbe4f6689,0.5816843338428,210.77999999999997
a6251708-e4bb-43c5-9549-ab83520c37e0,0.58201088059125,228.78
f8592e2b-3fdb-4d30-adab-21027b7ead73,0.58432377859225,223.77999999999997
29a1b168-bee0-4cd0-a86f-a241e3768bbd,0.5879972282427,250.78
1fe7a31a-1e20-4729-b650-f75a8d4f087e,0.58281421584855,228.77999999999997
058695e0-4b3b-45b8-a79c-f31a773f24a3,0.5853956043156,210.77999999999997
39fb8213-288a-4da9-bd5c-c0e46af22599,0.57934561651455,216.77999999999997
730e13d0-784a-4a16-b197-f7c9e6751a12,0.58424285101835,233.78
e7bf977c-c067-43d2-b1b8-e6ed6aa103e8,0.58172355532235,256.78
2a71d106-171b-494a-9288-a9825c3c6c28,0.58140538275505,252.78
351e9aea-d6f1-484c-9c75-41ce5e090908,0.5847013471582,186.77999999999997
efd8667c-4efd-4c0d-83e9-7ab0238abc9b,0.5837759499355,211.77999999999997
7b6485a3-8019-4895-9a41-6b2256ae2d96,0.5829253877943,224.78
72a48f3e-8697-4f45-ac56-0e9306dd1a9e,0.58659017765995,246.77999999999997
41c8e938-c608-40ad-9da1-73b8ac252736,0.5838640396807,178.77999999999997
a76f2a53-0c32-471f-b94e-bb6fe4d5716a,0.5837749071028,208.78
4e6ba68d-d6ec-4cde-b770-17b0d253d964,0.5816843338428,210.77999999999997
33676723-5373-4320-a537-29c449974661,0.5860898459233,270.78000000000003
7452bc29-7b24-4b02-b0fa-c7e26ef95caa,0.5848725724755,232.77999999999997
a10f6d33-d4b9-4451-babf-87b4b8ef044e,0.5844843818591,243.77999999999997
9cda858e-878a-435b-832f-fc2963be3ab0,0.5870890152249,226.77999999999997
bc5cc83f-f12f-4c45-865d-ac7fdbb941c3,0.5819031884019,209.77999999999997
edefd86b-c87b-4173-a6ab-863605129f9f,0.5870928041866,241.77999999999997
468cb4ca-5919-457e-9e24-ff8d9bc761d0,0.582346035298,241.78
bff5aecc-4242-4846-861b-f76717bbd123,0.58476811739605,191.77999999999997
502fb87d-8244-4226-b660-b78303ad1247,0.58787802493645,205.77999999999997
0732221a-f543-43ec-ae36-5295ebf87363,0.5847013471582,186.77999999999997
e3918408-0061-4f72-b88d-d8acc3d3d8e9,0.58462735588135,240.78
d3795054-9e70-4f11-b5ab-e03a5a144f93,0.5846679549317,269.78000000000003
abe8b144-3455-463b-b91c-7dea8a70d8d5,0.5843562917545,259.78000000000003
3ade1492-5eec-404d-a26c-5d79d518e83a,0.5838640396807,178.77999999999997
e2a90a8d-08c4-42f0-95cc-b49cafbec5e3,0.58351822256,270.78000000000003
e4991caf-ed2d-4cf8-8c0a-1af8e45e9ea9,0.5844695432851,221.77999999999997
51c19320-8aa9-4505-8af2-9408701c6c2a,0.5807135462567,255.78
a72d7396-594a-46d5-9e87-0a0da5e21777,0.5848725724755,232.77999999999997
350cc71f-7e1c-46f7-b09a-3718636d8ed5,0.5844843818591,243.77999999999997
6bffa61f-18bb-4a64-b3d1-66ed78cef49f,0.5870890152249,226.77999999999997
861275c5-5983-40d0-bc70-ea2f5978b551,0.5819031884019,209.77999999999997
19f232fe-96b3-4936-87ba-f44fe36284ca,0.5870928041866,241.77999999999997
ce3bd62e-8981-4077-b547-a6d0ae18083b,0.582346035298,241.78
13d5901f-5f0b-465e-b7b1-ec9ea6f8a100,0.58476811739605,191.77999999999997
54f265dc-c2d5-4a14-8709-0d9519c9c501,0.58787802493645,205.77999999999997
813357b4-4607-45ce-83e5-bf31a64524ec,0.5847013471582,186.77999999999997
c744e770-bf90-4a7b-b9e3-e82156f32b0f,0.58462735588135,240.78
8a1f01c2-196e-4637-a753-626178d15daf,0.58394110474185,184.77999999999997
86b72eae-ea64-4d74-8af6-1ec9f47e1c35,0.5843562917545,259.78000000000003
99f80f00-09f5-4dc0-8e29-14be35332a6e,0.5838640396807,178.77999999999997
f5122174-c8ca-41cb-a3e4-1edddd6b1de8,0.58384133983935,235.77999999999997
8377fba3-f9f3-4ef6-b30c-4eda54de03c5,0.5844695432851,221.77999999999997
92aa09fa-adb8-46a2-a6f7-2a0ced8c192a,0.58532651730665,193.77999999999997
fa14c317-eb22-4d4b-9302-1a8fbd79d8ff,0.5832366062717,256.78
5d96d925-411a-4b8e-9ca0-e47881fd38b5,0.58799919613545,226.78
9fa85963-092c-4f24-a7a6-f6ac0926f514,0.58555027697665,233.77999999999997
d228cf68-fd8c-4adc-8b2f-b70d65a43800,0.5844883397834,239.77999999999997
f8866b97-f63c-4723-9721-e74031133ba0,0.58485765420365,238.78
3b68b5f6-b844-4ebf-ad5b-164a6396c1bd,0.5817465056139,198.78
06422747-a1ba-4882-a882-bd30f44ddecb,0.5848122591592,222.77999999999997
6bbc34b3-62ec-498c-bc76-94f6bc9fa89a,0.58483654813695,261.78000000000003
23379698-2a24-4de0-8388-63f4a2781019,0.58463051657545,280.78
02d8a6f6-5f77-4331-95ea-c59d12686d74,0.5818787369401,235.77999999999997
763410b6-d8f7-44d0-b342-d6eb7043d2b6,0.58394110474185,184.77999999999997
587ccabe-a4be-445f-ae3b-2baedbe074da,0.585188753562,237.78
fac6ec91-94a7-48de-b4ad-d2b41d8022e6,0.5838640396807,178.77999999999997
91e04126-392e-4449-a83d-dd625f952931,0.5835064429369,201.77999999999997
78c42dbe-2db9-4166-abd6-828dd7536529,0.5826504130422,252.77999999999997
897ec723-9257-441f-8edd-c9b7c6c36e11,0.58532651730665,193.77999999999997
e878cf2e-3f6b-4cf4-852a-152ad2edf97b,0.5866886574399,210.77999999999997
328ae1a2-6959-4d1b-adae-201fcda12094,0.58799919613545,226.78
b536d1ca-8c11-4352-a6cd-a19d1f38a7b4,0.58555027697665,233.77999999999997
96a44560-59f3-401e-936e-722246a9b375,0.5844883397834,239.77999999999997
95d07cba-d041-4954-8e19-cb7269e7ef76,0.58485765420365,238.78
ba98312e-377a-4956-bb4a-a20e9243ae36,0.5817465056139,198.78
381f00b3-e48f-4804-91b5-bdef3130f2a2,0.5848122591592,222.77999999999997
a24e96db-84ca-4e44-82e3-5a7591749bbd,0.58303993645605,207.77999999999997
89dc0664-c018-4d74-a150-688ccf56a100,0.586035224899,233.78
edb597a0-b445-4178-926a-b811606d137e,0.5818787369401,235.77999999999997
4cd86347-6344-4073-87db-128ad6e0a401,0.58394110474185,184.77999999999997
7ca43b35-4344-416f-b0b3-58d79877804e,0.585188753562,237.78
2252972a-9de1-4552-bc71-1d9ffaee1fdc,0.5838640396807,178.77999999999997
4df17441-1e47-4385-b993-241e13682a8d,0.5835064429369,201.77999999999997
96fc261d-44cb-4799-a3fa-0849d256c906,0.5826504130422,252.77999999999997
bea4e157-60a5-4120-b53a-248e82e4f99c,0.58441367541185,273.78
d62fbe86-08fc-4cd1-926b-739a9dcff388,0.5843603171291,229.77999999999997
edb7fc1f-244e-49dd-a0be-d30fd0d6cb3c,0.5847956407914,240.77999999999997
943dacd7-bdf7-44d4-8c18-5b1ad8ac3e27,0.5844510096418,239.77999999999997
ca3ad049-ca5b-4ce0-a0c5-de6acb7ac084,0.58193123260175,267.78000000000003
df6d9fc3-0f20-42a3-a7ce-57366815aff8,0.58320490719425,230.77999999999997
e9d4ac9c-fd2e-4b06-a607-783b6644710a,0.58142160246495,231.78
6fc5be36-ced9-409e-99a2-dc2b54fd4550,0.5856027353628,228.77999999999997
276e87f4-2c80-4db3-8b71-363bd3e2aea4,0.58100982291655,215.78
5f8c05fa-1cd2-4b39-861e-d535644bc2b6,0.58082296832705,245.77999999999997
3b667d73-34b7-4d1d-9041-0dfe81c4bf13,0.5840736538229,213.77999999999997
537e8bfb-2ac7-4846-973a-14fed37ce50f,0.58394110474185,184.77999999999997
ed0f90e5-6cb5-4018-a495-d668dea97818,0.5870519963142,276.78
e603f0c7-1d43-4d2a-b9b9-5864d7e86f21,0.5838640396807,178.77999999999997
dadf1e3d-c258-49c3-a05d-bed1d460ff64,0.5813105805625,262.78000000000003
33f0bdf6-42b6-4f4a-a2c7-5786c97e6ee1,0.5817540405597,261.78
18e74326-87bb-44ef-95e5-081980c2ec97,0.5869287482501,225.77999999999997
5dabd330-1d14-4db9-88da-6cc40e0cddbc,0.5843603171291,229.77999999999997
13e39546-66ea-4b73-96ce-d6963270e835,0.5847956407914,240.77999999999997
edad4a9e-8d3d-40cd-82ef-848fbecbaa8f,0.5844510096418,239.77999999999997
43fab0a3-4fc5-48a8-a9cc-b4d84a4014c9,0.5840736538229,213.77999999999997
a08c6bc4-9a97-4587-baa8-98a00a36ac74,0.58320490719425,230.77999999999997
9b408c05-b801-46e8-82cb-6da26d03caa7,0.58142160246495,231.78
3df5b8fd-5b11-4699-a1b8-a9f107f59aa4,0.5856027353628,228.77999999999997
d4761c79-7d91-431d-ac4b-34f6184f2afb,0.58100982291655,215.78
cf31269b-44d9-4906-84a2-045f0523ed3c,0.58082296832705,245.77999999999997
e553ffb6-c28c-4e41-9e05-341de9b080d3,0.5840736538229,213.77999999999997
f13d9183-f026-49b0-86d6-b0de3faa20f5,0.58394110474185,184.77999999999997
8d9902fe-df82-423f-ad93-cbf3c0c0e2a5,0.58100982291655,215.78
ff0f8d43-168a-401b-a4b2-b68b9c4304c7,0.5838640396807,178.77999999999997
0d1259eb-9ff4-43c1-9786-a3f134b68192,0.5813105805625,262.78000000000003
599ee9a7-3ede-478e-9064-3ea0aa24d6f7,0.5817540405597,261.78
29938544-7504-4da2-b311-c5d54cd9559c,0.58144965306675,233.78
d307af9e-dc97-4e92-89a5-78ea9a5d8b00,0.5852362122156,221.78
c5813dfa-e04a-4354-8f03-bd8df26e9be5,0.58162407259525,274.78
5c6ed18a-f0d4-4e31-88f0-dcbec06400e0,0.5877308019765,216.77999999999997
72b55776-a452-4a47-b2e9-3febbfdc618b,0.5849988131341,225.78
88e2311a-4d97-4084-8060-879a4dd285d1,0.58302525488885,253.78
e9b3d2ad-a780-465a-b0b3-4869ef69a9d3,0.5837626079576,214.77999999999997
67a86081-3976-4002-8493-18566d897cd2,0.58412808702425,226.78
3c61e4bf-7a67-4b54-badd-7a56d44c8739,0.58075689076435,267.7800000000001
a4105333-c864-4150-b193-7a6cbf8e5c70,0.5854181028486,243.77999999999997
a16f8d02-3f8f-4bbd-9e68-285f92ce699b,0.5859200671469,226.78
a5d7d016-cdfa-4a53-a0d0-154da3531996,0.58394110474185,184.77999999999997
92e474bc-3685-469b-b9fd-34e3ece6a997,0.58027987589865,257.78
b80197a6-92ac-4e22-9cb6-06616b25aa7f,0.5838640396807,178.77999999999997
1d4cade5-a533-4c95-abd5-6131421b6eb7,0.5843178535891,196.78
178fee61-832c-43f6-a8e2-d5df06431fe4,0.58907974013115,207.78
074ddecc-6c06-454e-a6b2-4d86f41f7bd9,0.58144965306675,233.78
819bf496-412d-40dd-8dcd-08eadf055a31,0.5852362122156,221.78
82cfed98-dc59-4622-8151-7f7f6266833b,0.5859200671469,226.78
9106c9ee-6e51-460b-967f-517ab6d71da1,0.5877308019765,216.77999999999997
cb789fb1-a7f1-4d6d-8c9f-cdcfa3d47f18,0.5849988131341,225.78
fe75d5cd-3903-4186-a244-9273878d5bd0,0.58302525488885,253.78
0f077d32-627a-49b8-85ea-403603bff355,0.5837626079576,214.77999999999997
a16c3dc0-4195-4bc4-9f45-dd1be57ac797,0.58412808702425,226.78
c3057d67-3f27-4137-9faa-f6bcf229d0a7,0.5859162908931,279.78000000000003
c8cc261f-40bd-4bfd-a0ea-d313c77f5713,0.5854181028486,243.77999999999997
fd8402aa-2b9a-4329-bc21-01791ab51cf0,0.5859200671469,226.78
fbd066de-3006-4d5d-a9b3-8225500a5d18,0.58394110474185,184.77999999999997
be9071b5-5065-46d3-a296-69ee22c06580,0.58112945875715,241.78
732458e4-df23-4dac-ba00-17895bcbc7db,0.5838640396807,178.77999999999997
81922c84-6b4d-4d8d-b954-6ca01ba0f57d,0.5843178535891,196.78
781918c7-89bb-4872-898f-605bb7eda267,0.58907974013115,207.78
92b483f4-e7f0-41c4-95cb-0debd524efea,0.58380865760465,186.78
fac77531-48f0-416d-a1b0-d3c3be11ed7e,0.5815316733559,224.77999999999997
38d31dff-a73f-46a9-b9ef-17a8ddb12172,0.5832493862539,215.77999999999997
92148fa6-5a51-49bb-9253-11af5426c496,0.58288020879465,252.77999999999997
328d33bd-cc3f-46de-ac8d-834623ed0efe,0.581053852703,272.78
9bc4dd65-a5a8-4283-baac-d36469cd81d0,0.5823659257069,264.78000000000003
276d0b9b-db9e-4c3e-b795-425e35f383e7,0.58425802544455,270.78000000000003
cce7d9b2-eecd-49c8-a629-1fbcd613abd8,0.5852071110984,231.78
17819c89-2917-48b1-b462-ce71b1e97689,0.5874745345912,215.77999999999997
ed08dc62-8d8f-449d-af5a-9d302807dd8d,0.58555949004135,274.78
2bfa642c-b070-4d13-838d-52913186d87e,0.58406440435905,226.77999999999997
d92ad5d1-e367-4332-a654-75b5ce4a4807,0.58394110474185,184.77999999999997
9c3965a8-cae9-4100-bb69-72ac3c66bfd3,0.5828513590786,269.78000000000003
4dd6e40b-4d4b-4314-8dc3-bbcbe5c94743,0.5838640396807,178.77999999999997
b36eb78f-87fc-496b-aa93-4d1d10594ef9,0.58548930840045,225.78
619855f9-e700-4f6e-b0db-de2f76e3d5ce,0.5828518831033,253.77999999999997
75c30513-3e00-415b-a1aa-afea16077400,0.58380865760465,186.78
0e92d714-66df-4352-8b32-d892652a427c,0.5815316733559,224.77999999999997
94b39436-191d-491c-b17f-e425bdc5feb0,0.5832493862539,215.77999999999997
987ec29f-be6d-4be7-b0a2-c360a1192d8b,0.58288020879465,252.77999999999997
83eb7916-3497-4a62-9d25-055b65b0ec59,0.5815316733559,224.77999999999997
1d4db991-866a-4dd3-b5e7-395142e57ac6,0.5823659257069,264.78000000000003
f58e0b3e-d9d9-4b4e-b507-41c0377f0420,0.58391566029965,213.78000000000003
b1a0deab-9366-454f-a6e0-8c2d873ab7d9,0.5852071110984,231.78
f6a54c80-67bb-4fd5-bc77-8023b59d57ec,0.5874745345912,215.77999999999997
40dd6fd9-5a65-4121-a453-f8f2c706a55e,0.5810079459548,216.77999999999997
e5d35256-e742-424f-a097-2a769333ee40,0.58406440435905,226.77999999999997
8b24b093-08bb-4ca5-a7e6-4c1244a972e2,0.58394110474185,184.77999999999997
a95a25ad-cefc-4ba0-8ac7-051c051f7fc7,0.5828513590786,269.78000000000003
43851b02-0395-4642-be4e-88b1803723be,0.5838640396807,178.77999999999997
9f96aaba-194e-4e1d-9d81-4d7596b884fa,0.58548930840045,225.78
c17ad437-3b4e-420a-b289-00030a38affc,0.5828518831033,253.77999999999997
126cd782-f362-482d-a691-8335c4d51aae,0.58220867458895,250.78000000000003
a783b01e-25cf-4d06-be6f-864943e59b10,0.58338690389945,221.77999999999997
dbf15595-fb32-4614-896e-e410c49c8c38,0.5865815079263,202.77999999999997
af91a217-7e65-4307-ba56-55d111b70e39,0.58495653839535,256.78000000000003
750fe650-596d-4e0d-b57a-6f0d3a844fe4,0.5828334107458,269.78000000000003
2c2ca613-d6aa-4f81-af3d-bfb4d422c92e,0.58302869932225,232.77999999999997
56a7cd94-b252-412e-9f84-4526e7304a80,0.585079344372,204.77999999999997
d9f2c684-2c7e-4b91-b3fe-8639e6e05dd4,0.58392878479175,267.78000000000003
a9082a15-f3dd-44c6-a7d0-a4425e62ebaa,0.5855680266236,243.78
46fc166f-0d04-4d1c-ae22-598153bbb2b3,0.58222425883605,229.77999999999997
625d3097-178c-4f9d-8da4-d1cfa049f58f,0.5840710876775,244.78
84cf80e4-c22b-4e78-8301-fefe3d86a150,0.58394110474185,184.77999999999997
94233abe-5e2f-4565-a68c-d8cff70ae945,0.58255105611635,254.78
854add4b-d18b-4007-b802-4b02c8addaa1,0.5838640396807,178.77999999999997
eee391d0-05ba-494b-ade6-449f56d01ac1,0.58311043192405,228.77999999999997
fd04d53e-c6bb-4b2e-bbb4-f2121fe61a05,0.5860070442441,220.77999999999997
ec3bc433-37a0-49bb-ac00-b777c5869c0e,0.58220867458895,250.78000000000003
62b37642-796c-4bcf-b5d8-7d7c16283270,0.58338690389945,221.77999999999997
a907b580-59ba-4dc8-b6c6-605a034ed722,0.5865815079263,202.77999999999997
d9711b85-b818-4dbd-9468-c5bd0173e0a6,0.5859236998882,243.78
6623eda3-781a-4dd2-bd71-eccdbc02a7fd,0.5843760265817,280.78
28434e8d-f29f-440d-9cde-b07b0c6285c2,0.58302869932225,232.77999999999997
8530237a-9cfa-4ce3-ac5e-89c94ee6f5d6,0.585079344372,204.77999999999997
c59dc284-c406-4c92-8427-d1350fab4e51,0.58338690389945,221.77999999999997
706f7b7a-c5d4-4d4a-bf89-141aebbb696e,0.5855680266236,243.78
32f0cb18-ee4b-4072-bae7-d37cf2e40d75,0.58222425883605,229.77999999999997
c5f62fc6-89f9-4c14-ae51-e8464df2534d,0.5840710876775,244.78
9caab181-9b1f-448f-814f-a1dbd36b4425,0.58394110474185,184.77999999999997
bb1722c9-c24c-4e3c-bd52-38ec9bfbd603,0.58255105611635,254.78
d568e113-1da3-413c-8714-d126fd65c2b9,0.5838640396807,178.77999999999997
e7addd6e-d77c-439b-9af8-bed51bd1aa2e,0.58311043192405,228.77999999999997
26c32de5-f955-40b9-81d2-96423d6d6b93,0.5860070442441,220.77999999999997
12f71de0-b484-430b-a37c-ab74477558c6,0.58168746133905,267.78000000000003
8752e9d8-fd22-4f06-8dab-aea12d0de988,0.5843449284879,248.77999999999997
04b5f51d-1291-4a8f-a993-5d19579ce20d,0.581999691004,247.78
5c0dc85f-24bf-451e-8abc-aadaef2a57d7,0.5865593342415,210.77999999999997
3c5a1638-e85d-494f-b1e2-7be1e25d5a9c,0.5820680983437,280.78000000000003
89f3527e-9894-4691-9b3c-d936ffceb764,0.58527772632445,246.78
3bd82345-9a4f-4895-bed8-a332df52d633,0.5835837144676,252.78
ac621afa-a59e-445f-9a18-5d1ce6716802,0.5875821753178,231.77999999999997
2f8d3b02-7aba-4d89-8dbd-be4152ce2d04,0.5848048294463,272.78
f77579f2-0e8f-4787-ade8-c834d0c5061d,0.58526962750125,233.77999999999997
fe067ac8-d05b-413b-94b0-39d71eb21ddb,0.582831389825,263.78000000000003
2133b923-3c94-4443-b74a-becbbeb68eea,0.58394110474185,184.77999999999997
d4a21447-3db4-4b3c-a3d7-c8f8a7f64398,0.58460033416145,227.78
a4b1d6eb-60a5-47c5-b80c-e2c610ab46c5,0.5838640396807,178.77999999999997
76a0009a-8246-4d1f-a760-0342d1946209,0.583364176001,211.77999999999997
e091a6b2-c9d4-41c8-9c4b-37a671e72281,0.58460157657155,302.78
4fc7c6e2-1ffa-4efa-a615-119c342c1fba,0.58168746133905,267.78000000000003
c9ecaa3a-c793-4ef9-8877-a830e5f1afea,0.5843449284879,248.77999999999997
be13cd4f-5347-4e76-a62f-18def554dd70,0.581999691004,247.78
f56b4a5c-56a9-4ce7-8ab3-fb44b18643e0,0.5865593342415,210.77999999999997
507c11ab-03e2-442b-ba01-efa268230377,0.58526962750125,233.77999999999997
fcc63ee2-896b-4c62-ac41-79bc15b7b030,0.58527772632445,246.78
5fdc1bb0-78ac-409a-b33f-ea04860355f1,0.5835837144676,252.78
aebeb842-5c61-4689-ad86-2412d65112ab,0.5875821753178,231.77999999999997
c535e5e0-e9a7-4739-9012-3ba2f4c7d45d,0.58168746133905,267.78000000000003
1fc34852-88b4-428c-89e1-10f4f13de41d,0.58526962750125,233.77999999999997
53af080d-e2fe-4ce9-b05b-fd1b829cd38b,0.582831389825,263.78000000000003
cca6443b-ef30-44d8-92d0-08d8a1f033ed,0.58394110474185,184.77999999999997
9d879e90-ce66-4b55-87cf-27f62d38315e,0.58460033416145,227.78
c9948895-7d6d-4c93-b719-e0190b6040c7,0.5838640396807,178.77999999999997
87ffa9a7-4d48-4689-b1ec-8ae784f3e8d1,0.583364176001,211.77999999999997
7fdc9f6f-3ee9-48d7-8e31-46c7e9dad1e6,0.585082354251,240.78
8f487756-c917-4f9c-8ba8-f5d3b2682182,0.58353215219615,246.77999999999997
b4c3c244-85f8-42d3-a765-22b744f45b2d,0.58060816258525,266.78000000000003
c26d8f79-0f0d-43e1-8eac-b4790cde099f,0.5869653604251,209.77999999999997
3677ae21-0777-4353-96ef-80a18b48eb07,0.58911101560315,204.77999999999997
d1bc13c2-eff9-405a-9747-d605865ff604,0.58642299284515,242.77999999999997
cbd4779c-0550-4a72-b590-e656a802b8e0,0.58525777025815,233.78
058c6c37-6022-4d22-9d85-2c07a07cf53e,0.5828237553672,268.78000000000003
ab1d1ae1-155e-47c5-9cbd-8920fa0c21d9,0.58272046711215,250.78
f49e395a-2a12-4ccf-912a-f8dde9634212,0.5813876305561,251.78
d252fe02-d1d5-4adc-bffc-66d90c9cecfd,0.5866577739955,214.77999999999997
e58aa656-8762-4bf0-b574-3e4921346b99,0.58841524505425,225.77999999999997
8dbe4a4a-38d5-4d51-919d-8cdac7aaba0b,0.58394110474185,184.77999999999997
a6433948-2104-40c5-a2b3-46e8a6f5a4cd,0.58285402060015,247.78
cb9eb854-4b9b-49cc-b2bb-852fac3748f6,0.5838640396807,178.77999999999997
05684371-82e1-473d-850e-44d47c33ad6f,0.5825647849552,199.77999999999997
a70801f6-2d6a-4fd6-9f9e-b6aad3585752,0.5844563985154,247.78
0c924e0d-b392-466b-8bfa-adf662debe46,0.58353215219615,246.77999999999997
6bc806ae-d1f7-4099-a50a-9a994783270b,0.58572117417245,205.77999999999997
ef274b47-2e77-4634-8d64-7256cdbc55fa,0.5869653604251,209.77999999999997
919fb466-df65-4d45-a57b-38afa45b81ea,0.58911101560315,204.77999999999997
285eef36-6fca-429b-8b05-60cb9b20034d,0.58642299284515,242.77999999999997
b1424a3d-3e97-4fb4-91e6-4e2b80d0aeb2,0.58525777025815,233.78
0c2d370e-6182-48e7-a35f-44bd742c2093,0.5866892939001,204.77999999999997
64f1c0d3-d82d-4e33-babd-04f2bd1600ee,0.58272046711215,250.78
5cb77ef9-2f4e-4a2a-9789-73159655ef54,0.5869396118469,228.78
ad2279bf-427c-4998-9c25-9fc5c8c2cd56,0.5866577739955,214.77999999999997
d67c380b-dde5-49b2-8095-5c78fd03f5f1,0.58841524505425,225.77999999999997
ced9ef71-31bc-4c03-b7ee-6c104212c7c2,0.58394110474185,184.77999999999997
777aaf22-4e3d-4b9c-b084-35e01b21def2,0.58285402060015,247.78
267066e9-e3b6-4856-9ddd-5a3022931edd,0.5838640396807,178.77999999999997
73301003-dae9-477b-a979-adff9348c1b5,0.5825647849552,199.77999999999997
ee430660-d948-4882-96df-c952ebe2428c,0.5844563985154,247.78
cd63e176-4948-4eba-b16f-b3613a86cb25,0.586033372767,246.78
113f1a77-7946-4fe6-a16d-a00ee4a0a8af,0.5866031695784,219.77999999999997
dbe17c35-6f8c-4188-9148-5df8d9fd0fbd,0.58122706700125,242.77999999999997
2b688821-9ef3-4225-8bf9-9c6a2f8361e4,0.58476711961315,247.77999999999997
bb63d9a8-691d-4e2e-97a3-4808802f7b4a,0.5830522342314,214.78
b0388ac4-9378-4ada-9adc-360b1454ff6e,0.5849507378574,242.77999999999997
67442c2f-c22b-4278-83f1-a84ca49f7f44,0.5809776715961,209.77999999999997
c4799491-6281-45fc-800d-184457ee6e8d,0.5847733673386,263.78000000000003
3f6227f2-72d9-40b1-93d4-a68afd375810,0.58169961090505,259.78000000000003
e1ab470b-e184-4967-8923-98196e9ab9c2,0.5862150499715,280.78
92416aef-b6e1-4306-aa12-0f1ae530dd64,0.58424092839925,220.77999999999997
af7338c9-84a8-4c05-8bb2-948c32f225d1,0.58394110474185,184.77999999999997
3ddf6cca-16e9-4832-b27e-ae694d55220c,0.5814376244864,235.77999999999997
77616d9c-0e76-4c85-b50a-9ff7793f63fb,0.5838640396807,178.77999999999997
d91e1889-c669-492d-abed-ddcc99819f00,0.58872378579565,254.78
589e81b5-7e4e-4d00-9ce4-886802bdf120,0.58630952043585,261.78000000000003
4c7d8e6f-dc93-44fb-90b9-a5f680bc824c,0.586033372767,246.78
3c4bd6b6-411f-4b39-a8cb-978b42d2d96f,0.5866031695784,219.77999999999997
f66ddfdb-d41a-480d-863a-04dc6ebf29a9,0.58122706700125,242.77999999999997
c3f0487a-5ea0-474e-8049-8e925680ebf8,0.58476711961315,247.77999999999997
692c8e36-1ec1-45da-9c24-ce66cf679a27,0.5830522342314,214.78
894c2145-442f-42a2-9c80-62ac1065f0d1,0.5849507378574,242.77999999999997
a10992cb-cbc6-43c1-9321-8493c22c808b,0.5809776715961,209.77999999999997
e08beb53-1231-4e75-9d86-33f2e7c32c78,0.58580007683855,244.77999999999997
67b5a344-0acf-4d11-863c-b6cf0cc9cd8a,0.58169961090505,259.78000000000003
fc039662-0efa-4e7a-81ce-77d66ae81d62,0.5830522342314,214.78
d99a3d26-25f1-4c11-b834-defa56d139f8,0.58424092839925,220.77999999999997
ffa9236e-7dac-4d49-ad23-0c82155aef94,0.58394110474185,184.77999999999997
df4fd4b8-33f8-470d-8ef4-87303b830205,0.5814376244864,235.77999999999997
70bc9ad3-9d98-4fef-8b5b-db3ccc145875,0.5838640396807,178.77999999999997
b1895d5c-d9af-4d9e-859a-1f0919f7d245,0.58872378579565,254.78
f14d995b-0631-4145-8cd4-13cfe73b4e0f,0.58638848465695,221.77999999999997
57d26a93-7441-4976-993b-2bb89fdd905b,0.58416208851555,266.78000000000003
5b53c478-8d36-4a83-9b4e-cf7f8ec81ecc,0.58501874294205,260.78
c0c3d4bd-4300-46c1-aede-d1722c64538c,0.58202947895595,246.77999999999997
ae2bf737-ac6c-4161-a6c6-663ff5745011,0.5836028018719,229.77999999999997
d017a935-92e8-4b07-a971-6edb74919f8b,0.58565337077905,242.78
3dab8845-7017-4873-979f-604a781264b7,0.59085858931525,212.77999999999997
52917b84-9c8a-4502-8467-e8bbfed4c9e1,0.5860300806773,185.78
bcb16df2-ebd0-452e-b1fc-78e7522a9449,0.584638468078,215.78
9f501280-39f4-45de-abcc-e59c9c35fd3a,0.5858617146718,199.78
64774353-b7b6-48e1-970d-25d998daa3dd,0.5834675718553,251.78
77bf6dbb-cb43-4f04-acdc-747af3b1c778,0.582170329664,241.78
a33d43ca-7a56-49b1-ad6c-9ea3e45cf670,0.58394110474185,184.77999999999997
a76a00c9-5329-45cf-a66a-e472b31bc5c0,0.580797802712,288.78
d0828885-5544-4fdc-8a79-8aa5e442e5d5,0.5838640396807,178.77999999999997
ecfe7b2e-a09c-49c5-ab20-44518ca22862,0.58531655444145,190.77999999999997
75505015-05ae-4583-9ebe-3405adbe2858,0.58599894094205,284.78
01362759-50f7-414a-8133-7e0ecaa87a93,0.58491894210475,224.77999999999997
06bbcbb7-8fa2-4a37-ad0b-449213be03ca,0.58501874294205,260.78
9c4e3843-082f-4a45-8f89-64d8cb91617e,0.58202947895595,246.77999999999997
cb7cdf18-ea72-414a-860a-a2a4d40b091e,0.5836028018719,229.77999999999997
a75f708d-daf4-4773-bdae-4aed82459b45,0.58565337077905,242.78
db197cc2-57e8-4130-9cf7-526dcd861f80,0.59085858931525,212.77999999999997
0f759971-c5a4-4b85-ad32-f16545cfcb2d,0.5860300806773,185.78
48ee558f-6c9b-45a4-b76d-67ee4cc05df5,0.584638468078,215.78
85d3d4c7-5638-4e6d-93e4-c454050d8e84,0.5858617146718,199.78
b38c9b9b-c444-4871-bb62-010141e33601,0.5834675718553,251.78
32f3e202-0b15-4d49-9ee9-64cfedc232af,0.582170329664,241.78
af6f71ea-cd8a-4f58-938a-d62d53d125a8,0.58394110474185,184.77999999999997
5f45f335-8919-492c-8a01-ec47aa19cbaa,0.58501874294205,260.78
5d1845d9-8fb2-4ab0-b380-2f7e47d13ed4,0.5838640396807,178.77999999999997
73343d0e-4720-4109-a1c3-0a4a39784d67,0.58531655444145,190.77999999999997
fe3f7e41-5f35-4825-9789-075deeb65286,0.58491924420945,206.78000000000003
8cc100d4-f55c-4390-a617-4d9796ec0d8b,0.5870839178156,238.78
aece032f-9652-4944-851b-9e98c281fea7,0.583943022672,275.78
debb2483-28e9-4385-ab17-c9b9ddfd4097,0.583290718331,222.77999999999997
27c5fa30-1ef0-4bdb-8cfc-b755af4c8f2f,0.5863759371999,204.78
eafecc06-9dd5-4b14-b89c-e582ba6a37ac,0.5859507972437,267.78000000000003
5747dca6-e9b7-4dca-8d91-8c2e2f66e149,0.58692041000075,192.77999999999997
0acf3020-4aae-4606-bb8c-4756e46d9481,0.5860968860783,203.78
3dc4fc84-4d13-432a-aa02-261180fa3b28,0.58757377482835,224.78
49e6ab9a-b7dc-4249-b1a8-6a05e393e09e,0.5835522247492,242.78
ed6c6ca9-f346-49f9-a339-62d4018a14e7,0.584166198444,210.77999999999997
cfde1b79-89b4-4cf8-9de0-ecd13f9dbfb3,0.5838988778437,238.78
ae16677e-5eed-42f8-a633-a80942ed903d,0.58394110474185,184.77999999999997
a98283e1-d702-498e-8cc3-30cd884e9942,0.58230401401745,238.77999999999997
98429ec1-9579-4e85-b307-be83ea9e2e3f,0.5838640396807,178.77999999999997
a65ad863-a8b9-4ff9-8a62-ce898ef38ac3,0.5834910439403,219.77999999999997
f445d751-2105-43cb-a1c1-c6ee495b0bf9,0.58684699484155,262.78000000000003
30599aba-725c-426f-bffa-b5c0f535f388,0.5870839178156,238.78
eb085155-2a61-42cb-9514-91b166d53725,0.5882383321507,230.78
a9620de9-a80b-4860-a418-ad29f0801b7d,0.583290718331,222.77999999999997
0ee0ff80-331e-45d4-8414-6b9245382595,0.5863759371999,204.78
22eec6ee-406d-45df-82a0-f186c59b74d5,0.5830004278637,269.78000000000003
5b7fdba9-a9e9-4f39-a2ff-769109fb583e,0.58692041000075,192.77999999999997
e67c4df5-b259-4f25-b188-7a43c0b2424f,0.5860968860783,203.78
e6104c1b-97fe-4b1c-8d93-866683a235c6,0.58757377482835,224.78
ec234574-9bb6-4029-a2d1-165f4a0cb15a,0.5835522247492,242.78
6017f0a7-66e5-4753-93c5-c97a0f8fa835,0.584166198444,210.77999999999997
4d9de8c9-5fed-4118-ad42-3a37755da783,0.5838988778437,238.78
8d9cc319-7f91-491b-b5ce-00008e537a0f,0.58394110474185,184.77999999999997
b77959af-6b05-4e17-aa18-ceccbacb56e8,0.58230401401745,238.77999999999997
23299a71-0d68-4361-be12-a48bd02812ad,0.5838640396807,178.77999999999997
cf761c03-d30a-495a-a778-28ad1a6b5ef9,0.5834910439403,219.77999999999997
8b63d9a0-5139-4d92-9f22-983354d8e28d,0.5832946748744,227.77999999999997
5e93a2db-3f2e-4798-bb63-be7c4b84d5ef,0.5844419754784,255.77999999999997
e0ff1928-da69-4088-9efe-4afa17140fbf,0.58528753390055,242.77999999999997
a3b54677-9672-4427-bf01-e1450b31d24e,0.58237989429795,257.78000000000003
34e693cb-3702-48a5-9088-866a3bf836c1,0.5848072366113,281.78
8e34061e-348d-4efd-86b6-35f18382d17a,0.5831328210326,226.77999999999997
89d73fdf-4a1a-46c9-bcb6-47c60c80b3b3,0.58433204715715,269.78000000000003
6d81300c-cf2e-4c4e-a9b4-432cf8669274,0.58373464525615,223.78
238bfea7-35ac-47e8-a43f-d51001a6c830,0.5834098754122,272.78
189ca569-00bb-46d7-acb9-1519234d1494,0.5826478071286,246.77999999999997
920a35ea-996c-4021-b1bb-cebfea53cab5,0.58192715409185,240.78
0dd16cdc-bca4-4010-801d-b06fa6ff489f,0.5841648761643,228.78
b8832d8a-5ca8-4bcc-8388-ffd676cef591,0.58394110474185,184.77999999999997
10e4b48c-02eb-4571-91ac-e8b7cd4bbd15,0.584188544321,237.77999999999997
849c72e3-0cf6-464a-a4db-ccb9971a3919,0.5838640396807,178.77999999999997
5eeae92b-f26f-499c-bc72-f55037517bf4,0.58552899369245,198.77999999999997
5b364a1e-edcb-4eac-8930-026ef751cb00,0.58425970793795,221.77999999999997
1a39e928-7abf-4355-b80f-c9a3cac3e9bb,0.5844419754784,255.77999999999997
fd2f7c09-e44a-4982-abec-1554cd16cbd1,0.58528753390055,242.77999999999997
f96129a8-17da-4d8b-84e9-8d759259e772,0.58237989429795,257.78000000000003
7e5f80a9-5639-412f-8d4c-93ef693f51cf,0.5817409542153,233.78
e36f189b-c29e-46cd-992e-cf667b4af74f,0.5831328210326,226.77999999999997
de07bf35-ef31-4080-aa88-a3e3e1194b8d,0.5845232058971,247.77999999999997
33283a00-4ae2-4924-a8e3-ec4a3af95b86,0.58373464525615,223.78
8ebd6121-e982-4877-849c-eca7845ebcb0,0.5840444289648,268.78000000000003
bce0ba4e-2509-4bc6-bba4-3babd48d17ed,0.5826478071286,246.77999999999997
f173375e-26b0-46f1-ad7f-11aafa8c62d1,0.58192715409185,240.78
2f66ade6-b679-488c-b3e3-971d8b51236f,0.5841648761643,228.78
36c163e0-09ea-487c-b184-3b254d734910,0.58394110474185,184.77999999999997
2e4b0967-505f-4e48-9f26-81ef67237311,0.584188544321,237.77999999999997
a04150b1-2706-4aa3-82db-d84b312716db,0.5838640396807,178.77999999999997
7c0d05c7-e839-4af1-be33-e7fccd37f702,0.58552899369245,198.77999999999997
c3b31596-924b-4336-9c1d-3559a9ffc7f9,0.58425970793795,221.77999999999997
9a74fd5f-f3c8-42f8-861a-278381e190c9,0.5859879798175,248.78000000000003
f0f51673-e4f1-4ab1-9942-14ead4f2bd20,0.5822682831813,248.77999999999997
851e77c0-943c-49ae-8473-ab2e4b935200,0.58187777863665,245.77999999999997
72cf87a9-8422-4797-acc1-d2ef3da8c9aa,0.5861686720174,214.77999999999997
0b225f54-0c9b-49fc-838b-a09e97760136,0.5820851305669,220.77999999999997
5dda0d6f-c3c7-4d02-9c8a-6a1143551995,0.58384640884315,238.78
35db1df4-10e5-4f33-913c-c22518c1399a,0.57877384373245,278.78
ecb61e49-45d5-4179-8450-5294600b9821,0.58610310878485,232.77999999999997
ea9f8e84-b673-460d-af4f-e34ffdcfe6cd,0.5811463163816,254.77999999999997
a888e5d3-061a-4f4d-8284-53b4deb71d11,0.5867152455479,266.78000000000003
1aedbe67-3ca2-4a8f-8213-639915f7ce40,0.5846668549128,234.78000000000003
2fdbb219-7b84-415d-a54d-68b049488b6a,0.58394110474185,184.77999999999997
68336480-63b8-44fc-a429-912e3ad5d5fd,0.5834496068833,208.77999999999997
c1c6252e-fa05-457b-a16f-31a3430b4f08,0.5838640396807,178.77999999999997
b48d49c9-6ef8-4daa-9fee-38aadd1f692f,0.5836096343357,228.77999999999997
f26427c8-ef55-45d6-8c5e-e0dfc4841f9c,0.58518894278205,204.77999999999997
57b3ca6b-85e1-494e-b247-80b7c02b1d27,0.5859879798175,248.78000000000003
09169650-67e4-4025-9a00-a96f9e0901ab,0.5822682831813,248.77999999999997
0c3f1fb0-805a-4143-a766-452b5aabb442,0.58187777863665,245.77999999999997
cb7dee4c-020d-4acb-8338-8eec0047cbe8,0.5861686720174,214.77999999999997
607d31e8-6ae9-4a7e-83cb-ed197e9f5449,0.5820851305669,220.77999999999997
0c44bfa1-dc60-49e9-9f54-3bf8a413c4af,0.58384640884315,238.78
95d74e59-1e79-4429-85e8-80c0ab50a0b1,0.5868273583383,233.77999999999997
9b65bdf5-859a-46a6-8892-b10f108cc615,0.58610310878485,232.77999999999997
5040764c-ce68-4ce0-9793-710e3653a06f,0.58237803231465,221.77999999999997
504c1e7a-d051-4280-8200-5af46a082e58,0.58423045288505,243.78
4727d013-37a5-414b-bd07-5662deee309b,0.5846668549128,234.78000000000003
62cfe6cb-a830-4424-9c8e-3598e10599b3,0.58394110474185,184.77999999999997
f8543c7e-61ba-4f6c-bc27-581980e6c667,0.5834496068833,208.77999999999997
90a82178-200b-4161-929f-3133bfd5c583,0.5838640396807,178.77999999999997
103d6bd1-fd79-4e92-9218-dfbe209abd14,0.5836096343357,228.77999999999997
2e71356b-2a04-4b8a-95e9-16a337b6a5d1,0.58518894278205,204.77999999999997
d19f99d2-7bce-430e-8423-e2d11708fa5d,0.58457973538745,245.77999999999997
080c565d-e2c9-4400-8f83-9e4cb3a92e3b,0.58280691233345,240.78
9694989f-997d-40c9-9f83-c76f44f89a5c,0.5800286630506,280.78
c480c510-7bee-47aa-a26f-2016a8c6ae9e,0.5834679887605,256.78
63211e34-7cad-4905-b0dc-c559f3076d1e,0.5836418633545,258.78
18ac9a9b-4c02-4d06-8d14-03c599b90179,0.5854740268229,247.78
2be0c7c8-7db2-425b-b78e-f35c8ca0be9c,0.58414590278055,258.78
aa789ee5-edf4-468b-9197-feb93572b0df,0.58213841200685,224.78
13c1979e-8654-4dbf-a030-e917d66d7e65,0.58561827786295,206.78000000000003
55092dcf-98f4-4519-aaa0-024918bddf8b,0.58476320817285,245.78
6945b505-a6bc-455f-bb1e-4624bbab1bd1,0.5820980860495,270.78000000000003
db35ba0f-8648-45ce-a704-d820e722fa3e,0.58394110474185,184.77999999999997
b0f6b033-44e2-4736-9b53-915231b2d890,0.58310907724325,197.77999999999997
487dabe6-80b0-460d-8a0e-47a78a176ba6,0.5838640396807,178.77999999999997
4c07c116-b5eb-489d-ad9e-30a39661e821,0.582237705493,262.78000000000003
504ea384-0425-42ae-994c-385d9c52366e,0.5881166499025,191.78
42453706-3e49-4d45-8529-013194461d93,0.58457973538745,245.77999999999997
520184fb-ecc4-45d7-8068-f6c79b24e9d4,0.58280691233345,240.78
2c195642-5240-48e9-9f0e-a2c6d001ea23,0.5854740268229,247.78
883c8e5a-d699-4ea6-8987-8d10be5d6b89,0.5834679887605,256.78
ab5ed361-0490-49ca-b7e1-57225183efef,0.5836418633545,258.78
99fd843f-b8bf-4908-8c56-b2faf953467b,0.5854740268229,247.78
55eef9b3-9185-4402-8234-6607ac4ad54e,0.58414590278055,258.78
e7387cd9-9ffe-496b-81d0-3bcbba9e5aaf,0.58213841200685,224.78
89754227-defc-4d18-82ad-5a7e58048d8a,0.58561827786295,206.78000000000003
05f29f0e-c144-48fe-a8ce-ed875f7d5783,0.58476320817285,245.78
94c7c8bd-3d98-4f8d-9915-ced201bcb77f,0.587057825926,266.78000000000003
c2b97349-f93f-4dbb-8619-de188839fbcb,0.58394110474185,184.77999999999997
d03fb709-576a-4368-8a37-5fb3262cc5b7,0.58310907724325,197.77999999999997
6bbd8f5c-4c38-42cc-a345-2c29bf2654cc,0.5838640396807,178.77999999999997
d950e115-bdfc-4782-a04e-80f5ce4aef57,0.58246045655505,228.77999999999997
cb17e33f-adcf-4518-a276-4dd7f923cf78,0.5881166499025,191.78
8ba44fa7-bdb6-42f5-88a1-097bfe8f1b2a,0.5851786004791,260.78000000000003
321c62c7-5508-411f-85dd-5b80d74f6547,0.58200705104455,245.77999999999997
b340d17f-6571-4b81-8110-8ba34d10b0b8,0.587588494713,209.78
5fd2d73e-b194-406b-b4af-cf5e5fa82da3,0.5843952379525,257.78000000000003
e25a0f63-2d5e-46c9-8724-6bf73d3649be,0.58381297667555,244.78
5d0c3631-9761-4f95-8418-f028bb6a09a6,0.5853180532041,251.77999999999997
210944eb-9a1a-4fb5-8e71-0363d1131ed5,0.58467171260225,218.77999999999997
fed12616-dad8-48da-bfd3-6784ba71766e,0.5851352704117,249.77999999999997
e58e1e61-088a-465f-b291-bafb283a0618,0.58733713750055,191.77999999999997
2a3a7dc9-410a-4cb9-b5c8-5e3c316e0976,0.5860497187004,200.78
3dab780b-bf74-4e53-94cb-9c19aecdaa86,0.5820597123884,243.78
b1441deb-7849-4fad-8eca-1d6d01f291d7,0.58394110474185,184.77999999999997
51351664-e1df-4f71-8a39-a872c0fbe8cf,0.58514528794165,235.77999999999997
b91370a9-9c00-46fd-8ef7-0a36e0cc646d,0.5838640396807,178.77999999999997
3c39447c-f36a-41fb-bff2-f715df9c5460,0.58299596796325,233.77999999999997
714bcdfa-382c-4ff7-9a09-1dad9854a485,0.5845765011629,245.78000000000003
34de626e-5f4d-40dc-8855-50683517a91f,0.5858023678633,223.77999999999997
ed20cd02-9b94-4995-9225-b2ee11138a4f,0.58200705104455,245.77999999999997
fda8f0bc-104a-4103-accf-cf914bb1508b,0.587588494713,209.78
7fb3e71f-1acb-455c-b295-5885196df79f,0.5861919882552,229.77999999999997
c22ad976-f39a-4f50-9cde-95ae5e275c14,0.58381297667555,244.78
4131c18e-dafc-4341-95bf-81176e0ed465,0.58522219938545,259.78000000000003
463c6bb6-a980-4a59-b5fd-c3e2fc6e7b1e,0.58467171260225,218.77999999999997
22bcd5d5-77f9-4f4a-9934-1991d38a3a78,0.5851352704117,249.77999999999997
69c6d625-dd40-4dfe-a368-5e5eb839b95d,0.58733713750055,191.77999999999997
23806706-ff69-46d9-b29e-16260e620bf9,0.5860497187004,200.78
717e653d-82ce-4362-a9c8-4166375cfcc3,0.5820597123884,243.78
4c0033a4-09ee-4267-9c71-b3d397aac4bb,0.58394110474185,184.77999999999997
494e5a43-eaf6-4767-8612-a6b174c7d6d7,0.58514528794165,235.77999999999997
fb86abd4-9d3a-4601-afa1-6d8cf101b757,0.5838640396807,178.77999999999997
8be69afc-f070-47e1-8c93-27572ac62cf2,0.58299596796325,233.77999999999997
91566e4a-674b-47fb-9ac1-8deff2a0066b,0.5845765011629,245.78000000000003
7f3e4829-8c83-49f3-9957-590b2726f19f,0.5849868064283,206.77999999999997
69d4f739-7dd5-4dfc-a11f-3a1e84a1f73a,0.5836213076628,241.77999999999997
656fd8fb-9108-4baf-a003-92ad6f14c88b,0.5840807210728,218.77999999999997
10d7f557-dfe3-4b6e-b1cc-580fb9a0cbc4,0.58523422875465,200.78
02b0a6ee-5dda-4f82-95d0-a427d5a4186f,0.585792396645,223.78000000000003
e84fcbc3-fafd-4aae-a158-a43e1c215d8a,0.5885695226631,218.77999999999997
05ebed30-756f-4dff-8891-75243e5cf662,0.58233490152705,231.77999999999997
65e68f58-2856-41f4-8bf8-fb67db3abb28,0.58317797460555,230.77999999999997
def53618-9b49-4f96-bea4-202a85b9fab9,0.58537601975365,249.78
0af913d1-0ec2-4162-ae26-3ebee578012a,0.5872772386658,197.77999999999997
c4557727-a445-4a89-b24a-7430901f1430,0.58350942643085,235.78
74adde79-3f45-48a3-8e05-60b781af5ed8,0.58394110474185,184.77999999999997
cd21f2c8-4f54-4367-9e6c-bb847443be5e,0.58302602221925,237.77999999999997
eb31bf54-4bb2-4c4b-a2c3-92ee5fe752a5,0.5838640396807,178.77999999999997
7a74fdbc-92c2-46bb-89e5-27d12cbac09c,0.58628466664415,223.78
39a6d9af-0702-4a6f-a6e0-01700cc7888c,0.58281159825535,246.78000000000003
56a03e4c-15ae-4343-b500-006fe9126569,0.5849868064283,206.77999999999997
87e86840-eabd-4599-84fd-918915835a36,0.5875759553186,198.78
a5f8caad-c236-4e42-84ee-4269926a9a5a,0.5840807210728,218.77999999999997
26138091-91e4-4d8b-a6a6-d8240a6da24a,0.58523422875465,200.78
daefd65e-be04-4a03-9ca5-a3a03609cf5c,0.585792396645,223.78000000000003
ae125c8f-3969-4577-86d9-d04b44b76324,0.5885695226631,218.77999999999997
707dab5e-252f-49f6-9bbf-9326b8c26af3,0.58233490152705,231.77999999999997
2da4a158-f1b5-4ade-a43b-62590b1220a7,0.58317797460555,230.77999999999997
6ad84c4a-6c11-4299-88a0-dc96ce129e55,0.5849868064283,206.77999999999997
414e66ee-bce4-4cab-9bf9-347ad4bdd1b8,0.5872772386658,197.77999999999997
18b304af-b477-45f2-8804-25014e01f453,0.58350942643085,235.78
08cbe0e7-4a68-4093-882f-e514e47ccf41,0.58394110474185,184.77999999999997
5428e62a-d5ed-4a96-9754-cf170e95f98e,0.58302602221925,237.77999999999997
3154bad1-796b-42ca-8ed0-4b7832785277,0.5838640396807,178.77999999999997
d8c71558-7514-4137-8169-a86660868f9d,0.58628466664415,223.78
0985c5a1-d9cb-4dbb-b2c4-cb2f404a8d37,0.5840807210728,218.77999999999997
3b43b96a-cb80-41af-8b6f-9d3a08e5a1f5,0.5841452754231,232.77999999999997
2647c7d3-38b1-4a5d-b339-523c5067e7f2,0.5835730400708,228.77999999999997
d8825038-70ca-4e57-b5ef-af42fd9e55ba,0.5850147495182,245.78
8cfe5e63-0a0e-446d-95f0-3fd6e9a562c4,0.5809293600168,209.77999999999997
e91da455-5db8-4194-9590-4d811172847e,0.5837410473022,240.78
ac534a9b-62c4-47d2-8e4d-4e3309020fa4,0.58502696515455,207.78
dca98ef3-7f3c-4db4-a2f7-c48af1e9bcc2,0.58395430419595,239.77999999999997
ce851ab8-7891-489e-a953-fb62f8e46058,0.58394628533975,215.77999999999997
78916b17-4ef7-4c20-81bd-cd9b3e7c6568,0.58243093731075,294.78
285225a5-674f-4f6e-ac7f-8e47348af1af,0.58412234082925,269.78000000000003
15fbdeee-ea7e-41b8-ae1e-31bcf7ed34c5,0.5837307678954,241.77999999999997
e37b8cea-b077-417e-8a0f-37a7d9b359f1,0.58394110474185,184.77999999999997
db2fb52c-6774-426d-a230-ed3fe0bf7278,0.5838847284986,215.78
9d46c323-e64e-4527-9501-6645df19ddcc,0.5838640396807,178.77999999999997
1cf17ce8-dadf-4e52-b8fc-a0ffa1f213d1,0.58296349657215,267.78000000000003
87ed10b0-859e-4ada-b92f-7fa8b18dc906,0.58787190274325,286.78
f67da710-f18c-452b-b8ce-32d646db5b97,0.5841452754231,232.77999999999997
e371c179-d0b0-4e7a-96e6-4f6158dd1f33,0.5835730400708,228.77999999999997
a8a10b7c-738d-4bf5-83c9-145020666bd9,0.5850147495182,245.78
654494c3-a32b-40f0-9ff5-368c43ab674e,0.5809293600168,209.77999999999997
6e36c793-b1e8-4c63-8fb7-510a4612e2fa,0.5837410473022,240.78
d9954626-36fd-4437-9141-1cca1fe55d33,0.58502696515455,207.78
f0574acd-bbab-49c5-bcff-166aeb20a05c,0.58395430419595,239.77999999999997
d3fbd076-90f9-43f3-9968-e8c9c286d0e0,0.58394628533975,215.77999999999997
bd61af11-5209-4404-8777-3513692a23f3,0.58245196495295,288.78
1284de67-a8ce-4996-803d-d245d4b746e5,0.58502696515455,207.78
da1da3f5-1b13-4be8-9156-1a7ce42c7a55,0.5837307678954,241.77999999999997
1d0ae2d9-0002-4941-9af3-b0a64d81d4e6,0.58394110474185,184.77999999999997
2825b11d-a5d0-4d3c-98fb-3848baf7af32,0.5838847284986,215.78
0beb3c98-eb48-47af-9464-4411693ec7f1,0.5838640396807,178.77999999999997
90a7330c-c155-494a-98b0-1ea9e9395f1b,0.58296349657215,267.78000000000003
0d6a0df1-5fa5-4660-95b7-16316f66dc28,0.5875370674697,218.77999999999997
7914cf82-ee90-4f1d-a7d5-2a3cdf29e8d2,0.5830253406101,240.78
44324958-d9f0-48fd-9f53-7ce0f90d6504,0.5860065160895,258.78000000000003
a154a57a-cef3-487d-9f74-728efc050073,0.58407513803875,243.77999999999997
e92d3037-79ba-4bbf-b5f8-2ab7cba9badc,0.58393483286615,246.78
27bebafe-78d0-4065-869c-c1b0f12af8bb,0.58373816204055,221.77999999999997
60e88137-00fb-481f-878f-a6228397c34e,0.58090730063185,243.77999999999997
09c89e4d-e4cc-455f-8827-24bc34cf034d,0.58396502098195,263.78
8170dfe1-984b-42fb-8e84-1c61e759326a,0.5829740700107,213.77999999999997
972b5b8b-3067-4497-bd85-76dac3c64580,0.58525472386345,236.78000000000003
4d5d71d8-5525-47e4-8267-ea6a29ca18f3,0.5821517095148,237.77999999999997
8322b3e2-665f-400c-a025-89ccd0b615ec,0.5841063930702,257.78000000000003
6b4396ec-42d6-4f5f-8a58-e4fbfdb2913f,0.58394110474185,184.77999999999997
a1c21025-08c8-41ab-8039-dd17dc91da68,0.58165919814915,235.78
7165f18f-ebff-48b1-99da-9977ca8d4510,0.5838640396807,178.77999999999997
70278d17-dba2-47fc-b777-aecf5d49c083,0.58667819125915,186.77999999999997
cadbf872-bc2f-45fb-b570-8c480558f09c,0.5861860368174,239.78
789dec71-3ba0-42cb-be20-a49d5542da4b,0.5830253406101,240.78
a1b69b51-b334-4685-8546-31b77251d088,0.58402827956235,244.78
826bb941-b435-4eb4-ae50-7d541feb0de3,0.58407513803875,243.77999999999997
ba309ca6-10ea-4c83-a60a-647cf9631bc1,0.58393483286615,246.78
098cad91-f6f7-45cb-9f49-826153ec326a,0.58373816204055,221.77999999999997
053cda4c-ca20-446d-b662-b645dddc0282,0.58090730063185,243.77999999999997
1f17d669-0037-4449-803a-9b7c00f78cfa,0.58235316912315,218.78000000000003
b31b40ff-ecf4-4797-85b4-0390f58c9902,0.5829740700107,213.77999999999997
6fd59642-86af-45a5-9eb5-c8d7c13d2234,0.58525472386345,236.78000000000003
e2505a96-1ee9-4fe8-b067-7645d32ce41c,0.5821517095148,237.77999999999997
b233601c-599b-4596-91df-93e6f5d09a42,0.58565887026055,234.78
8dcf136d-06b2-4169-b24a-e78ce9e615f6,0.58394110474185,184.77999999999997
e757c1a1-5339-4246-91bd-c5dff8be819d,0.58165919814915,235.78
a8b26ece-e04e-4f9f-9346-b1d44738b4e2,0.5838640396807,178.77999999999997
5aabfa0b-bb5d-4f35-a2a7-42b2dc352035,0.58667819125915,186.77999999999997
d79a4243-feb8-4e1e-9977-807e8c93e9eb,0.5861860368174,239.78
24e3bde3-c970-4057-b2e7-372bfbd74a70,0.5823343662098,206.77999999999997
74b7a96a-fbf8-4625-9125-9b934fdf26eb,0.58430376975275,196.77999999999997
351e8932-e5fa-41c2-972b-09f0910bd480,0.5839561119316,187.77999999999997
dc41757a-cf2a-47fa-9a34-10f611778af0,0.5830713203021,263.78
710ac836-0085-4aff-a0d4-65b5d971e979,0.58405270279855,217.77999999999997
00c635b9-1ba1-40c1-aad2-109a43e934ce,0.5844731905268,239.77999999999997
b21f09d1-0b14-4125-b76f-f9046458e10d,0.5852560144957,242.77999999999997
3f148e54-1edf-4370-8b53-f0bbfd79e86b,0.58331071324685,281.78000000000003
0f96bfc8-d293-417b-8b0a-5437c123bb46,0.5826311343513,238.77999999999997
b975e1bb-d1e1-4cfc-89ad-b386139f6d81,0.58632663377125,227.77999999999997
5382bcac-5111-466a-be9b-0c5d7868c18e,0.5839435256825,226.78000000000003
5ddf8f42-7443-4541-a79d-bb1e4d602858,0.58394110474185,184.77999999999997
4bdf1fd8-4928-4b78-8b89-273baa394f5a,0.58332350855645,239.77999999999997
71655184-bafc-4a82-b658-0d9c91b851f6,0.5838640396807,178.77999999999997
b41f9c90-10eb-43a5-ae3f-d0a3ff1eff7c,0.58312690554705,245.77999999999997
1a553458-ca36-445e-af2b-4a78da240918,0.582153005347,232.77999999999997
85ed42b8-42a5-4425-a173-a7c204663783,0.5823343662098,206.77999999999997
892a25e0-0771-4a76-83e0-d2b449572ce3,0.58430376975275,196.77999999999997
2de742a5-1a8e-485a-86a9-298a1821228f,0.5839561119316,187.77999999999997
364b0d5e-2e59-4c7f-adaf-078fd16a5004,0.58268043139955,196.78
571efc9e-462d-4b40-9fc2-070e5624bf31,0.58405270279855,217.77999999999997
c6b99d69-b5ec-4b7d-b5d7-788037482afe,0.5844731905268,239.77999999999997
17568a99-71d4-45aa-87ed-fe467d691910,0.5852560144957,242.77999999999997
a2c6c661-ab83-440f-afb5-98451abc3fb3,0.5842268054117,210.77999999999997
a8c2109a-3086-4d4f-80d8-e2273840ca8a,0.5826311343513,238.77999999999997
b47c2072-5b23-4b67-848a-19467af5e7ba,0.58632663377125,227.77999999999997
9592f8b1-6ad6-4582-adc5-4af584b53753,0.5839435256825,226.78000000000003
4c28a3ed-c556-46b7-9103-6bb77caad1be,0.58394110474185,184.77999999999997
cf6058b1-aba5-4425-b768-e9508cfb26f0,0.58332350855645,239.77999999999997
5c6f9241-22cb-4a8e-8293-e58d41b17838,0.5838640396807,178.77999999999997
0fb2cc83-7e94-49de-bff3-57686d358c88,0.58691794931065,204.77999999999997
f24fd113-b156-4bab-8dbb-4c53a9309469,0.582153005347,232.77999999999997
bf165481-1ef4-4ff1-993c-660010b5abe4,0.58365622817995,247.77999999999997
632321cc-fece-4a06-99f9-ec49d1aefaa5,0.5860906096197,280.78
0bd3fd7b-0e30-4fe0-8390-421ab4473987,0.5844762784233,243.78
cf4eb719-1aed-42a1-8869-7cfe95bb4473,0.58527874353065,210.77999999999997
4424b1a8-b7e4-4b62-b008-0168e4720e5f,0.58498716286485,206.77999999999997
26021526-4060-44c2-89cd-c60f5919450e,0.5813772566731,231.77999999999997
2dd76a20-ad93-4058-85c5-a456ccfdecb1,0.58200393087915,233.78
82e5575c-4c65-4042-aa6c-7be57096a05e,0.58578915741845,230.77999999999997
57234487-d5fc-4973-9cdc-fcf76d1d50e9,0.582052356274,239.77999999999997
11d53a76-a34f-4c2e-8d5b-2ec4dd6f11c2,0.5843133133923,245.77999999999997
68bf9410-abdd-4302-a785-d0593127933c,0.5877696696996,220.77999999999997
c320958e-776b-40a7-8ee1-b6e1c1788439,0.58394110474185,184.77999999999997
f253eab7-3214-41c0-abbe-1f3d50bd49a0,0.58776196193445,202.77999999999997
2072e193-e78c-4127-823c-1678d40e5bad,0.5838640396807,178.77999999999997
4cc838a5-f1da-48e0-9c81-e3b4f4846b08,0.58182900304885,255.77999999999997
68765e05-f7da-4e19-b85a-181c70a0e877,0.58679422807925,224.77999999999997
ff40c840-bfd7-4f58-a17c-87e8e0f80683,0.582052356274,239.77999999999997
20d89824-69e2-4e75-ac06-25e34c01f714,0.58372128349735,208.77999999999997
9231531d-d67c-4b84-b88f-c879cc512e71,0.5844762784233,243.78
c51fdde0-71b2-4fe8-9b2d-0255e8fb7fa7,0.58527874353065,210.77999999999997
0fc39173-0ad7-42fd-8e3f-b6f48b005865,0.58498716286485,206.77999999999997
ba4c5838-0ce2-4230-aeb0-1c3e387d79f9,0.5813772566731,231.77999999999997
b4da0da3-6d87-4539-99c5-0e4a87c525ba,0.58200393087915,233.78
70e2f2c0-dde1-403a-a4af-069201c2972b,0.58578915741845,230.77999999999997
b3c42ef0-748f-4e5e-a831-62a8add720d4,0.582052356274,239.77999999999997
be238361-1bf5-4fe3-857d-ef79c43a3ea9,0.5843133133923,245.77999999999997
3a31c9d2-d46e-48cb-b43e-f62e5b74a299,0.5877696696996,220.77999999999997
ad21bf4c-847b-4ed9-b5af-51ff4bd2ccd0,0.58394110474185,184.77999999999997
cd57c54e-b8f6-4114-b6d2-2be56aac9386,0.58776196193445,202.77999999999997
d3614e65-4c38-4ebe-8aad-bce20caeb224,0.5838640396807,178.77999999999997
6cde16aa-5529-4966-8ce1-6ec487244ca3,0.58387585933375,230.78
05ed4dd2-da1f-4bc2-bb9e-f19b7343744e,0.58679422807925,224.77999999999997
5f5f8155-2766-4b35-be05-63408a17d5bd,0.5868495726129,278.78
991c0f0f-8dda-46d7-8343-140791065ae5,0.58328127466675,239.77999999999997
604c83b4-5696-4a59-945c-07d2a3c5d1e3,0.5868341641549,224.77999999999997
4f0d9930-91e8-4d06-9dd3-5d0e2efd0736,0.58721096547085,205.77999999999997
7912c9ab-cf6e-4b38-81d7-480e2da75c5d,0.584937440348,220.78
f3ebe6e7-4ad1-4e08-8e6c-1c25b2c990be,0.58489293455625,252.78
315718e4-a332-4eb5-9283-a992141e6b67,0.5843937048885,236.77999999999997
ccc6b4c9-cc7d-4682-b36d-d22816a0ac2a,0.5810121776709,245.77999999999997
f8d0fd27-d54a-46d3-b73c-86b74bb1ee8d,0.58210046333745,203.77999999999997
abd5bcba-b228-4cbd-8f5d-efd0df176177,0.5856372190191,203.78
ab619360-5eb7-425e-ac17-52df619b40dc,0.58730371566565,248.78
6f811975-b5c1-4dce-9909-fe9bb2966233,0.58394110474185,184.77999999999997
75f80978-4410-4f89-a59f-4cfa54d098b9,0.5861552018919,184.78000000000003
ecc0fb93-ada3-43ae-999e-f5a0333fd1aa,0.5838640396807,178.77999999999997
27fca042-dcad-40e7-954d-aba397c20e2a,0.58637580543155,262.78000000000003
509d24d3-ba2a-4670-b467-0ab67d8727ad,0.5843923766418,244.78
91462a48-e03b-4bad-b172-c1447eea4d76,0.58604621762655,237.78
74652af4-53ae-415a-bdee-bb8584e21219,0.58328127466675,239.77999999999997
cc29b006-f9d1-4db1-a49f-f33bdade32ac,0.5868341641549,224.77999999999997
429b7bed-9d3c-47d9-8a9d-829550e25cf7,0.58721096547085,205.77999999999997
852cfd07-a88c-44eb-b254-d77d30cbc440,0.584937440348,220.78
bbfa1657-2371-455d-9dc0-3b1fb2895ffd,0.58311358174415,253.78
849591c8-4f06-4012-83e5-c8e0daf6f9d0,0.5843937048885,236.77999999999997
a649edb4-ebc3-4900-8d91-c5475dac09e7,0.5810121776709,245.77999999999997
aa29070a-0c63-453f-a09f-6ecbab50939e,0.58210046333745,203.77999999999997
896984d0-328c-49a5-8ede-be5d449de6ec,0.5856372190191,203.78
5826bed9-ff55-4d76-818d-b13147043592,0.58730371566565,248.78
017bb82d-ba5f-47c7-acbd-f2c8f80d7018,0.58394110474185,184.77999999999997
d2b18563-e910-4f87-b0eb-28b9ab876211,0.5861552018919,184.78000000000003
d88a549d-1e17-41a3-b04e-3395987d0dd2,0.5838640396807,178.77999999999997
12c59752-7054-4b6d-9d60-a74cc734287f,0.5876171064629,260.78
3a419e1f-1fed-4f3e-8dc1-2c302f670105,0.5843923766418,244.78
4e5563a2-cdaf-4f22-88ac-b62b9f52cb59,0.58320158648975,210.77999999999997
9299e8e1-76e7-4b11-afce-a6dd8a332afe,0.5867716522323,212.77999999999997
f9e748b9-a83b-43a0-b7ee-46d16e97c99f,0.58526221726915,185.77999999999997
269c208b-6c64-4bd1-a11f-3db6df3d8358,0.58360954871485,258.78
912b4d65-63d4-44b1-9fe7-0e4795c5421b,0.5840976654515,255.77999999999997
09fbdd77-000b-465d-af4d-10a36bb25b53,0.58563055550155,236.77999999999997
105c578e-39be-4069-a0ee-573883b42bdc,0.58500523651765,233.78
be3c9020-7e3b-4886-bd5a-446587471ab9,0.5836763672069,264.78000000000003
7635ea36-e1cb-4880-9805-d586fba4c637,0.58693910613735,210.77999999999997
e180b8fb-a3ad-47cb-9bf0-a4c6fd0ee72e,0.58642598997925,239.78
11ca9c1f-7b8d-400d-a75e-c693d49f3c16,0.5862360254547,245.77999999999997
375f4b12-809a-45ee-999f-c400e4d9b2a9,0.58394110474185,184.77999999999997
f1a4a7b8-d43c-4a5f-b4fe-e74f229c45fb,0.58400055288135,224.77999999999997
f24f0820-0e18-41fa-8933-3e1c2e6beb94,0.5838640396807,178.77999999999997
6235174d-5b9f-4b6a-8a4d-5959d9578c94,0.58667388851825,227.77999999999997
5fd98973-f45a-43a4-bbb5-ec872ec14b31,0.585129295882,236.78000000000003
ff655cb9-27ba-4c81-a7d2-c419a5ba3d1f,0.58320158648975,210.77999999999997
b93b765a-cae1-4efe-bd6b-3202080b482e,0.5867716522323,212.77999999999997
34082681-c166-4ad8-8092-08a52217b7d9,0.58526221726915,185.77999999999997
235da89d-b1c4-4b6e-a70e-ed1e8cbb460c,0.5827072557294,215.77999999999997
0f4e6978-116c-48d3-b8fd-7e184e5d2c9d,0.58432348942905,174.77999999999997
7934ae5d-d4c0-48d5-9c12-63133daaf3c8,0.58563055550155,236.77999999999997
a9eb8527-cfb2-4d87-ba65-1b9e5a548f5b,0.58500523651765,233.78
93db11d9-71cd-445f-bed4-1dfeafaf201b,0.5843706613392,236.78
b4f35530-7b26-432b-9929-7c0a961698d4,0.58693910613735,210.77999999999997
eb31b249-12a7-435e-af7c-26187df72cf2,0.58642598997925,239.78
589d4502-5543-4794-8f65-4779b358c87e,0.5862360254547,245.77999999999997
feefa91a-0280-41c6-83bb-c95d77cf7448,0.58394110474185,184.77999999999997
1941b5f7-4d05-4348-964b-46957c6b1535,0.58400055288135,224.77999999999997
eb87e91a-29d8-484e-877f-197791e7f75c,0.5838640396807,178.77999999999997
a7385e9c-2fb6-4cbb-9376-5eb934115c13,0.58667388851825,227.77999999999997
35662d3c-3a93-42c8-b971-1f45e63c9b7b,0.585129295882,236.78000000000003
11de8f3a-06df-47be-92e7-2a171b6041e8,0.58561863995955,248.78
35f5292a-8a6f-4578-96ec-6c145fbe40a4,0.58632320964295,215.77999999999997
5e74d5f9-4f4d-44a0-9e16-312d7857ab6c,0.58388309788415,234.78
6d89cc3f-01da-4f89-8d3a-5a6194b80942,0.58412015096165,226.78
d698652f-f161-4d83-ade7-973b72b4f1e6,0.58432348942905,174.77999999999997
3b3af173-83c8-43d5-9564-42ac22acf78a,0.5858964917768,221.77999999999997
908903ff-c7db-4fa4-b412-dd95bc34167c,0.5861218162048,209.77999999999997
55dec34c-e1ad-4e31-8aed-ba2899f77a04,0.5852665215177,255.78
d4c4118c-d777-45fd-a8d3-4542cc7c03af,0.5831402314933,257.78000000000003
dd19f786-2f54-46db-a926-d947677c5c93,0.58533682430715,204.78
526997e3-02b1-4125-b9ff-cd826a0c1bd6,0.5845938642149,217.78
3315b857-e83f-44e5-b7a8-436f37669292,0.58399157961495,235.78
071af8f6-fdab-464b-9548-ff068e367f49,0.5848609474627,217.78000000000003
7fc51497-fd86-4109-a79a-b61f69ead58c,0.5838640396807,178.77999999999997
b95eb212-4373-4d7d-a9e1-154ff9bfc848,0.58411112852095,181.77999999999997
99d0aa89-3972-4b3c-8db3-cde4ec986c68,0.5824285585454,222.78
a29e276a-3494-4cc9-a09b-b83c553d63e1,0.5844669667204,240.78
31d8ba78-e673-4a88-8ab4-6714d8407907,0.58632320964295,215.77999999999997
3d5274dd-2b7c-4f06-9af1-416ef4011819,0.58388309788415,234.78
b8f2767c-cad2-471e-ba4c-bb7cb79fa86a,0.58412015096165,226.78
68f39751-229d-4c4c-9466-0716036860a6,0.58432348942905,174.77999999999997
0236a5f9-e55f-4bf1-9f19-8c348de558b5,0.5858964917768,221.77999999999997
bc16cc1a-6679-4b34-8c38-f0cbff39d88a,0.5861218162048,209.77999999999997
2c3d9a72-6fbf-40dc-b122-af0b75e795d9,0.5851821333665,229.77999999999997
c3e66404-93b2-444c-ac84-b461ef664e28,0.58632320964295,215.77999999999997
1cb470ba-3417-4ee3-97fe-cbc5edfa47c8,0.58533682430715,204.78
917f828d-9f0b-40ed-b464-86f029c3492f,0.5845938642149,217.78
24c42898-9730-4634-84af-cc16cdac8504,0.58399157961495,235.78
0b4ebdf9-b2ab-4bf4-9f1a-f04fdc322d28,0.5848609474627,217.78000000000003
4c190ad3-0151-4dc8-af4b-201ad7e38cd2,0.5838640396807,178.77999999999997
364ec0b9-5c0d-4e3d-a67c-421085992296,0.58411112852095,181.77999999999997
8f525968-a96d-46e3-959d-232b5b0fbfb1,0.5824285585454,222.78
cf7ac38e-3b90-41ca-8dd4-fa14b2c69138,0.5852812674306,258.78000000000003
d9265ee5-720c-4394-b2c6-8c4c052fdfab,0.5855795841435,236.77999999999997
9d5eaafb-8ef5-4670-86ac-cf4cfb9e28e5,0.58496454737895,228.77999999999997
1b1f92b3-33c7-439b-b08d-57c735817acd,0.58519595101805,214.77999999999997
6e723a17-ca09-4d17-8e22-6a72a20d7267,0.58432348942905,174.77999999999997
be997be3-9776-4a39-b6cf-f99deaed7bab,0.58262594260235,247.77999999999997
681e8ded-2d77-4051-8614-592922a6daf2,0.5816930023131,244.77999999999997
4fb39f28-fb6b-4db5-ad19-bf921c57f6bf,0.58182670571565,224.77999999999997
811e85ae-8bd8-4a53-bb11-c5cd9d4ed9a0,0.58463716278885,214.77999999999997
e3398149-e7ee-48b8-879c-2c138b41a30a,0.5869175867525,232.78
7745df1a-7652-4dde-bd4e-f7642013ebc4,0.58584304966995,232.77999999999997
43caa4e2-f698-4133-a012-ad50b2949340,0.58302966185435,225.77999999999997
bd2eae8d-2295-4ea8-a45e-3c335aeee995,0.58519358524445,214.77999999999997
3eaa42f8-7590-4987-8251-994b065385aa,0.5838640396807,178.77999999999997
68655c42-d5ca-4ffa-bb47-f37f9e692abb,0.5854776267452,239.77999999999997
91105909-5eaf-4455-9fa6-fa74c94eb580,0.58447188000935,216.77999999999997
2c413b16-96d3-48e3-a37c-a11639ac5435,0.58596389903665,270.78000000000003
a550c118-91a2-4de2-9382-d1e914d93a8d,0.5855795841435,236.77999999999997
714bec17-a1ac-479d-93a4-9fd87336d17b,0.58496454737895,228.77999999999997
bd9a8a04-25b1-4363-945a-ffe43e56be31,0.58519595101805,214.77999999999997
17f3d505-036e-4b6f-b895-218d6d7c32bf,0.58432348942905,174.77999999999997
ca065e5b-2341-442b-bd96-15893c664486,0.58187906024695,221.77999999999997
e0ab2284-6ab3-47f6-bc62-ddde40f5c7ad,0.5826020241541,259.78
84efa80f-9314-4c2f-9988-c6218eb42730,0.58182670571565,224.77999999999997
31673356-f108-456a-9c5f-7ed4ba8294a4,0.58463716278885,214.77999999999997
5b9a0007-4ac0-48e4-9420-d40ba02db568,0.5869175867525,232.78
79c29b6b-0fe0-4558-aad0-1a9c53b0b933,0.58584304966995,232.77999999999997
9b52e819-c889-4e6b-9fd6-db95b2c8deb0,0.58302966185435,225.77999999999997
e394dbe2-6840-4348-879f-adf30e918b22,0.58519358524445,214.77999999999997
27c1a198-e41c-42ae-81dc-5f6caa76af9b,0.5838640396807,178.77999999999997
b9909a1a-7bf1-438a-8a20-742411a13313,0.5854776267452,239.77999999999997
1d3ca5b6-341b-475f-a779-d37909d2d4d9,0.58447188000935,216.77999999999997
09bb8d81-001b-4b15-a360-26b3d5d16b09,0.57962207208265,236.78
746c8075-ac34-4111-b06c-6fc8a861a793,0.5813702828291,255.78
baf8130c-6f33-4fdf-821e-c68ce9f32937,0.58171564049875,189.78
ecfd5d56-8d91-41fe-9cd8-6dfe8902d4b5,0.58572258261475,233.77999999999997
c55b03f5-2958-4186-a532-33483464f8c1,0.58432348942905,174.77999999999997
bdcdd302-d9bf-4ae3-9ae5-c53e110548ba,0.5826680492077,232.78
598ec11b-9160-4011-94db-d37acae987e4,0.58640904754075,231.78
3059f5c3-62ae-4d6b-a0c0-95779d1b5483,0.5877979678483,225.77999999999997
2180743b-3911-4475-8d06-0eecba9b61cc,0.5819075226078,244.77999999999997
707aa4a4-c93b-4586-a795-6c5e739e9e89,0.5861735180488,217.77999999999997
061aa04c-8390-49d1-b116-23107ee53721,0.58481341939815,260.78000000000003
7e1e5449-b584-4f59-83ea-7842defc9076,0.58560661405025,236.78
2449aa3c-66f6-4d96-84a8-0384e204695b,0.58431819079245,267.78000000000003
eebd929f-e0f9-4b4b-bda2-b35caa44d777,0.5838640396807,178.77999999999997
48068ba2-e79e-499d-9d76-b45b9a56af74,0.5832447770071,214.78
969e888a-0941-433b-8a5c-98c7229cf943,0.5807713520675,242.77999999999997
5313ba21-20e8-45a8-ad5e-bd06d2f0cf68,0.57962207208265,236.78
3b5f792d-f8ea-47eb-9d0b-e6433afc9c44,0.5838001660613,216.77999999999997
2c46b896-c24f-43ed-a923-2b4bef00018e,0.58171564049875,189.78
95b1e56f-7644-4173-bbbe-452816b87410,0.58572258261475,233.77999999999997
405bccd6-93a0-49a7-9314-9613c5381d36,0.58432348942905,174.77999999999997
4a57c9cf-5c75-40de-9828-e0a0a9d3deb0,0.5826680492077,232.78
23923181-c151-41fe-b600-1ab73e2ef9d7,0.58640904754075,231.78
85faf89e-c31d-4e97-aef8-9b8e4a8fc1c3,0.5877979678483,225.77999999999997
146cf413-c135-4612-9180-4428ee9d021a,0.5819075226078,244.77999999999997
05eed9d9-36db-431c-acc9-bb3ce679660b,0.5861735180488,217.77999999999997
88953389-20ff-487c-92a7-a6c1081816b6,0.5830260673494,246.78000000000003
f09ff360-594b-4a31-9553-4d0324d9733b,0.58560661405025,236.78
a9958382-b308-414d-b19b-571b2dfb7cd4,0.584285436452,243.77999999999997
0c5b5130-9693-4e43-884a-192c76be9a51,0.5838640396807,178.77999999999997
4dfed1c8-6fe4-4952-be04-3fedda37efa4,0.5832447770071,214.78
a137ace0-274e-48f5-8a90-bdc3809da59f,0.5807713520675,242.77999999999997
f2eb6e1c-fffc-40b1-adf1-cf0d13ebc27b,0.58568838615585,234.78
8e1d2868-4171-410a-a2c5-6d96f8e00191,0.5880850036107,224.77999999999997
eb88eb48-2b71-4df4-b3b4-99b0d53c30b6,0.58416454368655,233.77999999999997
10383d9f-24db-4931-98f8-dd862031b77b,0.5873733622033,231.78
b2227dc5-0611-4eaf-b12d-0af7b7e54676,0.58432348942905,174.77999999999997
c5ee15d2-b208-45bc-ba8d-f39f5ab1545c,0.5813459954616,232.77999999999997
ca2c9dac-f5ee-4a10-a7b6-08353439616e,0.5824545752523,241.78
d4bcc3eb-c67b-48c9-81f5-36af9797773c,0.58366820456855,208.77999999999997
35459625-bf51-464e-b706-351ba3a742af,0.5833415939496,242.78
905ae10c-ca35-49c4-8fe3-0d2cfc68986c,0.5832287554755,219.77999999999997
aa5f45ce-07d5-4f65-b57e-f79eeee3e614,0.584007975081,253.78000000000003
7a9f63ca-c3d2-4701-8235-e7fdcf9a6330,0.5831247753932,240.78
67bc4bb5-5670-48d2-8a2f-d6abdef3b4ba,0.5834656041214,243.77999999999997
47c57240-9950-4ce1-931a-c7fd64a521f6,0.5838640396807,178.77999999999997
3eb318fc-b2c1-4a72-b4de-b0a1b1257a75,0.585162522589,236.78000000000003
11aff134-87ed-49e5-a910-24963bf7734e,0.5823656977005,238.78000000000003
845ecd8b-a005-4677-b420-58d2967be1d8,0.58568838615585,234.78
17f0f520-d0fe-4357-bee3-98b7d4eca542,0.5880850036107,224.77999999999997
2c7013a6-32a2-47a1-bc42-8477032fe719,0.58416454368655,233.77999999999997
86d83157-e8d6-488e-8a62-9e5e4362cbac,0.5873733622033,231.78
8b689613-04ef-4c5d-b0fa-d5a00fb60131,0.58432348942905,174.77999999999997
9e758618-99c7-40e9-b3b8-5b1a427a0bbe,0.5813459954616,232.77999999999997
753011e3-9412-4b10-ab82-6ff63af5a979,0.5824545752523,241.78
57cf042e-78f8-425a-9cde-dbbd7c135ec3,0.58366820456855,208.77999999999997
c240f750-5d3b-4b8b-98c2-602b6d0201b5,0.5829463164846,242.78
3cfcb370-6fda-49c2-baab-015b41474c3b,0.5832287554755,219.77999999999997
cc609aab-724b-4222-8011-03b2294a1878,0.5824915036794,243.78
f0b7fa31-8cde-4c5d-81c4-1482797cfde6,0.5831247753932,240.78
5a4622aa-1439-4901-b1f7-39c7f1f26bea,0.5891040941254,189.77999999999997
3014adbc-a6e1-4660-bba2-071ac6fa21de,0.5838640396807,178.77999999999997
cc952bb6-6861-437e-87d8-fd5a8a532eff,0.585162522589,236.78000000000003
30b791e7-1617-4533-ac3f-f9569f3a12ca,0.5823656977005,238.78000000000003
5c4f6268-4f6e-4879-a14d-d56bfb43d041,0.58205538489645,239.78
7a7f7f5e-07bd-45ee-b5eb-814d6926ca73,0.58383116824575,205.77999999999997
7c4f537d-7673-43ec-bf18-39b7418ddcf9,0.5839712744362,234.77999999999997
170dbaa8-9c86-4092-b090-2d772634702d,0.58315004491805,235.77999999999997
f53d00d5-9f89-495e-a1ec-4d01fc778699,0.58432348942905,174.77999999999997
37e2c219-41cc-46ff-94e3-d6f32b0edc09,0.58698887023325,233.78
e26f644a-da62-49cb-9dd9-0b5673286600,0.58387454144125,253.77999999999997
29cbb1d0-2cc3-44ed-bd0c-c954af19f5c7,0.58727977690265,168.77999999999997
403267bb-ee38-4e74-b0e2-76017d2f8b26,0.58249380538285,202.77999999999997
dd5dfcd4-f3d2-48b7-b1ef-ebb0a1ba4f0b,0.5859994911016,261.78000000000003
6f278d13-7e81-41f5-b8a7-690e8171a2dc,0.58579495068355,236.77999999999997
5aa23a45-e3ff-4af2-9471-a4638929f4b8,0.5839676304706,226.77999999999997
c305d933-e9f7-4b9f-9224-4f667cf37dd8,0.5836763157165,230.78000000000003
89ee7561-a1d3-4e8d-8522-7d2cb65b9884,0.5838640396807,178.77999999999997
8345688b-8768-4849-9b36-69a4518c941e,0.5837036644615,213.77999999999997
8a6015a7-a4ac-4a28-ba0c-9aa86160e2c6,0.58360238370185,237.77999999999997
06d2da4a-a9dc-4501-9f71-ad911b548e66,0.58604312159065,198.77999999999997
819532bf-425e-492b-b7ee-1454fced690e,0.58383116824575,205.77999999999997
fae7cd34-49ce-466e-9e04-42d99f2541f5,0.5839712744362,234.77999999999997
80ce2ed6-73a1-4626-907c-adaf6e9b9424,0.58315004491805,235.77999999999997
7ee736ad-70df-4920-923f-f943c11c211c,0.58432348942905,174.77999999999997
0e0cb7a0-903d-4001-a964-9a880a4d5928,0.58698887023325,233.78
dd2f1ddf-cd55-40f1-9fe9-9f2dcd39c5d9,0.58559228280405,232.77999999999997
13b4a4aa-7ada-41db-b50d-198885a16ad2,0.58727977690265,168.77999999999997
0d6d5815-9b4d-4ca3-892f-1b11623aa950,0.58249380538285,202.77999999999997
95ac01ae-a80a-41ef-b542-9166e9cb4576,0.58435678432225,195.77999999999997
66e61132-ac24-4677-aedd-465e1940d3b1,0.58579495068355,236.77999999999997
44743189-1e5e-4660-a4be-d95942412fe3,0.5839676304706,226.77999999999997
70fde923-1221-41d7-bee2-187e02161326,0.5836763157165,230.78000000000003
3e50499e-dce8-4bca-88e6-a9dbfb443fa0,0.5838640396807,178.77999999999997
68a6e115-84a7-4e6b-b804-999fd8dde748,0.5837036644615,213.77999999999997
6f0827ab-a2ef-475d-bb6b-220b11a19760,0.58360238370185,237.77999999999997
8a8fbc7f-07a0-4bd1-aacd-6fbbef07cdba,0.58640537484765,269.7800000000001
89c33140-318d-40b3-9d42-3f8a67117765,0.5847337342295,212.77999999999997
4488e613-ac0d-4b91-a97f-15a7a508d30e,0.58284578714755,258.78
3989b593-9594-4981-b67e-9bd1b39ccbc4,0.58489851597355,224.78
458d2a44-fb29-44d9-8fe7-21b0f2622422,0.58432348942905,174.77999999999997
6b9e3ba0-aff9-4e09-9ce6-12bfd3314807,0.5848528559953,240.77999999999997
37e1d663-d875-47d5-ac29-fa9abaf42077,0.58347382361375,233.77999999999997
c5f2d89f-94cb-4477-9b04-4e33e6aed75a,0.58727977690265,168.77999999999997
168dd829-c998-452a-80c4-c990cae63aec,0.5812508094389,220.77999999999997
8e6fc01e-f99e-4e0e-9dab-2d190eed2b6e,0.58493755118515,229.78
d396d1b2-8b20-46b6-8032-2975f6b85269,0.5831166770283,227.78
b09b84d2-f8fa-418f-a30d-047e11120fa2,0.5837952473624,211.78
6f523753-729f-4d1f-92b0-1ee01aca4a61,0.58371004521615,258.78
3043b7d3-f607-472c-9c9e-f816045a9cb3,0.5873991834009,210.77999999999997
ddb66bf9-4c50-4862-8b36-f95760fee39b,0.58100584012545,214.77999999999997
89aa0fee-4344-409e-98d0-da352f6ce0ef,0.589125199223,234.77999999999997
ae6177ee-c474-476c-bceb-9ea119caa482,0.58715239095145,234.78000000000003
0cc2b5f2-8327-41ed-9c81-5613b0546c86,0.5847337342295,212.77999999999997
204df4a5-9ed7-4f59-8445-f0392b24fcc5,0.5867949930327,236.78
ba8667cc-f9f8-45b6-8ba5-1eff0b27fe02,0.58489851597355,224.78
ad5fad26-4f49-4f2d-be58-88cb900519fe,0.58432348942905,174.77999999999997
94e000a7-d9cc-420f-826a-30f4e4bee117,0.5848528559953,240.77999999999997
fd6bf1bd-c2d7-4ff4-ab01-afccee7ba300,0.58347382361375,233.77999999999997
c96b6d9d-3dce-4ad5-b12f-0cfc6b059123,0.58727977690265,168.77999999999997
3cff50f5-4cef-4b63-9b10-aa026b4adfee,0.5812508094389,220.77999999999997
5d527747-56c5-452e-badd-42bdeafbb5bd,0.58493755118515,229.78
648a0b02-dff7-4a25-86a1-8f2e2607ec48,0.5831166770283,227.78
78ef5d74-387f-457d-a712-99bffa5f9153,0.5837952473624,211.78
22820e93-4bfb-479b-97d3-58f951a7045c,0.5860858321952,250.77999999999997
73a228f2-e8bc-4be3-a3c0-c777ad662822,0.5873991834009,210.77999999999997
36079ef7-4917-43fa-8680-a39fa0dfd0fd,0.58100584012545,214.77999999999997
7fa95612-7c5f-48f5-bde1-a12c81d38b36,0.589125199223,234.77999999999997
5ed12e0f-f0ab-4ed0-83a7-805df98ffe84,0.58210288146975,245.78
4d94bc1c-5d0d-4b59-9357-3e3a2335f83e,0.5854334731591,254.77999999999997
9392c448-6c5c-4dad-98de-7a0757846e2a,0.58566813608495,214.78
8b20b0a6-7a85-401c-8b6d-e1779e9d4e34,0.5861489668443,210.78
e2fbb757-cca7-422a-ab2f-fb2ac02def8e,0.58432348942905,174.77999999999997
9be5b40d-2d83-42c0-9eb7-bcb01001e776,0.5813295234122,244.78
2226adcb-05b8-4a72-be63-55dde72b1242,0.58682242236065,221.78
7a85b26a-d238-4540-8ce1-c54f39eff45e,0.58727977690265,168.77999999999997
cb587518-aff7-46a7-b379-e47891b36216,0.58523162217635,216.77999999999997
b1e12add-837b-41bd-8b38-f4adf4948e5c,0.58364922564155,234.77999999999997
8487149f-3bc1-4a5b-93f6-8e1e89c9d724,0.58663638100785,243.78
5d3e14f1-35f9-41fa-9a3a-4a4d4e5e0189,0.5808881561319,204.77999999999997
04160364-6f45-4a07-9353-6db647018b28,0.5842750577795,230.77999999999997
195ff033-517e-44c1-a338-91ab8a101e2c,0.5829394960925,241.77999999999997
c18494e1-3aa3-40fe-8a5c-76ad588197f2,0.58704149346525,229.77999999999997
2fbc4321-d4c8-4aba-bf8c-4f23b2047aad,0.58245582088685,239.77999999999997
6c76b3b1-7684-489c-883a-2b47cd9dc18c,0.5866645206945,189.77999999999997
dd1a1a2b-1345-41f7-9548-e1f51ecd2396,0.5854281976353,194.78
751006c5-b9df-4369-b45a-7fc6f5c81aae,0.58566813608495,214.78
0393ea4b-59f2-4b22-b68a-ac328f84329e,0.5861489668443,210.78
03142a99-2760-49c7-8b0c-7fba4f664ff8,0.58432348942905,174.77999999999997
7faa3355-986a-46d0-8318-1a77c1c3bece,0.5813295234122,244.78
24132b48-9a8f-4f46-9e52-76e988f74d0a,0.58682242236065,221.78
72a671d9-b665-4b34-850b-aa4f88c9cae6,0.58727977690265,168.77999999999997
10859aab-ff5c-4e66-8538-a1534d8bfbfa,0.58523162217635,216.77999999999997
6e6bb9da-234c-4aef-bb13-06f1ba383283,0.58364922564155,234.77999999999997
30f2be79-18e3-4658-b9e3-d0b406c697ff,0.58585801888155,190.77999999999997
ef599a27-4689-4b42-9c64-a1fa91ef2b0a,0.5808881561319,204.77999999999997
ba303a28-f3d2-4f12-8efe-8a67c36c35c3,0.5842750577795,230.77999999999997
a57b0dc0-cc7b-407a-91b0-9025308bcd50,0.5829394960925,241.77999999999997
da206455-7f99-4565-9929-02df738c61b4,0.58704149346525,229.77999999999997
1885d1a7-0c4d-481c-9fd6-eb69f0427550,0.58245582088685,239.77999999999997
44109229-d136-4962-834b-7cc7b711092e,0.58688321027365,220.77999999999997
8db84189-b42d-45b8-b347-df108f05c32e,0.5815451109552,292.78
410e21bc-fc48-4409-a9ed-ece67aee0eda,0.58188909677225,256.78000000000003
e7f5ccc5-9efe-4677-8e8a-19a4fc76a173,0.5867275407444,247.77999999999997
7398d705-0617-4613-aae2-c039ab82452f,0.58432348942905,174.77999999999997
cc28cd88-f067-4c2d-bf82-2094b60859c1,0.5802730906428,235.78
4a14c7a1-0dc9-4b2b-943d-1056646317f6,0.58603781947005,225.78
94b60e6b-8fed-4edd-be8a-9e5c3f0c48b3,0.58727977690265,168.77999999999997
5dd6779c-a9b5-4998-8734-5f109a85c63b,0.5882871161486,241.77999999999997
4fe846e4-5316-464d-9aac-87259b3b577a,0.5817606583436,231.77999999999997
965d884e-6b5e-4dbf-b2b9-348f00a8b62c,0.58190282010675,231.78
b9913e41-7b55-4686-903d-acf0a684d11d,0.5854156947074,214.77999999999997
765b6ead-f4d7-4dbe-a4f1-520832d8d8d6,0.5846607098323,232.78
c7c04c52-084e-4dd7-8fee-b41ddd602b2f,0.58706902139825,257.78000000000003
364320c1-e837-4255-bae1-db0a0de2501e,0.5830856113533,222.77999999999997
f40c2a10-65cd-421b-88a7-9180f27dc28f,0.5824290282691,252.78
22c88dbe-9759-4d80-9565-d3a505a0d1b2,0.58688321027365,220.77999999999997
ae7dc35f-faf6-47a8-ab88-227d3981ea22,0.5849465441554,182.77999999999997
b180b29a-3d5a-44b7-8f31-155f0f446191,0.58190435783595,228.77999999999997
54e039bd-0fe5-4e6f-a47b-06e17b5e77a7,0.5867275407444,247.77999999999997
50f7d4eb-f309-4334-a481-71e4b6544d85,0.58432348942905,174.77999999999997
378e188d-3512-45b4-bd62-5446a284bdb3,0.5802730906428,235.78
1a9526db-3296-4eaa-881c-a0f8a57ca8cd,0.58603781947005,225.78
de136634-6e61-4aa1-a951-73a6e30d1647,0.58727977690265,168.77999999999997
78f69efc-f938-413a-b2ec-b2a2cdbd8d8e,0.5882871161486,241.77999999999997
d05951b6-ffce-4339-b09c-daa1de148adc,0.5817606583436,231.77999999999997
55fd8717-aba8-48fe-b470-a7ede5404668,0.58190282010675,231.78
0bdb8f62-d307-4257-9d0b-f593a369e703,0.5854156947074,214.77999999999997
68886bec-15c4-40ce-abf9-fd23bd18ceb5,0.5846607098323,232.78
edf1249b-078c-4ce3-a82e-c8a848bc0499,0.58697214286435,190.77999999999997
59ac6b0c-8037-4c47-b2df-d9efa8a60128,0.5830856113533,222.77999999999997
e60580a4-339e-44d3-b376-197cc27dcb12,0.5824290282691,252.78
54d0ed8e-9f27-4e56-b0f9-32dc0d7562aa,0.58181340132185,235.77999999999997
ea57fdb4-adec-4c0b-a6ba-4411b623b0d9,0.58545173054975,214.77999999999997
c139b31f-fafd-4d8b-8f67-a0940f342252,0.5835347259295,232.78
f8384d43-6798-4078-8894-67be8e01a1a4,0.58696823167965,243.77999999999997
82b62b1c-9087-47b0-9fb5-967b4c15d81e,0.58432348942905,174.77999999999997
f93ca0f9-1213-4dc7-b352-c90cf318e7b2,0.58498384084585,243.78
60f07818-32e7-4c1f-9a15-04b389a7f933,0.58245506877035,239.77999999999997
0af079f1-3b8d-4693-98b0-424527652c9f,0.58727977690265,168.77999999999997
d0ad420d-decb-48a8-b550-199d42838cc4,0.58390229839205,208.77999999999997
63eaa239-2119-4436-8ec9-bce38ad024e6,0.58425866684935,213.77999999999997
c474e3e4-1b72-4163-9d67-17394e8d9724,0.5845876414361,244.77999999999997
88956a93-acd6-4eca-af19-66c5bb796a98,0.58611366735385,266.78000000000003
5f8c84fc-84c6-4313-9b21-8527b6e103a1,0.58259360233815,285.78000000000003
72ba166c-bb43-4a8d-b765-927e1cbe6630,0.5867405753785,244.78
001ed8b9-d438-4da5-8581-fe95be52acbd,0.58337074507445,233.78
9912ca3a-bd21-49bb-899e-853859eedb9e,0.5837928987686,209.77999999999997
80c71993-d246-49d6-90d1-95151a01cb61,0.58181340132185,235.77999999999997
263a43b2-06f1-447e-bb18-9ca5ec299bc3,0.58545173054975,214.77999999999997
bcd55f28-5e89-4058-a69e-318c21cf7183,0.5835347259295,232.78
4d33089e-fba3-4d4e-a25a-9e49fce856df,0.58696823167965,243.77999999999997
82aa63ad-3192-47d9-8c83-c40559c2ab67,0.58432348942905,174.77999999999997
d7ca1bf7-7958-45cf-be45-958da6d043bd,0.58498384084585,243.78
4121ef5d-eed8-4a01-8a74-5a3f36a6cf3d,0.58245506877035,239.77999999999997
f64d48a3-62a0-40f6-85f4-01e092cbca80,0.58727977690265,168.77999999999997
935efdd8-1888-4014-b32c-13f49c855c55,0.58390229839205,208.77999999999997
0c7870b5-6079-4dfb-8dba-6d58403e3549,0.58425866684935,213.77999999999997
6b7bd72e-7696-44a2-a3c3-5f3180122e79,0.5845876414361,244.77999999999997
1c5f55d0-927d-4617-8353-a7ed33f38205,0.5837168370424,237.77999999999997
9c1aa266-4d0f-4feb-8df2-eecae430f7c1,0.5829830995959,229.78
8f0244fa-f623-4194-aa0f-23c4e34d7268,0.5840348258663,242.78
46bf7fbe-4daf-4cda-8b24-07352a0edf63,0.58337074507445,233.78
5c2c15e1-7a91-41c2-b30b-01024d7031b5,0.5837928987686,209.77999999999997
1fc16e19-33b2-49a0-b971-cc2d8560bdf7,0.58586637113865,215.77999999999997
a209452e-232d-4a57-a42c-01669de79791,0.5809282045358,261.78
3c254e15-462f-4028-b86b-3148a2932b95,0.5833680229479,228.78
9c5dea06-79c6-418c-b343-41f1b754d2f9,0.58473825621675,240.78000000000003
ca250def-681d-443a-95fa-7b0d4f1a7a6a,0.58432348942905,174.77999999999997
8062babb-730c-4a4d-ac9a-a67779ac0a52,0.58357384706565,232.77999999999997
1c53d748-b4f3-4676-b6cb-a3863bfdfdea,0.58300193871775,243.77999999999997
92f5bc77-5426-4220-ade3-2c2ab99ff2df,0.58727977690265,168.77999999999997
bb7164d9-54ab-4e58-b654-335ed8ddff40,0.58171174428435,254.78
718dba74-3c61-4001-869d-cff80ba6608a,0.58451207012735,215.78
fa4bb4f8-643b-4e55-ac1d-04fc8ddbbbe1,0.5823810550975,228.77999999999997
baa4244d-9085-4de2-a3b8-a24242db33b3,0.5821973269742,244.78
45829687-8947-411a-addb-ec7895ae4e1e,0.58371008687275,222.77999999999997
753c620e-43ee-497f-9b8e-578060ce4476,0.58390674174395,248.78
d0090771-1653-4099-a23c-a0163ea50dbb,0.58248130159565,251.77999999999997
c325c7b2-ec9f-4119-8fa0-400b97e1b05e,0.5852529016509,234.78000000000003
04b9b2c8-49f5-425d-bc6e-b066059635fe,0.58586637113865,215.77999999999997
c4892edb-df8c-4e08-8727-a3726992efe5,0.5881735205793,263.78000000000003
0520338e-12e8-4210-80f7-69ba5a19bf48,0.5833680229479,228.78
65b8b40c-7c62-4633-b7a3-40c31d29b7e3,0.58473825621675,240.78000000000003
2ed158e1-4e3c-4e9d-b37a-84cb5d285b17,0.58432348942905,174.77999999999997
ba6582d6-b1e7-42ce-bf13-064cf2808094,0.58357384706565,232.77999999999997
5c4f8cf1-b88e-477e-b9ba-2f2ab80bd885,0.58300193871775,243.77999999999997
b3ad150b-2fca-4e8e-b61b-299013685658,0.58727977690265,168.77999999999997
fa3ff3d9-b2b2-4192-a2be-6ff48d12a33c,0.5818080498822,268.78000000000003
e7cd91b0-9712-49cc-bca2-aa1e816a9f81,0.58451207012735,215.78
730ace56-8ff7-4d89-b58e-c21cab72167e,0.5823810550975,228.77999999999997
34913295-919a-4b48-baaf-b7dc70387d56,0.5821973269742,244.78
3a87a073-aeb4-4500-9f4e-298372fbf7d3,0.58371008687275,222.77999999999997
fdc8572c-d966-4d4b-ac50-923e3e5183b3,0.58390674174395,248.78
7f655635-532c-4143-85fb-855d42186b7d,0.5809282045358,261.78
398171b8-264e-47bf-8f59-2a02a5bb1efa,0.5852529016509,234.78000000000003
337c8e1c-ac87-4f7a-8e6d-5390db5ab831,0.5808952019797,226.77999999999997
d949ffd8-8fd6-4a2d-ae35-90222daebd92,0.58389599743885,287.78
806866e8-16e2-4e62-afbd-d52376aa2aff,0.5834015746867,233.77999999999997
cc990bda-5776-4497-944a-26cdaa2fbd6f,0.58688857023605,250.78
b89776bc-7f9a-4ffc-a80c-89a6bbfc0807,0.58432348942905,174.77999999999997
f319dde3-6cb3-470d-a527-f684676f544e,0.58185628591055,240.78
9cccca17-e601-4873-8a50-9ec46ab245dc,0.58820361417555,245.77999999999997
30e1dcd6-bfd9-4cbe-8e42-02bb7a15ccf2,0.58727977690265,168.77999999999997
2c5077e5-318c-49d3-9b3b-295991cd73ed,0.58079218610485,199.77999999999997
b84d4fa0-7d0b-4c9d-bb0b-658500c42a88,0.58540327251515,224.77999999999997
22c9c4e0-dcd1-46c5-bb6b-65be65a67eeb,0.58588234140705,204.77999999999997
7b3873ec-febe-46f9-b5f3-61bb5d89260a,0.58762524212545,205.77999999999997
11204697-094c-4f85-8f36-f389c2263145,0.5848643539422,258.78
01f410dc-71e7-47bc-a187-4dd6b85b658f,0.587711370356,221.77999999999997
bf05c723-c386-4e27-8a03-48854156076a,0.5849120840744,236.77999999999997
f979fae4-1d0f-4970-8c4b-e724b673cc1f,0.58101446279145,245.78
5ca0bd73-4a25-4e24-8db8-6af2167e3c07,0.5808952019797,226.77999999999997
0a808f4c-703c-4323-b395-8ea0b13887b3,0.58425452892035,240.77999999999997
4adb2ba5-b093-4376-9a1c-30562da9d721,0.5834015746867,233.77999999999997
64dec454-d2cd-4602-b359-8aee1d8a43b5,0.5841608048365,266.78000000000003
4d55dd1c-13cb-43ce-93e7-18c75c905227,0.58432348942905,174.77999999999997
5b71a31f-772f-4023-b373-487a1b532b90,0.58185628591055,240.78
cdff2009-e03b-440f-9a5a-0ee28c17ed61,0.58820361417555,245.77999999999997
48dc074a-5607-4f55-93c0-276cd0609b46,0.58727977690265,168.77999999999997
e9145d2d-801f-483c-b402-170fde9db0f0,0.58079218610485,199.77999999999997
57d0c9d4-aa2b-401a-a635-9896f0c8ad0f,0.58540327251515,224.77999999999997
f381e4d0-2e42-4ba7-8566-2716b3543339,0.58588234140705,204.77999999999997
79224303-6c48-49d3-ab6e-aee356338688,0.58762524212545,205.77999999999997
952cde64-402f-4136-8bfa-7651a22a50f9,0.5821949138478,220.77999999999997
8e7321d1-ea64-4697-965f-91214ce53105,0.587711370356,221.77999999999997
fc867cb9-85a2-48ad-8efc-b6798fa8374f,0.5849120840744,236.77999999999997
92811f02-1bed-47b1-85d2-e1577e427c81,0.58101446279145,245.78
225c8224-eade-4d66-9772-0faf585c460f,0.58642161501905,251.78
8acc8f86-703e-4c09-abf2-3db5b60f0d18,0.58370660763675,250.78
98d81a81-00f7-487f-86c2-733168ae5cdb,0.58989220445205,208.77999999999997
a343104a-74bc-475a-829d-011d66b1fa47,0.5806927875247,239.77999999999997
478f877b-68cb-4006-85c2-1e79b4e123f6,0.58432348942905,174.77999999999997
c730a077-af3d-4e8a-b4b3-b593cb204f23,0.5860702790786,205.77999999999997
1ebee23c-e33c-412a-9a8f-81e0c4910b3a,0.5836374784389,258.78000000000003
576a6d47-ed19-4914-8e83-db7e5e5a06c1,0.58727977690265,168.77999999999997
2ed26a1f-6415-4975-bb4f-f6584173507c,0.58521448880775,174.77999999999997
084612c0-6c84-49f7-8b6c-d864904a4975,0.5825248484842,216.77999999999997
fe2fe9ea-a4b0-4ebe-a022-36ef79f1d609,0.5834354564229,255.78
3e0494aa-56fd-4d09-bf72-08100b565b2b,0.5820445730883,240.78
2fd423be-a006-4932-b229-5564c4ba4d65,0.5881459936967,258.78000000000003
d2ab033d-b4c2-41c3-893f-78d5fbb25222,0.58342223139095,261.78
499ecec5-0fdb-414f-81bf-84f4244c5da0,0.58425612923405,233.77999999999997
99085bfd-5531-465d-b2cd-21b8ac8002d7,0.58390946817805,263.78000000000003
1b8273cc-e12a-458b-ac91-ff73241ea5cf,0.58642161501905,251.78
911f582d-8a23-4dde-b4af-66cea09a24e0,0.58370660763675,250.78
22e747c1-662f-4cd9-853f-405d92d2da9f,0.58989220445205,208.77999999999997
7bd77914-702b-4ac6-896e-556464b45616,0.5806927875247,239.77999999999997
343e18a3-3d08-4521-8884-c934543538b0,0.58432348942905,174.77999999999997
99b8abe6-b576-45ff-8347-e49253461800,0.5860702790786,205.77999999999997
64bcd796-4949-4219-8d4d-850da60f69a7,0.5836374784389,258.78000000000003
501d6bfa-6a4f-4709-8337-932370c9906c,0.58727977690265,168.77999999999997
35965cc6-710c-4377-ae5c-1fff960f479b,0.58521448880775,174.77999999999997
cb18ee9c-f06b-41bf-81c7-46101bd908b0,0.5825248484842,216.77999999999997
aa6d6674-0c7c-4272-92ea-bd87979f39ff,0.5834354564229,255.78
ee377c15-2a08-4267-9896-a14cac4b698a,0.5820445730883,240.78
27102c29-9f43-4fa9-8d19-0e56fcd117f8,0.58707970481645,224.77999999999997
04bfd4d6-f8c2-481b-99b2-e801da37a156,0.58363934648725,223.77999999999997
55d01761-38d4-4a24-a427-37dffdaab56c,0.58425612923405,233.77999999999997
eedeb858-ca63-4011-902c-5fe1a01b92e2,0.58618233529755,192.77999999999997
e92f1f1b-c19a-4659-86e6-fdef5bd779be,0.58468823388405,226.77999999999997
b9041d2f-fc63-4d48-8229-b860c4e55fb8,0.58188572002795,231.78
000334cf-86bb-46d1-a32c-65e788c65f7a,0.58708131042265,271.78000000000003
0e2e6fb3-7304-42c5-9037-ec16773cfbc3,0.5841457967369,234.77999999999997
9b94d0e5-50e5-4871-94a8-1afb73790784,0.58432348942905,174.77999999999997
028db079-8ac4-43d8-ade4-cc19ad7bbc94,0.585633174868,220.78
c13b263e-a8cd-4ea7-b142-ce04e773e559,0.5865389517433,240.78000000000003
f671628a-e2cb-4eae-ba62-ce1c8003d393,0.58727977690265,168.77999999999997
887ef17f-1a7e-41db-aa0f-5fc88fea4098,0.58306625338105,239.78
21e85b29-4a82-49c8-98f3-bdf252784b66,0.5877071894057,202.77999999999997
51bc6989-9230-40f3-8ae5-74ff32f9d1d2,0.57983760512785,250.78
8dbe0383-1eed-4b50-add5-5203b1daa74f,0.58696881760035,224.77999999999997
af8c37fa-422b-4677-931f-905fb95d66b5,0.58399422375835,201.77999999999997
9d4d3831-b2a8-4e55-bbd1-0ed54ae90df6,0.5817599429282,271.78000000000003
75319e55-dba4-4fcb-b32e-6a94fa0dfcff,0.5855343095816,215.77999999999997
f521d6b6-ec45-4ebd-a642-4b879260c9ca,0.58589040030695,231.77999999999997
4a76fb43-367f-4f4e-9bcc-1c373ca4445b,0.58468823388405,226.77999999999997
f6dbb6fb-1799-45bc-bf0a-5bf6b6e6b6aa,0.58188572002795,231.78
0626a124-b81d-463f-a948-0790c59e33de,0.58576970913535,202.77999999999997
a09f3166-283c-45c4-9eb0-25603687c797,0.5841457967369,234.77999999999997
9a9eedb1-eb6e-4118-8257-c07773093506,0.58432348942905,174.77999999999997
1646d4cc-22db-435b-a294-7e6725f26dac,0.585633174868,220.78
85eceb15-ae67-4030-867a-0b240c91c974,0.5865389517433,240.78000000000003
a52c6542-ceaa-4222-89dc-8139cb2ed680,0.58727977690265,168.77999999999997
dc39f475-9412-45fa-8748-f32872a7ed10,0.58306625338105,239.78
ae622234-2c1d-40dd-b5ed-9ac8adc93e91,0.5877071894057,202.77999999999997
be71d243-a567-4463-b35f-aef85f5b6725,0.58775231573575,267.78000000000003
79370191-ea79-4723-badb-b7dc08739ab8,0.58696881760035,224.77999999999997
b78adc19-d7ce-4792-94d6-7938c8aa8df9,0.58399422375835,201.77999999999997
d962636d-2b98-4653-aeaa-c45f8cb839f6,0.58653750268925,182.77999999999997
c4ae0c28-ac05-431d-8adf-21284295bbdf,0.5855343095816,215.77999999999997
abcc2b2a-1948-4850-ba51-56f6e9e4a977,0.58589040030695,231.77999999999997
ee48b67a-100e-4bc4-8929-0ebcc5329187,0.5857716972709,211.77999999999997
50728045-9ed7-40f4-8468-a9325ba8dd17,0.5837970993718,223.78
2279d5f4-25fd-412f-9758-aa65950cf2c1,0.58531537411485,260.78
c4d4757f-2de4-48a7-92c9-c623d8bb7d2a,0.5843580967778,205.78
9659bc61-2bb7-40cc-aea3-ddcc96583a62,0.58432348942905,174.77999999999997
9d5d0fbf-b2c4-465e-bb4c-0b26f1befa06,0.5868486349324,265.78000000000003
72102d21-0e57-4316-8696-24e36b16e668,0.58453527282285,227.78
a31e8f63-d822-4f76-80de-046127da3486,0.58727977690265,168.77999999999997
8d8c18df-4d99-40d1-aa7d-a45559317e7c,0.58324612916705,256.78
086fa261-e529-4147-b2ff-875f84e5c4ac,0.58328590694625,210.77999999999997
126aeb7e-5408-430c-9ad9-fe21f73a7358,0.58065447366475,288.78
7e2c00fb-147b-4862-b6d6-7689882a7956,0.5855679630219,234.77999999999997
39ee1ccf-fa9b-47d3-990c-6ba3755bcee8,0.5850012150084,236.78
1f44ade1-4b2a-48c3-bcc9-beb0c5cb264c,0.58427376852705,278.78000000000003
58de0192-0ee7-4844-ac01-4a4749309579,0.58364566732015,291.78
2b67a0d6-7a62-41e5-9bad-ce3d3a506ba9,0.5870350674382,228.77999999999997
e12098b7-1578-4138-8ffa-e9516f5fa8fb,0.5857716972709,211.77999999999997
e3ce0431-010d-4daf-952e-6ab5d1a18ceb,0.5837970993718,223.78
91811789-35c3-412c-8e37-b7c581e1e0fb,0.58531537411485,260.78
c4a2eeae-5e69-461e-95cd-f1e3867a8b14,0.5843580967778,205.78
cce18f1c-dcf7-447e-b3f7-a3e4394d5548,0.58432348942905,174.77999999999997
e71f5c59-12a2-4430-a380-18b6264e15b9,0.5868486349324,265.78000000000003
36da3769-b3b3-4491-bbf3-6d6e4da2f715,0.58453527282285,227.78
cc7af74e-c4ef-45c4-bdbf-3d13ad34e25b,0.58727977690265,168.77999999999997
92af8e0e-df71-47d1-bfee-f49ded93c4fe,0.58324612916705,256.78
cfa82865-4d56-44dc-ba30-e82fc22dab91,0.58328590694625,210.77999999999997
2499cbb3-a38c-4557-8401-b8b371adfec8,0.5843042827928,218.78
c7050b51-d2a1-4799-b0c1-ffba2f182daa,0.5855679630219,234.77999999999997
f09b6811-d7ca-4b3e-bb4d-1513247deead,0.5850012150084,236.78
89efaac6-054f-48da-855e-9c3e3a361620,0.58137596363425,256.78000000000003
c7e7e2e5-1b07-425a-8380-5bd8f4787390,0.5854043074941,249.77999999999997
b46c8c34-7a3c-4074-bfdd-13fe503af007,0.5870350674382,228.77999999999997
b689f633-9d83-4d69-aceb-62b73904a8ba,0.5847338625368,264.78000000000003
327779a9-e4c4-46b9-b042-640354711f82,0.58486346992,265.78000000000003
bc8101f6-44a6-4da5-bc6a-f03888ae2092,0.5833077978899,270.78000000000003
819abc14-f8f1-4b74-b1e7-8db0d4c4d0ed,0.5816076971939,241.77999999999997
1aad3da6-20ea-429c-864f-943427c06125,0.58432348942905,174.77999999999997
a3c8ae4b-e115-47c3-aab2-5cd5febcb3d1,0.5859011732754,213.77999999999997
0729a86b-2cba-4c0e-a741-f1f818857591,0.5837914911829,217.77999999999997
496adea5-3414-44c8-8da0-a5bc6ea3b751,0.58727977690265,168.77999999999997
95ed4e30-bc0f-4ebc-8bb0-ea14353d8bac,0.58437958635585,258.78000000000003
56d2b0a2-6703-47e6-902f-90ef2d2e0c15,0.5851216292561,193.77999999999997
bc34dddf-731c-4b3a-83a7-63e9986a3c75,0.58580580466205,253.78
95681ad8-67ec-426d-8c45-60cb1c63fde8,0.5865070919272,216.77999999999997
47985436-affe-42d7-b714-74330ac71a2b,0.584357174056,207.77999999999997
f8759abd-5a84-48e3-9b7d-03663a374a33,0.5859032725899,218.77999999999997
92d6f806-be12-4d23-8a47-d2ef96e3d020,0.5820629640097,267.78000000000003
963c99e9-c3d2-4d14-8ca3-94296737e4e5,0.58149776168525,245.78
4f78967f-8e1c-4fcc-b680-271690c46d25,0.5847338625368,264.78000000000003
a888b012-e908-4190-b3b7-da4e5197e19c,0.5840094332898,256.78000000000003
c75815ca-255d-42b5-93ec-21cee4252fcc,0.5842018516778,208.77999999999997
cc0ab4a7-7171-4c7d-b327-2f3cf15d77c3,0.5816076971939,241.77999999999997
aa56d424-961f-4e0f-b604-c8337596b162,0.58432348942905,174.77999999999997
1099a015-46fa-471b-9bae-bef291b3b2fe,0.5859011732754,213.77999999999997
841e3654-2cc5-4441-aa94-9dc9d9b6ae2f,0.5837914911829,217.77999999999997
3ce220b1-e2bb-46bf-9b1a-424b9bbb0259,0.58727977690265,168.77999999999997
ccfba6b4-8150-483d-8d92-b57531123d19,0.58437958635585,258.78000000000003
87e156f6-ec16-4a54-a2b8-7c032b72169d,0.5851216292561,193.77999999999997
41fc5480-721b-4f38-890b-4fe6bfd4eb9e,0.58580580466205,253.78
68384e57-95f9-4b99-bcf8-5ba91d182aff,0.5865070919272,216.77999999999997
c179a15a-5556-4d22-af6f-7c4a32260560,0.584357174056,207.77999999999997
633088a8-bb30-451b-8bed-67aaf28cc08e,0.5859032725899,218.77999999999997
4a84e0eb-4bee-4aa5-9d8d-ab60f2001666,0.5829909792679,177.77999999999997
0fd8c561-76a4-49f4-9a0a-f66701a41b84,0.58149776168525,245.78
7eb00c0c-5396-463c-a1a0-3fe945920812,0.58314671809,207.77999999999997
4ff45350-de49-4ced-8e23-9a7c1568b752,0.5824685777377,214.77999999999997
aff7d44e-d9f3-4ecb-b92a-8adb5895ef6e,0.586062506747,203.78
51b36a23-2ebd-43a7-884c-c3e83f55153c,0.58703777887975,240.78
3ef6362b-0443-4b5a-bd6b-47ad462bc20a,0.58432348942905,174.77999999999997
fac94ff8-03f5-44df-be64-3bc8f394548d,0.5890306709239,184.78
808b85e7-36ac-4ed8-beea-cd59dc5ddf87,0.58469833464235,223.78
fc186006-2650-4c37-9be8-6fe2db965064,0.58727977690265,168.77999999999997
82c96fd6-474f-42b9-8e08-b5824fb85b67,0.58610327847385,225.77999999999997
02c85f1d-74b9-4729-aea3-b411bcffbf9a,0.58565643923855,261.78
5a77b125-8172-402f-9bff-7cdcf87f5868,0.58312402271645,284.78
3a61a27a-ff57-41fb-bf7d-e0c2d63fcf4e,0.5846473947743,251.78
4ac8457a-916f-4bab-b7e8-2b2fe7b9e7f0,0.5825231523732,236.78
0eebfbb7-a6f2-48b8-a834-929175a60823,0.5818718615019,238.78
d86fc937-0c90-4050-b382-af5faf3fdfc2,0.58228511058585,224.78
c438a003-7ae6-4c64-8476-2da85aa43456,0.5858610606469,221.78
3f9fbbfb-4880-4b83-ac71-835c444de643,0.58314671809,207.77999999999997
88b12e8d-df84-4079-8618-acb1f1081add,0.5824685777377,214.77999999999997
b3e96b94-7334-47f1-bf19-b9e7ea78c8f4,0.586062506747,203.78
46a26944-6129-40e7-aad3-54687d42b959,0.58703777887975,240.78
563c4492-ae69-49ad-9fe2-e5e7a50f1e9d,0.58432348942905,174.77999999999997
89b852ad-56e9-480d-bdb4-1224ac811de3,0.5890306709239,184.78
b27c4adb-28ff-46e5-8588-7e223c8c203a,0.58469833464235,223.78
2aedf0b3-81ff-4456-87dd-8a91baae90ea,0.58727977690265,168.77999999999997
96337fb4-a1c5-4c40-81a1-9db04d34bb5f,0.58610327847385,225.77999999999997
a16508fb-c597-4495-8504-e24792345dec,0.58358838212795,187.77999999999997
d876c312-c23c-408d-8001-15d38a3ffdb7,0.5840325808088,205.77999999999997
523bf14d-f578-4051-9641-7f094bf4cb89,0.58422668562655,199.77999999999997
51b7b6d6-5347-4e62-ba0c-b5fd0f7440de,0.5825231523732,236.78
f2bc70f6-fd2d-4459-8317-67a72f8a079f,0.5818718615019,238.78
0ed82dab-79c7-4aa1-8dd6-7a216700f599,0.58228511058585,224.78
b6352152-f540-44a4-ab67-523497b1c723,0.5858610606469,221.78
054ad275-d216-4197-bdd3-43ed38b64b3a,0.58241295668585,252.78
38f7946c-d167-4ebd-a660-f8be7ee77ef1,0.58220489085825,245.78000000000003
c8c90307-4c41-471c-bb58-f51295b96dc7,0.58258415947,247.78
a2bf6761-9132-4b34-ba94-b3a23ec04a3c,0.5844103609285,200.77999999999997
b7546188-3d3a-46ca-9807-cc6b9bce074e,0.58432348942905,174.77999999999997
7060c6ca-321e-4a4b-9756-a0a6c93a2bf5,0.58354489390875,181.78
3117d667-5328-41a9-bb04-18a6aed1b785,0.58494403417625,223.78
547a6aa8-4947-493e-99ef-18f06826a484,0.58727977690265,168.77999999999997
f975f539-6dfc-414f-ae82-bfb0cb6fb5bb,0.5866821014302,195.78
ced3a3e7-486b-46fe-acb8-45d816add497,0.581878878154,258.78
c5285340-afb3-4c38-bac1-c5d48f0039d6,0.58420513305485,269.78000000000003
4c6ee076-dff1-4ecb-ab23-848d4720e6d3,0.5854141853205,273.78
9a998a53-e34c-4ff6-a31e-273c38e9b5ee,0.58317902473015,248.78000000000003
d8fa176c-056b-4d34-88e7-03cd1c407252,0.5861748111434,205.78
7c304b62-9c8f-4fdc-97dd-d511a459365f,0.58233596197665,244.77999999999997
f506f6ec-3c10-4fb6-b1f6-098d985a046b,0.5840301052507,274.78
6bc4cb89-e744-4cd3-9a01-1e2e9a41285c,0.58241295668585,252.78
ea5cbeff-e420-4649-b0a8-9b1027160d28,0.58220489085825,245.78000000000003
34f36d7a-e3ba-4419-b607-c420efbd8030,0.58258415947,247.78
d2eb12f4-4da7-443a-8b71-98011e1861f7,0.5844103609285,200.77999999999997
6c2754ad-a84c-4b22-99ef-0db331f93f78,0.58432348942905,174.77999999999997
b5719834-68a5-4ba9-927e-09f8bb557a01,0.58354489390875,181.78
5a9f8da3-7b0a-43c0-b359-e9d40012ed97,0.58494403417625,223.78
0e357d5b-daf0-4002-a796-18122d9cfcc6,0.58727977690265,168.77999999999997
3e23dded-f576-4a5c-bbc1-db83196e0d1c,0.5866821014302,195.78
6141419c-be9d-443e-ac95-c2fbc4922dc3,0.581878878154,258.78
c6325d00-b5b2-4093-9b26-25920196dc53,0.58258415947,247.78
25663e1e-30ce-458a-992d-57eeab563393,0.58220489085825,245.78000000000003
48f2d34e-32f6-4a2e-8d0a-b8ce0ccde235,0.58317902473015,248.78000000000003
5eff83e9-487f-4074-ba9a-2c54c1899043,0.5861748111434,205.78
4609fbe7-c072-4b7c-af74-fc7f583fcf46,0.58233596197665,244.77999999999997
9513928a-9863-412b-a167-bf03037176ac,0.5855566296489,245.78
51e0894b-9f98-423c-a3ab-635c8ebed0c3,0.5871839819925,218.77999999999997
fa3fed88-809e-44bd-a8ae-c921509b302e,0.5793356877842,245.78000000000003
27abe090-d033-434b-b5e8-6148045d3f91,0.5858111501494,204.78
225e77e0-fb22-4121-a87c-b2344ecf3f23,0.5857157102892,219.78
609190b5-d2c8-4e43-be10-5ca0b4c3b4f3,0.58432348942905,174.77999999999997
ada03d08-d558-45b6-89f3-af66951d61f8,0.58387867813405,259.78000000000003
72c53b38-701d-464d-8653-4481b8aae618,0.58868634345605,254.78
aaa892ea-8ab0-4e48-8f12-cbda6c3e0e6c,0.58727977690265,168.77999999999997
b0d3d5b2-db13-4354-95ff-70ded91ffc2a,0.58684368004475,249.78
15fee085-ef18-4cef-8d3b-b797c743127c,0.58374212686485,235.77999999999997
d15d191e-5bd2-448f-a674-6adecc5bcfe9,0.5840756753835,250.78000000000003
facce5f0-3c41-4cff-b553-90725d078b60,0.5843839359469,231.77999999999997
81c387b8-9601-46d9-aa2d-25b69831124f,0.5852329264158,203.77999999999997
f2da9551-88e7-494f-bd8d-14c5e9d20b66,0.58371711775895,280.78000000000003
ab20a43d-9d33-46a6-a334-f5dee4334e44,0.58392174625985,234.78
483d5f21-9caa-4c50-aac7-8d1fb5f050a9,0.58256180269515,260.78000000000003
63e61d2d-d14a-45c6-8c51-f570bcd36fc8,0.5871839819925,218.77999999999997
12f044b7-b0c0-4d82-90f5-6fb89c7cad76,0.5793356877842,245.78000000000003
96178f91-53f1-4dba-8ece-85d4c66f52e4,0.5858111501494,204.78
d11dac3d-f647-40c1-bc58-652c158a08ef,0.5857157102892,219.78
4d0af39d-1526-4f71-a34b-86a0debd3794,0.58432348942905,174.77999999999997
a6f5defa-67b1-4728-8fea-d0e39d2c3ebc,0.5871839819925,218.77999999999997
8ae0658a-901e-4f1d-a683-359fedb93301,0.58868634345605,254.78
ada1f3c0-34ea-4e4f-858f-2456eed63c46,0.58727977690265,168.77999999999997
56bf9fda-39eb-485d-ae14-9a25d324af52,0.58684368004475,249.78
8641a94d-26db-4518-92a8-2b57432e5916,0.58374212686485,235.77999999999997
7be77561-d008-44f1-9fe7-82b97999d38b,0.5840756753835,250.78000000000003
7ab5ec72-8cfb-4006-b0bf-c433a42d340f,0.5843839359469,231.77999999999997
d6e29292-9523-4f6d-be0d-d2ce9f9c6839,0.5852329264158,203.77999999999997
d9fc111e-d53d-4db6-b18e-a9fe12aa5565,0.5881726226002,215.77999999999997
9a6ee27c-e98c-4c21-a098-12190836fdb5,0.58392174625985,234.78
ecd2ba21-88eb-4de7-b79b-1261b7267bc5,0.58391196887345,243.78000000000003
9fa24bfa-1fa8-4308-8c9f-b5b78ab9b337,0.58494269412325,263.78
4bc24cdd-ec21-4f36-8491-1458c63970d9,0.5840540502306,313.78
7b95f3e4-8615-4fee-815b-8b8074098a05,0.5849633100819,209.78
5b058a50-d2a1-4f4b-9b6d-b05943b28085,0.58414481503755,251.78
74f5c32c-8713-405f-8a96-0505a4253a14,0.58432348942905,174.77999999999997
278516d6-5c88-4bc3-8783-9b2f011e8cfb,0.58606284040725,244.78
97c01c6d-c702-4411-b589-1b8af0d95c2f,0.58496295100565,212.78
1654ab4a-5f79-4567-8eef-411b246c21e3,0.58727977690265,168.77999999999997
0564e281-e261-40a2-a024-905a173b49c5,0.5870993257724,229.78
f0c389b3-3f8c-4797-be1a-0d28d7ca6af1,0.5861099835125,223.77999999999997
11701f91-668c-4a6d-ab55-e5044561a8a0,0.58218967780175,255.78
7885904d-b3c9-471b-a0bf-28bc020fd02f,0.58361165129715,223.77999999999997
7acad6da-fa02-4b49-8c57-5e5bc28ad1ee,0.587255901383,213.77999999999997
2ac8aebb-af0b-48d0-a34e-de5fa698b19b,0.5825018879422,206.78000000000003
2b50d055-9f2d-4e36-9c7a-1c4269457766,0.58709302325135,221.78
51256791-edda-4eef-b3bc-1620428e9d79,0.5840256918446,230.77999999999997
f0dcccdf-7b37-4e4f-a968-7605cb26065a,0.5850146504918,188.77999999999997
d448190b-a603-439c-a512-ff32cfc1556f,0.58690099309545,223.78
810409b1-758b-4c38-b616-265fd5eececd,0.5849633100819,209.78
12fe3c20-fe18-4d5c-94de-9c0562e8a02d,0.58414481503755,251.78
2dbad442-2b12-4e75-bf2f-80021be29f29,0.58432348942905,174.77999999999997
200bad06-8204-4f74-a319-8b14fe9d200d,0.58606284040725,244.78
0b650a0f-a790-4075-ae63-32ea91107823,0.58496295100565,212.78
719ff7b9-f7d9-483c-9515-ff54788efb71,0.58727977690265,168.77999999999997
25d3884a-db0c-45d6-9340-52fcb97c26e7,0.5870993257724,229.78
016cb7e8-4a7d-4e79-9217-2640f5376a8a,0.5861099835125,223.77999999999997
14a15ee8-7207-4205-9443-b64a1a315752,0.58494269412325,263.78
350927df-b691-422d-bda2-3a04bc6d5520,0.58361165129715,223.77999999999997
a67c3738-cdad-4d0c-beb5-594c56b3ab55,0.587255901383,213.77999999999997
54ebb818-d239-445e-91bc-daf7d2a02bf7,0.5825018879422,206.78000000000003
222742a3-cd95-4326-b1cd-aaa638954d49,0.58709302325135,221.78
15e76956-e48e-4b75-8c78-fc03ff522eb7,0.5840256918446,230.77999999999997
1166118a-d348-4ecf-ae8d-a0935e9115aa,0.5819463493135,170.77999999999997
5996cfed-6c5c-44f1-a088-142d9122e881,0.58381605540395,235.78
ef14c927-6df9-49a3-8f6a-ae2c04e24a9a,0.58242993846605,240.77999999999997
d35ab858-eb26-4fe8-8488-c89dd1cd9433,0.58550847599505,230.78
e628c897-8883-415f-afd3-61ebbbb39dad,0.58432348942905,174.77999999999997
5c556a1c-d037-4ffc-8745-eda0185fbf6b,0.587217171511,219.78
0682f8e9-637b-4b46-b741-3245661c7e25,0.5832855161757,278.78
35d6f552-185b-4485-88fb-a1013bc5061e,0.58727977690265,168.77999999999997
80acc934-8248-45d1-b2e7-1ce79a392683,0.5837737055424,224.77999999999997
bad779e7-f925-4d0e-adfe-c3da48e833f7,0.5853483188352,274.78
fcd3861e-6dbd-4e05-b1a5-80e8d123667b,0.5815181002434,214.77999999999997
51749d9a-6ae3-4a6e-96f7-ea3a09b94979,0.58300084021555,213.77999999999997
922e4787-bfb0-42d5-9c32-86cdc4f0a846,0.5867020385856,215.77999999999997
0a08f202-56a1-4c44-9736-b83d8853670a,0.58540706529365,239.77999999999997
bd4d040e-3ffd-4c75-97b1-9553451b36b1,0.57992798013405,248.77999999999997
1f77160f-41d8-430d-b2da-cc4ce80952f8,0.5824900203758,240.77999999999997
837262a2-ba31-4a34-9dd3-687f76dff778,0.5819463493135,170.77999999999997
87a9f78e-9dbc-4f4a-a2c8-43245f526ac2,0.58381605540395,235.78
39b59b11-bda3-4b45-91f2-abcba6baf8c5,0.58242993846605,240.77999999999997
7e01519b-d84d-44de-bc01-dd7b461c0e43,0.58550847599505,230.78
ec1e39e3-8ad2-4529-99d1-58f3a8664d22,0.58432348942905,174.77999999999997
8bf3df32-05c2-410d-a2ac-3943a89a7d5b,0.587217171511,219.78
9ba23d4c-646a-4075-a9a1-945242fb7694,0.58456537317765,222.77999999999997
9535f34a-c9e1-44c1-815c-491d5bd74e71,0.58727977690265,168.77999999999997
b46f6f41-e5b8-425c-9f66-e3115fe4832b,0.5837737055424,224.77999999999997
32332a24-e4b9-42a3-bf85-9296cba8b923,0.5828239490624,255.78
f0af6b6a-2c37-436f-8a61-967cf3e59ca8,0.5815181002434,214.77999999999997
116c50a7-c4ca-4120-a7af-5342e125250f,0.58300084021555,213.77999999999997
9d7d6182-b6bd-4ca0-a556-8cb28ab8735d,0.5867020385856,215.77999999999997
03bd8f75-5c2b-4590-b104-754302064deb,0.58540706529365,239.77999999999997
9b688344-9730-487c-8ceb-e9af6b79eb90,0.58433397269645,183.77999999999997
b8341a52-0af1-453e-b3f9-119e11cc88eb,0.5824900203758,240.77999999999997
2b6b4989-e5c7-47db-8312-b258c77d2985,0.5819463493135,170.77999999999997
c8d58c18-ab5b-4f2f-8c51-7099426a524c,0.5823903020726,236.77999999999997
ac20b182-892c-442d-bc74-ccc5ee59bfb5,0.5846443397238,201.77999999999997
72a666e8-5c79-4791-8fa3-8c11acbf63bb,0.5835629343397,269.78000000000003
c66f278b-6ba6-437f-875d-f0b6c991530c,0.587880047205,205.78
ada97a54-1ea9-4ae6-834d-dbe728f8a682,0.58568237518515,207.77999999999997
85a041f3-04ae-4fd9-8089-49c733383ff2,0.58331246218565,229.77999999999997
484021b1-fcb0-49ed-9dd4-f488c02ee424,0.58727977690265,168.77999999999997
611d15e1-a12d-4197-91f7-e893598e3294,0.58775174734905,225.77999999999997
d8caf5af-9a38-4585-bac2-20129665f0a1,0.58365915589925,225.77999999999997
ea3cf832-e6eb-4195-815f-bc82091b0ae5,0.58355012274375,226.78
9afb8301-83ac-4184-89a5-004573cb0077,0.5848251178173,271.78000000000003
eb8d1392-0416-469e-977b-1e88ea6c3cd6,0.58196450087775,264.78000000000003
e4cd6387-7fef-4464-ba77-59e3f3c91b90,0.58359893437775,209.77999999999997
5516907c-b771-4699-92d1-6a8c901b9c14,0.5843805347044,248.77999999999997
5f90650d-c405-4da3-8b7c-4b7d638db027,0.583520107437,208.77999999999997
8f6e6a22-2733-41cc-bac1-33b85488faab,0.5819463493135,170.77999999999997
840ac91a-5065-46b9-9cb9-2959c9669500,0.5823903020726,236.77999999999997
a0a9dcf8-7f7b-49ca-bdc5-eff748e61198,0.5846443397238,201.77999999999997
f76bf231-c7d3-4733-8660-adfecdd75b15,0.58622834028355,217.77999999999997
6c6473c2-3e25-4d5d-8d15-e8e0c595767e,0.587880047205,205.78
7b789374-fcde-4c1b-acff-0c305b383746,0.58568237518515,207.77999999999997
9bafd2cb-e262-46a2-8783-21bf27188797,0.58331246218565,229.77999999999997
e33652e7-a8ee-4b52-af43-5d956d411dda,0.58727977690265,168.77999999999997
e39035c5-0a27-4aaf-8011-1c665924f67d,0.58775174734905,225.77999999999997
d56a6f3f-0b71-469c-becf-a517c91479c6,0.58365915589925,225.77999999999997
7ae11d4d-6253-4d7a-ac16-371914e16cd3,0.58355012274375,226.78
b38c87c5-df88-4b51-b1cf-ad1aeab523f8,0.5871422468089,263.78000000000003
23e6fa54-c58f-46b5-af0c-f1eb3dea510c,0.5872934463505,224.78
5f845cac-a75b-4183-8566-3038a763516c,0.58359893437775,209.77999999999997
470b92c3-ecad-4489-b423-f71a9069d281,0.5843805347044,248.77999999999997
84e65232-871e-4d6a-ac40-f2f651bd896c,0.583520107437,208.77999999999997
b00d5cbb-ed14-4f27-8036-29c4b7794d20,0.5819463493135,170.77999999999997
d6894cc0-ceac-4a3d-8932-8ba78adf8d6d,0.5857280558275,239.78
bcd22461-8bf2-459e-b501-591602ee7136,0.58544166946885,207.77999999999997
122f1dde-01e0-46a9-a605-9f1b148053aa,0.5835085669652,211.77999999999997
d5a5ca48-15b3-4e86-a147-a4541164ee6d,0.5798746142656,218.78
ddc87e2e-e22c-480b-b9f1-c696d01e2275,0.58532585654085,230.77999999999997
cde78483-53b5-4234-89ff-5ec644ae8d14,0.58677222119295,257.78000000000003
9e011fb3-d04c-4b75-a530-d6a939939a93,0.58727977690265,168.77999999999997
625f3e6b-3e41-4775-a196-631701826d8a,0.58693110086635,221.77999999999997
e6d29131-bf15-43d1-88f0-cbc6772ae1ca,0.58712105700335,229.78
e47ec19f-c4d8-427b-a1f3-5e582a75a4a7,0.58573496258055,269.78000000000003
38ecbfe2-7bba-4364-9655-a849c3617a51,0.58438059840455,284.78
2731b6f4-224d-4a68-9d0a-659072c8601c,0.58507427009245,238.77999999999997
2f68e1e4-77df-4d8a-bac5-df132d3a3c48,0.5848125209428,244.77999999999997
bbd5ff4e-9f5a-45be-adbe-b5321369bacf,0.58529944677525,207.77999999999997
0f986fa9-0858-446b-ab93-9237d4a1c8c5,0.5841974247813,257.78000000000003
2317ea31-4bcd-4ece-a87a-8ca4bbc1fa3d,0.5819463493135,170.77999999999997
a32a0fca-c16e-4ac0-be44-f7bb5465e32c,0.5857280558275,239.78
8c11d050-db2e-4497-80d8-b5ea5e19d42f,0.58544166946885,207.77999999999997
df83a0b4-0492-4e41-9cdb-c9139133652d,0.5835085669652,211.77999999999997
dcb1de4c-c24d-426a-ac95-c0a8fd25d47d,0.5798746142656,218.78
e2742393-07c8-40fb-a0c7-6914bd53cfbf,0.58532585654085,230.77999999999997
d1614e1d-ee9d-4071-912b-83ba0a13cf45,0.583414216835,261.78
36edbeab-70ab-4066-875e-6a74e14adf5a,0.58727977690265,168.77999999999997
1b7a2dc3-7978-42b5-84f0-1cfb92ff64e6,0.58693110086635,221.77999999999997
ab798270-669d-4616-ba79-084ac24444a0,0.58712105700335,229.78
7af1f792-9937-47e1-a3f8-ef80c56cf6a3,0.58585455450595,196.77999999999997
64dca0b4-6185-425c-8ad6-59b9c16edaf6,0.5857280558275,239.78
8cd66421-89fe-4395-a2fa-8bd703f8b0ee,0.58507427009245,238.77999999999997
bc13390f-ce14-4ab0-ab7f-65a8274145dc,0.5848125209428,244.77999999999997
836eccb4-37e5-4c8e-b9f1-877973df6d13,0.58529944677525,207.77999999999997
c3a61ed5-7c86-42a8-a312-0cdf5c3b463a,0.5841974247813,257.78000000000003
0f9df9e1-5e21-4751-9f66-d4eb31712af7,0.5819463493135,170.77999999999997
59d4b640-35d2-49f4-8407-8fbcfaed4fa9,0.5843705469492,244.78000000000003
7d6b5020-bf1c-4cfc-a3c8-5dbe623205fc,0.58452539842875,249.77999999999997
65964057-946e-487b-99ba-332fd1951f4a,0.58129666265185,273.78
33543597-5a23-43b3-bb15-0610322157d0,0.5839553342945,212.77999999999997
3e960a22-a3ac-4aef-94ab-819c0850547c,0.58577955783035,214.77999999999997
e1003420-5406-4ab4-8815-8a5693bf0d35,0.5836227204224,267.78000000000003
01f917a1-d3d2-46a5-9e5d-ff83df7efcbb,0.58727977690265,168.77999999999997
a617093b-bd2e-4a76-b320-a4afa46e322a,0.5845041398529,215.77999999999997
01e45a2b-23de-4d0c-908e-43cf5deba8a7,0.58473228209855,224.78
254e4060-a2b1-4f80-8df7-815eb158c91b,0.5869277687396,193.77999999999997
2c4c4559-b9d1-400c-8ab2-dc5b98325644,0.5849044944304,247.77999999999997
9313977d-b642-4089-9f56-1bdb0c879d37,0.5845378393867,249.78
b1a234f5-387d-46ad-b211-5bbfe7830d9b,0.58391365269125,251.78000000000003
bfcb7c68-957e-43b3-9a8e-b116d458f246,0.5822024722437,274.78000000000003
c38965d1-00f3-45f6-88b0-c51b26dffc5c,0.5863298218023,206.77999999999997
7a332fbe-6e81-4867-b5e7-a1f84a2ad9fa,0.5819463493135,170.77999999999997
62fc1220-21c4-432f-8c12-d5301d57ebb5,0.5843705469492,244.78000000000003
ffbcbbe4-12f1-4b3a-b753-9602cc23e76f,0.58452539842875,249.77999999999997
db90f408-0bc7-4018-ad3b-6db24ec98f94,0.58461589701415,155.77999999999997
bfabcd01-a3b4-4be6-ab17-15db54daae6c,0.5839553342945,212.77999999999997
2cda101f-8f5a-40da-bad9-e8b2d730d56d,0.58577955783035,214.77999999999997
40f26c23-1941-4ab1-bc88-29f956de0a52,0.58145598425165,243.78
2aaef954-f78c-4297-9f45-187a900820e7,0.58727977690265,168.77999999999997
55f39c08-680a-406f-b388-9b7eb7c7be15,0.5845041398529,215.77999999999997
84d5cd53-b154-4403-a964-d48533c920b2,0.58473228209855,224.78
28055144-ff2b-47fc-a02a-79092b06e108,0.5869277687396,193.77999999999997
b43a6876-3836-4f09-b948-1a1219f753ef,0.5849044944304,247.77999999999997
9389ff62-a18c-4122-a948-c8f4045de9eb,0.5845378393867,249.78
b079c142-e160-4bb1-8304-c52809b4caf1,0.58391365269125,251.78000000000003
265da382-bfcd-4932-8fba-5eefb1077c28,0.5861780701458,210.77999999999997
acca95c2-23db-4393-b5b8-900628bd7531,0.5863298218023,206.77999999999997
8c727957-65e7-4ab1-9ba3-a2a4a6d3af32,0.5819463493135,170.77999999999997
ebe22f46-f158-4e7d-99f4-91055195e178,0.5882774754151,182.77999999999997
9ac4a079-7b12-45ef-9878-8c2cafcc6120,0.58563674693505,219.78
cca1b0f4-5b89-4579-abd4-3bc0c44381e1,0.58461589701415,155.77999999999997
c3d4d7e1-4195-4941-a234-d94e0a97b72f,0.5823665048867,262.78000000000003
2c03731e-18c0-4bf6-9f98-ac870e12a146,0.579947818855,204.77999999999997
c2e73646-a8e0-4fa3-8ef8-b6b848bcafa9,0.5818968845343,219.77999999999997
8878c049-b774-4422-87cf-ec29b7159172,0.58356875384645,244.77999999999997
fb6069e7-0f18-47dd-8e76-001a38f9fa9c,0.5871355781561,263.78000000000003
4ac2127e-6898-46e8-9838-bdc42a1c617c,0.58250847984375,269.78000000000003
ad4c104c-dd6b-4a48-a6e2-e05037f0eb35,0.58203771862135,257.78000000000003
2f51b513-bddd-4315-9eca-9aced029b6c6,0.58385472389665,223.78
7a3a5ffd-4676-4165-810c-d8413e9fa308,0.5831712109756,244.78
a2d996b1-fc97-4a9e-acf2-de77c918c382,0.585008069326,258.78000000000003
3f3aaecf-55e7-4d7b-a8cb-dea1096470ac,0.585419758763,258.78
46b4ac01-ddeb-41bd-8218-13e7013a6415,0.58718684547425,214.77999999999997
b6f9d1ca-c5bd-4cea-aa66-0b752463f408,0.5819463493135,170.77999999999997
f615e090-a40d-438d-82b1-d75bfc773765,0.5882774754151,182.77999999999997
909d837c-2e3c-49b8-b0f1-ad8cd1ed1dd5,0.58563674693505,219.78
2f572518-480f-48a0-bc99-c5751e605f4c,0.58461589701415,155.77999999999997
aa976cfa-1751-4c67-b464-2759c9642227,0.58687228495095,205.77999999999997
90185e29-38cc-4528-9b69-2bd9f3c7b87b,0.579947818855,204.77999999999997
38156ed6-4e04-49e3-9322-e51c4d700896,0.5818968845343,219.77999999999997
8ddb4d92-e043-4ec7-a951-04e9fd6c14e8,0.58356875384645,244.77999999999997
79dc2d24-f65e-493a-a6b5-9d5b0317375b,0.5833859160113,250.78
449bccbc-c050-45e5-9d46-b682cf826e00,0.5846037572213,207.78
a12af155-3119-4ede-8dd2-f21489df8641,0.58203771862135,257.78000000000003
b60b4eb9-7cb8-4380-87d4-f47ff420f728,0.58385472389665,223.78
686adc19-1e99-4300-ab5f-2a7d75d42f25,0.5831712109756,244.78
65eeffa4-259e-431a-b751-46dc15979bf8,0.585008069326,258.78000000000003
7dcabfb1-b224-408c-bc2d-3be6ce5966e6,0.585419758763,258.78
02fa50aa-5fdb-4d3c-8965-4916775f3ce3,0.58718684547425,214.77999999999997
69039c2d-3659-477e-a327-09c1bd5e2bc8,0.5819463493135,170.77999999999997
bec63257-10d7-49c2-82c0-b57b8dfb07a5,0.58718886106145,221.78000000000003
f0385ee5-8084-4a15-bdf5-f92b6a8058e3,0.58221332665345,243.77999999999997
46476ef3-7376-45f8-b7f9-e41f42316332,0.58461589701415,155.77999999999997
11d6c9eb-41ae-4129-82e8-55d35dea2c4b,0.5821667202217,224.78000000000003
b3bcc73b-a329-4e14-96b8-e1fd923cd558,0.58434168641385,238.78
b260c9f0-23cf-4ef9-8870-d4dd1e88c6b2,0.5836175726737,260.78000000000003
ee414f34-9425-4f96-a7ca-3651cd9ca60f,0.5790381494598,242.78
3739db39-e3ae-45b6-8c70-a7ecdd3805a0,0.5839207867692,253.78
8f730c33-ddb9-4c05-b133-f3eb86b3454b,0.5858797449455,247.78
52f353df-c033-4f70-bf32-605468c33507,0.58378953400475,214.77999999999997
ca525e23-ed77-42f5-8b2d-50e7157ba4a8,0.58396215200965,219.77999999999997
9fd00809-7059-4019-acbf-99f70173e38f,0.5833720341881,213.78
2b4f9c44-8424-4b25-ac1f-16b9220c7728,0.5811930352163,216.77999999999997
37da5c96-4536-4559-a648-68049a01e58c,0.5855492163878,272.78
130a2eec-14f6-497a-b30f-d855acb566c9,0.5847828622897,188.77999999999997
b5a30c33-04d9-4122-a48f-a1e12cb4e0c4,0.5819463493135,170.77999999999997
3fb015f0-994c-482e-aa86-e14cbc2644ab,0.58718886106145,221.78000000000003
b77bd7ff-4980-4ef0-b35d-c495651150a4,0.58221332665345,243.77999999999997
17a56669-0216-475e-97fd-fd410df94ff2,0.58461589701415,155.77999999999997
293ca80d-bd3f-4cb0-8ec9-312a8f48533e,0.5821667202217,224.78000000000003
8caf0db5-4cf6-4bbc-942b-4e38fe1e2880,0.58434168641385,238.78
56e3f939-0651-459b-a626-df0bf79e99fc,0.5840758249417,222.78
813ab83d-a6ea-4c33-a613-ba888179721d,0.5790381494598,242.78
718d1473-6ba8-4a7b-b3ce-5e7dddc8a8a5,0.58292428902295,193.77999999999997
707dc9b4-351d-4e3f-9dfd-5bbd2827c03c,0.5858797449455,247.78
8997747c-23c1-47f3-99b7-a853eef340af,0.58378953400475,214.77999999999997
24f70b60-3c80-40e7-a8bf-465ee847ba4f,0.58396215200965,219.77999999999997
30a45076-f7b2-44ab-b6f6-dcdd9d6d56ef,0.5833720341881,213.78
adf2036b-8942-4c89-ab69-9faab921f679,0.5811930352163,216.77999999999997
464f327f-7ed3-442b-aa8a-f24429880871,0.58660808162415,238.77999999999997
78c7da4e-7563-4317-87af-4d4ec3988a7f,0.5847828622897,188.77999999999997
693c9d03-f962-4d8a-8698-c03a67eed73f,0.5819463493135,170.77999999999997
f38fbb19-cc15-4fcb-8e90-08bd81c899d1,0.58029586997825,261.78
8a13882a-7e1d-4cb1-bb24-37d985e3f0f4,0.58486268985555,244.77999999999997
176f265b-ea41-4dd0-b990-63f401c1b62a,0.58461589701415,155.77999999999997
6435a3e2-f988-4be9-bab8-87f745b59cfd,0.58312710886855,274.78000000000003
db6cd24e-badd-423a-a6a0-0f8d65be2545,0.5863465432482,227.77999999999997
5dcf2ebd-7695-4a5d-a27c-017998e3548b,0.5852359782095,247.78
5b250145-c25c-472c-bbb6-e13889e037ba,0.5844788766618,282.78
fdfa050f-20cc-485f-9a30-72a9f21438f4,0.58331450895465,263.78000000000003
37601df1-e4cc-48d5-9651-7bd0780bd805,0.5845485933748,240.77999999999997
247bd419-a62b-4cf9-89ee-41f90a3de6b1,0.5869196490147,203.77999999999997
e857f7a7-3a5d-48fd-9892-28d7e6d27601,0.58490332918,194.77999999999997
53ceb3e5-1f48-4c8f-bec4-8f37cd067bb0,0.58491482347205,235.77999999999997
cb5c1b69-abda-453f-9ed5-7245bf260471,0.5848036744432,260.78000000000003
79bdc92b-8299-40b3-a4ca-54654f1508ae,0.585477607537,215.77999999999997
f479e122-c65e-4ecc-9b35-178efba6dba4,0.584735769455,216.78
ab7775c7-f285-4e92-9786-52604881f684,0.5819463493135,170.77999999999997
77fd37f2-d762-422e-8582-458378f3ba1b,0.58029586997825,261.78
5442cc7e-5693-467f-995a-eb820243fc8e,0.58486268985555,244.77999999999997
a731b667-0ffc-433e-919e-6815d3031076,0.58461589701415,155.77999999999997
4c3c3574-b80c-44ab-b1b7-ffbe393426b0,0.58424774568565,241.77999999999997
d07c9708-cb4e-437b-851a-630867a9c91a,0.5863465432482,227.77999999999997
375f608d-3664-4c90-b299-22ba9e70238f,0.5852359782095,247.78
ccdf9b48-4ce7-45b6-b6b4-e6129e78729d,0.5819463493135,170.77999999999997
21fde04b-ee82-4430-9556-35824d89792f,0.58375919734395,236.78
8a6acc1a-e824-4d29-9a9a-c066e0bbd27e,0.5845485933748,240.77999999999997
f18f3343-b1c6-4f79-9663-26959bbfb555,0.5869196490147,203.77999999999997
bd644e8b-5a9f-4ac7-80cf-0683889d4bb5,0.58490332918,194.77999999999997
60569b1e-30fd-444e-b62f-623899dabad8,0.58491482347205,235.77999999999997
cbf55a34-f0b4-4009-930f-0d0977d20cc5,0.5848036744432,260.78000000000003
e5eff94b-6087-496e-ac3c-f289cea6219b,0.585477607537,215.77999999999997
ffdfdf67-1907-42b5-86c4-06aa870463a3,0.584735769455,216.78
6f7a5121-3ecb-4eaf-aa2f-9a5ddc41e718,0.5819463493135,170.77999999999997
3f702a5f-4d8e-4626-9d24-62f29f607463,0.58338497581045,199.77999999999997
adbeb516-11bd-4279-a70b-b747728d2da4,0.5796681867598,238.77999999999997
6b7f3c2e-91ac-4b93-9a79-fc99bc76ee1b,0.58461589701415,155.77999999999997
18995ee4-6e50-4ce3-b2dc-18095b24eaa5,0.58773805554345,261.78000000000003
d25bb097-0233-439a-8fd3-4404c716f8bb,0.5832797394945,289.78
d20857ea-1512-4679-9f4d-64e11e19f8dc,0.5844859887426,199.77999999999997
98a99e45-dc66-4cc8-a317-47e85c7c88af,0.58655609224635,196.77999999999997
7a1e9f36-0c32-4bbd-be23-79a2ffbc46ec,0.58695945975785,217.78
449b24c4-dd6a-41a1-8248-fef8ce1919d4,0.583626269142,227.78
d821ffcd-fbec-4eef-b7ea-aecd113cd175,0.5855898533803,249.77999999999997
fd33be0b-bc01-4790-b0d8-d810cc88abdd,0.58521355426415,230.77999999999997
674f0a70-0634-42ef-b95d-f20ca44660c5,0.5876355391138,203.77999999999997
3ed374dd-529e-4b91-b4f1-34a681ebfb2a,0.58220818284835,204.77999999999997
7f3d7564-c8cd-4fd5-82fb-cb658401bc0b,0.58418320135285,246.77999999999997
25a43007-c441-4c53-ac96-4d3f62e93572,0.5815461574635,256.78000000000003
64fc6199-bd54-4b40-8f4e-ed33bac6bad9,0.5819463493135,170.77999999999997
e8a93a9a-14cc-4c2c-b3c1-f10360228e36,0.58338497581045,199.77999999999997
cc2c5050-e4f7-42f8-b3a2-238b6f64cd06,0.5796681867598,238.77999999999997
84873297-fda6-4ca3-b7c2-ee1b3f8a2e84,0.58461589701415,155.77999999999997
ef2e684d-9d8e-4392-b0c1-af11a95d59f6,0.5871992872926,193.77999999999997
1171236f-0c93-4c68-b087-1f235ed7db3c,0.58625006128555,217.77999999999997
817c57fd-c628-4b01-9e21-876b1ab9f25d,0.5844859887426,199.77999999999997
25cf4a5a-3f98-4520-9867-1852052bcf9a,0.58655609224635,196.77999999999997
a1dc5555-51e3-4a12-b020-9a8c7e3566e6,0.58695945975785,217.78
0ce73cf6-222a-4410-8d8b-9eaee1bc85e6,0.583626269142,227.78
5f024e4b-38f2-4511-b7fb-7d9f5248b013,0.5855898533803,249.77999999999997
7321b351-3958-47e3-9d67-3441fb6350da,0.58521355426415,230.77999999999997
995c7e00-ce3d-4bb9-a3db-a3d18552098d,0.5876355391138,203.77999999999997
1f5456aa-6395-4579-9186-3c1cb1f52d87,0.58220818284835,204.77999999999997
1b55bccc-22fe-4ec9-b6f4-4b389717e7dc,0.58418320135285,246.77999999999997
7d047bb9-2f7d-4842-b974-278156bffa06,0.5872126340456,213.78
7daa6f68-13f0-4e9a-8c8d-41e5c0864608,0.5819463493135,170.77999999999997
b2d91561-7207-49db-9ffa-453812dc9025,0.5854403754071,217.78
2c15b7a4-d9c9-4255-a113-894e2f8fa3f7,0.58157349626745,273.78
d53f191d-c207-43f7-a836-d773ad15f63b,0.58461589701415,155.77999999999997
09d49ca8-9499-4d59-ba43-002ad53464a0,0.5848456948353,225.77999999999997
566275a9-d746-4773-9fad-6ea4224d86fa,0.5839244586855,235.78000000000003
2ac5c0ac-eaa4-4d50-852a-937f4f4bbfe3,0.5856638614688,263.78000000000003
128e1616-c495-4621-8522-4e781dfc0687,0.58653548414865,218.77999999999997
39f16d9a-693b-4eae-9b6a-bcc6e38a6fc5,0.58274636182945,263.78000000000003
96942b5c-3049-4ba2-aa65-4103b608f760,0.58315524195635,194.77999999999997
dbabef67-74c7-4e24-8880-3ef1259f01c6,0.5815790546426,247.77999999999997
57abd5a3-aec2-4386-8ba9-082c6851eec9,0.5856528775847,231.78
5f5a03ce-704a-42fc-a9ee-e7c3f7eeab00,0.58128836669995,229.78
1597602e-5c08-4f96-8472-47d4b42f8cc2,0.5814001943167,220.78
bb94ace8-acc1-49a9-b4bb-2b49d561c34d,0.58267642611005,232.78
de119a6c-ad8a-41b9-9469-1e75a6280a5c,0.58370867287645,256.78
41c30e94-8fe0-46e0-8e24-182f92a513de,0.5819463493135,170.77999999999997
26a6c94d-cce9-4ac5-b671-a6d86337ba45,0.5854403754071,217.78
94a41f99-0ee7-49f2-b5fb-44fce6037372,0.58578301034185,225.78
93874781-c727-4c27-b557-6e8ca63b0110,0.58461589701415,155.77999999999997
901906ad-c0ca-429c-9fc8-d20d0a75d0e3,0.5848456948353,225.77999999999997
a6428c81-abc2-4132-8982-0a3806b5cfcd,0.5839244586855,235.78000000000003
625222ad-90f4-4127-b223-6c3935dc0b57,0.5838821899203,236.78
b409f9b5-7a93-4b38-b349-2b370ed3dfad,0.58653548414865,218.77999999999997
66b5d380-ff87-4fd2-9797-38f34bd284dd,0.58420857498535,186.77999999999997
07c61b14-4e87-45b1-be6a-335f5c49cac6,0.58315524195635,194.77999999999997
314b1d0a-1933-460a-9870-9e3e94634671,0.5815790546426,247.77999999999997
a00178d1-a81d-4e65-ad5b-eff312ffb42a,0.5856528775847,231.78
02368bc0-426f-4dbb-81d4-e910fc4062bb,0.58128836669995,229.78
0141d5cb-8802-4657-920b-1ae628814819,0.5814001943167,220.78
a2d4654d-c383-44ed-a85e-9d42bd3dea54,0.58267642611005,232.78
7bae31f6-614e-4444-bce3-96b64261cbd5,0.58370867287645,256.78
27a834b0-0c15-4426-9dbc-49ee2fc6686a,0.5819463493135,170.77999999999997
219a1569-6994-4dcc-b173-42289118026d,0.5801710733161,223.78
b476ef43-6016-494a-aea7-a745519479f0,0.5838310718171,235.77999999999997
274231c5-c129-4c45-8959-aa470999192e,0.58461589701415,155.77999999999997
12e47372-127a-4d51-bc42-b359a4203500,0.5845227613711,221.77999999999997
1dab2915-e57e-4a69-880c-54138e23b8cf,0.5838937833461,211.78
fc2febcf-2501-4d67-9fa1-ac2de043f9ab,0.58495146936635,261.78000000000003
4d8398f2-3aec-4682-8900-72df788c63ad,0.5819368644485,245.77999999999997
eb188b4d-72d0-408d-9ccc-b9facdf85a3d,0.5834388620711,258.78000000000003
8f990a1c-7cce-4b62-a3fd-4d59eb9f8a4d,0.58549982623115,245.78000000000003
e9c57d2d-21ea-4ce4-9ab6-edba1d7dfa78,0.5842065057407,206.78
1e5fa7ea-17a8-4e32-8a36-f6f44de014e1,0.5824290806454,271.78000000000003
c9b4fff9-9b72-4b38-a380-aae894cc1bff,0.5849823283763,244.77999999999997
27cb5995-d5e2-4701-a4ff-43e6e6c22fc2,0.5878554901293,195.77999999999997
d7ac262a-84e8-4308-a9b6-970933a6f2cb,0.5830993872968,267.78000000000003
e6783567-8813-4009-afd0-2d5ec211bc3d,0.58195562609115,256.78000000000003
344f92dd-6ff2-4e01-ae87-2e3682be863a,0.5819463493135,170.77999999999997
d14f9307-32a1-4804-93b5-1d9db6751044,0.5801710733161,223.78
fd32fb0d-333f-4a72-ba1b-0e924e4dea3c,0.5838310718171,235.77999999999997
6cda018a-d310-4de9-a623-8f8a3b44435a,0.58461589701415,155.77999999999997
3232eecb-6e9b-4af3-974e-b92c4d59b324,0.5845227613711,221.77999999999997
0ca73d8e-a311-4e1d-85f4-56034d0b1234,0.5838937833461,211.78
c6bc034b-e562-481f-9e9f-8619b0e2acdd,0.58501541469925,236.78
94a8061b-8e8b-4ae8-8fce-b99350b8f7eb,0.5819368644485,245.77999999999997
00bc0874-8269-4b53-8ad9-9eb4e4c6938c,0.5834388620711,258.78000000000003
c8418b98-058f-4697-98cd-9f21887bba75,0.58549982623115,245.78000000000003
f27058ca-7b5d-47ec-b627-652ec99ac5f9,0.5842065057407,206.78
324c431c-e260-4ff3-8e12-c192f387a5a4,0.58253604196815,240.77999999999997
aea60c4d-8a48-4f28-8796-dcb9b8977ca5,0.5849823283763,244.77999999999997
a3c2b7e4-bb79-4ecd-bced-fe6170afcec1,0.5878554901293,195.77999999999997
dc7210cc-9f95-4451-ab57-4406c43fd4e2,0.58371226586245,275.78000000000003
6f785628-71a8-4b0f-bf76-c1ccb3090e65,0.58195562609115,256.78000000000003
c3df08b0-38cd-4ea2-93cb-b1ecca235c26,0.5819463493135,170.77999999999997
c52920fe-b9c1-4de1-a5af-4d973f4fe1ce,0.5843894706978,198.77999999999997
abe4f6e2-0fdc-4e10-b665-982be213153b,0.5804298567619,242.78000000000003
d90e2ea4-c3cf-4bb5-a97b-2dbb602c653e,0.58461589701415,155.77999999999997
073979c5-0588-4ea6-b748-3d12d0af632f,0.5852017320069,230.77999999999997
a6b71ef8-e5b9-4f36-9d73-dda721abd227,0.5802855523764,266.78000000000003
29cf1907-161c-4c11-97ed-41a04d9bbe8c,0.585206939669,213.77999999999997
6d1f3411-1f19-4cea-a114-dcb14e22decc,0.5816129043224,202.77999999999997
288c57a6-7b86-44a8-af42-02cb7558ae94,0.58762841233885,260.78000000000003
05b55c76-37ef-45ba-906e-9b4be7ef5eb4,0.58537244822035,215.77999999999997
15f84349-0b46-439c-b778-e430969e5982,0.5856658810052,229.78
0a2dd236-e39a-42cb-8d47-94e798e8adae,0.5819852185346,198.77999999999997
45c03d4d-b519-465a-8c70-3813ea9bacf2,0.58774619702565,266.78000000000003
d4e3e02d-b4a4-4b47-9eef-2a998601e373,0.58340708656925,239.77999999999997
10e029a9-ea4c-4d36-990a-8c15faa9bac8,0.5871629631295,217.77999999999997
0e4c03c9-9cc8-4d6a-9d9b-c9dbab5e307c,0.58490909574995,232.77999999999997
80f32af0-3782-46e8-bb2c-22d2f0615657,0.5819463493135,170.77999999999997
1d2a844b-5987-46ee-b7ec-1bbbdfe9c71f,0.5843894706978,198.77999999999997
e1db474c-6821-4899-9352-7a48408516b3,0.5804298567619,242.78000000000003
7819723d-6f34-46a3-b326-abf0dde8f6e2,0.58461589701415,155.77999999999997
385c4e42-3e3a-491c-96d4-fb8fa1bcf13c,0.5852017320069,230.77999999999997
93634f23-7c62-4d68-ad61-a7e9b4e61ee6,0.58106716207395,221.77999999999997
8bf47578-4761-49e9-94e3-39acb890d9f9,0.585206939669,213.77999999999997
3e4f93f0-5892-4b08-8596-a9c70454c91b,0.5816129043224,202.77999999999997
3c530390-35d2-4040-a743-ba7e54da5f6d,0.58624001341075,200.77999999999997
0194bd11-d29c-4874-828d-ccc807311ced,0.58537244822035,215.77999999999997
2e8f23e7-bb36-4685-a487-cfe32e115d93,0.5856658810052,229.78
6ba2bf32-3350-48cb-bd0a-62563f60ecbe,0.5819852185346,198.77999999999997
fc9a8e60-586f-470b-b590-e9398004a14a,0.5819463493135,170.77999999999997
0059b497-c470-44cd-a33e-8655c2219515,0.58340708656925,239.77999999999997
7f9da2db-2826-464a-a0f6-8a5348f99bd5,0.5871629631295,217.77999999999997
876fe740-34c4-4e49-9fdd-7a5107dfd6b5,0.58490909574995,232.77999999999997
631ae128-8fd4-41ce-9f18-d556e2c9ae71,0.5819463493135,170.77999999999997
03b6863e-2913-469f-93e9-9e0a813cbc0f,0.5835342015148,255.77999999999997
4986584b-2463-4f76-a9b3-88b74c8be405,0.58311429625995,244.77999999999997
873fa51e-4b14-4439-a2a8-9cd344e7f30e,0.58461589701415,155.77999999999997
b44a0c9d-c291-4d4f-aa5d-14f225ec05ca,0.581983607584,237.78000000000003
12219203-d6eb-41dd-9b30-00402583f050,0.5863188171278,240.78
1e3115a0-22c2-4c93-b12a-e09365957010,0.5864460876947,222.78
ead5cb26-402e-428e-83aa-bf6873345126,0.58629541168785,207.78
d0db4cbd-853b-4e2d-9af5-7dc9ba168a68,0.5847250190506,228.77999999999997
01b98ea6-432e-4d25-94ff-0440df1babbb,0.5838710713577,267.78000000000003
8a405002-68b8-4854-9ff7-990c426b2fd8,0.5811986409981,186.77999999999997
e5aef424-e3fb-465f-a803-10a61d58c4f8,0.5859594734679,207.77999999999997
8806a0d6-33ec-43e3-977f-c6004b727e67,0.58359813740715,289.78
76dbaf7a-7eb5-48d6-9b04-a267b0ea26ed,0.58230798430645,250.77999999999997
aa2c7f4b-3ee8-4d70-a0a6-3ad3563fb05c,0.5825504326143,226.78
177d1db9-fa3f-4593-9ce9-b5608f2feb13,0.58590361845555,194.77999999999997
9ad519c6-519c-49de-9b12-1b4dcba16296,0.5819463493135,170.77999999999997
02250922-8f19-46fa-a0dd-ab65c18cedf2,0.58230746779845,222.78
8a137dc4-83c2-4152-9723-614b0f24af4a,0.58311429625995,244.77999999999997
f22d7df5-528a-4bce-a7cd-165941a26158,0.58461589701415,155.77999999999997
f7c05e4c-ebdd-4744-b74c-84751440834f,0.581983607584,237.78000000000003
77d73332-28a3-4b4e-8178-66a3c0e9aa78,0.5863188171278,240.78
5a17ff4d-2dd5-42b0-a9f8-911189e7ecd5,0.5864460876947,222.78
0a1b6a70-41fb-4e25-95cb-b787c1f493eb,0.58629541168785,207.78
2a32de5e-c4e7-4949-a912-1e862a1fbc11,0.5847250190506,228.77999999999997
81f69488-aec7-4512-a91b-cf1926befd47,0.585804356566,272.78
4e58b644-fa95-47ec-b6f7-53e530f7a2e3,0.5811986409981,186.77999999999997
2d55ec51-2061-48bc-a954-1533bb791d0a,0.5859594734679,207.77999999999997
7930203a-a320-4591-b56a-6f410d3c3871,0.58690019761095,221.78
2255a047-4b2e-4c4f-ba6a-e2f94ee71877,0.58230798430645,250.77999999999997
e64052de-0925-43e0-a8fa-d2e0d6b3d86d,0.5825504326143,226.78
210186ec-67e0-4d4d-b1ce-8ed4e33e35df,0.58590361845555,194.77999999999997
f0850da1-3e00-41fd-ad73-f79ac9d2691c,0.5819463493135,170.77999999999997
33533d65-6ff9-4ab5-939d-edafc6a5596c,0.580569087482,251.77999999999997
bf8efa02-5e12-4d59-9bcf-c47225269e34,0.58342147842525,240.77999999999997
9ce0e2ef-52e7-40a3-ae62-cdab41fef67e,0.58461589701415,155.77999999999997
4800bc30-ccfa-4675-a42d-3c74f0eb96dd,0.5818257791851,251.77999999999997
4731384a-deda-4ee9-8fdd-d0947a9e9469,0.58331830490075,231.77999999999997
7ee8eef4-83f7-4ecd-82bf-8702086ee02f,0.5845798647799,236.77999999999997
da455ed7-2d8a-4209-a3f1-6170cb75f284,0.58654061066685,226.77999999999997
6aa9aab7-f41d-43d4-90e3-78781c380598,0.58191479767205,258.78000000000003
aefee4a4-65de-4446-84d0-014fac860a37,0.5853890635522,224.77999999999997
fe0f2162-e1ff-4e76-b261-cbaa5b377158,0.58348900861705,205.77999999999997
ee8693b2-d3fe-40d6-bae5-97a8c4becc96,0.58556502771895,231.78
f09735cb-a68e-420c-8273-99e2c35bf444,0.5830715056298,247.77999999999997
f5792b1d-226c-4ef3-9991-b08bdbbe526d,0.58652912780265,237.77999999999997
e7635898-0df7-45af-ad3d-439d21f59761,0.5841588783246,285.78
7c98e57c-22b7-4047-a27f-73177fc5c517,0.58469548268575,253.78
cc6f6003-793a-4db8-b5bd-8c36c3801bdf,0.5819463493135,170.77999999999997
d1b09277-974e-4823-999c-e2d94a83928d,0.580569087482,251.77999999999997
f6c7b550-66c1-43e7-b49d-6f10ee1ebc35,0.58342147842525,240.77999999999997
1ebd85cc-4b86-48af-a42f-26987b305c1d,0.58461589701415,155.77999999999997
b409bcdc-12b7-46ee-8386-6e5df4533622,0.5818257791851,251.77999999999997
0f7b3661-c23b-400f-8ff6-68681960003e,0.58331830490075,231.77999999999997
2b1e6199-42b5-4825-a1f9-eef3d1a64435,0.5845798647799,236.77999999999997
4bbd8b7e-546b-41bc-a400-730a8608704a,0.58654061066685,226.77999999999997
995ef887-a8c8-483b-ab4f-8f3c058c02e9,0.5819463493135,170.77999999999997
6f3b6c1b-255a-4099-89f0-c885573bd9d5,0.5853890635522,224.77999999999997
1339f326-28a2-4f88-9cc4-91e9e66f5b74,0.58348900861705,205.77999999999997
456342cf-7007-4a65-b6e1-bf5a4c02a1fc,0.58556502771895,231.78
804e9b70-03f5-4ed9-86b6-8a99fc0b0ba5,0.5830715056298,247.77999999999997
b40f23ec-d46d-4594-861a-39f1ff819764,0.58652912780265,237.77999999999997
04df46df-5cd7-454c-938e-cc13eae59981,0.58331830490075,231.77999999999997
538a38d3-6cfe-427c-ba5b-7ec9334732de,0.5861922808305,171.77999999999997
4a3881c9-dbaa-41b1-b55d-44b4a5478cf6,0.5819463493135,170.77999999999997
85cfd101-8c50-49e5-98a2-cfcd0d5bcc8d,0.58357412124765,188.77999999999997
14ef04f8-1a06-460f-b3f1-5e249f549dd7,0.5841738173074,222.77999999999997
8934daa3-ae0f-4e43-bbf8-627f3a016f91,0.58461589701415,155.77999999999997
9ac887cf-0f22-4009-94d4-321490cbabc0,0.5822378066822,202.77999999999997
97d8c5bb-7b32-4726-bec9-e7c078b72525,0.58617429578115,249.78000000000003
0d89ab92-02c6-44e2-8b97-c0aeb4873af7,0.5828915032954,262.78000000000003
a84033fc-1c78-49a6-9dce-09d79e342775,0.58369211897065,241.77999999999997
8198a8a0-1509-48e5-80fb-422a78011f2e,0.5847075850436,219.78
5a525ebc-713b-46a2-a96d-deb83d139a86,0.5817914390417,256.78000000000003
0200aa76-bccf-472b-a93e-c5a7aba300fc,0.582086856235,220.77999999999997
9f5d4946-fe43-4aa2-8f8a-3b57b3589cf3,0.5862528458638,215.78
26bd11ec-9027-4c99-a528-81f969929e26,0.5844696311367,203.77999999999997
a251fd48-0254-4e5d-8434-7394696fe635,0.58472051530225,210.77999999999997
2a699923-89fa-4cd4-8f8d-c214a5a95702,0.5823401496186,209.78
c052e431-dcac-4e74-a1c4-44972be48a62,0.58449953810235,246.77999999999997
14974c19-198a-4b4d-993c-e0c064ca12f7,0.5819463493135,170.77999999999997
bf05195a-df37-45d6-81e7-1100bcd9c41c,0.58357412124765,188.77999999999997
149950a6-b5fb-4baf-a53b-587f570fd6dd,0.5841738173074,222.77999999999997
fe2647c8-18fb-4711-86f6-fb02da0c4cc1,0.58461589701415,155.77999999999997
6c789e0d-a6d7-4b05-85b9-7c0e48464c98,0.5822378066822,202.77999999999997
9be58689-d1f0-4c18-a4b0-c449a877d0eb,0.5810038158942,185.77999999999997
ebfaa00f-5ab9-4531-930a-05ca82f5e5a2,0.58239457792475,199.77999999999997
03dab61d-20ad-4c23-9057-fe2e7cc2a77c,0.58369211897065,241.77999999999997
27e00271-dae1-4fbb-ab62-4ebbcec863e0,0.5847075850436,219.78
3a82899a-0134-4489-ae78-343cb61b35d1,0.5823140804831,175.77999999999997
86a2e710-282b-480c-a2b9-0856c2e2525f,0.582086856235,220.77999999999997
0ddf6abe-f602-471d-be68-93a318b616b2,0.5862528458638,215.78
8905e2b6-e2ff-4762-a539-7bfa66d592ba,0.5844696311367,203.77999999999997
10a8eceb-e55d-4a80-83fd-3484bea8c1da,0.58472051530225,210.77999999999997
ad483930-f37a-4206-b724-c0f9a4a80c13,0.5823401496186,209.78
c370115e-8890-424b-be12-344b6f4e9ef4,0.58449953810235,246.77999999999997
91ec1886-0d97-42d2-a8c3-80fa1d7cd5a7,0.5819463493135,170.77999999999997
bc5c5a7a-d9ca-4d65-8c93-f8feef2cf8dd,0.5850528418296,225.77999999999997
f364a4b9-a237-451f-98c3-14d4a304e71e,0.58401800300185,248.78
2a00beb0-70b7-4ff1-a43a-6f0a2a7944d1,0.58461589701415,155.77999999999997
74c1ac0c-f01c-4f06-a45f-9202f054e7a1,0.58208190407875,247.78000000000003
8a4119e2-9502-49a8-8eee-30910e28f8ac,0.58329285066365,178.77999999999997
8c14eaf6-f5a7-4199-a185-e82ff1e0ef44,0.5824181933869,238.77999999999997
50051421-8d35-496f-9f7a-09c55e7bc730,0.58766598727915,203.77999999999997
8dcfb0a8-3b91-4c15-880c-345a051f355f,0.58367729124445,245.78
660382ce-8f05-4f3a-b1f7-6f34a835eb68,0.586540987773,234.77999999999997
3e54278d-b01d-4675-8228-786d8e58f319,0.58524714754105,241.78
2c598f6a-67b3-4962-af89-8f349de7f649,0.58500333086035,233.77999999999997
bd921d9f-0393-456a-847b-b690eec39863,0.5811327192741,248.78
c537ca3d-4d3f-43f5-ace8-9b2a7a052146,0.5836068142017,243.78
c3736299-ff7c-4ae5-9277-a220170bdf40,0.58422839961765,234.77999999999997
091a6bfa-89d2-4e50-8723-70c71396c911,0.58247724790685,229.77999999999997
9637146a-d433-4953-a17a-79e0e7ee0019,0.5819463493135,170.77999999999997
1e4cfcb7-3b7d-466d-8832-6ae98995813b,0.5850528418296,225.77999999999997
17ca0458-e66d-4367-babd-44bd5cb7eb5b,0.58357825670805,222.78
e26664ba-3e5b-42bb-95c0-0add03a3439f,0.58461589701415,155.77999999999997
c5d3f83d-4b1f-41ad-a234-6423900a2ae5,0.5857552267537,188.77999999999997
05fcd3ec-98fa-41d8-bae8-74c8460d811e,0.58329285066365,178.77999999999997
72680e45-664a-4fc1-80c0-9e2a0f241683,0.5824181933869,238.77999999999997
b1d683e5-628d-4caa-9d12-9dcd477a4800,0.58766598727915,203.77999999999997
23fb136f-ea08-407f-98bf-036246cb7a65,0.58367729124445,245.78
19d4d259-23e0-4907-bf06-3f39a7b72488,0.586540987773,234.77999999999997
e1f0ce50-d6c4-4879-87c4-4d171114cddb,0.58524714754105,241.78
646e9224-5bb6-4bb2-8bf1-efb77c7f5f8c,0.58500333086035,233.77999999999997
26d94ca4-806b-44d2-b2dc-480deffe1b7d,0.5835889946695,259.78000000000003
65e7bc47-c1ca-4527-997c-9f7ba8d1898d,0.5836068142017,243.78
3a00e33d-6957-4b85-aae3-6ce19bdb7499,0.58422839961765,234.77999999999997
cb2f32ee-9794-4502-bc89-7d843d6af485,0.58247724790685,229.77999999999997
f9e77696-a5d6-4bcc-9cd7-325556058f19,0.5819463493135,170.77999999999997
1317c3b9-a920-4b8f-a8e7-b3fe1acbbf55,0.58144066131925,295.78
f123d645-a189-4ae4-a42e-81c16dd1d235,0.5878710908731,222.77999999999997
ac26ede7-cc12-4864-9e9c-c75f72b8fedd,0.58461589701415,155.77999999999997
d845ae38-0621-427a-a6b1-90008cb256bb,0.5838190041532,259.78
90642a4a-d5ca-44a7-910f-686d65897354,0.58512062193145,235.78
f1ad1d08-2325-45d0-84ee-043ad1185d64,0.58526818509685,273.78
92e4b169-08a3-4c1f-b950-05dcd3a84bc7,0.58408929055195,266.78000000000003
50645a73-bf79-463a-b067-4b9b092605ea,0.5831963441037,227.78
96377989-163d-4ccb-9974-c283fb1cdf04,0.5865155466222,221.77999999999997
89215d89-988f-4f84-bd59-8c2f9f7eab7b,0.5864533992801,242.77999999999997
16e6b2cf-5557-4b08-b725-546132618586,0.58473528033525,206.77999999999997
0ab39e9c-45f0-4562-8f08-b4965b2f98f6,0.58052250484335,250.78
3505e5a8-136a-4f0a-b1c2-4e33f08864f4,0.5840345988714,253.77999999999997
5f8e29fb-c5b1-4a99-9d7a-5d99b8620778,0.58451987704895,214.78
fea3ee12-d6fc-4144-9b6f-909b8bae4475,0.58387686321845,250.78
9aa31444-af56-4764-95c6-e8ecffe11626,0.5819463493135,170.77999999999997
6588923e-a373-41b8-8241-37d48175200a,0.5859919855346,244.78000000000003
e51924dc-75f5-407d-9cdc-c95fc84fe4c2,0.5878710908731,222.77999999999997
742ee98d-535f-490c-bbf3-46d48d39be14,0.58461589701415,155.77999999999997
6322ac2f-09f1-4ba4-9e20-290788c8c4aa,0.5838190041532,259.78
c54c6a71-07eb-4a52-90b4-7206c03cfd7e,0.58512062193145,235.78
3d40ee55-f784-446f-aaab-468ec3fde8e5,0.586343433073,288.78
6e5f3433-babc-4410-9a00-865c0328152a,0.58345308151305,197.77999999999997
01278647-ee5c-4bcf-b558-6bb2b39599ac,0.5831963441037,227.78
ffbe96ef-26fa-4662-b98c-d8f046daf835,0.5865155466222,221.77999999999997
d7cb0911-bfb6-45de-a49d-b3be57ef4ed1,0.5864533992801,242.77999999999997
d5cb61d7-6518-4b89-9ba5-59f5ec30b8da,0.58473528033525,206.77999999999997
0df371a1-a339-475a-bcd8-402287e7640f,0.58052250484335,250.78
5a05d301-7c2d-4194-82f6-70a2cf7f9fb1,0.5840345988714,253.77999999999997
bac70b1a-161c-4c88-93f6-7d046901e124,0.58451987704895,214.78
e831062c-0af4-40fc-b7dc-e0bf44119200,0.58387686321845,250.78
9c8141f6-21a6-4441-900a-a9abbe62434d,0.5819463493135,170.77999999999997
c0a69a54-0322-42a9-a693-5267912ba8a1,0.5846944452871,233.78
4da780eb-8f0d-432e-8ce7-bee0d12233a1,0.5860523986676,275.78
3bc92df5-abe3-4eb5-95d6-adcd560a4abe,0.58461589701415,155.77999999999997
8ad4d098-ce1c-48d1-80f4-edc0a5cd5068,0.58327597334685,258.78
5e71fd75-f2b3-4710-acc2-a6baef1ce6a7,0.583630605574,236.78
5b8e5c07-66af-4284-8cdb-f4ab0315f9c0,0.58748160415045,243.77999999999997
4e119d09-161a-40eb-b0c3-4ae4d2e80e93,0.58567672402955,221.77999999999997
4a8073cb-0aa1-4c72-9e6b-8d83ab1696e5,0.5847166428243,195.77999999999997
50e47e5e-b2a3-4f1f-b662-bf7e686afc22,0.5852251989887,209.78
a4efcd9c-840b-4990-8f59-b783e734e31d,0.5853239047604,219.77999999999997
d5f7ed03-dc84-47a1-956a-d6890e31ba52,0.5823403115407,254.77999999999997
cb88d4bc-dcf5-402a-af24-b36c763aa054,0.58538890330165,245.78
42a0540c-65d0-4626-9e27-80ac81a91ce4,0.5850228102704,249.78
aef208b6-3383-4025-92ea-71e013e63eb0,0.5835694787515,249.78000000000003
98491bdb-de9c-4c9b-8361-ce21543f6792,0.5830817004074,251.77999999999997
7f0074f1-3314-42af-9bee-64c5c17dc637,0.5819463493135,170.77999999999997
9809a8c3-564e-44e5-9af0-2cab318062c3,0.5846944452871,233.78
75aa8ef7-f0fe-4d0a-8685-7661c99e9545,0.586475591081,159.78
aa796786-e79f-42b5-a341-4515b5ad1c98,0.58461589701415,155.77999999999997
813ff938-4dc8-4f15-905e-6637c2513e4d,0.5874652079689,234.77999999999997
613ace66-1fb4-46d1-9d3f-4f7420d63514,0.583630605574,236.78
b658f35b-5bb4-4246-8e0c-1d729718a519,0.58748160415045,243.77999999999997
8680de93-b6e2-47c6-8bc8-08464354bb7f,0.58567672402955,221.77999999999997
31dbb3f6-3a10-428b-9c96-c6d7323939a6,0.5847166428243,195.77999999999997
6d11f51e-051f-4758-9832-160cc14e56e5,0.5852251989887,209.78
b2f7f213-d100-43d4-ad34-ff5d4473287d,0.5853239047604,219.77999999999997
cbbf5789-006c-46db-b128-765a1ddf57fc,0.5845560652114,168.77999999999997
1e545609-6fad-4b5a-b65b-576de3421f11,0.58538890330165,245.78
15ed4332-34c7-48ea-b8b0-a0b5af9bee64,0.5850228102704,249.78
b23789ad-6cce-4fb1-b992-bf9050840664,0.5835694787515,249.78000000000003
946e43a5-3695-4b03-9ef2-e929994e06c1,0.5830817004074,251.77999999999997
1d8bfff6-7e58-489a-9533-01683f366aab,0.5848191151108,227.77999999999997
a45e17e2-e3c6-4f2f-916a-eb30a10cddda,0.5854131824426,248.78
06874690-172d-4c74-8962-f9c4e0b53fe9,0.586475591081,159.78
ad59172b-023d-4cbb-af6a-3c120869b9be,0.58461589701415,155.77999999999997
7d022f2b-afaf-42fc-b9fd-fb6a8ee60e03,0.5837650909599,219.78
973266ad-2f4c-478b-ba7b-af17df58a0dd,0.5868076295211,193.77999999999997
b2f7e7b2-4559-4c4a-9d55-4579f2c95bfd,0.58489923895905,226.77999999999997
e32e3863-bcc4-4d83-8a5b-963a2aace106,0.5843292393601,217.77999999999997
83a58b61-e759-47b9-a346-2de66b0bc48b,0.58398465219835,255.78
ac0c794e-5af2-473e-b2f8-78493e3d8dad,0.58215010182685,249.78
f50eba09-4f64-4bea-8246-0ee67c9937b3,0.58690866010115,227.77999999999997
a409327c-cc97-456f-bc1d-a415b2ba7fd5,0.58612466733295,248.78
c7359cd8-4d6d-422f-ab4a-75b198d39375,0.5851156728383,209.77999999999997
5f74cc45-046f-409f-bd14-08aa7a15d2ea,0.5839596382397,208.78
b2d25ebc-ee63-4531-a817-88d2014be19a,0.5841011486949,266.78000000000003
46fe4868-06db-4752-b157-16019fedce59,0.58095051087725,251.78
48bc018d-0f21-4910-b2b7-93f808df7902,0.5848191151108,227.77999999999997
6e4ef0de-98b7-4853-b465-bdbc011eaa44,0.5854131824426,248.78
0de4ae4d-41e0-4862-8fc9-fa5e1e8440cd,0.586475591081,159.78
a4b725f6-ac06-404f-b00f-bf6a7b566f0c,0.58461589701415,155.77999999999997
08de88b7-4a86-4121-9df4-dea074251dbe,0.5837650909599,219.78
c49e7d6c-4847-408a-8c14-7d42a5c34d55,0.5868076295211,193.77999999999997
0429d519-2d3c-4366-99f9-9a9e72fece2f,0.58489923895905,226.77999999999997
17bc8b94-3384-43e5-91c3-babb669e634b,0.5843292393601,217.77999999999997
fd8c5d9d-15e5-439c-899b-8ac14be4a0f0,0.58355117039845,247.78
f3f0dabb-b750-416e-9553-d4ee5042b0fe,0.58215010182685,249.78
4e11590e-7088-4358-b56b-e4eb93f7fe4c,0.58690866010115,227.77999999999997
9238e18b-aeca-4aec-bdbd-cba28b540fd4,0.5810682718065,201.77999999999997
d605a358-dc7c-4fff-8687-8f801a1252de,0.5851156728383,209.77999999999997
771994ed-08fd-4442-b688-e35f0f22bb5c,0.5839596382397,208.78
6b004867-3226-4be4-a140-5d27ca0afdc4,0.5826857536711,240.78
8ba855e8-e9b8-4153-9d9c-a75f3bb910de,0.58095051087725,251.78
8af62710-b107-49e2-a2b5-7e206beb035e,0.58285934042065,197.77999999999997
90fb4729-5c52-4319-b160-dfa1026a89e9,0.58455922675715,233.77999999999997
84f72f87-3033-4c77-aec6-c4eb8a411b93,0.586475591081,159.78
84d97cb6-f94a-4cf5-8871-b674226c41e9,0.58461589701415,155.77999999999997
54ca953a-f5af-451a-bbab-cc661c60389a,0.58394698005215,235.77999999999997
12b2e691-4cc8-47c2-b42c-137b90233ede,0.583963286144,198.78
59fa11b7-6178-488e-956f-d65e993d05ae,0.5847566097899,241.78
ad164f00-cf31-433a-9803-917919e18ea2,0.58450914958005,225.77999999999997
e1caad31-c376-4166-8020-ce7b47661014,0.5819126684071,177.77999999999997
af05416b-b43b-49d0-87d2-d06f33ce41e7,0.5836914896622,237.77999999999997
302d0705-8f0f-49a6-a46c-a40db94ebd32,0.5853467981619,224.78
640c2f21-fd2e-44c2-bf7e-412275a6d8d6,0.58563535974675,249.78
91d63b34-fda3-48bb-a982-caacebb38edd,0.5855200670901,223.77999999999997
693f5783-d930-4199-b29b-c2c1d2807e38,0.58683149123855,196.77999999999997
c4aa34d1-08d7-4a9a-82a2-ed9853f7aa84,0.58568503900525,284.78
b0779e82-9bf8-4967-89ca-c2c4ab549f53,0.5858437482819,234.77999999999997
91701a86-443d-41d6-b1e1-e41947a0ac8c,0.58285934042065,197.77999999999997
9dbb57e1-ad9b-4bbd-83da-479b5b96c32e,0.58455922675715,233.77999999999997
7a93cbd8-3c69-4169-b914-203e00dcbdd5,0.586475591081,159.78
8e51f79b-2ca7-44f7-b142-5a2d9bb172d9,0.58461589701415,155.77999999999997
1f951b1e-5d79-4133-aebe-4d32972f3ae6,0.58394698005215,235.77999999999997
a05ca9da-00f5-4e71-af3c-e4aa6f4b6b8c,0.583963286144,198.78
37d59346-500c-4a2c-be41-36fdbca6a88b,0.5852674856118,172.77999999999997
b98de0cb-91a1-45a2-83a0-19f4c3783559,0.58450914958005,225.77999999999997
e061451a-dcab-46e2-8489-51047159d982,0.5819126684071,177.77999999999997
f8974795-28aa-44ae-9739-873b2384feb4,0.5836914896622,237.77999999999997
344a7bfa-fe82-4ffd-a00b-9d839e6c0984,0.5853467981619,224.78
bc264e49-674c-4509-97b9-2a9e593ad80e,0.5815424600024,201.77999999999997
1fd11578-fedf-4ad4-a716-8f44bfcc80e6,0.5855200670901,223.77999999999997
f8498610-6cbc-45c4-a6d5-878768db8311,0.58683149123855,196.77999999999997
91e8b5a1-d764-42ae-a8d1-097533ca340c,0.58495361760435,202.77999999999997
f4dc9f74-0c8a-4a72-ab19-3b234a081c91,0.5858437482819,234.77999999999997
f614b69e-97c7-4509-a387-d1467e3a78c8,0.5848596463536,197.77999999999997
9e6771d2-0d0b-4d5d-a3be-b31fa01c6df8,0.58402955545625,238.78
cb9a788e-fe19-4e7d-92c3-d6195f6ab8b5,0.586475591081,159.78
b91f0f45-aaf9-4d02-94c6-5cd5e2bf61d9,0.58461589701415,155.77999999999997
95779ef7-2ba4-4523-8eaa-c915a71d5813,0.58227998043975,277.78
a1a67433-26c9-4925-8e9c-d8b94c6255fe,0.58479254461155,249.77999999999997
dfd2620c-54bd-4ee5-b3d9-c598326dc40a,0.58259191831055,251.78000000000003
f61e5db2-1b3d-40d3-95a8-749ea9375e75,0.5808202438728,269.78000000000003
a5efc9e7-ea9e-4241-933d-dbef2a69710c,0.5842506665092,232.78
8e345d65-dbd8-4070-ba8f-8ff8229d6e5b,0.58078170366865,264.78000000000003
ce70351d-5549-4158-9e2b-4509165f0b42,0.584689888953,228.77999999999997
7f0ecad6-fadf-49ba-ab7d-c3cc3fc753e6,0.58411569834595,269.78000000000003
39f93cf3-bdae-4d49-81d9-c1427597a04f,0.5859233367773,214.78000000000003
5701aa37-129c-4c7c-8ff7-9cf002ee7e83,0.58297058042965,277.78000000000003
47a306aa-3ddf-4b54-97aa-132f9bd0cef7,0.58468765716435,241.77999999999997
fd81f49e-d7ac-4b02-87bd-8937ba8243e5,0.5823195282678,238.78
a4cd0cb0-c2cc-4df7-b0c5-721c09b4a0ed,0.5848596463536,197.77999999999997
f4a57525-d0c9-44d9-a4ef-87a46ca8add5,0.58402955545625,238.78
19fffb15-4219-4b30-b368-8e0c1578b05e,0.586475591081,159.78
93f0dedd-b1e4-4ec1-bb06-cf4bfaeebc50,0.58461589701415,155.77999999999997
8291dc21-41a8-4478-9998-07f67ed317a8,0.58519303925185,222.78
53f6a4fc-9541-4614-9a6e-f03d8359b275,0.58479254461155,249.77999999999997
aea36c2e-5d28-422f-a13f-4d366387bb2d,0.58259191831055,251.78000000000003
29091c5b-bfd3-4ae2-820e-552318379405,0.5808202438728,269.78000000000003
68bda6ff-1ad0-47ba-a2e5-248190ca6f4a,0.5842506665092,232.78
15a5ba42-e883-4bbf-a871-c2e0ad819316,0.58078170366865,264.78000000000003
97ba4b99-6a67-4e9a-8f9f-1c033d83ba08,0.584689888953,228.77999999999997
afe8a8aa-8e9b-4552-bf71-37b3b3d7536a,0.58461589701415,155.77999999999997
f9a4d51d-1fc1-4d76-b84e-0563007b4331,0.5859233367773,214.78000000000003
a88d1eef-14bb-42e4-9672-51b94d5167ef,0.5865971060607,152.77999999999997
1d4d2ba3-a16b-4d1a-aaec-4c766b60b923,0.58468765716435,241.77999999999997
acb6b45c-1f84-4741-b1f7-c31b28104f8f,0.5823195282678,238.78
153aae24-7c0e-48ad-a503-319d3418cc40,0.5814547826397,249.78000000000003
b3e29acb-962a-4ccf-90ee-fd5082cc1230,0.58503939201165,265.78000000000003
7cf19ebc-dfc0-4a9e-94d9-34e646f03175,0.5885018933467,234.77999999999997
e30f37c8-835d-43fe-a211-b3a08a05cb13,0.58461589701415,155.77999999999997
199b9801-b538-4d37-bef9-0d6f8d947d0a,0.5815160451591,248.78
387aef66-018a-4539-b368-82123cf9c427,0.58194410576625,216.77999999999997
17f6812b-bb06-402d-9f80-4d89cc8137a8,0.58381783214035,274.78
c36cb714-1d34-47c6-ad9e-acc19f706634,0.5848367718561,209.77999999999997
d2d1ae53-f8c9-4b0a-942d-d68d6efb674b,0.58436956320095,240.77999999999997
a6830539-37b4-47e0-899d-8f28514902ad,0.58219724647125,249.77999999999997
27e93861-cd3b-4370-a43a-6f73152141a2,0.58315737902925,237.78
6007a481-c216-4481-8b34-aea354b91323,0.5863436180041,224.77999999999997
33a68d99-ecdb-458c-87de-e4f1d2d21746,0.5824828450928,268.78000000000003
1a25cd3f-677f-44a9-be2c-204cf3f9116f,0.5865971060607,152.77999999999997
a25f2470-3258-4ae4-9aa3-30042130ad02,0.5849378982283,266.78000000000003
f80c55a9-1deb-471e-8b6b-959fe66a869e,0.58304491207995,239.77999999999997
aacb615c-e724-498f-a2ec-4017ed7f3820,0.5814547826397,249.78000000000003
b786a98f-2ffd-4ef4-9daf-a9fd224f39b9,0.58503939201165,265.78000000000003
1c23a629-7491-4df6-9841-33274d2234b4,0.5885018933467,234.77999999999997
35938aab-d289-4b4e-8b1f-24d6d8e89a6d,0.58461589701415,155.77999999999997
e0e24987-6ad5-44c0-801e-cee5740ab39e,0.5815160451591,248.78
5e835e9d-ecb2-4745-bd17-484058777b7c,0.58194410576625,216.77999999999997
66eb7045-2884-4a54-b175-e68c98c6465e,0.5850818996852,264.78000000000003
a4b1e7e6-9c27-43cb-a658-912fe39742cf,0.5848367718561,209.77999999999997
c77d614e-cc06-404f-913d-9baecf16951d,0.58436956320095,240.77999999999997
7419ef1b-53f5-4281-aa08-0daa6a7572a5,0.58219724647125,249.77999999999997
51ad7bfd-f9e3-4071-bbe8-9652db0507de,0.58315737902925,237.78
e1362260-4fbe-402c-8b3b-cdeb587e4854,0.5863436180041,224.77999999999997
234ec762-ec9c-4ba7-bd07-5d3067f059bb,0.5809552188563,258.78000000000003
46c059c1-c01a-4110-ba4b-74c2f0224328,0.5865971060607,152.77999999999997
7ac62ae7-d153-4dab-b3d6-1713e72f38ba,0.58651172337155,209.77999999999997
9a37cde5-44e2-4f64-aac4-be6f71b57aaf,0.58304491207995,239.77999999999997
2bf333e0-8957-4c23-b55c-5678bc134ae8,0.58735842465295,279.78
2975d344-77d6-488a-8e8f-bc411a8b7a18,0.58239454035945,235.77999999999997
d244a984-2f3c-47c9-83de-2b26616b4835,0.58514340941475,234.77999999999997
2da30d0d-8f7a-4514-af34-299c715dee71,0.58461589701415,155.77999999999997
e428b9c0-b490-419e-9001-6e4494587be2,0.58158672503865,223.77999999999997
348c635b-b6ef-486e-b4b6-0c0c3756c7e7,0.5858016105421,242.78
3b4100ea-f184-429d-92de-c2770aa5101f,0.5840896811831,235.78
23e9760a-254f-462f-aeac-cc9be591201a,0.58498745260055,212.77999999999997
2829a6bd-5d50-4f25-945f-6813cfd1ec0f,0.58537904609615,244.77999999999997
3a62fa43-2531-46f3-b18d-6afb67aea647,0.5843761835405,257.78000000000003
a0f9d14d-5594-4586-9e9c-8ed32c62fa10,0.5871034879348,242.78
09db4db3-2dbc-4865-b587-862ee47d05b7,0.58259968332575,295.78
caab4f2e-39e7-4072-ae34-a1c3497a8975,0.58604990663195,248.78
c6b9c248-be84-4918-ad74-9d99e6565cbd,0.5865971060607,152.77999999999997
e759db32-e876-4fbd-87c9-61ce7b5252f5,0.581184709612,222.78
22e069d4-3413-4d61-9a0f-bde00feb61bf,0.58189928376455,270.78000000000003
e13fc54a-8463-43cf-870d-2601c7def838,0.58456084637905,194.77999999999997
2f05024d-90ba-4dc0-9b46-2b8c9bc2009a,0.58239454035945,235.77999999999997
4d876c8b-4814-49b4-8137-67677aed2a2e,0.58514340941475,234.77999999999997
d62601d1-a80c-4833-8bf7-3e91defe097a,0.58461589701415,155.77999999999997
42807277-f385-49c0-87f1-1caa404a7f27,0.58158672503865,223.77999999999997
d4daf14d-7a0b-4c7d-a5c6-4f26a7b45d91,0.5858016105421,242.78
37434625-cdca-433a-a7f5-73516acf20ac,0.5840896811831,235.78
29deb3c2-0808-46e6-9fd2-f05b5adf9db0,0.58498745260055,212.77999999999997
d4952149-30dc-4e30-98a0-98f737b2ae90,0.58537904609615,244.77999999999997
ca6859da-e6ed-4969-9959-51709fe2f43a,0.5843761835405,257.78000000000003
f1cf3838-da96-400a-bf84-e99ca8d97d2d,0.5871034879348,242.78
86b3dc11-33d1-433f-9f55-77ff6a75adea,0.58250624173665,258.78
631cbccb-3238-429d-9324-1a295374ec46,0.58604990663195,248.78
e3a457b5-2ed3-4157-ba20-a814db7d601f,0.5865971060607,152.77999999999997
c534e57b-73b8-4fa3-b319-e9c1b326174a,0.581184709612,222.78
797d11d0-0cf0-4905-9c6a-534fc6115186,0.5868419601673,201.77999999999997
5c48fd4e-9bd5-4695-ba25-8afa24556e4d,0.58563850362875,207.77999999999997
dc55923f-8149-43c7-a49b-b62a19c7cebf,0.58547711425345,243.78
bab3272c-a5e4-4faa-b792-54e5ff0cf451,0.58701673354305,225.77999999999997
9206f83b-226e-4ce6-937d-eefe0b26d38d,0.58461589701415,155.77999999999997
b32790bd-e584-445f-ae6c-c5279e4bd3df,0.58473576791535,238.78
154be93d-4cf7-42ea-89c8-4a9edf58dd7c,0.58382192669145,234.78
8ab612d5-6fbd-4ee6-8fe7-4c8ddd277913,0.5844906932612,255.78
fa6515ba-2a1b-4573-bdcb-54e7cdbf0175,0.58330556039155,245.78
20acf777-897f-441f-9920-47acf2cb5464,0.5825970201132,215.77999999999997
1ebc85fb-68a9-4e45-bf92-4dad634c782b,0.58438471813735,231.77999999999997
83a48f81-0ab3-46ad-8e68-aea9f8949650,0.5816022785221,245.78
107fbdd7-4b2c-46bc-bc19-1e2d7086250c,0.58332277220665,268.7800000000001
eb465f7d-699e-401a-b059-4dc80620ea99,0.5833411984295,298.78
f0b522a6-ad47-4ae6-a3d8-6861b0e993fe,0.5865971060607,152.77999999999997
6a5a7bae-bf86-483b-957e-4ecad841186a,0.58518903746265,195.77999999999997
7643a346-450d-4f73-80d6-6e37dd06ca6a,0.5847932489859,250.77999999999997
685ade46-8427-48fd-9907-7724f6314376,0.58563850362875,207.77999999999997
f0f9cd6c-aa87-4765-ba53-d41a8d506e04,0.58547711425345,243.78
1b0352a2-8c49-4d76-8cad-784d119af279,0.58701673354305,225.77999999999997
e2c80b22-7093-4eee-82c0-ae59fd785eac,0.58461589701415,155.77999999999997
77f0eb34-3b88-4072-a700-1e56fc0696ea,0.58473576791535,238.78
0cce0677-c1ed-42e8-9b8e-f0cf4087cc0e,0.58382192669145,234.78
23bd8565-9bd0-46d9-aca8-a21a5c7b2a7c,0.5858203156555,251.78
d3ee8e65-0ede-4409-a8a4-0a81638a1c3b,0.58330556039155,245.78
4cf28941-96a1-4e02-b472-45c00ed64cb9,0.5825970201132,215.77999999999997
343755a3-e5a8-4520-8494-24221d8d9f98,0.58438471813735,231.77999999999997
f95eab62-cae3-402a-84e4-04cc2979d092,0.5816022785221,245.78
e54f8043-f48f-4958-9ced-aca0d1eef2bc,0.5825523927179,236.77999999999997
d3936caa-c2b8-4875-82c3-5c4222122b4e,0.58547711425345,243.78
505242ac-374c-4068-85db-e1228d0c68b0,0.5865971060607,152.77999999999997
ed5bc1e5-01a4-4421-a157-1d0fcc7f8b3e,0.58518903746265,195.77999999999997
a1b55978-8850-45a0-9d7f-744f13657552,0.5847932489859,250.77999999999997
1917f8bb-ff12-4afe-873d-8f580874aef0,0.58584107778525,233.78
3ce94ff4-98b8-4f9a-b208-82e6f2c96595,0.580150084931,253.78
cba868d1-7f90-4bd3-bc1d-9e1d9eaf24da,0.5841843617535,238.78
6feef06f-96b3-40b2-b1b9-294b43914c70,0.58461589701415,155.77999999999997
b43da15b-c600-45d3-a521-06cec45bb7f3,0.581235473201,232.78
a6ccb7d6-d232-45fa-81ae-e8a5dcfe3553,0.58126131132705,221.77999999999997
82a20973-d70f-46f2-aa03-c559a6c9b44b,0.5828223538464,251.78
72c8a54f-338d-46a6-9c2f-f9cd5d0aada9,0.58741094958225,216.77999999999997
13c1f68f-0754-4e86-89c4-fd410c42955f,0.58188020533585,241.78
b0ed4932-2841-479c-8cf4-994d4460cfa1,0.58208022963595,219.78000000000003
a93be367-caae-4705-8008-c341d17d4be7,0.58708364419765,231.78000000000003
2fd1a9be-3b60-47dc-ba43-3d87379449af,0.5819454953133,242.77999999999997
b683eb68-3439-4b5b-8d68-87aeabf9f979,0.5873921003462,214.77999999999997
5d2e4687-bbed-4e77-b909-7203bebf6ba8,0.5865971060607,152.77999999999997
b0cc5463-2006-410d-a9ff-d1945fa728a2,0.584554351627,226.77999999999997
b3c93a76-aee2-4865-baac-b02348d21f0a,0.5880428507036,187.77999999999997
94afa282-f1d1-41fa-9e66-bc27cb8726c0,0.58584107778525,233.78
3e1c5439-7dca-4d24-9a54-298f9fd0c01b,0.5879127283156,187.77999999999997
5f4fa390-9cf9-4d2d-bda1-cb4db5a6a2f9,0.5841843617535,238.78
08a084ec-6800-49c3-93cb-291864f2b5e6,0.58461589701415,155.77999999999997
2ffe7e00-0e79-4549-8c4f-3ea206144de6,0.581235473201,232.78
2d31c550-bc17-41f1-a4ee-440ce1944f62,0.58126131132705,221.77999999999997
9f91c3e7-c213-49de-972b-822e698605a3,0.58584107778525,233.78
07bc054a-3bb0-417f-83a7-43d18d90e984,0.58741094958225,216.77999999999997
11374990-e3db-44d6-b0d0-741478dc6d92,0.58188020533585,241.78
567b34a1-70c2-4fcd-9fbb-48290112c389,0.58208022963595,219.78000000000003
3a206487-fdb1-44ee-adfb-7b1b18a3c65a,0.58708364419765,231.78000000000003
65d7cdcb-5c53-404e-a40e-0d378423b4f1,0.58487153037745,204.77999999999997
bdd6d71d-8c44-45f5-a5a2-63b600229cfe,0.5873921003462,214.77999999999997
e1db8cac-23f5-456e-ae0d-65fc5d8e7bcd,0.5865971060607,152.77999999999997
3bfe434d-4202-41e2-9e27-c809149c3db5,0.584554351627,226.77999999999997
57a43cb6-00f8-4176-84be-ee4e8b9732f0,0.5880428507036,187.77999999999997
ea6aa1ab-ebfa-4f85-97a1-d46b2af07ed8,0.5860010663347,261.78000000000003
2feb66b0-c722-471c-9e35-7af28dd6548f,0.58399883756395,206.78
089a6107-f946-4bec-991f-19dc1810f039,0.5842712326016,256.78000000000003
6af5cddc-a4cd-4ec0-a164-89706d180a42,0.58461589701415,155.77999999999997
d65da296-315d-4976-a4e9-b1e7c860f5a6,0.58079747576385,239.77999999999997
d9170fd8-03eb-4827-84f5-b703c3c46ac2,0.5849570256206,236.78
b1cf6cd0-92ab-4a03-a9e2-a2d499a109ff,0.5814808014688,287.78
ca7ae0b7-fe79-47d2-937e-ea0415d4636a,0.58413484815395,234.78
a5754245-01db-4382-981e-1d2f4d0e6581,0.58304454896695,261.78000000000003
c98d4c3b-94b0-4783-812c-d07d87d1e1d4,0.58740845393935,199.77999999999997
efa10f0a-7682-46c6-a76c-db4ad841cf8d,0.5815806591382,260.78000000000003
e91024b9-1016-467b-8823-0bc9510813d9,0.5844587933408,237.78
82c84613-30b9-42b6-a6cf-250595910241,0.58660097151945,215.77999999999997
dc3e45a8-915e-4e53-ab99-43ebb62eca77,0.5865971060607,152.77999999999997
6f7f4c67-17aa-44de-ae2a-8f5403ef6b77,0.58298536007875,275.78
6ed9989d-44f5-4e6c-a321-e57bc91a38b6,0.58912845116085,230.77999999999997
83afbd02-3459-41bb-9e65-3ce6f1b43f8a,0.58612282398395,244.78
95e3b0d0-089f-4809-8d28-a3cf0cc41379,0.58399883756395,206.78
03a070e3-a305-4b2a-8ae0-301c12a8a1fc,0.5842712326016,256.78000000000003
993d4634-5bcd-4d4c-921e-d12c2de3a9a5,0.58461589701415,155.77999999999997
351769a0-7a59-4310-a648-1eeec066ec28,0.58079747576385,239.77999999999997
d4ebb0b9-f0c3-4efa-8e05-610d596fb4ee,0.5849570256206,236.78
2fdbf4d0-20a5-4b51-b795-779caf65ecd8,0.586835679637,248.78000000000003
f2abacbd-7251-4887-8663-5329119a55fc,0.58413484815395,234.78
dc47aa79-83a7-46ca-bca6-063c8c628aec,0.58304454896695,261.78000000000003
13ae9a85-27db-4c27-a989-92e9e6b7eab3,0.58740845393935,199.77999999999997
eb0f52d7-168b-4f98-b52a-b0262a8bf50f,0.5815806591382,260.78000000000003
219e63c6-a2de-456a-9131-07138a362888,0.5844587933408,237.78
cf762816-5357-4e5d-9e03-59a03515d624,0.58660097151945,215.77999999999997
c628a5ab-73d9-4d70-90a3-f2ecc526b45d,0.5865971060607,152.77999999999997
9052b894-095a-4217-b7e6-5e7d4a1e3029,0.5838869226023,260.78000000000003
10bece8a-924c-4dec-817e-cb318210840c,0.58912845116085,230.77999999999997
eea11bf7-4c42-4123-8925-438f4143fc4f,0.5836746344015,266.78000000000003
745f57e2-1f86-483d-b547-88a70b844216,0.583714116122,229.77999999999997
93ce840a-e3ec-49f4-a0ed-32c4a56b0c72,0.58254619518215,271.78000000000003
a3146ab2-f002-4316-9062-326d23e39053,0.58461589701415,155.77999999999997
c7382e3c-88d8-4b4a-9d90-c8d36cc47415,0.5827126684167,218.77999999999997
869a247a-0d6a-4cbc-a0e5-b746ec83a963,0.58693469509815,220.77999999999997
610a11a8-95be-454e-b232-5177854156ec,0.58700550590565,189.77999999999997
3a8df3de-91b7-46bb-bea9-900cf7cee06f,0.58355994653845,240.78
636f9c23-68c7-4aa7-a3e6-63f2b9d58e1c,0.5847043997584,273.78
f5721172-cd83-423a-8eb7-02ee4edd50b8,0.5844714687232,252.78
d3277737-eb8c-47e0-9ba4-ea5906b3672c,0.5829513430274,228.78
279fcba8-7617-4e06-981d-4279012e3288,0.58250460161315,212.77999999999997
346346b8-d1f8-4043-9e82-b7cd0d1c83e0,0.581810839294,266.78000000000003
ded0331d-a3da-45e4-b00c-72304acb747d,0.5865971060607,152.77999999999997
69073258-6668-44bd-a752-5edd844457aa,0.5882829955423,182.77999999999997
9bcde0ad-e4c5-4f99-b375-8ed37580811f,0.58507647862945,245.77999999999997
36d5d505-f8d9-4dbf-aa1c-da0c5d7874bc,0.5827769618157,185.77999999999997
2ff77c56-8502-4169-8171-35351283db20,0.583714116122,229.77999999999997
ac7b4eec-e2f9-4a5a-82c9-07d0c1a97574,0.58561983432555,231.78
52f70d6b-4d9a-4960-8131-1bd689e9ad87,0.58461589701415,155.77999999999997
07f97186-1390-4577-bf38-659c61e86820,0.5827126684167,218.77999999999997
bcd95ead-633c-49eb-8b66-acfe5a85a66e,0.58693469509815,220.77999999999997
03137424-c176-40ce-9164-4b265f8dacb6,0.58700550590565,189.77999999999997
a3404076-b561-4dd2-aae9-598a22e1823e,0.58355994653845,240.78
aaab8e4b-b85b-4667-9f44-f6f67f6c6bbc,0.58591074970545,212.77999999999997
fc5f036c-90a3-41b8-8c37-ee7a91991bb7,0.5844714687232,252.78
70edb6cc-1fdc-44ee-9b96-104ca153458c,0.5829513430274,228.78
293ff62a-df82-4852-8efd-abeef7a861f7,0.58250460161315,212.77999999999997
fe8f9b72-1f7f-43ed-904c-e7d26837db78,0.581810839294,266.78000000000003
f36f8864-01a7-4f4f-802c-e88e04938cce,0.5865971060607,152.77999999999997
d6e19766-89aa-4bed-908f-983c403b0893,0.5882829955423,182.77999999999997
089be125-b2d2-4d25-bd64-9408a090f2a3,0.58507647862945,245.77999999999997
4fd7720a-0041-4c4c-a517-105b969e4c5d,0.58170391259675,219.78
aba8ab98-6143-4e49-bc44-f46d5cade021,0.5874845786171,201.77999999999997
bd447a1a-6482-44fb-a06e-1e6a9b8e1313,0.5849168455099,187.77999999999997
4ccb6ede-7a88-4529-965b-739fae10d00c,0.58461589701415,155.77999999999997
be2fbf86-9e49-4608-a817-af72a7da13a0,0.5876536289978,215.77999999999997
2d800e5a-a459-4012-a5be-9bd611877f83,0.5810757940634,235.77999999999997
09e28dde-2e94-4d15-8205-6d03807c4263,0.58527118379065,235.77999999999997
83250cf2-4a59-48da-b07f-8803a020bd60,0.5867062356104,214.78
429e442a-ba0c-4069-b7da-6f071bf8f2aa,0.5825266013148,239.78000000000003
f12e724e-5de8-457d-8a11-4eef0728011e,0.5862796407866,235.77999999999997
c9672a7c-09a9-4110-a0b0-2ac20af24f4a,0.580802908678,214.77999999999997
143a73f4-c601-4127-abba-56d9b1cfad76,0.58722841702585,211.77999999999997
3e481547-2b6d-4409-9038-2934b16259a2,0.5862588118427,221.77999999999997
ea44acae-0e48-476a-a363-f5c924390ac8,0.5865971060607,152.77999999999997
25093df7-b277-4d7a-941a-be6750cbc729,0.58368044890295,268.78000000000003
2a0c9751-a86f-4d88-8c68-d13e337ff320,0.58468714000365,216.77999999999997
025a2087-df3c-41dd-a7f4-3cb050ad171e,0.58170391259675,219.78
32472d74-e25d-40aa-a8b1-ebb17fc360e8,0.5874845786171,201.77999999999997
fd8c1244-6711-4830-b2ca-b16213066691,0.5849168455099,187.77999999999997
0c547e81-5c9b-404f-9f5e-cc737a1c0bf6,0.58461589701415,155.77999999999997
970ba07c-62b7-497e-9e24-3fa668e33de6,0.5876536289978,215.77999999999997
ce7fe578-8e6e-496e-a759-1fe20d3060bf,0.5810757940634,235.77999999999997
95e540bb-1c7b-4a6b-a5da-3da7db805d5f,0.58527118379065,235.77999999999997
79241368-6b3e-4a7d-bf20-e283c682d691,0.5867062356104,214.78
387f6e97-24f0-4701-be28-ef46947164b0,0.5822931092042,210.77999999999997
9fe858c5-f83c-419e-b8ca-b95f67fbf716,0.5810757940634,235.77999999999997
c842feb9-9947-41fb-9d8a-63bf193ae746,0.580802908678,214.77999999999997
3194efe4-8e02-46e9-92aa-ab1fbb478246,0.58722841702585,211.77999999999997
d80b85b5-8066-4f56-a055-0557abe2b290,0.5862588118427,221.77999999999997
aaf23a62-b5b1-4fd8-9205-1878e6c35828,0.5865971060607,152.77999999999997
2c879acd-58fa-48c5-87d1-cdb72b119a59,0.58170391259675,219.78
82dcd2ee-cdf1-4d58-a852-6556feb15746,0.58468714000365,216.77999999999997
f7c9b3e3-01ec-4ad6-9633-13e428339200,0.5825147610678,251.78
be0635e2-6afc-4bfc-abb7-cc9a5509d419,0.58281167776395,226.77999999999997
522739ce-b6cb-48f5-8e3e-5e2023dcc767,0.5866716128098,254.78
7d454f06-19b0-4087-800a-125c50ebd492,0.58461589701415,155.77999999999997
de526ee1-8c40-43a5-bf5c-824105a08658,0.5841055511902,263.78000000000003
f8ee6449-2a22-40d9-a3d9-0d07d1fe04f7,0.5829330706937,263.78000000000003
c0bb8362-dc0b-40b5-98b1-cbdc172fe3ef,0.58255521640195,231.77999999999997
e1729e94-4a09-42f2-bf7b-45a9e95da24a,0.5825603878847,227.77999999999997
97d96a0d-2ffb-4aeb-84e0-ee072d3280a8,0.58275596737545,237.77999999999997
b45a0ba7-1566-471c-af73-964fdea4a117,0.5817578867587,222.78
6d619585-fa69-4051-abea-14a27ba620d3,0.5809612553966,189.77999999999997
1cd38a37-d3a2-4a20-b287-6227d510af85,0.585739656937,205.77999999999997
5f92af26-8c75-421b-af88-57dcf655d765,0.5827340094979,226.77999999999997
9ff26931-85a4-4121-b1ce-c0b6a763c150,0.5865971060607,152.77999999999997
ce1bd4ca-237b-4968-a4ee-57f499822dd8,0.5834919739942,226.77999999999997
8a408118-7e7f-4fd2-bd86-a4ba5f96079d,0.5856923891331,246.77999999999997
cf539dfe-e6a3-431f-a2cd-90dd73120643,0.5825147610678,251.78
d2677b21-7af9-42e4-93de-ac8109e00dd2,0.58281167776395,226.77999999999997
6e3d4b03-0df6-4690-a907-1a9fcd626b46,0.5849508476906,254.77999999999997
3f6842a7-e0a3-49ec-a869-a775631a5ddd,0.58461589701415,155.77999999999997
4d7f1121-5cb6-4db7-a3cc-e923bde06a35,0.583449573483,251.77999999999997
78f6f2b0-8c09-45e1-8703-9bba6ed82cb8,0.5845409989978,215.78
861cd26a-1492-4cd0-9784-5f1db3a5effb,0.58255521640195,231.77999999999997
67be169c-ea82-4cbf-8a54-4b6d7ef00db2,0.5825603878847,227.77999999999997
fb9d2b5c-3124-4940-a6d0-915e1da91ac5,0.58275596737545,237.77999999999997
b57cd344-86df-456a-8348-48d8bc5fec71,0.5817578867587,222.78
4e7cebf2-a978-4476-a0a0-5596c0bc0f57,0.5809612553966,189.77999999999997
0281fc30-0bc2-43d6-b6d8-ae6373775c05,0.585739656937,205.77999999999997
14d01114-0012-4819-ba45-dd52c854f41c,0.5827340094979,226.77999999999997
4fc6622f-b53a-41ad-ba3d-5ade313086be,0.5865971060607,152.77999999999997
4b50d4dd-9837-4ad4-8b07-91c85c0eefa6,0.5834919739942,226.77999999999997
2024eb8f-3b10-4515-904b-93b34a42eb7b,0.5856923891331,246.77999999999997
af2777d5-d1e8-4d95-8793-9879cc8c0c92,0.5838922569063,255.78
06a4842f-56bb-4b5a-ac03-06f9a4ebd702,0.5848349889885,242.78
152f452c-a842-4f54-987b-44cfb4b61107,0.58283047415065,208.77999999999997
3e51be8c-4c15-4958-9075-624b99a973a9,0.58461589701415,155.77999999999997
81ecbc98-9fac-4772-8f17-d9f94634e1dd,0.58650674791705,183.77999999999997
c681392e-ab35-41fd-9f99-deba6bfda703,0.58342989247415,257.78000000000003
baefec6c-b946-4ccf-81ef-6985a5d810a1,0.5838386794449,194.77999999999997
b2333715-cb5d-4c11-a5c5-457347966084,0.58219696446045,226.78
3c11c375-4998-4653-80f1-b2985e98e99d,0.58495886276055,237.77999999999997
ac3aa54f-2f2a-4408-aa8e-89041378b7d9,0.58446771835755,229.77999999999997
0b5e0f61-914d-4d77-b2f3-bf696debc7f0,0.5813745131793,270.78000000000003
952501bd-393c-458e-91fd-39c1b5e8e0ee,0.5834345422581,217.78
7151e7b6-b975-46e8-9f83-b734ce4a1052,0.5813790611913,253.78
c00d9f89-38b8-483f-b8f2-20a00c28997a,0.5865971060607,152.77999999999997
6ea7d88f-f740-4300-b1bf-1fa61f9c024c,0.5826094421897,223.77999999999997
e97af7f9-c345-44c0-8a43-86a17ff0590f,0.58341252041655,272.78000000000003
18b9bd74-fc1a-41b4-b795-14cb094e2c1a,0.5838922569063,255.78
b340d2b7-0848-4ed5-bb68-927fee8e452d,0.5848349889885,242.78
5a97821d-02cb-4209-839a-5ed51f42ed72,0.58283047415065,208.77999999999997
6d19f0e1-e002-4305-9913-76f00f0ad1d5,0.58461589701415,155.77999999999997
d9338f38-0837-438a-a2c1-c879efdfc8f9,0.58650674791705,183.77999999999997
30fe2b32-c947-4f98-b00e-425808086630,0.5862987890718,216.77999999999997
2d7821f2-1664-4025-ab87-e8ec68f762ef,0.5838386794449,194.77999999999997
1212d501-3ea0-436c-9786-84d071490338,0.58219696446045,226.78
1a808002-14a4-4967-87d4-62ab2b948c47,0.58495886276055,237.77999999999997
bce2b860-9af7-462a-b78f-af85a967c57d,0.58446771835755,229.77999999999997
5f9d14d7-68fa-45e1-9262-bd6cac331dcd,0.5855154446667,247.78
1cdc5a62-3239-4e6c-90ee-6249dc66976b,0.5834345422581,217.78
1c68444a-c2a9-4e4d-953c-57a970d0d376,0.5813790611913,253.78
19528874-d080-47e5-8683-5bc3c2268a44,0.5865971060607,152.77999999999997
c062a6fb-f746-43a6-ad64-cbcd326cd865,0.5826094421897,223.77999999999997
c81ae3dd-3b0b-4579-9bb8-e23d85ad6021,0.58446771835755,229.77999999999997
c1b0884d-a414-47eb-bf24-586e7816119d,0.58433401858395,269.78000000000003
e078ca19-89d3-4c2f-af71-0ad16cd42ba6,0.58305078482305,222.77999999999997
a30f431f-de80-429b-ac10-a5105b98c170,0.58384922503685,236.77999999999997
40ef56a8-fd05-4e14-9c29-40984176bb3a,0.58461589701415,155.77999999999997
899ac94d-bef5-4564-872e-cc113340f3ac,0.5839277480911,258.78000000000003
5726371d-0c35-4f65-9fb5-9f2d6f07ebd6,0.5836112998633,219.78
eca5e6b9-bb6e-4a71-bee2-b54ab9ef59e9,0.58215046979065,270.78000000000003
d229e134-8f83-41d0-adaa-4273f3ca5a97,0.5867655229686,218.78
e6b493c8-7e75-43b9-a949-42144e3f600a,0.58418588751995,225.77999999999997
205f467e-ecef-45da-9ee1-99d735f18425,0.58026350597825,237.78
31300fb2-d7cd-446f-b332-5bb507af55e0,0.5863699097136,235.77999999999997
ec1b3c04-a3ca-4ad3-8c94-b710180d08a9,0.5877809541058,235.77999999999997
3aed0ca8-16b5-426f-aff1-2d8a8f3f8c9b,0.58607129557675,224.77999999999997
f0f51f09-8168-485b-ade6-49e7e5afef42,0.5865971060607,152.77999999999997
817dde98-eced-4c7d-a068-af3205c20c8c,0.5863860481892,248.77999999999997
1deb797f-244a-44cb-a204-d570d8cccdad,0.5810694499425,239.77999999999997
6a05f775-9a11-4967-8e13-b48c33cbaab4,0.58307579311065,228.78
a516a9f4-704e-4bc6-8005-b9932857c17d,0.58305078482305,222.77999999999997
5e423ddf-12e6-44f9-becf-640adecc3c6e,0.58384922503685,236.77999999999997
41ccfe96-c2fa-474f-bbdd-21e5e3b1a456,0.58461589701415,155.77999999999997
8dcb6d93-cbc0-4bb3-bb8e-0d46de79da17,0.5834998422374,213.77999999999997
b406011f-c037-4f27-bbdc-451b5757c439,0.5836112998633,219.78
ff0e0b47-a512-4936-8be6-8530f50d458c,0.58671899527705,249.78
4a9d56b8-a762-4a94-ab3e-ac62ef2ae472,0.5867655229686,218.78
2d50fdbc-c6f6-477b-8b99-296083838876,0.58418588751995,225.77999999999997
e3b576f4-5a35-418d-9f34-a8c2ef2257fe,0.58026350597825,237.78
af53e35a-be02-4e81-b59a-761e61759f94,0.5863699097136,235.77999999999997
ab85a265-93be-42c3-93e1-0710b4fc6998,0.5877809541058,235.77999999999997
c2bde44f-4341-47b2-9c96-bbbf39358447,0.58607129557675,224.77999999999997
7e0a3a8e-a7ca-491f-8690-dae9fa7d1704,0.5865971060607,152.77999999999997
0b147004-a8d7-4e74-a251-6438a2ea5ab6,0.5863860481892,248.77999999999997
b15ecc83-7dae-46ea-8871-ba99bb656931,0.5810694499425,239.77999999999997
c4832b52-ae4b-4957-aa7e-0d1bc96ab602,0.5853246273505,256.78000000000003
fdd5be32-bf59-478a-bfd9-6c1a96afa467,0.58446906950405,253.78
a60f7ed0-da08-4c0d-a4e8-c2c42b784d5e,0.5826088390509,200.77999999999997
4d25c6b8-d6bc-48ca-b4b1-52c85c185962,0.58461589701415,155.77999999999997
2a05300b-bc6c-4fad-b0f9-d4e0e7f6a356,0.58349224110055,252.78000000000003
4b0ca6f9-b1b8-47e3-a6af-ff266d5f1add,0.58748862978775,238.78
f68ff928-1905-4664-b58b-903e78423c46,0.5827085310699,228.78
9de76f3d-383c-4368-8fe7-f2196fd227ea,0.58214265631695,220.78
ade4dfd1-f8e5-4144-8445-2f1aa32d85f3,0.58435926078045,210.77999999999997
24681eb3-9d49-4280-9dd0-09ae758a943b,0.5874432167503,264.78000000000003
6e2b2f84-2f4e-4969-a9ad-6c4f36909927,0.5852316409311,227.78
cb369b10-a99f-498f-aff5-509ae3232168,0.58432960343295,238.78
9502ad4b-2b8f-4f45-894c-027798a780bf,0.5834734813391,254.77999999999997
db936583-d710-421b-a405-a6cc5f0e05df,0.5865971060607,152.77999999999997
304b2f1d-ddf9-48d5-b5da-43f734317c82,0.585985256487,222.77999999999997
4f14821f-4a23-4f93-945d-c66b9644015e,0.5855704350816,241.78
a9c5ec95-f725-4ffe-ad88-22316e57f9aa,0.5859770417577,248.77999999999997
3b034c08-1577-479d-979c-b9853e0c4677,0.58446906950405,253.78
63d11b1a-ca2f-4c11-8de3-a2e107b146c5,0.5826088390509,200.77999999999997
8d155dc7-50da-4c26-9402-d19a87ddafc3,0.58461589701415,155.77999999999997
2744f763-20d4-4d6b-a3c2-8438d7401e8b,0.58349224110055,252.78000000000003
ecb33767-f6bf-41af-9b27-22ab0c964ffa,0.58748862978775,238.78
3a116574-968d-4056-a355-44281f53a0d7,0.5827085310699,228.78
6868a6ee-bd43-423f-b9a8-aeb86c71dd39,0.58214265631695,220.78
ecd8b648-3da4-409f-adf4-0baf1f3b8b8f,0.58435926078045,210.77999999999997
9656f842-df50-4dd5-802b-b6a0b52c2bb2,0.5831152674393,231.77999999999997
1caf01d4-94bd-484b-8654-199adbe91726,0.5852316409311,227.78
1e553b74-50e9-49e6-afe6-f15e839e0a94,0.58432960343295,238.78
c574c217-8a21-4a8c-9fb7-125ba563f081,0.58492822284175,230.78
e51eb977-a67e-457a-8861-4c61777c4874,0.5865971060607,152.77999999999997
17a40f5c-07cf-4229-b55d-3b2d1cc536aa,0.585985256487,222.77999999999997
5a709e5b-35a2-41c9-bbad-ce1a1a0ed3e0,0.5855704350816,241.78
cd649fda-9cc5-4ab0-854d-88bd2c7c53fe,0.58252474003275,235.78
59a4fe66-6a48-4d54-be92-5dfe001f23bd,0.58289053202025,219.78
ab638ec8-575c-4d5a-ba6c-0d925504aff3,0.5822921967745,218.77999999999997
b62ba100-af3e-4ff1-bbc9-e42d2efe2121,0.58461589701415,155.77999999999997
dcf57e4a-9c23-4e6a-ad1c-7348bf35d704,0.5855672331719,243.78
0d2a7efc-ad6a-4c77-8a1a-1bbc748f9717,0.5842813724832,235.77999999999997
db63d59d-514c-40b3-9a71-708d48254b5f,0.58614462121885,216.77999999999997
86f38616-fe17-4237-8115-c53e82c307b8,0.58755965157205,202.77999999999997
6b442692-045d-4263-92ff-6aecc21058ad,0.58805964381985,216.77999999999997
f61627e0-92ff-45a7-886b-e9e6642fa060,0.584564923614,226.77999999999997
d01af077-cfe1-40ae-b47b-56ff5b6ca9f0,0.58505587394,232.77999999999997
889f49ff-f69e-417e-83c9-ae031114ad59,0.58647044957275,215.77999999999997
e89314ec-047b-4b41-bd19-28a83332db1b,0.58725639015165,221.78
15729d6b-5c9f-47c9-a7db-bf66ab656c57,0.5865971060607,152.77999999999997
2a663df9-643b-4b42-b17b-0f68d1090572,0.5832269828517,249.77999999999997
799ad389-ff0e-4296-9af4-42ccc91ca7b4,0.58258992654375,258.78
bcd12246-569b-4b89-b75b-6aa4495ff055,0.58252474003275,235.78
f5486ff4-b135-4f53-8d81-c4a60b40e8b0,0.58289053202025,219.78
b5d6fe7b-e2c0-4b3c-936e-e244df6ae246,0.5822921967745,218.77999999999997
2250c5f7-3577-4431-bf00-b16a8caa5553,0.58461589701415,155.77999999999997
c7934357-8f96-49e5-b0b8-e41b17c78af4,0.5855884091541,224.77999999999997
7f38302a-6c08-451d-b297-7fadc0a77f54,0.5842813724832,235.77999999999997
3c68cd0d-61a4-478f-ba0d-77d3c5bec3df,0.58614462121885,216.77999999999997
b5bd9ad8-1668-4468-b390-fe9ffec1909c,0.58755965157205,202.77999999999997
291e8afa-5bc3-402e-8a2e-052a1036860e,0.58805964381985,216.77999999999997
aae66f60-b9df-4121-a2bf-0dad4df3199d,0.584564923614,226.77999999999997
d6cfd352-4c91-465f-8518-7c9aaa0159bb,0.58505587394,232.77999999999997
20eed85d-c521-4ab7-9e2c-61dbeb4abc5e,0.58647044957275,215.77999999999997
fb688143-840c-4f7b-b0a4-cb79e9a55bdf,0.58725639015165,221.78
2e510a0b-6682-40a9-991d-20d0d163e3d5,0.5865971060607,152.77999999999997
4ceef6e4-a9cf-49d9-9b5a-e650e8d4b069,0.58543151502195,190.77999999999997
9409dc2a-3728-4ee4-8790-fdc62ea31273,0.5834819476047,260.78000000000003
32b809e9-f3b6-489a-aa61-2ad77a67179d,0.5835729394486,233.77999999999997
cbd12f0a-c46a-4ed5-8850-c10edd97a45b,0.5843523641531,224.78
65d2e6ea-e3a5-4925-92b5-636c56a97170,0.58249015011885,261.78
9aa854ca-6671-4ed6-a31e-b85423e24994,0.58461589701415,155.77999999999997
8ba2be62-0db2-4ac5-b9e2-2fa5376c550c,0.58089836609975,276.78
8ce71543-bd8b-4bd8-ab6a-4586fc58016b,0.58593191128935,217.78
97bfe0a0-785a-4628-87cb-6c5107e9a78d,0.583835101083,232.78
7f979f57-0d9e-4859-9e2a-8380fa69d3ba,0.58573547051305,235.77999999999997
333e3ae1-dd90-40a6-b0a7-52f971acc99b,0.5823881491065,257.78000000000003
fb274026-235f-4632-8cf6-7b4457a24ba7,0.5842851819282,207.77999999999997
4817070d-dad9-48a3-ba50-b189f56d3451,0.58467335460575,236.77999999999997
658350fa-b916-4a32-8b4e-1939c9193606,0.5878087270001,223.77999999999997
872bc9a8-4ab9-4851-92e3-34edc6b04e9c,0.5775830336698,262.78000000000003
2adbe1ea-7fb1-47d3-97bb-9c3cf133ae48,0.5865971060607,152.77999999999997
d02886cc-5dd4-411d-b7f1-5314eae6eeb5,0.58352309810835,233.77999999999997
95c48a25-478e-4dac-9103-60246ff7acfa,0.58346057550885,253.78
32d318a1-97fa-40ff-970c-1a5f29bbb4b0,0.5835729394486,233.77999999999997
a721c592-cb6b-4744-b89d-108b2c75f76d,0.5843523641531,224.78
fd08603f-4056-4db3-b920-7f072c04829e,0.58449257841115,210.78
c82f5c48-50d5-4056-9101-a67e4ed40210,0.58461589701415,155.77999999999997
5ec9a6ea-cc57-4596-93e1-147a4889eff9,0.58223417212215,246.78
7b5e47f3-11b5-438c-a450-30358e83bb25,0.58593191128935,217.78
791c9ca0-ffca-4d8f-a221-709319c0004d,0.583835101083,232.78
303177e8-25b6-48e0-98b9-1ac75331c44e,0.58573547051305,235.77999999999997
c8c52e70-840b-4299-951e-4a8bb7369568,0.5823881491065,257.78000000000003
c6bef764-945d-491e-9159-0913336c37c2,0.5842851819282,207.77999999999997
e406ca67-d96b-4f94-bbfd-8c27ef4a1335,0.58467335460575,236.77999999999997
d66d6ee3-5fee-4027-a010-04a885ead708,0.5878087270001,223.77999999999997
7f285586-875d-40cb-95e9-071e55043d44,0.5835729394486,233.77999999999997
97afb155-8516-4406-a371-e60f644955cf,0.5865971060607,152.77999999999997
d66b1aff-d6ec-4517-9954-e4006b884405,0.58352309810835,233.77999999999997
ac294b17-bda3-40d9-bb68-bf0a6dfb653f,0.58346057550885,253.78
e30001dd-9b5d-4366-8e19-5398bf4aea38,0.5828994949756,222.78
978fe39c-585d-4399-adc4-7edc89898066,0.58228154883005,227.77999999999997
ab707055-abe7-4c3f-9820-ad794ab62874,0.5822507136588,289.78
6d5248e4-15b4-4fba-91b4-13b366080e50,0.58461589701415,155.77999999999997
62645dce-73af-4d5b-97d3-835f5b4863bd,0.58485820444845,218.77999999999997
47a25b9a-6483-4c99-8fc4-86d11adc10aa,0.5843422522212,207.78
21a2f74c-d0bb-4d89-86d0-136c8af8c758,0.58329367503205,258.78
c42a81ec-b36f-4ce0-b12c-f8c3f9a9e693,0.5822949279775,223.78
2ee2d0a7-c0a2-43fc-834f-63122fa507a3,0.58711066288235,187.77999999999997
13aa55ab-750f-4313-8d1b-a357fe5108c7,0.58136204474445,209.78
467e74e6-b677-4cdf-87d8-4b3d40a82509,0.5813623648709,264.78000000000003
654a3899-1e8d-434d-8757-15f516aeeac0,0.5814857644493,266.7800000000001
f8a6175e-9ad3-468d-82bd-8c7e79508b13,0.5841493437384,267.78000000000003
22b6bb5a-354a-4620-a115-0139f3e0c948,0.5865971060607,152.77999999999997
222f431a-dbba-44f9-b4e1-537b59402248,0.5821257694749,231.77999999999997
5580881f-5521-4356-b1e1-bdf9546788bd,0.58389504938605,255.77999999999997
9c2bee52-0278-4345-8d54-3f3d3d47e647,0.5828994949756,222.78
b9caaaf5-34fa-49df-b928-39e5205ae87c,0.58228154883005,227.77999999999997
e263259d-c659-49f5-8d8f-5f1e41df1000,0.58804787456145,233.78
3e25644e-0f55-474f-94c0-c84e0c110a5d,0.58461589701415,155.77999999999997
8194722a-0c56-4da6-b6bb-cacb0981b2d7,0.58485820444845,218.77999999999997
65432527-3644-4317-8e2e-567457a3d30e,0.5843422522212,207.78
a0f9c704-7b18-4325-bf00-f0b16ba986bb,0.58329367503205,258.78
d4c39961-c5f7-4b62-bfa8-e33496a9a26a,0.5822949279775,223.78
6329742b-043f-4c85-b175-3d865931ac1f,0.58711066288235,187.77999999999997
6287a939-48b9-4237-86c4-847f8184e240,0.58136204474445,209.78
3141c7b4-1e4a-43c4-a426-1552eeaf189e,0.5813623648709,264.78000000000003
364fbcbc-0e63-4c1f-bba3-a3b46e0efc5f,0.58561716484615,195.78
3929662a-3bb3-4efa-9cfb-45f1e799c1c8,0.58565277677465,197.77999999999997
ea35577e-0630-460d-9d3c-3b06db7d69ab,0.5865971060607,152.77999999999997
01fe46f3-5b7c-4d6a-87db-5f1a94c7f1fc,0.5821257694749,231.77999999999997
a71fb760-0bcd-402a-830c-19e95cf9bae4,0.58389504938605,255.77999999999997
2792ef9b-bd2d-4c51-bee0-df5882e7679e,0.58432400819445,223.77999999999997
90258cf7-c2d3-4c93-862c-2a36e5763921,0.5877831025794,240.77999999999997
71408599-6cf3-4f70-91cb-45f324bf07fd,0.5859515122,257.78000000000003
8ebf8923-9d74-4c6d-b892-78cb971a30d3,0.58461589701415,155.77999999999997
24dc9992-4cf7-4c95-a4d1-83e757ff66ed,0.58624383448245,243.78
04b20877-4fa6-454d-a68d-bba0bb926ddb,0.58146873799085,220.78
d4929421-2f12-458e-9d52-2f8bdc9acedf,0.58471115037255,211.77999999999997
2c9fc50c-c4fc-4529-a37f-b2f87b22f619,0.58210771461535,255.77999999999997
7a1cfb4e-ae89-4345-a994-de6d2faee2d7,0.5819436864762,249.77999999999997
332b5e57-a9fd-4bf5-b5a4-2f00a3e20690,0.58773806178225,222.77999999999997
59d1934c-9c9a-4a6e-b39e-42e77d9a281e,0.5850723914005,208.77999999999997
3af199c4-d627-47c1-8a0d-0f2b850d895e,0.58292536452885,228.77999999999997
391abdb9-a05d-414e-af9d-39cd8c4be9ae,0.5837112067655,217.78
8a8bae0b-a36e-478b-b192-cccdb3a6ed57,0.5865971060607,152.77999999999997
0387fb32-31a9-4c72-96be-674cc6631ce8,0.5808785496716,230.77999999999997
4761d604-3391-4eba-bc94-0ccd3b579ef7,0.58325207360985,230.77999999999997
ee3f4b27-39f6-4678-8698-ed725a444c67,0.58432400819445,223.77999999999997
00f3ef5e-422a-4c6b-b6ab-a9a3234ae1b6,0.5877831025794,240.77999999999997
6cea66c0-63d4-48cd-a185-433b9e58cba2,0.584054634431,247.77999999999997
36e1d4bf-c79d-4f99-94b8-e9e82951b0d3,0.58461589701415,155.77999999999997
06b8fe62-409a-4968-9504-73083175fcc7,0.58624383448245,243.78
28dcb928-a3a6-4e3f-bc67-887b3b354547,0.58146873799085,220.78
b82f926e-91e3-487d-8f93-0753b6935152,0.58471115037255,211.77999999999997
4148bb9d-cfd7-4903-a5bd-e5849fe92c8c,0.5822314243897,216.77999999999997
1f15adfc-a640-4666-8897-ff86852d577e,0.58421276456845,219.77999999999997
0c03d4f6-67b7-4649-b8e1-641ed8952bc3,0.58773806178225,222.77999999999997
ad2c4b26-b938-4dfd-9ab8-2829b33cb1b7,0.5850723914005,208.77999999999997
ed906d0a-df3b-4695-8578-14b64d0ef33e,0.58292536452885,228.77999999999997
9cdbae68-cb39-4141-9fca-7d425def02e3,0.5837112067655,217.78
377c594c-f50e-4937-8b94-5442256e8d2c,0.5865971060607,152.77999999999997
82075479-37eb-4449-87ee-caac2d5d62ef,0.5808785496716,230.77999999999997
b36add62-fd4f-4ed3-afca-ba2a742c702a,0.58325207360985,230.77999999999997
1a04df2d-db29-4870-9b72-9ad0e341e82c,0.58315738058035,260.78000000000003
dcc80c74-ac01-493f-a38b-9c115e302e94,0.5860545996867,219.78
d11b2b60-74a1-4b89-a57e-2d02b7c2210c,0.5840739044542,270.7800000000001
0699e50e-46a5-4fe6-a5bf-17a4638c6f8a,0.58461589701415,155.77999999999997
bae863e9-5bdf-4621-8ab1-09324550b2e7,0.58362529830785,222.77999999999997
3ac46922-081f-4e32-9e6a-04529900abab,0.58342448724175,237.78
6553ccea-b37c-4613-921b-90b3cd68ac8b,0.58395905923855,245.77999999999997
fe578052-bb35-4145-9e5b-a8b438e17576,0.5818875497149,239.78
04567909-883f-4715-abb4-a1b891c42107,0.5827814589529,234.77999999999997
b730ea75-a40c-4171-b737-b98cb12cae6f,0.5835875165449,240.78
b393e7f0-3909-4c16-9612-81c8b657766d,0.581936492653,249.78
8ece2fa1-52e8-4259-8051-f69854039255,0.58417219727445,201.77999999999997
a9af0290-1b19-49f6-b748-276bcc72a186,0.58430983990395,233.77999999999997
026ce7b7-5dd3-4c7e-ae9c-97b1b98c92d5,0.5865971060607,152.77999999999997
5dce4dc5-c4d0-4e96-b0cb-8247bd52f2d2,0.58465680679895,255.77999999999997
91616df5-81c0-40f1-9bf5-0a1e32f5a7f1,0.58562272242125,251.77999999999997
b49b8877-b8d9-471f-ac9d-ce5c7df074d2,0.58361226462455,236.78
b7a28931-f9b6-4a91-956d-b28220e7d712,0.5860545996867,219.78
70c912a1-8d8d-44e2-b577-446682077a4a,0.5853954620111,235.78
d411d755-96f4-4035-b8b1-9d5bcc36bbe8,0.58461589701415,155.77999999999997
8ccba301-c604-476b-8520-acb17f17043f,0.58362529830785,222.77999999999997
54c82edf-f694-4675-9234-5eae2cb4c3ac,0.58342448724175,237.78
9de55891-69d9-4817-86b8-5e06db78c322,0.58395905923855,245.77999999999997
16e2aa12-30f4-4f16-9bdd-4c1b444b925f,0.5818875497149,239.78
9fe71a05-d3e2-4b13-b4ed-0ec5efbc3b5c,0.5827814589529,234.77999999999997
be7d1b2a-d5c8-45dc-8c22-3664a998d4c3,0.5835875165449,240.78
3e693986-88a6-4e42-a225-f688651447fc,0.581936492653,249.78
b65a4736-fae5-4344-b875-070db909f51f,0.58417219727445,201.77999999999997
eca055c4-591b-46a5-9839-ce7988ab5c9e,0.58430983990395,233.77999999999997
545f7a41-662e-474e-bb7d-5aec5934510b,0.5865971060607,152.77999999999997
37a122ae-0cb1-4f95-8083-b7765134e2bc,0.58736562948235,256.78000000000003
558ddb83-ca6d-4c3e-b6ef-bb19fabcf023,0.58562272242125,251.77999999999997
b1bfcb17-445c-4e61-8d44-9d9512c6df7d,0.58385490225205,255.78
d42d0fba-8621-4d79-8ce4-4c8bd719b207,0.58159140829145,215.77999999999997
85833ff5-0baf-4e34-a63a-245f6b6568ce,0.58252645853225,197.77999999999997
709233ef-ba69-4c77-91ca-a27f6c2b84d8,0.58461589701415,155.77999999999997
6500b4a1-ec49-4e60-83f6-bef017a7293c,0.58424176807445,265.78000000000003
573bfffe-6d28-45d9-abec-9db76ebbefd1,0.5835184187314,249.78
c2f4d50f-5f18-4149-8b5c-c811b922cde2,0.58554620600015,230.78
e4e47375-0d4c-4226-9b4b-01756206ef31,0.58750316079545,292.78
e7d95aaf-7deb-4094-8755-0ddaebf44b75,0.58189038040085,220.77999999999997
ca776c79-d8eb-4a80-a0f6-1bf9b550d98d,0.5842773260704,234.78
cada475a-cac6-4a29-bcfe-db94a4361bf3,0.5858530424792,278.78
7b19ab3d-6b30-4cb2-9da6-f8c88aff6547,0.58751721329615,240.77999999999997
cab34c15-71cc-4a98-ad2d-2123204bb431,0.586902366561,254.78
8873c337-5533-494e-9ea9-b7181c2b41d1,0.5865971060607,152.77999999999997
4a82ac4a-bf8c-408b-b33f-d63146e727ce,0.5838373715971,265.78000000000003
b2ab7207-076e-4665-8ffd-537a204c7589,0.5798180650198,246.78
284cbcd4-9fa9-4f4e-b2c6-3e8d1f7d8c60,0.58385490225205,255.78
7ee51928-429e-40b1-b375-206741b3a19a,0.58159140829145,215.77999999999997
3b4ed2cd-bfd2-47ad-b5dc-7b29fd041f74,0.58252645853225,197.77999999999997
6325cab4-de87-4dc6-a540-46eaa6c43233,0.58461589701415,155.77999999999997
fdbca8c0-6b85-40bb-8383-3439d629263e,0.58325997481225,273.78
f9172f03-27b2-4bf0-be43-fe98bceedc69,0.5835184187314,249.78
e4bd1045-babd-4b63-90f0-bc92597bf222,0.58554620600015,230.78
3a7ba8e2-bc38-4ffb-a5b3-1aecfc28e01a,0.5865219983967,204.77999999999997
78889e25-6f6d-4f03-bf90-f4dff6287277,0.58189038040085,220.77999999999997
41294375-796b-4f2b-927d-702f2e5217e5,0.5842773260704,234.78
c573ee33-384f-42d4-9759-67408e850cd1,0.58385490225205,255.78
941adeda-bf1f-4c58-abc2-00152c56d865,0.58751721329615,240.77999999999997
da079962-2aae-4c28-a608-69004c67a180,0.586902366561,254.78
edd220ca-7815-4782-b2b9-fed4bb570e52,0.5865971060607,152.77999999999997
05c365ed-f60d-4205-bdf0-b777e868501c,0.5838373715971,265.78000000000003
dc08e931-c4ae-49f0-bc43-e9bf1ece93a1,0.5798180650198,246.78
f214f4c6-7e99-4454-bb3e-da547dea3441,0.58418647426995,232.77999999999997
9cc5eb61-8da1-4bdd-882d-27cdbb451e52,0.5816418399352,221.78
514f11f3-7680-4bc3-8629-b20f2e0b754c,0.586350104886,238.78
190a3fcd-5e9b-4431-bf24-239a759ae3ec,0.58461589701415,155.77999999999997
da8f5138-eb9f-4690-ae3f-35a33cc23a6e,0.5843437107815,196.77999999999997
e22b4714-7385-4d00-8219-2bd52fa250aa,0.58398191862245,239.78
ff7255b5-575c-4666-8bbf-4f40412c48a5,0.5837592786144,232.77999999999997
0eda2c85-5aa3-4d2d-81d7-589258c313af,0.58659630670425,241.77999999999997
d8cd1334-b37e-4251-a2c7-f47e7dedfbe3,0.584888479208,258.78000000000003
33c998d5-40d6-40d2-9322-cd55c4c064c2,0.58310033357925,218.78
2120067b-45a0-40c8-a0f9-34721f7cff81,0.58249056673785,238.77999999999997
c8b2360c-c82a-4761-9d3d-cfdc7dc8433f,0.5868677535259,210.78
6be3750b-8f80-47d9-a0e7-68f67c920851,0.58707179143925,220.78
8fdfabca-a3ae-4041-9736-578324753b71,0.5865971060607,152.77999999999997
c70e6277-7446-40ab-bea1-d92be9d475f5,0.5831035433252,234.77999999999997
755e581e-ad83-4cdb-9ddc-000383b142c2,0.5831919976791,239.78
41bcbc89-00e2-4f2d-8f65-1cd5df1ebbe7,0.58418647426995,232.77999999999997
8a91ebd4-2637-4aa7-99e0-617f305c5da5,0.5816418399352,221.78
993799f9-d56c-42dc-a45b-669fd70527ff,0.58624579040005,194.77999999999997
106882bf-57bb-4dae-8890-cb0cfa253a61,0.58461589701415,155.77999999999997
7b512047-b88a-4b7f-93b8-797b7caef3d9,0.5843437107815,196.77999999999997
e83a10c4-78bf-44ea-a6a5-16887dc6ffb2,0.58398191862245,239.78
a0f67132-b926-44f6-902f-202f307d9663,0.5837592786144,232.77999999999997
b6314f67-df7a-4904-9b1d-e5f3d6b1e3bb,0.5823670885184,278.78
cf5e0d7a-10b2-47ed-aa1c-52448d2fa787,0.58236930528925,239.77999999999997
3163cfdd-7ad6-439a-8653-d2c016eb45b3,0.58310033357925,218.78
ddc392c7-ef34-41b0-8981-13af7194be54,0.58249056673785,238.77999999999997
e9b6a7a7-d13c-4501-bde2-cb75dfd718c1,0.5868677535259,210.78
7f039786-3015-4b15-a9d5-977ebb2271ca,0.58707179143925,220.78
c5212d2e-12a6-475e-bf5f-4973c6892d66,0.5865971060607,152.77999999999997
c23397ca-b998-4f77-99b2-5b6d8bcc6339,0.5831035433252,234.77999999999997
7d633d76-f420-4a33-bbac-2ba94a625438,0.5831919976791,239.78
8d377023-b0d4-4340-bde2-c0ee708c736e,0.5865715545296,197.77999999999997
866ad6e8-874c-41b0-b296-95eb2953d28e,0.5847412355751,236.77999999999997
866ef3eb-87e3-4a12-aeaa-71d5f51cca96,0.58220508878125,242.78
54b1143a-6b4f-4dcc-b911-adbb9412e8c7,0.58461589701415,155.77999999999997
5411974f-b39c-4c59-b791-3c9884b2f16d,0.5820490229973,260.78000000000003
cba5c764-46ab-40fd-84f5-2e685302225a,0.58179731419985,226.77999999999997
d2227991-8c84-4aa2-a462-a30f42860f69,0.58906282333125,234.78
e70806e2-5736-4228-afb9-f5124a1f4d2a,0.5855444041432,266.78000000000003
9e4b71d5-d9ce-4d4f-8b75-5448ce42f74f,0.58409930527745,290.78
d7994cf9-eca7-43cf-8e58-e6d0238c61a6,0.58092175505445,234.78
6c47274a-469c-4d4e-9452-a441b6e922f9,0.58616444269205,222.78
c96810fa-3e10-44db-bb0a-6e1eedce742d,0.58439314390245,208.77999999999997
d384e9fe-6d15-4293-94a5-7e9f9eb66684,0.5829974722279,200.77999999999997
ce54f951-26df-4f0b-824e-ad214ef5ef22,0.5865971060607,152.77999999999997
4dee1520-420a-4424-8afd-082c9a75a00a,0.58488540781425,189.78
a78e2357-a317-49aa-b113-2c11eba54961,0.58340782497045,233.78000000000003
694095e9-7bee-48f8-b12a-cfaf5ea541d4,0.5865715545296,197.77999999999997
57d29408-99a9-4ef6-9c86-7ccc488af1aa,0.5847412355751,236.77999999999997
1462f052-081d-428d-8573-c60e5f523261,0.58220508878125,242.78
40c789c2-5f96-4603-a65a-36bcf9ae3e24,0.58461589701415,155.77999999999997
82f59647-ddcb-4dbe-90ea-96c92e5abafb,0.58368805990225,221.77999999999997
30c19498-d243-4c51-85f3-8bc0f3eaf952,0.58179731419985,226.77999999999997
628d3100-9ac2-48f2-acd9-4d026622e928,0.58906282333125,234.78
ff4e9da2-27b7-485e-a0e3-dd5818ee51e6,0.58521591570955,194.77999999999997
676dbda9-1e01-445b-b4a1-9916de42a6b8,0.5868477863255,224.78
f15d465f-e660-4158-a1fe-2304af6d9468,0.58092175505445,234.78
c18f4dd0-a13a-4679-97dd-88bea660f32d,0.58616444269205,222.78
8f6b13bb-3599-4a50-86f9-fccf348e2456,0.58439314390245,208.77999999999997
93473897-da6f-4e40-af6f-6e012b2ba589,0.5829974722279,200.77999999999997
3e28a797-a7fb-4f2b-a5e7-150880eb3071,0.5865971060607,152.77999999999997
da221733-f8b1-4d33-ae58-4e282d045ca5,0.58488540781425,189.78
101357d5-5629-4ead-bf04-96a39628f914,0.58340782497045,233.78000000000003
a097a9da-fb4a-41f9-bf40-bf08b9a10525,0.58397392917865,223.77999999999997
f2efb580-c257-40c0-a2bc-42c145836ef5,0.5893262601487,251.78
795c27ae-6ba9-4847-aaa8-1a2016937d2d,0.5855952045841,244.78
f37d2852-9a97-4116-9241-1a31afde26b3,0.58461589701415,155.77999999999997
0a063dbb-4930-43ca-a7d8-256f9e1bd12d,0.58587825338695,271.78000000000003
af67e0ac-3582-4a60-bd71-b83be32687e8,0.5868054682101,211.77999999999997
a7e7e98d-c7eb-4d16-b279-47eb0cda075a,0.58510985751925,212.77999999999997
c9a1da8c-53d0-4914-8a42-961c3442a044,0.5859006792406,253.77999999999997
94856f16-d301-442a-880e-7e2f1384a191,0.5806527400715,204.77999999999997
52e7a79f-cfcb-4716-b74e-45de85844438,0.5828705653081,277.78
ababb6ea-922d-42ef-b7ce-f21290cbedd8,0.58085800837885,218.77999999999997
9c4682d6-5e42-4933-bb68-4febbac540b1,0.58369593589475,248.78
ec75a3ca-9e2d-4b17-b959-31e9cc569463,0.5827218111088,297.78
7d166887-0199-4622-b156-720e99f25b08,0.5865971060607,152.77999999999997
d4e985c9-a8a1-42e2-bded-2b23c5667f06,0.58173821824455,244.77999999999997
3991c9c8-c165-4184-8ae2-c6845970ef27,0.58519698314445,225.77999999999997
0e394fb4-97c0-48c5-8f12-37db6abb8c4a,0.58397392917865,223.77999999999997
ce2ec512-2644-41ac-a66f-92108ac47a0a,0.5893262601487,251.78
ec6605c1-2eec-4946-9f26-5f1aa9e82f9e,0.5855952045841,244.78
918dd22a-dd5f-44ba-ad5f-fd03bf1c9095,0.58461589701415,155.77999999999997
a7ebf415-8719-4353-8a01-c91ef3bc1c99,0.58365407515815,224.78
99fd7347-f4dd-4892-9a35-ac02bc10fc46,0.5868054682101,211.77999999999997
cddbc05b-692c-4eb3-ac75-db1bad7d8cb9,0.58510985751925,212.77999999999997
396d88d2-8200-46de-9cbb-6b03529750e3,0.5859006792406,253.77999999999997
e725fafc-f609-4736-a1eb-a075e138f9a0,0.5806527400715,204.77999999999997
4542291f-4ab4-410f-94da-c22d24e78846,0.58601311451145,205.78000000000003
b1a2344c-aecc-44f0-88f6-2ecee8ed8fe5,0.58085800837885,218.77999999999997
5b76050d-ed6f-47f9-9022-e1b6e7a71434,0.58369593589475,248.78
ba41927e-9ea7-4625-9b66-1719fef1214d,0.58636554683425,286.78
6941e37f-e70b-4555-bbfb-6750e1b76f91,0.5865971060607,152.77999999999997
861dbc8e-7f8a-4ea5-8746-ca782e2d73bc,0.58173821824455,244.77999999999997
972be4ab-749b-4d3e-9edf-dacf8ad74ad4,0.58519698314445,225.77999999999997
731fee6b-8f54-47df-8600-6ad6d05bc491,0.58008386907825,257.78
e9de61c6-4958-4421-8302-d3a95a6c53da,0.5825264950657,204.77999999999997
2402a07f-c35a-4e86-b0c9-7a0bee2bc530,0.58674250286475,224.78000000000003
ba71f3ca-2d51-450c-a7e5-fb51fdb03bdd,0.58461589701415,155.77999999999997
1d494b07-62f3-4c9d-a770-b0064465eee2,0.5842297372686,195.77999999999997
b82bb5a0-65df-4134-950f-5253c24b09a2,0.5861200584261,219.77999999999997
612afdbf-3414-4b63-b6b2-cbaf472d6ffb,0.5848291135467,286.78
47e018fd-b91b-436b-b63d-feb75373dae1,0.58117871311275,257.78
4dd8ce16-056b-4d98-9f63-3a7a05d0ae8a,0.58354519367395,232.77999999999997
3a37fa91-db46-47be-9764-8bddfd8e74c6,0.58468322194705,245.77999999999997
cc4a3c91-4508-4311-922e-7a0704031bc2,0.58359633682125,211.77999999999997
5a0347fc-31c3-413c-b606-60d2f73c7efa,0.58170580205145,230.77999999999997
8c75de43-b682-4497-be1c-700971119d1a,0.5826152327715,242.77999999999997
8793022d-3fe9-4cf5-8ce6-298abe490eb4,0.5865971060607,152.77999999999997
aab8c82f-540e-48ba-b474-d7fe1840f452,0.58710209530485,238.77999999999997
42cb9264-39d5-4067-b5b3-04f164c4dbcb,0.5821632042092,263.78
