SimulationID,AdjustedLatency,AdjustedNetworkCost
a9e580b2-cd93-40ab-89f0-3b268a71a703,0.5805683643796,243.78
869e6dcf-d52a-42c1-8f71-4e250d72ee0b,0.5905866201351,260.78000000000003
2f3eaa2f-98f7-4fe1-9f42-a3737c32b072,0.58321058034055,270.78000000000003
f4e6e675-98d9-4258-83e5-a56ee4125c99,0.58523426366275,211.77999999999997
ad44488f-14d3-44c1-881a-beafac8df331,0.5866886847842,265.78000000000003
e7dcc33e-fc5e-486c-a959-a0c232aefba9,0.5817178644662,242.78000000000003
889494c2-b087-4106-9144-a867583d19dd,0.58374302025575,262.78000000000003
5efdb2f5-9686-4cfe-9d30-dd2bf7cd0dc5,0.58271696911955,238.77999999999997
4eb68395-e1ef-4c86-b126-335ad06f5a5b,0.58338849597505,233.77999999999997
2bbe50cc-1084-4d33-b7ad-ebacfa7e9970,0.5808065907446,235.78
9d457fe7-89c6-4256-ab6e-06d3b6eeece5,0.58753925434135,225.77999999999997
301235dd-6948-4685-b3cd-09817fcff3b3,0.58353651084965,229.77999999999997
763f90d9-df11-4bbb-8b3c-9159328c831a,0.5853972742428,238.77999999999997
6b76371a-b4c8-4693-a359-d9bea6260d29,0.582451956219,293.78
93518bd4-45a7-4108-94e8-463cee991855,0.58683842062845,257.78000000000003
7671886b-73cb-43ba-b081-9ca061f96468,0.58752532735535,223.77999999999997
78cbaaca-3959-4535-85a6-ce55380301a0,0.5841956175154,243.78
a2b11415-31d2-4d7b-9519-dfa6aa3c5ad8,0.5805683643796,243.78
e71d52d4-0dd1-4a4a-98e0-6416a022551c,0.58308598321225,206.78
1d2d9217-a612-4d96-a33c-ecb9f10033af,0.58523426366275,211.77999999999997
3a1c5324-6a85-42ac-99de-bde21786b188,0.58247829985935,266.78000000000003
6ba55b2e-a82b-4e70-9e1b-26632bc2a3ea,0.58648245417615,233.78
c9764930-b681-4d41-a336-6588dcc98c5f,0.58659680928085,284.78
fd4fc07c-63c9-477f-8ae6-6c559b131371,0.58632251418505,271.7800000000001
fe160317-237c-4035-a1a9-19bd0e1b2caf,0.58338849597505,233.77999999999997
4f1694df-94d3-49f6-843e-8cf9d8ebc66e,0.5808065907446,235.78
b59de5bc-eb7b-405c-9dbc-be2f50e6bd1c,0.58753925434135,225.77999999999997
ec0be9ad-3836-445a-be18-f6d87c44753c,0.58353651084965,229.77999999999997
ea89675e-1877-4432-89ba-88615b19c29f,0.5805683643796,243.78
a629d546-b580-4da4-8fb1-4d29dad9a707,0.58321058034055,270.78000000000003
ea4a5163-6ef5-418a-856b-ebe2f5fe0a7a,0.58284684953945,254.78
f5dd192c-24ab-4433-8c1c-7629f20b76c5,0.58752532735535,223.77999999999997
d88bddc8-d91b-43b7-a611-578bb35f767d,0.5815727566901,238.77999999999997
4569d5bb-1340-45a8-8c58-66aabf5d4136,0.5844657357286,232.77999999999997
38c73144-a8c3-47bd-af87-7bfc654e3d18,0.58308598321225,206.78
7438380c-e1ca-49d5-9bec-8f328b829cca,0.58523426366275,211.77999999999997
1ef465cc-17e9-4451-bcc7-9ff98966d75c,0.58677388550645,227.77999999999997
f32a516b-ebe8-4d0d-9e2c-0b4eb334b6bf,0.58352914155135,233.77999999999997
6faa263a-cce0-4eb7-a673-958f1f418824,0.5860562934487,236.77999999999997
b5253f45-97a2-4fa3-bcad-51c259534d5e,0.58514974636345,251.78000000000003
646b4f90-c02d-4c00-8804-72db79f87eba,0.58363099053445,280.78
a676f6cb-3e67-4790-8049-e6f91aca2a96,0.5857412841012,257.78000000000003
50db5a69-4134-492f-8b2c-9458fa0e941a,0.58348276380845,274.78
3f27bcf4-faff-422a-8600-b911e9b4c415,0.58519043284425,219.77999999999997
2b6e94b4-a6a3-4d33-92c9-e3f57aa1b83e,0.58130525394625,250.77999999999997
7a6169d2-a69f-44cb-bc84-3b50f6d979c8,0.58456799475105,219.77999999999997
28a835d6-a539-4284-8904-4fe77aad9bad,0.5848006912135,251.78
deaf629b-3ddb-4bbc-98d9-26c796fee4f2,0.5819540257232,237.77999999999997
aeb65040-1b57-4f90-aeac-3ef346449174,0.5838574822541,265.78000000000003
3f95eb7e-ea05-4524-9576-90da2bad8852,0.5844657357286,232.77999999999997
6de33924-473c-4dcf-83b5-bbd18cfffc86,0.58308598321225,206.78
1057edd2-ce72-4a60-aa99-d0bf1284c909,0.58523426366275,211.77999999999997
280addb6-096a-4b6d-be4b-f3d80d6c80a9,0.58677388550645,227.77999999999997
7f241177-0ace-45ee-bec6-4a89313cba3c,0.5859888611283,248.78
4c85a5c0-61ed-44ed-b0aa-a672548339e7,0.5830495438145,220.78
06d6884d-1aef-42b6-8edd-481c62e1e44a,0.58416354574395,207.77999999999997
29d888e7-8d2b-4fc8-b9ea-e48191d51232,0.5823406757881,213.77999999999997
a4edb14b-2eac-4f56-bf7b-bcd79f68ce66,0.5844657357286,232.77999999999997
cd1c1a17-3e14-4125-b2bd-1a88c97ae3f0,0.5811836254067,208.77999999999997
f57be9a5-ab77-4c72-8d9a-c3ef8aaa2047,0.58519043284425,219.77999999999997
93094fae-08bd-4f1c-987d-cda951847fcc,0.5811979960917,210.78
cddc524a-ba02-40d3-9afa-e83e20866e22,0.58456799475105,219.77999999999997
52f1e249-d4c3-4c8d-954c-c6af65ebee53,0.5858100471391,224.77999999999997
a587c497-ab87-4317-8fca-1467521009c3,0.5788906083503,267.78000000000003
b42f0929-fa06-4556-a239-ab778251c2da,0.58504338029775,203.77999999999997
9475a008-c554-474d-9e20-47ca0032b6bb,0.587185435945,197.77999999999997
d0868492-7034-4b1e-95e8-7f5f0590f40d,0.58308598321225,206.78
6ec50a84-e066-4eaa-b9b7-455a9e238ed9,0.58505910372875,246.78
cc6e5957-430c-436a-9d00-9763b018ddae,0.5878780906355,201.77999999999997
fd5ee55a-d3b5-43c7-b282-f900fb85c8a7,0.5845434510963,249.77999999999997
a1f76083-b51d-4f26-8de3-673f16b4980f,0.58721178941885,200.77999999999997
eab8621a-0a74-4a3a-a24f-23ea1bbc6293,0.5835020414343,234.78
084e5fe3-3c8a-4ea7-9532-62a778a5e8d7,0.5842331598494,243.78
b447f5d4-c0f7-44ca-8699-0a5bf736e5b5,0.58845151782535,213.77999999999997
089a50e1-5978-4a7e-8802-ac63f5e57e50,0.5811836254067,208.77999999999997
5b31df24-d1a4-4cfa-80b8-edaa53ef8290,0.58239937792545,232.77999999999997
595661e6-3c8a-439b-af33-a377e7b4e116,0.5825014621123,233.77999999999997
6c3f1525-8fb2-40b0-b7ec-20663e317931,0.5860925970526,220.77999999999997
31fa0144-5654-475b-9b05-02cda0fbc25d,0.583177623257,224.77999999999997
0060e808-0915-414a-8ac3-a67c25263129,0.5829280498897,207.78000000000003
f5e5a9a7-ceab-49d7-826f-acee0f225bd5,0.58504338029775,203.77999999999997
45eb544c-69a5-466e-a181-b78bd09337fc,0.587185435945,197.77999999999997
e12093f6-8b9e-4f76-9f25-a5cf511b17ba,0.58308598321225,206.78
b919d51a-5c98-4c21-8dba-0a194a940f87,0.58504338029775,203.77999999999997
3ab9e837-ca81-4e6a-8c35-71a387e9b37d,0.5878780906355,201.77999999999997
591686a0-fef5-4e41-ac75-4b0219ec216b,0.58504338029775,203.77999999999997
04790576-5662-4f7b-afd4-ae25892f4c41,0.58721178941885,200.77999999999997
5375bb67-0eed-4549-964a-61e5307d83b0,0.5916520932181,185.77999999999997
f4cacecc-1550-4e1a-a599-52b1f28a1709,0.58308598321225,206.78
c2b45223-f8f4-4471-b755-72c02c1eac79,0.58504338029775,203.77999999999997
bb34ff97-0fa9-4c0d-88f6-d5d7c0aff280,0.5811836254067,208.77999999999997
1032f7cb-9200-4cd2-914a-c3443c0d516d,0.5841095354165,202.77999999999997
28e50ecc-e830-41ba-bcb8-a48ce78b8a5c,0.58257163026895,178.77999999999997
fbdbe905-4908-4e1a-a0b3-ea1735fb6ecf,0.58540710224045,175.77999999999997
badc52a2-7154-4187-a1ac-2873ec15c51f,0.58504338029775,203.77999999999997
6ec93ef5-34dc-4e57-b993-a5d51d7ff2a4,0.5851365719109,191.77999999999997
a2a3a6d3-a4b2-4e00-8508-35d0683d54a4,0.5842866019172,251.77999999999997
7cedc361-8ffe-455c-970d-6107235c42ab,0.5839879825779,200.77999999999997
595c6844-3173-40eb-a2aa-a617187b82fb,0.58516665857535,241.77999999999997
d0a35100-d6c1-4747-b270-3d9a43f82265,0.5791657976132,258.78000000000003
75dfbbe3-dc19-4021-9637-f2bda453b40a,0.5857230776889,210.77999999999997
ce923475-90d0-49b9-bd7d-557244f1fd23,0.5843266171351,282.78
8b14e275-f103-4968-ab02-108da41dda5e,0.5844145713695,228.78000000000003
99113f56-61d6-48b0-870b-26671af862e4,0.5857848672895,233.77999999999997
0f8a9d53-170d-4364-92d5-9ad606cbbd46,0.588365905119,204.77999999999997
09402981-8dfc-49da-88c5-433b0fdf055d,0.5800103041422,228.77999999999997
4bafa505-152c-426f-99c4-51c0f47acb48,0.58574868104115,181.78
c3efe2fd-a912-4ae3-b27f-7fec600b436d,0.58366827946115,268.78000000000003
b9747d4a-34b1-4b44-9300-3b677a05955d,0.58257163026895,178.77999999999997
a846e137-9568-4cd0-926e-c13375b80f59,0.58540710224045,175.77999999999997
fbfefd7e-8257-49f6-b615-1699838e6a65,0.58207990174605,255.77999999999997
fd96ec46-041b-4086-8ce8-a074ee760a18,0.58460297079205,256.78000000000003
5180a1ae-a55f-4dd8-9415-483d6636bbff,0.5842919408588,254.78
3c09c55a-462c-4082-90e5-4e7fbc2f2610,0.5839879825779,200.77999999999997
5f95214f-039f-40c0-9c90-8a345c2450fb,0.5830088699989,239.77999999999997
3ac6c93e-ee84-4f99-96bf-c40b52cfcb32,0.5855306803232,247.77999999999997
bdfc5698-1e20-40cc-852a-2733bac308d7,0.5857230776889,210.77999999999997
7bea3542-a60c-4097-8c11-ba5a11387917,0.58755973687615,197.78
2c49ceb2-4ce3-4427-baab-e44bedb71677,0.58469187792445,228.77999999999997
2e908e05-6489-4a74-85bf-f5add610f100,0.58445638440695,248.78
e7ec69f3-6154-43ad-9170-23464be653c7,0.588365905119,204.77999999999997
9119f2b9-e1b8-4c80-b219-26e9f9812cc1,0.5830771186543,281.78
a547e843-7af2-4395-8a55-5926ad681643,0.58574868104115,181.78
1103570a-8c77-4a5b-ac83-6b0db275cd58,0.58378843537325,259.78
c99f9110-7fc7-4874-99d9-e873035fa940,0.58257163026895,178.77999999999997
deae1782-7f02-4ade-8e38-467ee4ec625e,0.58540710224045,175.77999999999997
892a54ce-5a69-4faa-86c5-acaea5e8f2cd,0.58414743307575,284.78
919b4e0f-2fef-4df6-a89f-4bd0ef1584c7,0.5839879825779,200.77999999999997
49312c8b-0274-4ead-a15e-ba6d2caef6d2,0.5823600009504,250.78
74ebedad-d9c3-430d-911f-586964ad035a,0.58199325400645,253.77999999999997
e8f856f6-8430-4a05-b8e4-e95bc4f6d2f9,0.5805683011775,217.77999999999997
81d1172e-190c-419f-92df-423f0a1405cd,0.5862676174491,207.77999999999997
23f40d0b-9b31-444e-8ddd-60c830ad7e55,0.5833712298221,270.78000000000003
7f9286f6-9491-4b86-9d5f-ab482e899a6a,0.584040135753,251.77999999999997
2aa99067-d172-4287-881e-a2023cade74a,0.5852570451873,215.77999999999997
23c02aec-41c4-4faf-aa82-949d9f0bd69c,0.5859451455158,252.78
5deda1c1-adae-41cd-8257-c46a80d06356,0.58769458675185,261.78
93366e3b-7b7f-4289-88d5-f9e32ddfdab9,0.5826737724559,267.78000000000003
85c5e6d8-8753-4b12-a832-685d063711f6,0.5805536509839,209.77999999999997
cdf171c1-adc0-4738-b215-72bca3365bf4,0.584214766142,248.78
117d61e0-08fa-4fff-b1bc-3f284ffef346,0.58257163026895,178.77999999999997
c166f5bf-bacd-43d0-b64e-8516b8648434,0.58540710224045,175.77999999999997
26d6fbc9-496f-4691-b8b9-6e2dbd6057cc,0.58814706733665,219.77999999999997
2615bb19-c667-48db-a901-de5709864853,0.5874568821782,262.78000000000003
46c80bb2-7c3c-42d9-805e-3a156a9772f3,0.58199325400645,253.77999999999997
b4801b26-5f35-4e5c-82d9-e41140376d05,0.5835309455315,260.78000000000003
875450e7-3359-46cf-9860-03eaadd5661a,0.5805683011775,217.77999999999997
a0619fdd-f672-4575-a11a-af21916e504c,0.5862676174491,207.77999999999997
17118c31-7d2c-4275-bf23-d8b5d285af14,0.58348318538435,258.78
91999d7f-a8b9-42c4-96a3-1ba2a970749e,0.58135199351355,250.77999999999997
9024b828-ea43-4c54-b1d5-99871c102440,0.5852570451873,215.77999999999997
4977d747-ce43-4a54-bdf1-e7b98073a9c4,0.583542530956,211.77999999999997
2b530f57-0cb7-4b2f-a39b-4cd2614a29c7,0.5810513515119,240.78
84ab1700-9f75-40b6-9b96-998a8c8d910b,0.58516620726615,278.78
ba53e941-bff3-4e5f-b1ab-eaa8f572f46a,0.5805536509839,209.77999999999997
e31d4e01-6206-44bf-a018-d44b02fe52a9,0.58352071808945,229.78
8d33c0fd-6c53-4191-9101-221674efe821,0.58257163026895,178.77999999999997
ba9998d4-dbc0-4d08-9cba-6aed2a4a91be,0.58540710224045,175.77999999999997
50909afe-dac5-46c0-a41e-eecae2e69e55,0.58150573311705,222.78
d038d0ae-97c1-494b-ab22-597d033422f4,0.5801742188419,241.77999999999997
6662b872-8d3b-4bac-8926-336334141b04,0.58540703502455,205.77999999999997
93f3e7b5-5b5d-4a73-8c6c-9990fa10cff0,0.5857266250165,245.78
7ae74b5d-d628-4e7e-85cf-7ebd232ab4e6,0.5860370745005,240.78000000000003
960e01f7-9dbf-4ed2-85d1-b6c71e942668,0.5832240168445,236.78
0eba46da-75b7-4f78-9d8c-4e17878b4d33,0.58229178944245,255.78
60716231-0073-4c97-9ad1-0678271126db,0.58368008721455,282.78
3c74f378-bb42-4215-8db1-912431265ee2,0.58650201163045,202.77999999999997
20d3603d-baaa-42eb-862c-413aeb501319,0.5842304238271,236.77999999999997
d02f8455-afe2-4a00-8874-7080066ec433,0.58220487598365,283.78000000000003
bd37f753-bc22-4316-acef-dd482966fca8,0.5894970085978,178.77999999999997
ea2db374-1185-4ace-b938-170ab873f9bb,0.58268184720475,238.78
7109920f-b599-4b05-9de4-bbf24aa41e1e,0.585038995729,254.77999999999997
483d48f7-dbdd-4b39-8357-0c73f3b03b7e,0.58257163026895,178.77999999999997
a0eb1f73-b480-4ab6-b5ef-4af6be2f0c7b,0.58540710224045,175.77999999999997
9355629d-fc42-40af-83c3-89e3bedf504b,0.5860314723756,242.77999999999997
719275ae-a5ac-40ec-8ffc-d418f9a0aa47,0.5824313067276,226.77999999999997
d8347756-033c-48fe-93fa-5207f67c09de,0.58540703502455,205.77999999999997
1588a5e1-2caa-4858-869b-274271d62d44,0.5846532175215,213.77999999999997
115e0a08-1cfc-4c42-8222-b58d2dd5251f,0.5823275267859,263.78
9f946e00-7bc8-4937-be76-fcc9684b4722,0.58540703502455,205.77999999999997
b358cbb4-d1d8-4441-bf57-2cf6765cdebb,0.58318432980855,230.77999999999997
7ad9a94c-cef8-4a9c-842a-355c3b0d6cd6,0.58120572515845,239.78
d4dc64c9-2edd-4f74-aaae-7c56c48aec69,0.58650201163045,202.77999999999997
ea9fd27d-e3eb-426b-a7a2-427b97a68dee,0.5860370745005,240.78000000000003
2b5d6a10-81a0-489b-b960-4557895dc99c,0.5853501356645,242.78
e8b3de22-1227-4cc4-8853-a9b762d83271,0.5894970085978,178.77999999999997
86254bb2-71d5-4f15-bf43-a9f16575b7f1,0.58459164632495,287.78
5d476bcd-a63a-421d-9fe6-dc0798e8089a,0.5877116944361,237.77999999999997
a628f25c-a892-4700-8ae5-0060d4455db7,0.58257163026895,178.77999999999997
a278355b-9918-4829-ab0c-4b2fd0f29540,0.58540710224045,175.77999999999997
b91f3d18-e767-4510-b766-77c8ae620806,0.58469502741415,208.77999999999997
337b4306-5591-4e5b-8552-649132cd9ce2,0.5824313067276,226.77999999999997
b2bcb343-a7e3-4c40-917b-a40fba2ce2a4,0.5817277429361,268.78000000000003
a6fc39dc-c2a9-483d-b46c-a047c224a392,0.586431458399,243.77999999999997
b154a77f-0236-4f03-9f17-b600a16ce55b,0.587487705737,244.78000000000003
790a169b-2784-4491-b09c-ae31c494d368,0.58949469504475,265.7800000000001
a41c5035-6266-4a26-a148-5ea03e876f89,0.58291696144855,319.78
1c192444-fd51-49e1-994f-8617192e1059,0.5810540684667,240.77999999999997
e1684a68-78ef-4aa4-8219-a6ad2855d0b5,0.58483204523425,232.77999999999997
00a3e592-4fe1-4567-9eb1-b9d1a2cb8f33,0.58525325168435,255.78
72722bb9-2552-4fd6-8ad2-aaaf9726c1f7,0.58533089095415,248.78
27424e39-8ab7-47e5-962f-09fb5974d937,0.58597111007605,208.77999999999997
c6ea4a69-29a9-4bb7-8b77-3ac959262df2,0.58301795448075,279.78
3f2a0b95-b3b5-45e8-8a9b-e088ccd8a982,0.5851201811102,231.77999999999997
89356c49-4d5e-4a8d-9a79-241f0074147f,0.58257163026895,178.77999999999997
6b27e7d8-66a1-4abd-834f-b3805a86eb47,0.58540710224045,175.77999999999997
4bfccaa5-960e-485a-afbe-dd264b154b7a,0.5851380040342,237.77999999999997
105e051d-8aea-4d1e-94c4-ce093bba7fbb,0.583903216335,257.78000000000003
8e9933a5-3079-43e8-8da0-da3933939150,0.5817277429361,268.78000000000003
1a21f5a6-b2f5-441d-83be-89e019accb60,0.5830818058698,233.78
7283e0ec-bcc6-4857-9bd0-189f182aaf82,0.582472593497,231.77999999999997
a9804823-848e-4426-b37f-174685763492,0.5832851729054,290.78
e7f2f9b4-b1ed-42fb-a5af-cdb381ef7db9,0.5835540980145,242.78
7d459762-7408-4bba-a67e-e83a3f6451e3,0.5810540684667,240.77999999999997
a21c53dd-a5d2-4fee-bcd3-16b392b0ea75,0.58483204523425,232.77999999999997
240d161e-a9ed-40ee-b8eb-6d7baea05f32,0.58688990357465,293.78
88d1a691-7989-4675-a894-dbc2d99b5055,0.58497855000035,227.78
c8cf3856-6764-4291-b775-e7e09fe29f81,0.58597111007605,208.77999999999997
fbd4ed6d-0cfc-4ad5-8a31-d4bac3b76c94,0.58428569531825,260.78000000000003
b41ad9dc-958f-47b2-9497-293aa74ea024,0.5851201811102,231.77999999999997
332cf00a-33f0-4b4c-8e85-6618f9d6a294,0.58257163026895,178.77999999999997
a382dfe9-0b13-43ba-be33-6a7c04167fa7,0.58540710224045,175.77999999999997
ee3ed1ff-dd9f-41b6-8da1-cb61357ec5eb,0.58401450125175,321.78
1a5aeb16-3681-4c33-8692-ba69199cc9e1,0.5840641710922,288.78
6c254b78-8ab4-45a4-a3cf-7430d86ebdfb,0.58268671658765,232.78
5337d1a9-5092-4a3c-87a9-76fdbb2e0550,0.5898390973163,185.77999999999997
2eb5a09e-191e-46fd-9fc9-88af63901dc5,0.586723715323,219.77999999999997
d7b885a6-07f0-4c5c-8067-1e1c2e8ce857,0.5823003634304,259.78000000000003
93f0115d-8935-405b-b13d-a9e113859745,0.5847530527558,206.78
acfe5ea5-32e4-4540-80e8-ee155e5bab4a,0.5847952988021,223.77999999999997
7d8e7298-ebc1-403e-8b04-286e31db475a,0.5839053868727,221.78
7312975c-7030-44ef-8c1d-45f0f9c2a1ca,0.58467692973505,233.78
279e5965-d1a2-4fe2-a1e0-033d9349a086,0.58196690874715,226.78
a44d5bec-fb73-42ee-af78-ddff93977e63,0.5863478372774,217.77999999999997
c3c0bd62-9d47-4f16-b6e3-2959a3bb3317,0.5855734939599,260.78000000000003
77bf07f4-5bf4-4778-ad2d-667333568da8,0.58349225598325,213.77999999999997
917fe4ac-5ceb-4c6f-b811-8dff7db3a5be,0.58257163026895,178.77999999999997
0c9a963a-0cf4-4a6d-bdcf-3a482afb1dac,0.58540710224045,175.77999999999997
86437d08-33fa-4c42-9d46-fe5744428046,0.5818534646381,234.77999999999997
752adafe-64ec-4d1d-94ac-39dbe46112fc,0.58452658670775,231.78
4fb0230c-086d-4c05-80c5-cafc6678cc3c,0.58761187669965,203.77999999999997
f3e2faf4-741d-4014-9fb6-444dabbb045c,0.5898390973163,185.77999999999997
11c234ca-f38a-468a-86e5-3b122d3fc175,0.5863430599594,247.78
9abbc166-b736-43f2-a169-8ba94d327bbf,0.58589943328575,192.77999999999997
9bd6dc78-40f5-4893-aadf-619633674196,0.5847530527558,206.78
d262ae05-279e-4063-8949-7bbdc978d85a,0.5854288149984,194.77999999999997
ebd873ac-f7e1-4c7c-bd39-81d2f7a1b8c2,0.58466079969395,269.78000000000003
3412590e-9f5e-465c-a16b-9fe3b46ddea8,0.58458083384535,225.77999999999997
6353dc9f-4950-4a2d-ad45-e0c29210725b,0.5851905052531,207.78
936b527f-e3de-4056-a56b-83535957caf6,0.5863478372774,217.77999999999997
4464c19e-729c-4795-9f3a-2307de0b7726,0.58510418870635,248.78
aeb9a253-2fbc-4536-8ef1-32114b90ca15,0.58349225598325,213.77999999999997
e9f1f475-5162-47ed-908c-c9c5adc9e918,0.58257163026895,178.77999999999997
37f5ff8d-804d-4e09-be38-ebc969f629a9,0.58540710224045,175.77999999999997
753a38aa-8277-48a8-8044-75a4790643f0,0.5829799068561,221.77999999999997
c43588e0-38d8-4344-b7d8-2567aa5d2d30,0.58720886908225,217.77999999999997
1dac4f67-f1cb-4fcf-bed2-281a7f98c1f9,0.5832686478754,215.77999999999997
a5534e04-3bf9-48af-834b-5698f875782e,0.58455214445125,230.78
353808c9-763a-4d12-b832-7d74a79aeb14,0.58162941803375,230.78
06e8c4fb-18f3-4282-ac2b-b2cf3f9b59a2,0.58633570418775,241.77999999999997
d96d01f1-11ed-44b7-b2a8-51aaf21c5ff2,0.5817211304373,286.78000000000003
2c85a481-6842-4e4f-b378-bf685a64a248,0.58177309886165,255.78
a75b0ca6-d2e2-47ca-a5e5-661d0d5ff3b0,0.584708876689,197.77999999999997
207460cd-f562-4ae2-97b1-ff91423009d4,0.5815758250043,240.78
35a0f637-44bf-4d14-a3b6-fd20783fbce0,0.5838353316058,242.77999999999997
5a169890-f58e-4d3c-9212-5a630e40a8d6,0.5846259930408,269.78000000000003
e5aed6a4-925e-4965-97df-2529d6dec07f,0.5845795799341,224.77999999999997
1b75c545-a588-4aaf-a445-fb982b7bfa63,0.58334760383695,279.78
22f75ac5-b848-43e6-953f-c8703513a6f5,0.58257163026895,178.77999999999997
4f0a4fad-a5d9-43b7-94ed-acd95bff5538,0.58540710224045,175.77999999999997
17f206e1-5684-4bed-9d09-d2ebdaea43e1,0.5845305693333,204.77999999999997
6c59f3f1-5ad4-45e7-ad58-e539e67f157c,0.585704500031,221.77999999999997
11104435-3d8f-4799-8d7c-959036f34b6e,0.5832686478754,215.77999999999997
2707913e-d678-4df1-8bc8-d1436e924683,0.57987427321765,253.78
8ac441c6-0534-4419-b0be-7f5445eaf541,0.58233755777495,225.77999999999997
e4b87cb8-bc39-47e1-820c-5304b79411e3,0.5793971889531,269.7800000000001
12eedaa7-7869-47c4-bd09-637bc8ca2b3f,0.58132211120765,243.78
706a5c63-742e-4f63-b18c-06ad386d60f0,0.58131137305625,227.77999999999997
b6d08e5d-f366-439b-8044-bf18b7e7ae56,0.584708876689,197.77999999999997
1ff10228-f6a9-4ca4-9948-dd9fd1f3f9d3,0.58709885187035,232.77999999999997
488954b0-c3fc-4c57-82cc-c314b6db5282,0.58212992918155,241.78
d7d0a2ea-3c88-4d93-a94f-b96f91d553f3,0.58455214445125,230.78
66e2da76-b809-4bdc-8e26-1c62415f0aee,0.58455214445125,230.78
5f38c83b-2f8f-4404-aad1-47bf013578f2,0.5854321765992,223.78
b5590611-616e-4829-b8b1-deb305dd68eb,0.58257163026895,178.77999999999997
4f765d3e-1f34-4e98-9a0d-68f071975a50,0.58540710224045,175.77999999999997
665927d6-253d-4287-be1c-73ecb1ce9451,0.5845305693333,204.77999999999997
593f14a8-f306-4f1a-b65d-c51029fe9af4,0.585704500031,221.77999999999997
32a96758-ddc0-45fb-b05a-2ce6f6cee5de,0.5832625887203,236.77999999999997
d2ca0f27-d30a-4c5e-90ba-90e0518fc90c,0.58558758882965,226.78
7c933533-7a54-471e-8632-c5ffe41d8347,0.5848650738075,214.77999999999997
36a847ae-eaaa-44e6-8a52-4b436aa68d92,0.5860849254867,229.77999999999997
63cca188-71f3-48d1-849a-9fe2f98cd46d,0.587028531356,176.77999999999997
31b60f98-ee39-4162-b19d-8008d22f8c54,0.58469945377125,240.77999999999997
b07ccf4b-53a4-47d7-97d7-f17f5e39fafa,0.58288493540165,240.77999999999997
b2006619-05c1-498d-a08c-f681ff605cbd,0.5857540891509,237.77999999999997
61ce7df4-8296-4132-8ced-ba508086aa17,0.5892510725618,246.77999999999997
8f4b17f1-34d7-4d85-b947-7101613f0179,0.58707928559245,232.77999999999997
9e56fb05-0d5e-4877-9438-d215937e1303,0.58493933207705,253.77999999999997
0cd833c5-6c9e-4ec8-b917-2e6c58cecf3e,0.5877021086683,283.78
1170526a-d6eb-417c-9398-9e79501fe4ce,0.58257163026895,178.77999999999997
6749eb90-20fd-4ee9-bf8a-2fb74da2219e,0.58540710224045,175.77999999999997
6403f074-a161-4721-9687-18528b9d36ed,0.5855421707556,197.77999999999997
4aad78e6-7aaf-460d-8682-9c692f4c4e37,0.58314355789765,238.78
4e30e77f-2707-429a-9a72-44810707a358,0.587028531356,176.77999999999997
2f84accf-2261-4d91-a6f4-04cf9363286b,0.58558758882965,226.78
1d748d0e-e787-4e8d-988d-82d98b74615a,0.5848650738075,214.77999999999997
f6539ec9-0b9d-47bc-a8de-4183454f9fce,0.5830933245665,205.77999999999997
e531a523-7cc6-4cea-b55b-703d16a1c512,0.587028531356,176.77999999999997
58140d44-f8e6-417b-bdea-fe31287b0546,0.58625695836505,215.77999999999997
7c655574-8c77-49b2-9120-274c2ba784fb,0.5825695237105,256.78000000000003
459df5e2-6651-4ca4-aed5-673cd29230a2,0.58634284062295,163.77999999999997
911b3894-6874-4388-8160-f2e43ece8613,0.586508447089,256.78000000000003
92faa691-b786-4e2a-a33d-8d15cf668748,0.58422875308965,234.77999999999997
25624def-f165-4697-bdf2-4eeafb44fa74,0.58489189516165,219.77999999999997
ea775a38-73c0-4f80-9894-71b821cd2072,0.5860849254867,229.77999999999997
007dfbbd-8b52-49c1-a5d8-cce638d61142,0.58257163026895,178.77999999999997
06ef89fc-c87a-449e-865c-e829d45a3d7c,0.58540710224045,175.77999999999997
6ed4ae26-50c0-4cdb-a6f8-b61aeec97f06,0.5855421707556,197.77999999999997
4e24865a-e1e8-4996-96ff-49bc98742e19,0.58558758882965,226.78
0f2e3651-e2c8-4c77-bc98-5beefb2f55f3,0.58578829061645,248.78
8758e133-db8a-47ea-8d28-aeeb96b373b6,0.58701310868105,225.77999999999997
052bfc25-9f99-4088-88a5-fcf67a5b3cd1,0.5834250967607,243.77999999999997
8f2a5f11-82ea-4341-9108-b71a85ed141a,0.583767839152,246.77999999999997
4921f68b-f2fb-4757-8e71-92596fbdb356,0.58648697005925,267.78000000000003
00269101-f2f6-487b-b608-ac50735a88e1,0.58369330832835,232.78
885fd6b5-ee27-4cba-8b1e-7d989c2394f5,0.58411149056045,169.77999999999997
53c569a1-f3b3-45ac-9d65-213a06c8c39f,0.58634284062295,163.77999999999997
078bb40e-5f89-4734-b8bb-fd3ca5cda7f5,0.5803731642982,222.77999999999997
dd62de14-236e-4bda-a673-28e94fb205b1,0.58715022638875,221.77999999999997
27c7943a-847e-4360-8514-72eb23c2f70b,0.58342918441195,236.77999999999997
4c8d6916-2252-4385-b10c-35092830380b,0.5840044852368,226.78
375ebe14-718a-4a45-8eff-7fbb2d77c346,0.5851922521739,227.78
a84e4e29-2cb0-4ca8-b0bd-f7604f61d48d,0.58540710224045,175.77999999999997
96491660-11af-47aa-af29-61f6e6b71116,0.5835068204242,241.78
704b304e-5e1b-4bb2-9e85-ab63e73f7f67,0.58294313270095,238.78
48122c76-2b01-44b1-8e05-334049cc319f,0.5834250967607,243.77999999999997
1f8524d3-be2c-479a-b279-308de7b9cb45,0.59023261356495,212.77999999999997
5d129622-ea7b-41d0-b54d-d58b6df977ac,0.58263129490905,236.77999999999997
49929ec9-43de-4ccf-90d5-da1d1bf6edc0,0.58117315046245,234.77999999999997
17d41d67-291f-4d30-a270-d86ae092ce63,0.5891163419106,248.78
62f2376e-6ac1-4d12-8b06-e8864f3d56dd,0.58701310868105,225.77999999999997
ce9c6f22-b1b6-42b6-8440-4cd041f22393,0.58411149056045,169.77999999999997
dee8e677-f762-40ce-8b31-0e5e07574ed3,0.58634284062295,163.77999999999997
92834039-dff0-455a-8368-acb9ea3e3463,0.5803731642982,222.77999999999997
b73dd962-90e6-429b-85e2-08ab3f5df589,0.58715022638875,221.77999999999997
1b92c20b-743d-43e7-8b5e-9bdf351d2c5b,0.5892764251083,192.77999999999997
f82e1fdb-58ac-42ec-a428-b3437ecb55e0,0.5840044852368,226.78
3df88d90-1f2b-4745-95fe-44b4dd47770a,0.58833766207305,199.77999999999997
46f29cb6-2b47-40a9-aeee-1fa936048300,0.58540710224045,175.77999999999997
bb07f01d-7731-498d-a98d-14988aefa3f4,0.58578829061645,248.78
4bc09e75-a96d-40a2-9228-ed024fcbf1eb,0.58701310868105,225.77999999999997
6cb87a1e-1b47-4136-9520-0e78a5a9aa47,0.5821188543302,292.78
6d6eab89-a423-4c7e-925b-dea29f7f2231,0.58574933163175,239.77999999999997
a5f6fce8-28f8-411b-9ccf-588abada23c0,0.58557077928225,201.77999999999997
4c591d15-fae9-4303-ad3b-fbcf85bb44e2,0.5799904174454,284.78
cde97d8d-e522-47a6-bd68-41ecd04b2057,0.58066407031405,205.78
583e7848-93eb-4886-be11-cba77b4e7ede,0.5851360813573,237.78000000000003
928ab3e2-e0e5-45ee-8f0d-15463acee30e,0.58411149056045,169.77999999999997
42e11d2b-ffa0-4b98-9db2-519102801ad1,0.58634284062295,163.77999999999997
e2b729d9-a356-4507-a7d8-4cc5992bdb4e,0.5796616685021,235.77999999999997
758239a1-117e-4ac2-bcb6-a3815335ba6f,0.5842332222505,250.78000000000003
a6cf66f1-cfe5-4b18-9faa-38ed22fe85dd,0.5805236849113,286.78
85107fb0-db55-4924-a663-041aab9f8b42,0.58366702998235,241.78
991c36e8-664e-4837-90ea-d280962db05a,0.5856743239161,244.77999999999997
34c065a1-386f-4f40-b63f-55864e57a932,0.5855142661578,234.78
2ca9c98f-3dea-4c7b-99f2-f38d5bb78667,0.5862393692098,217.77999999999997
83e4859f-794d-4c72-a44d-bc16d954d1cc,0.58326319873595,259.78000000000003
4786a6ac-b37f-405d-86bd-edf80837af56,0.58627262621805,275.78
e120578a-a0e6-45c3-addd-84d06a800d4b,0.58375635463765,310.78
5e03d776-9d44-4c43-bf26-8f5dbc83ff9d,0.58557077928225,201.77999999999997
cac0a212-01d5-475d-b89d-972de9eda856,0.58488056553065,227.78
48f00759-11c3-47f5-a810-588cb33e074f,0.58066407031405,205.78
e4d6d43e-0d24-4e48-8efb-19b32e44fc1c,0.58574933163175,239.77999999999997
d74a6831-7c14-424d-af8d-b499f8c12389,0.58411149056045,169.77999999999997
d6929fbf-27de-42bc-82cd-7a4943c7532a,0.58634284062295,163.77999999999997
7b2ad9cb-24ae-4624-885e-2667a2ad4521,0.5796616685021,235.77999999999997
7be5f087-4df0-4819-bb98-5ecdd75f8c47,0.5897725284237,208.78
79058c7a-5210-4404-9ee7-bd2a7a468740,0.5821188543302,292.78
7172e817-0fa0-4e4b-971d-202db5e73500,0.587703672035,167.77999999999997
8d8146db-4a49-4031-ba2b-90f49f4f310e,0.5841494641931,234.78
3ee0b9e6-2508-4844-a402-6f921b71e407,0.5851658008473,263.78000000000003
06eba879-0e75-41f5-ad32-c5e4177ed008,0.5862393692098,217.77999999999997
efcf9e26-7952-40e1-a90d-2ac261df1755,0.5821188543302,292.78
21e3de85-6128-40aa-a252-6c0d92e23357,0.58287349351605,228.77999999999997
b5453af3-2979-4624-bb43-7acd298f4009,0.5837487773357,265.78000000000003
6c2090d1-9c22-4210-913a-d7b4891344db,0.5838345173802,262.78000000000003
e1788eb9-48bd-47b5-be05-e625bb1ccd2b,0.58183602811805,228.78
a4a8f14e-5806-48f4-b630-dff67e6a7be2,0.58317994030055,223.77999999999997
194096ea-925b-4901-8738-40463f4d1d75,0.58112795817865,231.77999999999997
8bd38fa6-1764-410d-9bf6-bc3942eba5a5,0.58411149056045,169.77999999999997
cba41187-2890-4225-8e2c-f2e8abfdac5d,0.58634284062295,163.77999999999997
7c2ffc01-0f76-4316-bc8b-dcb7cf9329db,0.583600985138,229.77999999999997
8cd0ea76-4ce6-474a-b0e5-dff96a611099,0.58121943470815,213.77999999999997
fcd3fa7d-90b6-43e5-8fc7-1835e26d60be,0.58287824270535,239.78
2f6762c0-4b67-4261-a22c-5edb1afa5325,0.58352783965365,209.77999999999997
d17fab68-cfe6-4b1b-a9f8-9ec7335b1019,0.58580169053795,195.77999999999997
daa8009f-260b-4279-84ed-d7cc09c902cb,0.58145768973555,256.78
dff0f197-5287-41e1-a063-e1b73220cd6a,0.58481428195625,225.78
fd1ea8f7-acb8-456f-9f22-e44eff4355cd,0.58713814046715,223.77999999999997
8e552928-0719-41c0-a8d7-9b6a5a5ed569,0.5856905327646,236.78
e727165e-f9f9-4b20-8a7c-e7742e83d34e,0.58287349351605,228.77999999999997
afc1c0c8-29ed-458f-8550-a6d80a7d476c,0.58639356643155,253.78
2060cd15-977d-4f66-80ad-a0bab2d244cf,0.58663334300595,234.77999999999997
6b21c22a-0135-4758-b621-19fa806e748c,0.58317994030055,223.77999999999997
d301cab0-611b-48c4-8639-2fefbab16e09,0.58373464898935,235.77999999999997
cee8f584-3870-46da-82c9-dd0e3e73d23f,0.58411149056045,169.77999999999997
cdb0b83a-7436-4a0d-9cbd-29e94d776c04,0.58634284062295,163.77999999999997
e6b8b6a5-9aea-454f-b028-222b8023a512,0.58287349351605,228.77999999999997
23f0a38e-4705-469e-a434-20e074630bb6,0.58121943470815,213.77999999999997
e75621e4-32af-493a-ba9b-e02a8c87b488,0.5837487773357,265.78000000000003
a284eedb-ddab-48a4-b5f5-fbe37bfcf2c1,0.58352783965365,209.77999999999997
a11e2654-dce2-456b-8165-4ff3634b14d8,0.58580169053795,195.77999999999997
5c30ee4d-9f3d-4f3b-9106-5136d868e8cb,0.58288358495665,272.78
2e29f7cb-9287-4258-b593-b4d6300fe36d,0.58329025021295,288.78
71cd007f-1645-4bc3-bec2-ebe71622ad07,0.5861108914445,217.77999999999997
6a1dc1c4-b10b-40bc-881e-9e08bba125b5,0.58493278839845,215.77999999999997
b104ee51-b384-404d-8b9a-7d173ba4b53c,0.5837779468705,248.78000000000003
989b9994-20dd-474a-bf98-fe1dc0fcb8c6,0.5855238623387,180.77999999999997
00192e85-e56e-49bb-a7b0-c3d877c0400a,0.5861855770533,249.78
18210172-a21d-4241-84b9-f13ae72edaa9,0.5822606502391,252.78
ae705729-f381-4a75-bbf1-012ad71a01d2,0.58091226069075,275.78
819b91e8-b83b-4594-b61b-40cfaa1658e5,0.58411149056045,169.77999999999997
0f2a8d8a-9531-4343-9524-ba16dfecf613,0.58634284062295,163.77999999999997
4245710f-b6b0-4920-a8ea-d70544c8310b,0.5864205826215,270.7800000000001
a778a4a1-59dc-4633-9a5e-825cbb79728c,0.5837582071961,190.77999999999997
769f71cf-3fd7-4662-beb0-a7e7c37bda83,0.58285212184535,199.77999999999997
b98492ad-eb6a-4530-8d0e-4bc0f96a97ca,0.58680637594835,279.78
4f8369fe-3244-47c6-a60f-69c98c37a9b9,0.58316498584655,262.78
79680961-97b8-4900-a32f-7fbc3563e4f0,0.58088951760795,223.77999999999997
eb57d006-64d2-4638-a29f-8cd1f3172bbc,0.58318739544875,237.78
5aabc46f-66a6-4a55-a60a-3931c78c0d36,0.58399317542335,215.77999999999997
8104e884-9e66-4eff-9ef1-6dd83646f1f1,0.58493278839845,215.77999999999997
9d536fba-fe7b-453a-a017-7e2576d681c4,0.5887210810724,165.77999999999997
365d6070-673b-4d72-85aa-a3d717b712c4,0.5855238623387,180.77999999999997
e45aafd3-7e31-48f0-89d6-9e1b5aaf9e1b,0.5844007627268,158.78
77fd5f59-109b-4005-b8d3-1dc765382b8d,0.58318844826905,219.77999999999997
c0955663-7d81-4e5c-9090-d3b75028bc56,0.5837779468705,248.78000000000003
ca54659b-0066-43b4-b2c9-58d0753fe8fe,0.58411149056045,169.77999999999997
c88cba94-df94-4b68-91a5-35d5bf172b44,0.58634284062295,163.77999999999997
861ae43d-1273-4370-ab48-bf8d00aee08a,0.5854253246567,222.78
cd50d11f-a512-4e55-ad84-bac37f5ac322,0.5837582071961,190.77999999999997
83523370-4c3d-47dd-8d74-d3c8a14c57bd,0.58285212184535,199.77999999999997
1c27287a-9aa9-4593-8cfe-3ae7600716d4,0.58482920531445,202.77999999999997
252b2427-d2aa-4403-a293-3776d5fcc078,0.58340838881235,229.77999999999997
7b02731b-db3c-4baf-812e-13c7bb4b7961,0.5857671891369,231.78
4e990304-c884-44db-a043-d07c7e6a3cde,0.58683956386715,201.77999999999997
816077f9-ba03-4cae-9951-a4fcdd65d69d,0.58399317542335,215.77999999999997
8096ec8d-3f3f-4c00-bb76-26b2195b7ab1,0.58523793037105,198.77999999999997
84eea6c3-8f6e-43e1-bdf7-115188b0c86a,0.58341238782885,217.78
624de9e8-d18e-4db2-89ac-b1a5782e054c,0.5830524104464,220.78
b82c20b9-7484-4df8-a80e-5ffbc1e0c41e,0.5844007627268,158.78
f15423aa-5337-4545-aa80-b6fd48f4477d,0.5825721037997,248.78000000000003
727d831e-2ffd-43c3-b2d8-acc455188d04,0.58468211702875,212.78000000000003
330c627d-d92e-48ce-982b-a8672e43217f,0.58634454838815,272.78
03189240-1d5f-4639-a906-55206af74120,0.58634284062295,163.77999999999997
ed56c7dd-3cf8-4882-9fb8-c7f37e4cf408,0.5868650996233,250.77999999999997
bafce330-4ed6-4ac3-9093-388a47df0185,0.58260919194925,229.77999999999997
be4afb91-ff3c-4dd0-98f1-d0528bde120b,0.58313566074,236.77999999999997
51b5c009-debf-4f77-b4d9-3c9778141ae5,0.58379063051855,261.78000000000003
b66448d6-953b-4fcc-94a9-05e87411cd59,0.57970003179915,271.78000000000003
2d1e9f70-423e-4e20-a231-c733fac18c96,0.5830242224435,252.78
2d2bb11c-fc3c-4816-8e42-f15c5ff97b49,0.57990750807725,237.78
97bf7a44-8bb9-4db1-b2f5-48c991339c39,0.58597639262545,232.77999999999997
31701184-af0e-4dd2-896a-2a32d98136e8,0.58523793037105,198.77999999999997
d0f3d4bc-b2c3-452b-932e-cdd3de5e2755,0.58341238782885,217.78
f77ba1eb-c319-405f-8ce9-e054e22b93a1,0.5830524104464,220.78
d53537bb-86a6-4779-8128-34ed509f2f8c,0.5844007627268,158.78
77480e17-40c0-458a-b2b7-f97cda9c2e6b,0.58341238782885,217.78
ccf4d554-00a3-43fb-947e-178b8a690f2e,0.58468211702875,212.78000000000003
12160ffa-2243-432f-ae8d-1dabd727ceb3,0.58390641221645,230.77999999999997
4a7e2a34-0b09-4ef3-9f7b-2150b4cf72ff,0.58634284062295,163.77999999999997
d2b89f25-5ade-4ff1-98b1-620b1baf0fe5,0.58545224228005,180.77999999999997
fc49d4a6-ebfc-4116-a01a-57aa14dce5b4,0.58341238782885,217.78
d0cc44a0-bf88-44ee-a0c7-029f9af45368,0.58295457542015,206.78
a8896871-4cb1-4bd4-9380-3003fd7836ba,0.5835853256939,239.77999999999997
0eadca56-a7ec-497f-aae2-80af5ffa247b,0.58523793037105,198.77999999999997
d33a432a-42c9-4518-bc41-04d102a8c5c0,0.58570459809545,184.77999999999997
d660bbfd-f856-4c74-8da7-48268cb2cca4,0.58265024114135,226.77999999999997
48e6dfde-ab2e-4086-8267-ed95b79215af,0.58523793037105,198.77999999999997
5bfbe838-8119-4360-94d8-8a664e2e4262,0.58554751449375,211.78000000000003
3ff70791-ac1a-400d-8d9a-ac87ae09d101,0.5855399653887,253.78
f21ceca1-39c7-49fb-a0e6-ed62a8496771,0.58478212982745,228.77999999999997
9e2c71a8-be53-437c-b90b-7184c76ea132,0.5844007627268,158.78
7ffe4da2-6308-46bc-af5b-a154271709ee,0.58636781130395,217.77999999999997
44f19fd5-cf10-434e-9712-6c750e66107f,0.58623234071625,257.78000000000003
f7a2d80d-2ad6-4587-aebb-b1d9c942a5ea,0.58543367610275,230.78000000000003
62f8ddf7-fd7f-4913-9aaf-884e02ed7237,0.58634284062295,163.77999999999997
15910e64-f49d-459d-b6fb-d2e7e4ee9a03,0.5844649089341,185.77999999999997
ad9daa43-5f97-4c39-b160-09c56ad40f9f,0.5832983259951,263.78000000000003
768d71d5-611c-4a23-89db-da6f8b5b9dc2,0.58413773917865,211.77999999999997
4dc331cc-5094-4925-ad80-7585b261c3fb,0.5835228203222,205.77999999999997
3be451e3-192b-4eac-a37f-83f7ba4c426f,0.58474549314615,243.78
2c1eb7b5-5046-45b9-b793-2d81a962fc38,0.5837240977109,247.77999999999997
5dd89a40-4b7e-4614-bddc-53fbeca47117,0.58336637401355,247.78
27daf76a-71ef-4848-8015-6060f973ca52,0.5849826915132,289.78
8cdc0edd-e5fc-42b8-abef-ed737d048786,0.58554751449375,211.78000000000003
1b065eec-e4c9-4ed9-858e-d7d04cf7a016,0.58643635066245,196.78
a87b91d4-fe45-4ab6-98bb-2a1acaabbcd1,0.5855399653887,253.78
fcdd7349-5f6d-48f9-ad2e-04e4863b56dd,0.5844007627268,158.78
c4c3ccb4-9a73-43ce-9121-313952483e8b,0.5855399653887,253.78
af460c69-5fd0-4b10-a4e3-1a829d47622d,0.58622752770645,217.77999999999997
0e49f1d5-3fc5-46f7-aa1a-ddabff3ff52f,0.58593218320735,232.77999999999997
c03a7b0d-b448-4e26-b251-5829369312c7,0.58634284062295,163.77999999999997
ad72838e-965e-4241-bf04-b710eb6df2db,0.5844649089341,185.77999999999997
b781cf80-dd0f-499d-9a65-c1301f581f4c,0.58328342395895,274.78
22cc9ac1-3269-4641-b780-2c241e96853d,0.58413773917865,211.77999999999997
ddfdc7c5-0112-4c9f-b935-996cc90c7522,0.5835228203222,205.77999999999997
112194c0-1e9d-4d95-a1be-467f50cd4572,0.58680092986565,212.77999999999997
eb9eeb47-36a4-4619-b0bd-9ce04b90ba6f,0.5846530202803,230.77999999999997
0656976e-e001-4c8f-9edf-0fa2f492e228,0.5849891562604,245.78
be025d9c-2e05-4cc8-b0a5-bd3192534e43,0.586387249892,240.78
c7b6a79f-e0a6-4304-a1a3-d89399310bb9,0.5860982589931,223.77999999999997
b42f2c73-0b1e-4e85-9469-8dd093c1ab59,0.58496437609925,201.77999999999997
240692d8-b355-4cdd-9caf-9b5e6d03bbfe,0.58639824123935,205.78
6ab03039-b2f6-45ac-8eed-59e01ac15b75,0.5844007627268,158.78
21b5d594-ce75-4ab5-9a3e-b29f840a7377,0.5856671064523,266.78000000000003
7a616b21-e08b-4554-8670-a895f62e3eb6,0.58452646289335,249.78
07b7ec67-119a-4d9d-8454-8e12e375fc02,0.58375628920585,280.78
8ef5a2e7-1fd1-46ab-9003-e072bde15e97,0.58634284062295,163.77999999999997
b63b806c-e538-4fc0-a70b-1209d168feb0,0.58329746735135,232.77999999999997
473108da-f00c-473f-a937-991f99798370,0.58573652329385,225.78
7e00d341-e401-488b-b630-3aae847028f4,0.5850924042798,210.77999999999997
c4de5535-91c6-4d1b-a87b-b409968251e4,0.58525758853675,195.78
7bb9eeac-7031-45dc-8f56-7d2ade530d26,0.58656729777225,243.77999999999997
7232f668-3c4a-45bc-96c2-0d88e71b89be,0.58492138786505,255.77999999999997
1f22b7a1-0885-442c-a22d-df11c4281c4d,0.5871789015202,203.77999999999997
4b18c215-ab4e-48d7-bb53-59127ae24102,0.583875198607,261.78000000000003
8aebdb17-8dfb-45c9-aa4e-c7b71a90d5a2,0.5843773917952,204.77999999999997
668d2629-243c-4a14-a5d1-5c073634a5b8,0.58496437609925,201.77999999999997
4d243b26-b13b-4321-9ba0-a600f56819cf,0.58639824123935,205.78
cc5f8c07-6bbe-454f-981e-dbd71df5fd27,0.5844007627268,158.78
79690139-fcb5-4a96-94de-acc8d8ba1fcc,0.58529636820825,253.77999999999997
ec6eaa3a-f48b-4931-963c-83650f0ad955,0.58496437609925,201.77999999999997
e311fb2e-83f7-46e1-984d-0d85b6122fec,0.5849345711771,186.77999999999997
06b33731-be53-4ab4-a0f8-74518ddd770a,0.58634284062295,163.77999999999997
bf3f908d-ea1f-4c01-a64d-066e8c3ce35b,0.5860982589931,223.77999999999997
ded2bf54-7144-4b5a-99e3-f87796807ed2,0.58698651060615,216.77999999999997
b482248e-84dd-4bbb-bdba-bf0f346c166a,0.5838629306564,226.77999999999997
89bdd49d-a5c5-47f1-a0dd-6ba33f05524d,0.58525758853675,195.78
4575b3e3-16ea-4e31-bfb5-9f608be3a91c,0.5855865954435,219.78
8fcf55d2-017c-43d1-a3b4-134db88e0c56,0.58496437609925,201.77999999999997
90ebbe34-70b9-4a1d-8541-c105c3640d2e,0.5871789015202,203.77999999999997
316f329b-41bc-4ada-bd6c-593c72e0303d,0.58873286151595,203.77999999999997
4831fc27-da4d-4fc4-866c-3b12f19b796b,0.5840574847551,183.77999999999997
c400634c-abe4-424d-ad0e-7846adae4633,0.5840896202662,200.77999999999997
d4a6659f-af8d-452c-a42b-d71db4850865,0.5837924379283,208.78
bc5fd65f-8840-43e1-9141-5f303026fa01,0.5844007627268,158.78
02046b0b-e834-4a21-ad4a-122848dd61de,0.5862294990215,247.77999999999997
de2f6791-a741-4677-80e7-397258aea8d4,0.58201049516135,245.78
532ae6f6-544f-40d1-a02c-1106549dfbcc,0.5847698904222,262.78000000000003
7ec4592b-ce9b-4d08-8cee-6b852e5554b4,0.58634284062295,163.77999999999997
e5f88237-3ba8-4d5e-9a28-4a2e9c11bd20,0.58380037477205,209.77999999999997
a051d95d-eeb0-4fa9-9415-a857eb393d9f,0.58314404592845,243.78
b21cff40-a110-445b-ae3d-33f742dae9eb,0.5865735363335,251.78000000000003
f9dcaaa6-38d7-485b-ac93-2d94e4c68769,0.58681260356855,197.77999999999997
2f058db5-6e5f-456c-afc9-aca4d3f27973,0.5820156903218,231.77999999999997
4666fe2a-2719-49b3-9bd2-aad7c6d7856a,0.5838412447379,208.77999999999997
438e992c-a9f7-452f-b54d-78557a2a5bc5,0.58338182745015,262.78000000000003
08b9b833-fe7f-4415-bf0a-f3ff7bf9ac15,0.5851431539217,268.78000000000003
1a2e2c38-c7af-4994-b4e1-51cecd4bd5ea,0.5840574847551,183.77999999999997
cb2321de-dcf5-4c26-964b-85d01564b38d,0.5840896202662,200.77999999999997
c0149b96-c160-4346-98c9-793ab9dcff0b,0.5837924379283,208.78
266b76c0-5bc9-45fc-9a1e-6f94663b97cb,0.5844007627268,158.78
66bb67cb-b550-4faa-b6f4-8393d70940fc,0.5844666580039,214.78
1f02fca7-6a04-41e4-be56-c6b5e9f2eddb,0.5813623147042,187.77999999999997
7c3fcf63-40fa-4c3e-a48d-e2b0f2121664,0.58611635817185,195.77999999999997
9f4c30fd-2cbd-4c2b-bbb3-4d8f19b36f88,0.58634284062295,163.77999999999997
5bce2633-ca04-4c71-bfdc-0cc73ec4149d,0.5840574847551,183.77999999999997
78908f68-de29-468a-a896-05c2877d2708,0.58372169255065,196.77999999999997
0f682daa-d4f0-4da8-8feb-000a494a87b5,0.5840574847551,183.77999999999997
f1e2ec98-4ebc-4392-b3a4-3b8235b169a8,0.58681260356855,197.77999999999997
9c533795-f393-4fff-bbb2-adaa5837835b,0.5840574847551,183.77999999999997
22f728ce-99f6-47b4-b9dd-35d701f07114,0.58807383164175,203.77999999999997
0fb81ed9-5736-405a-9e14-d445ad2d16ea,0.58684039657025,218.77999999999997
6aa513d1-d2f1-419d-818b-5e352d5724b4,0.5825924965025,196.77999999999997
f76dbbf4-f8fe-409a-98ad-8dfe20103220,0.5854681721099,230.77999999999997
e88743c2-12f8-46f5-bb89-08928cf325ea,0.58513181392435,206.77999999999997
20cdc779-8997-4c50-b5e1-eb44f200f35a,0.5863853220769,248.78
43cdc397-e98d-4d90-988c-bf3af142b658,0.5844007627268,158.78
a003d718-6efd-4e9d-a922-5c86284c1058,0.5847470436249,254.78
62aec617-ce98-48df-8c45-faba1514ebb0,0.5853458379409,230.77999999999997
abc62bf7-ee3c-4b01-8208-df914ac358ca,0.58591245263505,229.77999999999997
9a1c1065-845d-4198-9a24-a00f182ca22b,0.58634284062295,163.77999999999997
52755861-6188-43fa-8c53-6773442def02,0.5847378370295,216.77999999999997
6d142485-6d59-4a0b-8d4a-9668ae706523,0.585101166082,238.77999999999997
75b21ff7-5150-4c30-950f-3721529f2e50,0.5828114666634,245.78
514ca99a-c8e5-493f-93b7-80c9850c21c5,0.5868339109979,202.77999999999997
540a216f-d0f8-470d-815b-d0fc2e5d5101,0.58558673683945,191.77999999999997
e0ab9d03-2c94-495a-8df7-312abce4dd52,0.58581023733865,165.78
a96922cb-3ed6-4492-b78b-749a81590397,0.58279258326865,234.77999999999997
c35d69e6-9458-4cae-bf8a-841e34b6aa4c,0.58263840241975,274.78
d0bf68e8-9493-462d-ab2f-3f6b4a21dad1,0.5844007627268,158.78
3e608dc2-9d85-46a9-a398-0888fd4242b8,0.58513181392435,206.77999999999997
14d5840b-14c3-44ba-876f-b68acde5995b,0.5815634409015,211.78
fa053a09-8ad1-44d3-96c9-be9d973c2611,0.5844007627268,158.78
e671ca0e-cc79-448d-b5a3-06ef4fc8b252,0.5835854145029,257.78000000000003
647aad9e-ceb4-4aa0-a91d-dc39729af889,0.58501521710525,208.77999999999997
224cf01c-7528-4646-86b3-a53b23d7867c,0.588328517396,208.77999999999997
d1f7f86b-9b79-4199-a970-35eefefc91bd,0.58634284062295,163.77999999999997
bcbe47d6-b55c-4e17-82c1-c32d074fba94,0.58513181392435,206.77999999999997
1e184bd1-ec0a-4e52-9b7c-22e396e83ad4,0.5850444284587,246.77999999999997
e2f5b4ee-4024-4299-90cf-4dfab3b3e959,0.58160498192025,185.77999999999997
f1680d70-6b0c-4088-9d7b-f7351b3e7e87,0.5868339109979,202.77999999999997
84b7b6f3-13c7-4d72-a8d6-57bc5b03e38c,0.58558673683945,191.77999999999997
43e49e06-4ae0-479e-9a33-62bd52426c18,0.58581023733865,165.78
2d693adc-2c82-458e-813e-953110aa00ee,0.58712035824315,170.77999999999997
799391e7-6c58-49d8-9b3d-4c6987d71c66,0.5824504622353,255.78
5fcb7d02-34a9-4f40-8866-ccf0db4e6e17,0.5844007627268,158.78
551b05f0-555d-48bb-81d1-cd281946c012,0.58368702622915,234.78
5f220970-1120-4fc9-941e-b833885ef80f,0.5861137155402,256.78000000000003
047e20a6-4e3d-49c8-bd1a-9b284e4e8522,0.5844007627268,158.78
b254d088-0f0f-4117-80ab-b209ef0307fe,0.5830581641343,206.77999999999997
65469fd2-c8cd-4096-b43c-e3d2296a391d,0.58193064202015,270.78000000000003
db288583-ffc5-4ce2-81ef-c9204d97c893,0.58128481094805,197.77999999999997
947e0cf4-dd66-4b74-9183-010a257a834a,0.5831236995948,256.78000000000003
ea1abb35-6500-4158-b265-2ea001deaa7f,0.5817467853701,257.78
1d56cba8-5665-42cb-a6d4-ae0d87cfeb30,0.58655422714145,229.77999999999997
09b0af75-dd06-4bd9-9532-d92e31ffd0d8,0.58605232061415,214.77999999999997
6294fe7a-cb02-4fa4-8820-5a81c9d6d922,0.5878440374636,219.78
347f36db-b7bc-49b0-819e-719ab2b511fa,0.5863155630473,175.78
2bd04902-aaab-4ff8-b043-b19fbf80204c,0.58302195238775,255.78000000000003
d6a05152-ccb2-4239-a110-38981df94f2e,0.5859291473342,262.78000000000003
a486f651-eb27-4b2f-b882-5c80d1b3a5fd,0.58593042260485,185.78
d3036adb-aab6-44e7-8c65-84781f3f43e0,0.5844007627268,158.78
ebf30bff-302e-4218-8d2f-a63583098716,0.5844007627268,158.78
ad97dd85-65fe-48e4-a307-d26b86e2a765,0.58368702622915,234.78
97b0e7b1-b7e0-48c4-85f9-f752c63f8cb6,0.5844007627268,158.78
12bae463-d79c-4d8d-96d6-d17f81e79507,0.5830581641343,206.77999999999997
8bc45db4-4696-44ac-980a-2cd5811c6a8f,0.5844007627268,158.78
78bbaf3b-fbff-4c1d-a0a4-0b7ce32c61b3,0.58128481094805,197.77999999999997
f4b38174-ef02-47c2-9aaa-d12dddd212c8,0.5861137155402,256.78000000000003
cca932a3-fb94-411f-98c4-10c49f210311,0.5831442649715,200.77999999999997
023c2b5b-0c30-41fa-82b1-f8501a614f25,0.58587401833165,236.77999999999997
53768018-e582-4dd1-bdc8-3d9f01b2555c,0.58606445747525,231.77999999999997
9711bc64-3099-41e8-a232-62e451a73bab,0.5835710024933,201.77999999999997
ceb533ce-21ce-477a-a076-c3ddc74c1bc2,0.5863155630473,175.78
77672f56-42ae-4282-85d2-91b1819f7f9d,0.5865487923038,250.77999999999997
2ce7cbc5-6512-41f2-9d98-f5fe2a8b6971,0.5844007627268,158.78
2996580d-b355-4713-aa71-2aed06cf960e,0.58593042260485,185.78
f699f041-6e6c-43d3-bea2-34e83fa8c5aa,0.5844007627268,158.78
9a84efc6-3e9a-4a1e-85fd-20a784e247ac,0.5844007627268,158.78
701117cc-6278-485d-b1be-8b7518805ec1,0.58655393070095,234.78
55525307-3da4-4449-8ff2-8029f445bd42,0.58495242099505,244.77999999999997
2eaf89f5-dbd1-4bc3-8fc4-a85aa7cbd198,0.58419959080055,235.78
6a65f542-d323-43ed-8905-bbe1d9252d29,0.58299622802875,242.78
e39da07f-daf8-4495-852b-92723a0c3d5b,0.583499202029,267.78000000000003
b0bb0a3f-4fcc-4275-9ed8-0ca5f4ada01a,0.5859951802857,196.77999999999997
478dd907-a82f-4ba6-a691-02313e33f275,0.58576419471395,212.77999999999997
4faa0fd9-a319-42c8-8773-9c67e45f3a40,0.5842975112828,194.77999999999997
1ae61001-e0c5-49ec-a39f-e4b411b40806,0.5880536752123,282.78
e6d333c6-01d9-4264-9863-b77a4884c92a,0.5832871855033,281.78
c6d3246f-9583-469e-9a7a-ed48e1650194,0.58263155265,261.78000000000003
371f94e2-b5b0-4c2f-a7e4-4e6d6167993b,0.58550051074915,235.78
f9ee5cc0-30f9-4c7f-b6e9-f4db2e558fc1,0.583171980027,209.77999999999997
8e2c7bc4-4b9b-472f-84fe-7671f32afe90,0.5848422961811,212.77999999999997
ff294c60-e6b8-46f7-a4e6-7aa0580d6506,0.5844007627268,158.78
0a567415-4a89-49f3-89ea-4197940569b5,0.5844007627268,158.78
eb3fe6fd-8210-48a3-8e8e-d053e94c4e60,0.5844007627268,158.78
d4a491e6-181a-4fbc-8a83-d244289794ec,0.58365850267715,205.77999999999997
4847f6f5-6b11-4c74-8cfc-e26916cc3d74,0.58784694558115,165.78
67927641-8b95-4d85-887d-38b2ed4059fe,0.5838501881173,198.77999999999997
fcd55c78-94ed-4d32-807a-b5bcf0e03d4d,0.5844007627268,158.78
46504335-d818-4174-b768-4cc02b4d996f,0.5859951802857,196.77999999999997
65709f75-ced8-45a6-8a7e-1df6970423a1,0.5844007627268,158.78
2957ecde-f040-48cd-b645-13eca98519f2,0.5842975112828,194.77999999999997
46b9cc9a-5269-4d4c-873c-bd4399e00728,0.58337094096185,212.77999999999997
5303b29a-fb1f-49b9-862f-7d07d2dc967d,0.5844007627268,158.78
18c7ef71-4624-47d3-a3a3-3d112427651b,0.5844007627268,158.78
35978342-b34a-4e87-9e79-06942f61fdb3,0.58451015656225,212.77999999999997
e926e766-ecb6-4f42-830a-8dabf91fa526,0.583171980027,209.77999999999997
60cffd55-d2bd-41b3-9b97-1de35947eb36,0.5848422961811,212.77999999999997
56754828-26c9-4969-a130-a0209035f0d9,0.5844007627268,158.78
dd80331d-e786-44eb-b78b-3136306eeaed,0.5844007627268,158.78
396c2a71-0bb9-4ef0-bdf9-c30f5e512f00,0.5857080235777,229.77999999999997
0206d370-2e43-4e06-b972-3185b46fb0a3,0.5891260585343,178.77999999999997
2f2e0417-852c-45f5-bf38-fd6a3a6d936f,0.5838955026686,264.78000000000003
437392eb-f7ca-4621-a941-4d298f7c389e,0.58593667480685,259.78000000000003
ce89141e-7227-4023-9400-0e2594a54cf3,0.5836993693197,225.78
721fe514-8580-4d8b-b0e7-eb23bd98dd10,0.58489309890235,235.77999999999997
d5184b03-8766-4d7d-a096-268c52d5a026,0.58723865483705,278.78
1e667482-fb3b-4a79-97b3-c04599273ec6,0.58296381945235,247.77999999999997
bc41869c-bd8b-4e4a-8112-66618d38ddee,0.5839643956502,229.78
7b0f2b92-c697-4dfe-807a-9c71628d5f6d,0.58264520967175,184.78
81e765b2-8fd0-4b5c-b614-504897fe591c,0.58581214721,196.77999999999997
66a62972-b323-455a-a409-a196aa4ad71b,0.58361289852555,208.77999999999997
91ec8530-39c4-47ce-bfa1-1c96aa89e21e,0.5829176077028,248.77999999999997
63a86ae8-4a99-4bd2-8138-2c3b2a24dff4,0.58093892107625,198.77999999999997
d47e9d5a-e7c1-47bb-b53b-62802586e841,0.5844007627268,158.78
77940952-5a33-4dd3-b50e-ac3b2530d7df,0.5844007627268,158.78
edf6877d-8ffb-4799-a7ba-98f1fa8998ee,0.58353354466505,155.78
b4b7c3ff-4768-4914-995d-5f2648c24042,0.5891260585343,178.77999999999997
286f7286-acc0-4ab5-bb10-c327fd88fa8d,0.588671475784,169.77999999999997
f83aeafc-4800-4a52-9618-0acf2e543cd6,0.5848714916237,175.77999999999997
b7587947-22c6-4a25-9765-eaeac95e2947,0.5844007627268,158.78
11dbaed8-80bc-46d5-ab0c-555aa1cf6f08,0.58520786352015,215.77999999999997
3b191948-382f-4abb-9252-6c30526d050b,0.58616091245425,174.77999999999997
8ab455c2-8574-48f2-b7aa-7257984e791b,0.5864977597021,203.77999999999997
2ddfc801-57f6-4c9b-8866-bb2e06a65b67,0.5844007627268,158.78
7116a1b0-036a-4975-b2e8-8b3a5b3634e9,0.58264520967175,184.78
924fbbd3-5953-4d61-8e40-57fde0f152fc,0.58581214721,196.77999999999997
816f7618-9cb8-452a-ac93-747f87be65f5,0.58177337887755,188.77999999999997
af5430d1-ef2d-403d-84e4-b4412ba6940a,0.5844007627268,158.78
6f335f7f-3592-46eb-8095-c4d4d005c19e,0.58093892107625,198.77999999999997
984b4c92-336c-416d-af2d-03b139c9a5ef,0.5844007627268,158.78
e28e31f4-9dc9-4735-891b-792ff772b35a,0.58602351278525,224.77999999999997
340cb3e0-091e-48ea-a3c8-70ab415c06fb,0.58353354466505,155.78
e8bc5dd1-9831-4918-b348-554ead29e1b0,0.5816454813473,260.78
d84ee21a-971d-4183-a22f-9617c009dc82,0.5891876983415,251.78
60afa957-b5f4-4fec-8d32-b443bbdfb6a4,0.5876564579169,242.78
7e29804f-a672-4642-acd2-b85f5a11fd33,0.583631826877,297.78
efebd09a-e125-4d96-94c8-5742f7110e48,0.5865113312996,239.77999999999997
50f24d2e-6423-425f-948f-3b6bf1516594,0.5852075903702,201.77999999999997
9e97111b-9eac-4122-9460-d63638a1e319,0.5817052059426,293.78
ae673a3b-13ef-4495-82d4-8a93188abeca,0.5839953436079,215.77999999999997
30ec7590-1509-4509-8b74-b0a0c0a61983,0.58439017865165,233.77999999999997
74cf35b4-ca97-410d-be6e-20fcbe89b59f,0.58454727159625,237.77999999999997
2a2cb3b2-a488-439c-9443-cc7aa35cdb0b,0.5848451051142,245.78
9fc926f0-b5c2-475a-a4cc-ce35663325e6,0.5872490555943,220.77999999999997
57a88c18-b7c7-416d-ae9a-eb040c305337,0.58828114613935,184.77999999999997
c9912bf1-bd49-48bd-8082-fa496151a22c,0.5844007627268,158.78
37e26425-3fe2-4bf6-9541-a755148342d8,0.58649137092795,199.77999999999997
e0720a00-604d-4454-937f-80487012ddc8,0.58353354466505,155.78
8441a832-9bf3-4216-8c5b-493c687ee60e,0.586041182029,207.77999999999997
66b806a0-30b9-4d2f-87c8-814f959d7682,0.58264071078585,236.77999999999997
c0b712d8-75cd-498c-ae8e-cfff92bf3dd9,0.5881636403067,250.77999999999997
bc0315d9-7b7a-44ff-b8dc-85b10e2caad3,0.58813397634905,189.78
00d03a06-1cd0-4b34-b39c-875393c2c183,0.58689150361735,162.78
946cdc0a-9f5f-4824-abaf-251ced00b610,0.5852075903702,201.77999999999997
d8f46c2b-0b03-4f59-ac09-86f84007c246,0.58599921138565,196.77999999999997
0f0cceb6-d332-4899-9cce-5a364dac6978,0.5839953436079,215.77999999999997
3f46e905-d5b0-4987-ac07-d2310f77136b,0.58602351278525,224.77999999999997
54db55c5-8d90-4194-96db-a323e7d7eccf,0.5841319122878,201.77999999999997
56b7a70f-619f-4bf8-b44d-d2c45a7c4eb6,0.5840955469217,184.78
18c4289c-9415-44d6-b7cb-05ba856e9440,0.5872490555943,220.77999999999997
bf1c771e-e103-4241-99b4-85026f23bc4b,0.58828114613935,184.77999999999997
c80a55e5-8325-4341-8ce4-630fdf931b0f,0.5844007627268,158.78
5909573f-8f19-4db6-b702-217c8eec3c3c,0.5855684820003,250.78
3836006b-7d37-44ac-960c-d6c3095a791f,0.58353354466505,155.78
19db632c-90ed-45f6-a73a-7d82ed51fa30,0.5868201631385,241.77999999999997
7bfc5024-1b69-44dc-9b63-4ad9605727d0,0.58514320950785,243.78
92252e82-cf5c-4265-8971-07087730cffa,0.58476747609855,255.77999999999997
07427f88-4311-425e-8bb4-2bb875b3bc9f,0.5816223972604,241.77999999999997
ea835cf9-953e-4aeb-8664-2a151362a508,0.58338151090925,209.77999999999997
1977cd97-edd1-420d-901b-2084ddcb2801,0.58647783641565,196.77999999999997
b5f01544-4fd2-492e-98c0-f1855e0a25aa,0.58523463721795,228.77999999999997
9cc259f7-731e-466f-8d85-98ff34793dd1,0.58276299744255,249.77999999999997
a86224b7-2dea-424d-82d5-74dde80f7683,0.58542727612835,225.77999999999997
e723caab-f60d-412b-9c06-56b09c8e1039,0.58459274733745,227.77999999999997
7d532897-93cb-47e3-830d-fc931b5048d9,0.58209042067275,215.77999999999997
30a8e9d5-8511-43ad-bea0-d94607b55d79,0.5873467826512,242.78
a12c804f-17b6-4d81-837d-3a877a986f87,0.5875720104007,211.77999999999997
f57a719b-ca1e-4b00-88d0-6a766d7ed634,0.5844007627268,158.78
c32f4c76-c168-434c-9c6c-3c2bdc880f77,0.58506033889275,204.78
352761c2-6b52-49b2-a914-d9a139876efe,0.58353354466505,155.78
7b5d912a-3526-424b-9b59-502da7ec943c,0.5852961296553,229.78
c89e0dd9-2755-408c-bfb8-bf027593ed07,0.58320226325485,211.77999999999997
ecf0ffb5-029c-4ac0-ac91-54a04ba96d44,0.58336474902775,206.77999999999997
e6b3f7d9-028a-49fb-9bf0-331c43c035d8,0.58660521455425,161.78
355fb451-453b-480f-bf48-6c1686d75124,0.58338151090925,209.77999999999997
0ff3f495-aa54-42a9-9b03-3374fbccd1fa,0.58647783641565,196.77999999999997
308bc02d-ba39-446c-85f2-a2e7456c38ae,0.5873168654495,165.77999999999997
a7190683-1c92-453f-bab4-68b3965a9d90,0.5856989186057,221.77999999999997
59e3ce63-2860-40e2-8907-9f013d5ca43b,0.5830523020155,203.77999999999997
4a77f254-9339-4f82-8bca-2a16165bce88,0.5855684820003,250.78
cc70d9f6-e601-4516-85b0-a1f044ee2e51,0.58209042067275,215.77999999999997
37570787-f9ba-464a-81d7-bd625eee6393,0.5859103598789,214.77999999999997
0321ad51-c8f2-4b42-9415-e04e7bfaa44e,0.5875720104007,211.77999999999997
4367b7d1-dc78-4589-831c-6f51967285c2,0.5844007627268,158.78
60e81264-9213-4595-9584-0209c96df3f8,0.58869002909835,242.78
87ba4848-9046-4c23-8e7d-0055edca6451,0.58353354466505,155.78
1692d269-b63d-412c-97b1-fb94f3e4b226,0.5855298063771,225.77999999999997
88f4e144-c9ad-4bca-957a-693386d84289,0.5873193469939,230.77999999999997
5573931b-2ea1-40b9-9286-a832a6cac6c8,0.5821640136116,289.78
5c8a5628-316a-4e6f-9dea-a7218e334d7a,0.58763452795995,243.77999999999997
e9b71d31-f008-4e57-ab29-4981c62d25e0,0.58713175350425,169.77999999999997
4ef4846d-3ffd-4737-afe3-a6841df6f352,0.58056821676165,229.77999999999997
aa19d23d-b1d1-4907-95d1-1cee03ea9286,0.589380943787,260.78
a431ccb9-6f6d-4b04-91f5-dc7779f24d70,0.5873058220926,275.78000000000003
5e990de2-f466-4a00-b836-a70fb3f8e8a6,0.58330039864975,277.78
8694099e-597d-44df-916c-d50d0bbf8587,0.58539178780875,233.77999999999997
1d6b978d-1430-43c2-b115-4e9cb132a3b0,0.5832929396382,247.78
436ee433-e12d-4593-9214-2779047b880a,0.5821187775394,298.78
13b0e679-b3a2-4fa8-9759-f477368a96da,0.58357972892695,236.78
dafda713-a4a0-45b0-a276-8337d2737864,0.5844007627268,158.78
c843804e-cc62-410d-af96-d8fa26ce8cd7,0.58349851518085,168.78
64941930-931a-4cf3-89db-736d12907d4e,0.58353354466505,155.78
6d8ae286-981d-496a-aaef-5ed982f00f6b,0.5855298063771,225.77999999999997
5325ff58-e6e3-45c7-9c7a-dd2fc60d79f6,0.5873193469939,230.77999999999997
1fe7a7b3-199f-45f7-945c-23d5b8476485,0.58379963084025,164.78
cbda60a2-9116-4de4-8b5b-6dc8dff6ad99,0.5860304514201,150.78
956b5d5e-34bf-4c1c-85f0-e691a6d42a20,0.58713175350425,169.77999999999997
41918370-bc52-45e5-966e-c6124399d922,0.58056821676165,229.77999999999997
543ba4ee-9c1b-427e-bfab-66939dd40470,0.5861002900048,170.78
20aca5a1-81a5-454c-ab27-1c389a980db0,0.5865383965704,209.77999999999997
ffeedae7-bf9c-4f3c-8ffc-ef93a07b151f,0.58756145466655,228.77999999999997
4451d52e-bcbd-42ef-86e1-c330faad5131,0.58887530124065,173.78
a5c75ff9-ae47-4ff9-ab32-9fe720cd816d,0.5844007627268,158.78
8e983e97-14e3-4840-a7f4-5eaae5ecb47d,0.58570481700385,134.77999999999997
3b007bc0-abb5-4142-9670-5fd0245d5009,0.5844007627268,158.78
6dc0adbd-82a7-4c03-93ad-de9b7a3e3f12,0.58349961448295,240.77999999999997
3afdcc1d-d9b1-4dc6-95d8-9bdd28796849,0.58379094105845,205.77999999999997
6fc4d10b-f9c3-4b34-9a38-d7e9d5aa7665,0.58716942554955,239.77999999999997
1ca8a51a-f745-42b4-b3aa-c51d3527c381,0.5837355295771,227.78
a8db298e-42e0-414f-91a1-01824604a1ef,0.5850293653413,253.78
2d282de0-db4e-4fbe-b49d-5c5c41ddd6f2,0.5837042054198,229.78
8db45f56-b48f-41fd-bd0c-7f39dfc7f89e,0.5860304514201,150.78
9313d27e-a1e8-43ca-864c-addebd873372,0.5845132372338,300.78
6ca1099c-58ee-47ab-8bdc-d6ba8a550b7a,0.58230340479165,245.78
b78d25df-7ad8-4c52-8348-8721ad305a31,0.5821675229915,261.78000000000003
9188461d-cb84-467d-a69e-d1ff261c28ef,0.58363763895915,284.78
b9ebf885-60fe-4c03-a3f0-c6725682a1a6,0.58336438722115,250.78
5ddcc69b-fe34-45ba-b20c-4ac795f10d5c,0.58308788112025,249.77999999999997
5ee2915c-a2d0-4a63-adae-135aa9b71093,0.5839727143867,300.78
d1131cb8-299b-4c55-a6fa-dc0e8d29e725,0.58570481700385,134.77999999999997
87af71b6-4978-4d3e-9f41-563426b75340,0.5840307605347,277.78
40be7506-c9fb-477f-b2ff-fae5a3795487,0.58349961448295,240.77999999999997
061dcd29-5f87-49df-995c-ed49a0abc63d,0.58379094105845,205.77999999999997
56e159e6-2d77-4d64-920e-72b5fe0dcbc6,0.58473226940865,214.77999999999997
d33d8597-179f-4f0e-89cf-4e434536a8f9,0.5837355295771,227.78
a12f52c9-ac7a-4b61-8834-4033cc4eaf7b,0.5831774294588,247.77999999999997
54900d8a-591f-41cf-99af-e831f2115938,0.5837042054198,229.78
0c26a8e0-ea62-4c1e-b36c-89a722a75d1a,0.5860304514201,150.78
df3ba5a5-c61e-41af-a781-0c1296255ed9,0.58349961448295,240.77999999999997
b7cbbdf9-115b-4a0a-b574-1f8ecb7d56f5,0.58217038823695,207.77999999999997
f3460471-ef00-4965-b325-e14be708b5e4,0.58349961448295,240.77999999999997
c5d49914-5cec-47ea-a904-56de20c134ac,0.58367547045865,230.78
b7cfd007-0701-4979-8778-769e4c21993c,0.5827916272661,212.77999999999997
37c621d7-849e-4744-aa22-274898c5e372,0.5859131478264,221.78
f848f74a-8244-472b-93c5-fbd52743bbe8,0.5828854941852,242.77999999999997
78b6dbd1-8028-4ea5-bb49-f98978b863ce,0.58570481700385,134.77999999999997
a7a04ada-0bae-4c0a-9343-dee77bfda3b8,0.5810812456793,214.77999999999997
d76a1eea-c923-40b3-aeda-b4305328911f,0.58246849992285,268.78000000000003
bc1da3bb-d448-48a6-928e-9f42eafd882d,0.58372626655145,237.77999999999997
8be2314b-8abf-4e7c-8377-ab5fa6dcf0df,0.58646143401775,222.77999999999997
a4e944f6-7b39-4805-8152-61f0a25427c7,0.5823239246972,247.78
27dbf749-f0d3-4a93-8bbc-378cc26fa09e,0.5853040003964,259.78000000000003
af2e3f9d-8212-45a5-b3a1-1af1103c8b81,0.5836228950304,242.77999999999997
9d8afbec-4a07-42aa-bbec-c4559813623d,0.5860304514201,150.78
e343cb95-cbf2-4ba2-8e87-def42f78bbac,0.582662560716,250.77999999999997
31cc0c7b-36e7-4358-95ab-7d91feccae24,0.58242869938575,228.78
08e18ade-e59a-4e9e-9295-de5c97a70db9,0.5856534456718,244.78
0ccaf655-a274-4f4e-982c-4f4017d32a1f,0.58556592759175,213.77999999999997
aac4d87e-f87e-4e6e-a790-5ec658afcbd6,0.5862433987861,234.78000000000003
bfb4426d-109b-45de-8abb-b42eec67152a,0.5828394481351,237.78000000000003
90d18148-0224-4538-99fe-5a6434655725,0.5821273454564,201.77999999999997
954b9301-0bc2-43cc-89b2-17376ecc22f6,0.58570481700385,134.77999999999997
3132c2b0-e3f0-4af0-985a-92501cdd94f0,0.58460084998765,260.78000000000003
3a78e358-e861-4fea-abc8-24f7989a3614,0.5821818922382,257.78
f8c3f820-e731-4f20-9a52-ccb79972bc9d,0.58246849992285,268.78000000000003
ea78f8ad-5ba7-463b-86b5-482cc3258830,0.58646143401775,222.77999999999997
134d7d62-27dc-4d7f-b4ee-6ec9fdb33789,0.5843769847117,305.78
5da10dd0-b299-4f27-9c31-bc0d3a82d8ac,0.5853402794581,253.78
e42fe586-c7d4-49f9-ad46-bfe157576356,0.58236626853655,226.77999999999997
33ed3995-ffa8-401a-8790-d5bd614d9c99,0.5860304514201,150.78
b73d4892-1300-4585-8221-71d3fc498afe,0.5820546125636,232.77999999999997
8f1c2fa6-c446-45d5-bb90-62bc3163f848,0.58242869938575,228.78
48f71e20-7959-4429-8be1-87de52eadae8,0.58246849992285,268.78000000000003
39a4249a-bca9-46ab-b4ac-ba2f3a4d92fa,0.58556592759175,213.77999999999997
de4b3706-09fc-43fc-b9db-ce25dff5da75,0.5842673727304,276.78
95b802a5-8649-48ac-a33b-6a333b697fc9,0.58624210733065,236.78
5ae35206-d954-4372-893e-5511e2c2752d,0.5821273454564,201.77999999999997
f0bb5a34-c48d-463b-bbd7-1b89fd2f0393,0.58570481700385,134.77999999999997
a203a453-ded9-469d-b829-d77a9b9d7e9b,0.58548579114525,236.77999999999997
2786b6d1-9c5f-4ef4-befa-24de28f4b0db,0.5843400006867,235.77999999999997
01edb10f-b72c-4a46-83b6-ab2855d2bd7c,0.58469386719115,246.77999999999997
41fb761d-eed4-4578-b040-4b839568fa9e,0.5830050152124,222.78
f0842349-fce4-4164-9a49-f877d54d5b12,0.5851614308467,251.78
144e146d-1215-4737-8814-7df755da6b93,0.5861453938208,283.78
dbab8c39-c7ba-40dc-9ea2-37e615ef544a,0.57990536538665,277.78
db67e863-e653-4de7-9a2e-0b57dc2ae8e8,0.5860304514201,150.78
43e20834-7355-4b7e-848e-cda842c71490,0.5830743475664,236.78
1b67dc95-0f68-4eda-be18-ec9dd59ee4d8,0.58670828651235,268.78000000000003
aed04ff7-aa41-489e-8a36-736cb34daed4,0.58561892246715,217.77999999999997
c4dfa644-0eb1-448a-be55-cb81f1fd39dd,0.57977108223805,227.77999999999997
31043d5e-d605-43b8-be1d-ee484223b388,0.5829725352254,239.77999999999997
bc10749d-ec34-478c-ab92-6d99ea1cbaf2,0.5844334568088,220.77999999999997
6f9a3883-a90d-4e38-ac68-12cb613e2675,0.58418283008445,219.77999999999997
ac52a033-4a5e-41d4-8000-7ac42801b587,0.58570481700385,134.77999999999997
909cc311-8253-4957-89c5-3d4c66f8d6d5,0.5896782291141,229.78
0aa7eb41-87f6-4354-b9f0-7fce25d83deb,0.58282105521995,221.77999999999997
7d9cb831-38a8-412a-8ea8-5f837586fd4a,0.5844621639362,213.78
969b9269-506d-4f82-9024-7711b8c574a9,0.5830050152124,222.78
7afc33de-74a1-4edd-a8c7-3c38b35e7b64,0.5855822818473,214.77999999999997
5fd703ca-9235-4ef7-892f-81591019bd0d,0.5843400006867,235.77999999999997
44dac6c0-b93a-4609-a6b5-9e5adf715e03,0.5836075362926,270.78000000000003
09ddb8f6-9119-4100-9cff-bfe8111fb0d2,0.5860304514201,150.78
c300bd55-4352-4797-8568-1e71df26e8c9,0.5842304954212,258.78000000000003
d10db31e-d2e7-4391-a1ae-0655d3805d5c,0.5840900712531,274.78
30c76c7e-4064-4285-b3a4-a8020e59a009,0.58561892246715,217.77999999999997
811f07fb-5f8a-4396-8af5-d090336351d1,0.5843400006867,235.77999999999997
dadc4fa2-980b-4d46-b0fa-faab2c654765,0.58469386719115,246.77999999999997
5ea8bbaf-a4a7-4b94-ad5e-8a75f33888bf,0.5844334568088,220.77999999999997
3dc2fbdf-b33a-4503-aa99-f9bc5b51a14b,0.58418283008445,219.77999999999997
49306d88-1a57-4f20-a8f0-e0f3104b5c9b,0.58570481700385,134.77999999999997
dec81ade-737e-4342-911f-747e00ff0fa6,0.5824341380593,223.78
0759b166-ae0b-45bc-8473-fe647cbfb1af,0.5831944700574,237.77999999999997
ffec9791-f468-422f-847b-2e6b41d4181a,0.5867930558266,232.78
9de0086f-ef43-4eed-9609-f8f8b43d9b09,0.58220367362915,227.77999999999997
2446da0d-6df9-4af6-b13d-4949f32dd140,0.5852608184979,303.78
f671b762-1a63-4de7-8ac6-913f2219f062,0.5853099637307,234.77999999999997
40d5a419-3ef8-4936-be92-a08ea8b41f65,0.58179549507845,224.78
8e7fd03f-e5e8-4a11-9891-a7144525a69f,0.5860304514201,150.78
a9ede590-5d8e-4514-b1f8-2f89cf1e2f9f,0.58444781297035,197.77999999999997
88b75ce9-90e7-4122-a783-7ce9f59b653e,0.5844609275261,267.78000000000003
1ba0ab24-2084-4cf9-a7d0-8fcc9ac6c86b,0.5832877511998,242.78
8374a4d1-1c53-4407-9272-046a4f763839,0.5858100270106,227.78
f7500fd9-841e-4ca0-b2df-41e43e2b27f8,0.58559629573975,198.77999999999997
a1da4f7d-6944-45a1-818e-d23c31d256da,0.5844449938029,224.78
6e302aa7-4468-42ad-a6dd-4c94176428bd,0.58549070350495,212.78
e89d091a-ec88-4bcd-b84b-e13b74e04b23,0.58570481700385,134.77999999999997
2cd78dc0-2b69-4392-95b0-c7abcbe7853c,0.58118316383025,250.78
6685b712-4dd5-43eb-a683-e7ad58db8545,0.5840361949192,229.78
390a5f8e-193e-4810-aef6-04baf62b72bc,0.58171441611095,266.78000000000003
2a03b9ae-3d7b-4451-842e-11a949234a6a,0.58448394967835,205.77999999999997
9c73fc3d-e818-4231-bbdf-ae6704e52d95,0.58416211927855,233.77999999999997
2383dbe5-7219-4a9f-9e02-9e38973d8b6e,0.58382473137995,215.78
df11f581-db3a-44d1-8c0f-88f27240801c,0.58179549507845,224.78
08e1142b-9ec3-44af-b130-3d6e7e72944f,0.5860304514201,150.78
9f9de7bc-c9df-4822-9f53-fcfed642f3b5,0.58444781297035,197.77999999999997
6ded78d8-bfe8-4f32-be0e-54f0e5a01217,0.58670242551415,219.78000000000003
1624823a-2ce6-4a67-a2e8-43f39e6944fb,0.58446077492095,260.78000000000003
07e78cef-2097-4b1d-8659-e86c3740d5a6,0.58347007087835,237.78
fe1da169-a05c-40fd-bae0-c7167347abc3,0.58559629573975,198.77999999999997
0fdad376-6887-4e3a-8435-af051a09d815,0.5867930558266,232.78
bf23bd8f-1365-4386-8e47-16c5cf60d463,0.58549070350495,212.78
6ecf535d-a4d2-4ba0-88e0-82f98657c278,0.58570481700385,134.77999999999997
36d113c8-73e3-44ba-910d-a3f4e82ece39,0.5843205501452,236.78
31a8ae4e-c8f3-458d-ae77-84539d710ec0,0.58623166682205,264.78000000000003
2e177283-9dfd-422f-9c1a-62dc3b243d5a,0.5836743369923,236.77999999999997
d18cfc90-9d3c-4823-9083-03b67d3fd5cf,0.58352547358815,238.78
b8f8b3c1-bcb6-4fc3-8937-66186d289cd7,0.58242318916,267.7800000000001
20de3846-772a-45fe-bce6-7575a7fbffa6,0.5849064299987,229.78000000000003
1c80c9fa-d64e-4d8e-859e-40ae49f8659f,0.5831745150835,244.78
552d1241-4a49-42e0-8197-64e83a39d123,0.5860304514201,150.78
f3172997-a33b-45e0-a390-ce548e8b0e98,0.5842756124702,262.78000000000003
345d4044-b2dc-4db3-b8b3-2c31600bba5d,0.58451058447485,211.77999999999997
d7c8b19c-de79-4639-bd24-49b491209def,0.5861826418224,220.77999999999997
6e6b1ac1-8ddb-43b0-9454-5cbf0d73b0cb,0.58198674873855,295.78
b64b294c-a12f-4dcf-b3aa-674f2276c153,0.5855022020357,216.77999999999997
7f5b1217-fa5c-4140-be01-3e46ff7b90f0,0.58192668701025,209.77999999999997
bd2f8c7f-28a7-4161-9510-825149281821,0.584324715503,230.77999999999997
d8b05523-00db-41ce-9a54-0d3978d8ad4f,0.58570481700385,134.77999999999997
59fcdb66-87b7-4013-b667-4e1d0d0eaba8,0.58392132791265,224.78
0469334d-d6b3-426e-b4eb-667ac7140d43,0.5874613532306,222.77999999999997
0384c42a-b402-47ac-916f-c25fe6b4162f,0.58318232232225,307.78
262c665a-15c4-4753-95a3-0c2d3d407dc9,0.58899027183495,220.77999999999997
46b755b3-b9fd-4ff3-af06-09a6a5113525,0.5836743369923,236.77999999999997
1aff82a5-3693-4611-a330-2eb178f3339a,0.5852622850493,231.77999999999997
55a034f2-3db6-41a6-8454-373ea3a48412,0.58623166682205,264.78000000000003
6f672df1-0aec-4752-8a8f-f9ead7dd8218,0.5860304514201,150.78
df4df3ed-69b4-40a8-8a8b-eb8e89fd6888,0.5871052052903,283.78000000000003
c186d3fa-240d-4a33-807a-e2b555fd4e02,0.58451058447485,211.77999999999997
5bed6251-941a-42ee-b62a-292c9af14276,0.5861826418224,220.77999999999997
47cdc458-280f-4c04-a264-7a9a8d154294,0.58482194636025,231.78
f52f033a-5443-46ac-9aa0-c3a76b6a00a2,0.5855022020357,216.77999999999997
b56c5fa1-8bc7-4d0d-b977-0002e642ae65,0.58192668701025,209.77999999999997
205f5557-2242-47fc-ac7c-dd3ea5a1c66e,0.5828002683168,244.77999999999997
98169602-41f7-4e4c-b332-a6727a7591a0,0.58570481700385,134.77999999999997
612532b6-b8df-4c5f-9569-86a966716901,0.58211114358025,275.78
ca68903d-da47-4b13-abb2-69eb3007ae86,0.58469582144,188.77999999999997
da652a91-0c92-45d2-b8ce-d6e4a75bc018,0.58579626680955,246.77999999999997
8d7361cd-bd94-4ad4-a6af-4f9270ad24d4,0.5821266295511,243.78
f7909b50-3ee1-4702-a039-0f54f48652c5,0.58238632127185,240.77999999999997
88b4d4bc-f3a3-4a99-8d6d-e9937b42a0e5,0.58312652945855,247.77999999999997
a1a26353-960e-4f83-a971-d159077661d9,0.58646076983895,241.77999999999997
01c3beb9-da76-408a-82aa-1f2e0c9e7d4a,0.5860304514201,150.78
d3eca064-362a-4d66-bc49-be77f8e5311f,0.58405323504025,242.77999999999997
b0cff66c-015c-4880-b91e-f2f55a8e85bb,0.5858936059444,243.78
e9afe655-eddd-4b50-b886-7a6312a551c4,0.5838736790422,222.77999999999997
2a74e2e7-01ed-41bc-a5e7-5a947351b4b6,0.587903301897,262.78000000000003
c8ee6531-2b36-4f0a-bab1-87be9d668d17,0.58372785504855,232.77999999999997
63732a3f-0618-438c-9a8e-ecc1ab2b4de3,0.5858100372607,194.78
451a7269-ccfe-4c70-a5bc-8cca9b97cc9b,0.5860273391404,246.77999999999997
1c42b99b-e834-4d90-8c62-a5c5a04d68c7,0.58570481700385,134.77999999999997
0f5f4f57-339b-464b-9546-3b7afe3f8b84,0.5849252208656,248.78
8cd097ce-6943-405e-a409-d0fd3bdb3b22,0.58469582144,188.77999999999997
26afd1e8-860a-411d-bb10-f943d7907a08,0.5847861650972,222.77999999999997
71c3dd17-f95e-4791-add2-9dab21fa4fea,0.5835046809478,233.77999999999997
675e163a-b64c-4afc-8752-cd3be80a1b00,0.584616949784,226.77999999999997
16acaa34-9828-4b9a-8f7e-bfefd4e2a43d,0.58285556667595,202.77999999999997
7825ecb1-61db-4f3e-b9be-ae469862a6f9,0.5847788300705,210.77999999999997
77d5672e-19a4-48bd-991e-636ae7bf85a7,0.5860304514201,150.78
6e3d1cd5-ed03-44e6-a5fe-6a808fd84dfb,0.58166207335175,246.78
6ce5e9be-20c4-48bf-8115-9a02ba2b952d,0.58238632127185,240.77999999999997
f3f69c14-4c24-453f-8d84-424cbfb735f2,0.5838736790422,222.77999999999997
a053ff72-dfd2-461f-98a4-def858e88bac,0.58469582144,188.77999999999997
b6e95cad-d6c9-4f36-aa89-3d51bf9b7bb4,0.58372785504855,232.77999999999997
8f6b227d-76f4-4cbe-8d34-672fbc30a2f4,0.5858100372607,194.78
f3ed0b03-d4c9-471a-ae09-90163b518fcb,0.58277784198215,218.77999999999997
6355b85f-dcd1-459b-b680-8dc266ffe80d,0.58570481700385,134.77999999999997
6fa6d0ba-09a9-48a6-8033-e32bafae2dcd,0.58497857417745,236.77999999999997
7cd90042-0a77-4c16-ac9f-4b98370a14ff,0.5848924327745,206.77999999999997
80a07e27-6eb5-41a5-8908-329927b4300d,0.58309876007035,214.77999999999997
a80314e5-5052-4997-bf9e-5e908eea3614,0.58529010195295,237.78
9beaac6b-6529-49ca-b443-01501e7835c9,0.5843794406683,230.77999999999997
1f3249c1-553c-4160-b09e-417374ae9ad6,0.58122342170875,229.78
1d15c50d-8105-48d2-9128-73353301bb2f,0.5814524601967,218.78
df97e76f-5aa0-4128-a3d1-509a2cc2c964,0.5860304514201,150.78
c6dcea08-b534-41ae-b819-42afa18aeb07,0.58554869251325,215.77999999999997
ceb33ff3-ddfc-4cf7-8f26-dfbd2b3c7329,0.581037098705,248.78
e6343520-7a1f-4ce0-88ee-29272b404c22,0.58196207699025,234.77999999999997
0f87755e-9176-41bd-a062-a5f865ecf494,0.5838379650359,193.77999999999997
44954e96-1809-4857-b0b5-966ea8e6542f,0.5863093349976,262.78
beec4bbb-5c89-4ecd-85b9-2c51bb77090c,0.5808546095712,241.78
b58de91d-3080-4049-921a-779c4d584b88,0.5855360728278,251.78
1420a5f4-aa97-4c03-9b83-f9ce6a47f26d,0.58570481700385,134.77999999999997
3a05bd99-ab74-43d8-bbfb-3f4e9436abb7,0.58066575364265,219.77999999999997
8f0fba49-27f8-4129-bd48-039f028b086b,0.5848924327745,206.77999999999997
1caa82ac-57ce-46ae-8d73-ff2f19b4de8f,0.58309876007035,214.77999999999997
358e84d4-cd17-453f-94c9-e08f1350a3bc,0.5860802118922,200.77999999999997
8790e0ed-b575-4231-b507-de04cca3aa10,0.58208653990425,240.77999999999997
38f40400-6016-471c-bd25-a4bce2b4d40d,0.5848924327745,206.77999999999997
9c63bbfe-a19e-41c5-b3b4-1d6b0dcd7969,0.5814524601967,218.78
c9aeb823-4dfe-4419-ac17-a3ce10a63a23,0.5860304514201,150.78
be570d5f-1e5d-456e-a59f-99cac5b8d315,0.5848924327745,206.77999999999997
16939824-2002-4020-af08-3fe011bcc1d2,0.58309876007035,214.77999999999997
cd5e7d70-8546-476c-8111-c63b2e542565,0.58529010195295,237.78
b43c9408-2808-46da-bbe4-6508cae39351,0.5838379650359,193.77999999999997
f2e3127f-0cf2-4e82-ac4b-31738650e9a9,0.5848924327745,206.77999999999997
8a18fa9a-0d24-4511-ad06-4e6c56cb1641,0.58309876007035,214.77999999999997
0e144cfb-56c3-4f1d-935b-1f6652157565,0.5848924327745,206.77999999999997
7a447a80-60e4-4c7d-b669-e17c001d0d23,0.58570481700385,134.77999999999997
cc7992a6-3c63-4b59-9dbb-979ad3332550,0.5841292918229,224.78
fab47820-0b0a-4dbf-8415-e5d1c6a7eb10,0.583457685285,234.77999999999997
95df4c67-9b47-4be5-a12c-c6ae15a31b83,0.58378317575125,193.77999999999997
c6525d34-da84-417b-b14e-c87c22f5d5da,0.58438631642445,218.77999999999997
2dca8bbf-9071-46fa-b7d6-cd8dd0c0925e,0.58449712888625,196.77999999999997
7fc91eb1-b90e-4500-ad74-ffd808fe8759,0.5840514433458,281.78
7fd82f8f-c62a-44cb-9b0d-316650037592,0.58485386340025,209.77999999999997
c1a304da-460a-4042-8fea-d0505c8639b8,0.5860304514201,150.78
37b43f8f-b3f3-49d1-a54f-6fba7abd387a,0.58745010670265,217.78
1f3115a9-54c6-4d4c-9991-fe0de508da8c,0.5843370928841,282.78
49bea1dd-6336-4691-98f5-5c9b351e112c,0.5859167137832,221.78
a74b7d65-f98a-4497-968b-263d8df774fd,0.5821407392439,271.78000000000003
fdf422b3-0f03-4913-97d7-6081708cfa1f,0.5831212079823,241.78
e70ce0df-ea45-45c1-8c41-eb67be1a4022,0.5864069933838,236.77999999999997
85fb1f65-a7d0-4374-bbc7-1a2d816b6be2,0.5822074514383,218.78
4cf75e1e-3ac2-4595-aa73-6d4c94927e17,0.58570481700385,134.77999999999997
281b0b78-e6f3-42a5-b2ae-cd072eafca4d,0.5826332050199,204.78
4530106b-d465-46a6-a2f9-11814a8e462c,0.58390493736895,230.77999999999997
19ed0d2e-bff5-40a5-9943-7bfaec50f4f2,0.58378317575125,193.77999999999997
73565ccc-19bd-4013-8bd9-34428e3b99dc,0.585687780591,223.77999999999997
a4c5354b-1a66-47b2-81b3-fd706b8f3af6,0.58449712888625,196.77999999999997
a8c0a31a-e17a-4fbb-9fca-f7f4e2bb6caa,0.58589518169595,212.77999999999997
efc70852-4b33-4fe0-b1c0-8b1302e215d4,0.58485386340025,209.77999999999997
fe1aee6b-eed4-478d-a500-32ef4264eaa9,0.5860304514201,150.78
5bdc038f-adb6-4f62-bf25-88f2d1e17d89,0.58438631642445,218.77999999999997
6fb865d9-5607-4abd-9f17-6c351182f5d5,0.58378317575125,193.77999999999997
2eef67bd-7a40-4697-9f57-5e7df96dcc56,0.5858218005393,209.77999999999997
f932430c-0458-4759-952d-6c6c87c61fa6,0.583457685285,234.77999999999997
e64ae3e8-027f-4da8-b6c2-c071f1266aa9,0.58472751967665,202.77999999999997
8c13d45c-faa5-4caa-b388-aace4bbd0ad8,0.5854486398923,252.77999999999997
fd1947ed-a412-43b5-83b4-3e3c1bdc1622,0.58506475181115,218.78
d908c81d-90ca-47e4-bf75-81a5a832b087,0.58570481700385,134.77999999999997
ca94a520-925f-49ae-a6a6-266ace613dda,0.5826332050199,204.78
1b5fa099-3f6e-4d28-91f0-387c4af71e71,0.57889774833775,255.78
5407ac1b-aeb5-425f-b3dd-d0893b493057,0.58699351043735,217.77999999999997
123b7f3a-8409-4349-9761-e73fe1e85b81,0.58346312831615,249.77999999999997
15f17d27-4468-4b6d-843d-4c6e205f7a31,0.58292137131535,259.78000000000003
fbb7ed9e-17a5-413b-8f5e-2944248cd980,0.5822294454369,238.78
d872982a-dddc-403b-af49-998f1511f812,0.5839897133717,229.77999999999997
6cde074a-60b8-46af-9e9e-79754a2a94d7,0.5860304514201,150.78
1572674c-5743-459c-9582-a1060a4a7b21,0.585518750911,253.77999999999997
1cc8edbb-023c-4bcc-b285-a747ebac32b4,0.58404098667425,206.77999999999997
d3f16bd8-7ac4-4aaa-9a52-0fb5b15807f2,0.58562348318465,244.77999999999997
6cc9b820-01ab-4077-97c7-c389cae82260,0.58139890528565,234.78
634f332d-f948-44b1-89d7-e9e762a86ac9,0.5845111707655,256.78000000000003
f8d88353-abd2-4145-acf4-a62ea31a9b17,0.58201072971555,275.78
9886c136-505a-4fc2-a5a5-5008db362d88,0.58393663080365,189.77999999999997
e8ea3074-d995-425f-bbaf-8b51d494e11c,0.58570481700385,134.77999999999997
6660be7f-4a40-4ab7-8a0d-d8b34e9b8b36,0.5831586752835,269.78000000000003
e68d3f70-95bf-4b73-99d7-194368543149,0.5858988893764,267.78000000000003
2e729216-7a5a-4dae-a81d-09439e3a8c0b,0.58699351043735,217.77999999999997
eac07ebc-52bb-4ed1-87e9-3a0302161f5c,0.5858464399611,268.78000000000003
9b8ec7b0-9931-4162-9bb8-3aabc86131df,0.57948728045755,241.77999999999997
e3b1bc09-2ed1-4579-af9f-7f025c6751cd,0.58614404050115,230.77999999999997
7513bc94-d997-4d62-b8d3-6d9030aa6974,0.5839897133717,229.77999999999997
6b239c03-f091-4192-b0b9-99528fe2904b,0.5860304514201,150.78
62212bdd-e94d-4416-8df7-b02ed9553e09,0.58352201082975,207.78
ce85c0bd-4bcb-4f01-84ac-10bcffa3a921,0.58404098667425,206.77999999999997
7f61ea49-ef3e-4404-8c20-359a0153f18c,0.58430697893505,231.78
e3668e76-8206-43a0-8b69-8b9584819334,0.57889774833775,255.78
2741f776-efe3-4255-8f73-eaaedb474799,0.58337197699505,215.77999999999997
2deef365-efe2-4641-9649-d8dd2548a003,0.5820473516172,261.78000000000003
1feec157-4813-4dc6-83c8-7862925ca72c,0.58393663080365,189.77999999999997
d0d95b58-8063-465b-843e-3d2ad68040a5,0.58570481700385,134.77999999999997
92ebed51-a788-4f85-9a75-da2708bd91e3,0.58699351043735,217.77999999999997
2c3f5e37-978d-463d-8c65-c2e4d69b7607,0.58059599962685,253.77999999999997
b8b78a7f-daff-4fd8-9b0e-ed42d5016235,0.58368210707205,257.78000000000003
7788a463-284d-4517-a8d6-06a66281d4c6,0.584354763069,205.77999999999997
8561eb0c-5ad6-4b6d-8e18-b4700f6a093f,0.58521275129245,243.78
946bdb90-9d1c-4023-8993-b5d1be2e49ca,0.5853444772476,228.77999999999997
aa694550-b8e4-46a4-8623-5f4c364f38ca,0.58643298412265,222.77999999999997
9e13a040-1d38-4315-b9c9-9d77edd1b5eb,0.5860304514201,150.78
a05e9682-2f8b-4b80-96ca-1f38dbe6c430,0.5825884648384,268.78000000000003
983b646d-fb54-4efe-9808-46757657e42e,0.583010089188,233.77999999999997
6b28e237-79ac-431b-bf55-24d58f21436e,0.58040425259275,239.78
2ce3fcf7-87e9-4665-a06f-8d022d7ede9c,0.58577396057635,239.77999999999997
af3f994b-3583-4901-aa24-4f174da3a336,0.58206751245675,243.78
530b7a96-7a38-4f1e-ab11-0bb78e74661c,0.5836395405747,238.77999999999997
58addf7b-d764-4a85-a0c3-78f076d6764c,0.58066741264095,227.77999999999997
faeef4fb-fe5d-4bdc-85b6-b6f2a11803c7,0.58570481700385,134.77999999999997
b225a344-6f2e-4b3d-830d-44395037d729,0.58410691306295,218.78
08794437-8bd6-40b2-b74c-fc30e3c5032b,0.58368210707205,257.78000000000003
b7a486e6-72f2-43ea-9e35-96f4b3579de0,0.58368210707205,257.78000000000003
58f31f4e-936f-474f-b1a7-e9632b791af5,0.584354763069,205.77999999999997
a6e47264-862a-44d6-be45-066d3dd07b80,0.5844198208599,268.78000000000003
5ac0ac8a-5d11-4265-a2b8-2b67d9a05c95,0.5871333764557,238.77999999999997
e8411318-4cb9-488a-9a44-78abb69a797d,0.58643298412265,222.77999999999997
d9ec7cc7-84a0-4d27-bcca-7b739a07083d,0.5860304514201,150.78
d12aba0f-ac09-4ac3-9e6d-dd244fcd1352,0.58289077599635,224.77999999999997
aebc3290-35c3-46d8-895d-89d075bc3cbb,0.5825876144225,265.78000000000003
b2c99a74-6aa7-436c-b4ec-8a3055034d67,0.58368210707205,257.78000000000003
093c32aa-c9da-409c-a612-e950fd2301a5,0.58123796867245,237.77999999999997
78644268-7401-4f9d-9138-d3b6fbca17ee,0.5836942304443,256.78000000000003
7e8f649f-10f5-4a57-8b2a-01e6435692db,0.58293344382355,305.78
bc7b45d5-0cf4-40fa-b1be-a45b16a1e1f6,0.58066741264095,227.77999999999997
a0caa82d-9881-4370-a85f-405be67ff9dc,0.58570481700385,134.77999999999997
3fcf918c-ecbd-4d81-b425-78bc01be1246,0.58410691306295,218.78
c19d2285-d466-4df6-b9e1-5519ba4ae64b,0.58321724433035,233.77999999999997
33e05740-05be-4b3e-a1f1-92330d5cd007,0.58406833543265,267.78000000000003
f0f6719f-35f4-4cd9-9325-62e72a23fc5a,0.5849053041106,248.78000000000003
fe4babf1-995a-430c-8a8a-3a7a37fbf6d8,0.58501506700985,268.78000000000003
f70558ab-31e0-4a0c-8200-a8c62cde8ca3,0.58363587602115,251.78
19564ea8-9667-453a-8d92-8611298b1049,0.5865990834837,234.78
27eff964-ea91-4825-bf8c-f5c5017e34e3,0.5860304514201,150.78
11522cbc-c27c-4060-a9f7-97280971317a,0.58547470030365,228.77999999999997
ae9dbc23-cebf-4df6-bdc9-6e7cf8dbd830,0.5840329631002,230.77999999999997
b092655f-8a61-4469-af25-0ebd22f3f793,0.5834798715988,208.77999999999997
62ac4b95-577d-4e11-85ed-823cd0815290,0.5843076493005,276.78
28ffdf28-245a-4e3b-b019-f51bdeee515e,0.5849802995841,261.78000000000003
16835917-3cfc-48dd-bf4d-d961e8b33df1,0.58547641235095,237.78
c3870771-fd0d-4d03-83a0-dfc0520a6181,0.58326135379675,253.77999999999997
a3aae84a-3a6c-4e3a-a46e-05e6091def6a,0.58570481700385,134.77999999999997
59afd94e-5647-4b94-8156-4185c1d0be9f,0.58287974654875,244.77999999999997
fe1ea491-1e24-45ea-9731-b6159342292c,0.58321724433035,233.77999999999997
ec8913d7-c683-4a4c-b3d5-55dee17ff802,0.5815651192046,269.78000000000003
77737740-04a4-4f10-9397-dafb1e8f7881,0.58458730159435,209.78
bdb20b6d-e36d-4aed-a71d-04d1ee3759a8,0.5840745246888,226.77999999999997
8127598f-cf7d-4ef7-bac9-b568bc20fc8d,0.5849053041106,248.78000000000003
465b353b-37af-491e-9607-207894cbbe9d,0.58160398337615,255.77999999999997
7d14be2f-baeb-4c8c-bf8d-b70fb4ec04fd,0.5860304514201,150.78
13f351b3-6088-4b3a-b179-55fa2a5f0abb,0.58547470030365,228.77999999999997
78e3ca59-4a8b-454c-8ca4-d5fce5f94d05,0.5840329631002,230.77999999999997
3b43be3a-fd11-449f-a5f7-5e025d6fb43c,0.5834798715988,208.77999999999997
3f3f7245-ed00-4f7b-84ad-39e30728b1c7,0.57892436441235,234.78
d8e37b3f-c63d-42d3-ba07-567620add507,0.58362940474555,266.78000000000003
4488bd6a-86d1-4a0f-87c1-97734a41e1cd,0.5817505130381,251.78
4675b609-da6b-484e-84aa-b6f514907c43,0.58321724433035,233.77999999999997
f969a377-0f41-4b34-b6cc-9afac0626ec1,0.58570481700385,134.77999999999997
d7ad4967-e84a-4f94-b8a1-c446c40206da,0.58077113408505,260.78
35cde497-2770-4e94-97c2-7231f89649f0,0.5859202912733,244.78
6f367235-fecb-4e07-8d2f-0e144b072bd9,0.5862320664916,185.77999999999997
48049b30-d81c-4ae9-9e8a-c7075e9c7d98,0.58270049431685,223.78
a61de387-b020-49b1-a8d3-73f70e56e117,0.5871480619754,189.77999999999997
51a9912c-51aa-4b72-8e04-29c0fd6e9d2b,0.5830672538331,233.78
989dd3c4-6691-4e0a-be4f-804f7857b455,0.5846728718954,264.78000000000003
69a1d1a5-ac32-4838-9994-7e6868541c46,0.5860304514201,150.78
c014d4c6-2b34-47c5-886f-879c022c28d5,0.5847363418911,250.77999999999997
91bdc559-5d82-4f48-832c-bdac7caed63a,0.5843864793941,267.78000000000003
8b68e80a-0b70-42fa-a468-a5b8fc39cdcf,0.58280420397875,229.77999999999997
eafed5ef-f7d7-4814-834e-245c75b1c732,0.58548920053875,281.78
efb51d63-3b16-4a87-9db2-cb75eff850d1,0.5870408363174,187.78
12847cee-7b9c-4930-b0f3-fa03c2036221,0.585484232166,223.78
0e32d2d6-6cc5-417e-ae25-e1c54db58d06,0.5869609851578,246.77999999999997
2af06699-7ff1-45c7-b6a9-83176cbfecfb,0.58570481700385,134.77999999999997
f6d9cbf1-221e-461f-b9fe-07c32e3c6653,0.58550819613955,266.78000000000003
128c39e2-e51c-4cc8-8ec9-1f818745fe27,0.58705980635935,200.77999999999997
0ffd92ef-d33e-4ab1-97e4-27a60a7609d8,0.5862320664916,185.77999999999997
831d50d4-c0fa-4e88-9d33-d2f386efb4e0,0.58270049431685,223.78
a5772dfc-635a-4c71-a4d0-b6b3e3a193e8,0.5871480619754,189.77999999999997
178db310-bd0b-43fd-b0ba-ed9437ae21ae,0.58749770806745,229.78
e27c4a5c-b3a5-4472-9621-70bcc6ca2680,0.5866018741287,218.78
59f69ebb-30bf-4f47-b6e0-00d631ddb4f1,0.5860304514201,150.78
c89c6227-34aa-4f80-b1b0-05942e074131,0.58526642359215,228.77999999999997
0335e8c5-0812-43a0-ba69-916ab42c1833,0.588813209556,202.77999999999997
f3eb6dd4-0d88-468d-aad7-72db5d37ad11,0.58231598692995,206.77999999999997
4dd54257-e7ef-4291-a2f2-5a6d81c9c864,0.5851727314408,245.78
71e63c91-40f8-4851-8b24-ceefe4330c65,0.5870408363174,187.78
ca51f8c2-2cbf-49df-8617-736e48afb17f,0.5885901737451,197.78
194074ef-f860-4352-8eb8-9f6356b2e6c7,0.5852530600144,180.77999999999997
608746ab-c60f-4533-8689-8a4feea9bd99,0.58570481700385,134.77999999999997
e7a9255d-8762-427f-b5a5-eb26e2873fd8,0.58324824944195,194.77999999999997
efbb992d-d2e6-4e26-8992-757f74c0684f,0.58974467382985,233.78
ad68cc18-89d0-4c1b-9f7f-8fa96087ee51,0.5847171790623,248.78
b0853b0f-afe7-4290-b31a-e5a8498a445a,0.580524196079,253.77999999999997
06176129-f335-4972-891c-2a1d93c91f79,0.58398074028275,209.77999999999997
60d4d7a6-eb37-4df2-9039-23c2e5a4c679,0.5869793147342,278.78
a25e66c3-fe81-4958-8fd5-9c6031b93090,0.58369962765945,233.77999999999997
08c1ef35-c33a-4919-abdf-bc688ec52729,0.5860304514201,150.78
d395d794-431a-4fcf-aa95-61026dfdc185,0.58367678834895,218.77999999999997
da5a2a5e-6736-48b2-b8e4-5acf2f3f5298,0.58465562268785,201.77999999999997
92471b49-c389-4d10-a4b4-455c03c70672,0.58214094953625,240.78000000000003
ab3a1497-7c6c-4044-af28-e867604db40d,0.5850150808279,261.78
9cfddedf-f4a0-457b-8c7e-83701e08d3f2,0.58457558274215,216.78
36ed5085-06fc-42ae-bc31-3ab5232e5460,0.587559390467,279.78
04b8f61c-5bb3-4a4c-b505-e6ae20ac45c2,0.58347266066755,217.77999999999997
5c24bf0c-adca-461a-99fe-a06f4f3075be,0.58570481700385,134.77999999999997
8e2b69c3-f98b-43cc-90d8-ca7fb38d44a8,0.58197014718045,250.78
67b9c7c9-cda5-4cb8-ab99-e25c71aa54f3,0.5901293055467,244.77999999999997
669d9d53-0909-4719-b5a3-abc2394dd7f5,0.5885879043249,264.78000000000003
03ed21a0-2b8b-423d-a28d-e70418918efb,0.58778345037225,209.77999999999997
7e46260e-a984-4a6f-8867-f657de97698f,0.58398074028275,209.77999999999997
05aa6f65-86a6-48c7-9141-1c82735fc9ef,0.58484351693335,296.78
b1a1bba1-c1c9-483e-9011-cc9e2417259d,0.58288785440845,237.78
9f177154-39c9-4086-b0ce-bf316224eff1,0.5860304514201,150.78
bbda1b26-4525-4d63-954c-f4d1ae9f4350,0.5847171790623,248.78
46db4c59-8b95-4eeb-b1ff-c2af53fc21ee,0.58465562268785,201.77999999999997
9289f46c-88fe-4f6f-b156-b84b8b732872,0.58974467382985,233.78
29402fb3-b894-44b9-a00a-fea6fed6fce7,0.58974467382985,233.78
88101e4d-c426-4a96-98bb-98120089e103,0.58457558274215,216.78
ab6834a7-b41e-4fa5-a2f2-9fcc9e16e3bf,0.5860745067645,225.78
3cbdbf87-0bbc-4662-9316-74df015076bb,0.58347266066755,217.77999999999997
f9077540-7563-42fd-9dda-009277e56c6d,0.58570481700385,134.77999999999997
ee9e704d-280d-4e0e-95b9-5e20502ca11e,0.5847171790623,248.78
db74be8d-6607-4997-b208-cb87b81cdff9,0.58564694500785,211.77999999999997
f1baf71d-5b66-43b7-8666-28c3434506d5,0.58415410829265,236.77999999999997
55b511e0-098b-4bc8-ba1d-050a782f071c,0.588274784968,190.77999999999997
3f37f335-5380-495d-ba20-ecc4c4b69c98,0.5866036090513,196.77999999999997
6aaac731-0f98-4161-b901-73376b765982,0.58240024712005,210.77999999999997
05f497da-6a6e-4513-aea0-45895791ead8,0.5861912417809,257.78000000000003
a3b1fd91-d550-4fc7-9c46-e265ca50f8b4,0.5860304514201,150.78
53017454-57ba-4707-ae89-9b0d6bb591cd,0.5830962752949,262.78000000000003
443f1178-8acd-4cd0-aed3-88e3a968d2a3,0.5835341787738,274.78
9bd6730a-8e63-4b59-a915-629f2c8d5919,0.58434482180025,257.78000000000003
3bc5346c-08e6-4c26-a690-46d58f33b162,0.58444264631195,244.78
f35b2e04-7a80-4f15-ade0-774d4efc909a,0.5869064260291,236.78
4f785969-9bc5-41e2-ac9d-e32eae87c9f7,0.58274938329005,206.77999999999997
8e6b466a-7ee0-4fcc-8c70-66c51e7e21fb,0.5846695484466,221.77999999999997
f9347268-1812-40a9-a7db-d8d01fb267a3,0.58570481700385,134.77999999999997
9eb97061-d237-43bc-8a55-7c6386f82c78,0.5841410004767,203.78
a5b0fce8-c7e3-4e19-bba3-49fa49959730,0.5828982004075,214.77999999999997
2888cf98-074f-4df1-b6ce-bd0d11baab0d,0.5814414509644,244.78
6a603c6e-769d-4aad-bbc1-13e81793ec57,0.588274784968,190.77999999999997
e202e8b2-a9cb-4307-8c41-b19c3e9a5a73,0.5866036090513,196.77999999999997
7c654b04-1a80-4583-a532-eef8f944febc,0.5855764913099,178.77999999999997
c637e655-c30a-4301-b09f-14659db76ee9,0.58659836280495,198.77999999999997
d0573195-4dbd-4105-bc28-824d15f3d452,0.5860304514201,150.78
55e4ed5e-326f-4224-8174-446480025375,0.58079091949395,269.78000000000003
86770282-e0d9-48c3-9733-dd0395c7db7e,0.5849314841297,195.77999999999997
7662aa20-c5c0-4252-913e-8fe340697135,0.5871980370247,196.77999999999997
91a7ba06-3b73-4798-8082-e514491bd5e3,0.58442467431965,205.77999999999997
aa745971-8388-4704-aed2-a3fc89b9e278,0.5882795520355,189.77999999999997
05c81062-76aa-47f9-8e16-9bba93f0c9ca,0.58274938329005,206.77999999999997
a9816b76-388c-427b-bf96-2f647c149df2,0.58394622496135,268.78000000000003
7bd9e27d-593d-4329-bae0-3f1b7b364cff,0.58570481700385,134.77999999999997
46e3b838-3ad9-49fb-bbde-08cae007146e,0.5841410004767,203.78
0746c13d-408d-428e-8124-e375b5589c04,0.58386899022325,228.77999999999997
b95630b1-e2b0-49d2-9807-41e724d20f4f,0.58378479217865,219.77999999999997
75f7671f-ac65-4397-98d6-4af799f61ea1,0.58295074849175,213.77999999999997
2315aee7-b523-4d9e-b934-0ea566f21370,0.58456512967405,230.77999999999997
cddee8b0-df49-4bee-ad85-a729888b6cb7,0.58323878215755,257.78
af0d5678-bf09-4bf4-902e-1a8ad1dbb59f,0.58377971828745,242.77999999999997
80727aef-a0e7-44ee-930e-484dc050a3a5,0.5860304514201,150.78
74883181-3535-4aac-99de-da08e30181c7,0.58417393147065,203.77999999999997
5c3cc54f-da48-4c41-bf89-42287e716422,0.57938563294415,303.78
e7060882-4d8b-4c64-acbb-aff137e32a9e,0.5839578843913,230.78
7e8e3157-0bce-4104-ba61-e90739e8e362,0.5855835709227,215.77999999999997
09612a79-20b3-4e45-87b4-63a775da971b,0.58604597934625,239.77999999999997
c950bb60-e1c4-4129-a9cd-7ab1e54cbee9,0.5868755699166,263.78000000000003
08e2f4ad-2a41-4a18-8b56-8e84b986aa43,0.58333592365105,264.78000000000003
2bf5b8f0-e068-49d1-9faf-b0abe2f6829c,0.58570481700385,134.77999999999997
d2b2c245-6de2-4a5c-8de8-e8314c6b6f3c,0.58527622954,267.78000000000003
e8e2d834-f379-4060-867b-5df5eaeae604,0.5843656657925,234.78
8df18bb3-5e0d-439e-8102-9b123f356dfc,0.58378479217865,219.77999999999997
cc5dc220-ca30-446e-a03d-2fe8575d2552,0.58295074849175,213.77999999999997
10db6739-39a5-4dcc-8505-99a0da8d5545,0.58447250315865,216.77999999999997
a41d7e3e-0f38-454d-bb2d-a938eacc10d4,0.58378479217865,219.77999999999997
2c539be9-d3a2-4d93-a41e-3d5a220b1006,0.58386899022325,228.77999999999997
437f91ab-0a60-49bf-9578-6344601cb09f,0.5860304514201,150.78
87bf9f51-9015-46b9-805f-aa3d18d41783,0.58417393147065,203.77999999999997
2d0bcfe9-e7c8-42d9-9cd7-9eaf6e1b45c5,0.58378479217865,219.77999999999997
3809c228-8587-4d85-a54c-911b34858ff7,0.58382348906555,238.77999999999997
772900f5-a223-4a96-9e19-719e8608d7c4,0.5855835709227,215.77999999999997
3b65d406-a316-4df8-804c-4ccafaaccccf,0.58378479217865,219.77999999999997
50d05fd8-6e2b-43ba-9d59-7efd42bb2f47,0.5832283749648,229.77999999999997
5a88f16c-8f20-4863-9415-2b5bc74f6558,0.58386899022325,228.77999999999997
88a83e15-e378-49ab-951e-dbc81592a158,0.58570481700385,134.77999999999997
590af5f3-ba47-40c8-aff2-1d6f3eb4b3ad,0.5815957336363,229.77999999999997
69e20684-eac7-453c-991e-b206f97b6f81,0.58311364873485,210.77999999999997
5c3e48b7-c894-41b7-ac33-59e91f4914da,0.58407204436565,258.78
96290119-9fb6-4974-934e-67b5f3310d67,0.58560078632015,209.78
a8fb0f2f-379c-4f9e-88f0-a8c364556ba3,0.58356940317565,207.78
84ee42d5-5872-4206-a65b-78379929cb84,0.5870543260919,240.77999999999997
4fc30b99-191c-4ff5-93ff-706344f50ca0,0.5819398890185,278.78000000000003
5f9e0984-d630-416b-8d23-78403cd6286b,0.5860304514201,150.78
7e36dd34-77a1-4a99-9fa2-61b62a7e7b17,0.58542870728395,236.78
9eb1f96e-ecc9-4db8-8bb9-48e07407767d,0.5856188463712,196.77999999999997
eb1b8ea2-0b53-40ba-93f4-d7198a2a49dd,0.58357019953535,256.78
5ecc4c4a-0d14-42ca-a73e-5f731e812867,0.5824079377298,228.77999999999997
2fc8eabb-8530-4610-8aac-472250f83f90,0.5840764979111,202.77999999999997
21780caf-e0ce-4864-9897-090c3ec73ad8,0.5865327826483,209.77999999999997
bea3ba0e-81aa-421e-8605-3a2329c549af,0.5814137839228,249.77999999999997
c9aeccdf-2420-4459-bab9-450ff57d0de7,0.58570481700385,134.77999999999997
95b34639-b698-415c-953f-8ad4b87dd1d1,0.58342514046685,215.77999999999997
bbdf5ba2-6de8-46d0-8a1c-7a720a0f4f65,0.58311364873485,210.77999999999997
276916aa-dc1f-418e-923f-c69a75c7f12f,0.58542690168775,195.77999999999997
bf04cdb0-e2ed-497c-8c40-26356eb88ca8,0.58519358036405,209.77999999999997
a0e7b234-3c90-4b4b-b23a-3343c17f45c3,0.58356940317565,207.78
86ae0ede-d8ca-4b04-bf04-1f3bbe6e73f7,0.58317305391655,267.78000000000003
a0dbeb52-0cd6-42e4-95b6-cda48235321f,0.58407204436565,258.78
740152a4-5a94-4f2f-a850-244a74bfb484,0.5860304514201,150.78
63cead94-c9b2-401d-b812-b6c5552a9b87,0.58311364873485,210.77999999999997
4d5606b9-f616-47a3-95b9-dd89929bdd44,0.5856188463712,196.77999999999997
281509f4-7044-4b22-a89a-490617576c5d,0.5875199419234,211.77999999999997
57536cc8-6ab5-4b81-9ada-b7e8edb1ec33,0.58407204436565,258.78
dae37d8b-048d-464c-9f31-2de93d3dea01,0.5840764979111,202.77999999999997
66a59bda-05bf-4fe5-99d7-451e9a9e155d,0.5847103902406,219.77999999999997
5ce9c8f6-228d-42f0-a56c-5b7e3429f371,0.58311364873485,210.77999999999997
8633af60-1da6-4c45-a56a-67bdfd943d8d,0.58570481700385,134.77999999999997
b7b43ce9-1e45-4c07-bc2b-b2da49ba8f67,0.58311364873485,210.77999999999997
c7f92a65-a95f-4502-b868-dfa99839e77e,0.5857550417494,259.78000000000003
fbb13fbb-624d-42d0-af01-947c254d2767,0.58343777020805,217.77999999999997
9ea2ef01-7323-4bbe-a6bb-bb37437c25e7,0.58361627700545,245.78
88259187-dbe7-4c15-912c-653c1e3af70c,0.58659642917845,240.78
e8f58bff-096d-44f4-bbb4-3cc5d7f62407,0.58341029991405,242.78
4eae0a34-4135-4c3b-975a-4c83d7a249b4,0.5810374089411,278.78
4895e2d9-c147-4fa1-802c-868d1f3a197f,0.5860304514201,150.78
d36ede87-8482-4dd2-b4b4-a999e87f36a1,0.58297592547365,247.78
e268630f-7f8a-41ba-8a31-cc957da8a667,0.58268330856775,239.78
49588a19-7962-45a6-9206-c4028b25a0e2,0.5871343371924,260.78
71434b6d-2cbb-45f5-8e0a-7f6003d02cf3,0.58201425460815,241.78
95881a9f-63fe-47eb-9ecd-f9cd9c723350,0.58635268066225,180.78
6b5bcc6b-715a-4694-9912-f5fde5ad69d0,0.58298767577575,212.78
d1c78b1c-8821-41be-96d0-c5accea21816,0.58620543832435,245.77999999999997
0fcc9fa7-97e2-4c2d-a5fa-368687ca4653,0.58570481700385,134.77999999999997
b45e3257-9908-4bf6-bdd1-a1f28f2d2e12,0.5873236801178,227.77999999999997
8e9e65be-e44d-4f22-9d0e-905c976e0f3a,0.5852898629746,223.78
8cfd74fb-e047-4562-a160-1af0bf6cd466,0.58343777020805,217.77999999999997
c6a15ad9-301e-46e0-9df6-cd90bddac318,0.5857550417494,259.78000000000003
ef581de5-a9e1-4f35-9a03-2b59eb254bd9,0.58653391208895,250.77999999999997
427d4b95-dc7f-4a97-bd32-71c4bac7e561,0.58343777020805,217.77999999999997
14926701-06a0-4aed-b0c8-1ddec05f925c,0.5842535102186,234.77999999999997
60b02f6e-0787-42ea-b00c-00a83beefd6d,0.5860304514201,150.78
6449395a-3be6-49c1-b426-d1f588e78cac,0.5841949401798,226.77999999999997
fb6d7710-ee54-4dc5-89f6-57737bead457,0.58515104713045,292.78
8378f0b7-1041-4a5d-85c2-a947d74b1dd7,0.58659642917845,240.78
d55a6aaa-0234-4a4d-825e-bc13a1c7f253,0.5840589463013,266.78000000000003
d2bc05d1-cd6d-4915-954f-575a799e24b1,0.58635268066225,180.78
6076ef72-8fb2-4c75-be4f-5ebdd2a1cc2b,0.58298767577575,212.78
bff2fb09-33b8-41a4-8b5f-29bf9a3df71c,0.58610534498785,220.77999999999997
de1ef65a-f17d-42bf-8107-002cd53b5831,0.58570481700385,134.77999999999997
9f1296d6-3c7f-4c98-9af6-e5b5022d3c18,0.5873236801178,227.77999999999997
0ec9494a-263c-4632-853b-ede98c2ff6ab,0.5849660020077,252.78
f0411ee5-cb3c-4a2a-861c-45328ab01971,0.58397622342285,254.78
be2ac73d-d05d-419c-9334-98d495f4ad21,0.5842484639667,275.78000000000003
d09e5184-43ad-4a68-a79c-654a8b537cea,0.58295108440355,199.77999999999997
8ac55f96-19aa-4432-9a7e-1e9bd0997445,0.58244230214945,224.77999999999997
e18db5f1-d182-4474-9cf2-c47545a94d5d,0.5871385175016,223.78
ffe33342-c8e2-42f3-ac18-861053bd049a,0.5860304514201,150.78
cd01ae50-ab86-4c01-9c7f-42529e4f31e8,0.58399086716255,248.78
392db702-7cc0-4569-b9af-8294f37cef7d,0.58689098322515,183.77999999999997
ac9cd457-2526-46f3-ad2c-a06dd98da074,0.58376339503565,228.77999999999997
76c22c91-5e72-47c6-8156-8a82f1ac8d00,0.58342718543445,237.78000000000003
67b029b8-f17b-4e7f-ad9b-cd11ea07bd3b,0.58399597142585,238.77999999999997
c2e7bbf0-c8f7-4b34-a332-1908e1008024,0.58211703378365,232.77999999999997
f6ba7490-344b-496e-b396-8ea412049a16,0.58383425793555,239.77999999999997
1fc12a84-9f67-4698-a921-1e2ba432ede4,0.58570481700385,134.77999999999997
3c9a3847-25bc-4b4f-a635-3277ed9ad066,0.58840686036345,215.77999999999997
fcb30a82-989f-4d6d-8db1-58f28eb7ea85,0.5837933236033,275.78
7073bd4f-37d0-458d-bb95-819d317f251e,0.5847822302037,219.78
e280fca4-7193-4299-9982-7ee558a0fb7b,0.5828008005501,211.78
fed56b84-bbdb-4ce9-9f1e-43e89c848c26,0.58295108440355,199.77999999999997
efc365fb-7b8d-4b51-af17-eb255f8a6d9c,0.58244230214945,224.77999999999997
cc373b46-ff68-40b6-bbc6-8d89865e6cd3,0.5849660020077,252.78
19e62df1-c6f2-4c39-a943-10d7b8da5a09,0.5860304514201,150.78
c68f4664-09e4-4e4b-af7c-687dfd6e3b6a,0.5824768793384,258.78000000000003
4c4c0167-6aca-408c-a8b1-f47348f931b8,0.58689098322515,183.77999999999997
a8819572-d4b7-4645-9c1e-4ccddacd7da7,0.5822482669973,264.78000000000003
52549e0f-3cc2-47f0-987b-a50b577de4fa,0.58089215409705,264.78000000000003
e219e546-117d-44c0-969f-fb5b5fb64928,0.5839195795729,271.7800000000001
d7876688-2165-4ae1-8b55-7c324accd27d,0.58356029797815,269.78000000000003
c6d5d679-1ba2-4f74-a9fa-951fc88a8e5c,0.58718539282465,249.78
40ec7317-4454-4b1e-a957-5e3b31206099,0.58570481700385,134.77999999999997
1ef492bf-8164-4a1f-8b7c-f1ccb56054fe,0.58840686036345,215.77999999999997
ffc1026a-c62b-48cb-846f-916661912a99,0.5870159619902,230.78
c3d42521-9e62-41dd-a2ac-23b08b54457f,0.58655701981295,227.78
7fc188b0-ca21-4a60-84d3-c071a50d95df,0.5852439384977,246.77999999999997
1d1f86fb-e14b-47cc-8871-463c63cbbffb,0.58518546586045,237.77999999999997
bf7d1218-0a8a-40ec-af9b-d513eefa346e,0.57953135164065,250.77999999999997
e13d4f1a-2ef4-4627-a7d6-fcb2c4c22cb3,0.58541380713325,243.78
ef38cbd0-d1e9-4d1d-9396-67e8cbd0b321,0.5860304514201,150.78
0a886834-9da3-4705-8dc8-5ebfd2150f85,0.5837076547657,286.78
81250850-8018-4b66-8466-86fce66b5907,0.58201053026245,253.78
7df9f847-ff7c-4fbd-be04-c5c389153596,0.58403427283875,293.78
841a2190-bb4c-48b2-9137-2c247bd9e2bf,0.5844908353061,262.78000000000003
709b657f-c1a2-4dc0-a358-3d56b3aa624a,0.5838745895954,231.78
0edbc2c4-4a37-49e9-9df8-6694a43301fc,0.58631893635695,236.77999999999997
ee28c64d-b21c-42ec-a1c9-2b1520548046,0.58435103013115,259.78
22ee7366-9f24-4c75-90e1-0c2cbaacd078,0.58570481700385,134.77999999999997
6de27da8-835d-4148-a9f7-ebee03cf9248,0.5876699547614,230.77999999999997
b58ed83f-42c3-43d1-b78c-13df6c16f61d,0.5870159619902,230.78
340ad263-8179-4de0-a2b8-c99598b63d5f,0.58655701981295,227.78
1c94b668-03f8-4ba7-a42c-e2a0c66ccd03,0.58655701981295,227.78
10bdefe5-cbe1-4311-8b29-48b0564c71f7,0.582593048667,223.77999999999997
932500fc-1285-47ef-92df-98206ac127de,0.5870159619902,230.78
2ef0b784-ca25-4ac8-85d0-32faa7bf5908,0.5865094460677,219.77999999999997
fb11d627-7eca-4928-89b7-699a68e98802,0.5860304514201,150.78
a6556f13-156f-46ac-a8f7-2b22ee0ad95d,0.58655701981295,227.78
473c3f1d-578c-40cf-8780-b0662cae6aae,0.58160696222755,264.78000000000003
7a3f6cec-f2d8-4048-a62f-d4dfb58ef035,0.5870159619902,230.78
e2c1be7f-6e75-4c5c-89c7-8a492bf7337f,0.5816890510029,231.78
573f78d2-ec53-44a2-bd4b-45aa4a35025b,0.5838745895954,231.78
c14ca483-e26c-4c98-ae8d-df865e0c809f,0.58410895860985,242.77999999999997
2eb23eed-20de-48cb-9e5c-a8022c2b5c27,0.58518804149665,233.78
3c9b9736-d049-4b3d-9848-2c7d78a29951,0.58570481700385,134.77999999999997
9067ca87-34e7-41f6-83ca-831d4c514dbd,0.5876699547614,230.77999999999997
469f6d1a-82dd-4008-962c-84ba5905d55e,0.58591024074545,236.77999999999997
aee2f73e-fed7-41a0-ba06-92969bf8deb4,0.5835886682322,213.77999999999997
e3929e1c-aec2-4baa-9be6-c3cffdaa8ee0,0.584239732171,248.78000000000003
f4839734-4fea-4df5-87f5-52de639bc495,0.5856051837063,206.77999999999997
576750b4-f1f8-45e9-b7bb-ade3127b3725,0.58076958088075,228.77999999999997
89a32e3a-f6ed-4a4e-97f3-8c51c979e329,0.5832424639756,243.77999999999997
bf0e539e-eec4-4921-948f-9fc34313c78b,0.5860304514201,150.78
dc595678-ca75-4b8a-9dc1-6ce3cb3f0a59,0.58623679585485,194.77999999999997
89bda087-426a-40a2-8fb2-30f47dc4c7a2,0.58381724955605,249.78
fbd45564-2a34-489c-baa3-c74dd53311de,0.5819229026556,206.77999999999997
e831d164-44b5-4386-a45c-54e52e59fe1f,0.5830978364415,230.78
fc94b97e-99e9-43f4-865b-c6e68494434e,0.58591038526945,207.77999999999997
3cbdb2b1-ba6f-493a-a86a-c36ea20418fe,0.58323442243085,262.78
bde27126-e85c-402b-959a-9e98be278602,0.5841235102755,219.77999999999997
87354b34-1f39-43ac-bd30-d70277d2a29e,0.58570481700385,134.77999999999997
6147471f-2736-4725-b01f-28507498fe2e,0.5852205555964,214.77999999999997
b64e7cff-3c68-4357-b446-bf34ead7c9dd,0.5841359161169,249.78
27b6efb8-1908-4193-8296-ceb7c78224e1,0.5829609141164,229.77999999999997
b1d29520-698a-406b-b298-77be7bc58db3,0.58591024074545,236.77999999999997
98164145-2cdc-4d70-9f63-7d0b713c9c4d,0.5856051837063,206.77999999999997
57253993-b1e6-4a6e-bbae-bdd6c36fb675,0.58472364511865,232.78
7aeb62ed-5039-4443-a1c7-b11bb89eef89,0.5827475010969,199.77999999999997
d0e8002d-096e-4be7-8a0b-f6c3c8a59630,0.5860304514201,150.78
5667c5e0-2bfa-484c-95a4-e518505ac8ab,0.58623679585485,194.77999999999997
f315884c-ea73-4651-9a68-358f845c86dd,0.58600862815825,217.78
d67bd03b-009a-4e97-aa5b-6b64c6ba7111,0.5819229026556,206.77999999999997
40d673e9-f3b1-4c55-a5cb-9aa356707098,0.58568803994815,229.78
166f681d-f2c7-4e4e-9f47-28b36e32b6ae,0.58591038526945,207.77999999999997
0fa188c7-2eab-4171-a260-6f176864c654,0.58358800114525,218.78
43b966dd-5d10-4833-aadb-4f727b14aa2d,0.58591024074545,236.77999999999997
d020fe33-6f7f-487d-afa4-ea8fe837e8b8,0.58570481700385,134.77999999999997
d3072163-68e3-4435-98a8-f29587030739,0.58567075255325,213.77999999999997
273ffc7b-b0e6-4523-8f5e-3555fb7e1362,0.583295101022,244.77999999999997
590c2ba3-c804-4d99-a077-30a15465508e,0.5835779064324,207.77999999999997
8f2e1733-4dbf-40bb-8aa6-0e228a5637e2,0.58219524994705,240.78
72255d19-2256-4a05-9769-856c27d36921,0.58034699621645,245.78
b6fab508-2528-4318-adb6-1e5b39a09504,0.5846036341646,241.77999999999997
59431484-7297-4ce8-8123-a29419a13b53,0.5853314746531,260.78000000000003
e7dc6526-12ce-41cc-93a9-782f18affcb2,0.5860304514201,150.78
5b46046d-9fba-42d7-b3e0-10146fb4f753,0.5845234375139,187.77999999999997
cfb9b0fc-8d83-45d2-9c10-03a5e6f748c4,0.5820947978494,228.77999999999997
46581bda-1d52-4f3e-a112-71382916532d,0.58198503134035,231.77999999999997
e549b191-3192-419b-a8ab-5424197714e3,0.5822270821657,204.77999999999997
b4cf0f1c-0b0a-4996-bfcf-cd08bb2ee8e5,0.5874682161568,191.78
76a8c42e-3036-45a4-b2e0-918e7d0c1d3f,0.5807227557336,249.78
9f0d7c54-a3ef-4cd5-ab73-6ef6adfe78a1,0.58305884033945,267.78000000000003
3c5edf8e-9ebc-43c6-964e-52bf366e9886,0.58570481700385,134.77999999999997
1cda20ec-c8c2-4eeb-918b-1154ba83d70f,0.5848769101065,178.77999999999997
3ede919b-5106-40aa-9129-5a869e97a551,0.5855112351923,267.7800000000001
390157b2-9b05-4a97-b61b-9f7ad9ef8d93,0.58320463296545,253.78
80e8bcea-c8d7-4b92-b8a3-0f8a5a5392f6,0.58498526428595,217.77999999999997
96da0c53-4e14-4150-b316-e4a57d0990b3,0.58296713473825,221.77999999999997
d1ad24a7-79ac-4e82-9f10-a4bfc844a741,0.58688623540725,221.77999999999997
03877c66-5460-46e1-a11f-81e3a540f592,0.5832702299561,220.77999999999997
76781497-e936-4777-bbac-2d4845cd95e1,0.5860304514201,150.78
2ed37a04-0d6e-4ff6-8bbb-98842599d2a0,0.5845234375139,187.77999999999997
d11a1568-a515-4482-8a04-d3a0cda1110c,0.585427036828,254.78
2496f97b-131d-4a90-9aa6-79d1d72cdba2,0.5835779064324,207.77999999999997
e6f45cc4-1cb4-4b6b-996b-ff3d804a3f8e,0.5822270821657,204.77999999999997
b0598f35-6f76-4281-a3f9-d6112f0f0285,0.5874682161568,191.78
40dd70a7-35e2-4869-b7bc-c29cafa29a7b,0.58382658375725,272.78
a0a8490b-eb8f-4f94-aca5-608669a8b3da,0.58219524994705,240.78
3a8c687e-2646-45b9-8cb0-0e556d0abc2b,0.58570481700385,134.77999999999997
a0732d9d-210b-4db2-acbb-9a35c9398879,0.5848769101065,178.77999999999997
b406e8e7-efb9-4c4c-b6fe-f856755177e1,0.5843295170106,194.77999999999997
9fce8aee-5585-47ec-94e4-0e3ebe7f90f4,0.58599085184655,209.77999999999997
12dce204-18f1-4bc4-aa0d-9a838d1e2425,0.5850631015237,206.77999999999997
7865fe83-b9ff-4cec-bd13-d80b0068573f,0.58390666913445,219.78
161ab85c-e86a-486b-9108-1684a56721af,0.5868517014162,203.77999999999997
06bb8a05-cc70-42cb-8386-29e7fb1fe981,0.58476454761575,245.78
21dd0c35-7b1e-4751-b2e7-30285b1d0b9c,0.5860304514201,150.78
dbf487c4-d0e6-40ed-9879-5f1c66f54ae5,0.58581098041295,205.77999999999997
e54bfe2d-42ef-4aa0-91fb-9c2a0252d518,0.58423138312425,247.78
7dd719c8-036d-488d-8656-30d893625b31,0.58630936410895,244.78
a6f009e6-57de-4247-8b98-1f604724ec1e,0.5830428806014,258.78
f51062e7-1955-432e-8fc2-61ced4861750,0.58177826600815,256.78
c3f579af-bb0a-4fea-807d-24e573c21420,0.5833033523375,253.78
163c9c46-4919-4722-be17-7cc263d8d7eb,0.58471055053215,227.77999999999997
c38bdecb-6863-42da-8f1a-7933c1dd9498,0.58570481700385,134.77999999999997
57617410-da07-427f-ba44-283710ae766e,0.5838999520845,229.77999999999997
daf6ead1-4ee2-4d71-84b9-fd23160d6108,0.5843295170106,194.77999999999997
5d84af86-7747-4711-99fa-6669ded54053,0.5830131047865,220.77999999999997
209de3d0-8791-4b8a-b1eb-ec91f8e09392,0.5850631015237,206.77999999999997
04b1a597-970f-4d9b-847e-3a304cec2fff,0.58555934738145,196.77999999999997
c99b3c14-dd20-440d-8e9a-08b4ffffdbd0,0.5868517014162,203.77999999999997
426f598c-5251-4a15-a94f-4de3366c9bea,0.58232622907745,224.78
d3b2d770-19ed-4985-81ed-52044a74b2a3,0.5860304514201,150.78
62571bd9-76de-417b-a5e3-af88ed2482b5,0.58581098041295,205.77999999999997
7a4e7596-73d3-448f-b0d8-0e749210205f,0.5852106059898,201.77999999999997
e159f33b-9470-4052-9b16-2f254d76820b,0.58670710807645,187.77999999999997
3f8d37e7-112b-4a12-8746-9c97eaea3de9,0.58387558630955,196.77999999999997
84703816-3dad-437a-94a8-45a23310404c,0.58599085184655,209.77999999999997
64216b52-b9c7-4756-951a-707f35eef1bb,0.586384401805,180.77999999999997
4cc2b866-0a55-4cb0-ad45-ca4a6cdac2a1,0.5865845379957,182.78
b3f61448-1b33-46d6-9d92-6160fead8183,0.58570481700385,134.77999999999997
61a7bdbe-1b91-408b-b014-67896fdc5f1b,0.5843295170106,194.77999999999997
d53120e6-0b5b-482f-8ae9-3b95fbdb767a,0.5844582314808,241.77999999999997
71df3952-2b2a-4dbc-bcd3-b302588b3c70,0.5844372040723,225.77999999999997
9fe84b67-921e-4c3d-97ce-09d9a3240bd7,0.58500980313985,253.78
f2fb72c8-4ab8-435b-9fbf-fcd6666f3d4c,0.5841147923833,276.78
87b8d481-0ac3-490c-9065-895d076e9342,0.5828681160744,227.77999999999997
3e88b280-e552-4978-992c-895051a3ae67,0.58285022213215,239.77999999999997
429f31e9-a123-4b28-9ce2-6fa45d42c4ef,0.5860304514201,150.78
e6135808-d733-4d6c-bb28-a3394f73e9be,0.5809133824847,274.78
3dd57c7c-5c21-44e6-8148-feaaa166e340,0.58652420297325,257.78000000000003
7f4ad061-383a-45ee-ab8b-ea6bf0cf4ad4,0.58205884396855,214.77999999999997
5510942e-1b03-46a2-8803-8c7a83ddc849,0.58133650715765,246.78
7d89e9f4-9283-44df-8113-bfa7192fdb56,0.5828018207388,240.78
61419f93-b494-415c-b7d1-aabdc5b5f6ca,0.58119557773465,213.78
93db05e5-611d-4318-b15f-c94f26e3dd03,0.5821927189624,243.78
eacc4707-87e6-448a-8d71-4a3a687e8797,0.58570481700385,134.77999999999997
9d0fed05-580f-451c-a7ce-4e43a7761162,0.5862401240935,260.78
9c9ad1b9-5db5-41c8-842f-93d5dfbb81ef,0.5830843993772,254.77999999999997
d05d79aa-310a-4ae9-9867-93349b6b2606,0.5844372040723,225.77999999999997
a6cfc996-2ffb-44d5-835b-8f0379bda19c,0.58447325085735,258.78000000000003
f4873f7d-d3f9-479e-b089-fc62b029c72f,0.581230103325,228.77999999999997
c49095ad-966f-4795-90d3-74477757add2,0.5828681160744,227.77999999999997
60816148-c276-4dd7-9379-f5a3942d837b,0.58500588851985,226.77999999999997
c2356e82-c7d5-451b-90f5-003bb65bb91f,0.5860304514201,150.78
5ab8bed9-8721-4d43-a0b8-3f1b6ff0869e,0.58146258643195,265.78000000000003
af4ba133-08da-4bad-86f3-4996a456a28d,0.58636425947335,226.77999999999997
b0608039-3621-4fa6-933d-f5e67d954bb5,0.58205884396855,214.77999999999997
9f01c587-2909-4d1c-aea5-5d569ff7dd83,0.58582945985125,286.78
a3375a89-0355-4901-ad33-31a1872cbb9d,0.5830289182585,219.77999999999997
96c4a2c2-2e6e-4b94-99ba-bede6463d856,0.58119557773465,213.78
9ffc18b3-93b2-4a41-90f3-49e4c1cad235,0.581952004233,282.78
cbe55bd3-4de0-423e-95c3-424d32685e9e,0.58570481700385,134.77999999999997
9ea977db-8a1a-4101-b468-b7bf94d265a1,0.5876773130087,224.77999999999997
7cccbb0e-f649-4e7d-8a02-51d9df03a6bc,0.58699262393995,228.77999999999997
04f59ea3-12aa-4a18-a7c6-bc4e79c0f2fb,0.5840038985682,225.77999999999997
fe909a7c-e6de-4011-b360-8819b74005a5,0.58641759086095,212.77999999999997
eed46f68-7af5-415e-9578-3341a8f88812,0.58531011725055,253.78
042c361f-ac74-4c56-ada8-1785005219af,0.58574049455415,256.78000000000003
0e826d46-f325-483b-9121-a3de0cfeb0be,0.5846741394299,248.78000000000003
2dad336e-704c-4a01-a3ef-8cdeb3181946,0.5860304514201,150.78
5762e564-e230-4a89-b50c-24d6558bf22d,0.58362799775485,235.77999999999997
1e98cfe0-3f66-4d07-94b1-d07a1056e95e,0.5848073772249,259.78000000000003
e39402c2-ca51-46d5-8b14-f7e97ca18981,0.58617209679465,232.78
f8705d4e-6174-4b8a-b5e7-cefc9f2c25cb,0.5863126971807,249.77999999999997
83889291-9f18-4adc-adb8-ff471a335e9d,0.5798237932739,230.77999999999997
067e014e-04e5-4410-9880-adf830c14008,0.5886931147431,210.77999999999997
fd0dc9c9-4f54-4f66-9016-5d5054e9e2d7,0.58296856674445,252.77999999999997
2e99b17e-5e4f-46d1-95d7-65a8d1fdacfa,0.58570481700385,134.77999999999997
9042eb33-ea10-4318-a381-ef21796ea787,0.5847701151973,203.77999999999997
04fa41c9-be60-4e15-8573-f5efe4df73f4,0.58192209821335,224.77999999999997
842a8942-f6b4-428b-b023-6895148212ea,0.5840038985682,225.77999999999997
db6150a7-2659-4d35-b291-22dbacf38698,0.58641759086095,212.77999999999997
d5211892-a80b-4888-a5c8-7fc33c8ebf6b,0.58699262393995,228.77999999999997
61b7d25e-d1e8-41a4-885d-0377d5574962,0.58404648947265,238.77999999999997
8192e9b0-4816-44f7-a63f-d0e3bc9df612,0.58699262393995,228.77999999999997
0485a018-3df2-40c4-ab23-feca0cc40487,0.5860304514201,150.78
07368555-c5b9-461a-a52e-83c52729d54a,0.5840038985682,225.77999999999997
b2d05d1d-0085-4e7a-bcf3-949d328dde37,0.58699262393995,228.77999999999997
36dfc886-9382-439a-9873-e9a62e61ec6c,0.58699262393995,228.77999999999997
f31f524a-bb84-45e8-9e46-5d7e15e20700,0.5850684411344,204.78
940ebd5d-75b7-4c43-badc-c11b6701dcab,0.5839613197461,256.78
f5e645ce-6dc6-41ea-a5a3-f1d626a1c49c,0.5886931147431,210.77999999999997
38438ac7-64a4-44ad-825a-a085c3294131,0.5854586466284,270.7800000000001
9820ac30-5c46-4d04-8856-2f13fa484b08,0.58570481700385,134.77999999999997
109c1aa9-4731-4799-bf60-2a5e4e93bfca,0.5847701151973,203.77999999999997
481cfd9e-6cb0-49ee-8391-e880b67fac13,0.58906710159285,235.77999999999997
81c0af71-77a4-4e7d-a2d0-7e967e68702b,0.5831906903002,239.77999999999997
da542dcf-e8a2-4d23-9eb5-19de25eab4ad,0.58667814197295,254.78
5c78d002-9e32-4d69-bba9-77afacc73b4d,0.5815860038485,201.78000000000003
5f73569c-07ce-4de8-bb3e-a1349fa4842f,0.5846425019946,240.77999999999997
39b91c80-049f-431f-be7b-ffa89988cde0,0.58741640673265,214.78
1e042b41-d4d3-455c-ad82-83de2f5c9d78,0.5860304514201,150.78
d92470b4-5acc-4a7e-af01-cc680026f677,0.58368291798765,260.78000000000003
cd24c660-69d1-4657-9e05-056ca66a267e,0.58454621197045,224.78
7fda9e4f-2745-4382-babb-ac1db0a6399b,0.585243511167,242.77999999999997
4b6a32c5-a306-40f7-91f2-3b8c6ff141a8,0.5825694148397,260.78
a4d6ea30-2447-406c-b073-068238533a22,0.5830056522739,258.78
e673b9f5-bf2e-41ad-b581-fdf9dced532a,0.5853864032586,235.78
bbe4b451-4c6f-4d20-8ac8-08d33b7cdc91,0.5827668172699,231.78
838f7354-4e4d-4839-ae0f-d044bf7b3678,0.58570481700385,134.77999999999997
ac68f142-f793-46a5-80e4-2b8add60fa3e,0.58667629097945,212.78
7e68d2eb-d240-4eec-9b11-2e511b6cf275,0.58279008949575,245.77999999999997
09ac4c6f-f4da-472c-b9f5-296f143cd958,0.58691285687725,241.77999999999997
01952755-5f06-4adb-bbcb-448d66a0d2a9,0.5819787873082,251.77999999999997
6af8cca1-6753-4ef2-beb3-3a3d14ef45bb,0.5815860038485,201.78000000000003
435c1cda-9fcb-4b38-8250-b83a261a8202,0.58630153179295,238.77999999999997
e8375dae-6b35-4757-bd0e-be13958848b7,0.58741640673265,214.78
122fca35-069e-4e82-8784-0be3a718b0bc,0.5860304514201,150.78
2a913477-dc1b-4bf7-a89e-994988c8dc4c,0.5876916153358,211.77999999999997
faf26365-0035-4f01-9921-ce29a3d1a238,0.58454621197045,224.78
c443ad3c-7082-4f76-8ab2-ab1614289aec,0.5847413414735,175.77999999999997
60730885-7c32-4611-a45a-a933d0a2d058,0.586140407262,244.78
ec2774f2-1f49-45d3-9aaa-9bdd76d136ba,0.58906710159285,235.77999999999997
42dd636f-ed87-4200-9d90-a529785dda54,0.5864301404616,227.77999999999997
5537d99f-d8ac-4ed7-bfcb-c178847f438d,0.58906710159285,235.77999999999997
643c70b0-54e2-4158-90f2-51bcc9642183,0.58570481700385,134.77999999999997
6309cbf1-3d4d-4a38-8cbf-2ea98c93f35b,0.58667629097945,212.78
ebcd62f4-f6e4-4fff-8db5-335ae6ce11d2,0.5850709518593,226.78
76fbc7e6-7341-427e-ba85-431178c7a3e9,0.58518479821355,227.77999999999997
af946852-e39c-4d66-bc2a-eb9c8daa2540,0.58247668916765,267.78000000000003
1262590f-6965-4f85-9a8d-f1b0e308999f,0.5859307604213,239.77999999999997
31b9b0be-c780-49cc-9051-5e9fde10ff71,0.58588207846135,239.77999999999997
2a9c8a2c-6254-410c-950e-c159690ff933,0.583249465375,276.78
4da715ea-566a-4634-8876-bf61b079330d,0.5860304514201,150.78
ffd3f607-ccfd-457c-b27b-3907e8fdd10c,0.5859316719268,206.77999999999997
1cf9f243-981c-46f1-8db1-bade2dabb8db,0.58440764055335,230.77999999999997
c2460299-284a-46af-8a91-efd1a4dec7fa,0.58561084045115,236.78
060ffd1e-3e4e-43f7-8b2a-fc6e057187fa,0.5864769733135,234.77999999999997
63bf933a-f6ea-4f55-b78d-9fbcca6e6363,0.5883979301198,179.77999999999997
2330280f-b806-469a-bdd7-3f81144180bc,0.585396319631,207.77999999999997
606695c0-7b6b-4180-8fd6-8092c2327437,0.58614191261625,225.77999999999997
4b347307-4fe1-48ae-b8c0-46bb57732e41,0.58570481700385,134.77999999999997
075f7b33-f9cb-4ecb-8144-4d0e9b8c095b,0.58364512766185,265.78000000000003
93309a7b-8066-4f70-b863-1b832df827ff,0.58548321857245,214.77999999999997
0fc64795-3dd7-44d4-afe0-bd2bf9f2982d,0.58394265431175,245.77999999999997
b1ba6d7c-a4b1-44a8-afcd-abcd7a5bf5af,0.58664097877365,247.78
4e0fd8da-74bf-4a44-aa21-a331fbf25be5,0.5840250085354,231.77999999999997
d9659ca5-3f10-4f9a-9951-5f1ece44aa6e,0.58518479821355,227.77999999999997
7e1aff02-0a69-42db-bf53-bae058ce49e9,0.5885589444271,269.78000000000003
bf6d35ee-53f0-4b91-8388-4ecbde8f8ced,0.5860304514201,150.78
7b10ffd3-1ca4-41d3-addd-73d00b10480f,0.5859316719268,206.77999999999997
0bc6a9d3-022d-4996-83db-b06eee895fc7,0.5873143950683,246.78
20fe9f81-a2fb-46e7-be11-43017caf2ca7,0.587059756344,223.77999999999997
43fa74ee-cd2d-48a2-ac62-4c9d367b5345,0.58478827252025,224.78
d427cc21-ec6b-4f11-b065-b4584c29d9e1,0.5883979301198,179.77999999999997
a873561b-03be-489c-9046-9822e77ba35c,0.585396319631,207.77999999999997
cad621e1-8269-4c35-847b-9d9ba76bd2a1,0.58614191261625,225.77999999999997
87bb6e45-7ebe-4723-9509-634128dc9ca2,0.58570481700385,134.77999999999997
57c80f8b-50ee-4380-883d-0753b985883c,0.58464604179525,218.78
32ffea8a-a695-493e-966f-2579c6b44f61,0.5838100866787,236.78
62443d05-6452-466e-a8f8-2b3e5511eb99,0.581300834566,275.78
7d91ec6d-3799-4318-815b-c72fa5cce2cc,0.5826049273365,190.77999999999997
634c3d21-4f2b-4d42-8c2b-664b4193c7e2,0.5830375590878,239.77999999999997
64d334e4-2c99-4155-ba43-56e24cfb8796,0.58500458350645,265.7800000000001
7aad54fe-3201-474d-b388-9a1425c8c191,0.58510067353105,234.77999999999997
85be17b1-8ca2-489d-a385-2620298f87d2,0.5860304514201,150.78
77138d70-e09a-43d0-a6e3-2a51aa93a8b5,0.5816845740355,254.77999999999997
54b9f1e5-2434-4205-8f55-31af7d36317e,0.5848645697691,284.78
28154527-c91c-41c0-bab0-3d117740b292,0.5825225618729,229.78
ec7a40db-01a3-433f-bbf5-63e9f6e0eafb,0.58530395888735,240.77999999999997
7f40c893-f656-4f06-8b0e-2325a3432145,0.58456512357775,268.78000000000003
cb75f221-2763-43d9-9c71-9dd7e95c4abc,0.5826079773366,220.77999999999997
d2d1e425-4fc3-423f-953e-72d407576a54,0.58435036227365,236.77999999999997
211326e6-6442-4253-b6fa-3344757ae0d7,0.58570481700385,134.77999999999997
3731ecf0-0eb1-44dd-af58-cd64f812bc16,0.5813114995807,219.77999999999997
946024a2-ce99-4cd9-a08a-3f5686bc8890,0.58579609612675,211.77999999999997
e75da1b6-3128-4067-839a-5f7294797944,0.58343044616855,269.78000000000003
504cb57d-1ca7-40d8-9495-1587d3db2816,0.5826049273365,190.77999999999997
730363e1-d437-4b88-85e7-4a6a5acd3ae4,0.58351120275475,243.78
9550ece2-4b44-48a5-af53-33033ac5fbca,0.5839277613525,259.78
ea7fce9c-75f8-4605-860a-c225b5916b98,0.58034538398375,264.78000000000003
70b67b4d-4785-4218-987e-a10402d47f1f,0.5860304514201,150.78
4e68550c-db8c-4c34-83ae-1243f3385197,0.58382944284615,219.77999999999997
6de12702-ec13-497b-af12-63bef1d006dc,0.5826049273365,190.77999999999997
f437af4b-7935-498d-ba85-f1b73263805a,0.5825225618729,229.78
e67ec8b5-b0b5-4b24-ab56-5f197acb51c0,0.5830375590878,239.77999999999997
afa07c7b-b4e1-4ceb-b74c-d98cd815bdc1,0.58410820905305,240.77999999999997
47ab631f-1e25-434e-b04b-0ff6dee8b607,0.5826079773366,220.77999999999997
94b80b88-4e15-4ce6-a0c1-da045077d7f8,0.5837251930341,246.78
e3ec3fb1-9137-4da0-a8de-d7259adfd909,0.58570481700385,134.77999999999997
94096e64-f153-4152-ad15-69aa651178c4,0.5813114995807,219.77999999999997
032f831a-f62b-4d64-ad3e-bee2b908c8b7,0.5821936128788,233.77999999999997
abaa50be-f6a0-4250-bf26-2bed4fa9df4c,0.5856820102206,238.78
681f9d15-f939-4669-8eff-c69ef73ce5f0,0.58354294646115,208.77999999999997
1cd08021-c83d-4905-beed-c91f100b3572,0.58539503052315,223.77999999999997
98df9f9a-33b1-4d8c-b261-2d5146518c05,0.5859105742664,191.77999999999997
f5f0ff60-116b-4db6-80c3-6d7bf8a939af,0.58427862381365,248.78000000000003
1a117953-94b3-4ecd-be92-641c7aeb67d0,0.5860304514201,150.78
35b94c19-ae24-4255-b224-bcc4dc61e842,0.583290848352,192.77999999999997
e8a182d4-80bd-4648-a6ad-95d920d0b0fc,0.58545238857925,207.77999999999997
93f2c201-fee4-416c-95e1-bf3b6bcf4fc2,0.5835963063899,233.77999999999997
6e1574db-71ed-4843-a4c3-bc7978bc45d2,0.5853551492682,252.77999999999997
c4b534f3-6516-411d-9656-fe6171c9ead2,0.5867650923935,245.78
8c3c03c3-cbb0-47ce-a188-7f925f6fbae8,0.58328732088875,247.78000000000003
d1ffb6c9-6096-40c4-b0da-01635be71e15,0.5845948713366,267.78000000000003
f2c6fac1-b6ca-48ff-9318-c1d84eb84f4c,0.58570481700385,134.77999999999997
84849379-7709-4700-a6fc-9354f76e3136,0.585504540182,238.78
dbdcacf9-8c0c-448c-9c72-6a6a4637e1cd,0.58632533102335,251.78
3d558159-9003-45e7-948a-80303c757c79,0.58499262808785,206.77999999999997
55ea0d26-eef1-4f14-a2b1-ac552e6522f5,0.58354294646115,208.77999999999997
476de37c-80d3-4ba4-966e-f88f6ec946b5,0.58548389248115,234.78
d3327364-c03d-4ab5-9835-3673ddad8d6d,0.5859105742664,191.77999999999997
fc64d3c1-6a66-43e2-887a-08c231d0ab3e,0.5859105742664,191.77999999999997
2e18826d-9897-4d31-820c-651fdaad6918,0.5860304514201,150.78
6b0d6061-a88c-4b01-b5d8-7f092eb37de9,0.583290848352,192.77999999999997
6baf1444-177b-4d7c-be5f-b287b96f522b,0.58545238857925,207.77999999999997
35cc5d73-2dee-44ef-9e1b-3b7a061a05e5,0.58434980794815,208.77999999999997
fe562110-cbba-4d99-8dd0-fea8de988ffe,0.58613787217735,198.77999999999997
1d60a357-c1ee-4cf2-b747-44520e4a5687,0.5836445976086,217.77999999999997
df84a988-6aa2-412d-b49f-2000111ad570,0.58825094200235,221.77999999999997
bdd76ef9-5ed3-4f90-a18d-75c999c7cad4,0.585865255969,226.77999999999997
9beed0cd-5a11-48c4-9364-fe03086f43b2,0.58570481700385,134.77999999999997
27c1ac97-a3d0-4d26-9d07-6cbee12f8feb,0.5821936128788,233.77999999999997
d38ebfd6-0d68-408b-9486-03b7eb64fa61,0.58458953351095,235.78000000000003
d88d3b8f-c674-4bcf-b31a-a19b10b27c56,0.5818021684032,230.77999999999997
ccdba1f5-3058-4574-8e80-1b9d7b06df07,0.5859014360597,232.77999999999997
f2a0cf1b-7eab-40f9-922a-ebb847d5402a,0.5855247015874,216.77999999999997
4ab54518-ba74-4c5f-a9fd-0bbea17a39ba,0.5864819329999,218.77999999999997
a905268b-2312-4fcb-95ff-d208d9491c0a,0.5836567864061,264.78000000000003
00670f59-6388-43f3-93fe-bcd213f0b989,0.5860304514201,150.78
d61ef990-ea95-4c6a-853c-c8561ab757bc,0.5842350404477,206.77999999999997
9638571f-670b-44b3-92ba-01cf2bafad52,0.5829613536122,229.77999999999997
a466899a-8509-4106-bd9d-8ebe06ad5e8e,0.5818623881271,261.78000000000003
b6e06ca2-9f14-4502-9775-2f605431a092,0.582770992872,211.77999999999997
3c56a8fc-ebbb-424f-9361-16935d53501a,0.58453411464155,218.78
57b96d50-22e7-4178-be3f-cc593c348c0e,0.58585855145635,261.78
342c481f-c23b-407f-a8b9-141de1a999c9,0.5862323397124,223.77999999999997
572e0999-1d77-4551-a20e-be0f4e154ea2,0.58570481700385,134.77999999999997
4913d1f9-a3aa-49a4-9e2c-148793267a5a,0.58302574143795,239.77999999999997
a92186e6-9757-4070-a1d3-17a399772b1f,0.5810998480353,220.77999999999997
8de0aa95-0b56-4c39-be48-cdd99492238d,0.58458953351095,235.78000000000003
fc20f117-9418-4b59-9325-1b73e01620dd,0.5846030631844,205.78
fcc6102a-797c-4976-860d-1db304aff802,0.5855247015874,216.77999999999997
a6d52975-b274-48b0-9736-3ed07c42a38b,0.58458953351095,235.78000000000003
423a6542-b3b3-494b-9600-1be37759c057,0.58649538592835,209.77999999999997
9f7e86b0-de10-404c-8956-5d9d669c3467,0.5860304514201,150.78
73cc33db-b7dc-4dee-b64f-1ab3fcd6dd16,0.5842350404477,206.77999999999997
c3b29cb2-f4fe-4dd0-8791-ef728b4565d5,0.5801514774039,253.77999999999997
dda5bd0a-a72e-4bf1-b1d3-388409b49397,0.58387096362245,234.78
e808696b-9565-400c-bc1d-bf2d9abd5997,0.582770992872,211.77999999999997
7dc22638-7e6c-4f0e-a753-f25f47197b7c,0.58453411464155,218.78
9fb5abe1-74cd-4d3d-bc08-30a712f7b737,0.58338111230115,253.78
fa186770-d8c6-41cc-a230-4b7231282a94,0.5857571875405,213.77999999999997
578528ad-12b1-485e-be5c-f17940a7546c,0.58570481700385,134.77999999999997
08f0589c-c0de-4e51-8d75-319aca1bd582,0.5818021684032,230.77999999999997
b126e9eb-f2e9-45f9-b70c-d046609a5dfc,0.58358079535435,223.77999999999997
39b64e33-9738-4170-9c4b-b82d79a3d58f,0.584966302485,240.77999999999997
4cc394d9-cc9f-49dc-9916-5bbb7f8fbcfe,0.58354769124025,247.77999999999997
8b8105bb-f3d7-48c9-bff5-cb13b3957a46,0.58479449510555,267.78000000000003
b0d46219-1b39-486e-8fa5-5322feb88854,0.58355961354235,241.78
25252d18-6fbb-4a00-af5e-020f7eb32a6f,0.58425820972095,219.77999999999997
39e69f35-ae9f-41ec-9fd9-c4bb33a5e680,0.5860304514201,150.78
bca8b13e-bd35-43d8-8510-73e23823ce5a,0.58720333659605,225.77999999999997
54ac8f29-183c-4d9d-81c0-1620eca6f11d,0.58319630131355,241.77999999999997
4ed79c19-a16c-49b8-8b9c-1dd785d65582,0.5878253879784,251.77999999999997
65b48483-53b7-4d24-8e25-71cce9b699fa,0.58415031285355,274.78
81f13184-4db7-4ad4-b7c0-ee5874da9bd7,0.58184823298405,224.77999999999997
62a56a51-7ffc-40bb-9238-287cd3a84019,0.5832426444646,263.78000000000003
260e496c-9c47-4e3b-bd98-f1fb692f0f95,0.5819191930375,263.78
525f440f-646c-469e-96e7-7aa19d92fdf8,0.58570481700385,134.77999999999997
b466963e-2a4d-4a4f-bf98-e3bffc8104a3,0.5849275391081,249.77999999999997
27ea016b-d7b1-4675-b400-6bfeef22d849,0.58358079535435,223.77999999999997
6369d2ab-1b74-4cf4-87a4-b7645a051593,0.57929581749325,219.77999999999997
6f8a9464-30bf-4daa-8ea2-8bf2d2016ba4,0.58227899115035,221.77999999999997
59ff97ed-599b-4c25-b1c4-9da1c88831c6,0.58513561539995,209.77999999999997
cdd2f4f4-1401-4b0f-860f-4361e5b57cf7,0.58429073604955,225.77999999999997
e9edead3-bd9e-46fc-af37-264f6de69659,0.58425820972095,219.77999999999997
2e50789c-71ce-4194-bad3-4e661e2d15f0,0.5860304514201,150.78
c56b6f21-a0ca-4c29-80be-a113ac978125,0.58720333659605,225.77999999999997
d2146409-ceef-4cdd-bd97-7f3fb6b35dda,0.58458791648845,237.77999999999997
4b5ee155-df68-4199-95e4-258617b92326,0.584966302485,240.77999999999997
abd70f2c-cd88-42e5-bb23-b0dd2dd755e4,0.58214839112365,218.77999999999997
91916f85-7b29-45f6-be8a-3c96d549ef3a,0.58184823298405,224.77999999999997
8e064e12-aaa7-42df-9e34-1c24287b4d99,0.58415678147355,225.77999999999997
a86318ed-69ea-477a-acc1-c9418e00ce4c,0.58557765257785,254.77999999999997
4eddbd8f-3979-4f2f-88ce-e9a87170f7fd,0.58570481700385,134.77999999999997
979fb603-9c52-4d9e-9968-8b5f7f81c616,0.58704964569285,240.77999999999997
ef6bf6f7-53ac-4b69-ae7c-0ac2299d23c2,0.58267991619665,215.77999999999997
92d11d8e-42e8-4dd0-ab2a-e912d236172e,0.5847427810946,226.78
595549a3-6639-4c80-9044-a944b8a50d86,0.585312578999,242.78
9013c9c5-b9a2-4f55-899d-b185ff85c3be,0.58512012750325,270.78000000000003
d8098278-eca0-4f19-91e5-bebb86dc9acf,0.5852507177315,240.77999999999997
fdae36a0-13a7-450a-9291-5fda59c9bb04,0.58629150197355,276.78
ebbdbbd1-99ca-4bef-85cc-ec1b824f1454,0.5860304514201,150.78
a4b90dda-d871-4e53-abdd-4cdd7f1e1c38,0.58758722170645,198.77999999999997
d875e29b-e0ae-4022-ad5d-0151360290ee,0.5835926864652,263.78000000000003
759c0862-a380-46f6-afad-dbc430d5b026,0.5850493792227,212.78
6efd46b4-8bfe-433d-8e96-938678b9f52f,0.5832547294135,216.77999999999997
b4a0e168-63bc-440c-821b-e07f9b07c0d1,0.5812882390842,233.77999999999997
f3cdded2-1f59-4dc5-a5e0-c8a7a881d3c2,0.58239849825415,234.78
3709f88e-6f77-4632-92aa-e95570264a4f,0.58237124251345,252.78000000000003
561d727e-7394-4482-b8c9-dca65edf47a1,0.58570481700385,134.77999999999997
245e4211-54e9-42d0-9e8f-76624a77c135,0.5833749324508,273.78
52b22aba-d037-4363-9b91-52ec23e17540,0.58267991619665,215.77999999999997
16f72455-eb0d-4e60-90ae-daa4aa4863f5,0.5847427810946,226.78
02ac2048-a545-4add-9bf7-584a86cfb957,0.5824830771766,219.77999999999997
34f68e7f-f244-4aab-a2f3-66824274bf8f,0.5847794808898,243.78
18db35bf-f514-4e41-857e-f5555e1d1e7b,0.5845375140207,253.77999999999997
d356a359-9858-49fa-9901-e853297d4879,0.5834028349401,223.78
33c57817-a24d-4f8f-9738-a70b600bc6b0,0.5860304514201,150.78
e90521ac-9104-49ae-b7c1-5eca2c0d70b9,0.58758722170645,198.77999999999997
a16e39bd-de2f-4abc-be54-f918815f2342,0.5829288754879,224.78
35fb4f78-f076-411d-8675-443c19d2d9f6,0.5850493792227,212.78
1cb443b4-c1aa-4443-b7c1-25a1e1ae47a8,0.5832547294135,216.77999999999997
88beeb12-0fab-45cd-b2f3-48447e1cdf13,0.58519138523315,248.78
e688984a-fcf3-4151-ad13-a69688820eea,0.58335032462465,243.77999999999997
091e8058-9074-4876-be63-1a47525f4513,0.5852507177315,240.77999999999997
75a00291-85a3-4bcf-b5ca-d5072240d482,0.58570481700385,134.77999999999997
cf6489d3-2069-4525-93ae-d50c80ec12b1,0.58474995934655,216.78
a4300771-faf5-4058-a3c2-7816c456c22d,0.5847712355637,209.77999999999997
4c839f11-15b8-43a9-bdd0-6d3a85f73fa3,0.58341396569795,225.77999999999997
97c15405-c38b-485b-a1b7-23093bc8103d,0.58313896186635,247.77999999999997
1b345109-c60f-40c1-b576-0f96f7352f1d,0.58714602923545,211.77999999999997
caaafd53-8c46-4908-a601-8f7e1ae88563,0.58599954289315,232.77999999999997
9147ebb6-4a4e-4729-bfdc-c6a58c061ffc,0.58116500455225,241.78
b8e1fbae-99f3-4ddf-8049-37609ccce2e2,0.5860304514201,150.78
a221383f-400f-4063-b8a7-8a8b195ddb7a,0.58364982063895,253.77999999999997
2bd7b278-3015-49aa-bd90-4ad99c9993a0,0.5832629797659,246.77999999999997
618d6147-62c7-4f24-b087-ac88346aba87,0.58234952521885,303.78
7fc108c2-9f7b-4ae1-b04d-a8a540fa70a7,0.5845304757906,266.78000000000003
4dae7b75-5902-4f61-8072-61632fe820ee,0.5845752044006,222.78
02b1da32-8e8a-42f6-b0b2-597edd363561,0.58639420017525,240.77999999999997
7bc0f9b5-0ade-4dc5-98a4-3e101b3957cc,0.58271259912435,215.77999999999997
4f47dce4-c4c3-4e3c-9e37-1825f84b1431,0.58570481700385,134.77999999999997
9f19da19-d87f-463d-a29a-771586af7c73,0.58285678261645,225.78
0ac74c41-3336-41a9-931a-90e4e70a7df2,0.5847712355637,209.77999999999997
0fcc8b91-d6c2-4344-bb1a-694edce2f38e,0.5847712355637,209.77999999999997
acdaa56d-4612-4866-b3bf-907fda7d7da5,0.5866061935381,215.77999999999997
9fdb10a3-96ce-42a3-b143-4f6f392599b1,0.58714602923545,211.77999999999997
c33a167b-13d8-45e0-91f8-2bfef8e522c7,0.58341396569795,225.77999999999997
c1d521ff-1277-49c4-87e9-1641e53153a5,0.5866777584126,245.78000000000003
7b731ba8-412c-480d-aad5-c04121a4240d,0.5860304514201,150.78
dc416b7a-c18b-4034-8ffe-1cf295a4aabf,0.5849402041853,206.77999999999997
f66748b5-5a7a-4702-8fd1-88c0a13ce9b1,0.58341396569795,225.77999999999997
ca543c8d-6243-4e5a-914b-f1196b9371b4,0.58508925725315,230.78
7a5fc992-5482-4b14-8300-b2f11c5f81e9,0.58256538912175,214.77999999999997
d994cc25-9348-4e08-9b92-9eaddbabc67e,0.5845752044006,222.78
bcb6aa16-017f-4735-89c3-33d32b75fd67,0.5847712355637,209.77999999999997
f7ed8ef7-275b-4d23-97f4-346aacd2c900,0.58271259912435,215.77999999999997
9aa6fbf1-05d1-4b1e-a1ce-4d6db365ca2f,0.58570481700385,134.77999999999997
381c5ddf-2f5f-449d-b97e-dcccaf677821,0.58341396569795,225.77999999999997
2abff627-00d1-4b36-9735-d8625307c6c2,0.5838401380645,253.78
450f5f3e-ded1-4cab-a55d-a0bd336e57ce,0.58265633078505,257.78000000000003
ffefa06c-1829-40de-8a1c-67f00e4d93c1,0.5857952276099,197.77999999999997
cbd2e3c6-c2a6-4efc-8b6e-ff9a181867b5,0.58413627939745,208.77999999999997
bd82bcf4-62bf-485b-a24d-273475db4d20,0.58441520533535,226.78
3c52ca1f-f12e-4427-a904-9c0b8b4dd3f2,0.5854250296335,220.78
e07dfbd0-55de-41bb-a6d9-3c0725c7cabd,0.5860304514201,150.78
50a4707a-b11b-41db-a7ee-aacbc5bde1ad,0.5856358647388,187.78
4fe28b3a-18e8-48fe-b574-f2964f2a4c77,0.57794218780435,262.78
03dc4aee-c80c-45ee-868e-bed6db8c5c3d,0.5841536895704,272.78
bbb6c8c9-59f8-47bd-b5c5-6a68815c4c9b,0.5845544292701,237.77999999999997
01d90a2b-f59f-49e9-97d5-6172aad982cd,0.5855918407531,260.78000000000003
52afcae8-d977-440a-9164-ba69bd20b4a0,0.58426847014545,250.78000000000003
0adf1344-1722-440d-8e6d-7a5a5eda86f5,0.58155247330665,306.78
20baf771-96b3-4398-b110-89afca7ae57d,0.58570481700385,134.77999999999997
2eafdcf0-c792-4571-a070-8bceeef036a4,0.5838284408911,254.77999999999997
b62779a1-019c-4023-aa6f-9fbf396fcb4c,0.58246801055285,239.78
debce93f-4165-46d8-a00e-efb35f62033c,0.5828014057349,229.77999999999997
d0795543-71f1-409b-87dc-ff579e1478cc,0.5857952276099,197.77999999999997
ddab35d4-b676-436d-b740-c6d4822aff6e,0.58413627939745,208.77999999999997
eda649af-5748-44c2-b555-76dfc1fff1f1,0.584679826177,249.78000000000003
35f45899-6e27-4132-8444-99b326e084f0,0.5854250296335,220.78
3ce00459-22a5-40c4-a5be-d8826c006e6e,0.5860304514201,150.78
1bd4ee4e-3fcb-443b-a4de-0ea4496e95fc,0.5856358647388,187.78
0e4563ce-b9e9-4b1c-bf81-2689e9cd6712,0.5846628563182,239.78
2dcc954b-b710-4d97-b6dd-0e73a0b546f2,0.58728133353635,224.77999999999997
02252aa2-1820-40c2-ad94-f732541a9167,0.5838401380645,253.78
d665966d-bd83-4d96-a4c4-e4de1a1e31cd,0.5852349296741,271.78000000000003
8b92d056-1048-4b35-9aa3-04bf17b2e277,0.58568018124185,211.78
e6199b8c-2aef-4a62-b2b6-b96e14c31e76,0.5838401380645,253.78
3d788432-92bc-4b66-b84d-0adbf238d7c1,0.58570481700385,134.77999999999997
d07fd794-9d41-48ef-90ae-bc5634220431,0.5831781485119,227.77999999999997
13b66fc0-68a6-4ee0-87ca-69c7e456e88b,0.58252676819955,202.77999999999997
f8f7c690-4363-4466-abbb-ffcf161f4495,0.58226348602185,268.78000000000003
0d09c9a6-d5cb-4b0e-864c-3ace800f36ac,0.5849248433395,244.77999999999997
0da822fb-da45-441d-9fd4-069a9ac2035d,0.5818481893928,222.78
d27743ff-2e6b-4d91-9a19-78d151e71eec,0.584532767628,280.78000000000003
6647c701-6603-4bbf-a624-741b24b03554,0.58332432805815,296.78000000000003
6f96a11a-4ac8-4749-8503-f9fdcbf9dd43,0.5860304514201,150.78
2da6b78d-4b66-4944-b894-cfa787d96c07,0.58437573582025,191.77999999999997
91409ce9-fb9a-4c68-8def-a7ac96208d15,0.58376640366915,225.77999999999997
d051c8c8-8f71-404d-a72d-e23155843102,0.58441177042385,291.78
e8d1656c-0996-4bce-bfdb-1ac26173681b,0.58499506986675,259.78
a1df60bd-0556-449f-a0b8-d6cc0f5caa12,0.58427089189375,205.77999999999997
a510de2c-258c-4f46-807e-f6f6de258b32,0.5833106353904,251.77999999999997
193a3862-7abe-416a-bb6d-b3b4a0b80b6f,0.58635892886785,235.78
fff16cf7-245c-4c8e-852c-9290bb9a6022,0.58570481700385,134.77999999999997
246f0fab-b15f-45de-ba36-bff5d7dd5df4,0.5820845029409,219.77999999999997
78ca6aea-f43e-49ac-bb8e-3c80bcf7c356,0.58252676819955,202.77999999999997
4c32d9fe-d138-4b8b-b09b-53a116f674e4,0.58654762356855,257.78000000000003
b284ac04-819f-45af-a16d-6d4ec46edebe,0.5852370638356,223.78
bd279c22-c835-44cb-b0aa-3aedfe609c77,0.5824380311843,238.78
0c196dbe-489b-4a0b-b45e-1d9c77afac7c,0.58533671639205,254.77999999999997
cd57a330-b739-4698-aaa1-1138f3b553f5,0.58315158365375,220.77999999999997
c021f28c-aace-4399-87d6-44fa53502812,0.5860304514201,150.78
250978d5-61e6-45c4-8c6d-821c944492c0,0.58437573582025,191.77999999999997
275a5605-c63a-40e2-90df-be2f13c9b829,0.58226348602185,268.78000000000003
fbbc1e64-52e3-4cfe-bd52-d207a5c4737d,0.58738097099165,231.77999999999997
ef7fe591-88ca-48a6-a11b-e4d227ad3eac,0.58631271667195,289.78
303e000f-4dab-4b77-b4f7-c637f71ac8c6,0.58427089189375,205.77999999999997
5e072c07-c41f-443a-907e-28babf247421,0.5849997506546,222.77999999999997
6dcfff58-610d-490f-8031-79966328d2e3,0.5811301130415,260.78000000000003
8798ef65-b4ed-49d6-b5ae-795f5a581e85,0.58570481700385,134.77999999999997
3e77f132-aac4-4820-824b-d2358adc738e,0.5820845029409,219.77999999999997
c0a62f29-9e9f-46bb-9494-86377d0570f7,0.58536069917815,259.78
846cc834-28e8-41e7-9c31-2310a76667e2,0.5879580644308,230.78
f45aa9b3-729e-4724-8f8c-748370b325d0,0.5818565974376,248.77999999999997
57243af3-9989-4730-8690-31c257850bdd,0.5881614795345,265.78000000000003
a4320558-167a-4830-b4e8-6ff2118c5a64,0.58122166862405,221.77999999999997
6d1ac9ce-86ce-4bf0-ad07-7555000fe56c,0.5822096326115,265.78000000000003
973c6a4f-a5bd-4627-836c-fbd060d565ec,0.5860304514201,150.78
95419822-e63f-4b80-a9a4-c87d164ba4fc,0.58487953993955,212.77999999999997
5846f41f-acbc-4c94-b9fb-be50b9c85162,0.5881957457979,250.78
0a63a0a2-823a-45e3-a78c-6979b8bf8a32,0.5842720731739,240.78
c397dd1e-8a83-47a5-9e7e-f32e69da6741,0.5861159327703,232.77999999999997
6ee7f32b-97fe-4c47-b7eb-33656ee21fb0,0.58697294382145,245.78
588748c0-8077-4ba8-839a-184bca87a2ec,0.5824240202494,190.78
5fddedd8-2879-45e1-8e1f-06752d21c895,0.58317526498005,229.77999999999997
68796d4f-4549-42b9-8570-a129668b388a,0.58570481700385,134.77999999999997
880580eb-c867-4bd9-bdbd-2d3f42c79519,0.5863473091041,196.77999999999997
be0bdd50-2f6f-47ac-9b63-c11bb5bb131f,0.58503850023385,263.78
77373805-7e9a-4305-967a-e7a5b922e4ac,0.58278426124895,256.78
1cc9c119-3e5e-415a-8efc-04261f2a090b,0.58536069917815,259.78
99265f34-f6f9-425f-8bde-74da591626cb,0.58448773252735,248.77999999999997
eae14854-ce77-4413-bdaf-7dbf0d89ab51,0.58122166862405,221.77999999999997
8df185a9-3c0c-400e-8b10-ce405416d5f6,0.5825639982245,241.77999999999997
f224a005-b101-4809-8899-4e09b6167deb,0.5860304514201,150.78
e1063ade-3514-4459-9fa0-c681b9be7c6e,0.58487953993955,212.77999999999997
0602220f-64de-4776-b72b-3072dc45d9e7,0.5851338704782,243.77999999999997
6237bdfb-100e-41c9-bcab-65cad5de83bf,0.58195200750065,286.78
5c4a2653-ecfe-4340-92d7-31d98ea31048,0.5834942149242,246.78000000000003
ad182908-9a34-4ecd-8e27-62ed2310a745,0.5844890334527,283.78
b6391525-9fdc-4d9c-a1e2-81177f1e2d01,0.5824240202494,190.78
57afb8d8-0dc4-4968-bd27-9411057a2c5f,0.5848596401373,249.77999999999997
e847fd1d-10e9-411a-9739-b061785b30ef,0.58570481700385,134.77999999999997
065656b3-968a-4be1-a6a3-f04ab12c3bc5,0.5863473091041,196.77999999999997
6faaa4c7-6a8c-4a81-857e-3f9e5c972fdf,0.5845108174496,251.77999999999997
d09a3d99-6e8c-463d-a9df-fc47f457edfe,0.58680907066155,239.77999999999997
0f09744a-83b4-43c5-991a-5a3d4dbf98b3,0.58312479695325,273.78
05cb4bfb-29eb-4740-9f26-53017ff35024,0.58295809142615,213.77999999999997
1f7b708d-1efb-4313-b3ba-7b96663f5b1f,0.583757117172,246.78000000000003
2e58bf06-5a82-4693-bd8e-6a2bb34be625,0.58098628398525,269.78000000000003
7faf6742-599b-4764-8498-8b6737ce54b5,0.5860304514201,150.78
261fe28b-0ccd-46a8-b804-60fb9ab121ca,0.58364522170775,256.78
cfc5e3e9-bc82-48c9-93f5-3cfdf838073a,0.58429717473605,231.78
d419f0ba-1a36-4f7c-8882-61780685240b,0.5840268189358,224.77999999999997
6fb7334d-462c-4940-81b8-2cbbb10681b8,0.58459032413765,198.78
886909c2-93ff-4672-a7ae-7246cf5a7ad9,0.58251913919815,260.78
36dd0895-a654-4757-aefb-ead3703abd99,0.5838905704364,244.77999999999997
0b232c24-b0e6-45ff-abd2-72ba02eefcff,0.5847478170581,232.77999999999997
6d8fdd65-b165-4785-8fc1-99f33f13dd8d,0.58570481700385,134.77999999999997
6329ee9f-0299-4f72-a049-55b1ec90e8f5,0.58466706968715,209.77999999999997
