SimulationID,AdjustedLatency,AdjustedNetworkCost
61d5871b-36b5-4a38-8fa0-28ffc1ec6284,0.5857117508517,216.77999999999997
34f51063-a659-4b73-82b1-9f56d939985e,0.58477662188355,214.77999999999997
94c4865f-0888-4db1-a893-6ed32ce8f289,0.58749995992455,210.78
c0e709aa-585a-4bb8-b1c4-9d35fef1634a,0.5842579251996,261.78000000000003
131b2406-c388-48bc-b43e-0308bcc2276f,0.5826258080677,261.78000000000003
438a82ed-aafb-44dc-a549-ad0f93444ce0,0.5859799389843,198.77999999999997
fce60b55-df33-4605-afb0-3985758f9996,0.58426509866725,236.77999999999997
ee96050e-e106-4ded-bbb3-d96098c75992,0.58488432937445,222.77999999999997
41ad083d-32d7-4cdd-b1a9-26d2fcf641f3,0.58982656606705,259.78000000000003
c0b59302-fcab-4b6d-9d0d-9a8fcd0d69cd,0.58456509208725,232.78
6b518779-9e13-483e-a2cc-09261d6c964b,0.58280672691325,202.78
17b9a051-54b0-4932-94a7-979c17a71ac7,0.5824437633783,273.78
2f3bdfe3-78ab-4a51-a4a2-d84684f2e8b4,0.58254687670465,256.78000000000003
3dde5498-09ba-42fc-a6e5-580940a7e3dc,0.58626201893985,225.78
4a0d9459-0768-42cb-9854-a7723068707e,0.5860450026072,207.77999999999997
0d62d682-acec-41d6-9ea9-548f096596f3,0.5845129139316,238.77999999999997
77b9408d-a835-4067-af70-c9d473c5066a,0.5857117508517,216.77999999999997
0b67ad79-a216-4b46-ae05-5600bc16f0ee,0.58477662188355,214.77999999999997
306ce989-a416-41f6-9daa-9ba7f3aa6a59,0.58749995992455,210.78
8bc652a7-b85d-4b57-bc78-eacf52f846d7,0.58527097245775,192.78
816c851b-f859-427b-820c-d13652b07904,0.5853257175522,234.77999999999997
f208cfdf-69f6-48cf-af26-cf984509940e,0.5859799389843,198.77999999999997
79c9c5df-ab7b-4217-afe2-8ef95d1b4377,0.5877374521956,203.77999999999997
0b0eb6a4-903b-4a00-8d21-88daf941f407,0.5826258080677,261.78000000000003
e2a137d4-5680-4373-9610-f1790f083110,0.5857117508517,216.77999999999997
952dbffc-cddc-4e56-8459-e9198ca0eb77,0.5857117508517,216.77999999999997
45dc1a8a-e351-4564-b733-59848eafe45c,0.58280672691325,202.78
25bea21e-9028-437e-b137-817f653828ce,0.58431969669625,216.77999999999997
cd07a949-1475-43e0-9f01-ad64ca4cb2e3,0.5841264656703,265.78000000000003
4c2371a7-2e4c-4dc6-8bf0-32dcd86620b0,0.58548305971055,247.77999999999997
eb30ca19-2f26-4b6b-95e8-9e4414882517,0.5860450026072,207.77999999999997
41bc7eae-e593-435e-a9f2-c034283b8b4a,0.58401815373125,216.77999999999997
c9c93d93-c2ab-4f8e-a022-60d74b9a71e5,0.5880840693845,191.77999999999997
6d8318f1-e105-4120-86a1-fe6d4a0892e8,0.00192406443305055,203.77999999999997
af89f564-485e-4b71-9059-b9be4825c2b8,0.5861422694289,188.77999999999997
3089919c-ada2-4e1b-8aa4-da19f2bf031d,0.58527097245775,192.78
9a99f5ae-c872-47f3-8fe4-bbf0c6a64270,0.58358751020735,188.77999999999997
d9d8c1e7-a3e4-4a61-966b-a67ef839b83b,0.5859799389843,198.77999999999997
436534bc-a9b7-4781-9c4c-bb757fd54d58,0.00214828980816305,183.77999999999997
a5d80b9c-d84b-476d-ab0e-285cb0ff5c8f,0.58489291805585,191.77999999999997
347f8c54-aa4e-4c5a-b33c-5b17daa3d461,0.5840430589492,185.77999999999997
1c4f9a72-0705-4c1d-bfd4-5fe3d3c87716,0.583040799167,185.77999999999997
139d31c7-e664-474b-b59a-4b9f72db0b3c,0.5826920823003,188.77999999999997
671dc6de-49f5-4687-9eeb-72174cea246d,0.58439508088535,191.77999999999997
18f094f8-d95b-4be2-9e50-358a6889de67,0.583737947591,179.77999999999997
15694878-ea96-4e90-9fd9-d27c6b578f74,0.002128623077625,191.77999999999997
c57d5f09-019f-4531-96b1-7f3456e884e9,0.0019258978607687,198.77999999999997
60477096-dd7b-4be5-a896-da38cd370a9b,0.0019870970992345,203.77999999999997
97bad754-4969-44c5-a9e9-ee1c208be71e,0.58317511656125,182.77999999999997
281f5849-3d46-4155-94f6-b99a0c1146f8,0.00192406443305055,203.77999999999997
36bcccb4-3d51-4e5a-8322-c58373e01a08,0.58527097245775,192.78
c2d9c259-fd74-4376-b42a-57f4a8c9701f,0.58358751020735,188.77999999999997
e17fa327-eb05-43c7-ac2a-4a8f9d9c3baf,0.58166006030655,188.77999999999997
4633e56e-8ce4-4f19-a01e-086b50923108,0.0019268437987404,203.77999999999997
1d42ed03-56f1-4bdf-a8cf-f5190dcd67ca,0.00214828980816305,183.77999999999997
11372359-4947-4bc7-98a7-8552feee7c94,0.58387181125795,174.77999999999997
156ac6e3-c7e6-4c7a-b2e1-ea8eb22ebec4,0.58308463982545,183.77999999999997
233302e5-38a8-4383-99f5-97a64006fb77,0.00192406443305055,203.77999999999997
400ce753-9573-45d6-bf46-7a3ee5d0cec3,0.58227762804835,194.77999999999997
932bedf6-5c5e-41b5-ba02-9f42997d0738,0.0019714420729,200.77999999999997
b3f95d61-5cb4-4348-92a2-b67a7911aeb9,0.583737947591,179.77999999999997
c793da99-9a27-4bf2-bb23-5b4191290c98,0.002128623077625,191.77999999999997
8551d35c-5e4a-4a14-9728-fed2b7d16cf3,0.0019258978607687,198.77999999999997
de15fa6f-259b-4f30-a6f7-21822677038f,0.0019870970992345,203.77999999999997
64d73dfb-3f27-4fcb-8c0a-c28e1d015135,0.00226972821287605,180.77999999999997
a51a935f-8ba3-4d65-90ab-94b81fb40496,0.00233348643956045,177.77999999999997
ebe74d22-55e0-4932-a011-c34886b1e11d,0.0017972993514483,204.77999999999997
a857897f-3883-4213-bec2-1473ccead7fb,0.0017715212911089,207.77999999999997
54225c2f-e744-4177-b034-533ff0f5d6bb,0.002449419835284,168.77999999999997
7044c149-07b5-4bbe-8a74-a62bd8d5fffd,0.00218329612718445,186.77999999999997
4d70d6ee-57f8-49d6-b2cf-be6b95d3b851,0.00214828980816305,183.77999999999997
537462e5-9bd5-4f4f-92c5-7516e8030bdb,0.00199311434957355,195.77999999999997
b400211f-e833-4d59-a12b-263631e3c91b,0.0021876117519203,186.77999999999997
3224917e-3690-4236-95c7-beb6fddb349b,0.00247278823255855,168.77999999999997
be40cdd8-0fd0-4efd-850d-0a152ae47400,0.0022137955291702,183.77999999999997
339d1f8a-e897-460a-9dff-10093b238b1d,0.00177928946514495,210.77999999999997
7e82301a-1f29-4fe8-9a03-04033f0017c0,0.00170505359457895,210.77999999999997
0d545129-73f0-44f8-8914-094cd1cdc52a,0.002128623077625,191.77999999999997
97861c8c-0498-469f-ab30-62d28df323df,0.0019205979989661,195.77999999999997
a7c9103e-f5e3-4cf4-99b8-d4daa8c5084f,0.00193408833753605,195.77999999999997
d5b235df-1a85-47a1-b3c5-e64f19a2a84b,0.00226972821287605,180.77999999999997
b99bdbf8-d61b-4efc-9dc1-d4a7da7c2fff,0.00233348643956045,177.77999999999997
d5770806-0509-470d-97a0-90b4059e05a9,0.00234764159110715,177.77999999999997
40fe59be-8d51-4fa3-aa2c-6d0936bc0204,0.0020871354592653,189.77999999999997
ed7a466c-122a-42cb-8637-46873c4e2408,0.002449419835284,168.77999999999997
b29b78f1-c32b-4680-831d-03eab5bf8ace,0.00202092086533335,192.77999999999997
1d2c17d8-eea7-496b-af9f-bda2adc28eba,0.00214828980816305,183.77999999999997
3e1cfde7-078a-4fcb-a220-b1a970729cf8,0.00226972821287605,180.77999999999997
c5bb6434-bb22-42ec-ae9b-3937615ef7a3,0.0017972993514483,204.77999999999997
2697379c-08c3-4240-86a3-7de3753a33b8,0.00247278823255855,168.77999999999997
40dfd232-3c88-44d4-8b7b-3949ceb454b5,0.0022137955291702,183.77999999999997
6139faf3-2b46-43af-b4ac-56f1776a83c4,0.0021203933957897,186.77999999999997
f5b8ba3f-119a-464b-aba7-c859ab895d3e,0.00210818855323775,189.77999999999997
02b41657-ff8c-4d18-8b12-36b98f2ed6e6,0.00226972821287605,180.77999999999997
ee8aee34-c830-4973-a60d-354a34b96e7e,0.00228211725517355,180.77999999999997
a752bfcd-c0d6-417f-bf1c-0c17ee7b8623,0.00191746508589795,201.77999999999997
685aea31-2ba2-4b45-b4cb-219698167a4d,0.00197127910998015,195.77999999999997
86620c7a-8b42-4a6e-a5f1-7ebbf8ae1923,0.00256430496409535,168.77999999999997
80565e14-b6ff-4844-b3ac-2b2f0e37fd10,0.0018846195976146,201.77999999999997
35d26713-1607-4dcd-94ad-c638b9d20bee,0.0021518599027652,189.77999999999997
bfd3a482-2b59-4502-b6c9-5715ef43f7ee,0.002449419835284,168.77999999999997
3386108c-02e4-4654-b8e4-04205dc44ecb,0.00211255244007565,189.77999999999997
a10866ef-c647-4514-a8db-015df74bd886,0.0023324169000685,174.77999999999997
d23a6ad1-36eb-4982-85e9-0047602eb847,0.00212277620688975,189.77999999999997
84c70ba5-881e-48cf-9469-814d8285e4aa,0.00193259507566,198.77999999999997
8db3002e-6e78-45c3-a23d-debd16cad7d1,0.00247278823255855,168.77999999999997
9263717f-b80b-40e2-a92c-8c262d745d9e,0.0020456635826919,192.77999999999997
ee7e8c0f-b411-46d6-867a-f93a518503e3,0.00186626933824605,201.77999999999997
390e5e7f-2c44-4ae3-bc0b-2f975f48dd59,0.0021598357799963,189.77999999999997
a3976726-5ef9-4e99-8ca1-8fd1b6fb5156,0.0020044885520825,192.77999999999997
68c1b996-3d3a-4487-955a-5ff1a20214bd,0.0023858304412742,177.77999999999997
297c5961-7629-49d2-8df4-7c24a257ab55,0.00198314146659795,192.77999999999997
de4052b4-ab5b-4dc6-a29a-dd10808f80f6,0.002251818508712,180.77999999999997
68e8fdca-17e4-4a08-85b0-6e8f697dbe1e,0.00256430496409535,168.77999999999997
1756acf7-4abb-4499-9561-4fbb5587c4ff,0.00218647629074,186.77999999999997
e7b0a76d-8b61-4fc8-9482-e065c59b05cd,0.00256430496409535,168.77999999999997
e06465a0-e6fd-4247-a598-44326b5fb886,0.002449419835284,168.77999999999997
394aef65-f11c-4320-bf87-66f77df86473,0.00211255244007565,189.77999999999997
d0e98ce8-3942-4629-9835-1ae0f55bcdb2,0.0023324169000685,174.77999999999997
22d6a48a-2db2-4f1a-8191-78a3328535af,0.0018846195976146,201.77999999999997
09f85b2f-8a80-4f31-aa04-204d1c1d31d3,0.002449419835284,168.77999999999997
93332908-e45b-4589-84bc-372561e39ed6,0.00247278823255855,168.77999999999997
cf0f5893-4917-4b07-a5e0-ddde280675d6,0.00256430496409535,168.77999999999997
b8c7b5bb-63a4-49e4-a0f4-1904768c17ec,0.0022815332446855,177.77999999999997
c82c07a7-089f-4a0d-a65d-6603eca4238f,0.00212004318989875,192.77999999999997
205dbca4-8ac1-46f0-af55-11e8d3aa2242,0.00236968042997475,174.77999999999997
8eb5ec64-48eb-49dd-919f-cbf14add454d,0.0023858304412742,177.77999999999997
7d7edf48-d4c6-4b08-bdae-248a6b3b1039,0.00177319140565815,207.77999999999997
b9b07000-04d2-4275-9fa7-0344af662139,0.00223688130342235,177.77999999999997
3d8af1dd-f23b-4cff-a500-07bf4b8fc483,0.00200271598234585,195.77999999999997
0743a5a6-e12a-44bc-8ba1-18e66eefe34f,0.0022689931415413,183.77999999999997
489b3f3e-cd31-4733-9c0b-04c608a491ce,0.00229584042312385,177.77999999999997
6a4e7cc7-cdd0-4a6c-86a5-7cad3fc50d8b,0.002449419835284,168.77999999999997
501275bb-5b2d-4a53-93b0-ebae750b73d2,0.0019225224173113,195.77999999999997
1a216124-9c7d-4b59-aca3-16891c406588,0.00201105067384585,195.77999999999997
ce61a6ed-0521-459a-b492-ddc64f132371,0.00217847344571035,186.77999999999997
a8b773d2-7c75-4296-af75-f7d3ae70e2df,0.002449419835284,168.77999999999997
bbf1b709-c9ce-4ded-95ae-c50144061ea1,0.0020159009054361,195.77999999999997
59861c91-e402-44d7-9d2e-5505eb9df03f,0.00211531039166455,186.77999999999997
ede36df0-6105-4f13-89e1-4fe653b793ac,0.0024224522337876,171.77999999999997
d8ea0b10-a467-4a7f-af92-f19f3a8d484e,0.00202444026357035,195.77999999999997
dc3afbd6-b856-4817-bf9f-6a60b90cfaf2,0.0019064283526627,198.77999999999997
b08f299b-71a4-4e1d-b0c9-789d60c6d038,0.0022096934143941,183.77999999999997
63dc0770-a568-47fd-82c4-c426466eb7e5,0.00205804500589145,189.77999999999997
b9fe982d-3400-4608-9e66-e4927140ac5e,0.00223688130342235,177.77999999999997
865388c5-f9f4-4215-8b04-6209d80aba33,0.00223688130342235,177.77999999999997
3b3ab1f8-e911-464e-99a2-53d4a0960a5b,0.0021652368898397,189.77999999999997
4e4766c8-927b-4f8d-8447-90295bb36f4b,0.00229584042312385,177.77999999999997
be2605e8-6be1-48ba-b92a-6542e4eb656b,0.002449419835284,168.77999999999997
d0f6f35f-3e66-440d-820d-fe0bd2138215,0.00185014777460675,198.77999999999997
964ebc0a-fa96-404e-9364-fc8b32c244cd,0.0021558407499394,183.77999999999997
fe7c499c-b0a5-4a33-9b2e-6f4ce0dee5e7,0.00220540238455265,183.77999999999997
00adb2fc-234e-4e3b-833b-7df60e760396,0.002449419835284,168.77999999999997
410ccd88-a1cf-48ce-8c85-c995e0a00c3d,0.00225339310755265,180.77999999999997
5e65256d-01d6-4be4-9877-70710f1106f3,0.002484753020513,165.77999999999997
5dd69376-148d-43b3-91ea-2e1be674d9ac,0.0024224522337876,171.77999999999997
c78bde02-ed2e-4be8-9250-7095d6862cc2,0.0022073340338342,183.77999999999997
8b78e24b-0de8-4dd6-9b2e-ca8aacea75ce,0.00200271598234585,195.77999999999997
700fa759-fe98-432a-8471-81054d4dfa59,0.0022096934143941,183.77999999999997
f39b5797-0d39-497e-9844-a09a1c39383b,0.00206812375452185,189.77999999999997
7d1b40a9-aa4d-495d-821f-049c16f07e29,0.0023358302901752,180.77999999999997
00c10d0a-3a34-4a9d-93eb-ea643b7c8a1a,0.00207211486579295,189.77999999999997
b06746c5-00c2-4e8f-bc41-963f28f67f22,0.00235870055049055,177.77999999999997
97b41b0c-dc4b-4215-a124-c6a3fc462fad,0.00232604192704,171.77999999999997
b084616d-49ac-40d0-8292-511b1771406b,0.002449419835284,168.77999999999997
96cb7bf9-bcbc-4627-a005-ed8e2854f440,0.0018930594687647,201.77999999999997
56972186-432a-445a-845c-5dfcdde44e06,0.00221115094831715,183.77999999999997
dcbb3fdb-c667-4d60-a655-309e87567851,0.00177573650898925,207.77999999999997
7aa94405-338e-4472-a76c-1ea991ac783d,0.0023338068736097,177.77999999999997
e448792b-5947-46d7-be6b-27e73f1d5b44,0.00239257521411745,174.77999999999997
ac3dd452-aa4b-4698-94a7-bfb19d89dd71,0.002484753020513,165.77999999999997
35df77f6-cd47-4cb7-8be8-b8cd176dd236,0.00191889674784375,198.77999999999997
533c3ad2-8c3f-4d97-a800-d4c67fbdb517,0.0023041638962447,177.77999999999997
c0d8493a-b07f-4650-8cc9-9684dbb6119d,0.0019703459180692,195.77999999999997
068de08d-e53f-4da7-b742-7af8a9d47c69,0.0020893938400336,192.77999999999997
af60176d-60c9-4bbb-911e-ba6f3cc530ee,0.00232286601402705,174.77999999999997
d68223f6-4a5e-4c91-aa6f-21e0e604618b,0.0021151919445,186.77999999999997
719a1603-bf05-434e-b0da-d4b8f655f404,0.00224039000408065,180.77999999999997
640864d3-a39e-4eb3-a5aa-73ddcbca3ef7,0.002361827063716,174.77999999999997
2ffcd74e-5a54-4371-9c4d-993578da9919,0.00232604192704,171.77999999999997
b9f4db6b-4d57-4db6-bac8-8e0b7058cf49,0.002449419835284,168.77999999999997
a682a931-f3b0-4512-9cb0-1068ba317b2b,0.00222949967024505,183.77999999999997
fb499384-d227-4f93-8d10-b00e15757952,0.00241467996589515,174.77999999999997
05fa930d-6130-454a-ab06-09f0c9f96076,0.0024144458541802,171.77999999999997
3b7afb74-c0ec-4264-a01a-82fd16c64432,0.0024267930694196,168.78
8d3e4573-e9ce-457d-9029-d22c70306428,0.00239257521411745,174.77999999999997
0f828186-4c1f-4b30-be58-4d12b082cc89,0.002484753020513,165.77999999999997
372aaa07-01d3-4508-82f5-7e2786df7637,0.0024496517137905,174.77999999999997
cd09bf91-ec77-4389-8505-4fa526f0e93c,0.0023041638962447,177.77999999999997
9fc90217-c797-4082-b248-4572fc12d526,0.00207211486579295,189.77999999999997
bc419af6-4d82-4fbf-81a2-1a078ed51f90,0.00207211486579295,189.77999999999997
18cd8544-427d-4769-89f7-94bccc22cad5,0.00232286601402705,174.77999999999997
2b2c8c20-b8c2-4b4c-802a-9dbdc2ae656e,0.0023174557025974,180.77999999999997
a3202faf-501d-413f-8766-1bfbe3d3821a,0.00202567430551665,192.77999999999997
4f9962f5-3fd8-4b21-8315-a7773b8ae790,0.0022985904694125,174.78
5338e54f-e5a0-41af-862c-e1887c0a273d,0.00231936448810925,177.77999999999997
da35ce0c-6fc6-45f1-9fde-da024e619bc8,0.0019134359556869,198.77999999999997
9d0dd3e3-c0a5-4ea8-981b-40620fed4e45,0.0018077624160117,204.77999999999997
08977e0e-e2d4-4d88-ae66-e6d0bf699b40,0.0019835513348832,195.77999999999997
e014a48a-213b-4c7a-ac63-1edbd227962f,0.00217024486209655,189.77999999999997
e049271f-497f-4b4d-b9a8-36247c206298,0.0024267930694196,168.78
04c08c32-fe2b-41b4-9da7-6d930c197ff7,0.0023581439251316,177.77999999999997
b74d999b-04a3-438c-bf4f-89c731f31ec3,0.002484753020513,165.77999999999997
e99cc956-ada6-41b1-9a82-f0ff055efa53,0.00200232057971025,195.77999999999997
0f5d7c87-5713-4b3a-9840-7b72b4d96c6d,0.0021503449913856,183.77999999999997
5274040a-ccb7-4a1b-a121-aefd50a7af74,0.00225848510277705,183.77999999999997
b410c390-9092-4db4-8aeb-23bc75c3a991,0.0022225667400265,186.77999999999997
1d7de86b-1722-474f-9abb-87474c31a56a,0.00216062272809225,186.77999999999997
68e50228-3745-4da0-9491-3f45f484e063,0.0023174557025974,180.77999999999997
f5b8b7ad-dfe1-4228-a591-a6910c832f2a,0.00202567430551665,192.77999999999997
812ac1fc-20b7-4b08-ae23-e2f8ee97f33c,0.0022985904694125,174.78
7dfbf91d-41ed-4a78-8178-47aa94f83f5f,0.00231936448810925,177.77999999999997
d1ca8bfa-312f-4e62-9f85-9b0e80cc8f21,0.0021276945416421,186.77999999999997
7de79c7a-fd02-427a-b1a4-e830e28434e6,0.00212306932558425,189.77999999999997
b302de72-88cd-49cc-a756-5648d8cbb07e,0.0021878880413693,186.77999999999997
5ab5f04a-3a5c-48b6-8740-0f171077e158,0.0023761809908011,174.77999999999997
f273ea42-7e9f-468a-a0fa-9fbfa5e535c3,0.0024267930694196,168.78
4e08cdac-e2f6-4941-85f4-f66d99917d31,0.0023581439251316,177.77999999999997
4710178f-c55c-40ce-97dd-c1f5055dccf5,0.002484753020513,165.77999999999997
a34cd62f-8e93-445d-977f-374a4251c499,0.00203704267930535,192.77999999999997
e42ea9d2-a1dc-48af-b603-087e8f63ea2e,0.00231936448810925,177.77999999999997
692df916-be36-4852-8552-b0992613fee2,0.0021735177829722,180.77999999999997
32ae51b9-c052-4df7-93f6-ab4fa383c00e,0.0021286487574669,189.77999999999997
1b390e21-c976-4566-852f-4bdfb60cd7e6,0.00191690678190305,201.77999999999997
c3a1398a-394f-4627-911c-82bfcce738b3,0.0021123177212345,189.77999999999997
8a6e456e-87d6-482f-952b-d7f0f22a3683,0.00224392106391475,180.77999999999997
127c11bc-8d1b-479c-9a8f-ab3d6ca4d280,0.00244890180117545,171.77999999999997
e31f4504-88a6-4ea2-9abd-cbd2b4c086ad,0.0017567614985682,207.77999999999997
db512de0-12fd-40b6-8730-829656ecf1da,0.0022025187624005,186.77999999999997
56a83e5b-0559-40b8-9178-54f1d9a86d6b,0.00206959108380075,192.77999999999997
ad540184-60aa-427f-a386-1338fc101657,0.0020778396535486,186.77999999999997
83bb9555-bbe8-429c-a94b-6df17a4703da,0.00222323899047785,183.77999999999997
29e4bc8d-ab7f-43f2-bf81-45edd5b62364,0.0024267930694196,168.78
c6c97708-cc06-4ebb-bb18-3f2de38e3177,0.00190742900891595,201.77999999999997
009aeb24-7bdc-48ca-a103-ce68b07b280d,0.002484753020513,165.77999999999997
61902acf-57d5-4862-9bcb-ecdcac1f877f,0.0020191036440625,192.77999999999997
717183f0-c319-4bec-9d74-1c1ecd8421fc,0.0021273484167862,186.77999999999997
3b310341-febd-4cd4-b842-9cde9ae4ea86,0.00193354799765215,195.77999999999997
84ba656d-a420-49be-a0b3-8141ceef1aeb,0.00227784553808175,180.78
8f011c0e-8909-49ea-a3c9-819204f31459,0.00207393208351155,192.77999999999997
354d8b21-2e7f-4ef3-9762-b0eac25df48e,0.00219557804144405,183.78
12de08e4-7b95-40cf-8a0c-3c65689b104b,0.00224392106391475,180.77999999999997
339c0235-4b84-4f5c-bfd5-35881bf7f9a7,0.00244890180117545,171.77999999999997
e8b0d1e8-d67f-4604-a866-8ff054888339,0.00206832526565235,186.77999999999997
a8763d29-8546-46ff-979e-039e0dd232a3,0.00204988485298075,192.77999999999997
dca396bd-9276-4da1-89c3-c11666238697,0.00224392106391475,180.77999999999997
feaa270a-49de-422c-9f19-8577cbb879e9,0.00244890180117545,171.77999999999997
4bb27af4-896a-4344-9ce0-e7473b1118df,0.00222323899047785,183.77999999999997
999aba96-1838-4de3-b580-a00baa9c2da5,0.0024267930694196,168.78
6c273a2c-d5f8-4329-a8c9-7720f211026f,0.00185992187700955,201.77999999999997
1d56e324-f4b2-4c99-9d03-fc7dbc025f3c,0.002484753020513,165.77999999999997
fcf596a0-9ad3-4cc5-afee-e5cb47d3eb01,0.00191299123166885,198.77999999999997
2c6caf12-a6a5-4da8-a2ee-0b48b296f227,0.0022020195116157,186.77999999999997
c5b725d6-9e0c-45d8-9cf1-bf631191b79e,0.002215255088343,183.77999999999997
b0412259-bf9c-442a-a1cf-4430e8f7b8a3,0.00227784553808175,180.78
ca63e3ce-1310-4b7b-a977-1edd5f55732d,0.00244890180117545,171.77999999999997
41a35d2a-3539-4fa3-bc48-9793ddba4ec4,0.0023539739281289,174.77999999999997
86aa02ee-44d3-4669-844d-a9ea1871e0d5,0.00219042017509195,180.77999999999997
140d8d05-51cc-4a02-9a4b-523a154828b8,0.0022517252932417,183.77999999999997
f8869edc-f6f8-472e-85bc-1b83e5da2372,0.00193921073533335,198.77999999999997
ec6c20b0-fac3-422d-b567-b80af7c9e3a7,0.00227802009535455,180.77999999999997
0ddd5feb-10d0-4871-9a7e-942f89a79b34,0.00207724015006475,192.77999999999997
339d0d2b-c37a-4303-9859-d77f5ca7d33b,0.00175943334876575,207.77999999999997
b145750b-370e-4213-b6bd-d24978d0f236,0.00228214190557425,177.77999999999997
881c1270-bcc9-4af2-afe4-45db5b360d95,0.0024267930694196,168.78
b8aa262d-f036-45ee-8dac-599965e28715,0.0021282711887,186.77999999999997
fda3794d-64a1-41d8-ba98-c9f103708ba8,0.002484753020513,165.77999999999997
bb38cf28-af9f-4790-aa94-751c75b58577,0.0020891066380595,192.77999999999997
148b37a9-dd26-4fbc-aeef-2272010baa79,0.0021882518246698,183.77999999999997
d2cfc698-d44b-4804-9f35-dab6ad74becd,0.0021878880413693,186.77999999999997
3ec0abc9-18e6-49ff-b86f-018224b0d899,0.00217055633319405,183.77999999999997
57ce0b8f-dab4-434c-bff3-239f6f3f41ac,0.0018256454980551,204.77999999999997
2b65419d-496c-40df-ae48-c0733f4c5a1c,0.0023539739281289,174.77999999999997
604ad68a-cdee-4624-bbb2-b8cd1d1548c2,0.00219042017509195,180.77999999999997
7038d7ec-d1b1-469a-93d8-bb32bc94e6f5,0.00224770373488,183.77999999999997
7ec5f4c1-99eb-42e3-9520-fb25737cd58b,0.0022756829255042,180.77999999999997
9537626a-8250-4334-a307-ef52b3b65e9a,0.00227802009535455,180.77999999999997
71e17763-7a38-4252-8482-7b194b667c74,0.0023539739281289,174.77999999999997
0cf2e1fe-44fb-40ad-a651-960ce4c3a817,0.0021586850767558,186.77999999999997
615de3f4-632a-447a-a680-53500c97cb8e,0.00228214190557425,177.77999999999997
7724d74a-ed41-47cb-817f-55d18abc6d49,0.0024267930694196,168.78
966ee8a3-4600-45de-a150-4807f514e050,0.00207618130510745,189.77999999999997
589dcc1c-0bea-471e-9782-d148d97441f1,0.002484753020513,165.77999999999997
06415f71-da45-42d9-87d6-ad75b653fa60,0.00219042017509195,180.77999999999997
62d3c87e-c19d-4af7-ba47-d9bfb79d58b8,0.00216175275275,186.77999999999997
2bbfbad6-35f1-46fb-b7ad-f763e1a2fd57,0.0022293164963812,180.77999999999997
25a08ff9-97b2-461c-a0a2-666250e3eb85,0.0023274545565347,177.77999999999997
ed6b52d1-7029-4dd6-9252-41ebdf886f00,0.00192218799757665,198.77999999999997
d899b77c-b4ff-4e72-b88c-403d1198dcc2,0.00185920431408265,201.77999999999997
f75adab3-60ab-4c30-bb58-86ecbbccb136,0.00186392412153095,198.77999999999997
fc1076b2-903d-4c7a-81c3-a373072470dc,0.00215577406837605,189.77999999999997
d3b7590f-c801-47bc-a588-aedf376b1fa8,0.0021105031131682,189.77999999999997
dc136d9b-5d22-4f25-83eb-e4566357b007,0.0020066725818821,192.77999999999997
efea6841-d8a6-4d24-a564-b0621dcd762e,0.002387871833315,171.77999999999997
e6b31469-b80e-4520-827e-929ad966a3c8,0.0022851632037875,177.77999999999997
651ae56c-358b-46d9-95c4-754cc4167ef5,0.00226736960015385,180.77999999999997
37289c61-5a44-4e06-92e9-5771383e9e8c,0.0024267930694196,168.78
040f77e7-5cd2-4f00-8813-eeb9e425c239,0.0024155433859816,174.77999999999997
768f6169-7acf-4bfb-9a19-1c7af7616e9a,0.002484753020513,165.77999999999997
447bde04-4296-487e-a3eb-ad91bf898e76,0.0022649083527041,177.77999999999997
ca4c0ffd-b27e-40ef-98bc-2ae2be0e8c2a,0.00222738838200945,186.77999999999997
824bc70a-8da5-45d5-ac06-2a33758bf506,0.0022709608615176,177.77999999999997
0425d7fa-07e1-483f-b544-70a39f26b6f6,0.00196689095301205,195.77999999999997
0aa01f6e-593d-440d-b0fc-56a2c9545220,0.0023500430354701,177.77999999999997
96ccf8f5-1039-4177-a93a-ff067d5d6369,0.00185920431408265,201.77999999999997
63a7d375-c46a-4143-8b6d-4ab5ce89ccfa,0.00220291838240625,183.77999999999997
db70c37e-d9b5-4543-84ab-e43b24c87fc8,0.0020306698937373,189.77999999999997
1e1d6731-469e-42ca-b9d9-4e3a94533ef4,0.00220467725791315,186.77999999999997
856dbb7d-c70b-42d5-bd3b-359cd6ae1eba,0.00192904832059775,198.77999999999997
9e64f752-6489-4104-9935-8c99b6a0146d,0.002387871833315,171.77999999999997
bb50a498-d08f-4786-938c-f3dee53acecf,0.0021039624584753,189.77999999999997
f7b80ba3-331a-4e9c-960d-87e96b65c3ec,0.001941251050528,198.77999999999997
9378ccbc-7e55-43f3-9d57-570a6c381959,0.0024267930694196,168.78
93bd753c-b94c-4e0e-89fa-eb6352990e1a,0.0024155433859816,174.77999999999997
c691008f-26b4-49b9-9e0c-ef3b506cb0bc,0.002484753020513,165.77999999999997
93ff7c24-8f52-40ad-8f8e-692b7eba1992,0.0022649083527041,177.77999999999997
bca88388-0d57-4a1b-b9b5-8e868e653416,0.00186392412153095,198.77999999999997
aaf892f1-bf0d-4644-ad20-7905b93cd82f,0.0022709608615176,177.77999999999997
6dc24aaf-5ac8-4e4a-8d52-9593b30fce00,0.00197127910998015,195.77999999999997
a965acf6-8dde-43f3-9447-410c0261d1ab,0.00215577406837605,189.77999999999997
ae633e7b-0f3d-4199-b01f-fb74942e9b4b,0.0021034888606275,189.77999999999997
3dc90697-9690-45d6-b91c-683970c5efb2,0.0023147253647658,177.77999999999997
46378300-ca05-420e-b071-9720a0e5cf6b,0.0020984232995,189.77999999999997
f46b5547-6eb4-47e7-a860-95c099e78bcb,0.00191632501894285,198.77999999999997
3ac17e37-9c66-4906-84e6-b1850fcd893d,0.0021549833344496,186.77999999999997
cbce4992-2397-4bc6-bce3-387ffbd137da,0.00233775721373775,177.77999999999997
ed976f33-2d73-4dbf-b9a2-031501e82b7b,0.0019649136995729,195.77999999999997
5971bc9d-2820-48f3-83ed-3eae2859dd82,0.00228272336196235,180.77999999999997
701990fc-e0a4-4241-b2a0-fe0d70644293,0.0024267930694196,168.78
a6dd8cde-485f-45af-a821-d5ec525dd88c,0.0020825697377755,192.77999999999997
09e07a1b-9f27-43ed-b744-5a79a4af3161,0.002484753020513,165.77999999999997
1c482404-ae77-47ef-aff2-be4512fb05f4,0.0021391478583631,186.77999999999997
26bb6aa5-58fb-42ba-a31a-9a30593d1ee3,0.001974582614771,195.77999999999997
d256c7a5-179c-45ae-a5f8-96eb6cfd21e2,0.00217527180569015,183.77999999999997
c7e08e5c-303a-4bd4-8da7-023ee88b2f14,0.0020838309083,189.77999999999997
7a944f87-16a0-4ae5-8b3d-cf2b01c3e054,0.002242643092189,180.77999999999997
a4587d97-61c0-417a-8af1-c5a78bc0aef9,0.0021034888606275,189.77999999999997
959c3eb9-7d70-46f8-bfb1-b0f5264287df,0.0023147253647658,177.77999999999997
5b0dc9ee-5589-4f03-ab3c-a7ae5b7b08a6,0.0021034888606275,189.77999999999997
8c5301fa-0f6e-466b-93d4-80f587063283,0.00227459731940875,180.77999999999997
015b645a-455d-45f6-8255-34120797ddf3,0.0021034888606275,189.77999999999997
461dae79-cfaa-4a22-8993-1eff3b596822,0.00233775721373775,177.77999999999997
c39009ca-fd59-4e03-afdf-7439c5518668,0.0021549833344496,186.77999999999997
7b283b2f-d3fa-4131-ade1-73e931df8846,0.00228272336196235,180.77999999999997
afafca12-56bf-43ce-9de5-bfb2bee317d8,0.0024267930694196,168.78
94eff9bd-ef20-4e0a-bdba-7400518f1649,0.002112404272508,189.77999999999997
39e2bfee-4551-4e71-9080-6fc12e9a9021,0.002484753020513,165.77999999999997
1a40949e-b7c7-4485-aece-152e267a2d57,0.00226908741902325,177.77999999999997
f3e0f60e-866f-4bb6-bbc5-a16d360d5b2b,0.00218227739507145,183.77999999999997
f5418022-266c-40d7-9ef4-6e688f4c302b,0.00228247473835515,180.77999999999997
9140099a-bb65-4513-bb3a-f3d66eaa1b21,0.0021507007325357,186.77999999999997
8f5ebed5-1616-4d2b-8d62-8ae24b54cc20,0.002242643092189,180.77999999999997
c0301f9a-ade6-4b78-9f02-9347dd99ffc6,0.0020181606632194,195.77999999999997
b1898ef5-1c5c-4814-8ea0-6831fdc8f3bd,0.00217500134081925,186.77999999999997
440476ac-ae04-469c-920f-63d9df01d0ae,0.00211714840538585,189.77999999999997
a8c66823-0b23-42f9-a115-9afe4e128ba7,0.00197159840741735,195.77999999999997
f160ed2f-98f3-4d16-a737-cb236194e8e3,0.00227865766977825,183.77999999999997
e68cf1d9-ff0d-4c56-8619-4548bf2b183d,0.0023625128917796,180.77999999999997
9af8ab8b-85d7-483e-860e-1212fa4fd43c,0.0021522624803421,183.77999999999997
1da2ec9b-f3d0-4b9a-a572-c83bc4ff2ec8,0.00180080926612925,204.77999999999997
2b7ac755-2e3f-4db6-95a2-3ee3d2a6ba08,0.0024267930694196,168.78
7c6b8eee-4915-4926-a4ca-6f9f34beaeb2,0.00208732350246925,189.77999999999997
8f2f17a1-b43f-46d3-8479-a23e88abae34,0.002484753020513,165.77999999999997
78a9cea1-7018-4f29-b06e-e16af77dee1a,0.00200876529381935,192.77999999999997
ffdac14c-b7fc-4708-8515-66ba626983c1,0.00224443246805805,183.77999999999997
69677bda-f8e5-4eb1-9e57-95f5b6152c3b,0.00210481994665435,189.77999999999997
a9ce908c-edc3-45c4-b0b1-cee22a762675,0.00235007582179485,177.77999999999997
4753af13-f654-4ffe-936b-2a8923c8e8b2,0.00198291224131035,195.77999999999997
a836a9cd-18cc-4b40-b672-e033bcc4b4dd,0.0020181606632194,195.77999999999997
a58e7730-82cb-4d1c-acd9-374fc52ec59a,0.00202238975415625,192.77999999999997
21794f2a-e732-4ae0-a3f1-3b2654936ea8,0.00211714840538585,189.77999999999997
8529f3d0-01ec-41e4-b48d-eeca95f1b91a,0.00211714840538585,189.77999999999997
30930046-f9df-4fc4-bc28-075b0afc26bb,0.00217500134081925,186.77999999999997
0d526c7c-4f94-4cc5-b218-09be5d65c72a,0.0023625128917796,180.77999999999997
f81379e9-abbd-4e22-a019-4b961389772d,0.0021522624803421,183.77999999999997
5f9b3bf0-d0e1-4518-8427-31f2ca5a952f,0.0020026633058222,192.77999999999997
b8993252-982a-4d5c-8e05-996c191563fe,0.0024267930694196,168.78
6aea8383-ac62-4ad1-9e65-6a8d73847548,0.0020181606632194,195.77999999999997
95ebfdaf-bacb-4aef-873a-53f5c3955454,0.002484753020513,165.77999999999997
39eba73a-25cc-405b-ace0-0cea00aa72d6,0.00199600557775245,195.77999999999997
9d77d2e6-6573-4079-9d67-175ab7aa1365,0.00224443246805805,183.77999999999997
c4bb4444-a590-49c9-9bff-e267a6386074,0.0020181606632194,195.77999999999997
9a5f1ab3-97a1-44a5-a9d2-b0927fd4e499,0.00235007582179485,177.77999999999997
b478bf70-26b1-4717-a5b6-4cbdbe1db7a4,0.00188464789130355,198.77999999999997
ae62a8dc-368a-46d2-af1d-dfef3855db39,0.00224347023978945,180.77999999999997
2ecb9e3b-6fa6-482c-bbc9-eaf5b3a6bfb5,0.00198135670495035,195.77999999999997
3a9af635-5d9d-4b56-8218-3e0b2d132e83,0.0021778912801983,183.77999999999997
46781811-8f82-47a2-b957-d99409b8a1cc,0.00201434948920425,195.77999999999997
8ed414e4-7177-468a-93ff-8bb7db848421,0.00162213525335415,210.77999999999997
a78dd65c-926b-4d7d-bfca-44ce6cb9f151,0.00197304845702305,195.77999999999997
23fba0b7-94d3-4724-83c7-66121d7639ec,0.0018478381464962,198.77999999999997
bb882c0a-7423-4706-82c7-15d45f9f2017,0.0020651497212744,192.77999999999997
fbfba0ec-de1b-4a25-b480-818aa517c74c,0.0024267930694196,168.78
0f09470c-5654-4dac-9b9c-450f48a08d12,0.00239379384295635,174.77999999999997
b461d36f-8f29-409e-83bd-b14bfaeb0ef3,0.002484753020513,165.77999999999997
66c66bed-694c-4fd5-8f03-c2662b06d4d4,0.0024476619378368,168.77999999999997
91fc124b-4282-44f1-b198-54ef8d09ef4a,0.0020903818156171,189.77999999999997
7e49b944-d272-448d-8b3e-680e188e4f65,0.00215722843117275,186.77999999999997
fc493792-200d-4a44-b752-38c354eafa41,0.00224080882779235,183.77999999999997
a7235cd6-5e15-4a93-a555-b11b0288be70,0.0023744112082966,177.77999999999997
31629931-1d25-45f7-824b-3dbd909029b3,0.00224347023978945,180.77999999999997
f770980b-430a-4556-bb9c-f236f5c07701,0.00162213525335415,210.77999999999997
b344f02c-b2b7-4231-9445-c6bf52348ed2,0.00201434948920425,195.77999999999997
31ecab58-7551-4d1b-a5be-98d658417c29,0.0020066725818821,192.77999999999997
285538a1-cd90-41b6-a906-7cc974dfc8e8,0.00210598190008395,189.77999999999997
eafe4aef-ed8b-4de4-8780-d996f2181ef3,0.00203996210125945,189.77999999999997
0dfd55c4-6552-4279-bc5c-6bb173e6a8b8,0.002061014556062,192.77999999999997
9a415925-e26c-4d5b-bc8a-14efefeb1e4e,0.00224347023978945,180.77999999999997
743faffc-d55d-42aa-84f1-b248ee906777,0.0024267930694196,168.78
abc8def1-b19e-4a5d-8de4-8807ae2bec78,0.00239379384295635,174.77999999999997
d02e4e77-157d-4463-9d5f-f58058194e97,0.002484753020513,165.77999999999997
c8d75808-2a61-4dda-accd-d42eaf5bc599,0.0024476619378368,168.77999999999997
73f9c230-8a08-4170-a7de-ccc753cdb158,0.0020574939391135,192.77999999999997
e848449f-365c-407b-a533-2e17b236747c,0.00198135670495035,195.77999999999997
12e5c8f9-ca83-43c1-8120-e5e830182cca,0.0018563698371614,201.77999999999997
a7ce367b-be5d-4ff8-aa43-aaada45032f6,0.0023744112082966,177.77999999999997
45c72bff-5cd5-4679-ac2d-65a4227c25ae,0.00258680623382315,165.77999999999997
536b3288-15a3-4714-8793-e8d0707250c5,0.00212958729705815,189.77999999999997
bba6952e-a7e3-473b-9b74-10029ac0b499,0.00209030063659485,189.77999999999997
c6c58c50-e65d-4abc-9b47-680feeabb528,0.00222009525911005,183.77999999999997
fae57313-dc95-4ad3-b7be-e197e8531564,0.00217235132754065,186.77999999999997
33c9e502-6bd5-49b8-b090-6219364c8d40,0.00202402685896025,189.77999999999997
c3d70f0c-1565-4bc0-9503-b793ecdfd732,0.00259749830729705,162.77999999999997
f1d1c436-8fee-4b6b-8634-39d17795e846,0.0020697771203093,192.77999999999997
295d319d-5f9d-4150-a4f2-3ba4f555641c,0.0024267930694196,168.78
b9e473e1-83e6-46eb-93aa-51f8c1384aeb,0.00200017165081205,192.77999999999997
e6890e2b-d51a-4ca7-afd1-2bc9925cf671,0.002484753020513,165.77999999999997
df0fddbd-c784-4b7c-9bc9-cc3d865190a9,0.00207481792135505,192.77999999999997
84e704f8-b347-4859-8116-563ca5644023,0.00201783746418625,195.77999999999997
d74dbef1-936f-4698-a4ae-b368c81c0d2e,0.00208184588541045,192.77999999999997
d2281b06-a93f-48f2-9cae-0913ab57727d,0.00213976166447755,183.77999999999997
4056acf8-0b87-4b0c-a48b-3e5a3b3b94e5,0.00233435833674455,177.77999999999997
a5d8ea2c-00e6-4824-8a22-2f2b8e579d85,0.00258680623382315,165.77999999999997
bda93a16-ffd9-47b2-80b5-982c231aeabb,0.0021296638189301,186.77999999999997
f0cadc4f-7135-4bda-af27-c133ef54c87c,0.00209030063659485,189.77999999999997
f50759a2-5972-4433-8675-30ecdd73a42f,0.00191212331820455,198.77999999999997
dfdf06f5-b3a6-4673-b8a9-1b07acaa72e0,0.00235896307224475,174.77999999999997
c9c44367-4a9d-4ced-bd60-2c21da94c458,0.00209030063659485,189.77999999999997
5e10c732-0e3f-465b-9712-54990852dc37,0.00259749830729705,162.77999999999997
c6076d3e-18ad-4baf-bc1e-c15269c078fd,0.00209030063659485,189.77999999999997
66bf574a-0258-46d4-aac1-1f00e24dc124,0.0024267930694196,168.78
c6bd615b-56c9-4501-bf75-28af8e5cbfc1,0.00209030063659485,189.77999999999997
1a396f52-1c09-4273-ab0b-b8aedebda44d,0.002484753020513,165.77999999999997
9e7bf26d-8afa-4c48-b111-481b4791e7cc,0.0021534062227479,183.77999999999997
4b77a8d3-5608-4be6-adcc-42e401cbdb9e,0.00220096367009165,183.77999999999997
969e6079-6a80-4260-8a91-7b28eea69fd3,0.00258680623382315,165.77999999999997
0cbc7ebf-bc3b-415e-8555-8ce108c6860c,0.00213976166447755,183.77999999999997
d47d9723-3e96-4832-af38-2e2d27ffbd21,0.00233435833674455,177.77999999999997
e6d215a8-f2e3-4a42-aef1-72cf1f2c9dac,0.00189633090360985,201.77999999999997
b2d63518-fc4d-4600-bfe8-e16adaf56021,0.0020371599501839,192.77999999999997
a17eee58-9e10-4650-a8a1-b82034f1568d,0.00252683203348345,162.77999999999997
591db131-981b-4480-9367-a06beb883a25,0.0021654807443705,186.77999999999997
03c7714e-b74f-4e9f-b12a-2ce4a1b76079,0.00211423691015115,186.77999999999997
880f3f44-267f-46a3-af6e-f6aef475c412,0.0018183270312588,201.77999999999997
a70944ee-dbad-4b3b-8019-515f9962dea5,0.00259749830729705,162.77999999999997
e5326fab-c1ba-4d39-95fb-3f69162007db,0.00214726962013445,186.77999999999997
165232eb-fce6-43b4-a846-0bc8b612864f,0.0020998024182177,189.77999999999997
de5aa610-6ad8-4c70-a5ae-415a4221a095,0.0020388896813301,195.77999999999997
38785919-99da-4c5c-a5dc-616b7237dc54,0.002484753020513,165.77999999999997
c4154d5a-a2f3-4577-8b29-ca45647aad8a,0.00241088150157145,174.77999999999997
d7f57684-8d54-4e85-b383-44773bdae08e,0.00241149753610495,174.77999999999997
0a1b654e-d6fc-4e3f-8538-5f38421b5d80,0.0024217419331809,174.77999999999997
097564a8-2240-4c03-9423-61467ce853b2,0.0021932137337328,183.77999999999997
1630001e-01bd-40e0-b343-8d1f8e284dd5,0.00213495170630595,189.77999999999997
70e19640-d3e5-4984-9374-f4c9ef0ce5b3,0.00246492767249515,174.77999999999997
ac4994ac-28a2-41e1-8753-0a9e77fa7a48,0.00211423691015115,186.77999999999997
1994514e-898d-40b1-b946-0a3653258f37,0.00252683203348345,162.77999999999997
f51abec1-6bd7-4262-8560-b381664d2ac8,0.0021426252678876,186.77999999999997
4251598e-d4da-495f-92ee-8afa6954dbc2,0.00189633090360985,201.77999999999997
0acd14d9-b198-49ed-adb3-46b45f3bfa28,0.00228611153397305,177.77999999999997
b20b749a-dbe9-4303-a7ab-5ab0b91dec51,0.00259749830729705,162.77999999999997
5e8f2e48-f955-41a5-8d1e-9626e834e53f,0.00189633090360985,201.77999999999997
f4d65b7d-f1fd-445a-b3a1-48a10d1755fe,0.0018435885615876,204.77999999999997
96773bc7-a539-47c7-9406-4c665ce0d5ac,0.00241286163674555,168.77999999999997
0f6e1f86-8497-425a-90e9-d3a7e463180e,0.002484753020513,165.77999999999997
16b7293d-93da-4796-8b4c-9957f8a5e0c4,0.00241088150157145,174.77999999999997
107f2b9e-7a8d-4ca0-a8ca-23dd75a78529,0.00241149753610495,174.77999999999997
0c0c2233-3808-40fd-86ae-79f223972494,0.0024217419331809,174.77999999999997
751e0fc3-bd79-4ad3-a56a-e36cf58bcd11,0.00252683203348345,162.77999999999997
eef2153c-93dd-4b4d-8fa3-12787aa56b83,0.00189633090360985,201.77999999999997
4bb4a095-b8ff-48c3-82e8-3b04daad3bdd,0.0020356085148853,195.77999999999997
11356ca1-4f39-4298-b759-3c5c0adcf24e,0.0023363051373615,177.77999999999997
d3de8ec5-b9b7-41ed-a5d3-b1006a3a78dd,0.00252683203348345,162.77999999999997
df270e78-748e-4be5-8abf-a12052e9abd3,0.00189465381015125,198.77999999999997
55522c98-4491-4877-be51-38855e409350,0.00200660139489025,192.77999999999997
4347fe35-cf34-4d9e-b4c7-9e364ddbcfa9,0.0021048310617439,189.77999999999997
e2ea20b0-7510-4868-8e1c-47eb7180c729,0.0022506163877486,180.77999999999997
358cc2cf-346d-4dea-a35c-c5698f165fb4,0.00193351866355345,198.77999999999997
93e411ff-f71b-43f0-beb6-5ee68c9ede69,0.0023827292926416,177.77999999999997
bd2f5836-ce6c-4afb-a273-baeed1eb9dd6,0.00213005918303385,189.77999999999997
6422f1ec-f5ae-435a-849f-772e012c5c87,0.00198345071276145,195.77999999999997
7e7c2001-befc-46b3-923b-a09398ca7ef7,0.00191111178256,198.77999999999997
d2dced54-7800-4e8b-aaed-dcb6ae223b56,0.00224061386872685,183.77999999999997
81914187-d81a-4bc1-ab7c-7fd6c70886c8,0.00218584888502315,183.77999999999997
fe6e41d8-0356-4a89-9413-cefdff5cc611,0.00252683203348345,162.77999999999997
63052a6a-aceb-4c73-bb80-eb54526a0f73,0.00218316680584225,183.77999999999997
5ff03841-29d4-4434-a34e-bbf2646fb4b3,0.00188011750866505,198.77999999999997
03cc4f53-e31b-4256-a8da-410f1811c626,0.0023363051373615,177.77999999999997
3294c8b4-123b-4b1f-9b60-186cd5be1d29,0.00252683203348345,162.77999999999997
20ba6245-bcd2-44b2-b02e-421ebf93d6bd,0.00199815309203535,192.77999999999997
0e19f011-e9b2-4318-ae27-9b68880eb262,0.0020248601437323,192.77999999999997
c7122ce4-7869-4fff-b894-65b5f74016d5,0.0021991797498059,183.77999999999997
fb491928-cada-405d-a96b-9e9514e41b13,0.0022506163877486,180.77999999999997
7a19f1f9-1d5d-4fb3-92b7-1385256ec9a1,0.0023674465001389,177.77999999999997
a85431bc-ff01-4fad-95e1-b8552af94a38,0.0023827292926416,177.77999999999997
b12bce6b-5c68-4c95-8028-d4e7b6e2129c,0.00218521045426865,183.77999999999997
a2a195fc-c6a6-497f-b445-7696424f53f9,0.00213307312074015,186.77999999999997
af07691c-6069-4dad-84ee-d7ad237442ba,0.0020891066380595,192.77999999999997
49d42ee6-339a-452b-88bd-c772b0e7bd69,0.00233064871989475,174.77999999999997
ae2f7d06-18cc-44cd-97ce-fb7f867f8ae0,0.00233381572855645,174.77999999999997
e34a6da4-b5a3-48e0-b3e2-03b090a867e0,0.00252683203348345,162.77999999999997
aa77f72c-65b4-47cb-99ed-97755d53907a,0.00218316680584225,183.77999999999997
a2a61492-61b9-46eb-a4b4-13f71613d066,0.00207237901052645,195.77999999999997
65d35a40-6a0f-4a71-a352-ef0b6742366c,0.0018564170721528,198.77999999999997
593e3a54-9246-40a9-a9a8-4a70d329b8e6,0.00252683203348345,162.77999999999997
05b07bf0-58c1-4878-9a82-14c7eadb1138,0.00178292801712975,207.77999999999997
25abd301-3427-446a-8f93-87f7407424fc,0.00191554887086035,201.77999999999997
46c03e16-ce50-47ff-b3e8-e6185c8361ff,0.0023972890007396,174.77999999999997
54ffcc1b-2b4c-4edc-a5d3-062c94052196,0.002152106053941,186.77999999999997
135c26e6-824b-4781-839b-9e4da8289327,0.00200265675667795,192.77999999999997
dfcd4305-2ae1-4fe4-ac65-d63ccaa01ed8,0.002347756537455,177.77999999999997
55743e32-da17-4cf8-b523-d7beaa20d43f,0.0017836345938608,204.77999999999997
2d3f5578-fd3f-4b84-aae6-7081a85c2064,0.0023401963325862,174.77999999999997
d5ca2d8f-1440-4d94-bb44-55acddebe30b,0.00259239215198125,165.77999999999997
a2c553b5-abca-4848-9601-e9903470b526,0.002098659412256,192.77999999999997
6dcb33a8-f174-4d56-ae53-c5ed155c72b6,0.0020423529392889,189.77999999999997
158e0b2e-bcdf-4fce-a08f-be65a5755e5a,0.00252683203348345,162.77999999999997
602e44f6-6079-4875-87ca-be557e4cd33e,0.00202429398209525,195.77999999999997
7ede12c9-71e1-4ec8-9973-39d5bdbe16ad,0.0018564170721528,198.77999999999997
38513a97-3c4e-421a-a7ba-ee6811cdadf1,0.00168331784829915,210.77999999999997
816b5abc-f569-4708-a02d-f8fe3cf6a860,0.00252683203348345,162.77999999999997
14a0e055-11a9-40d7-994e-384a97172fc0,0.00184357913093065,204.77999999999997
60e990c6-cd43-44b3-bb55-5c6a4e2ebd70,0.0022328496919728,180.77999999999997
18dce50e-7ba5-44cf-835e-c755f272b0e7,0.0023972890007396,174.77999999999997
5565e81e-6f3e-4c31-be9d-8249584e7075,0.0022573218438585,180.77999999999997
c51a1d68-2d27-4783-839a-b347b4e9c75a,0.00207237901052645,195.77999999999997
6b63f3cd-6d6e-4a21-90cc-e3c0d12db908,0.002347756537455,177.77999999999997
80b6248a-1c7b-4dcd-a22f-56d50c428340,0.001823867041176,204.77999999999997
07e31aff-0953-403d-8f24-7e95553baf5e,0.0023401963325862,174.77999999999997
f5040d9d-9c77-4fc3-8631-81a7682b68f3,0.00259239215198125,165.77999999999997
eb59f985-cb30-4d8a-8f62-01c9c0dd673f,0.0021083942024578,189.77999999999997
8e3a3950-6365-48e7-95ba-50403c87c31f,0.0021579675999669,189.77999999999997
3da80d44-a58a-4214-a55a-de63888f7a6c,0.00252683203348345,162.77999999999997
07814ae3-3fc7-467e-9016-28f456610829,0.0018262581536168,204.77999999999997
32f06273-7d75-492d-9e9c-40e976a38777,0.00234764159110715,177.77999999999997
6e8ad57d-064e-4705-aa11-5a56113e85f4,0.0019710162129755,198.77999999999997
5fdeb1ec-911d-4fbb-a9b0-7964c1999cda,0.00252683203348345,162.77999999999997
536ad2af-02eb-4dd9-b7a8-108f5d8ee1e9,0.002302466024495,180.77999999999997
02f9d7da-7252-4d2f-853b-088e9b1fd9c8,0.0023113920621215,174.77999999999997
0f6a5a69-97d2-402b-9660-86824489aba7,0.0022139108497597,183.77999999999997
52cc0f9b-82f1-4e7b-90cd-8544952493f5,0.0020937359812227,189.77999999999997
ccefbec6-805d-4d35-a005-f7616755c459,0.00191457811697855,198.77999999999997
385104d8-9195-44f3-a766-335d5fe766e3,0.00243230040527905,174.78
97dbc946-e86e-423d-8afa-93e27fe45019,0.00226904622304745,180.77999999999997
d54b3650-d402-47fd-b1b6-4e72fa83d682,0.00190844124893015,198.77999999999997
e11ea7b1-ce4b-4f45-a498-0d19700e077b,0.00248122069166085,165.78
6fdc8c77-b621-4262-9616-ddd2326c4755,0.00230605984966045,177.77999999999997
6f941fa5-9394-4472-b5a7-9e8bd27b3e9a,0.0021503268613237,189.77999999999997
7741222d-325f-460a-8d11-f79fcac805b2,0.00252683203348345,162.77999999999997
bea72177-6139-4e91-ab11-a155310bd1ec,0.0020515494109355,192.77999999999997
e1ccb7a5-489d-4822-9df8-494c641981e5,0.00242520541889735,174.77999999999997
04b8b9a2-5691-4f1b-8be7-3c9dbf673e50,0.0024336511287732,174.77999999999997
1d6361d1-712c-4fd1-9312-d17b1b10a72e,0.00252683203348345,162.77999999999997
ca908ee6-e706-4d7f-914c-bb9ed5f254df,0.0019909951475733,192.77999999999997
9980e6e2-cec4-469d-bd47-7aee6d1ddea0,0.0023113920621215,174.77999999999997
2f4dbfbc-6747-4990-8c8d-27b85c8ad537,0.0025757093017304,162.78
8a5df8bc-0211-474e-b67f-a5e41e23e0ee,0.00234764159110715,177.77999999999997
bbb8c25c-089e-4b3f-9bbf-b3264b25aa0c,0.0024794179431681,168.77999999999997
20408ce7-7454-4dd7-8bb5-e8e19dd34054,0.00243230040527905,174.78
265c850d-1058-4dc9-934c-6953ece439d1,0.0025158685929646,168.78
461550fe-422d-452e-8f35-7f788a2a4b92,0.0022802291439577,177.77999999999997
0bef31a0-8c40-4c83-a19a-afde4c0e62c1,0.00248122069166085,165.78
5f48b457-96c7-4d03-bfbc-f95c3c0ccbbb,0.00230605984966045,177.77999999999997
acd3c886-f877-418c-af90-86f28b3ec2dd,0.00228247473835515,180.77999999999997
e968e44b-2347-48e2-9553-9ec56e5a9835,0.00252683203348345,162.77999999999997
cc1d1697-2633-4523-8c30-ab0b993b3ce1,0.0023983026308017,171.77999999999997
07504471-bb87-4fdf-ab75-ff6334d264f7,0.0022671242126163,180.77999999999997
0a66eea4-8785-4214-b530-5c129749f111,0.0020294060564386,192.77999999999997
7035b8b9-5d0a-44ba-a028-2b6ebf7e4328,0.00252683203348345,162.77999999999997
a04938ec-ed8d-42c5-a7a3-f20cb05f3b51,0.0021488137020574,186.77999999999997
6b60004d-b359-4e3f-97f1-c1adb28c8a8c,0.0023411116683472,177.77999999999997
7cb54844-553c-41bd-9491-16e6e9528ea8,0.0021306414689375,189.77999999999997
48194d00-b084-4511-b84e-aff2f1e974cf,0.00227929190342795,180.77999999999997
071e9e5f-1a5d-49f5-b5b1-c6cc2824f99d,0.0018718022768077,201.77999999999997
8eccb62f-b02d-46b7-bf1a-9f3b59324f12,0.00199354010564915,195.77999999999997
c33a2389-2c29-4101-a0fe-3e2937cef143,0.0019913562996838,195.77999999999997
5d5ad1cf-8fa0-41f9-b56e-112c16d00a4e,0.0021558590477889,183.77999999999997
1d04e9ac-cd8f-4efa-866f-a1174d8c8af6,0.0024661904096019,171.77999999999997
671f7397-97fc-44ce-b275-47a7639b1ec2,0.00224278112969305,183.77999999999997
4a69369e-9948-4e08-885f-a39ae0751d48,0.00213063025344255,183.77999999999997
1a45086d-f8ad-4a8e-9687-9b0d3d87e81d,0.00252683203348345,162.77999999999997
a2ee5577-3f74-4f12-971e-185fa4785fde,0.0022460581400198,180.77999999999997
ca455baa-9f2e-49e9-aeb4-df3a36c7a403,0.0022671242126163,180.77999999999997
0ddbde4a-d4dc-4be1-9270-c7c2b9cb464d,0.00232691487201585,177.77999999999997
65949b39-30d2-48b6-8243-3964fe50a66c,0.00252683203348345,162.77999999999997
c59d349c-832d-4e46-94cf-5a51d99bfa7d,0.0022671242126163,180.77999999999997
caf5ce08-293c-4bcb-9cae-508be6aa0cc6,0.0023411116683472,177.77999999999997
ca170a0a-6e77-45da-9eea-77f653645970,0.0022983584382966,177.77999999999997
b4f2582a-bd4d-4e52-bc42-96c4b4870291,0.00234764159110715,177.77999999999997
25e47d83-fe8b-4c0d-b516-bb3657186bf0,0.0020294060564386,192.77999999999997
2bd9fbae-57a3-48a4-8140-bac24951776c,0.00226222101010645,180.77999999999997
46ee691e-9732-486c-8267-2004fdf3922a,0.00246773686024125,171.77999999999997
a52edf58-37bc-47f4-a7b3-f1e95813b350,0.0021799690944381,183.77999999999997
2d70311b-7f8a-44a2-903e-91594820f33c,0.0024661904096019,171.77999999999997
bf8d202a-d7d8-4d8a-88a1-09b54bd6b191,0.00229832752863335,177.77999999999997
3467f9f6-c0fd-45ad-ad8b-53526b07622d,0.0021488137020574,186.77999999999997
69c688c2-63a8-438c-89a1-a61943ff4611,0.00252683203348345,162.77999999999997
b2fec4a8-186c-41a7-bf9e-58114edb943d,0.0022460581400198,180.77999999999997
850bf5c0-400a-4964-b191-d9ba8a54eeea,0.00224644909503,180.77999999999997
b52b2892-aef2-4259-990a-d92124ce4aa3,0.00193627351945145,198.77999999999997
92aa2c5f-0ab4-41a6-b895-354d2b341073,0.00252683203348345,162.77999999999997
7eb6aa06-fec9-45fd-b765-2f7592cde0eb,0.00186008824133675,201.77999999999997
d6f0c01e-89be-45ed-8afc-7d65a988017b,0.0018980162327424,201.77999999999997
141a78e0-81ea-4781-a1da-80edeabad4a6,0.00173673203,207.77999999999997
7898ca2b-9f95-4643-9066-1d6dc50443ab,0.00189030481835035,204.77999999999997
20a03095-e5ee-4d2f-b0ab-216c3ab0b586,0.0017979084831422,207.77999999999997
0b0a9458-1a7c-49aa-827d-15b4bcad7d4e,0.002182129403825,186.77999999999997
a484ce6a-104b-4960-bdf6-8bd288eb8b5e,0.0022033735545074,183.78
47830b83-9cba-4183-91ed-dbc582eba4de,0.0019947066600034,195.77999999999997
1b553ba1-9e3c-434f-aa30-759c3d81b689,0.0018053927217735,201.77999999999997
df1e1413-990b-4775-9116-7c4dc1bd5533,0.0016125767090756,213.77999999999997
ea8169a2-b34d-43b4-b8b7-c56cd3048d43,0.00248143248807615,168.77999999999997
99e102b9-7957-4da6-a43f-0b7b3df155bd,0.00252683203348345,162.77999999999997
11135565-84a9-4c9c-a0af-bd8fe4a86519,0.002509548468061,168.77999999999997
1493f31f-33b1-4726-b20f-4e56c5c800c3,0.00224644909503,180.77999999999997
dbfb5840-3088-4d41-b02c-1aa1df91b2f6,0.0023437268871258,177.77999999999997
6e589ec5-188d-42ed-94b5-27a456613653,0.00252683203348345,162.77999999999997
ecddce62-4979-458b-bcb9-ccf398a6f870,0.00181054922225,204.77999999999997
9990d764-0cb3-49c5-be82-a5a55b904f5f,0.0022561268952628,180.77999999999997
406315e9-c505-40b2-8e37-83ebdf20657e,0.00215125200183335,186.77999999999997
9c6b422a-89e7-4b7e-94be-7875a75fc84b,0.00183147129676315,204.77999999999997
0cc7f634-fe24-490d-b6e8-627fcaccc58a,0.0023167472964143,177.77999999999997
50d1b3c5-9eab-4a6e-bb3d-531330642fa0,0.00194557928775525,198.77999999999997
d3629b8f-95ad-4cc3-b127-501588151d8f,0.0022033735545074,183.78
2caa5617-3fe6-4e0a-b5e1-3d74ab0a64a0,0.00215959929092235,186.77999999999997
93135cc6-072a-4caf-a6ba-d5deab9d4ef9,0.0021199038851368,186.77999999999997
3bdb9426-421a-4b52-a33b-668dffb47dc0,0.00224644909503,180.77999999999997
ace9d5df-9a2d-4911-b284-a23983bd56ff,0.00248143248807615,168.77999999999997
b3c024bd-0f72-4f0d-80f4-c9ba627ab32f,0.00252683203348345,162.77999999999997
bd7d7dce-3857-476e-98ba-5de08a1185b1,0.002509548468061,168.77999999999997
24339487-a0c8-4b2d-8b74-00c43d893420,0.0021046597087753,186.77999999999997
7fe04842-1834-4550-9df0-ccaf08451d41,0.0019990109448623,195.77999999999997
6ef647b9-b76a-45c7-8dbb-f9a9c57b8445,0.00252683203348345,162.77999999999997
ad7c5a75-19d0-47b9-a287-1f0d68238ab8,0.0021559297808893,183.77999999999997
e1e66160-95c1-48ab-a787-0049a511a7b0,0.0024001112666804,174.77999999999997
27c38970-4f4a-4596-9eb9-9c2450f9dce2,0.0020151852815437,192.77999999999997
9628afc1-6cce-463d-8fca-becdf6d7a593,0.00211627768419645,192.77999999999997
c6f5ff86-c90c-4423-af6b-6f92787fb503,0.0018588677919012,201.77999999999997
019cd521-dee3-4018-917c-e705387c243c,0.0023168712753509,180.77999999999997
cb8402fd-5cfb-4dfa-adb3-b90bda9e5a7a,0.0018847817929326,198.77999999999997
d215cd20-0038-47cf-bf92-7f392a2e7f08,0.0019875572253798,192.77999999999997
3c83cc54-c79c-4718-9e1c-466a0cb6a334,0.00255213510764755,165.78
6e04ea8f-130c-42ad-bc15-a424d77a9c2c,0.00223036969311785,183.77999999999997
593245f4-87e9-43d8-b4b3-bb0cd34ae3b5,0.0022622901820144,183.77999999999997
471a2cc6-91ed-411f-b79c-da8684cb10b0,0.00252683203348345,162.77999999999997
3cc0f99c-a766-48e4-97fe-84719be32f55,0.00226179881391525,180.77999999999997
cdf3f016-a4b5-4d58-a404-a74787a24bb3,0.00202852086739585,189.77999999999997
264175c2-5688-4ec9-bf74-0dbe06b0b46d,0.00216041977810265,186.77999999999997
6ab41330-1546-4d68-a00d-cdbc66df159a,0.00252683203348345,162.77999999999997
cc85edce-6976-41b0-9453-fe568b08baf5,0.00235925091897145,177.77999999999997
e511ba0e-b4cc-4faf-b7a1-a593baa3870b,0.0024001112666804,174.77999999999997
90173d5b-cf8b-411f-9df8-f81100a7d521,0.0025283091492931,171.77999999999997
15138c95-84fa-4f1b-ab86-40dad73ea7a8,0.0022802291439577,177.77999999999997
1448614d-adcb-4706-9c57-31de39b5b998,0.00267682373720945,162.78
6e771c3c-b314-4bf8-b3b4-00e4154fa712,0.0023168712753509,180.77999999999997
592fcefd-cddf-4981-939f-2691443fa092,0.0021046597087753,186.77999999999997
7abd30c0-1cbd-4623-b117-4d810eb3eb83,0.0023249929873584,171.78
6af7f676-3f54-41bd-ad0a-d14adea850d8,0.00255213510764755,165.78
28f25b2b-e2e5-44db-b41c-dfa0f88ed2b3,0.00226057923927145,180.77999999999997
f37ab8fd-60c1-4724-bbb3-9c767c4789d0,0.0021046597087753,186.77999999999997
2a65f5b2-d832-42a1-9b13-06155db860af,0.00252683203348345,162.77999999999997
29605150-1528-4224-89ea-80f150efd514,0.00226179881391525,180.77999999999997
d70424e0-ea5f-4f9d-90ae-b2aa6d92c5ad,0.0021644575331802,186.77999999999997
0253fd6f-937c-4e10-a5d5-1942a3986d3f,0.0022066250173051,183.77999999999997
920e143e-0f46-444e-b67e-6a72933ac72a,0.00252683203348345,162.77999999999997
457c4e20-2185-4228-b450-b9496fcb760f,0.0023019646769258,180.77999999999997
a5cc1000-4af3-480e-814d-cd8f941a03df,0.00192116344173915,198.77999999999997
bcc29a65-3bbd-4a71-bf47-4872d9019eed,0.0017565491494838,207.77999999999997
fd324894-0a7a-414d-acc1-cfcfbb6a7fba,0.00184511021948245,201.77999999999997
562f4f1c-6343-4d34-8f52-64df2b44ff5c,0.00175668197129545,207.77999999999997
a146982a-fd49-4535-b2ec-f973e5cc6752,0.0022843076832617,177.77999999999997
bc57d354-9518-446c-877d-d8f2fe1762ac,0.00199124241997725,192.77999999999997
751b9a67-5a6c-4ee9-90e9-d367f3f6dc90,0.0021512641354126,186.77999999999997
d59c27b5-04ab-4e40-8731-9afdfa95e7f5,0.00206291146261765,186.77999999999997
2797811d-161a-46b7-a5ba-adf5b20c9af2,0.00226095200695895,180.77999999999997
92323128-77bf-4ae9-9855-9d4763f51617,0.0025833392165728,162.77999999999997
59ea21a7-e8b5-48bf-bdfb-461e2556c7cc,0.00252683203348345,162.77999999999997
81b01882-ff2b-45ed-8e51-3377a6746a36,0.0019706951590682,195.77999999999997
aa11286c-01b1-4acb-820c-4cc41fecc6cf,0.00224775944135355,180.77999999999997
d0596cea-5567-426f-83b5-1e05fbeec3f0,0.00244930724526595,174.77999999999997
ae66d3aa-fcea-412d-b242-7ca46b0c7d6c,0.00252683203348345,162.77999999999997
f265d5dc-00ea-4860-b07b-2cff2c9cac1b,0.0023019646769258,180.77999999999997
b001013d-ce34-4cbb-a0a4-442f98dc63cc,0.0025249834858986,165.78
2e277244-1ad9-4165-a8e0-869ac0b133be,0.00225960745297085,180.77999999999997
24319773-6b7c-4a12-a344-e248fcbbae1b,0.0024384907312372,171.77999999999997
e68fd5e8-6653-47bb-a234-33e26f30fd84,0.0020768948873112,192.77999999999997
5dcefdf6-1ad9-4d46-abbc-473c3b849f47,0.0022843076832617,177.77999999999997
e69403b9-104c-4d0a-b004-ba4f72df492c,0.0021644575331802,186.77999999999997
8f712a8c-c45d-424c-8d7f-925c4cc26377,0.00234926752277435,174.77999999999997
19c8afa5-ec36-4546-a470-0a899e37fa55,0.0021644575331802,186.77999999999997
4228e488-b73b-4ef1-a2c1-9a6080c0d91a,0.00226095200695895,180.77999999999997
affedfd7-3b72-4592-8a32-04091ffd39e5,0.0025833392165728,162.77999999999997
13ad3877-c268-43b9-83e3-706dcba8722b,0.00252683203348345,162.77999999999997
17aebc0a-4818-4f37-85de-847443f9a6a7,0.0021644575331802,186.77999999999997
fedaa4d7-8df1-488d-bce0-c928af5dfb18,0.00240167627913535,171.77999999999997
19ed7c26-a2a1-4b0b-8bd4-d1c4801f1132,0.0022026786449359,186.77999999999997
8356edcd-5edd-4c65-88af-dd0e03ef2d37,0.00252683203348345,162.77999999999997
6eae84e3-e25e-47c7-a97c-dafa9a4decbf,0.0020146245160294,192.77999999999997
d853ce6a-7224-47f1-9618-d3bd181e3d82,0.00237451468385185,174.77999999999997
7d621586-3293-43fd-a591-7be5a559f92c,0.00200430240568315,195.77999999999997
253d5f62-54cf-4760-9741-bf4b229cd1e1,0.0021700388636591,186.77999999999997
41489ad0-08ba-4a4c-9d7b-f98e8e0a7b2b,0.00162305061112765,210.77999999999997
734b3601-a7bb-41fb-af18-0be70db3a60e,0.0020189010375764,189.77999999999997
a8268f2f-2957-4eae-a454-e3d4d7913542,0.00223274218724555,180.77999999999997
bbfe42ef-347d-4ff0-ae51-086c22fa3512,0.00244005767586365,174.77999999999997
cccf26d0-ea90-4807-a074-bdd8c4441364,0.0019038708292017,198.77999999999997
949fa3fc-b245-4ff5-9e85-59177130ce4b,0.00238022502513955,171.77999999999997
ef09081e-a5c5-4b15-a74d-48ff0935546d,0.0020181314465331,192.77999999999997
3fb4af1a-0bc6-45d0-88ca-87d67c299b71,0.00252683203348345,162.77999999999997
2da9cc15-f112-4387-a5a0-e85dbffd247c,0.00239466715095815,177.77999999999997
d6ff9a53-bd04-4368-b151-ff30b40d45db,0.00240167627913535,171.77999999999997
ec4facb4-bcc8-484b-94be-315e1a69e208,0.00240167627913535,171.77999999999997
1ee18817-7882-48e7-9da9-8a2d764f424b,0.00252683203348345,162.77999999999997
5b6928ab-0579-438a-bb61-0f67c6498c82,0.0024260813539346,171.77999999999997
2048d6ac-afcb-4c2b-a5ea-217446511a0e,0.00237451468385185,174.77999999999997
14abd717-08b9-448a-81b3-87d411763dda,0.00220034497355415,183.77999999999997
82fd5690-dbc0-435d-92bc-4f3beae24ee2,0.0020225882800143,195.77999999999997
c678d4a4-efe1-4a02-abd5-7f46a4954db9,0.0025177666902537,171.77999999999997
18af60df-05d6-41fe-b174-827541db9a7d,0.00302473342657765,144.78
914d5897-1177-4596-bd07-ebde73429402,0.0024766212496237,168.77999999999997
d7ed47a1-0356-41a4-ad56-ae87387822fa,0.00244005767586365,174.77999999999997
47fc8b2b-45bb-4c31-879b-efe838d55706,0.0021856253704056,186.77999999999997
00776260-7194-4910-b5ad-03709debebaf,0.00238022502513955,171.77999999999997
dd919f85-955d-4ac8-a75c-c5057184bc30,0.0019578268358209,195.77999999999997
0c48c00e-c46f-45f0-9291-6b737f5caf46,0.00252683203348345,162.77999999999997
84ec82db-cc52-42ba-9716-473313f2f1f2,0.00226972821287605,180.77999999999997
db9720c7-4826-4a51-8f01-0c93da3b41ba,0.0021368748240877,186.77999999999997
bb135504-8969-424c-85d4-6f9e067756b3,0.00208152348696815,192.77999999999997
1bd152f7-cda0-48bf-b3a3-9d8f26aae471,0.00252683203348345,162.77999999999997
d63131a9-614c-4cf8-af5c-77201cd467f9,0.0021289952226881,186.77999999999997
2ac32511-f987-42f3-b25c-34c2a9c94c2f,0.00155163691054055,213.77999999999997
3f8a0b80-fb0b-48fd-9257-c0b34831d0e4,0.00252229038311515,165.77999999999997
bdbe5f32-42c7-426c-83d4-f496ed7cee32,0.001891333543193,198.77999999999997
e71c94ee-facd-495b-829f-c3b5efb7ca6d,0.0022327285041213,183.77999999999997
e77bcfa0-6455-436d-8e5b-b1d650289c9e,0.00302473342657765,144.78
c54cfe7c-6c22-4ad1-92d8-f469ce3e5f73,0.0018274448485982,204.77999999999997
c5083135-31dc-4cb9-8b4b-240f48d7b497,0.0021302844561037,189.77999999999997
7ed9bf63-96a6-4a0f-b4e4-e6032bbd4ce7,0.00200589698900555,195.77999999999997
2eb7890d-fe80-46d1-abee-baa293519835,0.00205992271957925,189.77999999999997
9bc036e7-9836-4dbd-b5a1-71c18b79481f,0.00174981836146115,207.77999999999997
cbffa401-7f06-46fa-8cb4-128e99c4f67d,0.00231931631137785,177.77999999999997
7a94d22d-f89c-4a7c-b78e-d5d18b1b30a7,0.0020367636090781,189.77999999999997
fb741ff1-166a-4f98-bad4-feea1696f589,0.0021368748240877,186.77999999999997
f407b2b6-0025-4d7c-ab20-c916386b4422,0.0021368748240877,186.77999999999997
b72a0a78-afb3-409b-938d-48af6a3b63cc,0.00252683203348345,162.77999999999997
69144199-158d-4a6a-b123-ff8e4cd7eb2c,0.0021289952226881,186.77999999999997
88ebb65d-3112-4478-ba94-2ef096aca4de,0.0019205979989661,195.77999999999997
93565a0b-2831-427f-a371-b78bfe4c7da1,0.00252229038311515,165.77999999999997
62b10e7a-2bab-43e4-bb4b-d07dd57b6b20,0.0021368748240877,186.77999999999997
5d445f6b-19e5-47e5-ab26-797d8893c071,0.0022327285041213,183.77999999999997
c41a2e37-8387-4337-afc3-d2dea1d29765,0.00302473342657765,144.78
e86a4344-e945-468c-9b36-9b4432ff4af0,0.00221717997560805,183.77999999999997
b143fd8f-9173-4854-828a-0f42aeb00099,0.00208152348696815,192.77999999999997
b48f5341-ad3e-4eb6-84de-14e4ed351ca7,0.00200100749120455,192.77999999999997
ec2151b5-b7b2-43ed-98f8-faef55fae218,0.00190530359704275,198.77999999999997
2b46d21c-f6b5-46db-b99b-8693d09a95dd,0.0021368748240877,186.77999999999997
ae31a358-3d0d-4a06-97fd-c3117f210ed2,0.00231931631137785,177.77999999999997
95d6a269-f68e-4d70-ba6d-ed78c809e49c,0.00208801720321235,189.77999999999997
1ccbeb44-2fc7-42f5-a8d7-f556977cc01e,0.0019205569855,198.77999999999997
78b66c75-f9c5-4cb7-8180-6f1e3c4f5758,0.0019195489573231,198.77999999999997
ae9d4a9f-5a49-4e78-abff-ea749b5dd7fa,0.00252683203348345,162.77999999999997
54ef5236-82e6-4b43-96ff-73ac37c52378,0.00220466682,183.77999999999997
c891d66d-5053-412b-91bb-cf6a7926edd5,0.0019514373398359,195.77999999999997
e79fbe4d-81a9-419b-8f7b-360486f507c2,0.0020602746176406,192.77999999999997
2ed4e356-f75c-47be-a21b-f40496458104,0.00221378555437155,186.77999999999997
2b24b32c-e6a6-40d5-b270-0a501bf7bc55,0.00229308442966945,177.77999999999997
f5fedfe1-ab52-4d18-b7b2-efb47d639ab7,0.00302473342657765,144.78
b7b85033-7f59-41eb-91da-ce2cb1bf44e4,0.00260515744561695,165.77999999999997
39351bff-68b4-461f-a69a-2a453776f877,0.0021518599027652,189.77999999999997
50dcfccc-10cb-4cc9-a3f2-4745bc6bfc22,0.00187038661604275,201.77999999999997
7797b69e-d04b-4c55-bec2-74ab0512c1f1,0.0024277865024593,174.77999999999997
0af2aada-abc7-4b1c-8d0b-8942fe80e829,0.0018491041895642,204.77999999999997
9e77fc51-ec8a-410c-9e2e-f167eb4ac84f,0.00214351993899065,189.77999999999997
5fcc234d-f90d-4211-b203-10a04a9cb6ff,0.00215121210480555,189.77999999999997
6701d6c0-0df2-4cb5-8df5-a91f6a46dbf2,0.0019205569855,198.77999999999997
31186872-decd-4a6c-8349-6ccb38a1057b,0.00252683203348345,162.77999999999997
8bd49d9e-13f8-46f4-9732-a3747db243d4,0.00252683203348345,162.77999999999997
58432d34-6e25-4c79-be26-2886cd060637,0.00220466682,183.77999999999997
b8f1abd4-0f8e-40d8-b914-47c99671e358,0.00176206761695835,207.77999999999997
f41aba11-6f16-4393-81aa-d556ec4fc9f7,0.002049590102599,192.77999999999997
b5d99487-a2a3-4a51-82e0-b6b694ef291a,0.00250787781849235,168.77999999999997
3baeb9f4-8547-4746-aa93-eae4290147ac,0.00229308442966945,177.77999999999997
bc0ebc29-4466-444a-a083-4e3bce97bab7,0.00302473342657765,144.78
51acc022-57cd-4915-9016-25283496c295,0.00260515744561695,165.77999999999997
197096da-c3c3-471c-bd80-8ec62b9bd9ba,0.00205491474118305,189.77999999999997
0ebe49fe-1a3c-43a3-a413-4944a20b96b3,0.00214570716643825,186.77999999999997
7e10b7ec-63ce-49ad-9417-0b3f247ea9a9,0.0024277865024593,174.77999999999997
014dbd44-5fa6-494b-80cd-225227e2a3b3,0.00231584703641175,174.78
d3241ca8-37c8-4772-8a23-e7a9671dfbd6,0.00252683203348345,162.77999999999997
67bdef66-562b-459a-94ed-1ec5ca727c16,0.0019187885325055,201.77999999999997
9463497b-06d6-4be1-9a43-118e49ed33c0,0.0021440693080652,186.77999999999997
b224f367-6827-4719-afb8-baad99778bec,0.00252683203348345,162.77999999999997
f7a50819-2320-42d4-88bd-7cb3cbcd6797,0.0019163956173889,198.77999999999997
0c3855eb-349b-4727-a5f8-637093024a10,0.00199936049614585,195.77999999999997
fd234cdd-ec35-4008-b754-a2101aaca669,0.00201065030391905,195.77999999999997
9e2ba8fe-472f-4249-a9e8-75f7670efbcd,0.0021583346757843,186.77999999999997
94935b09-4410-4899-9c75-e0d278befeae,0.0020123739558506,195.77999999999997
a83ae89d-7551-4c4b-8a6a-7a040e07d98e,0.0022748682063303,183.77999999999997
04917182-6a20-4b04-95a7-88112cb740e2,0.00302473342657765,144.78
7dd04bc4-44ec-4a90-856a-70895ce83e8a,0.0022843394332617,177.77999999999997
57b59a25-f372-49ea-9101-16d815187500,0.00204280318049005,195.77999999999997
91263315-34fe-47fe-adb3-544b93afb3c4,0.0018169744285,201.77999999999997
0296652f-0f74-4e5c-a922-42f08828c9fa,0.00238012716700895,171.77999999999997
b281da89-73ce-4966-8120-ebc05ec688b9,0.0018706493549084,201.77999999999997
3fbd175a-282d-4f66-9bfd-bbd26a26476f,0.00217523918597185,183.77999999999997
837588bf-e36a-435c-b33a-32fb49879e40,0.0020652853067395,192.77999999999997
5e6d5741-8661-40dc-b593-947887dbc375,0.0019642773540176,198.77999999999997
ca3b2c6b-1bfe-435a-9ee6-e58aaa956d6b,0.00252683203348345,162.77999999999997
d149c03a-9fae-44f1-ba20-463b8f21d9e6,0.00277522779976755,153.78
cbcbb8a6-2434-4f2e-bc0a-792da8873692,0.00230167631817255,180.77999999999997
ecb87b30-7bb9-4ca1-b49e-8d6db6bee9f6,0.00190723404889285,198.77999999999997
fd50abf4-54f4-42ae-8778-e77ed3a63c28,0.0022418257694125,177.77999999999997
104f9264-07c6-4123-846a-744ad24066c4,0.0023119499789512,174.78
d80a7d79-4ee8-4057-b0a5-fe43f82b3f25,0.0022748682063303,183.77999999999997
ded0fa70-24a8-45ed-8800-d803531819a2,0.00302473342657765,144.78
71db40a2-ed11-481b-b321-f103098285ed,0.0022843394332617,177.77999999999997
b90c3f81-c489-438a-9974-f0acc500b456,0.0019994935628125,195.77999999999997
0ea34a95-ae83-489f-a3ca-d020c5691897,0.00200592898830475,192.77999999999997
4354ce4f-efed-4b74-afa1-d8c783d9978c,0.00238012716700895,171.77999999999997
ae208290-398b-48f8-8739-c739c99e9c29,0.0021440693080652,186.77999999999997
d3309881-4472-4619-8149-c80c99d20b37,0.00217523918597185,183.77999999999997
32616224-74e0-4705-940f-bc7558137bdb,0.00177396976431035,207.77999999999997
932b9a3f-75ef-4aad-b23c-ce3e1fc9a6b1,0.0022055737507988,186.77999999999997
1f9dd112-b10e-4753-9a44-5159478c76ec,0.0017918183914434,204.77999999999997
e793f67b-e8f6-4de7-bea7-c59e0631116f,0.00277522779976755,153.78
be4c4018-df8d-428d-ba96-ce52835716f4,0.00204656347231745,195.77999999999997
b47a0735-24c9-465a-9eb5-2b141c4431a7,0.0019430807872622,198.77999999999997
b7e867fb-9959-43de-babb-f4797b14d8b2,0.00242662243982085,177.77999999999997
5d4e1a61-16f6-4bcf-8938-54bec690c520,0.00173178242790075,210.77999999999997
8bbb26f4-d02c-4d03-b427-12fe592fac27,0.0022857243141114,180.77999999999997
2ff70e9e-04cd-4342-bb6c-ecfa612da629,0.00302473342657765,144.78
86c33824-5768-4155-9ffc-8acb14d994d6,0.0019713664099346,195.77999999999997
0738bdc4-65fe-4441-8264-361ff69af72a,0.00205177526031785,192.77999999999997
94f7b848-85a6-466d-8111-bdc50eb76eb5,0.00212071276083705,189.77999999999997
896d784a-46a0-423e-a622-823b4cbef09a,0.00204894941317675,192.77999999999997
57a49b4c-b092-44b1-8889-0ba73caa3030,0.002149652870625,189.77999999999997
3e912c18-72cd-49f2-bd70-bbbdcb570106,0.00212360791580835,183.77999999999997
8740eafc-fb86-4457-871c-c5f12bc56acf,0.00210030698140565,189.77999999999997
f2476a5c-3ad2-47d1-b5d2-69ab89fb3501,0.0022055737507988,186.77999999999997
9f7f459a-a10f-4bb5-92ab-01d05c21aecb,0.00170197282156365,210.77999999999997
8c2b3a34-8256-482e-86a5-e25811e45bea,0.00277522779976755,153.78
ea647e9f-bfbc-4437-a1be-0dd445d0f458,0.0018814864702262,198.77999999999997
09f3bdc1-d76f-4d6b-8a41-bbb03e189b8f,0.00199447106277155,198.77999999999997
4dace96b-5a7f-4c41-a68d-8107db39debc,0.00242662243982085,177.77999999999997
7da2e480-4cbf-4d51-bf32-22fb8d7d4b93,0.0024197571359186,174.77999999999997
28ad3d8e-600f-4cf8-bd1b-85011d7c2046,0.0022857243141114,180.77999999999997
318d5242-6080-4350-a5ef-f40e726983e3,0.00302473342657765,144.78
15a79c6f-6a04-4a4e-abc3-ed132558eef4,0.00226777231190865,180.77999999999997
b5adf89d-0a07-4623-b6e6-4d8e50f9fa84,0.00197052976952255,195.77999999999997
51fbe5fc-8190-4303-812f-56a85fd54bb6,0.00216912224687255,186.77999999999997
86b43d88-f8ee-4db5-b841-c31132fe2564,0.00227532600464805,180.77999999999997
e86c0449-1d7c-4e0a-a9ed-f7d4a14ab9b0,0.0020850332146852,186.77999999999997
9cca9e06-5266-464c-a6c6-866e94c496c2,0.00212360791580835,183.77999999999997
be25cd06-8593-4d57-9fb8-b4e96577d4fa,0.0022055737507988,186.77999999999997
5c5652b8-d3a4-4081-ba7d-cdb51a8aa9d7,0.00208697998456685,189.77999999999997
8af78200-39f7-4f88-9371-faad891bd258,0.00183518133255595,204.77999999999997
af43e865-8310-4105-a6d0-0ec731ba3e62,0.00277522779976755,153.78
a22d7dbb-d200-4160-aafe-f025a5904c3d,0.00188992275683455,201.77999999999997
a72868e0-57ce-4384-bc0a-ffaf645103e6,0.0019737246217975,195.77999999999997
abe9e493-6298-4ccc-8e77-54f222166440,0.0017749113685104,207.77999999999997
69f92daf-c426-4ca0-b70d-b34cb92b03eb,0.0017146516004125,210.77999999999997
b82c3808-f667-485b-9bc1-bc744a0a3d0d,0.00188776600530575,198.77999999999997
53f79b0a-c035-4fb8-9a75-3b96d692ed4e,0.00302473342657765,144.78
3481a230-482e-4456-a4b6-e9227137ff03,0.00191838624380375,198.77999999999997
2c095be4-3150-4b77-991f-ffff8e878b8d,0.00199392825911865,195.77999999999997
c28041a7-9763-4500-8313-d4861fb5c613,0.00205227069532285,192.77999999999997
c376403e-a870-422c-a3bd-acd725394e02,0.00214142772625275,183.77999999999997
dc3f0978-9fa3-40fd-be61-3379743bb2fa,0.00194867191767645,198.77999999999997
a0f7d79f-34e5-42a0-92df-f80355c61b0d,0.00193256890277525,198.77999999999997
2ef6b7ca-4766-46b0-8748-b02580f751e9,0.00232286601402705,174.77999999999997
e4a730ea-5235-4e37-9d29-3f5ec9b7b590,0.00208697998456685,189.77999999999997
93356a19-c665-42c8-9207-389caaa277c1,0.00176775796572725,207.77999999999997
6a03d63d-c0ce-406e-a498-65102b3393bc,0.00277522779976755,153.78
1afc2ffd-94fe-42dc-930a-765bbce0974d,0.00208697998456685,189.77999999999997
9c6a60b1-710e-41bb-a318-64fbe4bc4ec5,0.0017777191742033,204.77999999999997
571dc9c1-ff36-4226-a052-0fe3badf8f0c,0.0022520719364246,183.77999999999997
60ff0003-a374-40b6-b55e-3754e500b6d0,0.00183518133255595,204.77999999999997
6a1b0beb-5b31-4795-99f8-efa432bce37f,0.0022370017262625,183.77999999999997
3d0c1451-3c21-4f34-96ea-0dbf2d66d4b8,0.00302473342657765,144.78
b4ea2824-a4d2-4249-87e2-e1f916c811db,0.00170377360198545,207.77999999999997
cf61b9d6-c8bd-41b3-9f58-a5f2a4220b84,0.00208697998456685,189.77999999999997
7c620bbe-824b-42ca-830f-e0649526f1e4,0.00205227069532285,192.77999999999997
3fe247d4-a4ce-496a-9801-3c096a9c7f63,0.00214142772625275,183.77999999999997
30df9268-7073-40e8-9f71-030e4e18200f,0.00208697998456685,189.77999999999997
7ba5bbff-5a94-4b94-a564-0a325d1331c1,0.0019737246217975,195.77999999999997
048c66fc-1825-4089-aa8b-0653779a73cd,0.00232286601402705,174.77999999999997
962ea907-24f1-4518-b412-1c8ddb2c0f4a,0.00217055633319405,183.77999999999997
b34524e4-cbd2-4274-9c82-1b63cfdb1cad,0.00232777681452695,177.77999999999997
41266fdb-19cf-4a71-8a3f-25f5df881da4,0.00277522779976755,153.78
c9b45faa-c3a1-489b-9fa3-ab39d1095aa3,0.0021799690944381,183.77999999999997
27003da2-d5a9-4d6b-80ef-6516cf04e50b,0.00214616626111195,189.77999999999997
02886ea4-f4f7-43ed-bed7-bac47eb3a79b,0.00253596069214815,165.77999999999997
eec661c0-43f8-4906-aa0c-12f17de9b526,0.0018473269139226,201.77999999999997
655fa7fd-80e1-4709-ae9d-80a3e0ebc6fc,0.00240696099573135,168.77999999999997
496ad9fa-ee27-4023-bfb9-12b5df0f17d3,0.00302473342657765,144.78
9d659467-42dd-4f59-919e-760c9e414b64,0.00227366059647,177.77999999999997
63368a95-ee2c-46d5-b2b2-5e2845506b49,0.0020464922857443,189.77999999999997
5cdcfc0c-ebeb-4add-83c2-d017c7ee92c8,0.0021267722107607,189.77999999999997
2c7b9b24-59db-4028-8f54-993bb69a8c56,0.0018983298712314,198.77999999999997
47b69df1-960b-4a46-b414-5d6b385e7968,0.00219042017509195,180.77999999999997
5720d75a-8f3a-43f9-93b1-d7d1743b5c31,0.0015577451938348,216.77999999999997
381de602-9d35-4cad-bcc2-3bf9e3bc2660,0.00230203905108675,174.77999999999997
92e01b58-6a63-4970-95a2-3e2b311c1159,0.00197622544473685,195.77999999999997
e0ca6179-9178-4f12-ace9-bbe33cf98faf,0.00246135048826865,165.77999999999997
d6c95efb-eb75-49c6-a262-c462dabccc9b,0.00277522779976755,153.78
725163be-0f92-4c8a-a4c7-6fd7948a373c,0.00217055633319405,183.77999999999997
2b94e794-0f3a-4893-bc94-36822e2730e4,0.0025833392165728,162.78
2c5c0ce1-86b3-48ba-b934-0736f49b514e,0.00253596069214815,165.77999999999997
9e2c320a-3074-4611-97e4-b111b4b80e10,0.0024678981474239,171.77999999999997
b3ee8188-6458-48c3-9f69-7dd16a542ab8,0.00240696099573135,168.77999999999997
53435e07-28ef-4787-84e4-be5dff40d996,0.00302473342657765,144.78
8b587961-46a1-4049-a3a5-ef6b25234362,0.00227366059647,177.77999999999997
2200a99b-8728-49bc-8b3b-807e98300f80,0.00232777681452695,177.77999999999997
171e43f6-5cad-47a2-8596-0f9306c62bdc,0.00232777681452695,177.77999999999997
576b9518-16bd-4e35-80c1-615a71fba4c7,0.00236033082587055,171.77999999999997
6949b3d4-6645-4a64-9dd1-87583a1b37fc,0.00223910393771235,180.77999999999997
17310976-0b34-4e90-94db-a59cbc6e8f39,0.0020172173171625,192.77999999999997
2e4055da-1180-4fc1-a7f9-3a6244262d24,0.00230203905108675,174.77999999999997
c0e393c5-5d1e-4454-b94e-381a9e77aa4c,0.0021705474941875,186.77999999999997
c294988f-4a56-4bb1-8de9-8dc89caab010,0.0021266751529418,186.77999999999997
fff9f212-1921-4460-a0b5-40406309aa2e,0.00277522779976755,153.78
7a25ed66-2394-45a7-93bd-d3ab475ee4ce,0.00219941871020755,183.77999999999997
74ddfbaa-ff34-48cc-9fe6-bd6150dcf48c,0.0022195575625648,186.77999999999997
c1361602-1344-41d0-a291-5a18926d2a7f,0.00158647096048865,216.77999999999997
793192bf-d0d9-4acd-9f53-fcb4a92c9f31,0.0024997921574701,165.77999999999997
f14223b3-d4cd-4c8c-a189-15785393ad69,0.0023854905532466,177.77999999999997
33333966-c676-48ce-9f00-72e6eca0b1a6,0.00302473342657765,144.78
35027f80-637a-4aac-9633-61cdc66bf036,0.00243845720730285,174.77999999999997
3b933832-d681-4a32-8f6a-3aa7ee1ee3fd,0.0017776287566209,204.77999999999997
386596ac-c580-47c5-a5af-64b5af2d59cc,0.00183151968513445,201.77999999999997
ec7d763b-25eb-4c90-b6c9-80ffd438b661,0.0022619712032094,183.77999999999997
840dc519-4c8b-445b-b47d-75ea1164566b,0.00211946681197905,189.77999999999997
5be416da-84e1-43d7-83b8-3ad0ec6a45df,0.00233683088592735,174.77999999999997
8eac6f2d-d769-48f8-9d74-d8e5f547ce7b,0.0020220381845153,192.77999999999997
929dd3af-e4ed-444a-a067-dceb709b34a7,0.00280859108590945,147.78
3d7f9988-cac5-430e-8503-fb3bea3af9dd,0.00254593926191395,165.78
28eb61f6-73c4-477f-9fa4-ecbd686ebe4d,0.00277522779976755,153.78
6d4db35c-e95b-4bb3-bf39-2ae5df658b87,0.00258605513190725,162.78
0097a6de-0aa0-424a-9d39-103b17ec50e7,0.0021705474941875,186.77999999999997
41b66809-66d5-4f1a-8689-04d01cb2c34d,0.00225327259752715,183.77999999999997
93994301-bad9-44db-b31b-139c3643303a,0.0024997921574701,165.77999999999997
35df1e9d-e71e-4b40-92b4-e734ad3d2eb6,0.0023854905532466,177.77999999999997
ad1b96ae-e5a4-4227-accf-6c85b7925645,0.00302473342657765,144.78
7012b4b0-2e15-440a-9bf3-e12d5325ee0b,0.00243845720730285,174.77999999999997
59cba36b-eea8-4b2e-8587-7c5adb0ebf3d,0.0024278583049856,171.77999999999997
5c8dc7d2-1d8b-48e9-9440-b51b23ea3b03,0.00214051052204715,189.77999999999997
1d3e0525-e90d-4cc6-a255-45a78c3c67a5,0.0018959653782025,198.77999999999997
1e2cc571-b50a-4021-a9fe-41c0dd1de427,0.0020568117434125,189.77999999999997
95a5c6e2-006e-4855-a327-971e9ab67269,0.00233683088592735,174.77999999999997
c4245243-c0fd-4a9b-8982-5a6cf0180b53,0.00200358067341665,195.77999999999997
a59882b9-28bc-43a2-bb81-75d1628f1fb8,0.00280859108590945,147.78
99a4be0a-ed69-4859-aa31-5cd6a658f90e,0.0018525391284484,201.77999999999997
21e2dcbc-e132-4a05-b3f4-e1bc66ca57a0,0.0020174818352863,192.77999999999997
8b816143-3997-4947-b87e-fa3b7e2e7044,0.0020229622455783,189.77999999999997
c4b92b95-6be8-4390-9d0f-c54527bf7ab3,0.00222845509190475,183.77999999999997
20b4b882-98b3-4ae9-ae84-5f8dc9591067,0.00229144533009615,174.77999999999997
2e2ae723-bc06-4199-89bc-8b4ab620c0ba,0.0022626524105238,183.77999999999997
5be7ff0d-eb66-4773-9f29-cf9777bfc767,0.00247474634510285,168.77999999999997
41b5ef68-8a30-428d-b7d7-6525c2af0ce8,0.00302473342657765,144.78
627d2181-e7fb-47b7-b23f-609ecd97b2df,0.0021139983558718,186.77999999999997
236586dd-d3e4-410a-9117-2156680d924e,0.0021878880413693,186.77999999999997
f4729149-fbc2-40a4-8354-d1fa949133ff,0.0023512812935787,177.77999999999997
d6184bc1-1fbd-45df-9940-346832f4fb79,0.00212225949037035,189.77999999999997
15f848cd-8372-4f94-9091-bd3be740660c,0.00214029683011145,186.77999999999997
ba6a5e12-0fa6-49b3-87fd-4c9e7cbd0895,0.00199398032691525,195.77999999999997
f0cf036f-1d11-4044-b0eb-7abfa4eeaa43,0.00211715835814175,189.77999999999997
e656e94e-4555-461d-af12-08957a4bdee6,0.00280859108590945,147.78
f60da66b-7a5a-4d7f-84b3-bb4ec31da47d,0.0023971878092235,174.77999999999997
aad58c98-9ee3-46a7-aee9-3654be64f082,0.0020768699222174,189.77999999999997
77c28f99-8139-4eec-a225-863fed52c1de,0.0021852033199403,183.77999999999997
199b5f56-785f-4f57-8327-026ba9c6a486,0.00222845509190475,183.77999999999997
a8eb2e36-30cd-46cc-af31-3bc21cd88707,0.00229144533009615,174.77999999999997
ed8cb42b-b628-4b46-81d3-688ca2bb1921,0.00280859108590945,147.78
b6b35d4e-e7c1-4d48-9a36-be62bd3022e2,0.00247474634510285,168.77999999999997
c77ec832-12d6-4aa2-baad-81da9ccd271c,0.00302473342657765,144.78
b01b0218-fb87-4e5b-96e1-3dc5b4beacd1,0.0021153046681679,189.77999999999997
cb621794-29a3-4d7f-aa40-e58e70071385,0.00280859108590945,147.78
91432ff9-df4d-41b5-b0c1-f37c9e7ed7f1,0.0023512812935787,177.77999999999997
74ead25e-06d4-4090-b350-768792c47336,0.0018525391284484,201.77999999999997
70ea7015-5332-4ed4-a27f-e4456dfbfdc4,0.00280859108590945,147.78
add9430c-3ea8-4c13-a27e-cb76295716ce,0.00280859108590945,147.78
4ceeb47f-cbb9-4255-80af-9f03205eb6ea,0.0018525391284484,201.77999999999997
e137ae4f-46ab-42a6-b9cd-a34b3045ee86,0.00280859108590945,147.78
40e3cfe6-ebcb-4f0c-9431-46e8f9306c61,0.00192994229990075,195.77999999999997
21842c1b-de70-4940-8a18-3eae6f453362,0.0023478401923926,174.77999999999997
44df33ae-dc1c-494c-805d-f5db5bc5a994,0.00205227069532285,192.77999999999997
c4a5a5ac-564d-47de-8807-69319aa3e9f2,0.0024296603167863,168.78
66e76f27-3dd5-44c8-8b35-b8a4a7949d0c,0.002142719538483,186.77999999999997
7a549998-952c-4285-b5c3-4fe2a761086e,0.0023143944782222,177.77999999999997
2100ae71-1d3e-400c-9018-51398e39193f,0.00220226672991235,183.77999999999997
5e90e896-fddf-4ea9-aebf-03f89a46f1a4,0.00302473342657765,144.78
04b9ee83-df5f-4ef9-8b03-3267738b3f21,0.0019883440124875,195.77999999999997
b508805b-08af-44b2-98bc-1d9441df01e7,0.00199958599095635,195.77999999999997
77b13b0c-6b61-46b9-8e00-cc1d465f36e4,0.0023813367761194,171.77999999999997
e04b89b3-86f4-4d28-880a-aa458d59cb88,0.00216664057473975,186.77999999999997
e8494fc1-056e-4af8-b940-fa0ec9a06383,0.0020925926724,192.77999999999997
b6e440a8-2d3d-42f8-87cc-55dc8a141f1d,0.00191784257094355,198.77999999999997
d4389468-ba9d-4c85-b4b9-26beba6016ea,0.00198908346068335,192.77999999999997
430b0372-f42e-4e46-b467-e92347482a82,0.00280859108590945,147.78
cd7d81ac-3909-44b9-b6e4-0f8107fc931c,0.00280859108590945,147.78
2d81fae6-6f8f-44fd-9f19-3a6b1d66cbea,0.0023478401923926,174.77999999999997
73cf53b5-7bb5-443e-a71d-bfd973dd464c,0.0026547492321107,159.77999999999997
0a9055fa-feb4-489b-ab3a-b9baa27df0fc,0.0024296603167863,168.78
cc58c178-bbca-4834-a06c-bf582d106142,0.002592116439515,165.77999999999997
09f9b657-0f63-423f-9976-d352ebef4edb,0.0023143944782222,177.77999999999997
e9f23bb5-5d10-47d1-8dc8-6430ea825f33,0.00192994229990075,195.77999999999997
1c9d61f8-9864-4e6e-af86-f33fd95515c1,0.00302473342657765,144.78
df87b70a-adfb-464c-988b-fa8aa37ca28d,0.0026471058890302,162.77999999999997
9eccf2f8-f12f-471c-b588-d8e26355d0af,0.00227149235198955,180.77999999999997
d5d537cb-89e2-48a5-86a0-9d6ac5d88d9e,0.0023813367761194,171.77999999999997
b0093e96-641a-47a7-8237-47a226ba9220,0.0024152376943806,171.77999999999997
eae24604-c9eb-4280-94bc-e7f766deb7c0,0.0024777528078591,171.77999999999997
63e5068c-e754-4626-a332-367691d8527b,0.00256512343398165,162.77999999999997
7707d506-5c1d-4e55-bb5e-d2a44f291f13,0.0025051917420847,168.78
b716d896-1e5c-4592-b419-ecaa46649bf2,0.00280859108590945,147.78
16d2d06d-c1f3-4336-8934-7c7dd8fc1b3c,0.0022438643501014,180.77999999999997
146dc211-a84b-49a1-9e58-5cb77a8e8eac,0.00190834562791625,204.77999999999997
7c2777f7-8d8e-40f2-9a97-ab4f431c7da5,0.00206411468633825,192.77999999999997
85dec1f9-ce3f-47d3-afd4-4fb31642fe51,0.00226844469638485,180.77999999999997
321bcfc5-a861-484a-a847-5a4b0798dbef,0.00174856336995715,207.77999999999997
278108ab-f0c3-481e-a18f-7b10aba9e42e,0.00207211486579295,189.77999999999997
b79ca670-706a-48e4-b752-14925eab3285,0.00219484175689285,183.77999999999997
bc67fdd6-4ff4-45d6-85cb-8f5368092a96,0.00302473342657765,144.78
3aa6b94c-f014-459b-a474-3224e39128a3,0.00207446398199315,189.77999999999997
7ad30608-e88a-4dd1-99e3-35635d3e44b6,0.002302225990065,180.77999999999997
5f73e617-3863-4826-8a66-025371522eb1,0.00222883094528775,180.77999999999997
a9e6c7dc-759a-4d47-a3bb-d108e71e117a,0.00174821181604,204.77999999999997
88622ee7-5103-4f30-9683-7f0056c38696,0.0023535638822647,177.77999999999997
58adfeb3-15d4-4656-9739-d16db6bfb8ec,0.00211255244007565,189.77999999999997
dfdaab26-7aa3-4879-9bdd-f62c765aee92,0.00237768058365,177.77999999999997
0df4ea78-6d94-4105-986c-b25d6e7de7a3,0.00280859108590945,147.78
babea4a6-952d-4a86-92bd-8943e085a52c,0.0022438643501014,180.77999999999997
ff12fde0-ec4f-41de-8d22-73d2bf6f179e,0.0021161105031231,186.77999999999997
92b54929-0cd7-4d09-80b9-3824ee9efad6,0.00248639928746735,171.77999999999997
228d80ed-1819-4406-af5d-fab416fabb30,0.00244401293639255,174.77999999999997
f404bdb3-834e-425c-b254-816eaabcc42b,0.0022438643501014,180.77999999999997
a255f362-0ee5-4454-9453-7065962b8dd5,0.00281502334311735,153.78
71e22a4b-5bc2-4b3b-ad89-b7e1ff8a0075,0.0022438643501014,180.77999999999997
854c08e3-c4a7-426a-8c3d-bd26be342b19,0.00302473342657765,144.78
fdbaef2a-7258-4d66-8370-8e4a0206046c,0.00244401802730165,174.77999999999997
857e5132-b09d-4344-9ddb-10cd20b9676a,0.0022438643501014,180.77999999999997
263c980c-a0d7-43bf-99c1-11ecd4c97e0d,0.00222883094528775,180.77999999999997
3de468b7-7cd5-488d-b3b1-b68d0d97b4d9,0.0022438643501014,180.77999999999997
81c06948-ad2f-4abd-9fb4-ea4e06d72f13,0.0023535638822647,177.77999999999997
22eff8b8-659d-4a82-97cb-bc50fbcffb4a,0.00258735107651735,162.78
efcff040-7071-4a17-b023-2a0d48bbd862,0.00237768058365,177.77999999999997
088775ce-1206-448d-b77d-530b3d0f89c7,0.00280859108590945,147.78
d5039014-2271-45bb-9702-a61fb86d5c20,0.0021438577250701,186.77999999999997
6c738746-9099-4d92-b0f3-7e88a582b8bf,0.0019571773412229,195.77999999999997
8419701e-b043-4c93-b5e2-80f2dd6c3d93,0.00224710431353435,180.77999999999997
56d14cdf-dcde-4ba6-ad1f-c7126a9b6def,0.002061014556062,192.77999999999997
35343f2c-e9be-419e-baf9-378172d965fc,0.00237219752961785,174.77999999999997
3effda26-94ac-4d2e-92bd-4d786ca2fe90,0.0025069600798446,168.77999999999997
7220f15f-5b51-4cb9-91b8-807bca1189cc,0.0023379482007362,183.77999999999997
4a754af0-d5e8-49e2-b2ec-f6f0e3ab1c17,0.00302473342657765,144.78
f96436ce-17d4-4590-90c7-7208b55716c7,0.0021760812041376,189.77999999999997
b941a85f-1407-4e37-a4f9-7682684089e6,0.0020124459971579,192.77999999999997
20702988-abbc-435f-9de7-2eae42f621ad,0.0022295306106424,183.77999999999997
f46695f6-5c86-4203-ad3b-eec8c262244f,0.00251808806342955,168.77999999999997
3cc3612e-cb0c-4af1-83da-97dea7a5473f,0.0018756153023256,201.77999999999997
e55b82cd-2ec1-414f-bbc0-55416a8b4309,0.00213358529854545,186.77999999999997
3ac3c677-6f60-402b-a28e-dfabadcbcc43,0.0020924560237438,189.77999999999997
453e3e6c-99a5-4dd6-930c-77faadb3ed74,0.00280859108590945,147.78
33ec5b89-9321-4e52-990b-62babfd3b07d,0.00233282761356785,174.77999999999997
2645c70b-ef6f-44d4-96bb-d571d9deb4ac,0.002482139437,168.77999999999997
b346b00e-0cbe-43c6-9ee8-1cf455ee8374,0.00224710431353435,180.77999999999997
fa81546c-b4e8-4e72-bda8-8ae9249c4600,0.00240991514699175,174.77999999999997
9dade98b-4bc6-4ad6-bfb6-6872ac2fda5f,0.00237219752961785,174.77999999999997
0a4a9142-06e5-4f16-afc0-6d46f6774328,0.0025069600798446,168.77999999999997
b4cd4a70-3132-4273-9c49-9becdfa8ed59,0.0021438577250701,186.77999999999997
7ba72b6b-fca9-4dbe-8c23-49a56a5a317f,0.00302473342657765,144.78
05d5d670-0874-4ccb-9673-4cbed7dd21ef,0.00262312931918375,162.78
28794287-4cf8-4e80-aa9d-e64012fbec46,0.0021438577250701,186.77999999999997
4f61608e-ddcc-4c47-bd2a-5b531508e90f,0.002061014556062,192.77999999999997
0192b01c-7ff6-43d3-8191-dd4ae4aedf36,0.00251808806342955,168.77999999999997
116bfbff-63e2-4a85-9919-930b8825f3fa,0.00211488275096955,186.77999999999997
a789eaaa-026f-44a5-aa70-bdd28a181572,0.0023575423514,177.77999999999997
43c24f34-cd9e-4816-b4ca-7a037a5dacd8,0.00280859108590945,147.78
6675a492-0d75-4eb5-9d4f-e5585c48509a,0.00280859108590945,147.78
ec48dea6-621b-4fb8-bb8a-2482df34ad62,0.0020489422999028,189.77999999999997
24dfb36f-89df-4aa4-b371-95138f753338,0.0022434421976842,180.77999999999997
9e87ed74-d0fb-4574-9810-5ed1cc6d8bfe,0.002480540463688,168.77999999999997
3dba488b-cd0d-4508-887c-70268020896f,0.002166217429125,186.77999999999997
55d77c8c-f754-4f3b-8feb-0e0ef5af7778,0.00223669492437385,183.77999999999997
a9d4693c-56e0-4f5c-bf07-787711b841bf,0.00200177950584765,195.77999999999997
8588d189-b416-44d0-a373-18c7317bb78b,0.00226893901760735,183.77999999999997
0f50a39d-69e5-437a-b98e-e9c75dad7c38,0.00302473342657765,144.78
5ef43618-7e14-49e2-a58c-2923a0a43db6,0.002152106053941,186.77999999999997
74aab1d8-fb78-410e-a520-28bc760e1733,0.00226424192632145,180.77999999999997
b684ba88-48a4-4fe5-8380-b332a98febe6,0.00227371946018125,180.77999999999997
6c0baa2c-ac7b-4993-a6bb-181bbb4b8d43,0.0022498138014059,177.77999999999997
ffc22534-3cb0-4012-bc87-ee0b2f4fe3d7,0.0021153046681679,189.77999999999997
920168ec-cc93-40e7-b11e-9d1e8e1a14c0,0.0017664458409431,207.77999999999997
a45fbe17-e4cb-415f-86c0-b51ae5855404,0.00219484175689285,183.77999999999997
f90d8640-20e5-49cb-9abe-c580e9ce2a14,0.00280859108590945,147.78
67d0905b-a7f3-4ca1-bb7a-0025aa23a5d1,0.00251493555115165,165.77999999999997
77c9b19a-4982-4ae6-9090-6fbcbbaee214,0.0022434421976842,180.77999999999997
688fd932-9235-45ce-884d-129225fe4b04,0.002480540463688,168.77999999999997
3e4b25ee-11f8-4bf4-b44a-823e18361965,0.00211180184097915,189.77999999999997
0a7ed5db-5801-46cd-93ed-db4c9c9d32b3,0.00253986685488795,165.78
5a3e1ec8-ebda-4234-9b6a-50f5b0d908cd,0.00280859108590945,147.78
336302d4-5075-4121-9370-e9972bfbf94b,0.0020489422999028,189.77999999999997
95defea2-7d97-4e1f-9205-f6cbb1ea690a,0.00302473342657765,144.78
b8f9647c-4b03-46c4-83dc-c4269e8ac55e,0.00280859108590945,147.78
9d2676dd-389f-4b42-8d27-8a7df7679ef0,0.00226424192632145,180.77999999999997
81517b4e-8851-4b63-a7db-e4c2ea491fc3,0.00251686136769,165.78
fbc43ffb-d7d8-43c3-9b42-79cb7daa1b09,0.0022498138014059,177.77999999999997
9777410f-c4dd-4b1e-836b-7c0536d58c4e,0.0020489422999028,189.77999999999997
daec76af-9a25-4b35-b615-d654823945d8,0.00245393330836735,168.77999999999997
e34696e5-1224-43e7-ad36-5d16ddd85085,0.00262941619607225,165.77999999999997
6c6bf8e8-25e4-4c24-b322-19ec82fcc091,0.00280859108590945,147.78
cb454974-8612-47ae-8c17-4a43469f5e3d,0.00247586488582385,168.77999999999997
8805f2a1-a12f-44fa-97b4-055b977ab109,0.00213930904873315,192.77999999999997
a9c4cfaf-1355-428f-95ea-190321576ea8,0.0021695372280661,183.77999999999997
7ecaba83-f334-4eee-8793-2c2e88937d9d,0.0021761236310357,186.77999999999997
7a1a3fdc-1d5a-49ea-bc63-d2596acc9461,0.0019713664099346,195.77999999999997
fe186b86-e7ec-4496-bf0f-94ee7b9e5434,0.00223836886050425,180.77999999999997
8b9f115e-3bfd-4f76-8b8b-8641fa72960b,0.00208178157765665,192.77999999999997
03ad5f64-58ef-4ed1-acf2-c31d9d27764a,0.00302473342657765,144.78
b9011747-e427-4d1c-86f3-3a0c6532f6f9,0.002212290605062,183.77999999999997
cbc85499-05d2-478f-8623-17b5c39fb17d,0.0021361636886183,186.77999999999997
002f54ae-a9c5-455b-85a3-d6bc0bd79f47,0.00192421466128335,195.77999999999997
10aa2fc8-2b49-492a-b2c8-3492a84d408d,0.00215116585112215,183.77999999999997
8155fc4b-ba86-472b-91ff-0b31a4437e1a,0.00212009200617735,189.77999999999997
08588abf-47cb-40d1-a671-19cec570d5a6,0.00216298808820415,183.77999999999997
c45f1c6f-a1cc-4bfc-b69b-d0b8cbab7d98,0.00201573449484635,195.77999999999997
2727efb0-f60b-4195-adba-b3bd5ca8c675,0.00280859108590945,147.78
87f76fd6-548c-46ea-8f4b-8f7c4bcc5cc6,0.00247586488582385,168.77999999999997
774a2f9a-1f32-4f7e-ad86-9733a6d586fd,0.0022327285041213,183.77999999999997
4fc1b7b2-f9fb-4c43-8c2b-a61add5eea89,0.00247586488582385,168.77999999999997
2e33afbe-c077-4c76-b861-fb78c796e475,0.0026552843863889,159.77999999999997
c522e73f-875e-4c26-a935-05d861bc1aac,0.00280859108590945,147.78
e79d5eb7-03b3-43ae-9005-3c1b97a10656,0.00223836886050425,180.77999999999997
2b05cf4d-77a3-4a2b-bd15-8f72907ac00e,0.00280859108590945,147.78
802fdf00-082d-4f59-a454-6f657d286a8c,0.00302473342657765,144.78
4eea8054-cbe8-4748-b9e3-a87c12cd7ef6,0.00280859108590945,147.78
6d022352-de69-44f5-9d34-f1329d0f46e0,0.00280859108590945,147.78
72444e00-17df-46ab-bf21-c04f3d8e1525,0.00280859108590945,147.78
8935a2c1-f691-4000-8e2d-7d7e2f16b472,0.00215116585112215,183.77999999999997
14130b29-4819-49d5-b468-a717613f95fc,0.00247586488582385,168.77999999999997
8c098539-55ef-4172-a242-d05f03c08775,0.00216298808820415,183.77999999999997
fd4118d3-f032-4fa9-ba05-08a968525b8f,0.00214737719290335,186.77999999999997
f150e92a-00a6-4ab4-9663-01bb22d433b2,0.00280859108590945,147.78
4031d64c-18fe-4016-92da-6d74e3499fe9,0.00219383698522275,186.77999999999997
77611d5a-d1c5-4d86-bc20-735080f1dee2,0.0020696765612,192.77999999999997
5e73bd7e-9d7a-487f-83b0-75df7f3315af,0.0022280202870949,180.77999999999997
547029b1-c5c5-42ad-b29f-eea63569c250,0.00193990714796205,195.77999999999997
c17a2c8b-259f-44b6-9602-765d0b4317ab,0.0023363051373615,177.77999999999997
b3875cf8-581f-4802-a468-b163f69436e8,0.0019994987731277,195.77999999999997
3505678f-cb0c-4289-b226-7d28fee56f43,0.0020285841653432,192.77999999999997
ce23d4d2-2848-4419-86f7-e836cdd58dfa,0.00302473342657765,144.78
5dd7904e-3d46-4fc3-bac9-038f18bdac01,0.00234259560763505,177.77999999999997
b77addce-00ec-4b5b-aa8b-1c42e3944d85,0.00235357285652895,174.77999999999997
9e74e1c3-de2a-40d3-9e7f-acb1ad7e4d22,0.00202471807665455,192.77999999999997
19d853b9-b085-4024-820d-9e21670e7137,0.0024740308981387,171.77999999999997
442bee34-429f-402d-93ed-4512a194fb93,0.0022152422641879,183.77999999999997
0822a22c-e2c7-41e2-914f-55469983f13e,0.0022709826633207,180.77999999999997
7ab7ddee-b72b-41b9-a758-4a00a06259bd,0.00178364581035565,204.77999999999997
aab3df8a-e107-4f84-8668-28d020a437c1,0.00280859108590945,147.78
d0b93eb5-9a47-4625-9a5d-86cd71d727a4,0.00241703457259375,171.78
aea5dc8a-8e18-4f8c-876c-22c1e4a262b3,0.00219383698522275,186.77999999999997
1a1b307e-0816-43d5-892f-26e013f53587,0.0026378504389155,159.77999999999997
8062c098-f58c-4f50-86d6-f54c33e1d225,0.002758440545625,150.77999999999997
763263bf-16a8-427d-9242-fbb966092f91,0.0023363051373615,177.77999999999997
7c93a292-90e6-46d6-998e-c4ffe8ce99ff,0.00219383698522275,186.77999999999997
64cac5aa-e2ea-476e-ab29-df059db9260e,0.00280859108590945,147.78
702a0a4f-4cb6-43c4-949f-3140f8ead643,0.00302473342657765,144.78
d4671509-779e-4c29-a0ab-5c2824f2eec4,0.00234259560763505,177.77999999999997
6148ef54-9007-4785-8942-93877abfed8e,0.00235357285652895,174.77999999999997
828eb074-cadf-401e-9a7e-2ce3cd116174,0.00280859108590945,147.78
bf285fbb-b002-4e7c-bfee-bc821c66c2b3,0.0024740308981387,171.77999999999997
dccfb45c-4398-421e-8a13-33d895d8fb95,0.0022280202870949,180.77999999999997
3a94903e-0064-41ad-bf77-1537b78c26ae,0.00265339824951085,159.77999999999997
6224554a-acc5-4bf3-b517-5c9da851c9b8,0.0023022740130439,180.77999999999997
995f7370-6781-4457-be19-740e940a9cee,0.00280859108590945,147.78
5a8e495a-33c2-489a-b539-a12fbd1c8b80,0.00217981640547175,183.77999999999997
e95f1417-292c-4ac3-b124-23788d5e0908,0.00227517795556015,180.77999999999997
54e06119-5486-4ef1-9c6f-82c869c22690,0.00202238975415625,192.77999999999997
ddb48ee5-56f3-4910-848e-33f7fbad17dd,0.0025051917420847,168.77999999999997
88b6bffb-89e5-4900-ad43-e8bdebcbdb89,0.00245081048187025,171.77999999999997
cf0e28b3-dddb-4181-9b6a-072b63752e7e,0.00223169976351865,180.77999999999997
72f2c37b-440e-4586-a807-c239facd1501,0.0020128360973097,195.77999999999997
35c11ec3-3216-4b77-9518-13a0fa3aeacb,0.00302473342657765,144.78
fa9656a6-7a11-4090-9801-8c1b611356eb,0.0023660120972373,171.77999999999997
f4521b8d-d598-4bb6-9ea3-f20432e9cb40,0.0017565595711054,207.77999999999997
91a4a886-1421-4455-9a05-6c9f79c7921c,0.00200287590756565,192.77999999999997
1963aa5b-bf57-40fc-8e68-ac7399200e19,0.0021426042654504,186.77999999999997
2e0d7fb0-371e-453a-b62b-f8978717df10,0.00193385982983495,198.77999999999997
6912926f-db9d-45b3-8190-dc0d36ad5c08,0.0020363898824746,198.77999999999997
b51da65b-6e1e-4830-892b-214a31648ff3,0.00204102720555825,192.77999999999997
581a292c-f2fd-4bcf-b2c8-3322291cd0d8,0.00280859108590945,147.78
a42e3510-3254-4164-b359-db6ce761b9bb,0.00280859108590945,147.78
5a89bb5a-3aab-4dae-a2bf-9e4a94da0434,0.00221851673734075,180.77999999999997
30a19046-5b14-4a45-8cf7-d3429fadf1cf,0.00280859108590945,147.78
ed22a440-5281-4408-a172-92cd38f4c29d,0.0025051917420847,168.77999999999997
4448e165-2c6b-4780-9d6d-0ceb79080678,0.00245081048187025,171.77999999999997
add488cb-e0f6-4593-9d48-af2475b1d0da,0.00223169976351865,180.77999999999997
990a6f9d-e5e7-42c2-9a6d-84ad54fbf630,0.00280859108590945,147.78
1db767a4-e864-4780-9c3a-b36ee1202ae8,0.00302473342657765,144.78
26f97d00-e3ab-4e8d-8827-ba235bb728e7,0.0023660120972373,171.77999999999997
721ff7e6-1ec3-43fa-862b-db5934e046e9,0.00223322712194595,180.77999999999997
51a08109-be99-406f-8e60-f31be8d988b3,0.00217981640547175,183.77999999999997
6779a7c1-91c5-4d75-b83d-9dacbc22b568,0.00264844903826785,162.77999999999997
0c8a9992-4f62-469d-a642-658b31cea7c2,0.00280859108590945,147.78
4973c7f2-e823-460c-8b5b-65f0e52f31cf,0.00280859108590945,147.78
bd9fdedf-97f0-436e-a462-178ab8619d21,0.00217981640547175,183.77999999999997
7f2f612f-c6ae-4f36-aeef-8e14296d4e05,0.00280859108590945,147.78
ffa2921c-adb3-446a-8292-0ba9b50ee171,0.0021354384429757,192.77999999999997
183980f1-4eef-4c7d-b7b7-a5106d8ba89c,0.00209639234475455,192.77999999999997
206d3051-4a17-4b5f-8960-052810dcbd82,0.0022386968124776,180.77999999999997
600d7ef9-7a07-4348-8072-3f058ab6f325,0.0020478664970972,195.77999999999997
f1617240-4c5f-408e-b2cb-61a5871607d4,0.00264310681736885,159.78
557fbe93-fadb-456a-953c-4d82750bbc84,0.0018691265026067,201.77999999999997
359a990c-ced9-408f-b28f-3adc550f5ecc,0.00195179345565625,198.77999999999997
c12b4725-5e4d-4b08-8c19-e545046b9df5,0.00302473342657765,144.78
ff86d762-e050-4be5-b306-c34b19f56cf0,0.0020203450786268,195.77999999999997
4a1cb69f-ea11-430c-95b5-e31825288461,0.0022767247628248,180.77999999999997
2b07f6a4-2aa7-488c-8575-203aa9ea3767,0.0020302407889799,195.77999999999997
9246860f-8101-45f5-a7cf-36e9f3ef068c,0.00218855362462215,189.77999999999997
556ee2e4-cb43-4c53-a88f-addd090a27ab,0.0019436463111009,195.77999999999997
5d12de8a-b682-4bcf-9b6b-c578dfc58c25,0.0023561119392439,174.77999999999997
d8cf9f3c-ee94-4247-8dd1-ec5e20e78730,0.0024169903645241,171.77999999999997
249c661e-eeda-4707-a73a-62ee3895ab86,0.00280859108590945,147.78
fb92a38c-9c23-4c6a-8fc3-dfa40b3d17e8,0.0021808998391357,186.77999999999997
a0eaa7df-985f-47b2-bc63-2089592a664b,0.0018309552561983,204.77999999999997
1d10b530-566d-497c-8b5d-74adf1be59a3,0.0022386968124776,180.77999999999997
63e44242-613a-4ee1-bfe5-8e41188623b6,0.00190801375591105,201.77999999999997
62ed3bcf-5f2b-45b4-9871-fe09b86158a2,0.00264310681736885,159.78
19d7d2da-48af-436a-a6f1-238bd834fc60,0.0022633934227443,180.77999999999997
d9bf0e97-721a-4a3e-b86e-d60d5035f429,0.00232580338293165,180.77999999999997
1320d433-32bf-47a2-86b7-f6150bd1b7b7,0.00302473342657765,144.78
15cd1997-19d5-4557-bdcb-5131cb2f97ff,0.0021354384429757,192.77999999999997
2de1ba24-4d48-4d05-8ab4-e53a255ce1a0,0.0024235449955563,174.77999999999997
d3652de5-4073-42bc-8a7c-6b4e47026d9c,0.00268366617278675,156.77999999999997
476d14f8-b613-4dd6-93a6-e3106fd0bd99,0.0024508588192879,168.77999999999997
1896626f-2a0c-4b2c-b10a-b589361db775,0.0018748615240212,201.77999999999997
90f6cc69-27f4-4893-895d-559d472574c4,0.0023561119392439,174.77999999999997
7b5f758b-70e0-419a-a175-621a164d872e,0.0024169903645241,171.77999999999997
261a9465-9803-4368-a4de-f7a0416a9055,0.00280859108590945,147.78
d5866ae5-853a-4767-b19b-674e866d2cf7,0.00188095219922915,198.77999999999997
5a4307d6-4ac9-4800-b142-6951fb8ca62c,0.0021289952226881,186.77999999999997
b15d0e6d-5347-4c04-b556-52f965c3c64b,0.0021957711608109,183.77999999999997
9edebbc8-1c4b-4b5a-8bed-3a0bf47a690a,0.00213063025344255,183.77999999999997
f20ecd5c-2d9d-410c-8960-8c29202f3572,0.00216596926234885,186.77999999999997
f04757d3-484c-43ed-a4c7-13caaf01afdb,0.00192996727981345,198.77999999999997
aca2398c-4b88-4485-9ae6-c88aef241511,0.00197328870929285,195.77999999999997
57b9dcce-810e-4724-8d30-a2b54a635df7,0.00302473342657765,144.78
9d19e263-7ff2-4d5b-a6c1-d1bbc2c11f82,0.00202852086739585,189.77999999999997
ac4a505d-9b51-4930-8a69-ee012016e1ba,0.00193058117083545,198.77999999999997
495baac2-a026-407a-a980-5f4a95166a9f,0.00217010913803,183.77999999999997
09cb0654-555d-429b-9b6a-de210ccf541c,0.00202544113294735,195.77999999999997
8162dff4-a54c-49f5-8e6b-982f356a4abf,0.00190894851834,195.77999999999997
d9577cf4-b038-4227-a8c0-57220915d543,0.00220479452282795,180.77999999999997
4e7b4991-bf01-4ddd-8f55-993de786e9fc,0.00227715225431955,177.77999999999997
7a462da0-96da-4eed-b212-1e6a705a0663,0.00280859108590945,147.78
e3993942-0227-4d09-a7e7-795c179540bc,0.00188095219922915,198.77999999999997
d8876541-81f1-451b-bc03-208951f04d02,0.00241703457259375,171.77999999999997
d04a7c77-2251-41f9-8aab-ec88d015e17f,0.0024235449955563,174.77999999999997
9e010bfa-ff42-4272-b045-6f8c8a8a76ea,0.00213063025344255,183.77999999999997
25c85a67-d179-49d5-a6ff-22ecbfde3ff7,0.0025028513285644,168.77999999999997
0f17ea4c-987b-454a-b61b-76d8cda6abfb,0.00287563940573845,147.77999999999997
f44e4bbd-0121-433b-bf13-84223be3e64a,0.00188095219922915,198.77999999999997
5dbe0713-d259-4b9d-b392-4e01bc050cc1,0.00302473342657765,144.78
2c297395-caaa-4c90-b8b9-f5ae4e072108,0.00280859108590945,147.78
8cfd41a7-b2a2-4236-8d44-4b91abbcb6c5,0.00263232345645,162.77999999999997
f952dc2d-3cb4-478b-a0bd-ae4bbe2b41c8,0.00217010913803,183.77999999999997
7348cbfe-e146-4e3a-ad9a-299707e779de,0.00188095219922915,198.77999999999997
b8e7c4a6-87f4-4cff-9905-c8a2e572aa32,0.00188095219922915,198.77999999999997
cb9a7830-66bb-42e2-8375-f3b2b758fb6a,0.00220479452282795,180.77999999999997
9c912c76-3779-4abf-bb84-3375fff9fb29,0.00227715225431955,177.77999999999997
39e4b0f9-43ce-46c1-9a3d-3eff88fac11b,0.00280859108590945,147.78
019484dd-a1a0-4aba-a6fe-8b993e148c08,0.00194758215735715,198.77999999999997
0db7289f-c5a8-4a09-bf5e-b07c670c738a,0.0020023110889192,195.77999999999997
2b53cbd4-9dd7-4976-9741-8711690fcc55,0.002291082367561,183.77999999999997
9b9edf59-229a-4631-9250-6ffea1abba89,0.00229654895970515,177.77999999999997
7135c012-9b21-4423-b2ad-d919f4868f55,0.00214758977037705,189.77999999999997
319b3b85-2fae-406e-a7ed-f4e1bf3f34c3,0.00238902833900415,177.77999999999997
2864faf7-dc18-41ff-9486-22fa274bce94,0.00212676352504645,189.77999999999997
35f8bd89-54a1-4c29-b42c-8ecb4b803dd1,0.00302473342657765,144.78
f2a7d701-207d-4b77-858b-c1175bcf9dcd,0.00244341698567905,174.77999999999997
3bb6bd40-3f8e-4e81-95d5-634760b2a78f,0.00198250774680165,195.77999999999997
5483e388-0f40-45e5-8f68-a4b2deaf1b1f,0.0021624838681204,189.77999999999997
85462154-c62d-4ec8-ba5e-b8014edf399d,0.0021139983558718,186.77999999999997
10c2b490-aff3-4e33-975e-db75583af126,0.00194172870659695,198.77999999999997
07f064cf-b9c4-465c-93fc-257edbb5a9ae,0.0023867162967069,177.77999999999997
844a7ef8-f82a-49f0-94a2-248671c782cd,0.0021727499528943,186.77999999999997
94795914-3548-4e4e-b63c-48b447e98246,0.00280859108590945,147.78
47ffc376-4155-4131-a6f7-b5ada4f80452,0.00280859108590945,147.78
a0bb5ed7-b759-4827-81b5-51e0e8860297,0.0022663057525035,183.77999999999997
603356a4-976b-4e49-b546-1c619e4d665c,0.0027185104186154,156.77999999999997
b0691a08-ee11-4efc-839b-3e12f5f355f6,0.00229654895970515,177.77999999999997
7bcd0922-5d42-480e-aeec-05685a32152c,0.0023750656981933,174.77999999999997
0e487d48-673e-42f8-96ad-1e51bc23c47b,0.00238902833900415,177.77999999999997
bf2f1e69-9cc5-4953-9073-c9cd59f7fe42,0.00250617353501305,168.77999999999997
d929ce10-95ea-4328-8604-e595a8b3fcac,0.00302473342657765,144.78
3a09ec6a-7683-4020-88f0-9b93e2a1d107,0.00244341698567905,174.77999999999997
50e06500-c3ce-4a46-b567-6cc37125821d,0.00257334163550855,165.77999999999997
b5482129-f5b3-4372-bcd5-461f7f1db6d4,0.0019015500966842,198.77999999999997
7008f89f-24f0-4972-8276-87292d2ccbde,0.00247896121705665,171.77999999999997
584b8d33-4bfa-4c06-9934-52e48ff84d0e,0.0024827177714496,171.77999999999997
78a6cc19-d293-420a-9607-1cc32798aaea,0.0023867162967069,177.77999999999997
ec02fd36-de25-4ec4-bf1c-aa812def52be,0.00194758215735715,198.77999999999997
7fc1888d-24bd-4c35-9d99-fc5f3da6f996,0.00280859108590945,147.78
f263b7fe-80ab-4747-be9f-2156796bdf20,0.002309522635916,177.77999999999997
b42d18b1-a9cc-4934-b3c4-7400766a87fd,0.00204378123374485,192.77999999999997
80a58602-4706-4040-85e5-4eb2bad38944,0.00225243582182725,180.77999999999997
c8711f8c-f26e-4f46-a98e-76fc21b94e5e,0.0020771769399671,186.77999999999997
e43f6406-15a5-4d2d-923b-b95804640cc1,0.00242638714372915,171.77999999999997
ef04f0ac-8a73-459d-b4c1-4b4c14a68523,0.00220540380603915,180.77999999999997
4e87e05b-e31d-4749-9964-0a24ac4fd8c7,0.00218952372216795,186.77999999999997
246f3f78-72f9-4bb9-9099-3c31fd961868,0.00302473342657765,144.78
1c4b4a7e-0e24-4209-80c1-ce4279f23b49,0.00208483392544855,189.77999999999997
a1408839-4e46-4b2f-aa56-e9188dd51c3b,0.00228247473835515,180.77999999999997
1fd82e07-c5d4-4f26-be6f-615108a5e686,0.00217991318139265,183.77999999999997
e3ae5947-76a1-4bb3-af77-8d40fd8fe2e8,0.00200731687252025,198.77999999999997
ca14c3a4-f4b7-4c8c-93f8-6c6aca861e66,0.0023550590849294,177.77999999999997
35b6ac09-0a49-448a-adb1-72aa7d01ac69,0.0022758299457731,180.77999999999997
a3504513-2349-44aa-bc69-bd772f40345b,0.0022120848433647,186.77999999999997
ca628ba1-d314-46a5-b75b-3bfd300d2f04,0.00280859108590945,147.78
942bae8a-c2de-4c01-8170-e72da4d3a1cb,0.002309522635916,177.77999999999997
db6bf095-e8ff-4545-af84-a2a567f834ab,0.002309522635916,177.77999999999997
fa063c6f-29d6-488c-85bb-70d07f244b6c,0.002309522635916,177.77999999999997
4de05d15-3207-4c7a-b623-1a3685469a0d,0.0026862414733398,156.77999999999997
3bc357c8-b3b3-47d5-8b2f-19ef2e69b64c,0.00242638714372915,171.77999999999997
2bfb3334-4f93-4fbc-8f7f-c81c55d414e0,0.00220540380603915,180.77999999999997
6b27471c-c637-4adf-aff8-e58fd24abe0b,0.00215712790916665,186.77999999999997
54e79ecd-87d7-43f8-a20d-e382f47391f2,0.00302473342657765,144.78
e5074ab0-6e92-47e0-82a4-ccc4386857ff,0.002309522635916,177.77999999999997
3ff87adf-2b12-4dd0-a72c-af9eef6e5c82,0.00280859108590945,147.78
27bafa25-6748-4b68-a442-fd5041a80939,0.00255801009400795,165.77999999999997
c7d05fa7-1cab-4c31-ac56-1bb5cbf188d1,0.002309522635916,177.77999999999997
2bc4f63a-f3e3-4c12-9eab-cff05960dfa9,0.0023550590849294,177.77999999999997
1d20bc55-5400-4140-81da-ea7d8427441d,0.0025553593215886,165.77999999999997
26ffb41e-ea27-45aa-a1f6-77bf247ae668,0.0024345291262447,171.77999999999997
f900f42e-0cb4-4e25-a5af-7b9c881caace,0.00280859108590945,147.78
f51f93ee-e1d8-4bc9-b4f5-96f44ec77d17,0.00235557451189535,174.77999999999997
030a08c5-e81a-4403-a708-f2fa3089c885,0.00201066871493375,192.77999999999997
96f04d58-ebcd-4f71-8979-7dfb0334fce7,0.0024578918871979,171.77999999999997
63eafffd-0ec4-43a2-a9f3-596a1d0d18be,0.0021700388636591,186.77999999999997
8065a03b-979b-4e85-9e27-08506cb52c90,0.0022157058151371,183.77999999999997
1a99e48f-b05c-4d3b-b760-95f2beeec8d8,0.0020356085148853,195.77999999999997
f2671246-7742-40f9-b373-b749ab699408,0.0021544442458986,186.77999999999997
773e13d1-bc96-49e8-b450-d9e3fb376cb0,0.00302473342657765,144.78
35c47d91-b25d-479e-9470-d29110bff832,0.0020461206188792,192.77999999999997
5c0b0098-d2b7-4240-9aa7-0221f2c67d0c,0.00206469406582145,189.77999999999997
6d3e4662-5d9c-47c9-b868-69b754f26e18,0.0024455071122479,171.77999999999997
bedb31f1-86da-40f1-a207-decd20feae55,0.0021080169403877,189.77999999999997
56595a83-a9bb-4a73-beb2-97aacf61451a,0.0020765800862522,189.77999999999997
f8f21f17-3a62-44c3-8b06-fd9b2a3a40bd,0.00226715467296535,180.77999999999997
c075513e-b0eb-4348-b871-e57c148f7cdb,0.0021279012836739,189.77999999999997
6c4269d1-6a6c-4260-987d-0b5c0dc3c7ad,0.00280859108590945,147.78
ab1eb160-9900-4856-af8d-4ce3eb1cc4fe,0.00235557451189535,174.77999999999997
ab6e2e7e-1065-40d9-80c6-22de8e5390f0,0.00226264915221575,180.77999999999997
fc025bd3-4b92-4ff1-ac5f-c9a63fa22b76,0.0024578918871979,171.77999999999997
a3045245-3def-4f43-8ab4-8c08659e982a,0.00242896693781505,171.77999999999997
56658389-646c-4fa1-aeb9-aa9ed20dceb7,0.00282665904653825,150.78
e8f7d7f4-4e46-498b-8d9d-ed5e5db10579,0.00235557451189535,174.77999999999997
08301414-1b4d-4de0-bdcc-598d4672af15,0.0024930264559489,165.78
20a300ba-fa77-4169-81b9-d2ca778da0aa,0.00302473342657765,144.78
db13db3a-de2c-4041-97c7-430ceec0c7cd,0.0024836949264548,168.77999999999997
d2a8c538-d152-4250-a29a-3702401e6de6,0.0027593407860219,156.77999999999997
d41c3baa-f913-4c2e-add1-fbfd9ae5accb,0.0024455071122479,171.77999999999997
f053d6a5-6cfb-4898-aff7-ce31d6d066e0,0.00258585909510075,165.77999999999997
f8399a9c-c9c9-4404-862a-46365dc8fdda,0.0025569171666932,162.77999999999997
91d4b5f6-6fdd-447d-b5c9-1c8d1d7c523d,0.00226715467296535,180.77999999999997
0f33f0d5-37fc-44d3-b8dc-a5263df16ff0,0.0027073348530559,159.77999999999997
928c9c1c-8775-47af-a4f2-d40219469927,0.00280859108590945,147.78
4233cbe2-8614-469f-a310-973a1a94bf20,0.00201469356708525,192.77999999999997
72d67fb8-bb07-4a65-99b8-77e8d278589d,0.0021473805000946,189.78
b5ead18d-e62a-4025-ba98-b6944e8ad46c,0.00220467725791315,186.77999999999997
b90a00a7-263d-4d1f-be85-9d256772adc2,0.0021565827022089,186.77999999999997
7698438d-6a14-4e00-953b-308ed4569fdc,0.00194113188846665,198.77999999999997
01b56712-733b-4ec9-8348-4e1fb178c2b3,0.00186103015073335,204.77999999999997
c226b493-c49d-4275-8639-4007d5f2ccc7,0.0024345291262447,171.77999999999997
4a1b053a-9704-4376-af6b-1d1e0c790e73,0.00302473342657765,144.78
7df6f5a3-e051-48f3-abbb-1767e028c53d,0.0023036795523402,177.77999999999997
22b5905c-813e-4c6b-9a0d-066318fb4aeb,0.0021161105031231,186.77999999999997
5725c37b-bc3c-49c2-b62b-377f9383b633,0.0020768948873112,192.77999999999997
9a57db9f-54e6-4197-97dc-a221e31ee019,0.00204684236410145,192.77999999999997
649755d0-fa33-4bd1-a773-3e548c8edaa9,0.0020467165164107,195.77999999999997
1242689f-f2d4-4cde-85d5-c65c1c0a4fe9,0.00186148300352325,201.77999999999997
8e53a3c1-6ca4-43e3-85c4-16f9c00e3e5d,0.00227784553808175,180.77999999999997
5c6d6b80-274f-4175-b212-4dca948fff00,0.00280859108590945,147.78
69e6d2f2-0343-4459-96c1-109d360fd3ac,0.0020953889193531,186.77999999999997
94464e73-d635-4ed9-b396-25877f343631,0.0022242207819226,183.77999999999997
dde0f88c-50e1-4fef-85eb-f55c09f1f603,0.00280859108590945,147.78
ae36c4a7-87a8-4bb0-b8cb-39c75acc584c,0.0021473805000946,189.78
881bf4b1-7ad8-444f-a01f-7506aa42719c,0.0025355801912625,165.77999999999997
b6de111b-8bd7-4e8d-95eb-864e620d7efc,0.00190877690032145,198.77999999999997
ef6456ca-ea2e-41bd-97bb-b3c2b2e8c5ee,0.0024345291262447,171.77999999999997
e869a80b-c3fd-4c90-8d20-12ab4360d6d9,0.00302473342657765,144.78
e6f8291d-8339-4af0-bed0-1c0a29d0a63e,0.0023036795523402,177.77999999999997
8f1ef52b-375d-4b33-9853-2bb79ac68603,0.0021161105031231,186.77999999999997
85129a16-4f1b-42da-96f5-82cccff6e7cb,0.00221976669239655,180.77999999999997
3e02e1d4-8740-4d98-932c-fa3834c2f331,0.00263181609509485,159.78
7cf915f1-3f99-46e9-9a87-796228aca9b1,0.0022186567360563,186.78
8ab36512-afa6-42d4-8eb3-8b20cd412baf,0.00280859108590945,147.78
b8d081ed-ab8f-4913-9efb-8ed989eaefb7,0.00227784553808175,180.77999999999997
29c55d96-2d8b-496e-b8e9-6aab584b2b12,0.00280859108590945,147.78
03230e9e-42fe-49f8-ae28-34583b18bbed,0.00202852086739585,189.77999999999997
08bd8040-f954-43bb-8689-27c863ce7659,0.0026033181627077,159.78
e8cbd296-0911-4acf-908b-9d090630e286,0.0019528176129431,198.77999999999997
cdef50bc-c759-4b5f-81f6-d39cfa31d5da,0.00193897482872885,198.77999999999997
6703e729-a80f-44fb-851d-3f7b81e303c5,0.002014189869492,195.77999999999997
ec499168-b6fb-47f8-8e49-e268af889529,0.0022703144989865,177.77999999999997
0cca8d02-7b0c-41c5-80c6-672099013a40,0.00212234960403125,189.77999999999997
a4687caa-93ec-46c9-801e-9f0f0921ba91,0.00302473342657765,144.78
99469db0-b9a5-408a-9f26-317005b217d0,0.00218569089850925,180.77999999999997
13c33fb2-7f1c-4ea7-af5e-16a7673ee3a9,0.0023020193167597,174.77999999999997
d5fe6cf3-a275-4d73-ac4f-5df9bcf96c90,0.0018531300656774,201.77999999999997
46c96d2a-e5b5-41be-bb1e-b1f8dc56ecb5,0.0022372406162852,183.77999999999997
24ab2a07-a835-4dfb-84f8-1b896861bae8,0.0020671676949777,189.77999999999997
1e762205-1896-4871-8ac8-4aa04d8f5b1a,0.0019128080231497,201.77999999999997
881f38dd-3987-4be3-8835-cec1d9711a07,0.002329979270518,177.77999999999997
bbed8349-1e9f-4ce5-8e6d-6c53da4f8885,0.00280859108590945,147.78
593b25ec-d294-4587-b110-d2f2d42da952,0.00280859108590945,147.78
e921e3f7-c3fb-4a84-a0a8-087d0e8fc643,0.0026033181627077,159.78
998e3576-346f-4dab-8f05-53695c6d7d7b,0.0022036068270874,183.77999999999997
8f8446bf-4882-46e8-aa79-8d5d35a3a044,0.00280859108590945,147.78
f4de22a4-5215-47af-9fdb-117d390adeac,0.0022087013866389,183.77999999999997
ebe2ae34-bf84-4d99-aba4-9494a9d74595,0.0022703144989865,177.77999999999997
53a3dc10-e5f9-42d2-9288-b67ce9c153b1,0.0020062603217908,192.77999999999997
3f1f5e16-0a75-4ea9-aa67-ddf1eb98cdea,0.00302473342657765,144.78
3aec09bb-b0ad-4a4e-a66d-d0b4ede88d7f,0.0019528176129431,198.77999999999997
8c830a30-fc0e-4f08-a44f-e389217f85cd,0.0023020193167597,174.77999999999997
9ad811e4-d3e0-43dd-aaac-f80eb2ff1181,0.00202852086739585,189.77999999999997
ff0ce8b2-42ac-423d-9979-4ba864d5a316,0.00280859108590945,147.78
6c553c3f-b754-4574-a3ff-cc6d6b7a1da0,0.0019990109448623,195.77999999999997
4dcdf2cb-e65a-4318-9cd7-451570fff042,0.00202852086739585,189.77999999999997
c9dc0972-1d34-4ece-9af2-f1a9c5bb7545,0.002329979270518,177.77999999999997
1e6c8e60-424e-4de8-9075-4b4e4aa40f9b,0.00280859108590945,147.78
a910921e-fd6b-439b-b695-e8980a56ce39,0.00204765042865205,195.77999999999997
2dd0cb6d-cdb7-4e3e-aec5-57aa46126fc3,0.00211207950166,189.77999999999997
4bdf1c14-6229-44f1-84b9-a6fe6a815456,0.00192231674791055,198.77999999999997
011520a8-ddf2-44f0-9b78-888c06f937f1,0.00226296899814355,183.77999999999997
3815dcc3-6903-4fe6-9ede-d47dcbb2b22e,0.002291082367561,183.77999999999997
621600c6-ee9c-48ff-a3d2-8aadb4a96303,0.00202092086533335,192.77999999999997
8cfc401d-76b4-4fdf-a733-bc9507b5276f,0.002098659412256,192.77999999999997
59c28ea8-56bf-45e7-bea4-c50c587950c9,0.00302473342657765,144.78
c662084e-6e45-415b-8d13-6c2e27d745f9,0.002330738489,177.77999999999997
715e9025-cf13-40bf-b5f2-c8ff208b086c,0.002272100177186,180.77999999999997
91cd1b36-d6d6-4448-8bcb-e71b6b2c5f9a,0.00196812844009935,195.77999999999997
50fae215-5f41-47ff-bd2c-effd40bec32e,0.00172496084453295,207.77999999999997
7674c73b-53a6-44aa-953b-63572f381282,0.0018970086721913,201.77999999999997
8a4302a8-9024-40b1-ab0f-b0aef5407b4f,0.00219775380206715,186.77999999999997
6d090dec-dbd4-4c18-8287-06cec32b5efb,0.00208443265395365,189.77999999999997
01098d62-eec2-44e6-aaae-f5f1e1c917ed,0.00280859108590945,147.78
9c4adebe-6090-42b4-9f37-9fc7a76d25ab,0.0019656350696762,195.77999999999997
ea482eb7-b44b-4a60-99ba-e9a77506f33c,0.0024817959214291,168.78
2f0b9ae3-7f65-46b7-9df1-66a4fa7ef12b,0.00245244498064035,168.77999999999997
1e4ce7c6-d012-4904-aadc-fc481406e8ea,0.00226296899814355,183.77999999999997
2a7912c9-bd00-4c36-a61b-1e963c7a4cc8,0.002291082367561,183.77999999999997
13b13740-1f68-4c76-bf88-b14f8b2191f9,0.0022351558857941,183.77999999999997
3a81c721-ed29-4d24-9471-2aa38558a43e,0.00280859108590945,147.78
783f6780-0673-4d1e-8f13-42576e8a2039,0.00302473342657765,144.78
a5b17e76-4a88-4080-860a-bb9c15a1fb0a,0.002330738489,177.77999999999997
6a4328f1-d459-407a-acb7-e6bfa5d119dd,0.002272100177186,180.77999999999997
7dc1045d-4812-480d-bcac-7e3177fb8486,0.00218965499383185,183.77999999999997
487cd1d4-c90c-4e6e-b9aa-c9a1b68f426d,0.00280859108590945,147.78
8e91dccc-bf6e-4014-833d-ac217336e753,0.00228468173109835,180.77999999999997
18c2b7b8-7cd5-4eee-8ef1-d8dac485f5d2,0.00204765042865205,195.77999999999997
3fe06fd6-c97c-4743-a877-eda91c4a6d78,0.0024336596312843,168.77999999999997
71d48a30-8e30-4df6-858f-c3bd798aff43,0.00280859108590945,147.78
337de7d5-c363-49b3-a589-825deb136cd8,0.00236982811265955,174.77999999999997
ec32ac5f-b43f-4a59-902d-b87f7b5192c3,0.0020149291354818,195.77999999999997
ba97a9e7-946c-4b4f-8eb7-68ad7a98c3f5,0.002329979270518,177.77999999999997
f5fa2c74-dfc4-4042-81fd-ee734a4dcfd2,0.0024357842273675,171.77999999999997
5ebdd4ce-95e9-462c-8fbc-b7d07dd7f193,0.0020826649329912,192.77999999999997
3f0d6e55-4e07-4129-b713-7fdcebad8aa4,0.0022121726563018,180.77999999999997
e98190e6-205f-44b2-acb5-cd9671b3896d,0.00224087538637025,183.77999999999997
9751a169-1f36-4a28-9abe-8cdd172e8597,0.00302473342657765,144.78
5818ee67-db9e-49fc-b39d-81ae7dad50fe,0.0018722180936087,198.77999999999997
018750f0-d105-4c7e-93f3-61ae838c1f2f,0.002013732256451,195.77999999999997
658d2417-799b-4696-91f4-cabdc19ee51d,0.00206200193428675,189.77999999999997
be1de6c8-2b49-4cac-8c92-e57594f96897,0.00155695059580635,216.77999999999997
c715c56d-1b4b-4bdb-9ad7-7e8db3be2301,0.00204694210548725,192.77999999999997
d691b331-d0b6-4765-9631-2cf55460cc4c,0.0022445508627036,183.77999999999997
0e4ab516-247f-4c73-8f1e-2ef1c36f23f2,0.0024738029777888,168.77999999999997
0bf36a0e-0974-418b-9ce0-cc93aface2ca,0.00280859108590945,147.78
39417825-aaab-4ecb-9bf1-f94645133219,0.00236982811265955,174.77999999999997
e89a49f5-5826-4492-ab6e-628e613b6a99,0.00214698107901545,183.77999999999997
ae080790-8720-440b-ba25-9af8216be0a1,0.002329979270518,177.77999999999997
11c2247a-e8fe-43e5-ab49-3fb0a8336ad4,0.0024357842273675,171.77999999999997
4ec5a2f0-48ad-4954-80a5-aa9de74af3e1,0.002661581435,159.77999999999997
510a6715-ea20-4a86-b2eb-6b1079ab94db,0.00280859108590945,147.78
41511eca-6ef7-4586-8600-518c135d31eb,0.00280859108590945,147.78
edcf0666-a988-4f8f-ba1e-0f917ebad362,0.00302473342657765,144.78
cb02b57f-a454-485e-af30-d3e8686f6a11,0.00269265157539405,156.77999999999997
e008d03c-d6b3-4487-b8ad-86fc8c034d66,0.0023929827635143,171.77999999999997
82688689-c942-47e2-9991-404d2909d32c,0.00236982811265955,174.77999999999997
00552058-33d5-4d13-9ba3-27adf286f0f5,0.00225029674659165,180.77999999999997
9ead62cb-b074-4358-98cf-d1bb57cd8b1e,0.00273493577578445,156.77999999999997
b9da597d-7759-425f-a034-1496e98e3f5d,0.0021993488988868,183.77999999999997
17122688-c68a-40ce-ab22-454f334c6714,0.0024738029777888,168.77999999999997
d3e4c420-01b6-41cc-96c2-f6cabd4936c8,0.00280859108590945,147.78
6d479d67-8a21-4867-a3f1-b9713c4d8538,0.0018734400388321,201.77999999999997
919af901-b112-4eeb-a8cc-fe962a625edc,0.0020134301707165,192.77999999999997
cb092a2c-2037-4bab-9f4d-b8cbd58f340d,0.00263232345645,162.77999999999997
4574a99a-5ed9-4fed-b9f8-02d7ae08b97a,0.00210046845146665,189.77999999999997
5b0c4010-9e0f-407b-9fc6-5c7777008d3f,0.00197683108758945,195.77999999999997
1a83ddd4-09fa-456d-b990-0b3522579fce,0.0024379743106187,171.77999999999997
f26af7bb-995c-45e8-9654-676ea6095d2d,0.0018820294626389,201.77999999999997
47fe1918-d108-482a-ac95-4e0caace8c41,0.00302473342657765,144.78
5f8d8958-ee82-4050-ad4c-5745a1412306,0.00236546941498835,177.77999999999997
d9dea82c-5ba7-47d9-841a-216f392acbd1,0.002121084724113,192.77999999999997
629ee409-b09f-4678-9c68-05b8396453b1,0.00174813576694775,210.77999999999997
8ed1f68e-8a4a-4204-8a26-13d97996a1ab,0.0021062243332866,189.77999999999997
9c158d72-107e-4ad4-9417-a58380d818ee,0.00204952783896785,189.77999999999997
f1c8629b-59b6-4364-9373-5741c88a301f,0.0018798181567724,201.77999999999997
6b325175-99e4-48fe-935d-99875544517a,0.0022311769624752,180.77999999999997
5f4273e0-a96e-43f3-8f47-b8e777066a79,0.00280859108590945,147.78
80d50049-c012-4daf-b7cf-4bc68aac78f9,0.0020134301707165,192.77999999999997
7cee9470-9804-4937-a0b6-cf05206d1240,0.00194218967718645,198.77999999999997
805a62a3-745f-4fa9-aede-a05e0d228115,0.00263232345645,162.77999999999997
bdc35c19-aa97-4aff-b458-ada4ea730c2b,0.00242520541889735,174.77999999999997
e717a669-03ff-4976-8e1a-e9d46733ad2b,0.00236078559866665,174.77999999999997
0fbef7d3-98ca-4eb4-9006-b8f669be2565,0.0024379743106187,171.77999999999997
6efb5502-22e8-43ac-9f29-a4102e736808,0.00246715563509375,168.77999999999997
6d5f0358-f3b9-4795-b367-c6d88f39addc,0.00302473342657765,144.78
55d5161f-a2c5-488e-a96a-eeef90051a53,0.00236546941498835,177.77999999999997
8969cebd-a998-4fc8-80a9-0905e4b8d9cf,0.0026381995562236,159.78
9685fe4d-658d-47f9-ab84-40e295d475ab,0.00245880882260915,171.77999999999997
69c6095c-1064-403d-a918-7164390acd52,0.002507642552593,168.77999999999997
9d20852c-bd96-4e4a-b2a3-8e8d447812fa,0.0019578268358209,195.77999999999997
887b8f6f-dc49-46c5-acaa-451973935b52,0.00219053901742695,183.77999999999997
055e99c3-d5f0-4e13-a664-a74eda53bac7,0.0022311769624752,180.77999999999997
07e4c9af-78eb-4bdc-a8f3-9d7ece04a074,0.00280859108590945,147.78
1ce49667-35b6-4b87-9187-2f5775fe83ab,0.0021670091430584,186.77999999999997
6e41b5ae-0f98-4bde-bdca-83736a487d56,0.0022807184421393,177.77999999999997
5670f43e-dfc4-4f5b-aa73-20811567eadc,0.0020044885520825,192.77999999999997
82b259a0-5091-40a8-bc12-6831b06193c7,0.00239417400002025,168.77999999999997
051fcee0-74d0-4c9d-8a6b-965b893a2912,0.00225232322127275,186.77999999999997
b277b5cc-0c22-4294-b7da-6cf69d7aa0d4,0.0018236932635117,201.77999999999997
e160a60d-423d-4abc-acf3-821337208600,0.00191028409487825,201.77999999999997
5790b1ac-9fa8-4dab-a72f-fecd2617af12,0.00302473342657765,144.78
7156b5a1-f28f-4336-bbe5-3e11e5fec559,0.0025174947672805,168.77999999999997
a038b002-8354-44d8-abd5-3518256edc69,0.0020850332146852,186.77999999999997
93f5ef7a-3dbd-4bed-898e-97759cff6ab4,0.00225424347430575,180.77999999999997
f65e9458-33da-4b81-b4dc-fb5124d9649c,0.00180303268297825,204.77999999999997
89a6c15c-d7f5-402e-b541-53b97d603c02,0.00202365863676645,192.77999999999997
1e875df7-8d2c-44d2-be75-4cfa907df7a6,0.00203850976160065,192.77999999999997
0703c514-29d1-4def-8db5-c3b7e0f10a8c,0.00232228154819695,174.77999999999997
fcf53a0d-12a5-4abe-b62a-12ff15a8764f,0.00280859108590945,147.78
4f6b8661-c477-4b86-9300-deb0e24798d5,0.00280859108590945,147.78
59ede0a5-ff57-4995-acd6-1078dd967a9c,0.0022807184421393,177.77999999999997
6609aab6-cde9-400b-b918-d4498c7589ae,0.0021058172095823,183.77999999999997
dc556b97-9336-488c-b6b4-dc17e8dbd5ed,0.00239417400002025,168.77999999999997
b1a45dd2-e2d1-4e31-9101-29a7c80f1217,0.00244988250429165,171.77999999999997
3c3b4600-c89f-4666-867e-42d35688ac6b,0.00261722377857145,159.77999999999997
fbe98edb-4c1f-4001-bce3-d6a4db4b4d9c,0.0022066250173051,183.77999999999997
3e701e09-f5cb-41b1-ba1f-fdcc811b043b,0.00302473342657765,144.78
fcc09680-ec6c-4bfb-a2fe-b6aba5e24816,0.0025174947672805,168.77999999999997
c4eaa525-476d-46fa-89fe-7d3fe97eba6b,0.002482139437,168.77999999999997
c4c081cb-37ae-43e2-be2f-ae73f81ad9f5,0.0021670091430584,186.77999999999997
fa1e60b9-4779-489b-865c-c24fdcabbabd,0.00280859108590945,147.78
8716a38c-9e9f-4d54-abb2-83814c922212,0.0021161105031231,186.77999999999997
0017a74c-68ce-4675-a843-c33b9552968f,0.0024081669259535,171.77999999999997
89945f3c-4764-4f04-805d-53e2e2f4db69,0.00232228154819695,174.77999999999997
d7ed9c34-5b6e-48ff-a9ad-268764c0f72e,0.00280859108590945,147.78
6f0ea137-7784-48af-83d5-05a9cf98c467,0.00251082127389005,168.77999999999997
7b67a77b-3634-44ec-9421-4a7b28fb18a1,0.00232592424760205,174.77999999999997
d9fec04e-eb03-4c3c-88c9-95b0480d1fb0,0.00202444026357035,195.77999999999997
df92a985-5430-4eba-875c-392f12d6abf0,0.0017681620406705,207.77999999999997
a557e2e9-fca3-4ceb-8acc-8101e7182c7c,0.00221729172632235,183.77999999999997
86c69d43-8dca-473b-b6c8-d4e241f8c2f6,0.0020278729990366,195.77999999999997
34f340be-7707-4752-8a83-9b3260d3c785,0.00220561276733805,183.77999999999997
58aa3bbb-51f3-4af1-bd9f-d5ce1691dde4,0.00302473342657765,144.78
c7c4d834-87c2-43f0-9462-323777b69f78,0.00235965776391725,180.77999999999997
6d61ab24-9a4f-4ebd-b5cb-6e01bfe1cc24,0.00180368210642855,204.77999999999997
1d4df5ab-ecf4-4cd2-b0fc-75840930bdc5,0.00249858221835505,168.77999999999997
73516fa5-3929-403a-89f8-c240d401cee7,0.002007346556062,195.77999999999997
29be276b-539f-46ec-97d4-1b3c14d84d45,0.00216689958681105,186.77999999999997
ca7c9b2c-6b65-4c91-baae-eabf951796be,0.00186761232878085,204.77999999999997
9c364df2-1949-48b0-98b1-f2414ceca2bc,0.0025061141758598,168.78
ff106006-3107-495d-bf24-969db3358712,0.00280859108590945,147.78
51a8cb84-c39d-4b85-b97f-5dcd4a428e2a,0.00251082127389005,168.77999999999997
d401fe47-bcd9-407f-be1c-c44a77c6af3f,0.00232592424760205,174.77999999999997
8cf6db45-d582-49f1-a435-84ded1bc2e4e,0.00251082127389005,168.77999999999997
bf3c1a00-cb2b-42c1-82f8-7cc273137f55,0.00223511456766265,180.77999999999997
b5876180-9ea9-4cb1-8880-667c0d64cea3,0.0025082892951646,171.77999999999997
2f43c24c-071b-4bfd-bf72-e607a753037c,0.00193844713817985,198.77999999999997
505ae978-def7-4893-82a0-eeb3c49d55d9,0.0023382019030252,177.77999999999997
a1eb0f69-3f4a-4511-8c52-f0615911cb2b,0.00302473342657765,144.78
87f5613a-b906-449c-b4cf-49d4f83338ef,0.00255801009400795,165.78
466533ed-d439-456a-a6f8-872e0f6a286f,0.002388312500704,174.77999999999997
f8a8ba0b-40f7-408c-af95-1684c09808ec,0.00249858221835505,168.77999999999997
d6f48e81-1362-40b7-8e0c-f66e48abed5d,0.0026182151771009,159.77999999999997
564e008c-fc0a-411a-ad21-3a26a7655e51,0.0025028513285644,168.77999999999997
a8e67e3c-bf66-4d0c-bcd5-531c3f3092e7,0.0024078488204518,174.77999999999997
d572b77f-eefd-46f0-8854-a346e43f4c87,0.0025061141758598,168.78
154bfcf9-f406-4373-b7c6-e778d68dbc9e,0.00280859108590945,147.78
5346a9c0-8005-44e0-92b6-cb57b362fa4c,0.0018281098652956,204.77999999999997
cf40319c-fddb-4cd8-b1ac-16e8d1ad32d4,0.0020458150512381,189.77999999999997
38da2ee8-4fdc-4091-9ab9-a4c525811f5f,0.00209472354662025,189.77999999999997
5667a015-4afb-4341-aadd-6656e07fa6d0,0.0020571907194293,189.77999999999997
e078d0c1-cf1f-441f-8067-fce63055c0fb,0.0017006014546739,207.77999999999997
f45c34f7-8197-4a39-b5a9-ccf36afd929c,0.00169856669593335,210.77999999999997
678d9bc3-3431-4132-998c-0e75e2b3ee7d,0.00224746556410715,180.77999999999997
f1aca44a-5007-4e9a-bc46-bb908cb4639b,0.00302473342657765,144.78
62bc311b-2bba-4c2a-ab6a-6d30e1097025,0.00224646445503,180.78
3def6d26-7cdf-4431-822c-424d7ac9cd2f,0.00247207118803595,168.77999999999997
7d2ce2b9-8c2c-4174-9d3f-0d639fe9be07,0.0020241182225966,189.77999999999997
9f066d6a-4fa3-4c27-821d-c55d68defe93,0.00200341113527305,192.77999999999997
5bc5d39d-0448-4154-a537-97c512613dfa,0.00195179538065625,198.77999999999997
ccb96ac2-52dd-4c2d-b251-9b216c696ddd,0.0023146151412873,177.77999999999997
8467c772-f903-46af-b914-ac2d24a6c6d6,0.00220088102246905,180.77999999999997
eb84b791-c2d8-43ad-806e-ed7d94b0e513,0.00280859108590945,147.78
addc7396-1e08-4a95-bb96-f13ce9a720f1,0.00280859108590945,147.78
f3a14cf7-acb0-4bf9-b749-183d453698f6,0.00280859108590945,147.78
8f89b95e-91b1-4a39-9f27-e4174228ac75,0.00280859108590945,147.78
e7657429-8e94-4a5c-ac09-7af96219fd4b,0.0018281098652956,204.77999999999997
fa751fb5-63d3-4666-9c31-d1c47d3d35b0,0.00221245272003125,183.77999999999997
79d6f9b3-38fa-4bf7-9de1-9277ca9a2727,0.00253913198583045,168.77999999999997
f7e2e7e7-02f9-4989-80a9-4cde59878b10,0.00280859108590945,147.78
4472d70c-dc4c-4cf3-baf7-9cbe8f49b3f7,0.00302473342657765,144.78
8bee6694-1f57-40d7-a5ec-2160aba927d5,0.00224646445503,180.78
ac4ec58f-d4f8-47cd-9d45-f7aaa9c979fa,0.00247207118803595,168.77999999999997
28b407d9-a007-4264-956b-655388a47dba,0.00202797751379045,192.77999999999997
c22e153f-c80b-453b-8538-88d845c17031,0.0018281098652956,204.77999999999997
7ddbc928-5793-4b99-ad2f-25148363f0ed,0.00231696197930305,174.77999999999997
03a10a64-f42f-4eb5-9da2-8baf6d24fb4a,0.0023146151412873,177.77999999999997
9cefc502-d2b3-4b19-b8c8-51d53f2d36de,0.00220088102246905,180.77999999999997
e2e56604-efa3-47be-a7c0-7ec7d5038782,0.00280859108590945,147.78
1a598e7c-2d38-496f-9d69-84d17db67838,0.00211671146953975,186.77999999999997
5f63cae5-6316-436d-9f71-3c6663988dfb,0.00219787321458335,180.77999999999997
ad8c94fd-24f5-4a67-ad4b-b90036ab3ab3,0.0022583587818292,183.77999999999997
8797e899-d58c-474a-8141-3b5a7ee27567,0.0019559323631739,198.77999999999997
dd558bed-4880-4349-9774-8334493ecb96,0.00189482441892925,201.77999999999997
d66929b9-bf9e-4ff9-8709-2b5fddc7c604,0.00217010913803,183.77999999999997
1c1ffb92-ce3c-4204-9b3e-c76037562fa0,0.00237349499244375,174.77999999999997
c628fb3d-e131-4efe-9bb0-04457a803935,0.00302473342657765,144.78
f6ab4f77-5e95-4a26-8796-815106a94f3c,0.00223564454567375,183.77999999999997
cbdc67c9-b78d-4acd-a9b8-d87ad2ce1786,0.0019852103447131,192.77999999999997
9d55b12b-d16b-4279-97b2-d0619d2813c6,0.00216542879513635,189.77999999999997
622e19f3-a967-4032-8e3c-53e22c7acdbc,0.0019063861684955,201.77999999999997
46dbe493-92d1-4057-bb39-7a376add9a00,0.00238287316353975,174.78
d87c4de3-e7da-4d4f-8e11-a1a0c91fa3f6,0.00197692775837425,195.77999999999997
ca561723-904a-40ae-93cc-a05d77dbc6f7,0.00214166171736,183.77999999999997
cb12f19f-885e-49f4-a606-955126f6baea,0.00280859108590945,147.78
2a7b417f-231a-410c-89bc-286475f1284c,0.0024296603167863,168.77999999999997
75f02d83-0b12-420c-9811-d025fdb7a214,0.00219787321458335,180.77999999999997
876ca364-2289-4f80-ad10-ce39da4b630c,0.00252153195561855,165.77999999999997
6b54bbbe-85da-4523-a7ed-8e754e177d5d,0.00211671146953975,186.77999999999997
1e4a8d15-7b77-4d2c-83b6-70b73e8cf6a5,0.00276354550640625,156.77999999999997
d61f061a-d4ad-46ce-ab24-9b569d6ed2c9,0.0022583587818292,183.77999999999997
786eeb1c-826a-4145-8351-defe6dbbda29,0.00237349499244375,174.77999999999997
214ddf7b-0de8-4188-a051-f2a75e0d9824,0.00302473342657765,144.78
1f4c7c05-603e-4b87-b7fb-428917747270,0.00280859108590945,147.78
f75fa506-4d8c-433a-b6de-d056fdd9f84a,0.00246357491574545,168.77999999999997
39f5e0e9-d642-4b0c-afae-cdcd4231c98e,0.00280859108590945,147.78
0ce16274-03f2-4305-bd84-0e83d3b00313,0.00207859064483335,192.77999999999997
469844f8-25e5-44c2-919c-3b60317146d8,0.00238287316353975,174.78
c6f3af13-900f-495d-a84a-74aa61e47d38,0.00211671146953975,186.77999999999997
71b79e20-6a9a-42d4-abcc-417903008026,0.00214166171736,183.77999999999997
42635f2b-ae7c-4652-a7be-d2223556df22,0.00280859108590945,147.78
1e7c678c-90e6-40e1-a210-2da877990397,0.00173673203,207.77999999999997
f13e17cc-663c-4cf1-9033-66378c9a04bc,0.0022372406162852,183.77999999999997
d900a3de-9dc0-49ca-93b4-cfdb8a21a569,0.00174255648688845,207.77999999999997
8f66dc92-9285-4099-a7dc-30cac5615cdc,0.00191459517412145,198.77999999999997
395e54ba-ef7a-4829-b705-1bb8f1fcc215,0.00192425479461665,195.77999999999997
945e889d-d380-41ee-89d5-0cfa38bfcc5a,0.00199085214426665,195.77999999999997
5b8947df-4ee5-4692-b246-d52c5131b0ce,0.00203071367575,192.77999999999997
52055532-4db5-4953-ac51-42f6c1d54472,0.00302473342657765,144.78
782b4638-3c5d-4f45-8e8c-d85bb28988db,0.00208443265395365,189.77999999999997
cd958f2e-bf4c-4794-b99e-d6e436c1380a,0.00174438134484615,204.77999999999997
0b770fc3-8bee-412b-972d-1f02603dfdce,0.00189285265155265,201.77999999999997
3bffdf42-c584-48d3-bd07-9be40ca752ad,0.00201969717889495,192.77999999999997
e2298e6d-2f30-4756-935f-ed227d1a0e70,0.00236620245409815,174.77999999999997
0d846f22-93c6-4e5d-b315-fe1051c184b1,0.00238561979774605,174.77999999999997
bde39a5d-fcad-47f0-b7d2-ff996519bdba,0.0019959183859861,198.77999999999997
09992672-42ea-403d-838d-0f86f96b0810,0.00280859108590945,147.78
bcbe2b2a-95df-420c-8c54-3ff4209a463d,0.0017502377646279,207.77999999999997
891e5a7a-3f2b-4f88-9133-c3ce2467cb37,0.0022372406162852,183.77999999999997
5a01dd65-3850-4283-9862-450b193b1a84,0.0022372406162852,183.77999999999997
597279c7-37b8-4c77-ba24-f670965e5ffb,0.00213307312074015,186.77999999999997
4c366941-55d6-4ba6-821d-e19e3e8da4a3,0.0023307683553881,174.77999999999997
819ce8bc-bd02-4621-b4d2-b3fd51883169,0.0028029120304397,153.77999999999997
373fb90c-e19a-4579-b04e-c30413f11c21,0.0021153901685,183.77999999999997
d2623b3b-87b1-4906-a129-a2784b69f283,0.00302473342657765,144.78
11792b2e-3458-48e5-b8b2-1bc098408450,0.00208443265395365,189.77999999999997
57fc1f00-20d0-43fd-b366-99ad08b91e60,0.00280859108590945,147.78
37eb2807-70a6-40b9-9f1a-d76bde22fcf4,0.00280859108590945,147.78
7266a1bf-b061-4c48-a829-7b390c2ec651,0.00236108900210575,177.77999999999997
1e12e431-b3c5-4ad4-9ae5-9087798a247c,0.00236620245409815,174.77999999999997
cc13bf44-21b3-401a-8291-14a1172cb07f,0.00238561979774605,174.77999999999997
668ce3df-5eca-4fa2-9eb8-caab6cf42c37,0.00193462540042755,198.77999999999997
547311c8-2170-4cd9-abde-b16b352e3056,0.00280859108590945,147.78
08fb2a28-0ad4-4fb9-86ec-adf81e59290d,0.0021336423704125,183.77999999999997
19877a75-d158-466f-b736-27fa452ec04c,0.0025647361870606,162.77999999999997
2a2c7ea1-b0a0-4f9c-8482-9620ee4c0f05,0.00204280890234435,195.77999999999997
ef251a2b-af35-4908-b49b-95ad8376a648,0.00203296974088395,189.77999999999997
98b3e425-a61b-4bf2-8376-a95b4b095034,0.0021522624803421,183.77999999999997
852ff5a1-0e9a-42ca-9c17-982f41cb26e7,0.0018632250775682,201.77999999999997
270ed1ac-7ce3-4924-8656-4ae11e7eda86,0.0020400938084267,195.77999999999997
003dec2a-7487-4df5-95c8-ba6d2eccceb8,0.00302473342657765,144.78
5c3607c2-9df1-43b1-a686-a76bf2cbe55e,0.00248170144136885,165.77999999999997
2d88e603-5a9b-498e-ab52-141e60dae308,0.0022262959541369,183.77999999999997
59206862-0705-4c92-aadf-980e85e4a738,0.0021364888169348,186.77999999999997
3d46c916-0583-44b9-a653-3e5f333ca524,0.0018452086158778,201.77999999999997
74c1d186-7192-4ed0-abd0-bdf1e2e7adbf,0.00204671086685095,195.77999999999997
827ab15f-0f89-48cc-bfc7-b62ec3042853,0.00221811004710505,180.77999999999997
d803552d-a5f6-479a-881b-f9a93f1deecb,0.0022376940726768,183.77999999999997
b2f98993-a6c7-43df-bc41-563e5e2ffbaa,0.00280859108590945,147.78
d40794e6-3553-4eae-8904-7b8ee1c3df04,0.0021336423704125,183.77999999999997
45f788be-6fc9-402e-9565-439e76424a28,0.0025647361870606,162.77999999999997
e87e781f-54a1-47e0-948a-23e14f6b33fd,0.002556456690525,165.77999999999997
a349ec21-f9ef-4cc6-bfb0-07eb2439e12c,0.0021336423704125,183.77999999999997
e0b34b55-7aaa-40ca-8e23-c43ff8b67bed,0.0021336423704125,183.77999999999997
f91ec651-53e1-4980-acac-a422614c83aa,0.0028993148147269,150.77999999999997
f691d01e-ee43-48d0-84a8-90faa9808120,0.0022310621231795,183.77999999999997
667df7d1-f5dd-4269-9b1e-5867d9ce3f62,0.00302473342657765,144.78
1a4ad53d-b5d7-4005-ad8d-3aee7ae9035e,0.00248170144136885,165.77999999999997
ff85d701-9adf-4340-9389-9861c3feb1a6,0.00220508653237,180.77999999999997
acc13d7c-63b4-4599-95a4-5d15a048ec7d,0.0022186245673713,180.77999999999997
ef18dcef-8c2a-4a98-8add-ed13610583c0,0.00245868043336605,171.77999999999997
0417f552-7be5-4f57-8480-2d8878e221e5,0.00223227163851615,183.77999999999997
3bb8f10d-0748-46dc-a86a-22d4dc351a62,0.00221811004710505,180.77999999999997
4739d0fa-6d01-4535-b09c-a6460e85c52d,0.00280859108590945,147.78
56697e9f-81ec-41b5-b869-8de0815d420a,0.00280859108590945,147.78
b25e16e1-4556-4b39-a125-209e45557181,0.00221976669239655,180.77999999999997
c618862e-6bf9-4834-a261-3e187efb48e0,0.0018345254655752,207.77999999999997
b8c0c21c-15f3-4112-b3aa-72ff7bc8f3e0,0.00174993453234585,207.77999999999997
a54c4b5e-5b0f-4451-884f-edb87c3ebfde,0.0019134359556869,198.77999999999997
7bd958c3-ab8a-40ac-ba2d-4b50ec265a2b,0.00219508781821535,189.77999999999997
ff7d2825-39af-4ca3-aa38-e02a9332364a,0.0021310088916818,186.77999999999997
9a79aded-da0c-44fb-9c83-c8c9dbecc0b0,0.0020875736929426,192.77999999999997
c99e3a0f-6483-402d-9872-69d994678583,0.00302473342657765,144.78
e1b0f8e4-27c3-4444-8884-6e6dedde2951,0.0020187291355478,192.77999999999997
980dcb7a-9426-432b-ae37-e248dcdc69eb,0.00243403538488095,171.77999999999997
eb4690fb-4f4a-404e-b763-3ab74042517b,0.0022629171265531,180.77999999999997
904ed531-cd66-41f6-8e72-73fc2b77335d,0.0020229622455783,189.77999999999997
e0c35e30-e2e0-4f4f-86bf-f45a25cd7fe8,0.00189465381015125,198.77999999999997
01c6217b-5bae-47e7-9930-35cbf02721db,0.0017108245236039,207.77999999999997
100b9c0c-e772-4a52-96fa-47c360a7cf4d,0.00217764831276785,189.77999999999997
c25cb0f3-45e8-4321-b8c7-1c00f8e70b6e,0.00280859108590945,147.78
1d5cd9e0-6a6e-4336-b424-38f9ac5786f5,0.00221976669239655,180.77999999999997
2f929d2b-5a48-4858-bc81-aa899d370a73,0.00221976669239655,180.77999999999997
fee2cbad-1a61-4400-a36b-b3984daa0bc8,0.0022601940873926,180.77999999999997
aa9263d6-5d54-45da-af23-a9eeb3465a5f,0.00199449319749525,195.77999999999997
34969bf7-7e8a-4b8b-86a5-257f44778163,0.00280859108590945,147.78
d45e48c2-f804-4ff0-a53b-983bffadf99e,0.0021310088916818,186.77999999999997
82b91f2f-17f4-4f1d-9e3e-890a06b8051a,0.00224080882779235,183.77999999999997
063a15b1-8f34-464e-b9e8-f96bfde9d9bb,0.00302473342657765,144.78
3ee973ba-840c-4d85-9fd1-54efd02181a1,0.00239102874950925,174.77999999999997
2ca4f6e8-383e-4fde-87f4-fec3d5e01256,0.00243403538488095,171.77999999999997
b901e887-5326-44d9-b5b6-9aa716b0dc3f,0.0022629171265531,180.77999999999997
8f82d994-17af-4c20-be94-82b8e49bbb21,0.00193205063976995,198.77999999999997
ed040c67-b237-45b3-bad5-01f421c3a64e,0.00227671468497115,180.77999999999997
02488433-d361-4f69-a484-f6d9d67f4d8a,0.001884502387382,201.77999999999997
619da433-249a-431c-852a-a7bb27fcf86d,0.0022460581400198,180.77999999999997
fabf0ecf-9b87-4051-85cf-36e5b4e19510,0.00280859108590945,147.78
58568431-ae98-48e8-b4d1-541ce99b4a54,0.00191672971661155,198.77999999999997
cda87e69-0601-435d-8950-2ae74350b2eb,0.00192550883993105,198.77999999999997
0c78cd5a-2bbd-43b2-808b-0aa7a74f2433,0.002102499593735,189.77999999999997
a1a998df-8e57-4bbf-b395-b9d931719d93,0.00206895507794175,189.77999999999997
e85f677a-3514-4511-bb6f-01090a855a31,0.00218619746613025,186.77999999999997
a15c9326-aff7-40d8-bee9-b0fef3faf2fe,0.002351706919144,174.77999999999997
296f2096-cba6-4fa4-bd55-f2fbe84c74dd,0.00198167361564015,195.77999999999997
96a3ff84-cd32-4e2f-af4b-0dfb3ee3e625,0.00302473342657765,144.78
5e347474-3619-496b-bd53-dca5015da3a6,0.0020957762708393,192.77999999999997
f0037823-dfe0-47aa-80bb-fef25699bef9,0.0021002757803985,192.77999999999997
f3a5b856-761f-47a2-b5c4-b0601acff030,0.00227370422746045,180.77999999999997
b2c031f0-a549-4345-8b88-469824486fa0,0.00208796116635895,192.77999999999997
0f6e7133-d5d6-49e5-9286-c163241e2dfd,0.0018908323408795,198.77999999999997
0883ca13-d3a5-4d01-9945-4b48cc5cf959,0.00227475826770855,180.77999999999997
ad2faaba-df6f-4391-92b8-f364a0eacee8,0.0020645556166069,192.77999999999997
19732386-4074-446b-b108-b479978694ac,0.00280859108590945,147.78
fa49fa4b-ce37-4ab9-bcb6-866ddcc3aced,0.00222836870630355,183.77999999999997
33c53224-4159-4d78-8275-fcd88f1ad61c,0.00180892485274605,201.77999999999997
8a037819-a28e-44d9-bf99-aff0801990ae,0.00166682319357205,210.77999999999997
4fdbc1ef-3dc0-472f-bce5-e7d525a116ab,0.00227199198671855,180.77999999999997
4c4fece6-1066-4457-bf18-7c757f9be312,0.00218619746613025,186.77999999999997
d87976ef-83f5-4849-b088-bdbd7365a61c,0.002351706919144,174.77999999999997
60ba97df-e25a-4261-812a-bb69b30a09ec,0.00280859108590945,147.78
f971942f-704f-429b-9618-603dea9c5f66,0.00302473342657765,144.78
f88eb750-fc2a-482e-9df2-fae4d98c97d0,0.00280859108590945,147.78
dec2feb4-731b-4332-a4cd-3eeb8d27303e,0.00222836870630355,183.77999999999997
2287a487-9280-4c76-b1b8-690c0b100484,0.00227370422746045,180.77999999999997
e8a47c4e-2c14-4a38-bf85-484ad590881e,0.002102499593735,189.77999999999997
0d794015-ba21-46dd-a443-9c2c5bb1a0c2,0.00237746398138255,177.77999999999997
ebb18b1f-dba2-4c18-9730-537236c78457,0.00227475826770855,180.77999999999997
60971b60-9cd0-4293-9701-b8382ed93094,0.00190101030125465,201.77999999999997
e6c0379c-5306-4b10-ade4-569f77732729,0.00280859108590945,147.78
6e64ee75-b86e-498f-8153-5c5b508b6309,0.00220904631057205,183.77999999999997
5c11b329-7342-45be-be1f-6932709c0c2c,0.00224278186387025,183.78
58cf54ad-1ec6-47ce-89f1-38ba590ac647,0.00205881377430555,192.77999999999997
a9c33a9f-7879-4ae5-afa1-69cbe6dca556,0.00218899142015095,189.77999999999997
56075be1-9c10-4ecc-b5de-726ae3ca69a3,0.00193527630359545,201.77999999999997
4cd4d48f-a438-48d0-a7a0-6315807e2b08,0.0021579701695033,189.77999999999997
c1dc5f78-2836-47e9-8b0b-76f9392bf9d4,0.00217862141578675,186.77999999999997
1c1cdfe0-4eea-442c-9bc5-7d77944db2e7,0.00302473342657765,144.78
783dc71e-c2d1-492b-a13c-e24ee186fde5,0.00216647820201925,186.77999999999997
104102bb-1f8e-4fb3-bd90-24664b14628b,0.00222286339240145,183.77999999999997
f232c15b-1248-422b-b745-6802d7566639,0.0018891316933531,201.77999999999997
bd50fcec-1229-408e-9eee-00c066e97119,0.0018670080131939,201.77999999999997
5fe98ed3-b47d-46ed-8184-78413c890e38,0.0019470312930951,198.77999999999997
9ff55984-7e54-400b-8d5d-392e1297bb34,0.002276527759433,180.77999999999997
9f941c0e-af4f-409b-81cd-89fe89264610,0.0020225882800143,195.77999999999997
f8bdef7f-16ec-45d2-b369-2f35b295bf40,0.00280859108590945,147.78
b49f6be7-1639-4724-87dd-826d5d11ca1a,0.00220904631057205,183.77999999999997
c65c89bd-bec9-4ffc-96e4-98acefd70195,0.00224278186387025,183.78
5a33c3c2-e7c6-4d45-a93f-5ed3f4879c3e,0.00220904631057205,183.77999999999997
98cf04c9-44ab-446a-bf13-01544f782b95,0.00280859108590945,147.78
1b8f1a84-bc0a-41b7-abd8-da026c5b61e7,0.00242661923982085,177.77999999999997
35cb378f-4529-471b-9c96-1876cec45989,0.0023750656981933,174.78
b3c195fa-205c-44a1-ac90-4c5eddb6de62,0.00264844903826785,162.78
3f6c8558-b21b-4244-a3db-e0c01b3f32aa,0.00302473342657765,144.78
71bde386-bd5a-4dcc-94f1-9bf6e50017be,0.00220904631057205,183.77999999999997
03082762-5dc3-49b6-bd8f-cb56740b8caa,0.00222286339240145,183.77999999999997
9e22fa73-11fc-4d04-8ea5-38f8f7109c09,0.0021419111305707,189.77999999999997
eb775943-7826-4cc1-9b36-8a384eb885f2,0.00220904631057205,183.77999999999997
caea237d-7d27-4ca7-97cc-5dee79bd5fae,0.0023601572992976,174.77999999999997
ac4c257c-6776-46d5-8eca-46b42af25ec7,0.002276527759433,180.77999999999997
fc348227-8d7f-4b5e-b3db-e2446287da2e,0.002201812955874,186.77999999999997
4f853b2e-5b07-494e-bcfd-86d49489afec,0.00280859108590945,147.78
73e75216-d6f7-4eed-900c-ce9b5ae2886f,0.00203644109560645,192.77999999999997
70e5fc1d-8475-4823-b314-e26f9e72ca1f,0.00227919585792855,183.77999999999997
b2bfd481-115d-49b8-b2a4-49329d2f3fb9,0.002166217429125,186.77999999999997
627ab042-fcce-48da-a386-e9b9239feb92,0.002304253286775,177.77999999999997
5ef5980b-625a-4b4b-81f7-4c7720f93cbd,0.00196290268340805,192.77999999999997
eca4ba03-db04-4d8b-8827-300fe5676718,0.0019615469686908,195.77999999999997
54eec745-fd97-4124-9ae5-dfb51b49d9a7,0.0019586156898317,192.77999999999997
1a65f6f5-94d2-41ea-b76b-654a13595f02,0.00302473342657765,144.78
208269bc-f692-4ed1-9ca0-61325dcdbe46,0.00235557451189535,174.77999999999997
c7437da8-da78-4308-93c3-a81cccc29d6d,0.00197692775837425,195.77999999999997
29be0af5-8f76-4263-b4cb-51b62201f165,0.00222845509190475,183.77999999999997
c5c4bd9e-d30b-45bf-aa86-c43bd6900e94,0.00225508607196365,183.77999999999997
895f89ac-e2c4-4e6b-968a-323035290dc5,0.00211041473805,189.77999999999997
c4142080-74a0-46c8-acdf-b00ac340b5c3,0.0023869082383238,174.77999999999997
89e9ec76-d92e-48a1-9cf5-e1f49730c3f5,0.00212009200617735,189.77999999999997
e549401d-b5a6-4dae-bc5f-f0423ce33404,0.00280859108590945,147.78
798516b2-7324-476d-af03-8d8c0ed9f0c1,0.00203644109560645,192.77999999999997
a9c5f477-5a59-4dbd-b21a-5deaa497291d,0.0028240707382026,153.78
4521220c-138b-4e9b-a110-9e5b6467c461,0.00246033965229295,171.77999999999997
048c612e-c503-4265-bdbd-f4472453da28,0.002304253286775,177.77999999999997
993689f4-faf2-4ac1-9399-0d29a4eb38f8,0.00249249760068585,171.77999999999997
be71ce34-9c0f-47e2-877e-85689fc09d3e,0.00280859108590945,147.78
3116e74f-731d-48af-822e-304f83692537,0.00246715563509375,168.77999999999997
fd71b502-bccc-46f8-bf39-504488b8e8a1,0.00302473342657765,144.78
9dd4675b-3c22-497b-8f05-b4200b2c9091,0.00235557451189535,174.77999999999997
90cbb3f5-a026-4d05-b06c-0fcbc8f3c743,0.0021654807443705,186.77999999999997
790f66e2-686f-47fe-9d24-eeaa55a4999c,0.00222845509190475,183.77999999999997
87c2c801-0ae9-42c9-a9f3-d5d8600951c2,0.00225327259752715,183.77999999999997
3bf1d8b1-dee7-44d4-ba4e-b674f190acd5,0.00251493555115165,165.77999999999997
e19ef5cf-225e-4684-9236-4199f5390cf4,0.0023869082383238,174.77999999999997
2bad73ca-b5ad-43f7-b8bf-8138a408ee2a,0.00212776669511365,189.77999999999997
851cc14f-248e-4e70-b681-5bc30f3ff212,0.00280859108590945,147.78
486e5c1c-536c-4917-a3e6-fb590e433179,0.00215527522648405,186.77999999999997
6e4c3b9a-ef4e-4fdc-aaf0-713e44376ff2,0.00192242519079575,204.77999999999997
e99aeea0-f2b5-4905-8a15-8f21eac1ccab,0.0022034340224422,183.77999999999997
988de9c6-8ac5-4e3f-9edf-786dea98ab27,0.0025779760134,162.77999999999997
ba4b9d9d-3f7a-4083-98f3-01db3c83f95d,0.00218229604987385,186.77999999999997
a4b52462-dd96-4135-8c2a-6aa6343f9074,0.0019898528740765,195.77999999999997
30e0fa6e-6400-4d3a-a24b-408d9b256dd3,0.00217548202237235,186.77999999999997
7c9879f4-687d-4700-afea-938ef565f908,0.00302473342657765,144.78
733a3a65-9bbd-4284-a6e7-88ee79f77a72,0.0019728621566973,195.77999999999997
77155231-391c-442e-9dfe-a01af89c05c3,0.00190978008040605,201.77999999999997
a99b59b6-599b-4f72-aa18-6ac6e94701cd,0.00213120044836405,183.77999999999997
448d3455-e451-4ea0-a266-378a3308a5cd,0.00227515592495895,177.77999999999997
06f93830-9e36-4e28-bb5d-f692c42476ec,0.0024176818406879,171.77999999999997
fdb0b0fc-6423-4a20-b991-12113d2e5591,0.00222323899047785,183.77999999999997
6baa6f46-9a83-4844-9f9b-236ad8ed9201,0.0023934194668857,174.77999999999997
a7959e27-2cd9-404f-affe-0edbea1ac6cf,0.00280859108590945,147.78
bcb5d14d-8191-43f3-87b1-c5949bf84fca,0.00282319603459245,150.78
85e05725-4adc-4b79-9d61-0f46dc720f39,0.00206142511519165,192.77999999999997
61a78745-4696-44c8-aa3a-65102d02a939,0.00215527522648405,186.77999999999997
c073e1ba-edbd-429e-9611-1e6029b8585e,0.0025779760134,162.77999999999997
07c7bd44-1fb6-45c9-83b5-c2c2ca7d2886,0.00263107359776215,159.77999999999997
5f3772b4-a456-4732-b4f4-7640a6f84e9d,0.00258603455619065,165.77999999999997
dbee8115-9fc8-46db-be52-f0388e122bee,0.00280859108590945,147.78
4f45d232-6af9-4191-8159-e5b3e18ec0ef,0.00302473342657765,144.78
d0457421-c3d1-4f80-a906-81049afc1a16,0.00282319603459245,150.78
3ba88ebb-2cd9-4471-a206-dd4564a90074,0.0025175321664094,168.77999999999997
86b88363-ea5e-4dac-806f-4f99840f6f31,0.00215527522648405,186.77999999999997
4bd5b41c-de3c-435b-b7bf-e0db73bd9b18,0.00227515592495895,177.77999999999997
271bf1df-9355-412b-9d76-2683ec7f5fba,0.0024176818406879,171.77999999999997
c8344f85-1325-45dc-a071-2c2a0828ac91,0.00224080882779235,183.77999999999997
8626774b-b21a-4bb8-a223-380d692f7eed,0.0023934194668857,174.77999999999997
e5c06e16-577a-404c-ab15-8341124a8089,0.00280859108590945,147.78
6d9645f1-6a78-4344-830e-2d56cb099fd2,0.00188188547562845,198.77999999999997
dabafe62-82d7-486f-9885-13d259971479,0.0022973241572178,177.77999999999997
454c3c30-f466-4db1-8708-6e3f2ba6b4c8,0.00187441892621985,201.77999999999997
37bb32eb-ffc0-4d81-8db6-f0b3d21da624,0.0023249929873584,171.77999999999997
73468916-fac3-4182-a775-36d0fcfd7ff7,0.00211070000449605,189.77999999999997
d1207271-332d-4cc3-aafc-71d7ce16c3d9,0.0021697084238088,186.77999999999997
87d9b1b4-be29-4653-8217-ba2c0d145db6,0.00240705001342355,174.77999999999997
0b9795fa-fbf8-452d-9a97-d4a0e7ac3fd1,0.00302473342657765,144.78
02facb1d-89d9-4a8d-8dc8-74d3b3795ad5,0.00230113458361665,177.77999999999997
8f36ba77-37d7-44ff-808e-7fd40e77b9f4,0.00200589698900555,195.77999999999997
272ffc59-c896-4d02-8778-a61597437a6a,0.00212001395902425,186.77999999999997
78a45d2a-4732-450d-b698-103386f3d8d0,0.00202543122136425,192.77999999999997
0405bca9-ce83-45c1-a750-c645a2af61ca,0.0021653769512533,186.77999999999997
e3f42992-5756-404f-bc48-b1864b0200b7,0.00238423415904165,174.77999999999997
77c546e6-042a-44f3-af01-fbb02f3075ba,0.00217700733165455,183.77999999999997
350bd068-0aa6-44e4-a471-94ff9952704e,0.00280859108590945,147.78
1b3b197d-ae86-4d1a-9b66-baa98f397647,0.00188188547562845,198.77999999999997
f6625a60-1d45-4baa-a699-42889e8b9cd8,0.0022973241572178,177.77999999999997
e165cdc5-c208-41c5-ab8e-1ed93b983ca6,0.00276853519305985,156.77999999999997
7af54757-a227-4f5d-af7a-d986fc9486e8,0.0023249929873584,171.77999999999997
bf0b81d2-b4e6-4cac-acad-be97c781ffe0,0.00219787321458335,180.77999999999997
1df5785a-a01a-488a-bd24-0bc841fba6f1,0.0026471058890302,162.77999999999997
fc4404e4-0780-46d1-87f1-49589d4eb9b1,0.00240705001342355,174.77999999999997
9f88c883-c9b7-4c64-b5e8-44b522bfab6b,0.00302473342657765,144.78
36c2098a-92f3-41b0-8168-2fa5b505f8c7,0.00229899203797425,177.77999999999997
a94f3440-c0cd-430d-9ec5-4ddcf18d65f7,0.00257003281627955,165.77999999999997
3acd2dad-b2f2-4b9f-bf0a-4cc14f9bfef4,0.0023169043182787,174.77999999999997
90a62f1e-a118-44b6-972f-5f605875248d,0.0026378504389155,159.78
3ef20197-3302-490e-9a61-5f876e2c702f,0.00188188547562845,198.77999999999997
b29d77bc-8a4f-42df-854d-8d08d7e5a5aa,0.00238423415904165,174.77999999999997
02b04a54-0c49-4764-8e7a-810c5e4de082,0.00280859108590945,147.78
e53c3540-4077-4a69-9c20-a136d3658aa1,0.00280859108590945,147.78
bafe52de-175d-4cb8-b10b-ed8cbbfdfa23,0.00217109301292595,186.77999999999997
88edff8c-1f4d-4840-80f5-5213df9b7aa9,0.0022218949030629,183.77999999999997
6e9fed61-f73d-4e8f-aeb2-646b7e679f7a,0.001987047742145,195.77999999999997
074918f5-765e-423d-8794-39f6e9f8e3b6,0.00222019751403795,180.77999999999997
4ce7b8a9-490a-4deb-82f3-b339bee9cee4,0.0020832266003732,189.77999999999997
0d0cebe4-a5ab-4378-977d-2df792b2430c,0.0021654807443705,186.77999999999997
fe025980-282d-40bc-8f11-f3b9a6ffe75b,0.0020768699222174,189.77999999999997
b4f2e511-2252-4616-974f-58646083da04,0.00302473342657765,144.78
4cb42334-c5d8-42a4-a48e-64ba3db8725c,0.0022948107141216,180.77999999999997
02b2f25c-55eb-4a1b-8974-05e215d8b0e5,0.00214939100724575,186.77999999999997
9d9ee51c-5220-470d-b9e4-4f7dab04ed79,0.00218759074611695,186.77999999999997
40ed72e5-be69-434a-b4bb-c3b71f176544,0.00220466159816665,183.77999999999997
a8ed7540-5266-4c96-af2a-2e04ab9e9405,0.0020846105920842,189.77999999999997
3e444cf7-e965-4212-9dcf-1c6dfe83740e,0.0020201147488865,195.77999999999997
7a4b95ac-debb-436b-87d8-0b18be8fb58f,0.002357293706911,174.77999999999997
a7d54d0f-6781-4304-b48d-48fa5196eab4,0.00280859108590945,147.78
de1f32d9-eae4-4b14-b2e4-109cc7a04eb3,0.00253157587384275,165.77999999999997
58e90638-074f-451a-baee-2040fa46dd36,0.00238380785951665,174.77999999999997
22e56f09-32ba-44d5-8f75-eb24ffe961b8,0.0021297518642689,189.77999999999997
f143ce83-19b2-4144-9f23-6f0c0939bbdd,0.00222019751403795,180.77999999999997
8a78f9db-e865-4fd4-87d8-3fe0ad1d1832,0.00280859108590945,147.77999999999997
4d51192d-e172-4345-88b4-b68c1072ffa5,0.0024350372149132,171.77999999999997
1a5b8990-c12b-45a5-b813-3afae6abc532,0.0027326082521853,159.77999999999997
bff46acb-189e-4c8a-abd5-4a86116f564e,0.00302473342657765,144.78
08717d68-fc8c-4bf1-ae67-be9e8c869ee2,0.0022948107141216,180.77999999999997
fbd7da3e-6494-4b6b-b3be-f6768f5cdaad,0.0025082624877112,171.77999999999997
d7e18a2c-f92b-4c06-85b7-417faf492cf1,0.002330447836447,177.77999999999997
62c66fb5-15cf-4f14-83e7-73f3b4c0fee7,0.00220466159816665,183.77999999999997
bfc41be3-1df2-4179-acc4-d27557563104,0.0021711151758889,186.77999999999997
abda7bd3-abc0-4f10-a601-3f24d9f0943c,0.0025585573882359,165.77999999999997
03694ce9-7580-4908-9650-58ad5e47d1e6,0.002357293706911,174.77999999999997
e78cafbe-76e4-45d6-8ec9-9b6506fce837,0.00230307418568105,177.77999999999997
3dccff74-debe-49b9-a5d4-d4cd359fb70d,0.00201655367564535,195.77999999999997
7d0c0432-48d5-4816-9d4b-f15058828cd5,0.0021777991427976,186.77999999999997
164f0f97-13c9-4af6-9e6b-f8f2f68e0276,0.00232280493181945,180.77999999999997
70217c12-120e-434b-a9ad-6c9d01ffd632,0.00213017112219445,186.77999999999997
00384104-7ea4-43a3-b732-0d6288ccf81c,0.00280859108590945,147.77999999999997
d9ac56ff-944b-4aad-8a27-7251f80ec3db,0.002544286706514,165.78
66ddcde7-e717-4d0f-b972-9cc4c64bf48e,0.0020757904427213,189.77999999999997
163ca0ba-02a3-4a3e-ba48-acd7b0d5e4e9,0.00302473342657765,144.78
bfc2ea62-6318-40c1-b3e9-92201e938162,0.00200007816900935,192.77999999999997
d1e1eb0a-d62d-4240-a8b5-2a78589ef533,0.00218965499383185,183.77999999999997
c56f3872-850b-4f5c-bbe3-d0df1183c9ea,0.00209223835963025,189.77999999999997
8615c3da-f42e-4a06-b574-867f9ee51d83,0.00200202752960295,192.77999999999997
f857c2b0-0be3-4175-9c26-d66751b08082,0.0017039904175194,207.77999999999997
0e165cef-8f80-42b5-bdfc-0319d8569d7c,0.0020388896813301,195.77999999999997
d1319a39-b9cc-46b1-b666-0c19dd4479c9,0.0022160944453168,183.77999999999997
fd38d8cb-be2a-4f4e-8d60-384ed8d392e6,0.00230307418568105,177.77999999999997
ebfdfcc9-da53-41f2-8a40-f7dda1d52dd2,0.00230307418568105,177.77999999999997
73722ee1-3b96-495c-8924-0af380863fb8,0.0020023110889192,195.77999999999997
9bb8f172-fc87-4090-abd8-1e57b7bd874b,0.00232280493181945,180.77999999999997
7d40e184-33b3-44f4-a295-d4126d4d3239,0.0017586966892174,207.77999999999997
8b51ab75-584d-4bf4-8ab4-08af3f3ac889,0.00280859108590945,147.77999999999997
decf36a6-0b72-4681-99fc-8697e903da75,0.002544286706514,165.78
42c5eb9f-abbb-4f0c-a83a-4f9c948797d5,0.00230307418568105,177.77999999999997
e28e2357-a671-48ec-9e6d-b29ec4e2af92,0.00302473342657765,144.78
e8b8fbe7-3370-4bbd-ab98-d0a94b30f882,0.0024058988922596,174.77999999999997
4d3db4a0-ba58-4c5d-868d-314e40c71e4b,0.00218965499383185,183.77999999999997
5ccbd201-4a00-49be-bfb7-5783880bf0a3,0.002214347582296,180.77999999999997
a774d6a5-904c-41fa-8772-f785dc7b52b1,0.00230307418568105,177.77999999999997
04cfff08-5150-492e-b2bc-c58b8cc3ddb3,0.00230307418568105,177.77999999999997
bca7353f-fe16-48ee-aeda-e199ec814cd2,0.0020275578029748,195.77999999999997
74604669-78a2-4055-b0ca-2a48669b920f,0.002203043036748,183.77999999999997
5c80f8d3-7b93-4358-bd6d-89a22166f7b5,0.00196099153305145,192.77999999999997
f6d736a5-d916-402d-89a5-7ab4084ce3ee,0.0022651162579087,180.77999999999997
6d701686-61df-444b-9d88-bb74f7f4d22b,0.00206262334292275,192.77999999999997
a5166b14-42f8-4dda-b970-93321eab52a4,0.00191280696582515,201.77999999999997
93e6ad17-a120-4905-a283-c821df4bdbba,0.00212071276083705,189.77999999999997
4d5e789e-283b-4e31-a1a4-65ced58a3f23,0.00280859108590945,147.77999999999997
151d99e9-875d-4dbc-9538-4a2af3a5e15e,0.00216542879513635,189.77999999999997
fc772c20-2475-423e-b67e-ae6297dc7ccc,0.0022121726563018,180.77999999999997
bb1ec209-abcb-471b-ae95-0edfa492d783,0.00302473342657765,144.78
3449c8b0-f00d-410d-b6e0-632f5790d720,0.0021153901685,183.77999999999997
f8a7c801-ecad-409f-a0c1-6706468c9001,0.0024451056778722,171.77999999999997
8a29a448-3eb0-4f38-9950-6da6b18e7c4a,0.00212125900537855,189.77999999999997
0296be5d-016a-4260-9b3f-021390921fe7,0.0021672919219679,183.77999999999997
e1647d6a-f5d7-4d3a-93f3-3ab1b094fb6e,0.0020489422999028,189.77999999999997
78d77751-18af-48ce-b239-a4dac04dede1,0.00222507929232025,183.77999999999997
89fd8168-8e9d-4b8d-a9be-ef415aaa345b,0.00202042276083465,192.77999999999997
11f4ba43-388b-4bb2-aedb-d4794b1a6861,0.00212776669511365,189.77999999999997
6e98ab9e-411b-4033-850d-a9e721746980,0.0022651162579087,180.77999999999997
b116f9aa-9cfd-476a-a48f-8c5bbc77e00d,0.00177510434864015,207.77999999999997
4a709bb9-bd22-4763-a93e-be7ddf13e3d1,0.00228989303716665,180.77999999999997
3d140bec-4c7d-4f7e-ad95-5bb90cba2bd9,0.00196099153305145,192.77999999999997
27ccba39-3618-4fdc-83e6-a147a0049f58,0.00280859108590945,147.77999999999997
656f8be1-41fc-4fae-8a88-604b4f395d3e,0.00196099153305145,192.77999999999997
4efba01d-3e17-48ac-881c-b449830d0010,0.0022121726563018,180.77999999999997
8639a77c-4e88-432e-afeb-0cec2dd291a7,0.00302473342657765,144.78
69f5646d-a9d6-4043-9e75-f5edaf93efff,0.0021153901685,183.77999999999997
677d8f5e-f1df-44d8-984a-5da4e35d24f6,0.0024451056778722,171.77999999999997
51227adc-57ee-4d3f-8f47-6dd91623ba74,0.00226211770969645,180.77999999999997
52886672-53df-4576-bce1-4efa47dc0a75,0.00196099153305145,192.77999999999997
221bbbfa-1d77-4d1a-b2a9-359b26dbb67a,0.0022651162579087,180.77999999999997
df05f3ad-b3b2-4636-a320-0959e5899f2a,0.00207085725568255,189.77999999999997
6901dc1d-9517-495e-8b52-2b67bb44de0f,0.0020683187554432,198.77999999999997
c0c9b426-2c60-437c-86f4-7938a16297bc,0.00201065030391905,195.77999999999997
0d3cbc15-991f-4deb-84fb-453c460cd177,0.0017965935178414,207.77999999999997
b226ac87-3faf-48ca-91ee-7a2da0efef5f,0.00202017222793705,192.77999999999997
e53f6f51-3a57-47f7-bd7d-ace7ff8db2fd,0.0017918183914434,204.77999999999997
04bb032d-4eb9-4015-a262-170a1544e505,0.00192213824660675,195.77999999999997
8b3e3f6f-6a1f-4681-ba06-11f522b8d3d0,0.00280859108590945,147.77999999999997
e2966c5c-0568-4203-b3b0-90d0233238da,0.0023132108078,177.77999999999997
2456e67c-f0d6-4520-a0dc-909f0ec7605d,0.00218570552252905,183.77999999999997
9db1f9b7-1f10-420f-8b11-7cef8da05b8f,0.00302473342657765,144.78
6bfe1b5a-82b0-4424-b287-912b57875b78,0.00234933186646495,174.77999999999997
9676180a-3a83-4d90-9832-64faa03ffb24,0.00204098110483225,195.77999999999997
4bb75f3f-278d-481e-a51d-0b81388007b1,0.00214588218497445,189.77999999999997
7746a094-d1ff-4c36-996b-5ff8fab8d522,0.0018970086721913,201.77999999999997
826ffb7c-f371-4a70-abca-1d225c3e6b88,0.0020467165164107,195.77999999999997
00be6223-b016-4364-820f-1abd446a54e2,0.00200508251722275,192.77999999999997
210b181f-b84c-4d46-bbad-3287d5e3bfe9,0.00230610114254545,177.77999999999997
ceed4916-8ca0-495e-a7af-c1eae0282d89,0.00201065030391905,195.77999999999997
98ddef15-29e4-4783-9ac6-d56a2af0b0f1,0.0018848144459674,198.77999999999997
0898580f-9955-4280-952b-8ddb7b4f2efa,0.00216690412169475,186.77999999999997
0f15b093-5c90-4e10-94a3-4c8785942c5f,0.00201065030391905,195.77999999999997
3de7fed8-be9c-4c6d-af73-2ccafb6fabd7,0.00161124467175715,216.77999999999997
8ca39885-f8fc-421c-9038-eccab48c8b07,0.00280859108590945,147.77999999999997
f5fdf99f-cc94-42d4-8203-33475fcb97a8,0.0023132108078,177.77999999999997
dbabb8b6-2d88-4987-9a1f-e8d757056534,0.00218570552252905,183.77999999999997
7b7aaa09-7260-4112-bfa5-3624f5e399c4,0.00302473342657765,144.78
947afbe2-ae33-4c96-b9a8-c3420f6330db,0.00234933186646495,174.77999999999997
6c63f5c0-2140-4c0b-9ef2-2996e692fc75,0.00201065030391905,195.77999999999997
966ae0ac-7b53-46b5-849b-ed367a90489c,0.00189285265155265,201.77999999999997
dcc11db1-b556-4e71-a941-41175d0cb0b4,0.00178875400214235,210.77999999999997
240f7d8a-c84c-4e35-89ff-1e3ffeb0919f,0.001669838131169,213.77999999999997
0f823d2c-8720-444f-b820-9f8f2ff54dd6,0.00208798673900855,192.77999999999997
33be0446-e396-46c5-a4b4-8b05b1d46205,0.00230610114254545,177.77999999999997
1fa39682-1f1c-45df-856c-96693132ae4a,0.0022020936934339,186.77999999999997
dae26c22-37fd-4b21-803b-4500019046b9,0.0022244139745433,180.77999999999997
558acc1b-717d-4228-b448-b01c13461d7f,0.0024456968703205,171.77999999999997
dfc661dd-cf32-4eef-89ed-dbf210812007,0.0023896361053684,174.77999999999997
fc05afe3-2395-4296-bb8c-c6e2e71e3610,0.0021141781376614,189.77999999999997
e0acf609-1414-4a18-9f9b-84dbfd92a507,0.00280859108590945,147.77999999999997
2a82977f-d642-4854-85c1-24095eaeb901,0.00207405303873195,186.77999999999997
516c19a9-9995-4206-bfdf-c4e42c1b8bf8,0.00217405695393985,183.77999999999997
490daf9c-7e05-441e-aa72-34e3628d045e,0.00302473342657765,144.78
ba1ca5d8-e277-4261-b5e3-aa375019459b,0.0021825199689375,186.77999999999997
2547345d-1b08-4ba6-aec7-386d7d362f5c,0.00211715052070245,189.77999999999997
7b28231d-142a-403a-8ec0-5ad3d3d21d6c,0.0021332546998582,192.77999999999997
a34e9ac0-932c-4451-b31d-dab429973eb4,0.00190555171732675,201.77999999999997
91ef9490-2796-471f-8ec3-6908b2deb18f,0.00228677738797105,180.77999999999997
1486f5fe-e7ae-4f0b-93a9-01357357a014,0.00250075291844715,168.77999999999997
f9a382de-08c6-45c3-8861-02ac65f5d07d,0.00197580577064705,195.77999999999997
8b3a0346-4d64-4d78-8f4a-f8336db4f7e1,0.0022020936934339,186.77999999999997
069452c3-3134-45c8-b77e-bcf385cc101c,0.0022244139745433,180.77999999999997
89ffd3cb-bae7-4718-8640-032683c8af01,0.0024456968703205,171.77999999999997
352dba36-dd53-4093-85cd-1942a9d8ca47,0.0023896361053684,174.77999999999997
a7f12c69-812d-4772-af64-76f2e19fbe5a,0.0022244139745433,180.77999999999997
0615ccc4-1fc0-4487-9bf7-fcc1ce17022a,0.00280859108590945,147.77999999999997
9e125c46-138c-4f91-b2ce-67b3e43c4186,0.0026237371970888,162.77999999999997
9c054db1-47ac-4001-8ea4-b10c1568d9d4,0.00226749932137145,177.77999999999997
0a529f6b-5139-457e-9083-4d7086373d85,0.00302473342657765,144.78
192b4269-ac22-4aba-87a9-d0461e603cbf,0.0022244139745433,180.77999999999997
688a0c7f-cc90-4cd0-b46e-2b42bc8c5ad7,0.0022020936934339,186.77999999999997
ba59f53c-4c43-4752-8de5-ca5b4ef944e3,0.0023714829271008,174.77999999999997
3663ad6e-6c4b-4994-99e7-9eb68fc36e0b,0.00247388344015555,168.77999999999997
9ada1526-88e4-4e4a-974d-a225322541ca,0.0022020936934339,186.77999999999997
30413702-b130-4eb8-98f2-a6b5b5ce454a,0.00250075291844715,168.77999999999997
c5d9b7a8-9132-4dbc-8144-51ce936c5280,0.00202194158184945,195.77999999999997
9b011cef-f46b-4e52-975f-03765d95b595,0.0021154355342995,189.77999999999997
c302fe28-4597-4d09-b7eb-860d7ae13a7f,0.00215587099129195,186.77999999999997
23eef35f-e5e4-4284-a240-8a7a81608a64,0.00210233597606,192.77999999999997
52085153-d0b9-4c86-ab80-34a515b87129,0.0017844607494669,204.77999999999997
a4ce349d-982d-46ad-b294-ee320b7ef0cf,0.00244318150623335,171.77999999999997
7cc75b83-3869-4588-9e26-a48f944d53bd,0.00280859108590945,147.77999999999997
13b5891f-a367-4736-9989-6c8f652fa2bb,0.00211307641877175,189.77999999999997
9b2360c6-5b83-4ca5-8ce5-fdb005298d1f,0.0018258929073793,198.77999999999997
858134e1-b9bb-4944-bf27-7935115f848d,0.00302473342657765,144.78
8cadcc64-fbe7-4485-88cf-ea8f9ecaf4ed,0.0023059300452869,177.77999999999997
eac31b57-148a-44c1-926c-2167e5aaa567,0.0023109440212598,180.78
90071ad4-79cd-413d-baf7-06d8e3ae0093,0.002248099411661,180.77999999999997
f7cceee6-07e0-4903-b831-6ef3a67ad247,0.00225356963455805,177.77999999999997
e1c1c1a3-70c0-48fa-9e5b-ec16fc4dcb87,0.00221442436108635,183.77999999999997
c75dfc56-ead9-4af0-81cc-1a2218ce093a,0.0020610056568372,192.77999999999997
9dbfe3e7-700b-4cb7-8440-da9ad724b1ca,0.00226152626648485,180.77999999999997
a6bb2bd9-0006-48fc-91e8-9c38489e84dc,0.00215587099129195,186.77999999999997
d7645387-acf1-432b-b152-1e0390502461,0.0021154355342995,189.77999999999997
0ab3acc5-c48b-44ec-a452-b70fdb881e71,0.0022024332165348,180.77999999999997
ae483ac5-12a4-442b-ab17-4028e927524b,0.00215587099129195,186.77999999999997
0cbd11ed-1dfe-42bb-988a-59faa0997c96,0.00244318150623335,171.77999999999997
80008d56-f96e-4897-a22e-b2c266dacb01,0.00280859108590945,147.77999999999997
e73a0973-34fa-40a6-9251-13c3dd7926d1,0.00206839901565235,186.77999999999997
38259c3d-9777-42a2-b312-7cbf0bac8fe9,0.00184928774708745,204.77999999999997
706f5583-d8be-4dce-b881-ec4815ce56a4,0.00302473342657765,144.78
6747c521-a212-4b22-a308-f96c04bb9edb,0.0023059300452869,177.77999999999997
4065a96c-aad6-403c-8cf9-7960a080690f,0.00215587099129195,186.77999999999997
d4896165-7fa6-4b9a-b977-d273d97ff29e,0.002248099411661,180.77999999999997
af9b6519-332d-47dd-a373-41ae142ccc67,0.00225356963455805,177.77999999999997
cd0199b2-ec7f-41f7-92c1-343741a8b998,0.00215587099129195,186.77999999999997
2115ac82-20a5-4874-92b5-bff6869a47e2,0.0021154355342995,189.77999999999997
d3cd7487-bebd-4ba1-882d-38da27c157c0,0.00215587099129195,186.77999999999997
b5a850af-0794-4c60-8e5e-d1daf8c5c948,0.00212776669511365,189.77999999999997
f1aea665-0da9-428a-9319-2fa53350218d,0.0023972890007396,174.77999999999997
e4aadd37-ac1e-46b0-bab8-5c93303706c1,0.0021392133193643,189.77999999999997
7f0fc566-4623-4df0-86f4-8cf13f43dae4,0.00235807896383135,177.77999999999997
27e4c3e3-47d7-42d1-a102-6df010d4373a,0.0018916299002344,198.77999999999997
40069c6e-d7e6-4aec-bf7a-c4ed4ad0d0f4,0.00280859108590945,147.77999999999997
1bf53024-bee6-40de-8a0b-577e6d2cb232,0.0018766571357112,201.77999999999997
e563004f-12b0-4fe1-881b-799f2278bb04,0.0020425254462819,195.77999999999997
d7a92704-856a-4fcc-ac0e-d40c598de0f8,0.00302473342657765,144.78
b36d34fd-4a2c-49a2-95a2-ad4b65d79bd3,0.00203223870252685,195.77999999999997
dded38f5-4ff1-415a-ac82-cc0573df90c8,0.0022752277240182,177.77999999999997
ef7011ff-b4b0-4e1e-a002-bfe263a88a28,0.0019711767648903,195.77999999999997
5de47de1-08f7-493d-a807-5f454d669051,0.00201425679421015,192.77999999999997
aab30a73-192c-4986-b9e5-aa40ce0bc588,0.00209567146362715,192.77999999999997
63e40210-0298-474e-89d7-324bf2267fee,0.00235662011988405,174.77999999999997
79a91fd2-4541-41ee-806b-60952dc16139,0.00214226009989105,186.77999999999997
b719f9f1-78bd-4cf7-9d03-91896b1903cf,0.0024144458541802,171.77999999999997
fdde8f47-d160-4154-9af4-57f7b1750d96,0.0023972890007396,174.77999999999997
910a3249-6789-4e48-a066-94c86b4a12b7,0.00281745055541665,150.78
793c3e63-1d35-4aba-8500-4313e5f3e89e,0.00235807896383135,177.77999999999997
33a5c817-a40a-4a15-9676-e309fe033ff5,0.0023221462420652,177.77999999999997
7ef415ad-4492-4edb-bac5-4eb35880684e,0.00280859108590945,147.77999999999997
3bc0a2d3-dcc7-4dd8-abea-0278aab23dc5,0.00260263590396055,159.77999999999997
e8a67876-1824-4402-96ac-235afaf48b48,0.002352896676276,174.77999999999997
f657e480-c038-4cb0-b91e-c28961311bb8,0.00302473342657765,144.78
55ed7f8c-31f4-4186-9561-3c5252a945f1,0.00211771129023555,189.77999999999997
083060bf-e417-445c-bada-b9a276e0dfd8,0.0022752277240182,177.77999999999997
4d44dbc9-aa27-4fdf-92b2-37da1e9d0b5a,0.0023972890007396,174.77999999999997
e2e00c8f-ee84-49cd-b09a-c3f56ff67188,0.00212776669511365,189.77999999999997
cece7a8f-22b1-436a-a9dd-aa7d8e15d34c,0.0018916339627344,198.77999999999997
3e60f3e1-c281-4940-86be-58378d66fb28,0.00235662011988405,174.77999999999997
6b635df4-8f56-4c39-85db-2c6a787e6665,0.0025276581778156,168.77999999999997
ebef4383-65ed-4557-86e8-6ad831227d92,0.0022672099039631,180.77999999999997
5757d930-3c08-494f-9618-4bae8f34b3ed,0.00167491575565265,210.77999999999997
cb034fc3-d03f-440e-93de-bb2f5b973d4e,0.00229251178051885,186.77999999999997
c5c81a29-5cd5-40c2-9ec1-5641cb36d8e8,0.0018818772921422,198.77999999999997
ecdd8ed2-d1e0-43aa-8696-bb8de36bb312,0.0023536031955107,177.77999999999997
420ae399-601d-4013-a0e3-25e7ff5a40d8,0.00280859108590945,147.77999999999997
af5ce5f0-157f-42d2-a093-4e3f0ebb5d28,0.00186349234254015,201.77999999999997
cd5ff9fa-9bcc-42b9-bc9b-9d14d388b73e,0.00242572500415695,174.77999999999997
372349b3-a54e-4d27-92ce-4f03845934f1,0.00302473342657765,144.78
2e3e640d-c575-4f38-a60f-6a26e5ac67cf,0.00189818051715475,201.77999999999997
c4d5efcc-c391-40c5-8673-30b954add0e0,0.0019771782079251,195.77999999999997
9058bde9-367b-42a3-bbcb-0883f4363239,0.00200341113527305,192.77999999999997
a30a0b81-5d72-4ced-8c81-ba319cdbb4bf,0.0019436501356623,195.77999999999997
7850cf2f-99b6-4fce-9db7-242b72a85b86,0.0024384907312372,171.77999999999997
0c08ac36-1f8b-44cc-a581-e98aaa1be88e,0.00222486372496565,183.77999999999997
ab8cbdad-8633-43eb-8d59-3675a41d3d5a,0.001732680987644,207.77999999999997
b3054aed-18c3-49c4-b168-2093a50a33e8,0.0022672099039631,180.77999999999997
2a415288-77c9-4480-b91e-4e77bf64b94a,0.0019782303223576,195.77999999999997
d992f00d-3e50-4c97-9244-ddc383876cae,0.0022672099039631,180.77999999999997
1613b89b-2b38-4927-b9ec-692fddea28e7,0.0018818772921422,198.77999999999997
a14fa587-51ec-492b-b831-7c415293579e,0.0023536031955107,177.77999999999997
81377c28-68e0-400a-8930-2d0f449426be,0.00280859108590945,147.77999999999997
0183c082-624e-4f06-b287-8de36330e406,0.0020833752293,189.77999999999997
5470f284-3d69-4a96-b85b-19f1c37761bb,0.00242572500415695,174.77999999999997
02bc0de5-a8fb-477c-a8e5-0ed2bcc3cf83,0.00302473342657765,144.78
4516203f-7e0b-4fb3-af8b-349bba1a73f6,0.00229251178051885,186.77999999999997
eb763e41-053e-470b-b65d-63c86366e072,0.0021310088916818,186.77999999999997
ca601ec7-33ba-4ac3-9b0f-892042203bd6,0.002841681452328,147.78
d992fed0-49a0-430c-9b39-3939892d1197,0.00169971657499565,207.77999999999997
c15dd6a0-02a8-4803-b0f8-20b575c7f4f6,0.0024384907312372,171.77999999999997
38378f64-f23b-4029-aeff-afa131d732e1,0.00167491575565265,210.77999999999997
974fe719-f26b-4ee2-9005-8288540d3cc7,0.00186344029585895,201.77999999999997
b616c49a-61d6-49d1-aa10-291c8c0e8eec,0.0017558879912764,204.77999999999997
b2cc28a7-3b0c-4af8-930f-e92d2c40f1fb,0.0021290110571188,186.77999999999997
8212635b-b846-4ca3-a07b-4a2d32b7cd1c,0.0022034340224422,183.77999999999997
7be0ed42-d198-49ca-bf92-121153eea92e,0.00220586160222545,186.77999999999997
0a4e506f-acc3-4f84-b259-e5836108c3c1,0.0022026786449359,186.77999999999997
64576bc0-ce69-409b-b1c4-9a6beea3df4b,0.00280859108590945,147.77999999999997
569cb426-848a-4b27-b0f0-106ff3b3ca4d,0.0020508605289731,192.77999999999997
459bff81-8742-473f-9931-407f7943fa78,0.00258298847537255,165.77999999999997
6fb5f3d7-ab29-43b8-8110-0ab2d280bebd,0.00302473342657765,144.78
e6b92a7a-995d-4b34-a7a0-9e961c6a470b,0.00181439416599125,204.77999999999997
28cf6062-3877-440d-abc4-a34f9b039489,0.0019391219810168,195.77999999999997
17d6fedf-2f57-41c0-bb9f-f1575cebef35,0.0021101716342656,186.77999999999997
7ec4e1fd-bb80-488a-93a1-f61243949174,0.001673470862843,210.77999999999997
f4319f3b-e2e2-4447-a357-18dc21d88f7d,0.0018391371538489,204.77999999999997
0761a6c5-c7a4-4608-91ab-2c4f5956668d,0.0021921051620144,186.77999999999997
cfc7851e-c1c8-41e1-b473-d4d789ed71fc,0.0016392076093242,213.77999999999997
c55286e0-c673-40c2-9dfc-e861a2a922a1,0.0019181794035414,201.77999999999997
af07a371-30eb-45f2-9cb6-a8d6871a0b48,0.0021290110571188,186.77999999999997
7026cbba-7c97-464a-830d-67829c3651e5,0.0022034340224422,183.77999999999997
2a83d1dd-9882-4603-b45d-6afe8813f8a7,0.0017558879912764,204.77999999999997
58fbd6b8-b349-4b41-9bc4-e038d04dbfe3,0.0021290110571188,186.77999999999997
01b10455-478d-45cc-a69a-2ea67aaa98d2,0.00280859108590945,147.77999999999997
46903141-9759-4093-b2cb-396805dec9ea,0.0017558879912764,204.77999999999997
588beb5b-ad08-4296-86a3-489c07050543,0.00258298847537255,165.77999999999997
d7ad5f86-3c9a-413f-8628-4f9734d924b0,0.00302473342657765,144.78
e4832e18-83f8-4b61-8dc9-5960b7189b03,0.0017558879912764,204.77999999999997
01d79cec-837b-4d6d-87e0-0debb77f5c18,0.0021290110571188,186.77999999999997
b0d6a9b1-5af4-4e53-ae63-4a793ef9a59e,0.0021101716342656,186.77999999999997
7111765b-ce5c-4ab8-8321-c101aae9ae14,0.0017558879912764,204.77999999999997
30b8e059-de84-4cb2-8302-7062a39a9e0f,0.0017032212191822,213.77999999999997
9359206f-bda3-459d-af1a-2157f5205d16,0.0020930825532731,186.77999999999997
90bee40a-07fe-420e-8bd5-cea1b7c0734a,0.0021702091153818,186.77999999999997
c079d25b-3a2c-414e-8543-37ee58a23200,0.002403906570033,174.77999999999997
7ec04c08-8ed3-4aaf-8964-92b6c289ca7b,0.0023595915980041,174.77999999999997
227536ba-ad0c-4052-a955-8d61e3b5c782,0.0017778241430877,207.77999999999997
bf2cf905-5dfb-41d4-b045-8d7c38a50ba8,0.0023182459842437,177.77999999999997
253cc2e7-f17c-43ee-91f5-70d847ba0ba2,0.00196326340172805,195.77999999999997
ad8116ec-b6da-47ac-b04c-2d2d51227f7c,0.00280859108590945,147.77999999999997
e6540f4f-12e7-4461-9c80-190d6c27a1fb,0.00205948686155725,189.77999999999997
d4a34bfa-dc51-4dd9-b800-7472254ca9a1,0.00212680253542685,192.77999999999997
b837b976-25d1-443d-a8ba-63b0ac14542e,0.00302473342657765,144.78
ed2dc988-9bd4-4fa0-9be3-08a61c5d1df7,0.0024176818406879,171.78
6da5c642-8bb8-4064-9e43-0a997b97af26,0.00232996313804335,177.77999999999997
558eda9f-6767-45e7-a2be-19d535f6ed69,0.00200452858018635,195.77999999999997
523b6ab0-d94f-4e94-9443-17401caede54,0.00244008255085095,171.77999999999997
ea797d8f-5ea5-4824-8c90-9256d55f55b8,0.00232551825442965,177.77999999999997
3aeef775-4236-4bb9-941e-6b02dbbff694,0.0021233607313869,189.77999999999997
06fe690f-9156-46ca-bf00-7c473de17971,0.00189229566888655,198.77999999999997
f5a4f18f-88fb-4238-ad21-a05778c13d84,0.002403906570033,174.77999999999997
0314e268-6ed7-4e68-a308-b2bddc8bd5b8,0.0023595915980041,174.77999999999997
d6fecf23-b729-4186-a48e-54029490b117,0.00216088916412595,186.77999999999997
1590d877-77a5-44f8-b73a-5ad1da8c06ce,0.0022137237342073,186.77999999999997
6364882f-6d07-498d-8db2-067408e552e2,0.0023595915980041,174.77999999999997
6cbd3560-ca5d-4fba-b9ce-4b42053dbb90,0.00280859108590945,147.77999999999997
b8d69a93-7a42-40dc-a1ec-f59d58099fbd,0.002403906570033,174.77999999999997
69df7776-d7d8-41c4-88c3-3186cade8413,0.00244268759228805,168.77999999999997
5297945a-4f01-48f7-a72e-4d2e7d14d04d,0.00302473342657765,144.78
719938e3-c516-4f27-9b5a-96821c701969,0.0024176818406879,171.78
7222a202-ff06-4894-881b-18c07dc8699b,0.002403906570033,174.77999999999997
175dc5c2-f703-47d4-adcd-0e9d2956548b,0.0020367636090781,189.77999999999997
4ecf3b56-5a31-4d4e-919e-fb8d5d2a26e5,0.00244008255085095,171.77999999999997
2b803f19-5f2d-4e7c-9760-d0ae02b03281,0.0027296096717119,156.77999999999997
01041b7c-e1ab-45f6-a52e-acba0aa8ee99,0.0023989776151355,171.77999999999997
985c5965-fa30-435c-bc73-d5d9046fc181,0.00259776626589285,165.77999999999997
e7ef57b4-3e3d-4967-8588-1ee8a300b1f4,0.0020922815278433,192.77999999999997
f0aac6d1-bcad-44cb-97fd-4928faf23629,0.0019639879646888,195.77999999999997
5746eefa-132c-4111-88f5-1fdbc4b61786,0.00217024486209655,189.77999999999997
d28b9802-5028-4e38-96ba-b600568a96bf,0.00221976669239655,180.77999999999997
d0ecd503-3ff8-4982-bd78-2e0015287411,0.00202471807665455,192.77999999999997
4fdb9ce3-f24f-4f17-90b5-e0385fa66cf8,0.00280859108590945,147.77999999999997
80579e38-9c23-4348-93d0-d0a218ffc3a6,0.00213976166447755,183.77999999999997
d2240b8e-7292-4f65-afb9-0c176b3dbfbe,0.00203023159787725,192.77999999999997
488a785d-546d-47db-a755-9b86c73d3c33,0.00302473342657765,144.78
920f248b-f730-4abf-8e4c-85f07160c150,0.00188270795346905,201.77999999999997
f954b9ab-2d61-49a8-9bc0-b436ff12ecf4,0.00201065030391905,195.77999999999997
69ea5ed1-d0a2-4d79-b9ed-a7f37666c9a2,0.002178042121864,183.77999999999997
292eb480-798e-4880-98f0-05a8894590f6,0.00223548473328205,183.77999999999997
17b969b4-b42c-478b-a4e6-ad900b5cabbf,0.0018784624980285,201.77999999999997
5a284d6b-9418-4917-a893-065bd680c132,0.00194305554127645,198.77999999999997
dd3b9d71-09fd-450c-ab0a-3800589c1ab6,0.00201933300319835,192.77999999999997
98a2f151-4571-4e8f-ac00-81aaf6e1a65d,0.002650485285066,159.77999999999997
99f0a046-530f-45c8-a595-f062563ca453,0.00198570728429825,195.77999999999997
af4e6072-d124-4367-9fcb-29da8f1156cf,0.00196076673286365,198.77999999999997
672f30a2-fc03-4a8c-9514-70c6ca2f3bf3,0.00221976669239655,180.77999999999997
b23e9857-8dc4-4dae-87a9-426fa329d929,0.00164476798360195,213.77999999999997
e23fcf69-79b9-4cbd-91cf-0ea1d6e61192,0.00280859108590945,147.77999999999997
1abb4f53-c64a-4b1c-a389-014aefedb92b,0.00213976166447755,183.77999999999997
adb660cc-e188-4d37-8dd5-a09f0c0166e4,0.00202795266084925,192.77999999999997
83f8047a-b921-4b40-8767-acdeede3a3b1,0.00302473342657765,144.78
5636c1f6-7176-4596-b724-ee7c7d5d732b,0.00167491575565265,210.77999999999997
773557ec-8e6d-4044-a59a-bf9889ffe0d9,0.00176938483521275,204.77999999999997
6163d7e6-a299-4471-9cfd-f7f003895a4a,0.002178042121864,183.77999999999997
d4330376-bd90-42e4-a4d0-06284de4619a,0.00223548473328205,183.77999999999997
8a84ff90-738b-4922-b083-701c94528bba,0.00211488275096955,186.77999999999997
f1d7e1e9-0a68-494e-8019-3e1f65d98da0,0.0020922815278433,192.77999999999997
1e7c0933-f064-474c-844a-e2416675d9e1,0.0020425308563071,192.77999999999997
daefcd9e-bd2e-44fc-a893-6615a03b0a6d,0.00240706637011145,174.77999999999997
30d24b6f-3544-42ce-a0f7-ec3f61fea3b8,0.00171110583310595,210.77999999999997
62b5c7eb-651a-4536-8cf9-9d2ae8e842f2,0.0020838375781868,186.77999999999997
3b7eb2b6-e9d7-4f1f-a29c-8b8eb6150b90,0.00198250774680165,195.77999999999997
2d14db2a-8b82-4db0-b497-bec08d36d851,0.0021022554011732,192.77999999999997
ff66ecd9-455e-47f8-8994-ef3c34fab369,0.00280859108590945,147.77999999999997
40dd99d2-8e16-4a1a-bc6d-5b3f90bcd91f,0.00203511421691095,192.77999999999997
68094e46-d52a-4238-b58b-c8104408f2a0,0.00211814392507985,189.77999999999997
ab003a22-9bcd-4120-b116-bcb7653fce1e,0.00302473342657765,144.78
90d26eba-ad15-4d97-a03a-be2de0264723,0.0018008998966288,204.77999999999997
9573f72f-1df9-43a0-9ebe-dc09a1180c1c,0.0017352953543088,207.77999999999997
874921f5-9f6e-4409-b479-18be04cc2369,0.00169089276225285,207.77999999999997
3f1d069a-49d2-41e2-aaf7-2847d22ddfc4,0.0023399414677907,177.77999999999997
9594242e-7764-4d93-91b4-52408aeceedf,0.0015962002668202,216.77999999999997
ed9de3cf-0a60-472a-9dc9-fdcda2c6233c,0.00197304845702305,195.77999999999997
f50c85a9-c829-45eb-ad3a-ed584ea35910,0.0024176818406879,171.77999999999997
ab8b8638-3332-498d-9d89-bb4abf669f52,0.00240706637011145,174.77999999999997
91f6df3b-531b-4468-acd1-50538a46bf3f,0.00232915859676795,177.77999999999997
b1a35127-264a-4da6-9da6-d6e57afa521b,0.0020838375781868,186.77999999999997
ecb6924e-0cf9-449b-9b04-e0cb9e604b49,0.00219733562859475,183.77999999999997
2172d9fa-4f49-4356-9c09-4ddbc53391a9,0.0020879749516796,189.77999999999997
322ea006-6ad9-4fa9-ac62-83b4ba0d5db2,0.00280859108590945,147.77999999999997
21a59727-8c5a-4be0-8530-19cf2dba1cc9,0.00171110583310595,210.77999999999997
75d1cfef-4f23-4f7b-af8b-01ff2b7272ee,0.00235962005597355,177.77999999999997
37a09181-efb4-441b-ad72-b8138d488347,0.00302473342657765,144.78
5a94ed35-eb24-475f-b401-6f57d2d59f32,0.00202852086739585,189.77999999999997
54a39e9e-1a81-47c0-b9aa-446fd9075942,0.00219490689486085,186.77999999999997
b14902f4-2bdd-408a-897a-2f7d7d97215c,0.0018849678675828,201.77999999999997
d932db88-ba7b-4b32-ba34-7a33f9bcff5a,0.0023399414677907,177.77999999999997
67d6e286-988a-46c8-9f52-ddf8652d1a08,0.00222146627350425,186.77999999999997
124895e6-e726-46fd-a05a-2bbf3e9dccab,0.00203683188609525,192.77999999999997
25067d30-f37c-481a-81e3-be3613943139,0.0024176818406879,171.77999999999997
ab6145a7-c3c1-4e93-acfd-9df247ece7b5,0.0020294060564386,192.77999999999997
1f9883ad-0348-4a77-afb2-1c8cde7bbf2d,0.0017918183914434,204.77999999999997
f9843ec2-a1c8-44a2-aa1f-2b2c96feb9f1,0.00214626867937055,189.77999999999997
b77ec629-5447-43e7-b50e-710ce670019d,0.00206437110256,192.77999999999997
7c30fb11-70a5-4c33-bab6-9804ba8adcf2,0.00190723404889285,198.77999999999997
fc1bbe9b-cf1f-4855-b07c-7883ed397cf9,0.00280859108590945,147.77999999999997
86325659-cffa-4f46-bc00-f3c69b0e0ebf,0.00186121139133205,201.77999999999997
44e57237-f890-4d36-a07b-7369c944314a,0.0021072197819527,189.77999999999997
ce8bfc33-4030-4c36-809e-442a9760322a,0.00302473342657765,144.78
1923583e-9dc3-40f4-9a1b-1f9d6ee2cd6a,0.00190382938382355,198.77999999999997
2bb07bb2-e8c3-479c-be3f-86a86fbdb662,0.0017928076233985,204.77999999999997
72460226-7df5-4322-897f-fcaff80dc5ab,0.0022417623476693,180.77999999999997
2a45448f-8792-4d8a-b1de-d53838a0559c,0.00226095200695895,180.77999999999997
aae1e3e6-72ff-469c-846f-b7f053a5c17d,0.0020476765664487,195.77999999999997
a0fbf4fe-2eb1-485e-aeb4-f06753715d65,0.00240485724149305,171.77999999999997
d730d612-8986-4771-ab69-6b36703052c1,0.00228803776402175,180.77999999999997
0df7f60c-fca5-4077-bf11-e15041af0c39,0.001928351660003,201.77999999999997
b77941d8-aa89-45e8-b58e-de48160ee3c6,0.00238175439141665,171.77999999999997
14b98de9-4d20-453b-b7f4-cab462feef66,0.00219148445390075,183.77999999999997
46d6021e-45f4-4539-a097-2c7f45747870,0.00217365545646405,186.77999999999997
604e3a29-5ea8-4a1a-b383-d29d45a50362,0.00269997066818,153.78
966e59ca-1726-4127-96ec-2ebed950bbc2,0.00280859108590945,147.77999999999997
4737135c-9413-49c7-8518-e1a8f3683c09,0.00202648863773,192.77999999999997
98515379-ec91-4eb0-b20f-71a245c34ac7,0.0019834565843211,195.77999999999997
0640fc80-5eb0-4565-bed0-11c6e59d93c3,0.00302473342657765,144.78
7d35cf87-866d-4180-8cbe-c4254b627b8e,0.0017918183914434,204.77999999999997
600408b4-22cd-45b0-839a-d7c39a9e9225,0.00211627768419645,192.77999999999997
a32ce00e-d312-4d6f-807f-50694dd1533d,0.0022417623476693,180.77999999999997
7293077d-fcb9-4697-8f10-92cb508eddb1,0.00226095200695895,180.77999999999997
bebf3c84-9914-43c3-a7db-d070b61b8812,0.00164132597065215,210.77999999999997
4f27e679-0a7c-4ea2-bd07-39e6cd417314,0.00240485724149305,171.77999999999997
0d709cf4-e1b2-49d1-9000-d496221c4c3f,0.00228803776402175,180.77999999999997
05d6effe-cb7f-483c-964a-7f5f4f4ab214,0.00218329612718445,186.77999999999997
7080c034-32ee-4cba-91c5-617356b5eca6,0.00231685733862365,177.77999999999997
2410c056-3f47-4155-ac74-8b0a32805f1f,0.00218506629591525,183.77999999999997
1ffa884e-dfd7-4256-b237-d5938a0328bb,0.0022016284812155,183.77999999999997
c84e18a6-73dc-49ed-8326-2f58cf8ff35d,0.0022227252799643,183.77999999999997
84971a50-db10-4d71-95f5-63483aedcba5,0.00280859108590945,147.77999999999997
d15c26ee-06f2-45bf-ade6-7c91881289e5,0.0024345753341386,168.77999999999997
e4fe2418-fb2b-42b4-ae5a-c77d4c9b7a40,0.0023534151476603,174.77999999999997
d9e2c204-fa5c-4e7b-92c6-57f3ca6daef0,0.00302473342657765,144.78
9a10aa76-a253-4919-9d7a-67607cbeae79,0.00241412687262705,171.77999999999997
bd3bf776-0089-4a14-af02-ee58cc616a44,0.00185928160094035,201.77999999999997
73712040-4e05-4d72-bed8-b9c57e707702,0.00187028488227275,204.77999999999997
a88b91db-649c-4967-ba18-d90469d8aa8b,0.00197432947814415,198.77999999999997
daa03a90-3c69-452c-8ac9-72481f30d3ae,0.00204800674646205,189.77999999999997
ef856618-49ce-4863-97a5-339e0d4e4be4,0.0020454718754231,192.77999999999997
fbdb9bc0-39b9-41ed-a81d-80d89c672279,0.00225642593188615,177.78
eafeddee-7eb6-435b-ac0e-c6c33a9314ae,0.00218329612718445,186.77999999999997
33ec2667-f4b3-4cc5-9e69-c8964c954521,0.00231685733862365,177.77999999999997
5f72d8d2-7be5-40cc-af74-0ae1e518f5a5,0.00231685733862365,177.77999999999997
b286c509-bd4b-416e-8379-ffd5b0cbe0a9,0.0021646064351679,186.77999999999997
f86f42ee-54cf-42d1-8903-97284e77e74f,0.00245385224298675,168.78
3c0a606b-15ba-4fa4-9419-30415f121281,0.00280859108590945,147.77999999999997
b61f4159-c283-490e-b61f-41cddeae1662,0.0024345753341386,168.77999999999997
1e2b3db6-786a-4448-bf00-0b2a6a7a0d66,0.0023534151476603,174.77999999999997
a6dfba4d-4c90-4235-b95c-f43967c1b601,0.00302473342657765,144.78
6da4b798-bd99-4936-9ef4-93e0fc9a3a3f,0.00241412687262705,171.77999999999997
4c5cb7f8-4e19-4154-aaf2-3d9e1d0e848e,0.0024214345018358,174.77999999999997
40696aa8-2446-42ff-9077-2709c86c9407,0.00242344119405825,174.78
29c4a528-2ab6-4620-ac60-82686639192d,0.00218329612718445,186.77999999999997
c0ee644f-348f-40f5-a5ef-a27f022ecec2,0.00218329612718445,186.77999999999997
2f57c1dc-3bc7-4759-aab2-a730c9b661be,0.00231685733862365,177.77999999999997
25110b4d-1169-4e73-adc5-4ed635ac6e8f,0.00225642593188615,177.78
3f3ed6a1-32d3-4b9a-95b1-9877fce900b8,0.0022136711089823,183.77999999999997
2305b8b5-7b8a-4622-a0b5-1f6d430cd69f,0.00240478927283795,174.77999999999997
8563f539-b19c-407b-8d60-fc7c394e8636,0.0021761492220739,186.77999999999997
c5d6a5b4-ec3c-4d06-ab02-0ed65041c65e,0.00189167954855055,201.77999999999997
42fc3bdb-7151-4a1c-badb-a6d966da7ac3,0.00228682244739315,180.77999999999997
8409ab7d-4428-4e75-86bf-b601bb8d52b5,0.00280859108590945,147.77999999999997
7ad1cc7e-ba96-449c-8e43-14d4dbfe82d5,0.0023106525040857,177.77999999999997
d82271be-0d36-4f5a-8010-9c27f6b5542f,0.0020836531040525,192.77999999999997
e3400849-aa94-41ba-8ac5-d743e8680afc,0.00302473342657765,144.78
7eaa4b04-ca0b-4868-a3bc-3b9056a4bbce,0.00247639850155475,168.77999999999997
d0e84373-7f46-4dc0-8cdf-fe394970dd54,0.0018531300656774,201.77999999999997
0dad2c1b-c2c8-47c2-a299-b6f682edde18,0.00225555016765105,174.77999999999997
fc5e67f5-e64b-4ebe-b1c7-3b2ce611499a,0.0020133807200183,192.77999999999997
b6919fb7-fe5e-4a4a-9337-306170e17505,0.00212965560387635,186.77999999999997
07cbc879-1fbd-4bef-a262-faeb3a4033bd,0.0020409146228347,192.77999999999997
61eb7ebc-ed20-4cb4-a70c-56e654318167,0.00203203922534075,195.77999999999997
9b96f0db-a237-4580-a371-43f0e41f026a,0.00240478927283795,174.77999999999997
480787e8-d4c0-4997-b72e-b5fafa80aed5,0.00240478927283795,174.77999999999997
74e61054-82f0-4ffd-88a4-38d9d54fbc26,0.0023766259704158,171.77999999999997
4a91f0cd-4f3d-43c6-9dc2-c2a20b728959,0.0022054184495174,180.77999999999997
19e21a6b-c7bc-4601-9170-8c1d4f04fdb9,0.00205164947459765,192.77999999999997
551d5750-2bee-4a35-9674-9cd904fa3cac,0.00280859108590945,147.77999999999997
bd280a66-092d-4db8-83fe-597b960d5ede,0.0023106525040857,177.77999999999997
0e40a3f5-69e4-43e2-99c9-dcdd11194146,0.0022559587786119,183.77999999999997
529a3c56-2a3f-4d3f-ad10-5ea3fa5eb60e,0.00302473342657765,144.78
aee60f11-432e-4aec-86da-e2239bd03de8,0.00247639850155475,168.77999999999997
4d2dbcf9-15ab-4280-80b3-5d5afd6ccb1f,0.0020836531040525,192.77999999999997
76144ba0-e91e-4de2-ab1f-83b5c4c7dd03,0.00225555016765105,174.77999999999997
aa669df4-42a9-487c-9e5d-cc8a48ce34a1,0.00240478927283795,174.77999999999997
85b841cc-b01a-40d5-adca-51f925892106,0.0022361700176519,183.77999999999997
fa3f180a-7ba2-48f9-8192-062af85dfe59,0.0020636090186337,192.77999999999997
3075c88d-8558-4413-90cc-45ba960b044f,0.0022136711089823,183.77999999999997
f90c0f4d-7133-4d36-bd87-72de277f3346,0.00218229604987385,186.78
91e1ef6f-f391-43c6-81c2-d426f6fb32b1,0.0020044885520825,192.77999999999997
48aaf445-73c9-47c6-9d62-ac847020a0bf,0.0025530218229281,165.77999999999997
3d84f505-ef87-4986-8c1c-7a51d44e0ed1,0.00197183181938,198.77999999999997
3f151f40-3abc-40ec-a598-a56214cf53a1,0.002260337164916,180.77999999999997
3c8fd02b-71a1-4d46-862a-01ad34038687,0.00280859108590945,147.77999999999997
6c089edb-762a-4cca-b9ea-707215549253,0.0024917563269017,168.77999999999997
85cef82d-43d2-4907-9fd2-640fe5437006,0.002073682533075,192.77999999999997
aa4cf30d-ff17-4b35-9f3a-47295a09ff04,0.00302473342657765,144.78
ae9908c5-480f-4b0d-9fa1-64f84edab49e,0.00248355323525,171.77999999999997
b2340bbc-5759-4537-af65-e4419e300dbe,0.00211685230196055,189.77999999999997
e662864a-cff1-455d-b7d6-2008cd4e998d,0.0023735278419355,177.77999999999997
661b3b6e-84d2-4037-a69d-f57705d7dc69,0.00202393549532385,189.77999999999997
d65426b2-6d73-4da8-959f-e4ebf757398a,0.0022230225955853,183.77999999999997
ddb6d97d-95b9-4fcc-86be-84d821bef6b4,0.0021644264882947,186.77999999999997
bde2b727-26d2-43f5-abed-c03feef096cd,0.00222286339240145,183.77999999999997
e8f0cf3a-5453-4f38-b9c6-518ebf4c2a5c,0.00229904136129355,177.77999999999997
8875b004-578a-4154-9828-395834dbc9d7,0.002014168480958,192.77999999999997
09d3ed3e-1b8d-4008-9dcc-dde8a6e63d26,0.0025530218229281,165.77999999999997
9994b30e-6428-4ee9-b1e3-685846a62d74,0.0020044885520825,192.77999999999997
46d64f6c-f63f-4d9b-91fb-21b5302f6ccf,0.00197183181938,198.77999999999997
a0cddfe4-1c5c-4136-ae07-2bbb2b4ab9b0,0.00280859108590945,147.77999999999997
b77e9d1d-eaf9-4623-84fd-d636d8d80142,0.0024917563269017,168.77999999999997
365376c6-a2db-4ff2-b6d1-b7b0fd38bb68,0.0020044885520825,192.77999999999997
b8883624-9839-41fa-b524-a8b8a0c29f14,0.00302473342657765,144.78
b3f0195f-87ac-4dd4-8d98-d63e61418a08,0.00248355323525,171.77999999999997
1ca10aba-2e27-410e-afc0-ed76374f3403,0.0020044885520825,192.77999999999997
021a0bc8-3699-441a-9d3e-3c2b4c5403dd,0.0023735278419355,177.77999999999997
c7e8f802-9640-4cd4-9260-171e2b22966c,0.00231123699859185,177.77999999999997
202160ed-b5c5-49d7-b73e-637ceae7fd05,0.00238335441901205,171.77999999999997
8ccfa5b6-9e88-4c32-b56b-7cf2ce071aa5,0.00197183181938,198.77999999999997
931a2de0-e72b-456d-a7db-5a25279baea4,0.00219195488215725,183.78
478cde7e-2253-4139-9005-86281b967e65,0.00236170842059175,174.77999999999997
c16b4068-c132-43fe-a35c-869931f69086,0.001933563302,195.77999999999997
b1dde6ba-9c84-4a44-b792-f5fd183365e6,0.002383830038,171.77999999999997
4c4bf7bd-880e-40ea-8ee5-20511116a42e,0.00231764305836955,177.77999999999997
b65eff04-aef7-4123-a761-fe1e7c5dc82a,0.00233149618789915,174.77999999999997
075de788-cc14-4e43-8e52-5513b13609c5,0.00280859108590945,147.77999999999997
02d8d14e-6943-4211-b0cc-9131957f7766,0.00196629715146375,198.77999999999997
fadb2af3-6427-48a2-b6ba-08097bf9f1cb,0.0021177815741831,192.77999999999997
d9b93c68-703d-49e5-adf9-1d58eab20fb0,0.00302473342657765,144.78
3fbadd03-01b2-42b0-9545-d8beade2920e,0.00221167940348625,186.77999999999997
1c845b8b-00ed-458d-bc7b-3a47a3d5162e,0.002289317987325,177.77999999999997
8dd84a51-196e-4d76-a5a1-74f29e216ca0,0.00196290268340805,192.77999999999997
275ad258-1759-47b5-aefc-161f61f2c79a,0.00233094117225275,177.77999999999997
cac143b3-67c9-4409-bc95-06bec52329c4,0.00195100709633195,195.77999999999997
08646826-a4a4-4f31-b7a6-e61b35413f19,0.0020690894799673,192.77999999999997
b0082fa1-6179-4a01-ac21-b2eaaf35c7bb,0.00215232364462895,186.77999999999997
7d03d359-3603-429d-ba24-725a8e6932b9,0.00236170842059175,174.77999999999997
7c79174a-e7ae-43bf-8937-e6ad94a96d51,0.001933563302,195.77999999999997
5ef4fd1e-070b-4ede-beb0-baa7ff83bc87,0.002383830038,171.77999999999997
acd45697-179e-4c1a-99cc-7bedbb9af647,0.0023137648963905,174.77999999999997
a2725b1e-1310-46ec-b6ae-e7ddd583498d,0.00233149618789915,174.77999999999997
7f8c4ac5-cf83-403f-875d-01dd07165f34,0.00280859108590945,147.77999999999997
6e8bfc77-d661-4156-8475-b7d92ce05206,0.00204490272100295,192.77999999999997
146b01b0-16b3-440b-8e3d-e6c747674c77,0.00236170842059175,174.77999999999997
2165852a-2fa1-4aec-9b6c-1f2aaf83d4e1,0.00302473342657765,144.78
b0d66f3f-29e4-4395-9733-54e043a072b8,0.00206356066666105,192.77999999999997
98b95d08-4b7f-46d0-b99e-94f1b63a26ba,0.002289317987325,177.77999999999997
d26a494b-b14c-46c2-ad6c-517d654df246,0.00236170842059175,174.77999999999997
2fd0d8a7-ab47-4139-bea6-7354201e6576,0.001933563302,195.77999999999997
1152b566-9533-4931-b3a1-ebc7bb682bc3,0.00223548473328205,183.77999999999997
dbf3584b-beb7-49a9-aa57-cef9986127eb,0.001933563302,195.77999999999997
ffd9e134-28d3-45bb-8da8-540ec0868253,0.0023602264710637,174.77999999999997
1fa2dc4f-3c5f-482c-9c35-af3f9830f62c,0.00202744501641325,195.77999999999997
f6ce1186-f8fc-4712-bc78-82f2bacf1eb4,0.00249671573095535,168.77999999999997
712e6849-5e03-4768-bebf-091c2de12e55,0.002097672371438,189.77999999999997
4b0f6c98-f442-4990-9ee5-5eaec70b3af1,0.0019008100542582,198.77999999999997
91f1d30b-9b06-4bf9-92e9-de1d51229dd1,0.002061014556062,192.77999999999997
4311f76d-cf86-4375-bc9b-ed229578f312,0.00280859108590945,147.77999999999997
cfba510e-0cf2-4186-88ee-666be69a4c76,0.00237990742338605,174.77999999999997
d351bc44-0bc4-496c-9622-58786d4bd4ca,0.0021217932477788,186.77999999999997
50bb46f3-3a64-434d-a2a1-b183b919bca8,0.00302473342657765,144.78
9ad80e64-c0c0-4cd8-bb8a-f37390421e2a,0.00187547045698945,198.77999999999997
9993c8ce-6fdb-4415-aa39-ebf0b1964052,0.00224994659107445,183.77999999999997
60e054e7-af8c-419d-9601-68406874bf6b,0.0021207256233764,186.77999999999997
7af5fac4-26f3-466f-a8bf-38c1d4fa2b5f,0.002098659412256,192.77999999999997
286eeb2e-a87d-4427-998f-86266e144d6f,0.0021705482441875,186.77999999999997
8af2ab8b-bcc2-4ebd-b333-9313684ab3df,0.0022086870355652,180.77999999999997
e1c0b498-ff0d-46f3-9a99-5fb54bf37cb3,0.00217847344571035,186.77999999999997
1749ca17-edcf-44b8-9379-9ea344dbda97,0.00215232364462895,186.77999999999997
e681ba60-565a-4fe3-8dbe-83e40bce6b22,0.00249671573095535,168.77999999999997
39cb7f16-e24b-42ef-98da-313e6ce79093,0.00228503149826925,183.77999999999997
d7faa1f1-1b7e-4953-8755-06cb5f68974a,0.00202744501641325,195.77999999999997
4da0ee11-1f0b-4219-bb9e-8111c879e8c1,0.0022780076589909,180.77999999999997
fa92743d-225a-4e88-8ef4-a3179bf515b7,0.00280859108590945,147.77999999999997
a52baad8-24ae-4757-ab2f-0a03b0d0ffec,0.00237990742338605,174.77999999999997
9f7bed27-26e8-423f-b584-034ddb79682c,0.0023170177537619,180.77999999999997
c8af6506-1d35-4348-85a2-4c6154fc4b69,0.00302473342657765,144.78
d3f15128-8d16-4d13-a088-35d37abb37e8,0.002574337844061,162.77999999999997
92e4a0cb-48b7-48b8-b869-431335f493ab,0.00224994659107445,183.77999999999997
eb84ca53-25db-4e94-9996-e56242da2667,0.002189731786375,183.77999999999997
0ddb3bcd-18ee-4c78-bb44-367efe2b07b9,0.00237553182862615,177.77999999999997
77825c42-b2eb-443d-b5b2-3d2b01da322c,0.0024576905622805,168.77999999999997
3595c415-36d9-4776-845e-b8317678a1a5,0.0022086870355652,180.77999999999997
927e4e1f-f211-4604-bd48-4eff24749e16,0.0020056749340357,192.77999999999997
e3430ab1-6c2c-4c8a-9fd9-d29ba1d03aec,0.00233556351688135,174.78
70c72255-76e4-4fa8-8e76-572d99599b68,0.00265206802892345,162.77999999999997
2c9b27e6-8189-4a58-b3c9-76c85dd45c8a,0.0018578428676846,201.77999999999997
8fecadd2-cc6d-48eb-a690-637592f427b3,0.0021747474286779,186.77999999999997
a41b81fd-16aa-450d-9e3a-b14445edcd08,0.0021143815330528,189.77999999999997
02fa2cee-3fd9-4fc3-8322-4eba3a519338,0.00280859108590945,147.77999999999997
85111895-6b96-40ad-b1a8-bc38bc28b534,0.0021583346757843,186.77999999999997
2f8fd9a2-9261-40e4-aecc-812105139068,0.0022534793118645,183.77999999999997
8775b124-0021-41f0-bbe7-d0c19a463e5d,0.00302473342657765,144.78
af0f675f-fd8e-48c5-8354-76546e9466ba,0.00215712790916665,186.77999999999997
5672395d-b3b7-4013-8ff8-59b7581dc3b6,0.00217867586998055,186.77999999999997
439dec45-49db-485e-b85e-6b2305f559d8,0.0020609789591628,192.77999999999997
41dd4287-8eb8-48ac-9ced-2ce3fd70e517,0.00193916805483615,198.77999999999997
10885ec5-e95c-41f6-80b4-495664d67d89,0.00167105822221155,210.77999999999997
64e23205-7f4b-46e6-b7d2-c363bc960f6f,0.0021025108639551,189.77999999999997
a7a2e33d-4a6e-43fb-a490-e0204b2d4fe5,0.0019410727503307,201.77999999999997
82ceb8ab-252c-4fc2-a886-51bd14f97bfb,0.00233556351688135,174.78
0fec8d12-f57f-4744-ab9f-a218a672d926,0.00265206802892345,162.77999999999997
8ceb89f8-0e71-4acd-b3ad-9a74ace8572e,0.00209472354662025,189.77999999999997
d19cfd18-ed90-43b0-946c-15bbcee70e66,0.00265206802892345,162.77999999999997
eb46af8d-b25c-4c7b-b9cd-3f8293982a55,0.0018578428676846,201.77999999999997
2ceda26f-be44-4e41-8708-15f80c293fcc,0.00280859108590945,147.77999999999997
3d4b36bb-718d-41f1-8ce1-55c444037dfb,0.0018578428676846,201.77999999999997
b7ca7a9f-65de-4751-beb1-90f4ea6d88a8,0.0022534793118645,183.77999999999997
a08b69dd-768a-4bda-9a92-145d119f3f68,0.00302473342657765,144.78
c48981fa-93ba-4e1d-a3e2-e7241dea691b,0.00215712790916665,186.77999999999997
f4def174-2ffd-41dc-92a1-9e1fecf64804,0.00233556351688135,174.78
8c9712db-fcbb-4c83-8280-2edb4899865a,0.00265206802892345,162.77999999999997
61bfd213-034e-4d1d-a3bb-9ec5498097f5,0.00233485067532995,180.77999999999997
dedc0e73-9f57-4d88-9d8c-82919328ac10,0.0023077544786881,174.77999999999997
5cc2cbf2-d2ae-4124-9538-b58dc9869d35,0.00265206802892345,162.77999999999997
ed3de9b6-a8cc-49b5-9353-35a637719c3d,0.00250637788395835,165.77999999999997
1c7ddf8e-0b76-4000-a03f-2c7ac1066ea1,0.00168640609190655,210.77999999999997
2b4e53d0-28f2-4b0f-9fd7-c7f01c1110c7,0.0017782205134437,210.77999999999997
aa65a022-58d4-430e-9166-f4c5590b33b0,0.00202034140650395,192.77999999999997
bc0f14ac-6e51-4515-9722-184d6b2286cf,0.00235050283296385,174.77999999999997
0d8903f4-5010-4bfc-b5e4-4f1df4255ddd,0.0021316720342276,186.77999999999997
73ed70de-40fe-4125-8959-6b5f84608dc0,0.00280859108590945,147.77999999999997
f68a0517-c3d6-4398-b037-5fd857a503b4,0.00218776669876035,186.77999999999997
eaa8306a-8e2d-47c8-aaa7-a3fb98472d19,0.0020626137594011,189.77999999999997
70998dd2-1923-48f0-8fc8-e46e46fd6288,0.00302473342657765,144.78
9769f075-63e7-479b-9cf9-4399607067c5,0.00204280890234435,195.77999999999997
73241304-7952-4915-b14e-22c823862eb5,0.002408550407268,171.77999999999997
1644830e-c63d-4188-a711-a42ea73d8edb,0.001844169812496,204.77999999999997
662757a9-96f0-4ef2-8fa0-72f64ccfc810,0.00172845590033855,207.77999999999997
7a61c896-b593-44d3-a23e-5ce3d2f7ba89,0.00195169925780305,198.77999999999997
8f0d9b1f-c7f6-4328-96ad-09d1ab333585,0.0021701363207626,183.77999999999997
38097bb2-1741-41d6-bde0-43234b4c98f3,0.0020664431342762,189.77999999999997
321b5a61-2b5c-481f-b964-ee39b73e9e9b,0.0017782205134437,210.77999999999997
8103295e-05ec-485e-8ea4-2c7ff8d4af02,0.0019618149296259,195.77999999999997
8e8a180f-5083-472c-974c-490a724a9016,0.0019087413901454,201.77999999999997
acde1e84-8dfa-4d2b-9a07-41365d5f90f5,0.00235050283296385,174.77999999999997
e1e3f653-d672-4c65-a0a3-081c923ecf58,0.0021316720342276,186.77999999999997
c28d940c-ee69-4821-b593-0e0556bd62f6,0.00280859108590945,147.77999999999997
923b9d2b-f21a-40ae-b0d0-94dbcca253ba,0.0016049188963218,216.77999999999997
340ea762-bc10-47c1-b29a-d4ffdcac0111,0.00168640609190655,210.77999999999997
c8df1300-de81-4ac8-ac5a-ff6336dff246,0.00302473342657765,144.78
e3150475-552c-41a4-9c7d-e9e5a7d65193,0.0017782205134437,210.77999999999997
5ca9273c-e2dd-4c7a-975a-d13bcdef0468,0.002408550407268,171.77999999999997
7f91bca8-4e8b-4400-a3c8-2accb8f1fd53,0.00210900783719415,186.77999999999997
85477016-0940-47be-bb6f-ee07b6e87827,0.00235050283296385,174.77999999999997
5993b437-156a-4270-b5e2-d8c63362dd56,0.00235050283296385,174.77999999999997
60de72ce-85d8-44fa-8d73-cdd353895106,0.0021701363207626,183.77999999999997
2bef20a2-5801-413c-9d6f-01db5769d32d,0.0017189974067883,210.77999999999997
852e04fd-d7bb-4fde-afd0-a56c7afeb497,0.00199054504217415,195.77999999999997
c1e21d4d-7151-47ff-87ae-21d6f7558728,0.00227719117670535,177.77999999999997
0c566897-7ac6-48d0-94ce-6dae606b8ab7,0.0021083942024578,189.77999999999997
2d0901c3-d16b-458e-9c1a-35e543d8824f,0.00189840620227935,201.77999999999997
e970ac87-aae2-4fd7-a175-2674846d3a42,0.00185677828248275,201.77999999999997
e629ec59-67f1-42c4-b1b5-3308308f4bf9,0.00280859108590945,147.77999999999997
e5f82b28-0f30-42e7-89ce-c87df19a6967,0.0023421160575197,177.77999999999997
c463e1b4-02be-4cb1-922d-48198a85186a,0.0022332238787027,180.77999999999997
46bc7bfd-9c51-4eaf-a4ed-6938055d14b7,0.00302473342657765,144.78
cda2c4b3-526d-4d27-9a19-89c58375c5fe,0.00206469406582145,189.77999999999997
a689aeaf-e7bf-4566-8e31-820e8b300fb8,0.0024813614023664,165.77999999999997
e7449f5a-c30a-4551-bb1f-7b241a0bb295,0.0020478664970972,195.77999999999997
7a9e4100-ec44-49ef-a2fe-b62a64476d87,0.0019094405996608,198.77999999999997
73e5aa5f-290e-43d0-ab6f-57e20c0e74ba,0.0020671676949777,189.77999999999997
0ac1377d-e00c-413d-9d63-08f4e85b0f21,0.0020636455925084,192.77999999999997
542f924b-677a-4309-b0a1-f7ada9c210ee,0.0021852033199403,183.77999999999997
c3158e95-b72b-4daf-8e82-92e4e2153d99,0.00199054504217415,195.77999999999997
4d0675f0-b126-4119-92ea-3b58231ce279,0.00227719117670535,177.77999999999997
b9ba09cb-db79-4453-9e9f-ddfa09fa9a9f,0.00217065074122695,186.77999999999997
d0c8bb9a-f2da-4b50-93e7-7706718e2595,0.0025712184915302,165.77999999999997
81624f76-fa38-4ded-a6c2-3857ad9261b6,0.00227719117670535,177.77999999999997
a58d6356-b363-4a8f-b958-5eccb5bad49b,0.00280859108590945,147.77999999999997
6e1ff72e-44c5-4a77-a0d9-6875e2375330,0.0023421160575197,177.77999999999997
de2ed117-10ca-41b0-a6d0-715bbc91cc70,0.0022332238787027,180.77999999999997
b5e533ca-e4b4-4ca0-b6a6-4ad9b90a687c,0.00302473342657765,144.78
e54e79d2-4350-482e-a52f-a7adadd80ab3,0.00199054504217415,195.77999999999997
f751d32f-0994-476b-bc98-b5c25f478473,0.0024813614023664,165.77999999999997
bd7acd00-c74e-47f6-a550-38591b82a25e,0.00199054504217415,195.77999999999997
7ec16903-5e93-4508-b78f-b38887a75374,0.00215125560543695,186.77999999999997
4ef1d1a2-5a48-45d8-8283-9860fa995f36,0.00192599005890815,198.77999999999997
781114c3-33e9-4a9c-a597-6bbd2ecd7f94,0.0022633934227443,180.77999999999997
55abc728-b4f4-44a9-8d98-45e5b0d88c4e,0.00239043812263795,174.77999999999997
74cb4961-a1b8-4b59-a3c3-5473ef040e60,0.00247997989262815,168.77999999999997
6ae68716-2385-4b0b-b4ca-81b3710a190b,0.0019726758621238,198.77999999999997
2fdcc2f8-8799-4b23-9632-ebf9748902eb,0.002108848196657,189.77999999999997
b2a93820-6d63-44c3-b21e-13e0ef7fffd8,0.00211456843501525,189.77999999999997
3a1ec67d-475e-4514-86c5-7d77a85ef38c,0.00247089089337145,171.77999999999997
d163381e-ef54-4512-9461-e619ba194355,0.00280859108590945,147.77999999999997
882b9414-f1a2-40df-bb4d-c518847533b9,0.0017502377646279,207.77999999999997
4df8cd97-20a2-48f4-bd39-869a43154913,0.0022446167303093,180.78
544e3a39-e34c-429e-a973-32936a587bb8,0.00302473342657765,144.78
a505e942-e627-4788-a348-8bb8c10af527,0.00211255244007565,189.77999999999997
bdac6e07-145f-4f4a-944e-9eb959bdcfe7,0.00203700175999125,195.77999999999997
a1321983-7189-4de9-8f36-fe9d80497b22,0.0020795641547143,192.77999999999997
1624ab49-8288-4479-adf6-06b341266a33,0.00192626958461475,195.77999999999997
a826c9fe-8708-4765-aa31-12effd68dfd4,0.00200736292815505,195.77999999999997
b019a270-a878-42fe-818f-d47536194595,0.00213672727797945,189.77999999999997
f0f9747b-1bdb-4834-86e4-4d550098e940,0.00209400786809375,189.77999999999997
ba649ed4-ba3e-4d3f-954a-c3e58444553a,0.00247997989262815,168.77999999999997
f74f75d5-e8b0-4358-b80a-830e9fbcc192,0.002108848196657,189.77999999999997
99f67ddb-4229-4f7f-9a51-5e58fab7161d,0.0022848941897122,183.77999999999997
8e31b59d-4b76-4a21-affc-d4d188e257b3,0.00247997989262815,168.77999999999997
8911b7ac-0177-4c7a-a690-0af478229a10,0.00247089089337145,171.77999999999997
5517d8fe-9767-465e-9d49-2f056afca78a,0.00280859108590945,147.77999999999997
9bd3f992-8af3-414e-a31d-ed13a4ef6a18,0.002286715136984,177.77999999999997
9cb6ca20-ac24-4404-95e7-f8cb8fa31624,0.0022446167303093,180.78
b7692ef8-4093-4948-8fd3-eb4b8615eedb,0.00302473342657765,144.78
e988a293-a8ef-4b03-9147-1e06b5e26ab1,0.00221729172632235,183.77999999999997
666b29b5-a434-42c1-a2c0-bfbeaf423f82,0.00247997989262815,168.77999999999997
98a64d56-b0a4-449a-ad0c-d70c94e71ebe,0.002108848196657,189.77999999999997
556fdfa2-7f07-46a3-9975-e656dbf4bfa7,0.0019726758621238,198.77999999999997
19eba342-8f9d-412b-b1a3-73a084bd0c6c,0.0019726758621238,198.77999999999997
08bc596d-8510-44ca-b1a2-d97c15023d1e,0.00210885090740085,189.77999999999997
971604ef-6f93-48d7-a894-a08b5ca3e825,0.00209400786809375,189.77999999999997
998539fd-acdd-4221-a0b0-3e0032124a01,0.0020508605289731,192.77999999999997
257fe59e-b50c-4101-924b-4a9d16a7c29a,0.00230644605092595,180.77999999999997
0141a578-0e88-4b9c-9aac-0993b50bc345,0.00247639850155475,168.78
995c2937-e89a-48d7-8560-6389d1f4d998,0.00250126147847755,165.77999999999997
40299f3a-3c58-4005-a21b-06b62273b871,0.0017513714417024,213.77999999999997
78654f57-288c-49fb-9a50-99475def371e,0.00280859108590945,147.77999999999997
2f7a4920-53a9-45e1-a4a0-d40061f33d95,0.0023602264710637,174.77999999999997
440715f0-2f33-498e-baa6-5499bf634f8c,0.0022055737507988,186.77999999999997
f053fa03-337e-4603-bc6d-eee84c8586b9,0.00302473342657765,144.78
820626d5-b04d-40c0-800c-6fde2abb5ae8,0.0020376839247564,195.77999999999997
cf796424-87a3-4e4c-a729-b1c8e801b450,0.00246156564354265,168.77999999999997
529dc42c-e16f-4b93-b261-a9090bd0443b,0.0021046734919881,186.77999999999997
29cd62b7-f576-4919-8f0c-4882b4f7fd6a,0.0018077912910117,204.77999999999997
53cfb0ab-fafa-46bc-b179-c7078d808b59,0.00239257521411745,174.77999999999997
0e4bd3b6-0b28-42b7-8480-286cb927b82f,0.0023378127669346,177.77999999999997
33e772c9-fc40-4173-b687-47c3acd34992,0.00217384850476445,186.77999999999997
3f47b94b-ab86-4461-9d98-4158171a12ed,0.00230644605092595,180.77999999999997
2581a120-8ca8-491d-a608-6d93e34ad12a,0.0020508605289731,192.77999999999997
670d997e-d396-4d8b-825a-9ed588059862,0.00247639850155475,168.78
975e84cc-4ec7-43df-819e-19c433544a04,0.00250126147847755,165.77999999999997
b4e5b91d-930b-4abe-a968-cdebbbbb2bb8,0.00199117420286285,192.77999999999997
4cf6e86b-94c5-4bcd-9a19-35b8d4454e78,0.00280859108590945,147.77999999999997
f454d867-655e-4f20-b192-3df76db1b535,0.0023602264710637,174.77999999999997
794ec812-cfdb-4883-8571-6b6375124c17,0.0020508605289731,192.77999999999997
057e1327-d8e6-4ec8-9c42-3afb9b19fa18,0.00302473342657765,144.78
35c10ac8-d796-488d-a0ce-d6229c24a299,0.002291082367561,183.77999999999997
a1fefe3c-84b8-4817-8e0c-ed17fd9d54a5,0.00246156564354265,168.77999999999997
9c705777-0051-4e97-8bb5-f3ca1a9c23a2,0.00217444310652245,183.77999999999997
a022aea5-504f-4273-86cd-631032893ed8,0.0020508605289731,192.77999999999997
84d24d8d-21fd-47a8-b7d7-ee488bb54715,0.00217039477262375,183.77999999999997
dce45999-6b45-4a3a-9743-498e249c2bb9,0.0024176818406879,171.77999999999997
c6e99921-bfd3-4589-9676-85a2e9e1ab3a,0.0020508605289731,192.77999999999997
72b8f455-c4cc-4bfc-9188-3250bc331de1,0.0021257536833679,186.77999999999997
d43a9acf-5aa4-4a59-b753-c9aedbe6eec8,0.00205036240335295,192.77999999999997
7d03c823-9b3d-4d2e-872b-2d548a7dca53,0.00231806284269395,180.77999999999997
6ef65078-26a7-4088-b02b-9ad90a004d4c,0.00196861285233335,195.77999999999997
c61c4d0f-39d9-414b-81de-8643cf3e32c5,0.0025094057720493,165.77999999999997
2dd6d4ab-a241-452e-9d03-acf73a0ebe4b,0.00280859108590945,147.77999999999997
ba1516a4-0dd1-43d4-9827-58fafecaeae0,0.00207085725568255,189.77999999999997
1c92756c-fcf2-456d-8a4d-492def438143,0.00183922682714625,201.77999999999997
d1385399-64f8-449f-af7d-8d05a2ae687c,0.00302473342657765,144.78
293dcfb0-5748-4488-b31c-4c8d5e66457d,0.00232915859676795,177.77999999999997
12bd0d7c-4fcf-43d6-b625-4203d541a649,0.00226179881391525,180.77999999999997
38ca1636-c45e-42e2-8b09-88477835b0fd,0.0020982682626085,189.77999999999997
96297e5b-a417-41c7-8bca-dcf961f9b027,0.0020682010004235,189.77999999999997
f31f8772-fcfc-4b9a-9b4b-f0b65a5a70a5,0.0022157962252248,180.77999999999997
ce919a9f-4017-41f5-a27a-b5f4633177d8,0.0015175954478368,219.77999999999997
d69fec33-b3fd-40d4-8cd9-f2ecd617d016,0.002251331366775,180.77999999999997
895770d8-43ed-4ad7-9a32-15fe8da03b7d,0.00205036240335295,192.77999999999997
6641d20a-84b8-4648-87ad-b8d218269fa3,0.00215781837182145,183.77999999999997
7c6e63f7-7f78-40a4-8036-29b5ccadc10a,0.0022767247628248,180.77999999999997
a9807efa-fb3d-44bd-9682-23a4c72e72ba,0.00225064537879295,180.77999999999997
991646ee-1bbc-4989-b7e3-5dd7598d810b,0.0025094057720493,165.77999999999997
f34d4951-f0c7-4523-98e4-569320678091,0.00280859108590945,147.77999999999997
1cc60ada-4c81-4de9-a602-6216fcb62ece,0.00222567733725795,183.77999999999997
3d09e54e-d314-4e96-9b53-35309604e39a,0.0021257536833679,186.77999999999997
eeeb6117-c77a-4843-bd05-fbee8eec6d3f,0.00302473342657765,144.78
8000287b-ae35-4295-943f-42bbce7b2309,0.00232915859676795,177.77999999999997
6ce78e16-6869-4377-9fbb-a9893c6e79ea,0.00224857121712675,180.77999999999997
89a71d60-553a-4b85-99a4-75defa1b4929,0.00209352281468535,189.77999999999997
33dff80f-8263-4fb6-984d-c6e86bab7a1f,0.002167977642146,186.77999999999997
8c6ab9fa-2cd1-44f6-b774-1aaf484a607c,0.0022157962252248,180.77999999999997
79e876cd-7419-4210-9be8-efd9a1f1e8fd,0.0023122452910982,174.77999999999997
2e5ecd16-7cc6-451c-99f6-3d2038fc3ae8,0.002251331366775,180.77999999999997
25138e43-48a0-4e29-943e-d445405e2b22,0.00197884037946155,195.77999999999997
055f4b41-34eb-4686-8550-8c1a240ced4d,0.00239412058431645,174.77999999999997
782351cd-0d0a-49da-995e-20cb1a8e4c5b,0.0018706493549084,201.77999999999997
386a2cd0-3ba1-40ae-bd5c-37ee68ef1c88,0.00186536133134185,201.77999999999997
546f27fe-42e4-4aee-92c8-2a2ef8b01e58,0.0020747455483387,189.77999999999997
7fc71d40-d126-4bbc-ade8-2daf132a8c1f,0.00280859108590945,147.77999999999997
49399f91-454f-49b7-b1dc-317a0304f76b,0.0023736251901827,177.77999999999997
36753fd4-79e2-4665-a6f8-8c5f59c2561c,0.0024170047259699,171.77999999999997
81cc8dc7-d5c3-4171-a7e2-b99b720689d3,0.00302473342657765,144.78
149b11fd-93be-454d-84e7-2ff6b2a96d50,0.00197884037946155,195.77999999999997
74346af9-e494-44db-a727-67923c5b5390,0.00206214025478475,192.77999999999997
fa6191d7-f751-4e57-b27d-8d35b467f636,0.0022311667369228,183.77999999999997
5999479c-86d9-4f98-a198-15d4ba0189d1,0.0021123848854537,189.77999999999997
aabcc600-f84f-4458-89b6-3878436d023d,0.0021016341049423,186.77999999999997
6ecd5a36-b2f7-4499-bc19-72a8c572c940,0.00213930904873315,192.77999999999997
5712a288-953c-476d-8a00-bd81db37ddbc,0.0021726043169634,183.77999999999997
5d435f0b-00fd-4e78-8fc1-728439b3a050,0.00239412058431645,174.77999999999997
c06cd9e1-53ba-4f70-87bd-5f9619da82bf,0.00239412058431645,174.77999999999997
4e85378d-ef37-47ea-9e21-8d6bdeef28d3,0.0018706493549084,201.77999999999997
2667e778-a929-4c7b-a7af-cf60fc4cb468,0.00198730004680555,192.77999999999997
e98c541a-8b62-4917-8934-6fecd179b134,0.00197884037946155,195.77999999999997
698d7870-f245-4f12-8396-f8886d6dcf04,0.00280859108590945,147.77999999999997
17347756-c387-416f-8cb9-ac503d0527c1,0.0023736251901827,177.77999999999997
0b5c0446-c80e-41a4-9382-274e516bfca1,0.0024170047259699,171.77999999999997
369a63dc-004e-47b8-9b3c-e18ecce323d5,0.00302473342657765,144.78
1e4036cd-daeb-478c-857b-bafd5a71f841,0.00239412058431645,174.77999999999997
278295fa-c5f7-495c-bf16-9e364ace2d2e,0.00197884037946155,195.77999999999997
f7fe78ad-11aa-4f1f-9460-6b4a5b9b9500,0.0023003571862,174.77999999999997
ca9d06a6-4a76-46f8-a379-845e68f2b171,0.001892064122025,204.77999999999997
0756ddf2-6a7c-4223-a585-6e072fae5580,0.00197884037946155,195.77999999999997
e7453d5d-4877-40f5-953f-8c9e8ceae003,0.0021980478653021,183.77999999999997
5a9cc200-8a46-46a2-b5a5-c1be477cd140,0.0021726043169634,183.77999999999997
469fdff5-d8a0-4578-89ee-d9405105759e,0.00235401409112025,174.77999999999997
bc764d89-8a21-4c85-a23e-dcaa5b85a688,0.00236243952335855,180.77999999999997
fb162d10-48d0-417d-9a1b-6acff84bfb0c,0.0022218949030629,183.77999999999997
50d6990f-4df5-4efe-86bb-f260ae8906de,0.00230515029883335,180.77999999999997
278440c8-717c-4335-9bbe-1231aca20396,0.00177102127076085,207.77999999999997
083e9cd5-41df-4c5a-844d-4c701ee75602,0.00280859108590945,147.77999999999997
58b18cca-f5f6-4de9-af80-e50df8e01bdf,0.00204333497340355,192.77999999999997
60fb33e4-422b-4581-a175-acf7af7a9eb2,0.0018865780146641,201.77999999999997
d19c22fc-41c3-43e0-bf61-ec42316bd22e,0.00302473342657765,144.78
062b5926-a331-42b3-b0f4-fb5229205fbc,0.0017291745260814,207.77999999999997
43ecb4cc-9cbf-48de-80d2-429ae4c89e21,0.00218976629857915,186.77999999999997
1891fe58-92e0-46e7-9c6b-1e14c9e06bb4,0.002235665312248,180.77999999999997
7bb01a7b-6c93-4916-8fe1-1586ac9d2666,0.00221167940348625,186.77999999999997
b296f406-2391-45d1-9b23-06f4cd6461fc,0.0017918006511476,207.77999999999997
a868f6e1-c478-48a7-a592-c3b68fd9b5d9,0.00221464540640605,183.77999999999997
e8238b4c-9bb4-4e7a-9456-342176029d9f,0.0018561555746265,201.77999999999997
df26a910-c80f-454b-81eb-b3449c3fdcdd,0.00235401409112025,174.77999999999997
0f966ddb-14b8-430a-8896-e04724bb2b74,0.00236243952335855,180.77999999999997
5ef23d6b-9b14-4391-a9b3-de8a778ea34e,0.00232526463503155,174.77999999999997
8eeb0791-f823-4d13-81e7-a6ec592c04d1,0.00230515029883335,180.77999999999997
ac7c1204-c7d8-4a64-a497-5491200b4893,0.00236243952335855,180.77999999999997
884fff71-30e5-41d3-ae7e-740a0f5ff0c4,0.00280859108590945,147.77999999999997
933b53c6-6ed1-4074-af7b-178d881d2639,0.00235401409112025,174.77999999999997
431a893b-0ba7-45d4-aee4-99c9c490db23,0.00235401409112025,174.77999999999997
ed5f5b3d-9007-4c98-a7cf-0f3e106c7c01,0.00302473342657765,144.78
a3587574-32d8-4c04-82fa-d7a6ddad4c75,0.00226179881391525,180.77999999999997
d8f892b6-b213-44d6-a4ac-0b9c1992c351,0.00236243952335855,180.77999999999997
8fe40972-5898-4acd-8ec7-c320b98cfe09,0.002235665312248,180.77999999999997
646dd6e7-de15-4bcf-a939-01c1ca8c6a7a,0.00235401409112025,174.77999999999997
bf72c55c-7ded-4454-bc8c-e139495aade8,0.0024749296135562,168.77999999999997
57507042-4ce2-48f4-b2e7-2c636403d568,0.00234768837737245,174.77999999999997
5a4ba92d-75ba-4c48-8f0d-e383a0bcb879,0.0022008339328363,183.77999999999997
4f12f50c-b1ac-49cc-947b-5cf8eff01e43,0.0022199936532931,186.77999999999997
b718470a-a667-4690-be63-c7c6be296a3f,0.00220096367009165,183.77999999999997
dd14f30b-c170-4551-afa5-8264125ff7e7,0.0021151066475991,186.77999999999997
d628eae2-c5dd-4f27-a9d3-cc424a81596e,0.00217010913803,183.77999999999997
178244f7-0618-42c3-ae19-d1507ca44e72,0.0019322419731241,195.77999999999997
0a457d20-263d-40cd-b294-2f8807c01863,0.00280859108590945,147.77999999999997
a634c252-683a-434c-ad74-fa97a32d4122,0.00215264223279,186.77999999999997
6a6c1da9-bbb5-4dd0-abed-19d57ab22133,0.00183062550866505,201.77999999999997
6b92bfc8-18f4-4180-a20e-780064a29356,0.00302473342657765,144.78
92d6ee3f-3087-45b9-928f-3113222c1307,0.0020307431818729,189.77999999999997
a0cba3de-aadf-4535-ad75-860389495268,0.00208780656199255,189.77999999999997
28cc90ac-dc07-404a-9f8d-c39cd76512c9,0.00231123699859185,177.77999999999997
0892142a-e7f5-432b-b63a-7bafc0392bb7,0.00246021520029245,174.77999999999997
0c92d64d-ea33-4e74-a2ac-5c5acbdf0ca7,0.0020088362321559,192.77999999999997
d919eb43-05ed-4864-8c50-cb84e95f2e0a,0.0024363209786394,171.78
0c3e8152-03ed-413b-80d1-18b14848c962,0.0018478855574565,201.77999999999997
5bb8752a-97ab-4e93-a036-08b47169c17e,0.0021507966297481,183.77999999999997
7db74160-d510-441e-92a1-fd86a17121ec,0.0022199936532931,186.77999999999997
5a858406-5d2a-4b53-857b-ad4b0e7d9d3d,0.0021151066475991,186.77999999999997
51ec915e-be43-49cc-9203-418075e2ae2d,0.00217010913803,183.77999999999997
2881388f-690f-4993-a525-a8ecf95de967,0.0022507786756783,183.77999999999997
787a0731-b69b-47a1-bb61-6034b8f33217,0.00280859108590945,147.77999999999997
cab4223f-22f3-491b-80bc-18b8c8d1e3b6,0.00214348963899065,189.77999999999997
ef3dd657-6aa5-448c-9603-333c176c721f,0.0022199936532931,186.77999999999997
58513924-cd87-40f4-8c50-66dc8b4fc2d2,0.00302473342657765,144.78
6ba294bf-2c4c-469f-a719-ddfacaffaba4,0.00220096367009165,183.77999999999997
8c67df7b-8e3a-46ce-9a0b-630bfe457195,0.00220096367009165,183.77999999999997
b4fa2d36-69e5-46e1-93c6-8383970e317a,0.00231123699859185,177.77999999999997
0046c8e0-7ff3-4969-a3a5-a683ebbbac52,0.00246021520029245,174.77999999999997
215432f6-4729-489d-bec2-d6dad7a72423,0.00228385493745,180.77999999999997
b3b58d32-900e-4b44-8bdb-244fce5367d5,0.0024363209786394,171.78
a2b8fb3f-3ba5-40f9-bc04-3632925dea6c,0.002275452281506,180.77999999999997
773baf03-5bae-4777-86af-8abb469762cd,0.00237875359325,174.77999999999997
839ae547-8d73-45f5-a843-a01a80bd6890,0.0021203088496826,189.77999999999997
34675eff-1fda-457f-9cb3-f1f20d0cc38e,0.00214471888773685,183.77999999999997
3b270205-1cd8-49a3-8698-c98b0f5bf89f,0.002262779216375,177.77999999999997
f430cf02-1fac-4227-8928-34be59aa9959,0.00194785974825,198.77999999999997
afaaabd3-0d09-4b37-b9a1-b36a7446a273,0.00280859108590945,147.77999999999997
5c89b132-e986-4fb9-a14e-e58efbfb53cb,0.0022985904694125,174.78
a64a916a-c5e1-474c-8ade-0419d28358e0,0.0021991797498059,183.77999999999997
1b900413-69da-469b-bd03-591965e26f10,0.00302473342657765,144.78
48531e25-cf81-4f87-9341-c63b20fc0168,0.0022179252380221,180.77999999999997
5fd331e8-641f-49a8-a388-1cf008da3190,0.0016880450403008,210.77999999999997
035a953a-837a-4fff-ba23-7fe11ad443f0,0.002251994313491,177.77999999999997
5c11feb1-1fa1-4167-be52-23058a5dd0a6,0.0020933457237641,189.77999999999997
00f43522-5e2f-4f15-9eb4-70335c5cb6ec,0.0021522204461138,186.77999999999997
51ceb077-c75d-476c-8514-0add6d686522,0.002292037359823,177.77999999999997
109b0807-9c32-4407-859e-55ee9bc94808,0.00203358330583335,195.77999999999997
7c537c64-a13f-4865-897e-6d10df2c6092,0.00237875359325,174.77999999999997
9142d941-65c1-47cd-85f1-48c0dd00fa5d,0.0021203088496826,189.77999999999997
a5a32a69-e5d5-45c7-aba3-7b58e94d1970,0.00212125997680715,189.77999999999997
c3e2195f-db3f-430d-890a-f1e68843d9c6,0.002262779216375,177.77999999999997
7ddbf70d-2038-4181-9d61-ddb809c316ca,0.00237875359325,174.77999999999997
096ac152-e53a-43a5-bd3f-5d1f6fbc37da,0.00280859108590945,147.77999999999997
1d0403c9-d063-42de-a95f-c8afa9a5b132,0.0022985904694125,174.78
3dc4c1ef-e321-47d9-bbc9-30dfe9ff8e17,0.00237875359325,174.77999999999997
92ccfbf8-5409-4fd2-be44-d38394db2514,0.00302473342657765,144.78
5cfe22f0-f8c9-4803-bb6d-52c79cdb5048,0.00237875359325,174.77999999999997
e142cc19-ad13-4d3d-9eb4-582da0ed9fc1,0.0021465423594188,186.77999999999997
c563fa91-49dd-46e6-816f-83a130166407,0.002251994313491,177.77999999999997
fbb10767-c657-42f7-8751-e57a34b69cae,0.0022138376094496,183.77999999999997
d63d8d7d-473d-4868-b5ac-e38015e32a03,0.00237875359325,174.77999999999997
f8399ed3-c4ba-49ec-925a-9b5112b0362d,0.0023934194668857,174.77999999999997
021132b1-1c6e-43cf-a56e-14d0a109ab51,0.0021203088496826,189.77999999999997
d1407fae-c94b-4bb4-b54d-72865a15ccb3,0.00231933195982445,177.77999999999997
740d1d0a-5fce-4860-a1e9-daaf3e3a9370,0.0021845851735238,183.77999999999997
65634183-7c43-472b-afa3-e4f99230cc90,0.00213155681925975,180.77999999999997
990661f6-c5c8-4855-a73c-4f3ed14ee994,0.00217500134081925,186.77999999999997
4b250bd7-71dd-49ad-a4d4-471a8f9add15,0.00223643253408765,183.77999999999997
fffe7c88-fe90-4e82-bc12-c6ba9f456343,0.00280859108590945,147.77999999999997
278ceabe-1d95-4ad3-8271-ca9e7eaca746,0.00221937701653885,183.77999999999997
0485f097-af06-4a55-8207-a67e1774039e,0.0019778093475778,195.77999999999997
e9d7419e-db99-4ead-a67f-241321d11062,0.00302473342657765,144.78
b180eb8b-5595-47ec-97e0-60e1c7a59a08,0.00209405660985135,189.77999999999997
2bf6b577-1a0b-41e8-81ea-a3d78668f973,0.0024139993701606,171.77999999999997
d6e084e1-ed12-43fa-b548-ef27a7920367,0.00187657220832965,201.77999999999997
02799735-1151-44d5-aced-533e82e3514a,0.00220096367009165,183.77999999999997
0ff697b6-a36c-42c1-ab21-1b71fef150fb,0.0022041816880524,183.77999999999997
11cb7252-0ded-4ccb-965a-80096dbc2fc0,0.0020174403393718,192.77999999999997
bf2374c3-3716-4bba-99af-ec5551d74633,0.0022366296313464,183.77999999999997
9be783ec-30ca-4752-8d67-ad70205c7a75,0.00231933195982445,177.77999999999997
ab686419-e554-467b-8092-2fac79aad02a,0.0021845851735238,183.77999999999997
4d98e926-3094-487b-8a02-149a32da11aa,0.00213155681925975,180.77999999999997
66f18311-1354-422b-bd70-3ee23ac457df,0.0023153572739321,177.77999999999997
2a337d2d-62e6-40be-801d-46046be7837f,0.00244291581545775,171.77999999999997
f0029c7b-8b1a-4e8d-a82d-81707850e28b,0.00280859108590945,147.77999999999997
07531eae-3b31-4dab-92d9-a1b6e3c97299,0.00242457469078205,174.77999999999997
38c740b1-9852-4e8a-9324-92b455cd2773,0.0023852504327644,174.77999999999997
69fda57c-c975-4d80-840c-f93b00fa2566,0.00302473342657765,144.78
cd967cb6-0d16-4e39-8ed7-fc00da2879b0,0.0021845851735238,183.77999999999997
94cbe153-af72-49c6-8e82-c14d91f189ef,0.0024139993701606,171.77999999999997
09c4a916-f11a-4db0-9f4b-885640c10d7b,0.00231933195982445,177.77999999999997
4d90d8d5-d93c-46d0-a5fd-f125c2abe6bd,0.00236348887499015,174.77999999999997
ef23a53c-ef2e-4682-bebd-4fc3a1dd0215,0.0022137237342073,186.77999999999997
e62cc238-cea9-4c99-a67d-107a56488aa3,0.00220841420003155,183.77999999999997
680e97dc-acd6-466d-805f-cc5851b65c26,0.0021845851735238,183.77999999999997
9bfaf391-8941-4448-8d82-7047cb29166b,0.00194812124407925,198.77999999999997
61fdc522-d926-4d1a-8a6a-b2f01937fc06,0.0019063861684955,201.77999999999997
69c63d94-ee10-4e84-a095-e57ed12adae3,0.00238213078890475,174.77999999999997
7e981315-a098-4119-9c0b-a564ff8b2603,0.0021653942051694,186.77999999999997
4e5b5f8b-5dbe-46fa-a7dc-9eaf01579add,0.0020342599475538,192.77999999999997
5df9aa84-c0e1-45c5-96df-a91afc30855d,0.00280859108590945,147.77999999999997
58aa48c6-8270-4879-80aa-b109ffdbe89b,0.0022642775405865,180.77999999999997
fb7072b8-03e0-44c2-ab13-a60eda388ae1,0.00201160221876615,198.77999999999997
cbb3c00d-bc14-495a-9b46-f7ad056abcdf,0.00302473342657765,144.78
3f6fdef5-d964-4ee2-ad60-6386dd77a46f,0.0020517021609587,192.77999999999997
f1062a1a-503c-4007-b94e-9e20c901f3ae,0.00224662359848305,180.77999999999997
3504cc71-7e53-4434-bae2-5c932fafa079,0.00176845549633335,207.77999999999997
89923727-8e08-4f3d-9638-7c183cd0199c,0.0026926549652246,156.77999999999997
1cad54a6-7026-489d-b7fa-c26555ee4567,0.00237740046857865,171.77999999999997
d43655b0-6f38-4b4b-8e62-3f78a1f1e651,0.00228503149826925,183.77999999999997
c571efb1-954d-4cab-996f-717383ff2cd2,0.00221015154669325,183.77999999999997
8c84cc78-deee-485d-91cf-e169fe73eddf,0.0018096227824963,204.77999999999997
e6103c5b-d2cf-4b77-8964-3781c17efb13,0.0015771308817588,216.77999999999997
0ef1a01c-3192-4a10-b197-a46f6785c493,0.00238213078890475,174.77999999999997
8dae9433-657a-4872-818a-842884071761,0.00212772690460375,186.77999999999997
ca368798-b574-419e-a7d8-254f334c0d2b,0.0021705474941875,186.77999999999997
05fbd43f-fa74-4bcd-bd5c-8b4f2840f075,0.00280859108590945,147.77999999999997
6002bf95-0c82-4a88-b2b9-033609dc36b7,0.00210046845146665,189.77999999999997
573dc63c-ba41-43aa-905d-cdf3cb9208e6,0.00194855880222755,195.77999999999997
85941de2-a762-4c29-b17d-c244f3c00226,0.00302473342657765,144.78
8a99cd36-208a-4011-a84e-bbdf58f49ead,0.00194812124407925,198.77999999999997
d4db1549-ae29-4de9-8a73-af5ce3d7912e,0.00224662359848305,180.77999999999997
82c333c5-7e48-4588-8f1a-ba8b24328315,0.00201660429634965,195.77999999999997
30a3bd39-4f90-4401-a79c-af5aa49091e8,0.0026926549652246,156.77999999999997
9ead3f60-8c39-4dfb-91ee-7bc173991184,0.00237740046857865,171.77999999999997
3ba9f924-3101-433a-8809-73fb020d6540,0.00228572477006995,180.77999999999997
7d453a28-cfe0-4446-8856-56969cec45e0,0.00194812124407925,198.77999999999997
3736f2f6-032f-4321-95b2-50edfb9a181c,0.00217112077742855,183.77999999999997
4f17986a-0fd9-438e-8c18-a4d88a8bf3a3,0.00254561526121325,168.77999999999997
480d0f51-1900-471a-9739-6ab42ab7dbf2,0.00177487779708335,207.77999999999997
dec67c5e-7876-49d2-9883-adcee7be9916,0.00190675993210315,198.77999999999997
e52b6c4f-7fc5-4726-997f-e9b70098469c,0.00225929498036735,180.77999999999997
81b61777-fb60-45d8-8f89-618f182f2e5d,0.00280859108590945,147.77999999999997
cd6bc662-8e7b-4d66-b5ba-887d35858c20,0.0021646064351679,186.77999999999997
dbdc806b-c704-4c4f-aad9-678e46a24b4d,0.0019982542561383,195.77999999999997
f09fbbdf-6533-4d46-b680-74e3ef535779,0.00302473342657765,144.78
4af67a60-555b-439b-adaf-e06c6251b031,0.00226378948107565,180.77999999999997
bed49756-46c0-4a5f-8a7d-9822c766dd14,0.00207484102024755,189.77999999999997
abedf207-f8ea-49da-ad59-d79caed8ac6b,0.0023896204146623,174.77999999999997
b117abe6-59bc-42b6-aaf1-b94ed4be75a5,0.00241089506631905,174.77999999999997
b2ed88f4-7caa-4032-8bf5-a78d821caf67,0.002281091201146,177.77999999999997
1a8afa11-cb2e-45fe-8d53-a2ec67e6f4bc,0.0021591666183484,189.77999999999997
1acffa48-045a-45b4-83e1-7bf4611fdbff,0.00202259290652085,192.77999999999997
7a5ab25e-9fa1-4ffe-9f52-1a39d68ed283,0.00217112077742855,183.77999999999997
724a785a-1f1c-4cb9-8dd2-d9b7516beb16,0.00254561526121325,168.77999999999997
25fd3156-64de-401e-9885-93807027c565,0.00209107505449055,183.77999999999997
16786eef-6ad0-495a-a92f-c8fa50e90b7b,0.0024357822102735,171.77999999999997
20e8ac10-dd78-4663-ab46-e539c5492353,0.00177487779708335,207.77999999999997
e743d8bd-c13d-467c-81c8-f79b7d93f2e7,0.00280859108590945,147.77999999999997
cbf6afa9-ac91-449c-a17c-074423f1b1cb,0.00209472354662025,189.77999999999997
d1a46d84-e346-4827-9043-4cd30892f18b,0.00254561526121325,168.77999999999997
92e60684-602b-446e-807b-2e29a12e6329,0.00302473342657765,144.78
0d7800ed-ecec-46ad-a8e5-2753dc3f4749,0.00202567430551665,192.77999999999997
646d0475-fa64-405f-b079-b2dc47592c4e,0.0021856599483355,183.77999999999997
0b8782c6-0935-4399-b20f-913a2dd97563,0.0023896204146623,174.77999999999997
931459d2-c160-4509-8d44-88adcf358f99,0.00241089506631905,174.77999999999997
116060f6-c37c-4f88-838e-3c5cc8fff519,0.002281091201146,177.77999999999997
2a6b4625-47a4-4d45-b6ba-218485e88477,0.0023581279879796,177.77999999999997
d313c486-2713-4679-8454-52cae1e4c99e,0.00243327535825775,171.77999999999997
f97b873d-9d34-4777-85be-045416af7f6b,0.00236443926672785,174.77999999999997
f81eec78-b116-4d3d-8dfe-9ebee4ef3317,0.0020290550864552,192.77999999999997
e90f99e7-2855-494d-8b52-911b99fbe66b,0.00234149973162905,177.77999999999997
077953c6-8ec2-4a8b-8612-5aabbba20961,0.0020984538628803,189.77999999999997
6c9a6978-f131-4595-8bee-fc2a75e54302,0.0020561389701842,192.77999999999997
e0d43160-87de-46bb-83be-c0db764278f0,0.00280859108590945,147.77999999999997
9a9cdd5b-3108-4680-a0aa-711fd3cc821a,0.0022388245354608,183.77999999999997
7d4d62a2-ae32-4464-8e7d-4580349254fb,0.00210155230479165,186.77999999999997
c193935c-6ce4-4d28-b394-242fe6e2020c,0.00302473342657765,144.78
72d81059-c0fd-48be-bbd8-751500016d6a,0.00213485194838415,186.77999999999997
452c176e-4873-43d3-8058-46ad745f6c81,0.0020956465084924,189.77999999999997
02a71a92-732c-49d0-94a2-bca6bd59e05f,0.00211601334940405,186.77999999999997
b5ea9d1d-c7c9-47f2-8cdc-d1e166b0d58c,0.0020376782016795,195.77999999999997
2e9fd745-ef98-4fa2-ae2a-7883af7c3626,0.0023674465001389,177.78
95dd263e-1c5c-4fae-918b-41ad0bf78df3,0.002522389712504,165.77999999999997
a0080884-335b-4b0e-b461-03f6478e605e,0.0021358416007753,183.77999999999997
22aacb3e-5607-4b31-8525-e7a052a7ea63,0.00236443926672785,174.77999999999997
75f488a7-4671-467b-851a-6c230ffcb11a,0.0023021834902459,177.77999999999997
4ddc432e-219d-487f-be2c-ef293a61e8be,0.00234149973162905,177.77999999999997
8753e364-1157-40ef-8136-1c45bf1f69d2,0.00236443926672785,174.77999999999997
99be0b3e-853c-407f-b531-c56824e0d567,0.0020290550864552,192.77999999999997
550caaf6-7dfd-4720-9838-d81c8a03257b,0.00280859108590945,147.77999999999997
b9ccb1a2-21b9-4c9e-968c-19947a822d4b,0.00229837674338135,177.77999999999997
0499a643-cebb-4650-a9ab-c65b3953005d,0.0021992523179652,183.77999999999997
dfdc75cd-ac51-4822-9972-3743816d6559,0.00302473342657765,144.78
58fdd28e-a77e-4ee8-b6c9-393778081ea5,0.0020920579080413,189.77999999999997
26c0ee7c-2384-4c4a-8194-48103ddc7eaa,0.0018251588591474,201.77999999999997
5e277ec2-3b28-4a91-ad71-256bae1c07c7,0.0022723383123885,180.77999999999997
6c06b76e-6fd9-482c-920e-048c4a382f86,0.00236443926672785,174.77999999999997
6417ca36-29b0-4a49-a51e-db90b3d892e9,0.0023674465001389,177.78
dece0925-75e1-440a-8d57-a202fd733066,0.002522389712504,165.77999999999997
a7708af4-3830-47f4-b7a6-2ba3a1b3f9f4,0.0024864182020402,171.77999999999997
975dd514-04d4-4d02-812c-d4f01fce9a2f,0.0020571907194293,189.77999999999997
3a416b10-3b35-4d8a-88e7-8e9ac6c4f94e,0.00199162118053215,195.77999999999997
446ab44f-d15a-4187-a971-bf7fd56af836,0.00186147714305815,201.77999999999997
8f471a13-ef16-4aab-af85-b330c9f5d5c8,0.0022204867197,183.77999999999997
6e268cce-1c5d-4e7e-b0ec-20bf1835d3b8,0.0022399891928095,180.77999999999997
c3b7bbb2-2900-46ae-8a8a-d150bf392a24,0.00280859108590945,147.77999999999997
8ed46c4b-7854-4ee8-b122-22688bc1a35b,0.00166873083054675,210.77999999999997
9ef1403b-f538-428e-a7c2-7b2c6c64ee10,0.00203700719351525,192.77999999999997
e4b5a8ba-430b-4c8b-840d-2428448c5792,0.00302473342657765,144.78
ffc77d8b-c5b7-4c6a-8f63-b28fd4b31987,0.00212649556586125,192.77999999999997
874ebaf2-f2a2-45c7-bdd9-17285e489869,0.00236170842059175,174.77999999999997
f08468c3-dee4-49c6-bef4-d47b0f6f016b,0.002170847766825,186.77999999999997
58da841e-40b9-4112-b7f5-2182760b9db6,0.00233268829725,177.77999999999997
7c519ba7-1523-445a-85f6-566ae011c1d9,0.0021544979521923,186.77999999999997
90ffc5c5-ea72-41c0-a74e-809a2b662cdc,0.002155334121015,186.77999999999997
c09be38c-037c-4ed7-9c5b-ee5f51ae3261,0.00228703153386805,171.77999999999997
d3c08d8e-dba7-4294-bd8d-d3b826a2c395,0.0020571907194293,189.77999999999997
9a514a2c-a4f9-4d58-83ed-545e23daa04e,0.002067891168968,192.77999999999997
d7d053db-b7d9-49f1-b339-e176cfb727f6,0.0017730957526493,207.77999999999997
ba405716-ffe3-42b2-a4ed-34b780e417bc,0.00186147714305815,201.77999999999997
d4e7de5a-d099-4eff-a29b-b2ec11c3e263,0.0022399891928095,180.77999999999997
5207a44d-67a4-416a-93a0-1d4e51be6a9c,0.00280859108590945,147.77999999999997
c88688a9-305e-45b4-96dd-021b2905e798,0.0023735278419355,177.77999999999997
250f819d-1e30-4660-875f-44ccd5b06687,0.0018771810678373,201.77999999999997
aa21c794-9458-4f85-a50a-73ec2cdfd004,0.00302473342657765,144.78
e68254b9-d002-49a8-b75c-ac7e9e28ef9f,0.0020571907194293,189.77999999999997
90ecdc60-b7f5-4a47-b94e-2c658166b8f2,0.00236170842059175,174.77999999999997
69c964de-137b-4b58-a4e5-84dcea11c083,0.00208845010257655,192.77999999999997
46baa505-e580-45ef-ae7d-933961f480d9,0.00233268829725,177.77999999999997
d05957c0-68bb-4bf7-ac08-8597282b768b,0.0020571907194293,189.77999999999997
14243a86-f63d-49aa-9983-80e3d2c60984,0.00186148886398835,201.77999999999997
3b93ea19-b021-4a27-80ff-0efcc48e5460,0.00228703153386805,171.77999999999997
244889a8-61e9-4985-a006-e17f8827ef1a,0.00222261371307205,180.77999999999997
4022f2f6-61d4-4ddf-a8c3-a31e3615ea25,0.0021387477377466,189.77999999999997
75e6d93c-6ad4-44b6-b718-7ca294dc2408,0.00197679865757315,198.77999999999997
82849fe8-bf67-4f45-9e73-ba3fef4ff8ff,0.00253969549159135,168.77999999999997
1ccde724-09c7-4309-8279-31047c6e9eaa,0.00237312515883975,177.77999999999997
b1fae8f1-8fd2-47a3-ba63-9097f0bdd125,0.00280859108590945,147.77999999999997
c6e6266f-a6c4-49a2-97fd-6f1a8f7746ee,0.00232875418573015,177.77999999999997
7de0bebc-e160-434d-abb2-6c9c3d2c4cbd,0.0022307177376138,183.77999999999997
72f4c92e-e661-4072-a51b-7eae055cda5f,0.00302473342657765,144.78
5c918602-2812-4a6d-8b7c-156bb220f7a3,0.0022046775113419,183.77999999999997
08e26085-320e-4a14-9adb-5f0d7c5b356f,0.0023135448049345,177.77999999999997
cb396c8b-85a3-49d0-951e-1e70c384fdf6,0.00205226010256975,192.77999999999997
ea24bbf3-70c2-4e66-83ff-bfdb26089006,0.0020275578029748,195.77999999999997
c80ab230-6081-42ea-a627-e244f10fc6ae,0.0021980478653021,183.77999999999997
14c5cdc0-49c0-420d-8004-f327a3099f4e,0.0020928267953204,186.77999999999997
252579db-3275-4228-bdf4-cbe3b23ad07c,0.0021232124836277,189.77999999999997
b2a0ce78-7f2b-4c09-a3d3-766b1a8dc3a2,0.0021753422796368,186.77999999999997
547c77a8-c871-4519-a540-060bcf93329d,0.00226656467536445,177.77999999999997
11b43f0e-944e-4c60-8229-337cef5f89ea,0.00193818316325,195.77999999999997
dd559235-720b-4f2a-8df1-738c4701d6e7,0.00253969549159135,168.77999999999997
9cd24bf5-1dd8-4969-91d8-d0f28d1c9f15,0.00237312515883975,177.77999999999997
b4fa70ab-d208-48f8-9074-56134d713af0,0.00280859108590945,147.77999999999997
494ba817-f96d-4206-9292-624f9c843324,0.00232875418573015,177.77999999999997
3123fc9e-ea15-4fdb-a917-0bcc4835c2ed,0.0025303691408129,168.77999999999997
aec3b0f0-5848-4578-bdf4-94516507454d,0.00302473342657765,144.78
18491c00-01a4-4ad5-8eeb-6113c0b37c41,0.00226964677671295,180.77999999999997
ff4f81e2-1f6a-47c0-b2e1-ba9dd2c235b7,0.0023135448049345,177.77999999999997
5522e7f7-899d-4e6c-b665-6e3cd01cc40b,0.0021174475305796,189.77999999999997
ff96152a-da07-44a6-97a1-eaaba3caaed0,0.00222261371307205,180.77999999999997
e823675f-fdd1-48c7-9922-15a4f9e8f922,0.0021387477377466,189.77999999999997
c596a150-8fe1-4231-95ef-8c0c0816fab5,0.00198584242196405,195.77999999999997
1d975372-9a51-4d28-ad92-23053e72f1de,0.0020128360973097,195.77999999999997
cd603ba3-dd6a-4552-b284-27a335e4e858,0.00229841335524155,177.77999999999997
b90cf6f6-6d84-4424-ba61-9bcbbfdc1d54,0.001967811091725,195.77999999999997
3c80e609-c205-48cb-abd1-acd981b22d11,0.00231205690597435,177.77999999999997
1103b65b-5c0e-4398-993e-b3ee2d57a609,0.00208094902797545,192.77999999999997
bd169503-4b47-4ba0-aca7-9d6801fa22ad,0.0024637598992458,171.77999999999997
3284f3fb-492a-425e-8019-71edb0074122,0.00280859108590945,147.77999999999997
d2a733a9-22a8-478a-bc60-1f554a64de06,0.00209400786809375,189.77999999999997
ec3a0162-195d-40d8-b9fc-7f8f14cd14e8,0.0018381173694538,204.77999999999997
5b644604-6b81-4f75-8c64-d6a92d1eda93,0.00302473342657765,144.78
174f22ef-d6e1-4dad-863e-f65ba393840c,0.00193926689670425,201.77999999999997
b9a50638-11ea-4f1d-8d64-b7d09ecb9f3b,0.00235184832858425,177.77999999999997
1dbe56a5-4b9c-46a2-b19c-cbcbf73e3437,0.00229627576022835,177.77999999999997
dc2ce7d1-7f4d-4fc9-80e1-983fc3e626de,0.00247997989262815,168.77999999999997
94328396-cd70-49f0-8489-c404ebbe4a87,0.00179740641367515,204.77999999999997
21cb9d9a-4b3b-4d3c-aeea-6c46efaa9a36,0.002171745681707,186.77999999999997
fe8f0690-bfff-4833-b610-69e159ea92d4,0.00219597365026135,183.77999999999997
bf5b0368-3fd4-46c8-8ca2-b9e729985171,0.00229841335524155,177.77999999999997
3faa269e-9ff1-47a9-8978-498ed058bc08,0.0020012667969722,195.77999999999997
bc717ae5-176a-4ca8-8178-6129f06fa347,0.0022195575625648,186.77999999999997
8c480bb5-3ff0-46c0-a779-2ffa14d23663,0.00220314976790335,183.77999999999997
ae60fa4f-0333-4b8a-8170-d856270d4132,0.0024637598992458,171.77999999999997
8a32fbfa-38a7-45fd-9945-55f806d2d817,0.00280859108590945,147.77999999999997
3f12b483-d07b-4e24-a0a7-0c00f0f34001,0.0023136824393095,174.77999999999997
4bd927fb-d8f3-4f14-95f3-7cb57f1eb651,0.00234786558081985,174.77999999999997
0bc88483-97c5-492a-8986-8ac39db44554,0.00302473342657765,144.78
0fb6770c-450e-4939-99f2-cbea138859e8,0.00184217213142855,201.77999999999997
b5929f79-be4e-450c-b6a6-e67ea6de936f,0.001967811091725,195.77999999999997
e70ba65e-39c2-47c4-b53f-5ef43b97e2e9,0.00229627576022835,177.77999999999997
ff6a1a2f-e5c6-4dd4-8663-51c31d0b8975,0.00247997989262815,168.77999999999997
c4b9ed42-e57b-4cb0-abed-69a9da500f51,0.001967811091725,195.77999999999997
30add178-7511-4f0d-ab2d-8fcf9cfd25a2,0.001967811091725,195.77999999999997
ddce78d8-9ec5-41bd-99d3-5e640c29ce59,0.00205164947459765,192.77999999999997
ed364df9-895b-4691-9e53-f323e5b08183,0.0017625367382174,207.77999999999997
06c2673e-159c-4a8f-8889-af6a33d326bc,0.0018154657029299,207.77999999999997
6c10a449-333b-424a-b4f8-e25d1e90641c,0.00219579241722115,183.77999999999997
7cbffc93-26bc-427f-8438-3b2fa6d07e49,0.00203660532129795,195.77999999999997
3f2a1fd6-01d5-4d31-92d5-efd7877d3185,0.0017843410513435,204.77999999999997
d3e934cc-2b6d-45bc-998e-3f0496ecbaf6,0.00280859108590945,147.77999999999997
3acc16c6-3685-4c1b-b70e-c8630b7fe6c2,0.0023213363762464,180.77999999999997
68392d89-025f-4959-aada-6ee739fe5671,0.0022852320465319,183.77999999999997
81a535e0-c2ce-4c6a-9ad4-a3678111184a,0.00302473342657765,144.78
d48f840e-65f6-4e0c-86f2-80b9b855bf67,0.0020342594412247,192.77999999999997
05e31e08-77ee-48e8-a4c3-4a5b0f9fc4a2,0.0019606352820687,198.77999999999997
d646e67b-ecb2-4080-b7de-19f88805a391,0.00168430305885315,210.77999999999997
48e33bdd-d9b2-44e1-98e4-3f04c6fb58f5,0.00221010312754785,183.77999999999997
716c9f16-819c-40a0-9026-6181d180bb97,0.0021279012836739,189.77999999999997
25436ac2-4bb1-493c-88e3-deed6a46644e,0.00233105690560525,174.77999999999997
cb3dd255-685c-4146-a291-28bfb2f1cc91,0.0019870602918287,195.77999999999997
e2f8e84d-2ce0-4737-994d-04e6f3f8eae6,0.00204199100465115,192.77999999999997
fabef8ef-f356-4ac0-9961-5f78460ab715,0.0018256454980551,204.77999999999997
188c03e7-2bb1-43d5-bb8f-f1b397656191,0.00219579241722115,183.77999999999997
a7ec546a-9fef-43db-9a5b-de2d4c00de3a,0.00162631967375925,210.77999999999997
3a2b0652-b521-400a-ae33-74588b9da286,0.0019709972708271,195.77999999999997
e8829cdd-7f7d-4bda-8e90-217419984d41,0.00280859108590945,147.77999999999997
d8d9b5cb-cf4f-42fd-86a1-25d94b11d382,0.0023213363762464,180.77999999999997
1d6ddb35-8653-4432-8c23-7031b89a4fff,0.00219579241722115,183.77999999999997
c5802123-595f-456b-a55e-5752a2c82de2,0.00302473342657765,144.78
4ee29a65-23c3-4d4e-b2df-da56b9839e61,0.0016272542140238,216.77999999999997
ac1e095c-7c45-4310-89b6-735b615bcc0a,0.00219579241722115,183.77999999999997
b7a2219f-f526-4930-bd9e-485e24878cd9,0.0018154657029299,207.77999999999997
b46aebac-bf50-4e30-b41e-bde79d87eec1,0.00221010312754785,183.77999999999997
4c496d2b-a2af-42a1-9127-7eda85b139bf,0.0018154657029299,207.77999999999997
a094e861-15cb-4cfa-a46f-7b4cba12dc91,0.00233105690560525,174.77999999999997
b3b5c7d8-2a5d-4d0f-a318-5ff0217d1252,0.00187679565530235,204.77999999999997
a76a56c3-5292-49af-a79e-c2bc9882c63a,0.00168154358689655,213.77999999999997
c55c144a-1bd0-45f4-94ef-23b5d72d3106,0.0021778298094643,186.77999999999997
d733dc98-3cc6-4c3f-b532-01a48d7a31c6,0.002410350732875,174.77999999999997
6dec4af7-ddf9-4054-81c2-9413f8631cca,0.0021965475480894,186.77999999999997
d6fed59e-3fc5-4689-8187-f76fee2d364a,0.0021206005922903,189.77999999999997
604b8990-08bc-4e50-b733-07d3e6317a7a,0.00280859108590945,147.77999999999997
93b6a892-be84-477c-9cfe-e6573be69bc2,0.0022486855701138,180.77999999999997
99eedbae-ee23-40cb-9d8d-8464e75cb87a,0.0019738683667316,195.77999999999997
36b22191-bb23-4e3e-a34e-38869f91e3d7,0.00302473342657765,144.78
4ff5bac4-f2f0-4476-bc58-48d36bb21fd6,0.00172626444821775,210.77999999999997
a5dcb840-c7c9-46c4-acd5-c0f2c8b2bb13,0.00223998370625405,183.77999999999997
0b609d2d-2da9-4e7d-8e10-970fcbd6b13d,0.0020794396929698,189.77999999999997
0919cba7-a5ca-4161-ac88-e94057fda98a,0.0015892312385354,216.77999999999997
68c802bc-ac99-45a3-90dc-47a56c4a214a,0.002087047335681,189.77999999999997
79bb2680-24e3-4146-9fa5-2b747824dd01,0.0021603963250171,183.77999999999997
cff20741-588d-436e-83bd-77766449286f,0.0022420001906378,180.77999999999997
1a640151-a294-40b5-a0c2-bbd0634ce9cc,0.001915730958375,198.77999999999997
53db58de-e535-4c95-bd9b-7477618b2088,0.0020985623585594,189.77999999999997
08a06786-0bac-497b-80c3-4171f7402d3b,0.002410350732875,174.77999999999997
6839fdf9-d07a-4f03-b8af-ddd34b5804c8,0.00168154358689655,213.77999999999997
394dd011-7942-4b8b-8704-68e3f6f4a66d,0.00168154358689655,213.77999999999997
be77c09e-0184-4f13-bcf3-861062147719,0.00280859108590945,147.77999999999997
531edcb1-2b64-419d-a8e6-76dd3425723e,0.0022486855701138,180.77999999999997
d0f936a3-a5a8-49eb-832c-842573c43b9b,0.00168154358689655,213.77999999999997
b5c296d9-61cd-4a9b-8189-51a686ee7d07,0.00302473342657765,144.78
9556fa4e-fb34-4c9e-86c0-9223f181c053,0.0024260813539346,171.77999999999997
5b95750c-d966-4c16-92bd-56de07f2411e,0.00209760928958695,192.77999999999997
343eb820-7b0e-40d8-91db-62002d7b0e62,0.00168154358689655,213.77999999999997
e2735615-c6cb-4596-9baa-a415f3054691,0.00190565344830695,195.77999999999997
6b6eafe4-f355-415c-a26e-6e024f671298,0.00174612845678845,204.77999999999997
39f422ca-ceba-4c4c-8be7-380f92a6dcf3,0.0021603963250171,183.77999999999997
b4aaff82-2e24-45bb-9749-dce1b3262066,0.0022420001906378,180.77999999999997
e44ef905-c41b-4c35-b5ae-dd230078325c,0.00193567031101925,198.77999999999997
6a807537-9653-4212-af0e-fda386f84f5e,0.00194808914787815,195.77999999999997
29456d41-e0f9-4310-8564-67575fba9de3,0.0020434082335197,189.77999999999997
e5526f76-c184-4359-99ef-653d4a11d09e,0.0019509330795252,195.77999999999997
8d301daf-a87b-4dbb-86f9-ea658e4b66cd,0.00199305348745265,192.77999999999997
f338be23-7b77-46f5-95a3-e5e7e89cffcf,0.00280859108590945,147.77999999999997
9a6e1cec-f0cc-4428-801c-39064c010db8,0.00224565134538385,180.77999999999997
bc0be23d-db5e-4398-ab0b-109aff7689da,0.00187523895633455,201.77999999999997
cbbb73c0-467f-4f48-ad00-7fd8495ea200,0.00302473342657765,144.78
0c96c314-a2e9-43f6-95d0-6491ae80745d,0.00207842597958825,189.77999999999997
45279043-12c1-4d20-9c6e-ffb30626eaeb,0.00194348193944865,198.77999999999997
d1caa687-afd5-4a6b-a8da-5a39cf926532,0.00205375557976445,192.77999999999997
e62e942e-702f-4a54-876e-f3ba092187d4,0.00206411468633825,192.77999999999997
ffe10311-f65d-49ed-b64e-2b6834f60d0c,0.0018128615506192,204.77999999999997
76722514-b351-459d-a426-b17011ef6c61,0.00244930724526595,174.77999999999997
1fb16c58-1fa7-4e5b-9090-f7bdd5a8f385,0.00220466159816665,183.77999999999997
e3ea7d3d-2f9b-4c38-95a3-6a7f2291fe4b,0.0020433995406063,189.77999999999997
6dc33243-bc07-4409-b8f7-d094ad5234d0,0.00194808914787815,195.77999999999997
961dcd82-dd92-4199-a25a-c4fc7fe10314,0.0020434082335197,189.77999999999997
e73f0d29-76a5-4082-a767-3073b5bd00a4,0.00194808914787815,195.77999999999997
1374984f-74fa-4582-b5ed-8cc72d1ff545,0.00193319302236325,198.77999999999997
aa93f89b-8a2d-4636-8fab-9897399a90c8,0.00280859108590945,147.77999999999997
8e748a14-7e17-48ad-b8bb-091bc8c0f235,0.00224565134538385,180.77999999999997
840aa721-e5c8-47ce-b83b-9749f1fd0422,0.00210900783719415,186.77999999999997
0611b6ba-210f-46ea-9887-6d560d7d229c,0.00302473342657765,144.78
25e53fde-84df-417c-883f-22fd2067c96b,0.0018831660047903,204.77999999999997
098249c3-469b-47cd-8bd3-3fdebb959587,0.00211454272427815,189.77999999999997
a27c8515-7a34-4eb6-a1b8-f4c4e69bb83a,0.0020467165164107,195.77999999999997
864dbb83-e2cf-46b4-8ca9-9e72038dfc1f,0.00205790847450915,192.77999999999997
7e839f74-7916-421a-8a2d-9a51abe77653,0.002246834114061,180.77999999999997
5f233a1e-2c88-444c-8ffd-c9f2882d998e,0.00244930724526595,174.77999999999997
ebb9c0a8-b999-45ef-b844-a1fedbfdf655,0.00220466159816665,183.77999999999997
505bb2a0-3f71-4f6c-a2a4-53e425be6248,0.00196758335430095,195.77999999999997
1be68493-4da5-4bd9-9ad2-85ce78b6dde6,0.0023490123572687,180.77999999999997
843d9f90-3221-43c4-adeb-939cb6076711,0.0021081072710105,189.77999999999997
141dc02c-78c9-451c-afc9-28c2c3f9d329,0.00221811004710505,180.77999999999997
1000bf06-57d0-4b0a-9770-b68fcad6ce5e,0.002168541068,186.77999999999997
3d9d6e31-5ac8-4888-bd91-c97c175c044b,0.00280859108590945,147.77999999999997
f056df39-7165-4feb-ad5d-abe07301ba9e,0.00198146342414565,195.77999999999997
134e12a7-ef92-4270-9bdf-03100e5e9af2,0.00190092318776335,195.77999999999997
f2375ccf-e194-49a6-a630-f3494a28647c,0.00302473342657765,144.78
3f112691-131c-45f4-9bf8-ba93968920b1,0.0019184772173726,198.77999999999997
76781070-1feb-4f7c-afbf-d60d5776ff7a,0.0023320696008257,180.77999999999997
52bb4f23-7118-45e2-a9f3-63948d01c2c0,0.00218489884206895,183.77999999999997
c0e7cb14-8b8f-43f4-ae9a-6e8396ebbd2c,0.00246689665767555,171.77999999999997
81fecabc-b2cb-4814-9867-62b783fd6087,0.00256434456736855,168.77999999999997
2ff6deac-bc66-4328-b9c2-7f175233d882,0.002150718222,189.77999999999997
9d164396-0d92-4db8-8efa-9ee7d97f6802,0.0018784624980285,201.77999999999997
191d9105-ee49-49e5-9f38-577be4ca6e31,0.00196758335430095,195.77999999999997
33c3055b-0160-4c83-8f2c-a81b28cad29f,0.002147268335584,189.77999999999997
ae5635b8-0b3a-420a-9f81-63618f8914b9,0.00201993411819265,192.77999999999997
5b1dcbc6-7303-4e32-b84f-be04edd91b3a,0.00221811004710505,180.77999999999997
8ffd37c1-a1d0-4d4e-ad9e-cf3624262cc1,0.0021438390334813,186.77999999999997
ba9ab4a0-500d-491e-a891-81c9f1fa3390,0.00280859108590945,147.77999999999997
2606784d-f3bd-4284-ad0f-e1f1a85febcb,0.00196758335430095,195.77999999999997
b56b3034-ed9e-4c90-ae94-de8622156e87,0.00224775944135355,180.77999999999997
0a945d2b-6a20-41d2-82e7-1b7e161924dc,0.00302473342657765,144.78
991c85b0-fcbb-4d0a-9f3c-813f2bb03465,0.0020733590515288,192.77999999999997
e6431618-f874-453f-b431-5e21044adbc0,0.0023320696008257,180.77999999999997
0d26d788-1b2e-4d2e-9004-5f6bc443cb9a,0.00196758335430095,195.77999999999997
8b234809-64ab-4c6e-8638-b5f3de8710ff,0.00246689665767555,171.77999999999997
a54ff37d-19e3-482e-9427-29b08869ebb1,0.00256434456736855,168.77999999999997
29ca7f20-3dde-4343-9c22-b6aedc473935,0.00196758335430095,195.77999999999997
31c0a05d-9577-48ea-8764-93111ff8bd66,0.00178776424961885,204.77999999999997
b6857755-4090-4880-966e-d0ee72d76133,0.0023141413782539,177.77999999999997
7fcd34cd-e493-45d3-b37b-7cb52268c114,0.0021653769512533,186.77999999999997
93aec8e2-13df-415d-9e58-d37423f76d02,0.00198857545516965,195.77999999999997
632904b1-bd78-4a4e-9799-1d1a9badff2e,0.00217294291799605,183.77999999999997
414fa99f-909f-421e-8c6a-0ee6c20c54c5,0.0021464605792435,183.77999999999997
a267f50b-0948-4cf7-ae34-9387b76779e4,0.00280859108590945,147.77999999999997
c8ec90fb-f9bc-4099-bda6-d3c1060e05aa,0.0022138376094496,183.77999999999997
a796775f-1ddc-4767-bf5b-f79b1d935791,0.00221648425923665,183.77999999999997
ecfa649e-3077-4336-8263-30426fdd0798,0.00302473342657765,144.78
cd17a12d-f9fc-435b-b421-d0b27b40108d,0.0025285055128819,165.77999999999997
21181178-b635-4e2e-9031-3360f236a305,0.00204766345567905,195.77999999999997
d7d095d7-2426-44b3-ab56-2ef3bea5785e,0.00194283982726785,198.77999999999997
8f5f8652-a902-4d33-b826-2fe288ce661e,0.00214009488215585,186.77999999999997
2b9ecf1f-2070-4c1d-9d79-bdf0ae30eab2,0.00164649534701555,213.77999999999997
a356d76a-2b5d-4f84-933e-291bde7f2727,0.00208913240526055,189.77999999999997
5b36decf-0fe4-45d2-8220-4f48a876e545,0.00238353508104385,171.77999999999997
65deb968-01b2-4f53-a994-b82486f7f167,0.0023141413782539,177.77999999999997
d49369fd-e6c6-4779-ba89-99b4d629370e,0.0021653769512533,186.77999999999997
ae5f9bc2-1245-402f-b5b1-f48f8fbe6ff3,0.0024083681028107,174.77999999999997
6cd86d0c-4895-425b-bd3f-8df29785dc34,0.0021624788000576,189.77999999999997
54767beb-d4f8-4f20-9364-575cb936edba,0.0021464605792435,183.77999999999997
1312317c-cc83-43cf-8f92-f89563978a7b,0.00280859108590945,147.77999999999997
7199310a-e473-4f20-8dfc-8797f5a7b5a5,0.002431126225514,174.77999999999997
c41329d2-35f4-4145-9045-feb92d557934,0.00216175275275,186.77999999999997
9fcd2640-81d6-4661-a886-906b81e2727f,0.00302473342657765,144.78
f464f22c-b71e-4152-8714-5bc857d69d27,0.0025285055128819,165.77999999999997
8258f6df-51f1-4cbf-bf35-f7c6faaca201,0.00198857545516965,195.77999999999997
6882c53d-f9ee-4068-a6be-bae786f7fcde,0.0023011265977805,177.77999999999997
19382256-291d-41a3-8d2c-63039291dea2,0.00237206216465285,174.77999999999997
8d5f6abf-d8e8-4933-a961-502ddb6b39ac,0.00198857545516965,195.77999999999997
359d207e-c206-4e83-bb0d-af1f2a67de79,0.00210465979967105,189.77999999999997
9ec1fdd0-6702-4992-8155-6578889682b5,0.00238353508104385,171.77999999999997
ec4c0e53-9084-4de7-b184-bc633a4c668a,0.00241297269543795,174.77999999999997
87cf54e0-3c4c-4832-9ed8-66c0bdf2f5cb,0.00230341130715965,174.77999999999997
a0736b8c-4298-473f-a386-c13954e06b0a,0.0018354834119489,201.77999999999997
833c6903-72e0-444d-90e7-d6ca76a9458b,0.00178138227881975,207.77999999999997
5eb1b509-1018-4525-a09e-4616cb75b453,0.00233951690724065,177.77999999999997
e9e1a4c4-228f-4b81-8c4e-7afbdac2a66a,0.00280859108590945,147.77999999999997
efdaa68a-81f4-40ac-ab80-4a708e09545c,0.00222638823148775,183.77999999999997
b04e669b-70d1-4d5a-be83-2a514bcbe089,0.00230024472975,177.78
ce336beb-012f-49d8-9c45-7f924435f745,0.00302473342657765,144.78
9e44aeea-46fd-4ac8-aed1-922476074e5f,0.00206196587546325,189.77999999999997
122c5b74-60ea-4481-9b2b-5ec6e6618d0c,0.00182785309546095,204.77999999999997
8b1f840a-2573-4d86-a63b-8ddf7c1f038b,0.00224967488216665,183.77999999999997
28adeabd-16b9-405c-8e3e-ed1dc440306c,0.0017918183914434,204.77999999999997
2c383b70-6bf9-4f1a-89b3-eaa262f1071a,0.00213807481895895,189.77999999999997
5fd6ebd4-e20c-40ea-9852-16079806c248,0.00210958412427965,186.77999999999997
1a5689a3-5228-4dbe-84b5-2fd5087903e0,0.00226703667762805,183.77999999999997
