SimulationID,AdjustedLatency,AdjustedNetworkCost
99bfd8ab-2df5-4e27-a138-d5fd3df91dff,0.5838723682267,242.77999999999997
d15148ab-b259-49b0-8fc8-3c79db1e1529,0.58557640528355,231.77999999999997
196083be-3432-4694-8075-6b09642f2bdf,0.58269135129705,208.77999999999997
86c10347-9cbf-4421-8b65-8c1dd0c810de,0.58457544284575,195.77999999999997
ae699461-5d6d-42db-8c46-70526dab3959,0.58508972989755,264.7800000000001
6cce9d7a-a173-46b4-8118-5bed5cac05d4,0.5830460889119,270.78000000000003
1350c75b-f2e7-4fe0-9a44-7d990c720cd6,0.58175134253465,221.78
6c977b75-ea36-44f3-a58f-de7ad50d150b,0.58629695099655,256.78
67f44731-1094-41aa-bd32-156524c96cb8,0.5846468480218,284.78
2991a345-0f9c-4642-b2af-3f7f13df57e7,0.58994155631905,234.78
8cb6acf0-2c7a-4641-94e4-187f8f176b40,0.58211067866725,213.77999999999997
3457f3e5-122d-4dac-8cf6-92d4e5a53edf,0.58217369300575,239.77999999999997
a75bfed7-c1ce-4f1a-9717-d14e5e094c4d,0.5838892629272,236.77999999999997
f1292cce-04e2-42c9-b7f4-d11de2afe280,0.58398853821655,248.78
69296882-1cbe-4447-9378-c6c56035aaa9,0.58541788690315,226.77999999999997
abbe098e-d1f8-46f3-8741-8afc36596137,0.5866681034232,203.77999999999997
1f262742-272d-4513-ae2f-63c8e8ba1325,0.583475261302,221.77999999999997
c93a978f-19f2-4d1c-b59f-42a1ef567d01,0.58670923067615,201.77999999999997
07b41892-9ae8-41ba-bc77-09ceecec7681,0.58669655940885,206.78
068c466a-5511-4bf7-88f8-bee05109d700,0.58457544284575,195.77999999999997
277c908a-850d-450b-ac52-e109ecd25c9d,0.58369922814325,195.77999999999997
bca9aff7-fdce-4a8e-b3c7-590510bd6ee0,0.58382477319885,202.77999999999997
62532867-84bd-419f-8fe5-b98a8a630077,0.581274265512,243.78
7704c3bb-7f29-4e2a-82a9-4d521207166c,0.58497153351405,203.77999999999997
cffde816-0d63-48cd-9062-b977192aa68b,0.5846363041909,221.77999999999997
37a60c02-68cb-4423-bb07-72ca77878139,0.5834212767509,208.77999999999997
5575869d-caeb-4848-8ca9-07a06da21a87,0.58796972634475,192.77999999999997
a05af569-0dca-4a78-9960-26d333da21f3,0.58581653929715,219.77999999999997
ef8947d1-5f14-4220-b404-1184b2131700,0.58653123670655,221.77999999999997
bbd9d9ac-1f8e-4812-a132-c1d8cb3b8f52,0.5842883831409,231.78
ee009850-105d-41f8-8db4-70991fe6f9ba,0.58846874972025,213.77999999999997
17934541-c2ea-49b5-8f4b-af1ccd0a88b5,0.58529814621595,197.77999999999997
b61651a0-9c27-4d27-8263-6eb975aecee5,0.5852150948049,228.77999999999997
c7b7c7f7-899f-4edf-8548-ac38c99278dc,0.58475829722305,237.77999999999997
0c84d11c-e624-4024-9a79-133491e9303d,0.5872246608813,205.77999999999997
7e5a41ee-c66b-48b0-a719-5750db7813bd,0.58381134180645,212.77999999999997
63a657e2-e26d-4af1-b995-e7af02f2fb05,0.58569056807285,213.77999999999997
d72fa336-0ba5-460a-8b97-3e80c8c2bc5a,0.58580107100105,207.78
6de92673-34c1-4524-8bb0-d5a5ad129236,0.587783575862,221.77999999999997
ebad7b1c-dafe-437c-acce-04a78b99761b,0.59022292871565,220.77999999999997
9e0ae419-7393-455b-b96c-94240b1c4fa8,0.5877096774199,238.78
20c4c9d4-3878-4d33-a2f1-e57ba9dd273a,0.58506928595825,215.77999999999997
8a0b4b5b-0a3a-4fb7-b10e-ae6d282cab50,0.58790927224995,225.77999999999997
8f4c8fa4-bb9c-4765-8c72-7f23b4f4cce8,0.58649502718845,217.77999999999997
6ecc5aad-8856-4775-b9b2-c8bce45c501e,0.5867919136956,211.77999999999997
4d595750-3040-4696-aed0-6dc6d3779bf8,0.5864583712239,220.77999999999997
e475d50c-214d-43e2-ab55-5246074e8e6c,0.5858648508657,229.77999999999997
588c6517-b841-4841-a738-97031e677f27,0.5849349358448,234.77999999999997
82884fa8-a487-43b7-b2bf-5bfa04834f82,0.5857689095182,235.77999999999997
657560bb-9aea-481f-a855-5565d868fa3d,0.58725929174055,226.77999999999997
ef6cf17f-1843-4794-a71a-33bdcd6d7877,0.58382351700265,243.77999999999997
57c4e842-781e-4d60-9cef-f20287e4d08f,0.58237255670005,220.77999999999997
afc8fbc8-2f00-4d79-9de8-f08539154961,0.58569056807285,213.77999999999997
f932b46f-087e-4300-b975-78bc106b170f,0.5877783443275,196.77999999999997
ae109abe-bd4b-48d5-8733-7530a4577bd8,0.58264750564155,209.77999999999997
9bccfa3d-0766-4d87-a099-240b9124a179,0.5859251757915,232.77999999999997
382079d8-bb4b-464b-a107-d61127495319,0.58739423541215,222.77999999999997
99f28e71-67f5-473e-ac6d-918130ea6422,0.5862431008654,215.77999999999997
c0bcd0d2-9589-41e5-b71f-01f5a3ad3a29,0.58908929132825,239.78
45dfce13-b61c-4c24-9032-22f0c38b0dae,0.58813827554025,209.77999999999997
858a2aaa-2ac7-4b35-9f61-456b5f029d4b,0.58290247586495,223.77999999999997
0f494216-76f3-4626-be12-ec89d2c9f391,0.58568056894735,232.78
c29a74c6-96a1-426d-8a7e-95030ac57706,0.5897329740826,223.77999999999997
230d857f-14ee-446b-b714-f71d66a62644,0.5828230772156,217.77999999999997
a3ba21b1-5f4e-4d30-98cf-b9544bdfcc3b,0.58426438804155,205.77999999999997
63048db9-14eb-4376-9a40-54fc107d6741,0.58770492614475,231.77999999999997
c2dcb0e9-5899-48bb-969e-f9aaf9ce0b4f,0.5866323742058,192.77999999999997
75fb818e-bea7-41a7-83ac-38335044a7e0,0.5859406272375,217.77999999999997
a606dc4b-9431-452f-9a66-114ca668dee6,0.58569056807285,213.77999999999997
2332a41b-7c5c-4e3e-9fef-e7407460f34f,0.58443106780345,235.78
c95b02e2-a6ec-497b-bb5e-0ecfee14fb76,0.585574291284,243.78
d7ef1970-6244-4ea9-9365-099196961b52,0.58503200165315,211.77999999999997
4d44fd49-c017-4ca9-a846-c4909f644d89,0.58887259347265,224.78
52b932c5-5513-4055-b41f-2250df3869e7,0.5864159334812,204.77999999999997
e2c0188b-b7f5-41fd-936f-87e7894ff6ac,0.5853747542337,243.78
b8d920fa-b853-4eef-b7c8-99804c3b592e,0.5882243544176,238.78
a4f0e16a-182b-4f6b-931e-805701e0fced,0.5857077199644,203.77999999999997
bfa9430f-8cac-4746-955d-01884e544dfc,0.5872328975836,217.77999999999997
6be2bd00-a685-4262-9e05-4e5fe624eb9e,0.58741152476045,239.77999999999997
1a197e4c-999c-42b4-82d4-f22b488b4fec,0.5885665545642,214.77999999999997
508ef256-9454-4e7f-987b-aee034adb007,0.5857913279892,239.78
b53a2a99-4067-4603-a3f1-4c7f419f2658,0.585976499813,208.77999999999997
9e9c2e27-efdc-46e7-8464-c3ff654a4a8c,0.5856158839596,233.77999999999997
91b66f35-a67a-463e-a28b-7fc78fd123a1,0.58625549297225,202.77999999999997
52f675b6-c244-403b-b94a-1271101573ea,0.5875463120719,229.77999999999997
1130b9ca-e6d7-4031-a68a-1491417a545d,0.58629156805205,195.77999999999997
36ce954d-0ef7-4002-bbe5-46afdf5864dd,0.58787275767215,221.78
dfe319b0-be74-4312-9d2d-c7a2e9965305,0.58740514505785,204.77999999999997
869d378b-168d-427d-a245-9a0ed3f90539,0.5893593936295,182.77999999999997
38c6c02e-9f19-403a-a325-8901b34fc915,0.58582866889505,224.77999999999997
be9758d3-9c71-424f-8582-ff839b15204e,0.58214143599335,230.77999999999997
04cd9a65-45c0-4606-a163-6f63da50891d,0.58387216108795,215.77999999999997
8911280b-0420-48b1-974b-7a31ead2548c,0.5836280389909,228.77999999999997
f8c39169-9da2-4862-a82b-ecdcec661614,0.5849880913662,224.77999999999997
4e7c4089-4c61-403a-880a-1a3f182a3257,0.59088633867165,212.77999999999997
d750fea7-52da-473f-a7de-317897d88e48,0.584573199911,201.77999999999997
303e0aa5-64a7-44c5-ba2a-4af90052be14,0.58942972970065,206.77999999999997
7831756a-c779-4c56-8ff9-e3de855fdc72,0.58898308347865,213.77999999999997
9c3fccaa-ee01-4e81-a41b-073286640a8b,0.5886515450883,216.78
64e76069-d04d-4a1b-9a95-ad6301ff79c5,0.58776020721945,188.78
8da38dc5-bef4-48fa-a4f0-063291dcd5df,0.5944806026571,178.77999999999997
344374ba-a7eb-4bd2-8dba-387b37b37b56,0.5881613325573,190.77999999999997
92c19d34-780a-47e6-bee0-398a2565d6f3,0.5865772832441,227.78
2aaf7614-21c0-475e-b0f6-885636136f18,0.5894112075901,195.77999999999997
bb70d690-5217-42a0-889f-709ce75184d9,0.59245412304805,201.77999999999997
065da222-2cfe-4baf-a937-65d03a553fbd,0.58893290225005,172.77999999999997
0bef8e06-7f4c-462f-9d74-fa58918694b8,0.58728393244215,200.78
d197254b-41d5-46e6-a0a4-3b3421153c55,0.5902530979956,199.77999999999997
07652e7a-3998-41a1-a235-744b0f2f2ff8,0.58712569348285,204.77999999999997
981b9ee8-39a6-41a1-b19b-e5317f2bf383,0.5884027360242,201.77999999999997
fb066725-368b-4184-98ea-1f7b98536b25,0.58621735864505,212.78
3ff84a8c-96a8-460e-a099-47c25f680035,0.5887199501868,192.77999999999997
204c82cf-1eb0-4eb2-ba49-837665b70a71,0.58790375742675,179.77999999999997
9c7f7da4-eb77-4a24-841c-7e0016c63d34,0.59075505975655,215.77999999999997
2767e668-ea79-40de-9732-8a51a746fddf,0.5886366074779,196.78
70427c55-e36a-4fb5-92b2-1a0b584b72de,0.58926403200325,167.77999999999997
4b3a59bd-63a1-462e-a4e0-0ee0ef6fe749,0.59074269958755,176.77999999999997
e6eb3669-aa71-4061-9ed1-11f0457be70e,0.589277464142,194.77999999999997
5210dc2d-7b9d-495b-973d-eb317da8bd24,0.5907106379898,184.78
634539fe-7bf5-48ae-bfa5-0a006ade869f,0.5906836823007,195.77999999999997
407b4f94-a62b-4117-ba7e-ec91fc852c18,0.5868133433575,205.78
7286b13c-3ed2-4147-b358-45d0dd4b4e1d,0.5906590017672,171.77999999999997
afb26d13-9c8a-4705-b02c-48a06cd4c18a,0.5881158104978,213.78
081b0825-abaf-4be9-9329-da862e8f3f39,0.5885789037221,218.78
54cb9ec6-05ff-4974-beb2-8c09b6eb2fd8,0.5858903807048,205.78
40ecfed4-107f-45f6-87bf-200aba4742e6,0.59113905704525,183.77999999999997
38a0a541-67b2-41d4-859e-c92150561899,0.58994696160005,168.77999999999997
1551c99f-ccb7-468b-bc05-112d914ea254,0.59068998179695,191.78
2b50e7fa-76ab-4ec1-8992-a6237e3f7711,0.5928260766688,179.77999999999997
71dd58fa-e56c-41e4-84cf-b86418ddfb19,0.58709037474055,192.77999999999997
500bb327-57ed-4bd5-862e-d1e695533e47,0.5929623004987,198.78
7a914af2-5aed-4446-a55e-3db1915484bd,0.5880688232177,175.77999999999997
48e543d4-2b12-4578-8738-6b485f6bde8d,0.5895531925663,200.77999999999997
a078d9ad-3f9c-440f-b0a8-bf59403f2698,0.58839546293345,194.77999999999997
8b5f5f08-393f-40f1-a2d0-d1e23d2fa25a,0.5903808755579,184.77999999999997
6a283bdc-8839-46fa-95dd-720591e55203,0.5912105191748,185.77999999999997
1d1e1253-31d3-4c21-a681-55a7c5eb6e59,0.58928036699905,179.77999999999997
6609a1d0-dfdf-43df-965b-e0cca5a94f0c,0.5931631756141,175.77999999999997
eababfbb-64da-488a-bebf-2573b41e3567,0.58811417905165,186.77999999999997
bf7a462e-b1f9-4e1d-a027-b0d11e0370bc,0.5882914461807,218.78
1daebd46-018e-43d0-a3a7-5baa5b3d6259,0.589886003125,175.77999999999997
7332319f-1298-41d8-9aa3-9b3ed6263b93,0.592549609943,174.77999999999997
33e28a98-ea13-4ef4-95a6-09359af948de,0.59256021427025,169.77999999999997
05bc5e72-92e8-40ea-8297-e1799a1e25ac,0.59378927465515,175.78
603eb137-6de4-4d0f-a906-de883d62c72b,0.59062360092955,201.77999999999997
9cafbc23-2e21-46a8-ba57-94e37cf85e50,0.58872174174375,202.78
21dcf23a-2e36-4af8-b37a-f4257755099d,0.5896734763814,170.77999999999997
f1e425a3-5cb2-492c-87f1-85bdd9d09a21,0.5880688232177,175.77999999999997
02034ccd-69f4-4b12-b886-68d17a128176,0.59177004747345,195.77999999999997
fe4d2165-7b22-41f8-9cc8-a02c70e3fff1,0.5904468366859,200.77999999999997
8bb3dc25-412b-467c-8c24-744c96567ae0,0.59041618807295,184.77999999999997
bebe2173-ac94-471e-ae5b-683c93f520c1,0.587788450086,179.77999999999997
0a3a8499-46fe-4478-b5b7-b8ff3ff19f60,0.5929005382492,174.77999999999997
bfbf8d35-0476-43ca-af57-1dcea017fcf3,0.59142924994875,170.77999999999997
fd15d2a9-4b3a-4712-871c-4577a22e8975,0.59057827422535,173.77999999999997
0b081d38-a6fb-4ff3-848d-99e432da2ce4,0.59144801489435,201.78
16717d49-9011-4d50-9dd1-1ce55e64234f,0.58921569348015,197.77999999999997
f51ecd1e-3742-4bee-b3d8-f19769dc0e9a,0.5902144237408,178.77999999999997
965edbe0-5a3c-4334-87da-4d4a12cf86f3,0.59208153341585,168.77999999999997
42da48fa-75b2-4994-b505-3513efd20a58,0.59165637488685,181.77999999999997
3d1d103b-a7b7-4305-9447-e00e7837bffc,0.59121607518195,169.77999999999997
d547b806-00b3-47e6-8e92-732619b0198d,0.5903870722101,209.78
95f4f0d8-4aae-4290-9b53-da9a3b0ef5a4,0.59052601163955,171.77999999999997
fd56905d-ce5b-4269-9ad8-05096ccc0e08,0.5880688232177,175.77999999999997
8b53fb37-2640-4840-8fc9-4680651ce890,0.59066423083125,185.77999999999997
784fa386-8528-4566-bdea-817b8b6f4720,0.5894299920862,208.77999999999997
dcd0c7b4-6c05-4937-a9ea-c1aec8b83186,0.5915043550375,192.77999999999997
79ebc9ab-4cbc-4e2d-bb56-4221b5479cdb,0.58780042042105,173.77999999999997
885c0d05-63c6-4e33-8f56-4f561610ee66,0.5955825589621,177.77999999999997
ad4d84db-080b-4594-8373-e6b98acfbff5,0.59209408093805,181.78
3d921aa4-3166-406f-91bb-d9e053cded9b,0.59148148302425,189.77999999999997
7dd66240-0eee-4a78-ac28-c9130b8ae779,0.59076148067695,205.78
2626ea50-05af-4cb6-b22b-56bd4b5a967d,0.5903499855828,201.78
64a18f2c-3acd-4f71-80c4-6615117ffbe9,0.59146778551505,188.77999999999997
e138004c-71c2-4cd1-a498-2aede5c388d0,0.5903303303047,161.77999999999997
b531e6b2-cb73-4119-9a9c-00fb15b4a4ef,0.58913396711025,180.77999999999997
1c962c46-a97c-45ea-b210-3db2fa4eaa8a,0.5905265590644,176.77999999999997
9fcf079f-d67c-4b31-8da5-55a9393d2605,0.58852729079535,184.77999999999997
2f160bc1-bb20-4649-8e49-4cb649ff600a,0.59379112773395,158.77999999999997
8bfddcd7-ff64-45fe-b99f-af96c85d68da,0.5924974309561,175.77999999999997
1f9dbf8c-4470-425a-a80d-a786c073dbed,0.59345612830255,189.77999999999997
c6cd3895-3f6a-4120-ab68-6046a2d8b566,0.5894721308583,187.77999999999997
9aa6cdc9-63be-4a85-8979-5076944aad88,0.59007092399445,187.77999999999997
3c151faf-ee6a-4b10-9208-5984cccef1f7,0.5901895163332,165.77999999999997
2e063a6e-277e-42c6-a2b1-c67e165f2c1f,0.59091108960195,180.77999999999997
00c4f93f-05d5-445c-aa52-0195e2af2bf0,0.58985221542905,164.77999999999997
589fc459-36e0-4255-a097-63e44e862bde,0.59434466422835,169.77999999999997
cb44a12e-ed25-4afd-8b8c-c114613c251f,0.592549609943,174.77999999999997
cc3257cf-0f26-4847-b88b-9a5290c07318,0.59086863561255,188.77999999999997
15adb900-0955-4868-b88b-d45498c88b35,0.5914724315698,173.77999999999997
5e44543b-b002-4494-b535-f649645e8b72,0.59131635073305,183.77999999999997
66e99485-187e-40ec-bd6b-46391e14d490,0.59105211131125,176.77999999999997
40d002d4-dde1-4ee9-8e4d-b556c9f6ae44,0.59138214952605,181.77999999999997
a940798a-2d1a-4b02-81f0-6b0aebe93b1f,0.5905895820395,174.77999999999997
d1380353-8f2f-4997-89a3-24aa237a0039,0.59055345176675,172.77999999999997
ebe50b1a-d85a-4e6a-8234-92f370f65505,0.59050153267185,171.77999999999997
5f54a92f-a9fc-4f41-96d0-8e1b019ee27a,0.59177504585115,201.77999999999997
ba113993-7782-4840-9d12-91598b304272,0.592771929278,180.77999999999997
82673713-3003-40ee-8149-ed5fbe409194,0.59101558799275,191.77999999999997
4e84bf37-7afb-466f-a61b-a2faeb1438dc,0.58889727829665,164.77999999999997
8966f4f9-a6b4-48b9-94f5-e59de94d2907,0.59182095116,181.77999999999997
fe40b5b3-dba0-408f-9cac-06601a95ecb2,0.59122736930985,176.77999999999997
de42b0cc-1b0e-41c1-8a9b-4a337edfa5dd,0.58955951213925,179.77999999999997
e646f44f-d751-45f2-a3ab-272af4253eb3,0.5918455425352,182.77999999999997
9aa24807-4928-4f8c-b58a-e78e6dff68be,0.5889026481729,189.77999999999997
271f7513-b523-4b82-a3a0-4588267e5e87,0.59250244754645,156.77999999999997
a01ce7e2-c318-447b-a3aa-5ed9d067309a,0.59117503597035,174.77999999999997
979a274b-5928-4f43-a030-f2bf7e4bd995,0.5928648403746,160.77999999999997
3a84422e-aaa4-4315-b751-7dad4221d8d4,0.58780318297215,174.77999999999997
093e997d-2a42-4cf8-afad-ec3456fde061,0.5899160490659,161.77999999999997
337c944d-3f49-46a6-becc-deb564a5ed42,0.59202399849895,171.77999999999997
fa551b9b-e3d6-494a-8f51-2c5678f706dc,0.5928737038652,176.77999999999997
aece0f77-5211-4934-8844-ca3c1095acdf,0.59218513915275,160.77999999999997
a9227696-55cd-4a8a-8071-7cc7cc8e2849,0.59435260562095,165.77999999999997
24913812-0397-44e2-b476-c48d8b7513b2,0.59145699193545,171.77999999999997
ed370df0-e13c-4b61-bc24-dd8cf65f0155,0.58946714574825,180.77999999999997
558d9eea-47cb-4447-bf98-27a4959bc18d,0.5927032989464,174.77999999999997
2d537ef3-0f61-490d-bed9-b5929f24fb5a,0.58869957029855,169.77999999999997
91816412-3a07-45dc-9c5f-d5c8bcd62787,0.59070107774425,167.77999999999997
8e868051-d18d-4fd3-bcb1-1b6e62085325,0.59504751286095,175.77999999999997
ac097873-d41f-4e73-80a1-2dbdf9da800f,0.5902162854148,168.77999999999997
c9596cbe-d876-4f15-a232-fe87432b127a,0.5918869154465,161.77999999999997
f4e2a617-7666-47bc-9147-c56e23dff681,0.5900534528218,179.77999999999997
0bc2025f-6a35-41df-9c7c-f795c5e1765c,0.5930753194887,170.77999999999997
1d2fa609-0883-44f4-8d11-3c1f572eb31b,0.59091823595565,170.77999999999997
acd8be3d-59c3-4b23-af72-99f33e062328,0.59469416502715,161.77999999999997
16a8b4cd-a16a-457d-a81f-5058369e3502,0.5952537923435,173.77999999999997
80128a40-fa96-41e5-a8a0-55cc8fcba822,0.5911038676797,164.77999999999997
a9f284f6-dcb3-4abc-9818-66b49da6fddf,0.5953587889618,170.77999999999997
56677bb6-c765-4cf4-95f7-e2abe7f67db4,0.5915099882374,170.77999999999997
3e5f3003-2fa9-4065-80e2-7aaadd04891a,0.59259156490515,166.77999999999997
4df29449-9765-48f1-94e9-7d1604be766c,0.5920270658309,187.77999999999997
e192a0fd-b316-4a4d-9f45-fc128df6c252,0.5894900366463,191.77999999999997
1bf34856-b6a5-4ef6-9851-bfca2c59128a,0.59305975455795,160.77999999999997
4ab5fd78-976c-405c-98c1-a5b21d2d6569,0.59040146559635,167.77999999999997
b1174e92-bdc5-48fd-8043-52f4297889e5,0.591426506669,164.77999999999997
ea0cc952-fff6-4f73-a48a-261c0895ff7d,0.59594559465145,166.77999999999997
ee42c0e6-6250-4595-9f93-9eb601c69584,0.5918869154465,161.77999999999997
30ef3d54-cc70-487c-9f4e-f4b6b3e3d4d9,0.5885852311536,171.77999999999997
986485a4-8316-466f-a605-d88cbc13a34b,0.59183584571965,163.77999999999997
02b1591b-11fa-4612-92d9-66c73637af69,0.5907554327301,164.77999999999997
ddc910d8-4956-4b68-bbb7-78847728f87f,0.59133822178965,165.77999999999997
d1b91195-d5ca-4ff8-a786-f7b4bce00e83,0.59384972965675,172.77999999999997
757e9bc3-05d1-4b99-8a55-14561d4abd96,0.5910566988566,166.77999999999997
6400ae97-b2d3-461e-9bc0-302760ade370,0.5899920822009,169.77999999999997
505924ff-2cef-4b4c-af99-96052339b309,0.590728996371,171.77999999999997
38480b2d-d61d-4a4a-bb94-95e52d34e7c5,0.5934022317868,178.78
299ae1d5-2643-4d64-80aa-d903ff972eb8,0.58865904776325,189.77999999999997
f5eb5d51-94cb-4f60-a46a-c44251c95c01,0.5914966118225,178.77999999999997
982e493c-bd51-4b15-8f13-c8b1746ac9ea,0.590728996371,171.77999999999997
c0976d6b-a0e8-4a59-907d-a350a5b88c25,0.5918799979357,177.77999999999997
cf1cfd02-5e1d-4d71-94cc-e37dde5dda82,0.59074443157205,155.77999999999997
0760cc96-29ed-49a2-bc9b-9c3610b3cf2e,0.59293160246055,175.77999999999997
e42d1c69-6feb-4ee0-bd76-a5935442c088,0.5918869154465,161.77999999999997
29651c3c-52ab-4ead-82d0-0287e77a11eb,0.5894322725376,186.77999999999997
1b9999e6-7d83-400d-a7a5-4ddbddae2983,0.59310470282855,180.78
87826bc4-09ec-4f78-afae-ad056b045b53,0.5910566143303,166.77999999999997
f39ff148-acf9-456d-a13e-570e3ec74347,0.59504428940735,173.77999999999997
9df6cefa-293c-47fd-bae5-a9663ec21e0e,0.5933528845249,180.77999999999997
571976e1-d764-4bdd-a1f6-480ae7a252e3,0.59176890840315,179.77999999999997
ccaf9f52-0dc0-45d7-a5c5-5dcd56891de4,0.5933015568634,164.77999999999997
d828ae37-598f-4534-8d34-cbc667cd2d99,0.590728996371,171.77999999999997
f210b868-dd73-4a27-a9e6-0e3dfefa6447,0.5932246869781,163.77999999999997
37cbdb46-f5d8-4b98-ab3f-ba33158408bb,0.5908298671373,157.77999999999997
ca4ef882-96bf-48dd-ae4d-3e1cc89452cb,0.59023341460835,173.77999999999997
657cd984-62b6-4c3f-9d1c-b58ecfadeb6b,0.5894371633705,177.77999999999997
c0491477-a725-49cc-8a75-f758c0f979da,0.58894400672515,155.77999999999997
c4a06b4f-1e71-435d-be7c-34b0060b0430,0.590010255994,164.77999999999997
3a7a643a-1882-47c5-a34a-3394e8850cfc,0.5893940071716,184.77999999999997
b9203883-9166-4781-acd7-408b72b8e718,0.58824097187665,158.77999999999997
ce1e16d6-8559-48ed-b7e8-8187ea2cdc6f,0.59031628541675,167.77999999999997
7d8c9ffb-da2b-4364-a121-7590f1de2420,0.59143482801815,169.77999999999997
1b55b840-1272-4191-a1a2-ee956cec1852,0.5915771233309,175.77999999999997
ac4a8d04-1861-4e02-b049-146f38197473,0.5917975968115,160.77999999999997
12b6af12-7f24-46a2-b750-4ad3da82c6ac,0.5913483898121,169.77999999999997
98aa3cf4-c5ed-4f3e-a3d8-a9b21f556356,0.5915425818883,177.77999999999997
8b8cd9d2-21f0-4950-bf86-57f25571db7e,0.5943583624884,157.77999999999997
274106ad-8462-4cd2-9d8f-d0ced4525cc4,0.5914966118225,178.77999999999997
0e7e7aaa-4167-4075-92cd-03d17079f300,0.5931062434314,157.77999999999997
46f8b9e9-26df-4ab0-a5d7-b9c501e14fec,0.59049068611475,174.77999999999997
9f7383b8-e0f2-4934-a1c5-e66f0e886c14,0.59504428940735,173.77999999999997
a754e2cf-81b5-455a-802d-2f18e0df6ade,0.5872499108694,179.77999999999997
1a7b9c76-5731-4eff-8b76-5cb02d41ae77,0.59325536489,161.77999999999997
dfdf8873-fb8f-4182-a0a2-bc1a4933387e,0.59023341460835,173.77999999999997
c50e78c2-bd5e-41f8-9802-76d9edf46864,0.59376091534365,182.77999999999997
7e92bd5d-f314-42a2-bede-c4968cee06b6,0.59257319681185,171.77999999999997
784e4449-13cc-4b00-9d1b-052ca23de3c9,0.59141752106465,179.77999999999997
57723a31-bc05-4ba1-8a4f-b7e8cc25b223,0.591225134199,167.77999999999997
a92517a3-ce39-43b7-aee5-a2f4b7577d73,0.5927537098925,162.77999999999997
12f7c206-9309-46fc-8319-aa1671fed447,0.5910566988566,166.77999999999997
991a1654-84f8-4587-bf53-dce043625f19,0.59180077192315,160.77999999999997
7ec292fd-70af-415d-9ff4-5ff60e1d5ae1,0.59421039013595,171.77999999999997
852f1dbf-170a-4e6e-af3a-93219c8fc2b4,0.5886903764124,172.77999999999997
bfa93479-4bce-4b9a-910d-d0f9e2c42daf,0.58926371544265,178.77999999999997
ac70cce6-00c9-4432-b141-d22ffcc177ba,0.58955497185395,154.77999999999997
c36a9333-b648-4d9d-ac41-3f663bca4de7,0.59049068611475,174.77999999999997
96631215-7b9a-438c-bd0c-00b6adc518d5,0.59212166480595,174.77999999999997
6a5a9c98-246b-40be-a292-3f653e8d7472,0.59113018439985,168.77999999999997
5ae65c67-8eb6-482b-92b1-e0c2fed33f1b,0.59325536489,161.77999999999997
6097976c-92a4-4925-bd4d-e6b6c80a474c,0.59096054425815,176.77999999999997
fd090f86-5ec7-4ea8-91da-679ac200a12e,0.59182958375875,174.77999999999997
e7d4d7c4-7c2d-4bcb-ab58-069853446c43,0.5917733432541,155.77999999999997
61d36b39-65ef-438c-bc91-13caba4e743f,0.58948931159115,172.77999999999997
89f0fc55-47d5-45df-8518-20edb0a5fd7b,0.59180077192315,160.77999999999997
03815abf-37b5-4bd4-b201-c3601e129efe,0.5907207697784,170.77999999999997
7c78580f-601c-438c-a729-9b4458c7eb28,0.5939209029901,161.77999999999997
3f121312-3d86-4193-8aa6-229395b0aec1,0.5915824190265,169.77999999999997
2a969be1-b2c4-4ba3-a1bf-eac11e8108dc,0.5895608970101,168.77999999999997
da53d1ba-702b-4039-ada8-e29f0ca0a697,0.59241439211005,178.77999999999997
24427ac0-bd3d-44e7-b5db-48ba437cb6f7,0.5890927454681,183.77999999999997
8b99bb47-f447-4115-804a-60afc3c666cd,0.5958435841593,163.77999999999997
fe16b28e-caff-4b0d-b78d-5dbeb75feac8,0.59596154659895,168.77999999999997
3b3ea676-5329-4735-a20b-92ef0981b541,0.59052730094745,180.77999999999997
49a767ce-1ade-460d-b007-00734ba7abd6,0.5910566988566,166.77999999999997
ad563279-9ec8-4b9d-889b-30c7be805b52,0.59372532501765,165.77999999999997
1f688438-0854-4aba-a021-117d3a5fba29,0.5929847938982,170.77999999999997
9392b6a7-5ca5-48cf-9f53-b5774c6ae461,0.59349645176035,149.77999999999997
d0f3acc7-9a78-488d-bbc3-459e93e8fdbe,0.59385779426555,177.77999999999997
1f025754-3b87-40b5-8b15-6c3772e23a52,0.5918492420952,168.77999999999997
a3ad41e5-cb8e-4a27-9cb2-f5980884831c,0.5915276566565,178.77999999999997
35962986-db72-4ec9-84b4-c7ddc59a3413,0.5941493312104,161.77999999999997
50248016-39dc-455a-8ac5-aa9f5566d8ad,0.5943488424949,160.77999999999997
afee29a4-b0eb-4fd0-9442-fed7b9a78f79,0.59396630837145,157.77999999999997
f85bb270-dd81-4e54-85b7-2b294884f751,0.59310626960815,157.77999999999997
616feab5-2ade-47de-8647-be3ea0330ee3,0.5918930944495,164.77999999999997
dc0af2c1-7fe1-4aaa-9e0f-66696b5783fd,0.5933015568634,164.77999999999997
ea8ea204-4757-4d88-9a6d-fe5b5d0ed9cb,0.59239209067335,159.77999999999997
0c13f491-3532-4d40-8787-18ac0a0b7216,0.59202399849895,171.77999999999997
06db9f54-169b-4ff9-9c3b-593566cc2f47,0.5933955017371,156.77999999999997
58914863-b614-475c-87f9-4581339ea7e8,0.59262807089885,159.77999999999997
bc67b313-59ea-4d0d-b75c-3f7dd0a79e3d,0.5916196300704,154.77999999999997
115e8bfb-89fb-4dcc-b438-2f70c246bac4,0.59179004067775,162.77999999999997
ee6e5c7e-d5e8-4818-94c0-8aa6abb3d66a,0.58955497185395,154.77999999999997
68e2f792-7a8d-4389-86b3-a1f6ba38ab08,0.5918240557351,159.77999999999997
8690526c-25b4-4f41-a079-e6a0378cdaab,0.59210334524115,148.77999999999997
4d2bc6bd-feac-4827-92cf-8b49686ac241,0.5939599074064,162.77999999999997
a8315f7d-0394-4fd7-b705-36301e317131,0.5904512633307,187.78
6df9a1bf-a633-4b8e-9d22-05a132e6cc8a,0.59176890840315,179.77999999999997
5bced418-c6bf-4181-b739-1fe50d6788fb,0.59391400592705,163.77999999999997
4ee04f8b-d3d5-4661-9565-3165a32e0979,0.59470942055835,168.77999999999997
7fc8a81c-69dd-47a2-b4b0-93689fe5e65b,0.5928370092582,181.77999999999997
429fc758-a9e8-42d5-a3ef-b48b9d5c3281,0.59091823595565,170.78
01297469-9cc6-4ecd-a8c5-1817c5c6ac77,0.5904881435222,152.77999999999997
4612debe-9af3-4ff3-a655-72b542c0fc8d,0.59504428940735,173.78
3ab3ba3b-a3c2-4594-8ef3-e0848219d14a,0.59332198824945,159.77999999999997
4a74f1c5-8b0c-452f-b7c9-520a6e73fa46,0.59552016160245,162.77999999999997
e95e1139-b5fc-471f-975d-cbe149562e4f,0.5924302917654,152.77999999999997
a7f0cf04-daba-428a-91e7-dcb3fee032d3,0.5923030176251,167.77999999999997
d0885eb1-ec80-459a-8ddd-7dfd9c57a1a9,0.588448954911,180.78
3b5c15a6-d821-4edd-9769-edb60413fc44,0.5940065656913,174.77999999999997
8264477e-f9f3-4957-96ab-7819a9e85d5b,0.59218313721235,167.77999999999997
369b49bc-87fc-48c7-887a-3ebf87a1ff2b,0.59215519884215,181.77999999999997
ff7ecd18-b44e-4347-a191-3a043836d295,0.5894363426685,173.77999999999997
74c721f8-7f52-446d-8185-ab7cd99fc71f,0.59183584571965,163.77999999999997
717a4411-3dbb-4b8b-902f-3bd637983ccd,0.59402010208885,170.77999999999997
f222b1a9-e75c-4215-832a-c215f6f1aac7,0.5939018557165,162.77999999999997
0ccf5bfe-f1c6-4b5e-930e-eea477fd2cb2,0.58757638756475,163.77999999999997
cdcf55dd-a64e-460d-8a10-a8de72bf1fa8,0.5895458373366,178.77999999999997
1ed405b2-8565-4260-a884-76ee9851b671,0.5947817742171,161.77999999999997
8a15b6f3-1c1c-45eb-8562-58c687c6e01b,0.59212159694815,174.77999999999997
9e06ee15-9578-4fe8-9abb-c9a8d3f71e41,0.59235699576775,152.77999999999997
9dc1b5e1-6118-4213-9f23-6b60401f7f1c,0.59189470889575,178.78
32011b3a-3638-4a98-8b6c-b472896fd091,0.5920600984806,155.77999999999997
13b9de94-5daf-450a-83d8-a372048ec635,0.5919394983249,154.77999999999997
72ea2985-6850-45b0-b18b-8aa7966e7670,0.59162705843485,154.77999999999997
1611776d-e21e-44a6-b806-f3290deac696,0.5933150585493,165.77999999999997
31ad5f53-05c1-4b75-8a5b-9ae78db492f1,0.59218313721235,167.77999999999997
7e065338-51f4-478f-a277-18e04a5ed10b,0.5940509096439,165.77999999999997
9773e5a9-e3e9-4b70-90d5-8b2e2c847360,0.59294173532385,167.77999999999997
55e391e5-c8ac-475c-8957-c3513b386161,0.592373170746,165.77999999999997
25bf2cbf-1fee-4cae-8ef2-ee09cb36a16c,0.5930121852161,175.78
28df6bc6-3ea9-4bb8-b793-98d75f3c40bc,0.5926863122717,171.77999999999997
750bc5f0-c1ce-48d6-a039-d90cd2704dcc,0.5913872817656,164.77999999999997
c55b8632-8fa8-4aa0-ba24-aebb803ed93d,0.5905895820395,174.77999999999997
aea4a908-bac7-4d6e-9b56-f521412af099,0.58953966636165,157.77999999999997
b064b9cc-8dd6-44ed-9b73-63dc34cab3d8,0.59435260562095,165.77999999999997
e1bd6b2a-8e25-456c-9d25-84bc78ec0842,0.5923101362714,167.77999999999997
dd299ce6-7185-4b22-b280-d7b1bec896e2,0.5899425795166,163.77999999999997
2ccbc3dc-8f89-43dd-b7dd-f25305edfd12,0.5920600984806,155.77999999999997
44082686-852a-42d0-8909-760500cfc36c,0.59239209067335,159.77999999999997
5571b949-1af7-4a16-8076-f02cc52f04dd,0.5885538272192,165.77999999999997
6be0d4a8-c402-4262-bce8-f0a2ac64967e,0.5936317117866,175.77999999999997
0eb88ef1-3bc5-4f97-85a2-33da11c6a04d,0.59218313721235,167.77999999999997
5deae53b-36f4-4fe0-9ddf-7026855f2434,0.59058014429665,178.77999999999997
5bb11ce9-17bc-434e-b67d-c26ba35b9177,0.59151852784975,172.77999999999997
4e73bef4-5d3a-4df9-93f0-10789e8ff60b,0.5931842991915,158.77999999999997
25dbde2c-d85e-4a39-8c7b-6bb72e6b05a9,0.59689219309665,162.77999999999997
e9774dfd-69c6-4176-bd13-aa4f36951156,0.59120453997525,164.77999999999997
7d2d0e1a-99be-4723-9a95-20f99fdbb62d,0.5872499108694,179.77999999999997
4dc60f41-4a09-4749-9768-b50656664d91,0.5920474298427,168.77999999999997
fcd63891-2077-48ff-8d80-be3d63a4d2f1,0.5945337826915,161.77999999999997
ec18fba7-7d1a-4f94-82d9-054e3ce9f08c,0.59283795440045,177.77999999999997
cbd036f5-4311-47dd-bfab-f2d41fd8d830,0.59091523002505,162.77999999999997
3e965c11-a21a-4f1b-9e74-2e778ca2df7b,0.59277851473045,165.77999999999997
43ae49a8-9271-44b4-a397-fd6437f40cec,0.5943047420992,156.77999999999997
3fde70ce-b443-4bc4-8825-5af5643b43d0,0.59419802096915,173.77999999999997
bb1afa75-0397-4ac4-b313-647d34e152a9,0.59250877944355,157.77999999999997
2aca3f01-4dcc-4f8d-94b3-f2266d9ce084,0.5903908366382,167.77999999999997
7b45f184-5fd0-458a-9795-955853b7c5d8,0.59218313721235,167.77999999999997
faff854a-2cd4-4178-9afc-df980ad9abc7,0.5936443041381,157.77999999999997
5bef7d2f-6d40-4bc5-98d5-6880f2078d66,0.5934280940746,175.78
c9ea465a-1d8e-4d59-be44-36bd3cac737e,0.5903402871156,168.77999999999997
620077d9-654a-4ff0-aa87-266260fd2aac,0.59179004067775,162.77999999999997
8dfbea6d-b22c-42ac-8525-e958609e28e0,0.59150343951435,160.77999999999997
ff904e29-da14-4045-8851-3992a5eec2a0,0.5915771233309,175.77999999999997
86034355-b02f-45f4-8f58-7f7db1553c9b,0.59262267613255,161.77999999999997
622de140-ca20-4539-960f-2c6ca8e65e60,0.5939976589321,156.77999999999997
a567d524-c44f-4513-a6ee-90b6647bf374,0.59376091534365,182.77999999999997
3fc743e2-9f37-4e0e-8963-757d94abf386,0.591919813817,170.77999999999997
7f34131f-bb37-4ec8-aba6-cd49362760f5,0.5958416303168,165.77999999999997
007f50f4-5330-4a52-8d98-04f57678d41a,0.5919394983249,154.77999999999997
ba1b0920-0ff3-4f87-a44f-5b9c05166fe7,0.5927859599467,155.77999999999997
e4138118-d71b-4228-b6ba-1c129b754426,0.5901927975924,159.77999999999997
429eaafb-5c43-4cc9-9bbd-ca72501ea10a,0.59052807201985,169.77999999999997
3a416abe-7493-49f9-aa77-8a3bc3a1c853,0.59218313721235,167.77999999999997
9abeaa85-525a-4823-a83e-b8d8790b3af4,0.5925737376281,160.77999999999997
00056c6c-3619-49f2-93d0-3d12db3bbb01,0.59121607518195,169.77999999999997
1ea14899-2bf6-4bdc-ba20-df73f73fe99a,0.59256434702505,158.77999999999997
3b00ef68-8318-40f9-b781-26600c2f1cef,0.5926323512829,158.77999999999997
e883d2e7-ee12-40d6-8f44-e569d71b412f,0.59278457455515,164.77999999999997
647c4a7b-adb5-4739-9414-d355d8e7b294,0.59424766357535,167.77999999999997
bb4c052c-086a-4741-949e-23f35a6f5a11,0.59190356132515,166.77999999999997
320200b3-103b-4d25-823e-b9c6bcf042d6,0.59290596119205,152.77999999999997
e303b7aa-953d-457e-b5e2-44679a3345a3,0.59247052378905,163.77999999999997
65805a21-5605-4a47-b208-b9d10a2d2042,0.59262267613255,161.77999999999997
f2d4865c-9510-4457-8d89-c37fd51048b1,0.5924806460352,150.77999999999997
271f6c84-4f2b-4ac3-af7e-4081745de1af,0.59250877944355,157.77999999999997
30857b3d-8662-4703-831a-1fcd745cae4f,0.5908671918815,155.77999999999997
a4bc8804-596f-4473-aa7c-21b88bc64ccd,0.59239825187715,181.78
c9162a5b-fb78-4815-abe8-55441ddd7cb5,0.5914605411749,160.77999999999997
c170fd80-a79c-4f80-a90a-d6ee06ba8e03,0.59218313721235,167.77999999999997
e835a2b6-8f9d-41ff-b315-2d4ec72b7f30,0.5958435841593,163.77999999999997
be55acee-2e5e-446f-ae87-bff7418b7a1f,0.58649126663935,182.78
face671a-76e0-4e29-baf5-cb4ca6558897,0.59466486175115,164.77999999999997
59108b9c-f08b-42d8-b8e3-f03f022bda0f,0.5931036322964,166.77999999999997
d8049bce-66d4-4888-b520-c2d973785727,0.5939018557165,162.77999999999997
37e2946f-73d6-4740-8538-65a4d990753e,0.59470942055835,168.77999999999997
9c418192-2667-4483-bab7-6c64cc72644d,0.5894250087935,162.77999999999997
d273b622-4ca6-4494-ae9f-d4ec96c3598a,0.59552016160245,162.77999999999997
b0f3e263-70e9-4f89-8583-4c5fed896126,0.59202399849895,171.77999999999997
7d30ac55-a0dc-428e-be64-a36c91dbdbf8,0.5935892427151,159.77999999999997
e0a69ada-1048-4460-bdd3-9916adfba8e6,0.5916352586701,178.77999999999997
76d1513f-9920-4603-bc6a-baf3fdb8ea58,0.5925313185986,155.77999999999997
3031a7e7-83a0-46fb-89ae-84090401e66d,0.59222446672775,178.78
ceddf25d-ac20-4361-aee2-2c2c3cc3fe4d,0.5905253753955,144.77999999999997
7477a9af-7850-4c16-9df0-04baa2cdd7d2,0.5916352586701,178.78
7a6c8686-da97-48ae-8858-e97a3dcab1d5,0.59218313721235,167.77999999999997
cc418794-cad9-455b-9e30-3e70752d155c,0.59015114608325,159.77999999999997
7cb334cd-7fb7-478c-97c2-029338b16453,0.59052601163955,171.77999999999997
d4accf3b-f3a0-4ff0-93ae-fab8ac5a252d,0.59629780054035,151.77999999999997
0cb395e6-c91e-40e6-b033-4db564837246,0.5938542801829,168.77999999999997
c6d688e7-887e-4f0c-b615-5ea7391d184a,0.5913514690193,171.77999999999997
6a114db9-7dbf-4283-b99f-4b7cb7dc8a9d,0.58975918768585,171.77999999999997
6ae044f3-8f4f-46c6-bfd6-69a282b84725,0.59062158048,151.77999999999997
3d90e2e7-b4b9-4277-9197-37c4ba76197e,0.59163602700055,156.77999999999997
287ed08b-51f2-4de1-b1ac-2e2afbe89384,0.5921497834049,181.77999999999997
1e090072-b95c-4615-b26e-d283257752f8,0.59157286223865,172.77999999999997
b9a66500-e138-41de-a848-a8bc309d1e11,0.5933150585493,165.77999999999997
e2a78030-18e6-430e-b366-175d9bf254c8,0.59065951908635,153.77999999999997
f85c37bb-7bbc-46c7-a0da-7f5468de3a9c,0.59152285099825,155.77999999999997
be6bd8f2-2c7c-4340-ba57-5b5efe5304ab,0.5905142976724,157.77999999999997
1cd3299a-5de7-4ef3-bbbe-4e7ec53c83db,0.59138796128395,171.77999999999997
c04c9dc3-4639-473a-b90f-efdd5fa7a584,0.59208153341585,168.77999999999997
53b10a54-0abd-4d1d-8eef-28a9278f684a,0.5934096799075,166.77999999999997
ed2f977c-405b-4fdf-9472-6579e8fafc7a,0.5935892427151,159.77999999999997
9f0a0492-1f71-42b6-af71-aeb7b7dc5e14,0.59119728302545,150.77999999999997
91eb4581-83e9-4dff-bfe2-83b14b43fd71,0.5938542801829,168.77999999999997
22dcb163-9950-4bb1-b1a3-9a250de60610,0.589288515387,162.77999999999997
befdbfdf-b4ed-4abb-a783-4921eacaa78f,0.59393360299975,174.77999999999997
065ecf71-9ed3-4e14-b3dd-d64bbb8ecbad,0.5920023990136,143.77999999999997
063b5816-100c-4cf1-95da-259c73daef33,0.59256434702505,158.77999999999997
01ed720c-c645-45e4-a8b8-4251f9da4cfa,0.58869957029855,169.77999999999997
898220e8-2e4c-4a90-b12d-9dfa1024448a,0.5922714528755,163.77999999999997
60e39fb6-937e-402a-a5e3-88376d063fa4,0.59153201215115,166.77999999999997
1e34d5d3-90b6-4df8-b2b2-2b57c308aed9,0.5927837531226,150.77999999999997
1287abf5-ba5c-4e53-8c3e-105145657f3c,0.59464094671465,169.77999999999997
5c5ea824-0c79-43ed-9847-537aaaa7028b,0.5905142976724,157.77999999999997
41b8c9a4-9d0a-4b90-b2f5-177c3b9a89fd,0.58853535049515,179.77999999999997
596271e4-77e3-4db1-aa70-c0970bacc702,0.59208153341585,168.77999999999997
f2b0dd92-dc7a-4ded-9695-1eccaf2c9888,0.5923633061002,163.77999999999997
3d636ec0-3b82-46e4-b4b4-ee637bcbf559,0.5917145870242,172.78
22132650-2130-4f37-b150-cdbee1236604,0.5904783595304,161.77999999999997
a8e8c2d3-dada-4040-b885-993034c50762,0.5890025414304,156.77999999999997
cabcf2cc-d92d-46d2-8176-3788f29ffac8,0.59338600348265,167.77999999999997
5ab98d10-e28a-413b-8a4f-ea2e354fdc6a,0.5911630665991,172.77999999999997
050177cd-b85b-41a9-95b2-6c91d24a11a3,0.59331351339755,155.77999999999997
99d13b29-ec4b-4c1c-bcb8-253778a2115f,0.59404579111495,158.77999999999997
78763e9b-8728-4176-b85f-0fc90511ee54,0.5895078679467,166.77999999999997
fc7fd8ed-e676-4239-9108-1d64c8a3a601,0.5912185585198,173.77999999999997
218513d2-fc2b-4e6d-a2ed-18e49eb0fa73,0.5903487450517,164.77999999999997
872b4ffb-c2ac-4bca-ac9f-535967e79959,0.5927594954534,145.77999999999997
3cca15ca-7720-4d42-9f82-db9298a22d6d,0.59026166418885,163.77999999999997
730da42f-ec02-4c34-8c4c-60dcbf88cb8b,0.5905142976724,157.77999999999997
4d1c4467-f265-4340-aa7a-fa1c099e7e64,0.5920692788491,175.77999999999997
da5ec6c3-1b64-473d-9cf8-a39802bdc8b9,0.5913872817656,164.77999999999997
9ec6eb1a-4918-4522-9e36-4ecd42e3a3b9,0.5930171095136,167.77999999999997
73e4141c-771f-4923-8184-93178491f8e8,0.5903303303047,161.77999999999997
fa9d403d-4807-495a-9637-7170abdea81d,0.59100479838125,154.77999999999997
3a82c1aa-2956-4c27-9fe8-62c7a6659fdd,0.59325909244455,166.77999999999997
87fbe1cc-565d-473b-aa62-65fe6295c3ff,0.5915437464976,168.77999999999997
458e7501-f4a2-4eb8-b2a0-854e84ae72ca,0.5895318816273,176.77999999999997
135dff2d-1ea9-4dbd-89a1-ffaedb4e02d8,0.59331351339755,155.77999999999997
1ff88ce7-1e74-4f9b-b260-b784aeb73220,0.5895078679467,166.77999999999997
6ec2421f-9259-4e72-a70e-6b7e9d6c6768,0.59307465176515,169.77999999999997
d73e9207-992a-4161-9d9e-495daa5c0b5f,0.5911133908017,171.77999999999997
0a67a819-1c7b-4b89-ba96-2a3c740adba2,0.5897692821531,161.77999999999997
b6750c1e-695b-4114-8dd2-fab24877be75,0.59090265501855,146.77999999999997
846e08b9-a600-4f52-baad-f294294cb861,0.59366750911135,164.77999999999997
c78018d5-0b69-4145-a3d9-e258d2c4bb0d,0.5905142976724,157.77999999999997
ef49475b-9c45-4ee5-9d07-28561bf281e3,0.59346979924585,176.78
725e61a8-4015-49bc-9b24-ec54fc91395c,0.5935103048511,168.77999999999997
4e697f12-166d-426f-9d63-594a2d7b77f2,0.5923710546955,162.77999999999997
dea4f643-39d3-4ccd-be64-55ae8303f3db,0.59556763051695,144.77999999999997
fafc4a76-7535-4208-b2c6-2cef51cc74b5,0.59329457138045,149.77999999999997
6b872c0c-03e4-49ca-a74c-6d70144bbc31,0.5894555724187,178.77999999999997
ec1b8c9c-27a7-42de-8f36-093dc376ea61,0.59424766357535,167.77999999999997
f3682320-8392-4346-b7c0-952ddcd22332,0.59208153341585,168.77999999999997
72320710-63af-4e31-b6f8-b522cdc6109e,0.59499151187015,149.77999999999997
10728dc7-6892-44f3-91ac-2711a346e5ee,0.5913288059554,164.77999999999997
663c05a7-9c36-4542-8cc4-1e7dacbf0080,0.58853612266735,176.77999999999997
ecd3ba27-9d57-4f9b-b7c1-f56bee217df0,0.5904945423219,162.77999999999997
8e4ec66e-a1e5-40ca-8d05-aa55c1b9d76c,0.5913898004522,157.77999999999997
13b93a30-4c94-4c9e-b468-97683e91c14c,0.5936443041381,157.77999999999997
b1d615d2-ab28-4a9a-9156-856bfb2db128,0.5933150585493,165.77999999999997
588e35c9-8e5d-4d70-8640-c601b5a00425,0.5905142976724,157.77999999999997
9dbc407e-e25a-4e7f-aaba-70ab9d717b87,0.592897188472,178.77999999999997
6825b9ab-009e-42df-be19-d1dd65198454,0.5913872817656,164.77999999999997
661e06a1-8002-4977-b305-f01b9e6893b8,0.59276973557535,165.77999999999997
a70780b3-f5cd-4e89-92b3-3d6820fc12f4,0.59251379857605,151.77999999999997
0df82884-e47c-4563-90a1-381ee3917f5b,0.59407192285045,152.77999999999997
f59d17b7-2c75-4f8c-8109-9f2302a12baa,0.5919427962464,167.77999999999997
797718f4-78b2-4fed-926a-5fe5405027bc,0.59437117398725,160.77999999999997
e1bb31eb-d2d7-4d59-b93b-286862998040,0.5928206336334,173.77999999999997
fd6e9f7a-b7ec-42c6-9344-e3b8cbf0fe38,0.5941885004586,150.77999999999997
2cdfa2d0-a148-46c5-9187-a64e2603a9a9,0.59097005941935,163.77999999999997
9fdd8b6a-003d-4ddd-85d7-d6591ee7f66d,0.5900976952148,185.77999999999997
b27ca882-6658-42e6-8282-eb0c7f92cb8b,0.59335503120615,182.77999999999997
b1743977-e635-4ac1-ab4a-46393bdb8d22,0.59216772707095,162.77999999999997
d86430ad-17a5-4f2f-b8a0-96eca5915151,0.5944103826926,159.77999999999997
ec374759-44e3-4e92-803c-55abc6b2fc22,0.59026166418885,163.77999999999997
41abfa11-a411-4c08-ad32-ab658ad31eb7,0.5905142976724,157.77999999999997
80113595-6a50-4c3b-b9ce-0a8fb4826d15,0.5914843358522,176.77999999999997
2f983516-9358-429f-85ad-330cf2691092,0.591394271239,174.77999999999997
2873bc3c-08db-475e-85f3-f3a2a6f20bee,0.5890172664357,156.77999999999997
e29a3822-d544-48a2-9449-12957a6a5e93,0.59202913612095,151.77999999999997
c4ef44ac-80be-4d10-81f4-c0b0c7f474ec,0.59340416676045,162.77999999999997
33c816f9-16b5-483e-8093-108e3a01b43c,0.5912185585198,173.77999999999997
3711e67e-0c18-4857-9c7f-7192abeaa5f2,0.59096166012275,178.77999999999997
9f68df1a-9d52-4d07-8f86-1eda24125b02,0.5928206336334,173.77999999999997
5825f98a-0ecf-431d-bd44-f0d3b7e60037,0.5944265140568,148.77999999999997
a0facb73-a99c-4df6-a948-6b220738184f,0.5891487212206,161.77999999999997
c0a2aac0-3800-4530-b138-e81f1a2f71dc,0.59230662061145,168.77999999999997
9018d31c-9a0a-4eb9-ac75-0a7b845b3937,0.5913288059554,164.77999999999997
d265dc8c-3704-4d54-b90e-92b112182cfc,0.5936443041381,157.77999999999997
14056a76-75e4-4538-800f-b90ce1f76e78,0.59329457138045,149.77999999999997
9a15c414-a1aa-4693-9193-3a37d2c16327,0.59464094671465,169.77999999999997
631b2894-e18c-41bb-b8cd-7fe55e72eaef,0.5905142976724,157.77999999999997
b0028eb3-e23b-4999-aecf-76030e069012,0.5943667524571,170.77999999999997
bbc6be5a-8c47-477a-85be-5472209fab92,0.59208153341585,168.77999999999997
eb1dee44-314c-4edf-8bfd-44242c831d19,0.59235699576775,152.77999999999997
56cbad86-1ff9-4c84-b826-d3d1e682732c,0.59214142402905,147.77999999999997
716dc32b-62c7-4794-a08e-46f79ccba08b,0.59256434702505,158.77999999999997
dc010cf4-3b87-4c41-a874-a07cd58049b1,0.59262690914145,172.77999999999997
9b526bac-407e-44b9-ab72-c04e7401b287,0.59230573761625,163.77999999999997
ba2629bb-6fa4-4e37-8b6a-9c429b484b3a,0.59099416738225,173.77999999999997
acc8f574-ed7e-4460-b34b-dc1bcfc150f9,0.59290596119205,152.77999999999997
d58d8547-9594-4c47-9a1d-1420530fe929,0.5895078679467,166.77999999999997
e3dd4267-7a71-4660-a57b-fe30f39f773a,0.59413017089205,185.77999999999997
9e9be430-4d98-41d6-b648-e47ac41c0d27,0.5915643886247,166.77999999999997
5f79985e-6f1e-45f9-a737-2c1c659fcca2,0.5903303303047,161.77999999999997
0ad39ffb-6e91-4b10-a057-abb27de5f657,0.5943047420992,156.77999999999997
6c2221b0-14c9-4579-ae2b-c3e639d21d28,0.592794662024,154.77999999999997
1d8b96f8-49da-4fc2-9677-b3040f5a0841,0.5905142976724,157.77999999999997
165d3b24-2513-459a-b08c-46b3ed64f27a,0.59138796128395,171.77999999999997
7c927bff-12ff-4422-8138-133550264a25,0.5917327976542,169.77999999999997
a6f611d5-66bc-49fb-a24a-05eaca90573c,0.5944103826926,159.77999999999997
d612297b-fa29-4440-8d23-169b8b541657,0.59499151187015,149.77999999999997
df40934d-a85f-450b-a918-810372f10b4d,0.59125248922315,150.77999999999997
2ea45947-7625-49b1-83b2-19c2525bd2f3,0.59208153341585,168.77999999999997
2ed9b3ad-35e5-4ee3-ac1a-4e0659070efd,0.5940508700088,165.77999999999997
d9cd942e-08e9-4891-8ae3-7e995750ffef,0.5905614343793,168.77999999999997
72cfcf66-5607-4b25-97ac-07fd5bbbbc9a,0.5944265140568,148.77999999999997
fdaf9443-6acc-4189-a585-02d24160621f,0.59301000455925,169.77999999999997
bf43f40e-0499-42f0-b062-0df1e75ced81,0.5937892869218,175.77999999999997
84dbb250-6ab4-4528-95a2-585a3d7fd75a,0.5903487450517,164.77999999999997
3a9524e3-2d1d-407a-bc67-216a810c65a0,0.59153201215115,166.77999999999997
99ed431a-3155-4c2c-9f6c-ab63b6b2d45b,0.5920600984806,155.77999999999997
a32d5005-f53a-4461-9e87-8c41b8ff6a38,0.59153201215115,166.77999999999997
1eec086a-dffc-48ca-ae76-9f7ae409d56a,0.5905142976724,157.77999999999997
3a99cc97-fa1c-4d6c-9730-1e20bfa01c37,0.59138796128395,171.77999999999997
87f7dd47-da8a-47ff-ba69-1c6498ef79ef,0.5911485990638,163.77999999999997
2794004a-aa8f-47ad-9252-b4462b6fcaf8,0.5927177774189,153.77999999999997
7b00f14d-4233-4829-b0e5-f03357bc5d3e,0.5918801635738,142.77999999999997
27c89bc7-1af9-4fd6-8259-86930c4996bb,0.59407192285045,152.77999999999997
02e996e0-0f60-4935-b865-0945c9578012,0.59301000455925,169.77999999999997
7630e6b9-eb9f-42ed-ae7e-7e11f9cf8f92,0.59519131364245,163.77999999999997
726bd8dc-aeac-4300-b6e8-77eaf25659a2,0.59052113027375,172.77999999999997
5bca92b4-2533-47fb-bb27-b2c2f7094112,0.5920688804123,152.77999999999997
cdb2d9e3-c4d5-4602-b052-49dd81ccc45a,0.59391432654505,167.77999999999997
21682d8a-334a-410e-8f6f-4e5b1a47177d,0.59207552662275,171.77999999999997
000e5978-fbce-46e4-be5b-8000ecd26b9d,0.5922714528755,163.77999999999997
1a1e6e56-befe-4498-8aa7-646560354a0c,0.59100479838125,154.77999999999997
a0c591f9-784d-4282-a557-a2b91dbd337d,0.5920600984806,155.77999999999997
6d4b76ca-d0c4-4aa3-a0e8-b56ae2fb6623,0.5933150585493,165.77999999999997
016542f6-44ca-489d-a543-c97a9019ccc5,0.5905142976724,157.77999999999997
abf2933a-5d38-4870-9754-82dde9e48f2e,0.5932099379727,187.78
84650e6f-bd67-4e70-8e43-8315f98278f9,0.5913872817656,164.77999999999997
c99d99e0-67dc-4a09-8a87-5db2ca37a606,0.5904783595304,161.77999999999997
1f8d21c9-c08e-48ef-b5b5-e1a16678dab5,0.59290596119205,152.77999999999997
a173cbf8-bc4d-43b1-80b7-9253974e2bef,0.5943294935138,146.77999999999997
92da04fa-dfaa-4784-8c4e-b26196e08163,0.59100479838125,154.77999999999997
cf1e320e-f19e-4362-adaa-f32b2d0899a7,0.5943047420992,156.77999999999997
6bd6d881-9a35-4888-81cf-ddfc9917a644,0.59462696780445,156.77999999999997
eecbd345-5344-49f0-b978-a521c9e5f171,0.5920688804123,152.77999999999997
a52f49cf-2de8-4ed9-a513-a4cdeb8df0f6,0.59431125133825,148.77999999999997
cd8c6f2c-ad6f-4fde-a09c-9b7f0b4be954,0.5894330371912,169.77999999999997
25788531-eeb5-4e7a-98d9-b4879f15e24a,0.59367981718085,149.77999999999997
f776cbc9-5f79-48dd-ab4d-be1f4b7b1141,0.59467201035485,152.77999999999997
d561154a-9546-4351-a77a-9c36781982ef,0.5942956839,151.77999999999997
f60e27d0-6031-443d-a913-ccbfd2821855,0.59417035149175,153.77999999999997
ccaaa702-7c6d-4b81-b72c-ac442d7cbf9e,0.59231981428985,153.77999999999997
e9671b8a-ed49-4c2e-bb17-b6e66c4f9368,0.59296954777555,149.77999999999997
fa413ce3-c57c-4853-a2e4-a5f67972f58e,0.5946888436712,148.77999999999997
b202ad04-b883-4e0f-bae7-6a4890f8aa70,0.5943047420992,156.77999999999997
81eff2ef-3ed8-4990-84df-7179e2590409,0.59290596119205,152.77999999999997
b4266488-696e-4a34-8d8b-3af355fe9a30,0.5946888436712,148.77999999999997
f9932fd5-a553-41e7-ae83-4a8b893a3f42,0.5939976589321,156.77999999999997
5edae879-9549-41f3-b701-73ea20a62887,0.59431125133825,148.77999999999997
ad3e45a6-50df-4c47-afca-a20e03eec362,0.5943047420992,156.77999999999997
a0bcf4f7-0b63-4461-af10-dba1ddfea0ee,0.5927168186126,154.77999999999997
c950bfac-32e0-45fe-95bd-be1317169925,0.5942956839,151.77999999999997
d6e7f57d-e0a9-4291-b73d-521525c53471,0.59316188594755,158.77999999999997
d22d4816-1af1-4479-b061-9120b2a50b89,0.59167937568295,150.77999999999997
1635dd3c-364d-42aa-9131-d2a261800777,0.5913340966679,158.77999999999997
8ebd1b03-5f63-468b-a8f4-12513505aee8,0.5937162741906,147.77999999999997
797b8e10-3026-4cb1-82c7-6c24c93c9a37,0.59052131536575,158.77999999999997
2eb5051e-bb79-4c62-81e1-fabd1a051db8,0.59431125133825,148.77999999999997
b48bf232-8cea-42a9-b0c9-e50e326a866b,0.5948582504186,145.77999999999997
273ce794-9675-4e4f-a8c0-080cf79412a7,0.59049790262715,150.77999999999997
5db4c359-49a4-4c39-b2ff-86adb3fc1998,0.5948582504186,145.77999999999997
a48e72ea-ca28-43ec-a1ab-91d9fa4ad7c3,0.59290596119205,152.77999999999997
9f83eab4-a93c-4c5c-a3d4-f8ef7153ee30,0.5946073771261,164.77999999999997
06b7c784-e504-442f-b60e-661ede2ab0a9,0.5941279674341,159.77999999999997
b3e21b2d-9b63-4f21-9bd8-9ba5eaec0ede,0.59680653891205,145.77999999999997
25c69705-1cb1-4b39-ab24-8fa35c6bac73,0.59355600324615,150.77999999999997
815bed8b-0ed9-412a-9b65-e245c302e773,0.5921408677269,153.77999999999997
019d9b9a-7268-4f4a-af7a-739c0cb11fd8,0.59407192285045,152.77999999999997
081345c8-b59e-4dbf-971e-ec97d17e25e4,0.5883132524583,164.77999999999997
1f5defa5-a843-4d1e-8185-028b5daff2f9,0.5921956072511,142.77999999999997
b0afef45-be29-478f-a393-e457a29701ce,0.59629780054035,151.77999999999997
ae315b35-7a81-4647-84b5-93fa2a93ad75,0.5920023990136,143.77999999999997
08d487f6-c4c4-44f8-8690-b7dbf19283d6,0.59134122457265,152.77999999999997
65e69006-8dde-4792-8512-417c029408ab,0.5934527297207,155.77999999999997
52a1e003-8c82-482e-9ae1-5dd2ba194c6d,0.5920023990136,143.77999999999997
f3a4bdfb-9ab1-4e07-a520-05b4710b1431,0.5943294935138,146.77999999999997
eb319cc1-e3c5-446f-a40c-99db3ee4caf3,0.59629780054035,151.77999999999997
6119c264-fce9-4898-947e-56d377450333,0.59290596119205,152.77999999999997
9fb0c6b1-5f9a-41e4-a7c0-61b9f2157f1c,0.5913898004522,157.77999999999997
fea9c5b4-47a2-4a79-8f35-ba4833f1a4fe,0.59629780054035,151.77999999999997
695866b5-5f30-49e8-9239-fc2da6724375,0.59208028808655,146.77999999999997
efac6faa-5518-495e-9fd9-f916569073f8,0.5915250936206,153.77999999999997
6463e459-2c0d-4f3e-8723-8d1f68ba5efa,0.59290596119205,152.77999999999997
09346134-c608-4bf3-915d-bb1a2dd51281,0.5944265140568,148.77999999999997
be96ee0e-eb82-4c4e-9779-5b4a8eb7988a,0.59112074070285,158.77999999999997
802f78de-60a6-4c0e-867a-3bb3b2724eb0,0.5920023990136,143.77999999999997
d7020720-dfcc-49d7-adcd-0c0d07af14ef,0.59214142402905,147.77999999999997
6072bc1d-c4a6-469c-b5fa-253a10cff2f6,0.5921956072511,142.77999999999997
b0307280-1b94-4112-9078-98bd3898d1c3,0.5920688804123,152.77999999999997
ff14ed24-4d96-4c5d-9caa-e9065208b385,0.59367981718085,149.77999999999997
a1b95594-0d2c-42e7-9568-459a774a0435,0.5954481651063,139.77999999999997
28fb9eb6-75d2-440b-a433-f6d6cddb02a1,0.5943047420992,156.77999999999997
0d0b738c-bd15-42b0-ac0a-03928373846e,0.59227973174485,155.77999999999997
e96c5251-803b-46c8-ad12-61bac474be04,0.5944265140568,148.77999999999997
155e6ce8-0b9a-44a8-9902-71d9da9f189d,0.5948582504186,145.77999999999997
a8cfae02-91af-45c8-8f0d-d783b5c159af,0.5921626363338,147.77999999999997
ed161a19-2df4-4460-ae66-98e91df7c36c,0.5951172395663,148.77999999999997
8bf5f585-1858-45cf-8f4d-bb8d249018bb,0.5939650845905,151.77999999999997
264b6b7b-1180-43d6-a605-50a1b8dc6f87,0.5953928393318,146.77999999999997
8759f954-306c-4bac-a24c-5b3b070e9114,0.5943047420992,156.77999999999997
08861d72-f49c-4234-a3b6-c45941dbadd3,0.5944265140568,148.77999999999997
04a2d61e-d029-40dd-9f26-4d5955d69068,0.5950378251149,137.77999999999997
20e1076a-f77c-42da-b1d5-f18e7369f715,0.5944684556887,138.77999999999997
add19012-1be4-496f-9f62-7c3548762fb2,0.59335791343735,141.77999999999997
e278b56b-1913-4d87-be0b-918b120705ce,0.5954481651063,139.77999999999997
30b6bc50-d02d-4f4d-afef-135e8717e9c2,0.5948582504186,145.77999999999997
ceca41d7-fb10-474c-9a98-f0a2f5f2259b,0.5950378251149,137.77999999999997
6cb9be5d-5236-4a46-9c98-1e5dbfdc2ec1,0.5920023990136,143.77999999999997
31a425c3-e487-47ce-b759-b4cc7015e8c5,0.59385607275435,149.77999999999997
4a73d090-ffd7-4c5c-a3c5-4058bafa7225,0.5921956072511,142.77999999999997
42c4e350-541c-4c4b-9058-b343fd7e9e8b,0.5944684556887,138.77999999999997
5f203bb0-fccf-4f19-9ed1-d6af43bb0dfe,0.5950378251149,137.77999999999997
e8a5565c-a832-485f-89fe-964215459e4d,0.5920023990136,143.77999999999997
ffd0b576-8543-498b-b337-d9bf712972fd,0.5951041107985,141.77999999999997
7c6307ab-c275-406b-aeae-0b1730a3de11,0.5943340971087,147.77999999999997
68795720-b7c9-44dc-933a-86f90d485fd4,0.59335791343735,141.77999999999997
c9ee81b3-8e16-4ed9-9aae-d7001841cfc3,0.5941885004586,150.77999999999997
ec294484-7688-48f9-8944-3e4db192198c,0.5950378251149,137.77999999999997
bbe69f81-084f-4b55-a0e0-12064e49c80f,0.5950378251149,137.77999999999997
a68f227f-df03-4d86-94fb-db86fb6b2388,0.5950378251149,137.77999999999997
75dc897c-1bcc-4270-8cd0-a4f66c84d265,0.5950378251149,137.77999999999997
372706ec-98e1-4f83-a9c0-317d20b1a67c,0.5954481651063,139.77999999999997
94d61089-4694-4ba9-a05a-5dbf8dd8f4d5,0.5950378251149,137.77999999999997
f0573808-4e1e-4d62-8f2d-d5d96a671944,0.5950378251149,137.77999999999997
c578f863-5293-4c62-a4df-fe647a388c9b,0.5944684556887,138.77999999999997
14af2a24-ffe1-49e8-9b30-d5d305cbd7ea,0.59376615443025,145.77999999999997
dde5637f-e41d-4f75-b1c9-4ae2abb39ff2,0.5950378251149,137.77999999999997
164a1693-a56f-442a-b560-c5de921832fd,0.5950378251149,137.77999999999997
6c11525d-7ec0-4691-a40d-29292740ea2c,0.5950378251149,137.77999999999997
cc5f1588-98a5-42dc-a3f5-a4df991b7668,0.5944684556887,138.77999999999997
3935faa3-c7f4-478f-8206-791732640f97,0.5953928393318,146.77999999999997
2416003a-897e-41fe-afa2-41b89076c49d,0.5950378251149,137.77999999999997
c7667af9-88b0-4c77-aa5a-6ba03416a5c5,0.5953928393318,146.77999999999997
e560e1f8-d314-4333-b468-7eebbb768403,0.5950378251149,137.77999999999997
c836ed7c-c9fb-4ee1-b0f5-c0bded6d5873,0.5950378251149,137.77999999999997
79a9c5b5-5624-40c2-9510-8343bc261664,0.5950378251149,137.77999999999997
a6da5ea1-72b2-47a3-8118-b52fa92dbf0b,0.5950378251149,137.77999999999997
bf8b1dc1-8c6f-4870-8f4f-13e083952a05,0.5950378251149,137.77999999999997
4126d89b-bd4e-4609-9214-b413a3939725,0.5944684556887,138.77999999999997
c33caf52-c46e-4a62-8e95-c567c4a27885,0.5950378251149,137.77999999999997
65b6b305-a76c-4fc5-8516-002cc3240f74,0.5950378251149,137.77999999999997
3304b2fa-f5f7-4b21-9ee8-0fb5d89ad8cd,0.5951041107985,141.77999999999997
06ca8fe6-1134-4192-96a7-605d9548612a,0.5950378251149,137.77999999999997
19882d06-684f-49f0-98b4-b53558ffcff4,0.5944684556887,138.77999999999997
bc27080e-1169-41f5-9431-684ad8b2b9e2,0.5950378251149,137.77999999999997
27c85ae6-531d-4140-8e81-36c90c114478,0.5950378251149,137.77999999999997
da4bcfca-8ee2-478b-a5a5-1f11ea63360a,0.5950378251149,137.77999999999997
0dfce9d9-2daa-4cdb-84e6-21d46b1a2cbb,0.5950378251149,137.77999999999997
6d9a159b-cfef-415b-aff2-7823a43da491,0.5950378251149,137.77999999999997
3a55d5c3-5b59-47f5-9352-94be78fdfa3c,0.5950378251149,137.77999999999997
ba885764-4ede-4719-8e28-33b969f20931,0.5950378251149,137.77999999999997
7232ab84-04a9-43d9-90f2-a1effd17c3af,0.5950378251149,137.77999999999997
7a5485a0-0d3c-45e0-9d9e-641d7095e953,0.5950378251149,137.77999999999997
9d24e910-7f1a-46e2-af0d-c887cd2cbfa7,0.5950378251149,137.77999999999997
1c7b1d07-15f8-461a-a26b-f520319c026c,0.5950378251149,137.77999999999997
99a8c8a8-5686-408a-bb6f-a360045ee9f7,0.5944684556887,138.77999999999997
bdeecd70-52cc-412f-96b5-b0eaf267fcbe,0.5950378251149,137.77999999999997
48e880eb-98ad-4e88-8187-342af359b9ed,0.5944684556887,138.77999999999997
44aab257-a124-4977-ae7c-51e1ce1f7032,0.5950378251149,137.77999999999997
9e5e032f-98b3-492d-8c09-9df5829d8e0f,0.5950378251149,137.77999999999997
1390abe9-a12e-456b-963d-e3ee35621a06,0.5950378251149,137.77999999999997
fe9ce0fb-0de0-4c7d-aef4-b4bbaebace1b,0.5950378251149,137.77999999999997
76abad64-b242-4c18-b7f4-9fa4c7ee6349,0.5950378251149,137.77999999999997
2f499adb-4877-493a-9bb4-e64d868309c3,0.5950378251149,137.77999999999997
73e14efc-3d9a-4a3a-8317-3c6e6a809acc,0.5950378251149,137.77999999999997
f9b23490-91cf-41f3-bf20-12513dae21e3,0.5950378251149,137.77999999999997
7a7ab95b-fd66-4af0-beb4-07f20b23a796,0.5950378251149,137.77999999999997
b94292a7-78eb-4d65-9cf0-492669a7f168,0.5950378251149,137.77999999999997
69e6c109-37e4-4056-9d6f-58ca8fd4fe7c,0.5950378251149,137.77999999999997
c87a715b-7586-4b19-9eb7-5a6047e265cb,0.5950378251149,137.77999999999997
b451a5aa-9c08-4087-b4d2-65e7803f5384,0.5950378251149,137.77999999999997
0afcb02f-f7d6-44f3-941d-f14faca803c3,0.5950378251149,137.77999999999997
28a07d88-52c9-45d3-9187-b681235c6046,0.5944684556887,138.77999999999997
76911e2e-96ed-497f-bb3a-d495b01a347c,0.5944684556887,138.77999999999997
251f9143-429f-4fac-b6dc-448ba9936786,0.5950378251149,137.77999999999997
3e0e0447-e52f-4fb4-bf4a-22af6fe03457,0.5950378251149,137.77999999999997
1531cd31-2aa8-42d0-add5-635218ad66f9,0.5950378251149,137.77999999999997
aa5a9e2a-ce94-4dc7-b0db-e36763c18e07,0.5950378251149,137.77999999999997
3f0a9d6b-db39-4533-9e05-c8f146426733,0.5950378251149,137.77999999999997
166bff71-fd26-4110-8140-d30b67684b92,0.5950378251149,137.77999999999997
9ee9bdeb-6550-4cb4-9a79-7dc019878eb5,0.5950378251149,137.77999999999997
d5cec964-7476-458d-b056-9992a8465ab4,0.5950378251149,137.77999999999997
91a9c278-b7ac-4d0a-ba2c-033a3f06fad0,0.5950378251149,137.77999999999997
3648c5f4-2540-4ca8-a3d5-cbdea3a959e9,0.5950378251149,137.77999999999997
4a7d1f35-8d23-471f-928d-ce292e2a5c53,0.5950378251149,137.77999999999997
6f8572de-eb67-4f22-80a2-8a4faedbab0a,0.5950378251149,137.77999999999997
1c22b054-a4f4-48e5-af6e-274c84623a21,0.5950378251149,137.77999999999997
92bb3de2-dde0-4cc0-b665-187daba8a61c,0.5950378251149,137.77999999999997
577e7854-a848-482b-8e9c-f0c8137c3f54,0.5950378251149,137.77999999999997
0ebef9f0-e921-4eea-951c-a357373b3fee,0.5950378251149,137.77999999999997
ec94c829-70a5-4a14-90ed-19107197b3bc,0.5950378251149,137.77999999999997
d2b0a3cb-3273-43eb-a796-712537e5ce1e,0.5950378251149,137.77999999999997
0c2270e1-1c6c-425a-9276-0777844abe36,0.5950378251149,137.77999999999997
f5e007fd-dabd-4e30-8e50-91d2ff68d21f,0.5950378251149,137.77999999999997
11b1c045-065d-4f89-b18b-2554d60c39b0,0.5950378251149,137.77999999999997
45868859-7bac-4239-8596-7ff52d445ace,0.5950378251149,137.77999999999997
fcc54a9f-5c20-42a0-acdb-41a9ea72b158,0.5950378251149,137.77999999999997
c73cc7f2-4956-4139-af5c-6fa162c3d819,0.5950378251149,137.77999999999997
23e36152-7e8f-4f64-8b6c-9f7418398980,0.5950378251149,137.77999999999997
41cac452-e0c3-4575-8aa3-b7d4b36777ab,0.5950378251149,137.77999999999997
6199ce5e-7549-41a6-9b62-ca3bd77a9d4f,0.5950378251149,137.77999999999997
d11cbfa2-fe8e-4395-8dca-96cace9571a2,0.5950378251149,137.77999999999997
923b9c5c-65ce-4d77-8a13-6085c88717a1,0.5950378251149,137.77999999999997
9025d46b-daf6-4e22-aca4-418f175f9035,0.5950378251149,137.77999999999997
1aaf8c41-201e-4f96-a1fa-e217bfded8ae,0.5950378251149,137.77999999999997
726f6013-d32f-4d6a-9da0-482c615a0c81,0.5950378251149,137.77999999999997
e297d7a6-f514-4f42-8c9f-70701a040dd1,0.5950378251149,137.77999999999997
3472993d-333b-4c67-96a8-43f374bab245,0.5950378251149,137.77999999999997
fbf2349b-fc6a-47a8-9cc9-bcfa75305966,0.5950378251149,137.77999999999997
3598bbe1-33e5-44e2-af33-25160db00b6d,0.5950378251149,137.77999999999997
de4fcdb2-3086-4dea-a666-2171772dffd6,0.5950378251149,137.77999999999997
50ff1d33-e4b6-4d02-9b9b-7e0002c3f817,0.5950378251149,137.77999999999997
361c74ef-58aa-40ab-bd97-ea54cea3f959,0.5950378251149,137.77999999999997
39610f37-bfa0-4b0e-b9f1-3ea04765b33d,0.5950378251149,137.77999999999997
230cca6b-a87d-4055-9b96-6f310243746f,0.5950378251149,137.77999999999997
6aa33b77-b356-40da-b855-d49c8cd66e34,0.5950378251149,137.77999999999997
04a2fa79-3ea0-43a4-8f71-1c29f1a9e498,0.5950378251149,137.77999999999997
1c04d8fd-9263-47b3-9935-87b69de84cdd,0.5950378251149,137.77999999999997
20c809bb-5079-44e5-b583-43a7ed143183,0.5950378251149,137.77999999999997
ec1f00a2-215f-4770-9770-fb13ebf6aeb1,0.5950378251149,137.77999999999997
11b1a3c5-26fc-48d8-b836-6e2ba1e09917,0.5950378251149,137.77999999999997
3c3f792b-c458-4727-98fd-6d10c3d96f49,0.5950378251149,137.77999999999997
a38c3c0e-09e3-48e1-8f47-9e1217641e18,0.5950378251149,137.77999999999997
71b26abd-4e99-43bc-a1ff-ae2d75fee1d2,0.5950378251149,137.77999999999997
a32c1ad5-b260-4a5e-86e2-d6bb7cc2680a,0.5950378251149,137.77999999999997
d01d2d0b-4f58-4aaa-a6b3-01936e4848a6,0.5950378251149,137.77999999999997
c9b89753-81af-4447-ade1-fb30285ee69d,0.5950378251149,137.77999999999997
9bb0868f-e758-4001-be00-47f6825220f6,0.5950378251149,137.77999999999997
a6d417db-d799-4964-b5c2-3f3f0cf9e379,0.5950378251149,137.77999999999997
3658406c-5455-4483-a898-6b159913507f,0.5950378251149,137.77999999999997
97cc95aa-e13d-48a1-8ce7-11f6e267be51,0.5950378251149,137.77999999999997
ae8e526b-d55a-43eb-98d5-0ed7d715cc33,0.5950378251149,137.77999999999997
e49c0d6c-9e22-4537-965e-1b3e2d24413f,0.5950378251149,137.77999999999997
0f8da715-56d9-438a-9cf6-de5d8be8c7b8,0.5950378251149,137.77999999999997
f7b2fcf7-f021-4f5d-99e7-7365cc216834,0.5950378251149,137.77999999999997
57918753-d88e-4a60-9f44-f55e343fd04c,0.5950378251149,137.77999999999997
c5c1cb89-5930-4696-a08e-0ef2b89b5ce7,0.5950378251149,137.77999999999997
1a453ea2-a0c4-4e3d-8abd-a5cd30b4741b,0.5950378251149,137.77999999999997
2b867e91-19c5-459a-a24d-e7fe63a000bc,0.5950378251149,137.77999999999997
bd995aa6-126c-4b8c-8dc0-0fe2cb8649f3,0.5950378251149,137.77999999999997
980a5597-0c44-4c7c-b3b5-a92f2f2fa723,0.5950378251149,137.77999999999997
cc01877c-2b09-4ab6-a5f5-64e8d0497b1c,0.5950378251149,137.77999999999997
fd777420-81e3-4f27-a7c4-1e97f693efbf,0.5950378251149,137.77999999999997
3720dc04-2f9d-4855-9ea1-84328ac637fb,0.5950378251149,137.77999999999997
230cd321-79cd-4b85-8ac2-64169f8a4770,0.5950378251149,137.77999999999997
d5c854f9-2326-40eb-8457-ac8b76b4e2a3,0.5950378251149,137.77999999999997
e368f964-3346-42ef-9adb-3051d73c3b3f,0.5950378251149,137.77999999999997
82cf2b4c-7a7e-499b-b7a5-956067342625,0.5950378251149,137.77999999999997
0dc75fe8-b747-47b2-822f-b05497ffb6dc,0.5950378251149,137.77999999999997
65e5a8f3-415a-45c5-91d0-b61dec70e527,0.5950378251149,137.77999999999997
f8036b88-7e2d-4ffd-823e-1ee39d788f9a,0.5950378251149,137.77999999999997
27289ed0-63fc-4eee-9de4-87dfe43b0d6c,0.5950378251149,137.77999999999997
1242fbb5-59ed-4e3a-9426-fb2beb702a96,0.5950378251149,137.77999999999997
744c19be-70c8-41d2-8380-5f292cd6ad8e,0.5950378251149,137.77999999999997
e70e24fc-b40d-42d3-8854-b335b8267680,0.5950378251149,137.77999999999997
09b9e91a-b668-4185-9457-9f19d0e85bd4,0.5950378251149,137.77999999999997
0a98327b-cf01-4591-a849-8b7455d25a45,0.5950378251149,137.77999999999997
7caa3ced-24c5-4198-98c5-a9917fedd6be,0.5950378251149,137.77999999999997
1be1200e-0c43-410b-9488-2abf5be61222,0.5950378251149,137.77999999999997
8a4b94fd-4d6f-43bd-99e2-4d89636b7991,0.5950378251149,137.77999999999997
bcd8c19f-e8ee-4dae-9a1a-88c2a7d3ea70,0.5950378251149,137.77999999999997
14313978-6109-467c-9431-a490bdf3e9d9,0.5950378251149,137.77999999999997
7f551d45-fc3a-43d8-b106-626a711c3c25,0.5950378251149,137.77999999999997
7046ed9f-17bf-4fa7-b240-354cc6cd9916,0.5950378251149,137.77999999999997
5b96e84c-8406-466f-8b51-0086a30cbabf,0.5950378251149,137.77999999999997
719f5472-c348-4867-a53e-ae61b7ed437f,0.5950378251149,137.77999999999997
9d7c6fdf-02fd-492e-a800-cac0ea1c0a83,0.5950378251149,137.77999999999997
f37389f3-f713-4fa0-af1e-7d7ee47f06b9,0.5950378251149,137.77999999999997
7605ad0d-ceca-494f-a5d8-612efbb9bc20,0.5950378251149,137.77999999999997
2d5a5b77-547d-449c-823f-f3e93447483d,0.5950378251149,137.77999999999997
1a109569-92e2-452a-b4ef-6e5c87afdcab,0.5950378251149,137.77999999999997
a739c1f3-e1e9-44f9-b659-224efcf3bd72,0.5950378251149,137.77999999999997
914e5399-af94-4c82-8e52-04023de874d0,0.5950378251149,137.77999999999997
2aa0f48b-3f8d-4079-8fcf-4db1d94bca22,0.5950378251149,137.77999999999997
445370d7-6db2-4c6f-9962-52508598a7de,0.5950378251149,137.77999999999997
9b4c1944-afda-435a-b5e2-5b01f5cd070f,0.5950378251149,137.77999999999997
69a3c251-b1b7-4550-8ac9-824a0844d875,0.5950378251149,137.77999999999997
cec85833-db68-451e-8fec-0a08e2a97b8a,0.5950378251149,137.77999999999997
b26ead3c-df69-464f-bc63-ee4bdcc30e1c,0.5950378251149,137.77999999999997
6f3bdf9f-a9aa-4d08-b035-0bb0ee59540b,0.5950378251149,137.77999999999997
e8671848-9927-4698-b97f-9efe96a2fd2f,0.5950378251149,137.77999999999997
d32f2b9e-3e6a-4e07-8c01-c49d96589628,0.5950378251149,137.77999999999997
d5171dc9-5478-4018-a595-79dfa7679a80,0.5950378251149,137.77999999999997
ac3728bf-0159-4dc1-b84f-c623e8a306e2,0.5950378251149,137.77999999999997
e8339acd-5766-474e-90da-dc9c9e111c97,0.5950378251149,137.77999999999997
642d3203-92d1-4988-8c20-7f9187cca073,0.5950378251149,137.77999999999997
4563c298-ec0b-41ea-9f1d-dad37bb48d74,0.5950378251149,137.77999999999997
5ded220f-28d4-4add-bba1-014f5cdd9503,0.5950378251149,137.77999999999997
dc2ee01f-262d-4ace-9f6b-4f3842112924,0.5950378251149,137.77999999999997
2770b13e-5a27-444f-8ea8-31c65d910065,0.5950378251149,137.77999999999997
d75b2987-5f79-413f-ab9b-eb7c5f65f17d,0.5950378251149,137.77999999999997
90e43779-c70e-4767-b584-d4bcee0a0d92,0.5950378251149,137.77999999999997
ddeba14f-dfe9-40b3-9658-61dfbd1c515a,0.5950378251149,137.77999999999997
bb23de4b-c4d1-4a4f-aa54-c4c8d244be94,0.5950378251149,137.77999999999997
673fd2ed-595b-4227-8859-adb6c80633a2,0.5950378251149,137.77999999999997
f0ac3000-107e-4971-8179-489bf2e9c50e,0.5950378251149,137.77999999999997
fc302da4-daf4-43cd-99da-e95205f51e2a,0.5950378251149,137.77999999999997
e9df0043-653c-4712-96c7-34dd704239b1,0.5950378251149,137.77999999999997
71e2a5e6-cd68-4e8e-aed0-aa200a5b5b5b,0.5950378251149,137.77999999999997
9fc78367-7262-496e-9768-d466aceec7cc,0.5950378251149,137.77999999999997
1c2ab411-f9b9-4dc2-b2f5-f5efa70ac00a,0.5950378251149,137.77999999999997
23c9edd6-064b-4ed0-9bc9-56306c570600,0.5950378251149,137.77999999999997
d723b157-2273-4b50-9f65-79b1fcdb567a,0.5950378251149,137.77999999999997
9985aa37-5773-4cee-8b3a-8a83bcd72bf3,0.5950378251149,137.77999999999997
b3dfd9d5-97de-41d8-81b1-e4acaa9226eb,0.5950378251149,137.77999999999997
32442422-cc9f-4d96-9ee9-9c846cf25255,0.5950378251149,137.77999999999997
5cc417b9-9b0d-4ae7-89ea-3e4846629827,0.5950378251149,137.77999999999997
f57b5e9c-5f98-48f3-a634-0166bd96cc0a,0.5950378251149,137.77999999999997
8cfa7991-94bf-4ad2-9142-934533d16291,0.5950378251149,137.77999999999997
50c2560e-1767-46b3-b19e-7cbbae9a616d,0.5950378251149,137.77999999999997
5e23a746-ded9-40f1-8fef-7632345d516a,0.5950378251149,137.77999999999997
2801b938-e496-46e3-a09d-857d96d17a17,0.5950378251149,137.77999999999997
02892de6-a27f-4f2b-b7f4-676af0c2e19c,0.5950378251149,137.77999999999997
f22fdaad-9947-49fe-af11-9f7636facf74,0.5950378251149,137.77999999999997
c9c17005-2f39-48c9-9419-a01e905d2b85,0.5950378251149,137.77999999999997
9bf16749-6ed8-4ced-b192-624f867757cf,0.5950378251149,137.77999999999997
42d7696d-597a-4ad8-82e0-dee878e30c61,0.5950378251149,137.77999999999997
152d2626-4e56-42f8-9223-1d9a1a8d6b71,0.5950378251149,137.77999999999997
4fd469a7-88ba-4de4-afd6-a301f06074a9,0.5950378251149,137.77999999999997
96cefde5-ce3f-4426-a59d-ac01f2d26f28,0.5950378251149,137.77999999999997
4dac3a27-a648-4c0b-ae54-779f92baa149,0.5950378251149,137.77999999999997
82007509-7a93-4d86-a34a-b567d14e488f,0.5950378251149,137.77999999999997
7af1336d-36af-49e6-8cfe-83fecf949296,0.5950378251149,137.77999999999997
c4f03627-c03e-4bae-8d7d-c8c5caaef7e0,0.5950378251149,137.77999999999997
c4f9fc57-5558-40f8-948b-cbdb18d93e3d,0.5950378251149,137.77999999999997
48f4d523-25c2-490b-b400-1941ce9238b4,0.5950378251149,137.77999999999997
a369b6f3-3711-409d-b6a1-bbcea293464a,0.5950378251149,137.77999999999997
271b16e9-5534-4c21-8e5b-4fe7ad3a3bb0,0.5950378251149,137.77999999999997
53471f2d-c786-4f0d-afb8-ce7a82cf05e6,0.5950378251149,137.77999999999997
5dc43183-6b9d-4797-8f2e-d26be5231b91,0.5950378251149,137.77999999999997
4aec9846-998f-48b0-98c3-519b2f7f199f,0.5950378251149,137.77999999999997
ec5235f2-c08e-4e1b-8b36-911c21180f7a,0.5950378251149,137.77999999999997
91bafce9-54c6-4af3-b5c9-9db056fbfbe7,0.5950378251149,137.77999999999997
06c696a7-3e3c-4180-b349-3b41d3137bfd,0.5950378251149,137.77999999999997
0fe525b2-db63-4f52-b69e-3c4db2e5272d,0.5950378251149,137.77999999999997
158bd1d6-145d-47e0-a8b7-ea74a610782b,0.5950378251149,137.77999999999997
480a4975-15f4-48b6-bb1f-9528cb99b06e,0.5950378251149,137.77999999999997
787ca50b-0168-40c3-854a-3231e40645bb,0.5950378251149,137.77999999999997
6d9ca33a-e1d0-4ca1-ae39-21f5d4e9edc5,0.5950378251149,137.77999999999997
047593e7-76bc-43fc-97b0-f8b593ca5e32,0.5950378251149,137.77999999999997
ffbdbdf5-1a63-4bfa-8d5f-1d1d313b4806,0.5950378251149,137.77999999999997
6b3102cc-c586-424b-91af-e3bb8f71e46c,0.5950378251149,137.77999999999997
345f731f-7ade-4ac0-bc23-d94b49e261ac,0.5950378251149,137.77999999999997
be67b580-9d55-4930-afda-6aa7ecbd5ff8,0.5950378251149,137.77999999999997
114aca66-e684-4f14-938d-0f17eda24708,0.5950378251149,137.77999999999997
bde44f96-aa31-4f23-8743-b22758d17412,0.5950378251149,137.77999999999997
8471fe08-3ad6-452c-9c60-2368a1d850a4,0.5950378251149,137.77999999999997
a3a19356-78e6-4064-84b1-afc51859ea1b,0.5950378251149,137.77999999999997
520b7bb9-76f5-4f04-aaff-49ccbad62fdc,0.5950378251149,137.77999999999997
5de8f66f-ee74-4864-886f-64336041a2d3,0.5950378251149,137.77999999999997
e809936c-9c36-462e-a652-0949c1155b26,0.5950378251149,137.77999999999997
80853b8e-81ba-454c-8e8f-e0459fd88ba7,0.5950378251149,137.77999999999997
3202b842-6fa4-4091-b0b7-837fbba2846f,0.5950378251149,137.77999999999997
d2d532ce-e3d0-4739-8080-a9b75e6d0437,0.5950378251149,137.77999999999997
e7046e4e-c081-4783-92ea-57e19d53da05,0.59398038185235,138.77999999999997
b03d437f-33e8-457f-b5f7-a2592adfe66f,0.5950378251149,137.77999999999997
013b6011-c090-4c69-9661-97841efdcf4a,0.5950378251149,137.77999999999997
da742601-1b21-4e0c-b434-a29b073a0845,0.5950378251149,137.77999999999997
211701ed-e25e-43f6-99af-86698a380642,0.5950378251149,137.77999999999997
88effe81-1d2a-46be-9e1f-b5eb857636b6,0.5950378251149,137.77999999999997
b3f1f09f-61d8-40a6-ad6e-76fa0c59ed07,0.5950378251149,137.77999999999997
c6ac1d0f-35bf-4396-9aa0-fbe049706f1c,0.5950378251149,137.77999999999997
394ee506-5abc-467a-ac40-b093bb4f6eca,0.5950378251149,137.77999999999997
8d73a475-8147-414a-8c0d-4f9bd9f52bb4,0.5950378251149,137.77999999999997
ba1f8b83-c7d6-4ad6-bb92-8c62c7e69154,0.5950378251149,137.77999999999997
2d5e1c6e-92c1-4fad-9784-cf5e49d98515,0.5950378251149,137.77999999999997
d17bbd45-f870-4eb1-911a-e00b25b25b45,0.5950378251149,137.77999999999997
d3ab6142-5c7b-4416-a667-fea11ee0eb84,0.5950378251149,137.77999999999997
a43fdff9-e168-4e50-822b-d716e4322590,0.5950378251149,137.77999999999997
27fae28a-2e29-4b4b-93cf-5e0e80080334,0.5950378251149,137.77999999999997
084a7428-ed8c-4b79-b1f6-b7bcc2d3fac2,0.59398038185235,138.77999999999997
642d02da-45de-42e1-ac7d-20d4ea0661ee,0.5950378251149,137.77999999999997
4c2a83de-1e7e-417c-a374-8a29aabb2190,0.5950378251149,137.77999999999997
f7b31a28-c10a-4207-9b67-dc1797504577,0.5950378251149,137.77999999999997
50617017-1b1d-4b2e-9278-5c6f8cf194ca,0.5950378251149,137.77999999999997
89b30335-15c6-4c13-9c8e-3882ba02520e,0.5950378251149,137.77999999999997
bb1fac52-64f1-4203-97d2-20752514be8e,0.5950378251149,137.77999999999997
95d68b7c-c062-4250-81eb-94e053e9c8b2,0.5950378251149,137.77999999999997
300dcde6-bed7-48b4-be7e-d6495f6707f7,0.5950378251149,137.77999999999997
c1680d21-b60a-439a-9541-4cc5d9d4b63b,0.59398038185235,138.77999999999997
fcb9c004-8b9d-4400-a191-f2477f20dd30,0.5950378251149,137.77999999999997
a9745891-a88e-4d51-a1da-42dd19fd0780,0.5950378251149,137.77999999999997
39c39090-369d-4e44-8aa1-383d4ed75372,0.5950378251149,137.77999999999997
43cd7bd6-2f26-4227-9c6d-42bf8d5d244a,0.5950378251149,137.77999999999997
2dc61ac3-9d94-4a5a-a00b-256fdde4405c,0.5950378251149,137.77999999999997
1ec5ea16-49fe-42eb-8ecb-ec14eb9f52a2,0.5950378251149,137.77999999999997
98a3b2f9-4822-41d9-8e6c-882b7515f2ad,0.59398038185235,138.77999999999997
89f6b98c-dc19-4b23-b1b3-7c158d034a3c,0.5950378251149,137.77999999999997
9058c094-0f21-43cd-9bb2-ec2e5d31ba13,0.5950378251149,137.77999999999997
05eb676e-6f13-4c7f-ba07-e65d49961898,0.59398038185235,138.77999999999997
a8f034e6-af06-425f-97ea-36baf5f2210f,0.5950378251149,137.77999999999997
4c6231bf-2b4a-47ce-ab94-ab91b31bcad8,0.5950378251149,137.77999999999997
6f672be2-16c8-4779-abf5-803a2e8e6fb0,0.5950378251149,137.77999999999997
883fc75c-3d1d-44ce-804b-50aec64b455d,0.5950378251149,137.77999999999997
29945ad6-7170-4dbd-a4e1-cbab6eb730aa,0.5950378251149,137.77999999999997
5be348f5-91f1-4148-801f-c8c79c57be1c,0.59398038185235,138.77999999999997
23d0743f-d76f-435f-8a27-c9a5f72704b9,0.5950378251149,137.77999999999997
60f02768-b15d-4752-bc49-e8b7f5421d8e,0.5950378251149,137.77999999999997
ee60ceeb-5770-490a-bd4e-bb45239faf88,0.59398038185235,138.77999999999997
35a173e2-407b-471f-b74b-40014ae89701,0.5950378251149,137.77999999999997
23641fe7-21d4-49cf-90de-9d505cb6e9ae,0.5950378251149,137.77999999999997
061e7477-1e49-4929-b262-7ac9ee0b3337,0.59398038185235,138.77999999999997
6d533168-ae9d-4438-87d8-9acbd81837e2,0.59398038185235,138.77999999999997
c976494a-8a40-408a-aea5-e39ee1bd35db,0.5950378251149,137.77999999999997
67078150-750c-482d-95e3-21b7b04cf284,0.5950378251149,137.77999999999997
97ace326-c983-49cb-a9db-c55ee6bdd7b3,0.59398038185235,138.77999999999997
65d64211-0607-4fc8-a445-525602fabc7c,0.5950378251149,137.77999999999997
65c033e7-ed44-426e-a600-fcebd4dc4a95,0.5950378251149,137.77999999999997
1c99f1f2-6abd-4042-ae6c-7dd2057e7d86,0.59398038185235,138.77999999999997
34054a8b-9e77-4d04-b5ae-a77313405614,0.5950378251149,137.77999999999997
f003d7dc-e8ee-4f05-b1b7-c113d1973da6,0.59398038185235,138.77999999999997
f9826c43-05ee-47b3-85cb-9d9032daaef4,0.59398038185235,138.77999999999997
16c0bd0f-9a16-4f94-a04e-64850f623891,0.59398038185235,138.77999999999997
a2335ce3-85fb-4178-b82b-e107c07aa078,0.5950378251149,137.77999999999997
d7b75a9e-00dc-4dac-987e-d3062edba3f8,0.59398038185235,138.77999999999997
691a49b2-5b3d-4bb3-ad43-778c86886413,0.5950378251149,137.77999999999997
53714ad9-2518-4589-bf78-9d9de56646de,0.59398038185235,138.77999999999997
77844dad-6f0b-4d58-b944-d4314e9537bf,0.5950378251149,137.77999999999997
f8a51e8d-13c9-41fd-9798-b7e9029707e9,0.59398038185235,138.77999999999997
1929532d-d2b9-4326-8401-deb1aa9abcb2,0.5950378251149,137.77999999999997
64b03000-363c-4755-bca2-20c6ac5f102c,0.5950378251149,137.77999999999997
99750635-0d09-4d84-908a-236b70c20ef2,0.59398038185235,138.77999999999997
6786f44a-0ca9-4e60-a15f-df2c87d4170a,0.5950378251149,137.77999999999997
233174bd-932b-4bd0-adaf-c5c8cc140e4b,0.5950378251149,137.77999999999997
f8ea256f-1ed1-44c8-8865-a3f2d63073fe,0.59398038185235,138.77999999999997
9c3f2563-3f37-4591-8104-107abbd2738d,0.5950378251149,137.77999999999997
054d0734-f473-47de-99c0-d83ebae745fa,0.59398038185235,138.77999999999997
9cf7774a-1e8c-4a42-a59f-788a2de52216,0.59398038185235,138.77999999999997
f79c8691-a216-46ef-b5af-f23c4b1421c0,0.59398038185235,138.77999999999997
29ac86f3-636f-496d-80e8-b3af86502c2e,0.5950378251149,137.77999999999997
c7e23a39-3917-4c51-8352-0e6e9a594069,0.59398038185235,138.77999999999997
e77f2f3d-9ea4-4295-9376-45c6cd56f519,0.5950378251149,137.77999999999997
1ac5f515-6b49-481d-80fc-3d273f10053d,0.5950378251149,137.77999999999997
6114f88f-4eaa-4d62-a8a7-dbd46018a73e,0.59398038185235,138.77999999999997
5a4f1056-0d4f-4b5b-8ebc-32dde6caa263,0.59398038185235,138.77999999999997
3cff8157-be9e-4b8c-8ee1-0189794a9419,0.59398038185235,138.77999999999997
a469a8e4-c013-456b-a753-34f24704556a,0.5950378251149,137.77999999999997
01533832-e8f7-4c27-ac2b-3df7e0b5a0cc,0.59398038185235,138.77999999999997
ad6ce2b8-a19e-486c-9b05-fa712de74482,0.5950378251149,137.77999999999997
bd383af6-1334-4ef9-8d97-2b4e557315dd,0.5950378251149,137.77999999999997
e70e611c-ad49-4463-9c40-e2045a100517,0.59398038185235,138.77999999999997
36031aaf-0cf4-4af0-b0c0-640a129fd54e,0.5950378251149,137.77999999999997
0c314c05-cada-404a-ac19-e7910af478c2,0.59398038185235,138.77999999999997
b99e467d-c006-4d63-8d1e-6386e37d5856,0.59398038185235,138.77999999999997
6b2edbc7-2350-4dbe-bbd7-e1df34b0afe5,0.59398038185235,138.77999999999997
f721d775-fb69-4eae-b5c4-1f7bf7010239,0.5950378251149,137.77999999999997
5d61511d-4223-4544-80bb-f166175c3981,0.59398038185235,138.77999999999997
af390ca6-b686-4416-9028-f691fbe4b708,0.5950378251149,137.77999999999997
47f838bf-c460-4982-bed5-2eea8ebacada,0.59398038185235,138.77999999999997
031ee823-acec-4be2-90e4-3db891420ed9,0.59398038185235,138.77999999999997
29fb49c2-c24e-435c-b7d6-72c78703d79b,0.59398038185235,138.77999999999997
7b4671de-dfbf-456d-9543-dc087cd79950,0.59398038185235,138.77999999999997
cefa63da-ce24-4722-9747-b50974d729b2,0.59398038185235,138.77999999999997
c486bcfe-c43c-4082-a73b-83161a72a9f7,0.59398038185235,138.77999999999997
88021dc7-a473-4394-a1ec-0c27cb04ffe1,0.5950378251149,137.77999999999997
e6ce7766-591d-44fe-a65f-5a232fc02ebe,0.59398038185235,138.77999999999997
4ae6e846-ed7d-46d1-a21c-f748029eb4b7,0.59398038185235,138.77999999999997
26705ae3-c0dd-46d5-880a-b361c82848f4,0.5950378251149,137.77999999999997
03bc72bf-eb85-4be8-89d0-16bef9d5913e,0.59398038185235,138.77999999999997
c8936a22-8832-4b77-a0d7-f84a64b4855f,0.59398038185235,138.77999999999997
a380a562-496e-42b0-992d-da8e5dce0216,0.59398038185235,138.77999999999997
06ad4345-1272-4545-a439-b799d433fc3e,0.59398038185235,138.77999999999997
b71c3fb6-a5b4-4f7c-bce7-237b1db6f3ba,0.59398038185235,138.77999999999997
01f81562-6257-414e-9b63-a013c07dadde,0.59398038185235,138.77999999999997
92a88bb8-6ad8-4bf0-82e3-b0915e6e35b3,0.5950378251149,137.77999999999997
44e3fdff-df51-46d4-9233-20e084237cca,0.59398038185235,138.77999999999997
95cbb67e-378c-4900-869c-40066609fee9,0.59398038185235,138.77999999999997
f4c8c7f1-4d3f-44ca-a9e2-dbadfa9f8b39,0.59398038185235,138.77999999999997
fe046c96-f94c-4d38-bad8-a417c03f353f,0.59398038185235,138.77999999999997
5b2435e9-c3f5-43b5-bf08-b1a519dc0d0c,0.59398038185235,138.77999999999997
7e00faae-cfea-4b8d-b741-a627f18e72b7,0.59398038185235,138.77999999999997
e1160b07-61f4-4e33-8a90-470d52f430cb,0.59398038185235,138.77999999999997
7da4089c-bc12-472f-82a1-299004571d1f,0.59398038185235,138.77999999999997
426f0152-460a-4f32-8bcf-856612de0d2d,0.59398038185235,138.77999999999997
fcf65c4c-4ac8-4d13-bf41-4b113a126f9c,0.59398038185235,138.77999999999997
d9edf8d6-1111-483c-9db2-190521ab6fd0,0.59398038185235,138.77999999999997
d681eeb2-062e-4e20-8837-c772f0f6db80,0.59398038185235,138.77999999999997
4e0a1eaa-129d-46ca-bb9c-ff383021c498,0.59398038185235,138.77999999999997
61efaf83-cf91-401c-a066-99c26a87276a,0.59398038185235,138.77999999999997
4354de10-51ba-42fa-92ef-a845c187327b,0.59398038185235,138.77999999999997
bb98b4c5-a7eb-4edf-bdbd-55d9a186a41e,0.59398038185235,138.77999999999997
348f1558-e46a-4aea-b3aa-3f789b997ac0,0.59398038185235,138.77999999999997
d65bdd60-20b2-4760-917d-aee077e10aa6,0.59398038185235,138.77999999999997
005da454-6b75-45f3-bf98-d7733fd1657e,0.59398038185235,138.77999999999997
77f9a8b9-2b38-45f3-b0fa-3d2f344bcc6e,0.59398038185235,138.77999999999997
b3d81613-2076-4196-92c3-c4ff0180f97e,0.59398038185235,138.77999999999997
eb9d2b98-5b0d-45ab-93d8-c39fc1e71862,0.59398038185235,138.77999999999997
133a79bf-1caa-4a31-ae27-605abca4c229,0.59398038185235,138.77999999999997
eb418365-d046-44e8-996f-62de654e4ccb,0.59398038185235,138.77999999999997
cdcb1318-b03c-4e7e-9839-f1d9b7a115c3,0.59398038185235,138.77999999999997
4da27298-d86e-4624-bf21-b366e289d441,0.59398038185235,138.77999999999997
71f8fe2c-aac8-44ef-8981-b88c4669bda1,0.59398038185235,138.77999999999997
4b76a6a9-5af9-4105-8e89-008534595304,0.59398038185235,138.77999999999997
9619795a-e61f-4999-8f79-34cb9f3b4512,0.59398038185235,138.77999999999997
ff233fc3-de9a-4e5f-a755-0dda0c08a308,0.59398038185235,138.77999999999997
e180c73e-84aa-4092-9959-e6c1d96b3185,0.59398038185235,138.77999999999997
3c1b623f-58a4-4ceb-be82-736525ccced1,0.59398038185235,138.77999999999997
5e8d6147-14b8-4085-ad59-93fe43a8d90d,0.59398038185235,138.77999999999997
a3f5d25a-b925-4168-826b-726619d9b8ee,0.59398038185235,138.77999999999997
2629bd82-f383-4505-958c-a163b009a92b,0.59398038185235,138.77999999999997
c06ef2fe-dae1-40a7-a63f-e89bce7a86a7,0.59398038185235,138.77999999999997
15ef94f2-1951-4720-ab74-16ebff6a680b,0.59398038185235,138.77999999999997
5ec321cd-4387-43bc-b3c7-1cb8a84eeb0d,0.59398038185235,138.77999999999997
86ff5b04-ea4d-4872-9606-e4407e39f5f5,0.59398038185235,138.77999999999997
935b0eb3-9535-41a0-879c-2ad7e7ef869a,0.59398038185235,138.77999999999997
587409ad-5526-421c-8f6f-65a831c9af80,0.59398038185235,138.77999999999997
0626f83d-8a60-4bb1-9410-5a5a62fcaed1,0.59398038185235,138.77999999999997
78d2e169-ec69-47b0-aac6-4ded699cfef5,0.59398038185235,138.77999999999997
e57288f3-2826-4195-9a4f-0c1d83095a26,0.59398038185235,138.77999999999997
2cb80263-1551-4ddb-a58b-918bf4f0fc65,0.59398038185235,138.77999999999997
685b3038-1c1b-441b-a832-5826ed5615d0,0.59398038185235,138.77999999999997
63f7210f-2d89-4d60-b480-3bc19496069b,0.59398038185235,138.77999999999997
8d0bb008-73f0-45d8-bba3-8d8fd3aaa22a,0.59398038185235,138.77999999999997
e97267c6-f7bb-4b42-a0c7-aca56770220d,0.59398038185235,138.77999999999997
fa902a81-abce-4599-9597-131c5d34e558,0.59398038185235,138.77999999999997
768403ae-2111-466a-aa5d-d4affa5b656b,0.59398038185235,138.77999999999997
253ec818-6127-4e20-86e7-e8a234a87025,0.59398038185235,138.77999999999997
f8699eae-951e-4d5d-8f4f-127edd2d6d8e,0.59398038185235,138.77999999999997
af9959a2-9719-4046-be07-c3b897a4e7fa,0.59398038185235,138.77999999999997
92ebd09f-7193-42e4-91c3-e772bcc7c2d7,0.59398038185235,138.77999999999997
d1926300-1995-4e00-9be0-3a76f8b8c600,0.59398038185235,138.77999999999997
4abc6b2f-f705-4eef-9ebc-de722e9e73d7,0.59398038185235,138.77999999999997
1b1e3b26-7647-4743-945a-a2e55fcb86f0,0.59398038185235,138.77999999999997
88dc813b-b821-46de-a38b-cfd5f04bd623,0.59398038185235,138.77999999999997
1366828c-2143-4bce-87d9-10f856691973,0.59398038185235,138.77999999999997
8e9432b4-9774-4ba6-aff2-ec12234d4f4c,0.59398038185235,138.77999999999997
75984ff6-fabf-460e-bb9b-f546744a6732,0.59398038185235,138.77999999999997
f145f0c7-37fe-4b4a-aacf-8be8ee35e162,0.5950378251149,137.77999999999997
5fd46a20-655b-4acc-a0af-1d985379a5ac,0.59398038185235,138.77999999999997
055d36b3-cc18-4466-beb1-09c923167db8,0.59398038185235,138.77999999999997
58efa0a4-00da-40bc-a279-78e4f68e81cd,0.59398038185235,138.77999999999997
2789a828-c124-4409-a308-be9cff7c1ac4,0.59398038185235,138.77999999999997
c76606b8-5249-4bbd-a2d8-73f6fcac5e70,0.59398038185235,138.77999999999997
cfb45547-ba19-4a6d-9942-ee3a07c5ca90,0.59398038185235,138.77999999999997
defa185d-a920-4372-adf1-e033b1e6cfff,0.5950378251149,137.77999999999997
3cad82a3-bec5-4a6d-8b03-740ef0bda014,0.59398038185235,138.77999999999997
de76474b-5ff0-4524-892f-c35649244d13,0.59398038185235,138.77999999999997
8f90c2e5-9fca-4999-b6b8-9677092b4b83,0.59398038185235,138.77999999999997
92d1c416-b249-42b0-8b4e-85749a0da62e,0.59398038185235,138.77999999999997
a64c9cd2-da0a-4389-9409-b3c908c66615,0.59398038185235,138.77999999999997
897d0c97-bc92-4163-a298-4682d7edaa00,0.59398038185235,138.77999999999997
07200581-db32-463e-98ef-df68e1295d17,0.59398038185235,138.77999999999997
5c58d996-7e8f-4b02-bf3e-5b207891f278,0.59398038185235,138.77999999999997
5d45415d-bb3b-4ce8-8a28-f0836469a29a,0.59398038185235,138.77999999999997
ec92c96b-7310-4785-a7b3-d44b13de7cc1,0.59398038185235,138.77999999999997
1146c337-4883-4c89-9775-dd94fa79c659,0.59398038185235,138.77999999999997
1f44add7-f684-480b-ac84-ce1a2b599527,0.59398038185235,138.77999999999997
9e0c8296-4f45-43d5-a342-d53120d68895,0.59398038185235,138.77999999999997
5805d24c-74fc-49e7-b441-46d4b2f19488,0.59398038185235,138.77999999999997
f5b8685b-f82c-4420-94f5-20e9b46de108,0.59398038185235,138.77999999999997
f12dc033-5a6e-400b-8119-5bba0c3567c8,0.59398038185235,138.77999999999997
ed274883-218b-4636-972d-2be8fcdcc14c,0.59398038185235,138.77999999999997
a3c3b4b8-24c6-4299-9319-15db5395f26f,0.59398038185235,138.77999999999997
dba9df0b-d335-4fa7-930d-3a6049f7312e,0.59398038185235,138.77999999999997
97372f77-7e45-43cf-b1ad-c8234df3cfb0,0.59398038185235,138.77999999999997
488cf2a7-7f32-45fc-b9f2-3c21bb91e5a8,0.59398038185235,138.77999999999997
5a7659af-959f-4fe2-bb4f-b34288a1c82a,0.59398038185235,138.77999999999997
5c20f4f6-70c8-4d16-bfde-58d1a896170d,0.59398038185235,138.77999999999997
a1129531-93ff-4df5-8243-d1bec4836fae,0.59398038185235,138.77999999999997
485a0b89-68bd-4af8-a1f5-da6f3aa63151,0.59398038185235,138.77999999999997
9490391d-5147-4460-8698-a59c5914240f,0.59398038185235,138.77999999999997
c0e4eece-19a0-4a04-8fde-eff3167b489d,0.59398038185235,138.77999999999997
250d55ad-1f8b-440e-8c59-afba3119949e,0.59398038185235,138.77999999999997
d896b1bf-3f83-4cb8-bffe-df1d199ef68c,0.59398038185235,138.77999999999997
b782bc62-21ca-4837-a095-7886bca5e1d9,0.59398038185235,138.77999999999997
070b143c-7b07-4525-b927-e9caf105514d,0.59398038185235,138.77999999999997
f52b9f08-a58b-4640-826d-8d10003d1b17,0.59398038185235,138.77999999999997
2a1d8288-7442-4133-a04f-55aabf219527,0.59398038185235,138.77999999999997
eebb5435-10f6-4de4-b6bd-cf293b2af697,0.59398038185235,138.77999999999997
d2ef35f7-4c6e-4e68-a160-f2caf73273b5,0.59398038185235,138.77999999999997
38828b21-12aa-4d07-bfb8-680820e3e098,0.59398038185235,138.77999999999997
786a25ff-f1b6-4172-b9af-d7cc207ca80a,0.59398038185235,138.77999999999997
3049b4f8-b5d2-41a3-9f13-850af5ab6ae0,0.59398038185235,138.77999999999997
9e912b60-312b-4ca5-9835-86cfae42dbc4,0.59398038185235,138.77999999999997
47a2f23c-9c45-4406-975f-b7b2aeb6d6f4,0.59398038185235,138.77999999999997
22b8fd58-f23c-47c4-88f9-78cc063f3a06,0.59398038185235,138.77999999999997
a65afabe-b137-4484-94e3-4595e6953bf4,0.59398038185235,138.77999999999997
d9f00bbf-e1b9-49f4-bffc-8f583158c9b2,0.59398038185235,138.77999999999997
15f4c520-4169-4ff6-aee0-91aadd18d8ce,0.59398038185235,138.77999999999997
aaaf8475-e28c-425f-b518-6f5fa742a89f,0.59398038185235,138.77999999999997
1f4fae9f-8dd8-4a5f-bd52-83b91b4ca39d,0.59398038185235,138.77999999999997
e24a931d-8f75-4dc2-8824-5feafef398e2,0.59398038185235,138.77999999999997
f90300d2-cb8b-4ec6-8e11-8be667f48b73,0.59398038185235,138.77999999999997
3da5008a-6dcb-4ef2-a746-fc596b02f7c4,0.59398038185235,138.77999999999997
1b1e6ad8-4109-4c52-b605-7e22c047f455,0.59398038185235,138.77999999999997
c4d12f13-a52f-48ae-be8c-1673518162f3,0.59398038185235,138.77999999999997
1aaaaa39-2a52-44aa-b632-b6bd46fc6e09,0.59398038185235,138.77999999999997
34922c74-12a8-4eeb-96ef-c08e79f7057b,0.59398038185235,138.77999999999997
df6564d6-0d66-432b-85ed-293beedf4e21,0.59398038185235,138.77999999999997
8629ba1e-1f4c-4298-92ac-5f5f69fe28fd,0.59398038185235,138.77999999999997
1ded7638-69a6-4a80-bfe0-7b5b5d5a017a,0.59398038185235,138.77999999999997
1ebff3f4-42c8-4672-b996-ccdfb40e02a9,0.59398038185235,138.77999999999997
bf61f853-7ff0-40e8-93b2-a121d45381fb,0.59398038185235,138.77999999999997
cb6b473d-540c-4d07-90df-5a249b1d4c7f,0.59398038185235,138.77999999999997
40feb803-c2fa-4881-9d38-12e94c47fd61,0.59398038185235,138.77999999999997
4b4a8bb1-9b11-4da8-b833-7b2aab2d0374,0.59398038185235,138.77999999999997
49aa3e9a-e505-4502-89ff-f0cfcfa8a9f2,0.59398038185235,138.77999999999997
53cdd636-8327-45e0-966b-98a4f22d1fc4,0.59398038185235,138.77999999999997
2e6545c9-5e03-4293-8718-f9783ddc1153,0.59398038185235,138.77999999999997
90b7de41-4783-4255-8e62-4f67b397bb68,0.59398038185235,138.77999999999997
e26156dc-7dce-4110-b27e-eef3293c9be9,0.59398038185235,138.77999999999997
be165e78-63d0-421b-bac9-72834e632b06,0.59398038185235,138.77999999999997
63c3f4a7-0ad5-4406-9dec-a809017cdab0,0.59398038185235,138.77999999999997
66d81014-c5ee-4c72-91ad-d0084de24f7a,0.59398038185235,138.77999999999997
512dab99-c2a6-45a1-b87f-aa9e27e9d588,0.59398038185235,138.77999999999997
eec639eb-3ee4-45dc-aa14-33f2e5908ec8,0.59398038185235,138.77999999999997
39c32aa6-c094-45d6-a211-cd256141d11d,0.59398038185235,138.77999999999997
15af63a5-737a-4bc3-a502-89915acd367e,0.59398038185235,138.77999999999997
580566a4-91a6-4f8e-87ac-3de684dfca85,0.59398038185235,138.77999999999997
fa2b76c9-e78d-46e1-b090-93bb4c37999a,0.59398038185235,138.77999999999997
c8d58e72-33bf-4589-9000-8c045d8188d4,0.59398038185235,138.77999999999997
e8a0e881-89d6-4a5d-949b-447c65082814,0.59398038185235,138.77999999999997
cf0d29e9-d079-4487-9f72-b30039c8531a,0.59398038185235,138.77999999999997
5843d4bd-57ca-4c96-bc53-d5eb0cec2fc3,0.59398038185235,138.77999999999997
37b93a37-639a-45c1-b83f-61381d39544b,0.59398038185235,138.77999999999997
2d47eae5-51c6-42e7-b068-3c0c82f9a3b2,0.59398038185235,138.77999999999997
216f9ade-69fe-41e7-98fc-d2a2209e9362,0.59398038185235,138.77999999999997
ff3b060e-2b28-4433-adf0-f9d2ce6e7db0,0.59398038185235,138.77999999999997
7a26b558-0af5-4f84-8a15-c01667ecd0e4,0.59398038185235,138.77999999999997
6a7306d7-9903-4c93-a0a7-703cbd8d73ba,0.59398038185235,138.77999999999997
7ef05b99-9dcc-433b-9a60-ba4c423a08b3,0.59398038185235,138.77999999999997
a4fb71e0-4ec9-4d12-82d9-b99f5ff4d8d7,0.59398038185235,138.77999999999997
9979cefc-7f05-4bbd-a273-cea6df13d1e7,0.59398038185235,138.77999999999997
49970865-1b6d-4c05-80c2-82d73190874e,0.59398038185235,138.77999999999997
087a7acf-8918-46d8-9b55-0b7160ea9a00,0.59398038185235,138.77999999999997
f364a525-7b0e-4e0d-ac1e-7176dd5be2f5,0.59398038185235,138.77999999999997
0332338b-8101-4d81-87ff-d03bcb6fa100,0.59398038185235,138.77999999999997
a051c228-f8f1-4016-9dea-18823c8a978e,0.59398038185235,138.77999999999997
75a906b8-b0c1-448a-bb14-e2d884b82661,0.59398038185235,138.77999999999997
78389bb5-bd63-4cd1-93cd-da470a708ab7,0.59398038185235,138.77999999999997
77443492-5a84-45ad-a8b5-f79bb2b218e6,0.59398038185235,138.77999999999997
1cdc30bb-7e41-4fef-acee-c13d5824b4db,0.59398038185235,138.77999999999997
6243d7e5-4865-4afb-b495-1cb7d1a7d42d,0.59398038185235,138.77999999999997
a4e6154d-bdce-4697-8525-4df09d2064d0,0.59398038185235,138.77999999999997
1a84f62f-95ff-4885-bef4-fec7fcfa8052,0.59398038185235,138.77999999999997
342fb1a4-62e9-40c1-b454-3f93eba88ab4,0.59398038185235,138.77999999999997
9bd2aa9d-ce34-4b4d-a236-d0e9782acfb0,0.59398038185235,138.77999999999997
8bfb688b-a87f-419f-b294-114121111262,0.59398038185235,138.77999999999997
91171a5a-dbee-462d-8717-5f132077fbb7,0.59398038185235,138.77999999999997
a9b68711-09a5-4711-ba36-f46ada491beb,0.59398038185235,138.77999999999997
960a2d62-6777-466f-973f-b335a4a5e1ff,0.59398038185235,138.77999999999997
6f4cc92f-761d-4199-8145-639e98e06fa5,0.59398038185235,138.77999999999997
24e52031-0114-4420-b9f1-1069d5fed049,0.59398038185235,138.77999999999997
45aa092c-ca28-4a56-903f-a83a9d92e024,0.59398038185235,138.77999999999997
a16caed8-9a25-4316-9d8e-331555640b4e,0.59398038185235,138.77999999999997
d29713f9-e25b-473d-85d0-ad4ee1e36893,0.59398038185235,138.77999999999997
1f7c9873-e6cd-4f12-b9ec-4cbc21c82282,0.59398038185235,138.77999999999997
a8a0d41a-4a4d-426a-aff2-9b9e863c05e3,0.59398038185235,138.77999999999997
cf7e6e88-7599-42fe-bb7b-9b682cf368ea,0.59398038185235,138.77999999999997
69000316-6559-4ed3-a2e1-b60c5685e1f4,0.59398038185235,138.77999999999997
07e00c72-2d0b-4efc-a5d9-39df58cafecc,0.59398038185235,138.77999999999997
1a8db1b9-cc03-4dc1-95fa-136db91c0504,0.59398038185235,138.77999999999997
45a84168-9138-4175-9563-fac079e45e15,0.59398038185235,138.77999999999997
0b2dadc9-0a07-444e-880b-cf6c335af393,0.59398038185235,138.77999999999997
ec0cf137-56be-4f1d-a2d1-6b654c7484df,0.59398038185235,138.77999999999997
31669a4b-5409-4b15-9e29-de55a66cb664,0.59398038185235,138.77999999999997
f7b490c4-3aac-4b66-aee4-ca88fb9b53d9,0.59398038185235,138.77999999999997
b0cd6d23-8b6f-47fe-83d5-7e907c4ba57f,0.59398038185235,138.77999999999997
d9232403-a578-4c95-96f4-1ab40db5ebf3,0.59398038185235,138.77999999999997
40fef4a5-e2de-4f30-8bb6-c02e35fc070f,0.59398038185235,138.77999999999997
880f9ed6-d651-4aed-8b54-6593a080d7f6,0.59398038185235,138.77999999999997
af34a39f-bdc6-40ad-9df8-5d52028d8c34,0.59398038185235,138.77999999999997
6fb85a29-6de0-4125-add7-dddb4423602b,0.59398038185235,138.77999999999997
fdd78232-a15d-4ea2-ad6c-84d81f0b0cfa,0.59398038185235,138.77999999999997
4fd744ba-1bb7-49ec-8362-490dcb01c864,0.59398038185235,138.77999999999997
90c47052-d960-467e-917d-d76703271c5a,0.59398038185235,138.77999999999997
84f308db-b84c-4bf2-9b9b-47bb0f54718a,0.59398038185235,138.77999999999997
ccc59cdf-385e-4b8d-b180-e7b69aa122fd,0.59398038185235,138.77999999999997
b6ecf96f-90c6-4b56-9e8d-c8f25e9a0718,0.59398038185235,138.77999999999997
2e89e284-de3a-428d-8d53-33ea05b7bc42,0.59398038185235,138.77999999999997
f88d7369-8fe6-4a77-ba2c-bbb84f848446,0.59398038185235,138.77999999999997
584387fc-a355-438c-87ed-9f83138835b4,0.59398038185235,138.77999999999997
cd07c3b7-8ba4-46ac-9325-530fe6356570,0.59398038185235,138.77999999999997
87f2c8fd-b3d7-44f3-b6d5-d2cb018d7425,0.59398038185235,138.77999999999997
87a031c4-ab66-49b1-a27f-e362ac7b65f9,0.59398038185235,138.77999999999997
eaf7e7d7-3967-4f54-a777-08b1ec2d3a21,0.59398038185235,138.77999999999997
5ef3483f-514e-4fb4-a868-4e8da1594cbc,0.59398038185235,138.77999999999997
9a69697f-1045-4f3b-89b4-4ed09b3fbeca,0.59398038185235,138.77999999999997
f95914d0-58ad-4221-93aa-76a594349d24,0.59398038185235,138.77999999999997
9558bc73-d112-435b-b67f-e9817e12b1d6,0.59398038185235,138.77999999999997
edfe8f96-e445-4b14-85ef-8b61c88c7c20,0.59398038185235,138.77999999999997
8d91056e-a5bb-4956-a4bd-db5b31daa06b,0.59398038185235,138.77999999999997
e95e9033-b0ca-45db-9ca2-b4d8014ed185,0.5950378251149,137.77999999999997
55109d0f-4e8e-4442-ad9e-2ed66e6419cf,0.59398038185235,138.77999999999997
cedb2a97-6b86-4cb3-b4ba-e56d9334b218,0.59398038185235,138.77999999999997
24834752-1719-4ca8-b4cf-6bb3e30c4f5a,0.59398038185235,138.77999999999997
61fefae3-7363-4343-867a-ac15b3800725,0.59398038185235,138.77999999999997
4e46b37f-414e-43f5-b281-fa03ffaa0852,0.59398038185235,138.77999999999997
62c0d593-a264-453c-b524-0cc69ab11af4,0.59398038185235,138.77999999999997
e8155d1c-1205-43cb-a134-4181adf3a6eb,0.59398038185235,138.77999999999997
95a444f3-4d3c-48e8-9f29-75afff86dbca,0.59398038185235,138.77999999999997
eb3a29ed-b077-4aac-8d4d-66edc7a23896,0.59398038185235,138.77999999999997
dc745502-3f02-4ea6-9110-0b9428d76f22,0.59398038185235,138.77999999999997
f0e56611-07d3-4813-8681-3a5ed5406f44,0.59398038185235,138.77999999999997
c0f00e5d-5d54-40b1-9a7c-3ebe63db071e,0.59398038185235,138.77999999999997
4d497ec8-402f-4ff9-80a6-ab1305997734,0.59398038185235,138.77999999999997
f7a361b9-28ed-4064-8fb7-2cae482079ae,0.59398038185235,138.77999999999997
bba5e509-775d-4c38-adb1-d79eb1d6a7ed,0.59398038185235,138.77999999999997
13340582-46a2-41ae-8b20-552e452a2dbe,0.59398038185235,138.77999999999997
449dce41-0cf4-4529-a8d1-9dbe4ef59598,0.59398038185235,138.77999999999997
e0d354e2-db84-40be-8107-10901d05a674,0.59398038185235,138.77999999999997
075cc9e3-eaba-4db4-a465-9760e64a8923,0.59398038185235,138.77999999999997
0702c908-ef0b-4f0b-a229-fd8d02b0001d,0.59398038185235,138.77999999999997
3438e62d-17f0-41bf-a592-0f516c968195,0.59398038185235,138.77999999999997
23a60ab6-ab32-4fe2-89d9-f7160d476a76,0.59398038185235,138.77999999999997
f55bfa15-aa81-42d6-9eb8-d33b4e1a26b7,0.59398038185235,138.77999999999997
0a8320c4-9009-4d67-8892-6efa426f2fe8,0.59398038185235,138.77999999999997
9ab4bd11-e3f9-4aa1-b2e3-ede5ffde34fc,0.59398038185235,138.77999999999997
09ee99fe-e903-45b5-85eb-ca17659325b1,0.59398038185235,138.77999999999997
fd4f7fab-c85e-462a-bd35-7dc3e893a4b7,0.59398038185235,138.77999999999997
42356f60-99b1-446f-9a7c-c89e3264f149,0.59398038185235,138.77999999999997
e0d35c7d-ce59-4c80-a5e8-6257b8c1fe51,0.59398038185235,138.77999999999997
b47512cc-df1b-4b39-95ec-2711cbba97e6,0.59398038185235,138.77999999999997
373823d6-3eb3-4ce1-9d79-e36dbc706092,0.59398038185235,138.77999999999997
ffa19520-874f-4fbe-91a8-d40c96683660,0.59398038185235,138.77999999999997
4d0f7908-5f2a-4d72-9e0c-5e571bde7888,0.59398038185235,138.77999999999997
2dc4955d-b154-4186-a3c2-f704ff3e60f2,0.59398038185235,138.77999999999997
0c11c771-6bbe-405f-a7e5-9eafc0044fed,0.59398038185235,138.77999999999997
282d3f30-0ac2-499a-b8f3-f86eece9223c,0.59398038185235,138.77999999999997
2afa8935-9e00-47ee-ae03-98ebeaab358a,0.59398038185235,138.77999999999997
90d7aa6e-ab6d-45d1-8b66-ddc1494d7e1a,0.59398038185235,138.77999999999997
5bf382b5-21ca-4b7f-9301-b6110428006a,0.59398038185235,138.77999999999997
5f0707eb-49d7-4d26-a2d6-1ee5c43eb38a,0.59398038185235,138.77999999999997
5628be02-b0ee-4901-b080-fe35712f7bb5,0.59398038185235,138.77999999999997
ab378b28-cb1a-4259-bddd-e54a7b9f2534,0.59398038185235,138.77999999999997
e2927e4a-d989-4c6e-b8a4-6a61801959f9,0.59398038185235,138.77999999999997
d2be2ad8-d1fe-4292-839f-afcc611ab90d,0.59398038185235,138.77999999999997
d5b711e2-8adc-46a2-a51e-29717d11888e,0.59398038185235,138.77999999999997
f4f085ad-9d1e-4ecd-9323-382c6da2f643,0.59398038185235,138.77999999999997
e55c1bc2-a0ae-421d-b5d9-92b4f635e65a,0.59398038185235,138.77999999999997
41b57738-f2ee-421b-a9a4-15539e81b126,0.59398038185235,138.77999999999997
6106f10a-f170-4572-a023-01c82c0c813c,0.59398038185235,138.77999999999997
5eb71f7a-6e24-493d-a080-53e486336100,0.59398038185235,138.77999999999997
1ae85047-aef5-4b33-99d8-a66b29738e59,0.59398038185235,138.77999999999997
48fd92e1-0a59-4af1-9be6-20b92fc8c042,0.59398038185235,138.77999999999997
d2d52585-dc01-4b81-b2f3-5ab3efe2f1a2,0.59398038185235,138.77999999999997
8ab66768-7fd0-4dca-bda7-2ebf189e78c8,0.59398038185235,138.77999999999997
9fc1e931-8abf-4075-ba85-555d62edc351,0.59398038185235,138.77999999999997
2b70c3c0-a8c7-4ac1-aeb2-56d0c3516198,0.59398038185235,138.77999999999997
d68b600a-7515-406a-a74a-28836704e4da,0.59398038185235,138.77999999999997
d1969416-35a6-4713-b615-008162d5f6c6,0.59398038185235,138.77999999999997
607fbd2f-e1ae-4f11-8b0e-7c983fe768df,0.59398038185235,138.77999999999997
d31e45c3-0015-47b7-8257-7718d31929b3,0.59398038185235,138.77999999999997
0c2ccf26-236e-4994-83ff-e8c82d677490,0.59398038185235,138.77999999999997
4134b8ec-c701-4833-800b-f291ebf70ec2,0.59398038185235,138.77999999999997
8424cc54-9fb3-49c7-8f52-05605cfbf7a8,0.59398038185235,138.77999999999997
c4b952e3-aa36-4c8a-901f-ceb5fcc1b7e1,0.59398038185235,138.77999999999997
e376528b-06fd-4502-8e5a-4d764c4274c0,0.59398038185235,138.77999999999997
3287f8fd-0786-4702-86fb-ba6974d3b883,0.59398038185235,138.77999999999997
976889ee-192f-4b87-831d-28cd69387831,0.59398038185235,138.77999999999997
231295dd-3bf8-454f-8168-01499d3d6924,0.59398038185235,138.77999999999997
86ee172e-9596-4813-9859-0d38486a5078,0.59398038185235,138.77999999999997
b5639976-6fba-43e5-80b7-8ef65048103d,0.59398038185235,138.77999999999997
dd9e7323-6888-4479-b5ac-08c10598000e,0.59398038185235,138.77999999999997
c7914db6-699a-45a5-9308-cf493657a301,0.59398038185235,138.77999999999997
f6bd29d0-7b84-4713-83a0-81ba5593b66a,0.59398038185235,138.77999999999997
e5febc92-e99f-45de-a48f-e5600ec6e4fe,0.59398038185235,138.77999999999997
11b331b0-1a76-492b-904e-5c3a42135195,0.59398038185235,138.77999999999997
76cb1fab-a5f8-478d-bfce-b3674ab533f7,0.59398038185235,138.77999999999997
945d5933-75e7-4b51-b298-7aafad4c391a,0.59398038185235,138.77999999999997
04b3f8dc-2c96-41b4-a1be-63297392f07a,0.59398038185235,138.77999999999997
31c0bb61-d3d8-4e5e-9298-55a425532e42,0.59398038185235,138.77999999999997
c162660d-0a7d-491e-a861-77f488e72c43,0.59398038185235,138.77999999999997
a8a2ba82-1c72-4e22-87a4-bdf622221e8a,0.59398038185235,138.77999999999997
1d95888a-f19e-48b3-9ec6-7c706a4d675c,0.59398038185235,138.77999999999997
1897cc30-24c3-450c-8b9c-d270b8b57315,0.59398038185235,138.77999999999997
26862fab-a7d2-4196-9ff4-36f6689a0180,0.59398038185235,138.77999999999997
40553aea-eafb-43a6-bccd-5b6eca7b7fc8,0.59398038185235,138.77999999999997
c3904e54-af7c-4aa9-a2a7-d259a1e9975a,0.59398038185235,138.77999999999997
9eacff14-29f0-4175-8def-9db0d06b20d2,0.59398038185235,138.77999999999997
45026e14-03af-425c-95a9-96e497892086,0.59398038185235,138.77999999999997
eb030180-3320-4183-9243-1231cf342ff9,0.59398038185235,138.77999999999997
5449c143-2262-4963-8a21-1b95b408aaa8,0.59398038185235,138.77999999999997
e657623f-5983-497c-b977-20e5600f0109,0.59398038185235,138.77999999999997
8312a210-746c-4f42-9bc3-a2f8de67d08a,0.59398038185235,138.77999999999997
2070fdba-6a0e-49c1-ae9c-565ad8d0cdd4,0.59398038185235,138.77999999999997
a65475c9-782a-48b5-90dd-0fe313bc496e,0.59398038185235,138.77999999999997
6414991c-dd6c-40ba-b8d9-6cb785e6b603,0.59398038185235,138.77999999999997
3bebff5e-5a62-493b-acd7-953379b90fc0,0.59398038185235,138.77999999999997
4a38487a-d39c-4362-b7bd-c1bb97bd701e,0.59398038185235,138.77999999999997
b9efe653-08cf-463f-84d3-a2a6003ced16,0.59398038185235,138.77999999999997
d51a0a22-29a0-45ef-a931-af8a2ffc3baa,0.59398038185235,138.77999999999997
7fc68a71-ef1b-4548-aa43-db6ff7610d3a,0.59398038185235,138.77999999999997
3ed28c45-9403-4fe2-a02e-185e7b17e5c0,0.59398038185235,138.77999999999997
bfad4761-5229-4e7f-92b3-332a1a9a4a34,0.59398038185235,138.77999999999997
12187573-db53-46a0-8d13-c90880b8c34b,0.59398038185235,138.77999999999997
e38ca623-1e97-411e-aba7-c986715e0644,0.59398038185235,138.77999999999997
f6b5e785-7878-41a6-878e-14e424c3fd3b,0.59398038185235,138.77999999999997
fafd83b5-425b-4c15-b5cb-e7fc6ef567a0,0.59398038185235,138.77999999999997
3ecc9ea9-7e0d-464c-9bfb-523ed9f4871d,0.59398038185235,138.77999999999997
cb04d2ff-82dd-4f40-8256-fb3a04738e97,0.59398038185235,138.77999999999997
e28c8119-aa73-44f9-9772-43ea22672263,0.59398038185235,138.77999999999997
b9d20960-436a-4391-97f7-7fc45503a4bb,0.59398038185235,138.77999999999997
c4412277-2d5c-4371-9513-b73818ef4baf,0.59398038185235,138.77999999999997
a9d12c5a-89ff-4c44-86b3-6b04508107ec,0.59398038185235,138.77999999999997
89669113-12a5-4628-965e-3e5b421eae92,0.59398038185235,138.77999999999997
5460296a-dab4-45cc-80a1-c87cc0558db4,0.59398038185235,138.77999999999997
ae4b7025-25b4-4162-92ad-c44d50f07919,0.59398038185235,138.77999999999997
f7ab2c7a-090f-4375-8af5-10933859af7a,0.59398038185235,138.77999999999997
e573827e-75e6-46e7-a1ed-5cddbe167f58,0.59398038185235,138.77999999999997
8befb314-1258-45a2-b8ff-72be39c4e772,0.59398038185235,138.77999999999997
f957c34c-1145-4a96-8a6f-3c29c8d08812,0.59398038185235,138.77999999999997
ee58256d-3adc-463b-bc31-ef10902a1ba6,0.59398038185235,138.77999999999997
85297f6d-459c-4c14-88ce-9b36ef808499,0.59398038185235,138.77999999999997
7afdc51d-16e6-43e6-9fb4-aac4a79e516c,0.59398038185235,138.77999999999997
756eb124-b619-4a1d-b529-abbd8f5eb3a6,0.59398038185235,138.77999999999997
7974c55a-cf88-46d5-a73f-cf61093b2572,0.59398038185235,138.77999999999997
74fde17a-3db3-442f-80ba-b3d7fee14f0f,0.59398038185235,138.77999999999997
103907ff-0a02-4ebd-9975-c472729e9e95,0.59398038185235,138.77999999999997
71387107-5b7e-42cd-8d4f-f249fd370e94,0.59398038185235,138.77999999999997
a4815280-6e1c-4a25-83ff-bb1afe3fd006,0.59398038185235,138.77999999999997
88388672-6b08-401d-a7a6-a3ed82974315,0.59398038185235,138.77999999999997
48631460-09ac-450b-a83e-680abf794b51,0.59398038185235,138.77999999999997
727ac3da-e1c5-4f39-b4d1-390d6aec1fd7,0.59398038185235,138.77999999999997
2124de6f-6038-4e23-8ef3-f92a9d0bfeba,0.59398038185235,138.77999999999997
8bf21ec6-9aa9-428a-a570-31e9185742dc,0.59398038185235,138.77999999999997
1d52664c-4343-4a80-8436-34f07b0b0406,0.59398038185235,138.77999999999997
96c05a2a-6ec7-40da-8dab-96df88b5ae1b,0.59398038185235,138.77999999999997
91a8a509-a41a-4948-b285-c67f5ed0435f,0.59398038185235,138.77999999999997
4fb1487e-59d4-4cb6-90ac-27b4289bc2cf,0.59398038185235,138.77999999999997
99a5ad7d-a842-43c3-b782-326f0b380d83,0.59398038185235,138.77999999999997
095850a2-9df5-4d64-a68f-4fc5b8394447,0.59398038185235,138.77999999999997
48f162a1-b368-46fd-ac51-5e143554d82d,0.59398038185235,138.77999999999997
ca13cc34-979a-4298-b1da-c42770bd637a,0.59398038185235,138.77999999999997
1556eff1-4664-49f4-aaf2-f6a22f974bec,0.59398038185235,138.77999999999997
aaecc995-b7fa-4bb8-bff0-4626e0ad1268,0.59398038185235,138.77999999999997
3b94a0b5-b02c-4504-b173-680e25ff77d4,0.59398038185235,138.77999999999997
229bdfc3-afde-4ee6-9a89-47dc74cb9967,0.59398038185235,138.77999999999997
a754ae70-1648-4342-a3fc-8a0601759163,0.59398038185235,138.77999999999997
c88a575e-ebfa-4bd9-aa6a-0ebf6e538515,0.59398038185235,138.77999999999997
eadeb7aa-3352-44f2-9aed-585cd5526fca,0.59398038185235,138.77999999999997
bbe01555-ba8c-470b-a431-086514e62bc6,0.59398038185235,138.77999999999997
9a9d9bab-ccff-494d-a290-fa057cdaa36e,0.59398038185235,138.77999999999997
58474bca-aa81-42f0-be6b-ecfdc5d85538,0.59398038185235,138.77999999999997
63a4007e-92c5-4bb4-95e6-f317c66591a1,0.59398038185235,138.77999999999997
ee194e89-1801-4499-8d94-80dc1851672e,0.59398038185235,138.77999999999997
063bbbdc-94a2-45cc-ae8d-ffdca05da002,0.59398038185235,138.77999999999997
aef17a36-68ad-4b01-ac96-d36d3af61533,0.59398038185235,138.77999999999997
a32902ec-7b62-43cc-b3d1-e9d016d7ceb5,0.59398038185235,138.77999999999997
8b7df66c-70b3-401a-ab35-63b009af9699,0.59398038185235,138.77999999999997
9a8383f9-59c2-4155-b2ae-641cfd1ba612,0.59398038185235,138.77999999999997
0eab9b00-6c97-4d24-87f9-3a88f3724e1a,0.59398038185235,138.77999999999997
5e9bac00-9df0-4070-a8ea-f5001a3157a5,0.59398038185235,138.77999999999997
2874ae5a-aacc-4a4d-8328-dd24936af41e,0.59398038185235,138.77999999999997
5d86e58e-5e72-4304-8661-c3f1bb141b05,0.59398038185235,138.77999999999997
93cd988e-8469-4041-acd0-d29eda931f8a,0.59398038185235,138.77999999999997
a1716b4b-4685-4cc6-84c6-72f5dd7435f5,0.59398038185235,138.77999999999997
8d7923a6-f980-41d0-81b7-11a3dc84d106,0.59398038185235,138.77999999999997
f08c8d68-f968-4ad6-9d3f-7f46eb3966fc,0.59398038185235,138.77999999999997
03b347ca-0660-452f-94eb-7c6b35e3b07b,0.59398038185235,138.77999999999997
f10c82e8-674a-431f-aba1-96c0134c412d,0.59398038185235,138.77999999999997
99dde2ed-f4e1-4570-b973-077fe65d400f,0.59398038185235,138.77999999999997
d3ae57dd-57f9-4f87-bb42-92a38f66817d,0.59398038185235,138.77999999999997
1cab5d5c-bb11-4d30-a87c-2a7c2d7cf9ea,0.59398038185235,138.77999999999997
b68afdeb-1638-4cf3-8ef3-cdd63bfe18f4,0.59398038185235,138.77999999999997
d978143a-8d0b-48f4-921b-aba71882a503,0.59398038185235,138.77999999999997
ddd39e74-9d9e-4938-9ec2-731a6dadd4ee,0.59398038185235,138.77999999999997
77cf967b-839d-4bdd-aea8-9504e95426b0,0.59398038185235,138.77999999999997
e0c979a3-3cec-4cd8-8847-e311c61025a2,0.59398038185235,138.77999999999997
a2827534-717d-4615-b4e1-f8103b891ec3,0.59398038185235,138.77999999999997
c61a3454-5ee1-47fe-9ff8-7d414a219045,0.59398038185235,138.77999999999997
570c3fc5-f71a-47f9-ab4d-0807c0cf7c14,0.59398038185235,138.77999999999997
aa3d4583-424a-4efc-912d-ed5ddc2965bb,0.59398038185235,138.77999999999997
4d080151-57ee-4d0a-ba98-76af9a557c6e,0.59398038185235,138.77999999999997
ee6a1044-ca61-4fb9-89c7-b519de7ae426,0.59398038185235,138.77999999999997
bba49f15-e92f-4307-b307-45de8da4f0ef,0.59398038185235,138.77999999999997
20aa43cf-110a-40cd-ad05-23f750d457c4,0.59398038185235,138.77999999999997
d1697167-272b-41cb-a72a-d9332e82676c,0.59398038185235,138.77999999999997
221d1979-d5c8-47e2-8ee1-09df87228572,0.59398038185235,138.77999999999997
f875a85f-afd6-4999-9b0e-f22414d796c0,0.59398038185235,138.77999999999997
bd766bed-214d-428b-84f3-2cb90b6f22e2,0.59398038185235,138.77999999999997
8d3892ba-0cbf-4e22-af82-0a9c7a9e5534,0.59398038185235,138.77999999999997
91add086-5bd9-47a3-9eb0-9c4e32473448,0.59398038185235,138.77999999999997
80364950-afe0-4f06-880c-7b2127830e50,0.59398038185235,138.77999999999997
e7ba6df0-4145-48b7-95f4-c31668df1071,0.59398038185235,138.77999999999997
eb62df04-b447-42a4-9899-db6e8defc19b,0.59398038185235,138.77999999999997
4431e7bd-476e-49f7-8f99-9370aa44a5bf,0.59398038185235,138.77999999999997
c73477cb-4b6a-4bbd-a7e6-e649f243fc26,0.59398038185235,138.77999999999997
aa429a23-fb7b-456f-b7f9-ce816f207c30,0.59398038185235,138.77999999999997
04987324-abdb-4832-9144-75e8ddf9e275,0.59398038185235,138.77999999999997
271c3774-b301-48ce-91a2-858068f3258e,0.59398038185235,138.77999999999997
f0998f76-dff0-40dd-b32c-e6334ed9bbcb,0.59398038185235,138.77999999999997
22edc8ba-c0e7-47a0-b081-32b883f66146,0.59398038185235,138.77999999999997
6c27bb81-7eef-4c01-8461-776e25907092,0.59398038185235,138.77999999999997
8bbbfc1f-e7b8-4d93-9f97-d69f332f2c9e,0.59398038185235,138.77999999999997
1258f1ee-450c-4a0b-ae98-627928e45d19,0.59398038185235,138.77999999999997
b194eacb-162b-4acf-98c8-14fc76e2d6b8,0.59398038185235,138.77999999999997
07b2aa29-1ab2-4393-bd5a-7cce937fd2dc,0.59398038185235,138.77999999999997
0f6be118-676f-4157-85d7-7d27dc63e4da,0.59398038185235,138.77999999999997
239a78be-c7c7-4f13-ab80-ec0a9beab7c0,0.59398038185235,138.77999999999997
6b551141-a627-4a80-b2ac-621d14163c0d,0.59398038185235,138.77999999999997
657894c5-072f-4078-82bc-8750879ffd09,0.59398038185235,138.77999999999997
214bc460-d787-4683-9042-71a0d1e9d412,0.59398038185235,138.77999999999997
60e5e337-0d51-487b-ab96-74d76656611b,0.59398038185235,138.77999999999997
77a1849f-5d10-4206-a6e3-ce703df43eba,0.59398038185235,138.77999999999997
0ff792d4-29bf-47dd-8c4b-6b4243519c66,0.59398038185235,138.77999999999997
e79f39c3-c004-4a3c-9c2e-e71ef01a65a3,0.59398038185235,138.77999999999997
93bb2233-09ab-419c-b9dc-abd14538d064,0.59398038185235,138.77999999999997
f1f9bb65-5912-4394-8c5b-931cd7c9774a,0.59398038185235,138.77999999999997
e5ae324c-6aec-4a79-b828-eb867e739431,0.59398038185235,138.77999999999997
d99a60ab-36a3-46c1-9dde-e6c5f96a9d34,0.59398038185235,138.77999999999997
99e4ec3a-aabf-4d93-8bb0-3e018ebb8d69,0.59398038185235,138.77999999999997
40bcd403-6c58-4f40-93b5-e6455b4ac729,0.59398038185235,138.77999999999997
8cf2d605-0cd4-4e7a-8305-9a250237a7cb,0.59398038185235,138.77999999999997
3edb7bef-c70d-478e-bb52-4ee07fe0e300,0.59398038185235,138.77999999999997
92b09a38-3783-4f6a-a197-e7eb4761ec71,0.59398038185235,138.77999999999997
b5101cbe-fde5-4611-98bb-391d42e4b33d,0.59398038185235,138.77999999999997
84194291-cca0-49ee-8ec6-ed090533a864,0.59398038185235,138.77999999999997
9e275e49-04b2-48d7-82b2-1d7968e05b61,0.59398038185235,138.77999999999997
cb7af922-1f02-480b-8641-13224e04fc78,0.59398038185235,138.77999999999997
3a0bd116-a180-4a81-bcd0-18f7689ea915,0.59398038185235,138.77999999999997
3335f851-78d7-4ed7-bfe3-059cfa5a63bc,0.59398038185235,138.77999999999997
cbc92312-98fc-4eb1-bf9d-8a04928fec6d,0.59398038185235,138.77999999999997
26fc2505-8216-4623-8838-03dfa61e092d,0.59398038185235,138.77999999999997
7964fc71-b082-44ec-a193-636998141948,0.59398038185235,138.77999999999997
93eb9e6d-2697-4987-890c-addde088dfce,0.59398038185235,138.77999999999997
f6e52d11-c63e-4123-8ffa-6cfb4f5f7724,0.59398038185235,138.77999999999997
f0e42e32-ff49-4a04-8af0-05929d2f3eb7,0.59398038185235,138.77999999999997
acd024d6-6a88-4587-b142-7008c20e8ac2,0.59398038185235,138.77999999999997
510c2dc8-9cfc-4190-a6bf-e643c0e3b9da,0.59398038185235,138.77999999999997
fc74ade6-9436-4180-91b3-19cd293b4ff6,0.59398038185235,138.77999999999997
528a790d-b8ba-471f-9007-0f323524bca1,0.59398038185235,138.77999999999997
e25c940a-b39b-4f18-854b-d4d5ea62d17e,0.59398038185235,138.77999999999997
6fb90486-5395-4da4-af93-e238aaf547ad,0.59398038185235,138.77999999999997
596b0aa2-778b-4a91-9f46-f1d1cdc6fcb9,0.59398038185235,138.77999999999997
ab557507-b441-418c-9e46-308bf5daac5b,0.59398038185235,138.77999999999997
38be30d9-d185-4f27-ac9a-a34ac7f2b074,0.59398038185235,138.77999999999997
30d5b0cd-2d49-4b25-afad-be2c5274c8c1,0.59398038185235,138.77999999999997
b996d9f5-eb07-46a0-bdc9-00e28aa164d7,0.59398038185235,138.77999999999997
9bf3fb0e-4330-4647-a856-bb400c749626,0.59398038185235,138.77999999999997
6edd220e-dabb-497d-ba24-008f292fb66a,0.59398038185235,138.77999999999997
12218b0a-78fa-422f-b714-42345be4fa35,0.59398038185235,138.77999999999997
dd181309-38aa-4189-8e8d-dadf8b1e6ea0,0.59398038185235,138.77999999999997
4b505772-dc73-4665-ae86-b494d879870d,0.59398038185235,138.77999999999997
b519b34e-0979-4dad-8b0b-b4a87fd93035,0.59398038185235,138.77999999999997
1166e8ab-1129-4c44-8efc-c00e712ddde8,0.59398038185235,138.77999999999997
ff56d232-d709-4af2-9176-9b3c14bb9a3c,0.59398038185235,138.77999999999997
cab86c3f-ebb6-4f16-bb4e-51996182e365,0.59398038185235,138.77999999999997
713b2773-e5e3-42c5-9669-b5c14c893253,0.59398038185235,138.77999999999997
05cca24d-a74f-476a-bdb9-fc35968761f3,0.59398038185235,138.77999999999997
5169783b-72a9-4002-816d-1ca405f15056,0.59398038185235,138.77999999999997
10aefb20-9b46-48a2-a859-6412fb963abf,0.59398038185235,138.77999999999997
d68b47fc-004f-4d9a-8332-785210d950bd,0.59398038185235,138.77999999999997
720af950-ecfa-4edb-aa8c-4ca1508ce45b,0.59398038185235,138.77999999999997
1ea2988c-e635-48c5-91ca-027c5af36317,0.59398038185235,138.77999999999997
b5faba18-064b-44ea-b0c0-208482a484f7,0.59398038185235,138.77999999999997
80da1c81-7244-4ae2-84cf-b612229a582c,0.59398038185235,138.77999999999997
d94281ae-36bd-45e4-ab0b-5dfeb74069d1,0.59398038185235,138.77999999999997
e80076bb-783a-46bd-b3f0-1fbfced72ba4,0.59398038185235,138.77999999999997
0457c02d-ddda-4e96-bfaa-d80a30cc069c,0.59398038185235,138.77999999999997
173abbc8-87c1-4f3d-98cb-0348bc9c9aeb,0.59398038185235,138.77999999999997
ebde5b4b-6f8e-4984-9497-cfcda75ea140,0.59398038185235,138.77999999999997
8423e27c-6af2-41ba-96d3-1a9b17e02ac9,0.59398038185235,138.77999999999997
c78cf46c-edbd-462e-9ca8-ccfd9cdb3569,0.59398038185235,138.77999999999997
60a60061-f353-49e6-93f6-638544f36d88,0.59398038185235,138.77999999999997
8c223665-662b-454a-9abc-d2916c01809b,0.59398038185235,138.77999999999997
555dede3-f4f0-4ae1-b016-4f12072b6b93,0.59398038185235,138.77999999999997
fb9802d4-15ca-49ff-9292-9d96ed43d54f,0.59398038185235,138.77999999999997
cf4500ad-ff23-4f86-ac1e-d4bf3364f43d,0.59398038185235,138.77999999999997
3e7ce4d6-ae93-4b5b-bec4-87143ff6f6ba,0.59398038185235,138.77999999999997
5027d95a-cd25-4b36-b3db-ab30491dbe85,0.59398038185235,138.77999999999997
f5504914-ac9b-4bc1-9132-0680a992793f,0.59398038185235,138.77999999999997
94d5694d-7899-4928-813c-3afddeff819b,0.59398038185235,138.77999999999997
ec3a7d90-8de0-4af9-8be8-0bac80750f7a,0.59398038185235,138.77999999999997
d111d5b9-a65d-406d-bc9a-af64aad15da2,0.59398038185235,138.77999999999997
7aa3fdfd-4ca3-4e23-a24a-11551db8e97c,0.59398038185235,138.77999999999997
cf993e13-56f8-4e4d-b5ae-ab62923c87a3,0.59398038185235,138.77999999999997
61d908a8-63b3-4a46-83af-cce9e1742b17,0.59398038185235,138.77999999999997
f465292d-42d2-4baa-bff6-577697ad0a96,0.59398038185235,138.77999999999997
c71599c6-0b8a-4012-8d6d-a53c6eb5b0cd,0.59398038185235,138.77999999999997
9311cc5e-5d6e-4d82-bc0f-bb797b88eb69,0.59398038185235,138.77999999999997
312db168-860b-4afe-a1b8-d7f68094b3b9,0.59398038185235,138.77999999999997
f431f942-51e0-48e0-b01a-4d007ba649dc,0.59398038185235,138.77999999999997
591aa20d-55d0-4b8e-abc9-63725640c200,0.59398038185235,138.77999999999997
309cdcc9-fd26-4090-9680-13369322ec69,0.59398038185235,138.77999999999997
bc55374b-9164-4bf5-869f-6a6ac0e274e8,0.59398038185235,138.77999999999997
0adbabcc-c870-4412-af8c-f7013aa76a74,0.59398038185235,138.77999999999997
76454172-2285-4382-bc92-ab2eef817c00,0.59398038185235,138.77999999999997
6db36f42-0fa5-4653-a215-4aa1048e8582,0.59398038185235,138.77999999999997
0cfdac4b-efa9-4631-8280-6b81380d0cd1,0.59398038185235,138.77999999999997
e76d368c-cd5f-44bc-bd1e-f371ab21d1fe,0.59398038185235,138.77999999999997
0441f7f7-2304-43fa-8d00-09846f5fb6ba,0.59398038185235,138.77999999999997
cec0d982-2fc4-4d97-976c-cac333e8d07d,0.59398038185235,138.77999999999997
b46f7a4b-d7e1-44c0-8023-a2de72faaecc,0.59398038185235,138.77999999999997
c782c63c-52fa-4c37-9e54-2a94e8d7c95f,0.59398038185235,138.77999999999997
6ba46be1-ad2d-47ea-aa7c-b58e25782479,0.59398038185235,138.77999999999997
6e6294a3-1a61-4c54-8bbd-57f7c108cc02,0.59398038185235,138.77999999999997
3701c17a-0d98-4767-9be9-265c2776199e,0.59398038185235,138.77999999999997
130104f6-5a70-4526-85fb-a0bfe7a65dae,0.59398038185235,138.77999999999997
9f3e8f8c-689c-40c5-9602-011172781302,0.59398038185235,138.77999999999997
345a5385-8071-4cc5-8c18-e518c2be0f5f,0.59398038185235,138.77999999999997
c8d9f12c-7dda-4500-a377-76e251d95da0,0.59398038185235,138.77999999999997
941484f1-5ec6-4287-8392-d9adff29bcad,0.59398038185235,138.77999999999997
458d8963-41ab-4189-9652-34b7b393c322,0.59398038185235,138.77999999999997
dbf40de1-aa08-48e1-9185-c627e1e4cbfb,0.59398038185235,138.77999999999997
520fcd2b-9b8a-47be-b1e5-37feecf592d5,0.59398038185235,138.77999999999997
b8976c97-ca5c-41d8-9947-422075a191f0,0.59398038185235,138.77999999999997
12a0ffc4-2918-41bc-9e49-6e40121a6123,0.59398038185235,138.77999999999997
6546fcd5-bd48-406e-abb8-54dc32e7f56e,0.59398038185235,138.77999999999997
610b00ef-2dc8-452c-a3ab-49d9743707d0,0.59398038185235,138.77999999999997
dcae5bce-2dda-426e-b49b-178a0e84cdbd,0.59398038185235,138.77999999999997
02a4a604-b1cc-4ca4-aeb9-678dd93bebc4,0.59398038185235,138.77999999999997
3dce5b99-e600-40d5-b214-83daad047180,0.59398038185235,138.77999999999997
45d88d09-ddd1-4301-99a2-b1d90d14bc1e,0.59398038185235,138.77999999999997
feeb9f3b-51b5-4e0d-8495-34b81097e202,0.59398038185235,138.77999999999997
7350f06d-9f77-4670-a7a0-6f4c6aa021af,0.59398038185235,138.77999999999997
33feedcb-1a62-4154-9ac6-21796a507f43,0.59398038185235,138.77999999999997
f3a1de40-e48c-4797-97d6-05edcde08a5b,0.59398038185235,138.77999999999997
24ada315-d768-4209-9171-70d32c79228b,0.59398038185235,138.77999999999997
327daeab-dce9-4259-9764-26b0d0556382,0.59398038185235,138.77999999999997
13f41f50-f7d8-47e5-9d60-16e0651fe19f,0.59398038185235,138.77999999999997
506112a8-ec92-42d4-b51b-de1eec00ced1,0.59398038185235,138.77999999999997
e79b5be6-aa9f-428c-be68-44b696d8a3e3,0.59398038185235,138.77999999999997
f6819b1c-db05-4e66-b871-9fa2f5533c36,0.59398038185235,138.77999999999997
e836d2dd-1305-4803-84e4-333fe7d261f8,0.59398038185235,138.77999999999997
ac3a0d32-e6cf-48eb-a4b3-46bb142dd2da,0.59398038185235,138.77999999999997
dd22220f-1649-4b7f-92ba-60147b12a3d4,0.59398038185235,138.77999999999997
183a491c-4a0d-4570-9177-a1d70e18df73,0.59398038185235,138.77999999999997
8fe44530-eb15-4722-b7e2-32da6617cfe4,0.59398038185235,138.77999999999997
890ca7a1-ec02-4bbd-85d7-da0698912051,0.59398038185235,138.77999999999997
4121a1a9-45bd-42c5-ba97-171ca6eaaa18,0.59398038185235,138.77999999999997
ee3aa614-4f2a-4cd6-80c2-710d820d91c8,0.59398038185235,138.77999999999997
1b804ad5-d019-482a-b614-866af1e45772,0.59398038185235,138.77999999999997
7c1505bf-8b4f-491c-901e-f408a698cb52,0.59398038185235,138.77999999999997
de9f2bbf-c287-4ce8-a166-0594de612de7,0.59398038185235,138.77999999999997
ca8da6be-b1d4-403f-8fa5-2deb9024d205,0.59398038185235,138.77999999999997
a131fab0-1513-42ba-b4af-031b9e7e8a13,0.59398038185235,138.77999999999997
80d296b6-9ae7-48e5-ad0a-a35ffc9a0112,0.59398038185235,138.77999999999997
303cb4e2-67f8-40ae-9015-6ddafa046900,0.59398038185235,138.77999999999997
a6c4727e-e1e0-4573-a914-b44243b04eeb,0.59398038185235,138.77999999999997
8183f6de-e953-49d1-a948-c8b1aa028cea,0.59398038185235,138.77999999999997
8867091c-b4a0-4e7f-828a-50f6e725dedc,0.59398038185235,138.77999999999997
8cd87707-b1b0-49e8-a56a-59b71f385f7f,0.59398038185235,138.77999999999997
cefd066e-1265-4467-ac84-0787f1a65bbd,0.59398038185235,138.77999999999997
bba1a322-cc5b-4113-b3e8-a4123dc897db,0.59398038185235,138.77999999999997
2bbc1cf9-5304-40a1-b7c6-bcf30f2e72aa,0.59398038185235,138.77999999999997
1f0e5e1f-cdc8-476b-86cf-06afb4de5e24,0.59398038185235,138.77999999999997
