SimulationID,AdjustedLatency,AdjustedNetworkCost
a2c7ef2b-15f3-4134-9f14-d4d121442a18,0.58400412461225,240.77999999999997
46d7775d-f108-4cf1-897d-265a935d5e53,0.5814780643312,225.77999999999997
86171c6a-6e3c-4774-ae57-37e42acb7868,0.5818888465031,231.78
b2202a89-fd3c-40d6-8581-c2e7c0baff61,0.5842928968268,219.77999999999997
cdb4e35a-9ab3-42d5-b7b8-eb1cc5833e39,0.5828286998269,261.78000000000003
bca26db3-a7b8-4312-8417-82c982111f36,0.5832981237876,272.78
4a14dbe1-4436-420d-af2a-c458d0322174,0.58193720335505,257.78000000000003
b056fd03-3d7c-4a43-a087-8f75b627bc68,0.5859923805261,222.78
d052943c-3eac-4883-9b0d-19bb21df0e87,0.585473005314,229.78
e7dd1419-1276-412d-b738-192b2cfe5a77,0.58491330241985,235.77999999999997
d0e8d851-eba0-4d2b-87c5-93e8b97075e3,0.5843451185127,213.77999999999997
4ad6bde2-774e-45dd-af62-6fb77ea07908,0.5876491876353,190.77999999999997
07db1e14-1255-41d0-bffc-a51503dd1dd4,0.58430028696425,220.78
83a8890f-2216-4f4b-b6ea-d9f01370f698,0.583090371156,216.77999999999997
62fa29f0-5d2c-4a35-bd92-23dfd6a907ea,0.58596788326095,205.77999999999997
9b83013c-5ab5-4987-99ae-8385e7d62a64,0.58291344994785,234.77999999999997
c8158541-7862-40aa-bcb8-148275e39fd8,0.5820086880718,256.78000000000003
7f69fea6-0485-4681-bfeb-c0ee7b793b1e,0.58400412461225,240.77999999999997
f9b1b012-cef6-4a24-9856-6bead85d71a1,0.58400412461225,240.77999999999997
a0dbbee1-3852-4248-a5d3-5cf89973d9bc,0.5842928968268,219.77999999999997
8e5ad926-64eb-4b07-a2bf-3e778d1e113c,0.5893366990549,231.77999999999997
45e62802-db06-48f3-a3cb-cf3ddb927b54,0.58431045429425,221.77999999999997
2b50e9ee-3919-4ef2-b5ab-42e9084cacb5,0.58387152277165,211.78
2f67516e-7151-4ae7-b24d-e886b626b8e9,0.58400412461225,240.77999999999997
79010f67-1de5-4596-97db-8b87b462228d,0.5843068042957,230.77999999999997
a647ff8d-1423-42c9-af5d-5dbc3c45eda5,0.58400412461225,240.77999999999997
fabebae2-1ece-478d-bef7-56bb422041dd,0.5843451185127,213.77999999999997
6760fcfb-9b61-4416-8f94-31b5eb8f0efd,0.5876491876353,190.77999999999997
822bf48c-db68-43b5-989e-2687a198a390,0.58430028696425,220.78
c7e86a40-0a0b-4d8b-9aee-34ca559e3b36,0.583090371156,216.77999999999997
06b534b2-1814-4eef-a5e6-9dedff406d6e,0.58596788326095,205.77999999999997
8b2063ac-d1b6-4c84-b5c9-4f312785de76,0.58400412461225,240.77999999999997
3b7c2c8d-ce11-49c7-b690-37e26ceaa71d,0.5879278396736,252.77999999999997
6060018a-908d-4214-a526-f10d3b4f3c2f,0.5838086435332,242.77999999999997
8abc92ec-42fe-4580-8066-7744a8709cf6,0.58510705573245,221.77999999999997
ece11fe1-7675-49c0-9b00-d6874a55629b,0.5830269287996,221.78
8c8d676b-1313-4025-8f68-d33b2961273f,0.58585165204295,241.78
8fabd810-94b8-4ffd-afa9-ccca3a4bec61,0.5865920151316,260.78000000000003
d8824923-e666-4bd5-b7a9-9b55700d3ac0,0.58727525912925,197.77999999999997
d1fb49e3-4b8e-4bd6-ba53-1cd769918931,0.5851000385485,227.78
0f2ef129-8dfa-430f-bbb4-0806898fbbbd,0.58286281870405,261.78
3957b031-063f-4b56-b6bf-5123c0576b90,0.58300467689165,249.78000000000003
7e46d7f8-8494-44ee-afd9-5b2b70aa2bd2,0.5840960637004,199.77999999999997
6f5bfcdc-9fd8-4d78-84ce-4ca93773f9b7,0.5876491876353,190.77999999999997
d318505e-a64c-455f-957e-d3d4213ad54a,0.58522034292505,247.78
72cbb92f-398c-414b-8f11-a0adfb0fa0e6,0.58599188312205,168.77999999999997
6e46c08e-046f-4500-9f10-b225c0e616c6,0.58596788326095,205.77999999999997
e140e399-d613-41f1-9609-c219ad58e5eb,0.5838247462656,243.77999999999997
640a7457-5411-4e44-bd41-5b01777bd635,0.5856853367162,240.78
50c587dc-9271-4bf1-8750-2e26cf85dbf5,0.5827161944821,227.77999999999997
643a2638-a82a-4a62-b31c-8f219ea6e72d,0.580778814359,229.77999999999997
42dd2da4-ca17-479b-91e0-5ad3ef1b7013,0.5830269287996,221.78
670eac78-0cba-4e61-bf63-bc01a68a70c8,0.58510705573245,221.77999999999997
4ec8cc07-85b6-4a33-85fc-f9a0305e29c8,0.5879278396736,252.77999999999997
cce57087-d8f5-49dc-a366-c2dac19d6030,0.58727525912925,197.77999999999997
be1f99df-e6ba-44ff-99c1-8a6230a544e1,0.58301339079575,239.78
6048d416-5ca3-4c30-8765-66a3b65aae25,0.58588384936115,246.77999999999997
528c7a4e-6d31-44ee-9770-670e762d0779,0.5832002590753,221.78
7b0110ee-ddc5-4f3f-a7ed-a15e98e6af5d,0.5840960637004,199.77999999999997
197a8e63-fee1-44e5-8cc2-ef567265eeb7,0.5876491876353,190.77999999999997
6823932f-841f-4d1f-9a1f-165ab725731d,0.58464412042215,225.77999999999997
c2dba88e-c248-4ed6-beef-fab7dd5d92d9,0.58599188312205,168.77999999999997
6f03b71a-e1fb-488d-a0e1-5a1655d6c646,0.58596788326095,205.77999999999997
ca9c9ed3-9b5c-4ad6-9918-dffba53e4100,0.5879278396736,252.77999999999997
908b4362-9bcb-4ee8-917e-594916de9945,0.58334340994845,217.78
2190639a-79a2-4983-8c47-59f17fdc71e6,0.5816206500521,234.77999999999997
b06ced0a-eb34-4a13-9cfb-97ae92a5e641,0.58246014249865,208.78
46f97ec7-9583-4d04-823c-0449210ab534,0.5862326105271,238.77999999999997
1b1cfd1b-1501-4131-a9df-d5137f4139e2,0.58372685597515,263.78
78fc4b5a-5d14-4069-8f87-0152efa0df31,0.5830895512727,224.77999999999997
deae3695-2000-433e-8622-ba00876ac76a,0.58434114830355,234.77999999999997
5ed101ac-3449-4d98-8c3c-a89963b0d48f,0.5819524931832,228.77999999999997
837e05ca-9091-422a-bc11-e89bd23d7c1e,0.5870967702557,214.77999999999997
2fb5bee8-301f-4f5e-82e8-a769253ea51e,0.58433510534065,218.77999999999997
7a0e9338-d10c-493b-993d-5ae5c2c70ccb,0.5837871249213,207.78
4e45b79a-0980-4a27-b4d1-2ea0bd0be1d5,0.5876491876353,190.77999999999997
223277a6-944f-451c-828c-06ec35da5602,0.5878173319324,200.77999999999997
f7c07334-7725-4b99-aef1-09d379cf19c0,0.58599188312205,168.77999999999997
050a5ee9-771d-4a39-8efd-c833bcd2c1b1,0.58745755803085,241.78
c65bc3bc-7364-4473-893e-335e45bbeed7,0.5864092644502,239.77999999999997
390749ae-30d5-44e1-b4e3-a1022b61feea,0.58334340994845,217.78
84feb0d4-f21e-473c-b871-adb37a609ccb,0.5835922001065,232.78
f91a86c0-84bd-4ee0-9d7e-b540ba2eea9e,0.58246014249865,208.78
e4eaf5a7-16d4-4171-9919-259523dd287f,0.58481291898505,271.78000000000003
a32a530e-c088-4b62-879c-e4d5350452d6,0.5848487638198,229.77999999999997
d3da2df0-5ef2-4d4f-a0c3-91d8992cb9d9,0.5869833369781,225.78
c0965edb-4545-4361-9c74-bddcc9af1055,0.58594805266535,238.78
9e468bda-4fd8-4ad1-aeff-a292c26bb1a8,0.58334340994845,217.78
de8d7a06-87c3-4644-84ee-45800cde4d7a,0.5870967702557,214.77999999999997
6bdea133-569f-46c0-8f11-611776fc3bba,0.5860372761622,200.78
9a070c33-1922-429d-9ca8-a7df08a4bfc8,0.5837871249213,207.78
8d32b033-2636-42ec-aa58-dc27b5796096,0.5876491876353,190.77999999999997
d05d3412-d4d3-4c81-bfba-6ac065cb2366,0.5878173319324,200.77999999999997
f27c42d3-1928-4c62-af6d-525476f69eda,0.58599188312205,168.77999999999997
78b743d5-2d38-47b4-a8fd-4608efafeef2,0.58698667683025,225.77999999999997
8c357996-fb4f-4629-9ff2-86356bc47456,0.58334340994845,217.78
53594f96-6a17-4481-a37b-1eec836a110d,0.5852299536878,259.78000000000003
89ea5ef6-efaf-439f-b218-a55edf457fdd,0.5852801275969,212.77999999999997
5c637927-dbf1-4c74-9f72-c68396d8ad7f,0.58639023078925,218.77999999999997
c9894cf0-746f-4a0f-8a67-9eb8b8d74099,0.58815229116735,224.78
fe667006-f4c3-4e77-b583-371c4d6b0671,0.5850594002289,259.78000000000003
fb8b5471-18d6-4d79-bb91-b728d18d791c,0.58468193105755,194.77999999999997
b8c11886-c65e-418d-8907-8a9ffb68ae79,0.5861943582773,212.77999999999997
013a15a5-9cbf-4518-aa2e-afe35effbdcc,0.5848140642824,214.77999999999997
f89d8582-ee57-4969-9de4-6f6c2ec0fef2,0.5860962630546,223.77999999999997
ac13e9d5-781c-43f8-850c-fc78b758a3e4,0.58394263257725,212.77999999999997
dafe6ab4-4a25-48a6-9065-d5119f021023,0.5852089785108,246.78
b40a2b09-aa92-4617-88eb-0e6a508d55d6,0.5876491876353,190.77999999999997
8254e348-d5ea-40ef-ac61-bafec4752cc5,0.583677416688,231.78
180d0f91-a4b0-43b7-abf9-a7515c38fa56,0.58599188312205,168.77999999999997
01d433d2-9b20-4c7e-9792-5fc1f734e554,0.58432690496915,259.78000000000003
bba26c09-ed38-4a0d-8c01-84a7ecc33646,0.5857310886217,200.78
4e618321-313a-4349-b95b-f2bf3b555e1f,0.5860000132287,232.77999999999997
68543a5a-e0b5-41b0-bccd-61fbcdf66cf8,0.5852801275969,212.77999999999997
491700be-ccbf-47c4-aded-a9d9d57f91f6,0.58165375744175,227.77999999999997
714c93d7-25e3-4231-8cc0-56856a4d785d,0.58371337710525,225.78
2d904a5e-58bb-4308-8adb-58c068a90831,0.58390002818325,237.78
93e515c3-0f59-4d29-9dd9-233ade1b3fdd,0.58468193105755,194.77999999999997
29444490-3904-4421-b1f1-c9f4ee565c1e,0.5852299536878,259.78000000000003
9e23a25d-3810-48ed-8a25-8604ec8c576c,0.58425884067605,239.77999999999997
2609708c-2bc1-411d-b8b5-9419729fe179,0.5852299536878,259.78000000000003
ffa3c38a-4137-4ea5-8e51-7d80a7c0618c,0.58394263257725,212.77999999999997
d76bc728-c637-4ba1-a457-8d8458aaca64,0.5848929387624,237.77999999999997
01c4068c-0565-4027-96d4-82e2408532b7,0.5876491876353,190.77999999999997
eae7ad6f-9ca1-47c3-b89a-ebf745f0eb8a,0.58266165746935,242.77999999999997
58ee7000-b38b-4412-a4d5-6299e381ab9c,0.58599188312205,168.77999999999997
ba11bf21-c6b0-418c-8b30-0ed77dd34660,0.58527442227445,253.78
174c90ce-776c-4c7e-b761-daa006dc48ec,0.5857310886217,200.78
3ff75208-5596-4225-b540-abacdde3ce10,0.58672036793845,185.77999999999997
422d3f55-4005-44bb-b027-48b6b2383fd5,0.58150898980415,214.78
2213c926-53e6-45ef-a075-1e40f480c098,0.58676259188875,203.77999999999997
c6ecef30-d153-4d5b-be22-41b162cb3667,0.58431266836035,242.78
c6e5e778-cb3e-49e1-b297-16f65b402ba4,0.58534328507515,178.78
235d7fc4-b5f8-423c-905d-4c9522be002d,0.5818438340196,249.78000000000003
ec28e599-bcda-4355-8951-30f015bb5d71,0.58537469396225,253.78
a535762b-f206-4bfe-a687-423514e0d932,0.58455331042805,264.78000000000003
9727b585-1577-497c-9e0b-4909e6370597,0.58326962864125,272.78
9165f458-2edb-428a-ba5b-130d5915b83e,0.58626738167715,218.78000000000003
50e76be1-88ba-403e-8bca-658b052fbcd2,0.5868727137242,231.77999999999997
44fc6c6f-005c-483b-9b4b-91acff9218ea,0.5876491876353,190.77999999999997
466c932a-8036-4c82-b512-3e427552e61c,0.58584462690025,211.77999999999997
57d3f721-7d5c-49bb-8d5f-64c5164e52ea,0.58599188312205,168.77999999999997
2c3ee291-cbf4-4169-a317-edc0e4895f85,0.58461985205245,203.77999999999997
9486b71e-b691-4d47-821b-7580b667321b,0.58521553521175,241.78
36a9068b-ac4b-4d9c-9440-f40086efcd34,0.58672036793845,185.77999999999997
69c6ed33-1511-4acf-b9e2-c524c7c0702a,0.58672036793845,185.77999999999997
4a1059b6-e614-4945-a58d-c5536e9a66dd,0.58676259188875,203.77999999999997
bf02587d-a7b0-4a82-bbec-ff8961ff94fa,0.58291670018895,239.77999999999997
3b6df952-2f9c-4d4c-89ed-db1edfa970a9,0.58534328507515,178.78
ad2eb231-8d1f-4c27-9e50-3b8ee7448946,0.58676259188875,203.77999999999997
df4656d2-5488-4555-9b3b-224dc422c649,0.58536899087525,227.77999999999997
da0bf6f1-8a36-409d-8166-9d58866db622,0.58662629126305,170.77999999999997
b600d43a-1149-47a6-82e7-e7574b97965d,0.58495767582075,168.77999999999997
f7c77cad-25d0-48d7-9969-de34dcd79ac5,0.5849606682693,225.77999999999997
b17ec92d-6152-40bf-9f3c-c82949ee9d86,0.58622330297975,184.77999999999997
d0c4cb47-1eb8-412f-b7e9-c4d5894160e8,0.5876491876353,190.77999999999997
645b7db6-4ff7-4789-97ca-3f065047cf26,0.58672036793845,185.77999999999997
36671d69-0a83-4b94-9174-08431a0e1e31,0.58599188312205,168.77999999999997
9349105c-fb09-404d-b79e-71cbe538b6a1,0.58461985205245,203.77999999999997
ddbc5260-7037-4d5c-aadf-1509b72d7de7,0.58819091343765,198.77999999999997
8fd5e533-fc90-40d7-b24f-d95f60ca6525,0.58626531488085,221.77999999999997
c78096fa-79ac-4cd5-8531-23b6850702d7,0.58632852212485,191.78
bd6b2cfd-3619-4c3b-8298-87f0628313f3,0.58286562591955,244.77999999999997
b05fa8f9-5031-48ca-9497-e4db8bf1be41,0.5824981326866,276.78
cc0aea97-23d5-4202-98db-04bb41c0154a,0.5851006879578,251.78
dd0830a7-eb76-459e-a657-fa3aca6865be,0.5819314820947,263.78000000000003
c4ea9f50-275f-4228-ae23-8212d1b50966,0.58542074549815,206.77999999999997
e8bcc458-1095-4b1e-85df-c395024c8cdc,0.58323070764355,236.77999999999997
016764e9-90dc-4ec9-9cb6-0ead47a68b54,0.58495767582075,168.77999999999997
70da8128-f647-4611-b141-0969f6700efd,0.58251131615655,226.78
bd0df31d-6ce4-4bb4-83e7-fc32db836181,0.583481836312,214.78
436cd27b-fc7d-42cd-bb42-05d9e93268cc,0.583534969001,243.78
8cc67f23-959d-44fc-b946-f66e91d59900,0.5874264378692,251.77999999999997
b8085665-727c-45e1-8781-b04a556c3ce5,0.58599188312205,168.77999999999997
ceeb50d6-aedf-4c3f-8452-5c89e0c6f325,0.58076715863835,262.78
456ff5cf-3a09-4827-b6f4-48161c5ac1cb,0.5849985605017,224.78
32e11ebd-a184-4f83-8116-b8f2f19385bd,0.58626531488085,221.77999999999997
debed8aa-9a42-4cd4-88aa-74be8e09027d,0.58632852212485,191.78
b77892e1-76a7-4aed-a67e-808dd9242aa5,0.58666525812785,190.77999999999997
84593d8b-9004-4a1d-8f53-c189bc09f21b,0.58239300054555,218.78
d42837ec-d8c8-432a-941c-69f30cf01afc,0.5851006879578,251.78
759e1d84-4235-4848-891c-d34a057a8504,0.58768838441065,174.78
0288a402-886e-4f73-a9d7-52df80049d49,0.58542074549815,206.77999999999997
bfbe8cf3-9540-439d-b75d-edd4c2b62c59,0.58626531488085,221.77999999999997
911cf71b-e615-4034-8bbc-176fd3e59ae8,0.58495767582075,168.77999999999997
c2714495-35af-4370-be27-2d49f8c12520,0.58431984853325,205.77999999999997
5693cd28-f999-41a1-be2d-38b6f4e639d8,0.583481836312,214.78
42a39264-73bd-4d62-8c17-dbb40251b54a,0.58537138822135,247.77999999999997
65e519cb-2b68-44ef-b265-e81abb77c7d6,0.5850531672558,203.77999999999997
ea6c9353-c3a9-4ff2-8a07-5bf5f122ce2c,0.58599188312205,168.77999999999997
44102d44-759d-4291-b169-8a727ae68c83,0.58626531488085,221.77999999999997
7ec0513a-911b-41f6-a81f-3ba64cc7d58d,0.58632852212485,191.78
5c6e31e2-e45c-48c1-ac3a-aaa93728d205,0.5823183169465,217.77999999999997
4fcf31e0-4906-4adb-b032-d4a4cb84a392,0.5840948429315,233.77999999999997
a7067f75-ce7d-4624-94ec-cdd65b2ed75e,0.58501525516875,244.77999999999997
39e6ef9e-f2c1-43b3-ab5f-0873fcf610cd,0.5835410240543,229.77999999999997
679257e6-fa2f-4275-a52c-471fa89b1d4f,0.585195944384,271.78000000000003
377b43ae-b70d-4f56-9ecf-3a2d28267709,0.58503529821315,276.78
3aabf03c-dfec-4c36-9490-12f63829d6d6,0.5854841451588,212.77999999999997
f19092c2-b51e-48bb-855e-a0edac963faa,0.5858671658659,198.77999999999997
7e832ef4-ad0b-495b-87ab-975821941a3f,0.58495767582075,168.77999999999997
c11e3ef5-4d75-4871-85f9-339595328f7b,0.58665491780715,222.77999999999997
323c4215-1dd0-49df-a271-e731f8a2c944,0.58483003904885,245.78
43dcd07f-dbb5-4dcc-a2d8-0389580e54c8,0.5822998560188,245.77999999999997
a41a758b-6840-4ac9-afde-fe231b3099fc,0.58451654665105,221.77999999999997
de709b67-932c-4cd4-b32e-64cf194e6075,0.58599188312205,168.77999999999997
b3e30a60-5137-4f43-92fe-c5f326412071,0.58681269771805,197.77999999999997
bccc6b21-8686-40fb-a128-da1ed1f45e81,0.5867984342864,227.77999999999997
e9fd2710-67a9-40d4-8896-de8bf8a77b23,0.5823183169465,217.77999999999997
aa19fbf2-87ba-4299-855c-9633a45fce2c,0.5816843369695,277.78
5231c103-184a-4bc3-8759-3eec8becdeed,0.5823183169465,217.77999999999997
57a7babb-f739-44af-8d5f-848eacb483bc,0.5836194144692,229.77999999999997
471cf022-0e0b-4de7-bddc-af108adf2eac,0.58400634338815,230.77999999999997
96609f79-7edb-49e8-b82f-08f19b499c29,0.58650774249,251.78
697efafe-5bc8-4fa8-b723-e46650e37d96,0.5854841451588,212.77999999999997
15cacb14-977d-4295-a5ca-ce176eacc202,0.5858671658659,198.77999999999997
d0a2afce-42a5-473d-bce4-15fd7055fff6,0.58495767582075,168.77999999999997
2970b1bf-78b1-487c-89da-abc7fd63aada,0.5794417665854,263.78000000000003
7fdec9c1-8e69-4466-9d28-601da0c0c1bb,0.58571494108545,237.78
dee964b1-7dc1-4eb3-86e8-3d090e092946,0.5840948429315,233.77999999999997
d4ccac8e-a067-4f95-aa19-361445d40152,0.58361313171225,227.77999999999997
1552e8a2-09e8-4f75-a29b-ada6cbe9bd8d,0.58599188312205,168.77999999999997
0ba82e15-a124-412d-93dc-28673edf1338,0.58681269771805,197.77999999999997
8217bb68-f289-4b83-aaf6-93e923a45a1a,0.5831404061838,202.77999999999997
05821806-a5ab-4cf8-8c40-92093c309136,0.58262189562035,207.77999999999997
a97df469-eaeb-45a1-842f-82516f99cf5b,0.5812092323789,251.77999999999997
68de1ff1-4a97-4b50-9527-78c1634050aa,0.5852236141088,227.77999999999997
f51cf761-ebeb-42a3-a56c-730a91998811,0.58145168159355,247.78
b708474e-edb2-45f0-82af-7ac72cbf014a,0.5850308000113,231.77999999999997
f4dae92b-2005-449c-a285-a4fbc6e73992,0.5872740370435,237.77999999999997
ab914cba-80fd-437d-b878-78a1888db90b,0.587280706998,213.77999999999997
caba7457-916c-4c33-a089-84c4f4d46a7c,0.58463715862175,198.77999999999997
238f1ef6-4ef6-4760-b1a1-3122528a4407,0.58495767582075,168.77999999999997
87e77fef-3aa0-410a-b1a8-ac8b22081280,0.58415521247375,229.77999999999997
3efeca94-5bac-4188-9ace-53cdc2090712,0.5858779720751,230.77999999999997
2e736d28-d054-46a4-ac19-985335162d43,0.58481917410605,224.78
18a0328c-a987-422d-8070-f9c86ed17e96,0.58638226474745,197.77999999999997
6fdf0257-0630-48b0-be0b-ef703a1cb37e,0.58599188312205,168.77999999999997
1dceaad7-5687-4bf0-aa31-0d63e31cd4c9,0.58418465543675,199.77999999999997
106e7142-4aab-443b-9d14-b0947bf47bcc,0.5865157490387,216.77999999999997
8365a152-bebb-4d5d-bb16-e19cb499adc5,0.58262189562035,207.77999999999997
d2355700-57cd-4b46-ae34-843b0dade37a,0.58293558243655,251.78
e26dd556-c1ff-4546-b2d5-9f51de8d571e,0.58515620058175,213.78
d5d31676-fbef-4e9a-aad3-7e878f141d80,0.58393043812045,187.78
bcb78214-d7e0-4afb-82ce-ba83432326a7,0.5847199332099,208.77999999999997
b59e4914-7266-4852-a8f2-d43d46f24095,0.5812092323789,251.77999999999997
c81b8fab-2b8c-42fb-9757-fc4c527aaf12,0.5830141454077,250.78
f996e0cf-6a5c-4240-ac08-afec6bf1a2cf,0.58463715862175,198.77999999999997
ebf4b9bf-5db7-42ff-8329-28c8ea995c4a,0.58495767582075,168.77999999999997
55a66207-2ac6-405a-a4b0-5ff034b604af,0.58262189562035,207.77999999999997
b851cad2-1b7c-46e6-bfe3-867347a8f8fc,0.58262189562035,207.77999999999997
ae4b613a-4229-4744-b5d5-66ed01950c4b,0.5820312439575,199.78
2419d1ac-3379-44cf-98fc-f011c316e9b6,0.58638226474745,197.77999999999997
e256d3f7-9ce1-4d13-a32b-ebd0b11a94ea,0.58599188312205,168.77999999999997
149fb2ea-db5d-481a-9d47-9fa05659068b,0.58418465543675,199.77999999999997
ae2f1d7e-156b-483c-981b-a1933d8467ad,0.58189753504515,272.78
953dacc8-8162-42f5-bc0c-3c22a69185cf,0.57717845583945,246.78
7d26749d-c7ee-4248-bed8-52326c0f3c84,0.5835712238462,243.78
b4790e8c-765d-4163-8a0e-99adcf4df660,0.5824873860532,271.78000000000003
d166f453-bc37-4c8c-b1db-db8bdcf007e1,0.5845554879374,250.78000000000003
fe27ff30-980c-4b32-b713-2515417a928f,0.58401936578255,246.77999999999997
7c259ddc-57b6-4649-9c77-2c2c349a353f,0.5815307279612,251.78
64fde595-dd85-485f-9834-67efd6b68549,0.5885270982737,215.77999999999997
6a3241f0-3a11-401b-b387-2b95f4edb8af,0.58363844339275,248.78
71e54aaa-622d-4638-a1e1-00cf6dd7aaf5,0.58495767582075,168.77999999999997
dcd3f5b0-3055-4796-91e7-85d0f06923fb,0.5819302128642,255.78
d32d0e28-abaf-4cfe-af7d-d37011af5460,0.5848523928049,257.78000000000003
e8acb699-abb0-4e54-953b-8d16014560d1,0.58373200704065,226.78000000000003
aed548c0-bca2-460c-822a-d2cf48ba7ad1,0.5828264514804,214.77999999999997
6a1cae9b-6585-454c-9e9c-b12bd75b9762,0.58599188312205,168.77999999999997
2a6fcd1b-c3f4-463e-a303-5e995471e80a,0.58785164942255,205.77999999999997
20eef455-8bfb-4c41-a185-9bb31e82643e,0.5849354337309,264.78000000000003
e5ce37db-15d9-45d7-95d5-ea4f24ca5d21,0.5868575476653,224.78
fc0576a5-d031-419f-a55c-53161bab6cd1,0.58276162232615,247.77999999999997
806b6129-a1aa-49a7-9006-eb01dfe2de1b,0.58322418371775,229.78
fee1c397-5352-4ebd-93ee-fa31f4886392,0.58409647447965,239.77999999999997
5abdd1f6-a179-43ed-a388-c3da9578098c,0.5835712238462,243.78
d546d45b-1b80-4f04-8ee7-7555cf0dde1b,0.5824873860532,271.78000000000003
7dec1e51-72ef-4f0e-b1d1-368c55273962,0.5885270982737,215.77999999999997
40127169-9726-476a-a9ce-fa047d38878b,0.58441913162605,261.78000000000003
76740d03-e8ad-440c-bc9e-60a5ec780c3a,0.58495767582075,168.77999999999997
6c4f983a-e92f-4ce0-b555-ffde2cdd63df,0.5824873860532,271.78000000000003
a78f4833-6717-4a2e-9d61-e7180e3381ef,0.5823013642951,236.78
552e8b4c-7608-4800-8134-5a589248cc04,0.58373200704065,226.78000000000003
9fbc9186-9587-43de-a0ad-a99155870da9,0.5828264514804,214.77999999999997
0f0e424b-104f-4f35-bf82-20795277fedd,0.58599188312205,168.77999999999997
791f5c49-d307-451c-a4d3-ec4126a6ff68,0.58785164942255,205.77999999999997
1bb70fdf-02d1-4668-b9d6-22e9f6839e71,0.57717845583945,246.78
d9a5d5b3-8e87-4366-a3a9-8027ad2ee56d,0.58671181737755,220.78000000000003
545c4d41-9f0e-41b1-8d3f-e62c89245bfa,0.5847662372592,263.78
85940328-a4ce-4407-bb29-d108f6a97c79,0.58231649642135,199.77999999999997
41ab452a-e4ce-46e2-9c9f-dd45efdbe0d1,0.5843656686908,240.78000000000003
cfa40d43-9f65-43bf-bad0-a4a3d6917ca2,0.5821748396782,246.78
4decec81-cc7c-4dbe-bd14-216cbcc90faf,0.5860289806736,274.78
9cac39d0-4a8b-4427-bdea-97d99fd01d42,0.5837420679036,251.77999999999997
54cca403-c870-4b4d-86e1-2e146d22a102,0.5827656990649,266.78000000000003
f4e7e030-c3b7-4af8-8645-5401d7ef910b,0.58495767582075,168.77999999999997
470721e8-c592-4433-88f3-0adf73ae61c6,0.58291897373435,225.77999999999997
86afd78b-2f7f-48d0-859f-7224bf65e66b,0.58684600567525,238.77999999999997
6725bda2-f5fd-4fd6-bb25-074b7b864981,0.5815219219301,259.78000000000003
3f931584-9241-4a1f-b1ac-06d4024b5ba7,0.58855447350465,197.77999999999997
eb50a460-4563-45fb-ba68-ebd0552cddd0,0.58599188312205,168.77999999999997
b730791c-a0ee-4210-9e50-941bdcdbf157,0.58329051385865,201.77999999999997
30c279ea-c217-4c2c-9ebd-141cd05fb2de,0.58659351156975,226.78
6b148e56-1f25-4db0-8670-4a5a663ffe13,0.58671181737755,220.78000000000003
5e388b69-2f32-4217-a356-167139f85097,0.5904826890262,184.77999999999997
c539e236-93bb-4c1a-9d90-a29182640612,0.58231649642135,199.77999999999997
cb585c5f-2794-4de6-a504-1a2dd308f62a,0.5831420172316,230.78000000000003
3e3fcbe2-56b9-446e-ae80-b76a5f3811b6,0.58610473518805,232.78
50e4908b-9c43-4d3a-9561-163e88305189,0.5846929693462,246.78
34af486f-1824-49b6-8f66-5aeb54845601,0.5842848424946,189.77999999999997
0249c7d1-fc33-432a-bd5d-891354a50542,0.58457817853555,263.78000000000003
71ef1671-9a60-456b-b29c-f12a80dd5493,0.58495767582075,168.77999999999997
123fe89f-d892-4674-bad3-c6b45ee6795a,0.5861663541936,261.78000000000003
de225ad9-0f96-45bd-937e-ae24b241a2eb,0.58687059001315,239.78000000000003
6dcad6f2-83bc-4b7c-bdde-57801d1cdcfa,0.58799274081095,245.78
8343b151-ec7a-4d9c-af92-1c88b5a0dc84,0.58855447350465,197.77999999999997
1b828ae1-6bc0-47e3-8810-8afbedb5a9ac,0.58599188312205,168.77999999999997
9dadd7ff-3095-459c-8eed-5a44a1c557a2,0.58329051385865,201.77999999999997
01e81be7-13dc-4020-95fa-340be1e0f7e2,0.5821604631236,247.78
c894782c-5a0d-409d-a536-ece0af18d9ef,0.5842523534483,208.78
709a86ef-3ba7-4e65-a71b-0e7a3cb44d7d,0.58453971832095,219.78
fc9601a7-0ca3-439b-9785-d3c71147c678,0.58327490636,250.77999999999997
7a0ebdc9-f7ad-42ea-81bd-a3c29bca8731,0.58139897726285,264.78000000000003
fc3dd6ac-0896-4b87-94e9-9fef4ab31224,0.58580908239595,236.77999999999997
00306fae-d9bb-47aa-8222-0de2d60f028a,0.5848590768693,204.78
6783d134-f71d-48c8-bdd2-53d3750b88a6,0.58474028029885,206.77999999999997
9da06634-2bda-4c52-b8bf-26fea9fa6e1d,0.58712658404195,236.78
f8f2da62-ea1e-41a5-87e6-bf6df7404987,0.58495767582075,168.77999999999997
174922f1-f8b5-4645-a765-97ab1b6d1463,0.5817892354553,234.78
3ec90ee8-e205-489d-aec0-6432a8e2fadb,0.58548438649255,218.77999999999997
3e369b41-debe-4770-b4db-29346d3aac6f,0.58845363322715,236.77999999999997
73a44995-d203-4764-9215-640c696ae683,0.5846009647601,303.78
3628d311-b561-4384-b141-6719a39830e0,0.58599188312205,168.77999999999997
e7649684-045d-4d02-9f7e-4e1113f230a6,0.58509674696555,248.77999999999997
80e392fc-7e76-4ec3-a4fc-7e1d43fed997,0.5826435270309,279.78
28760938-6776-4780-bae9-c9f7b1e1c9cc,0.5842523534483,208.78
b19736cd-5125-414d-887e-e13eb9fba342,0.58453971832095,219.78
5f29f96b-3eab-4015-a673-0d716c0497ff,0.58453971832095,219.78
eb9d0a0e-9b9b-4adc-bab3-235a11b157c9,0.58506374208585,212.78
cb2ab17e-f801-46c2-838e-5d9bc6f605f6,0.581409808392,214.77999999999997
b82a8e7d-9cc2-4fa8-bb60-7a0afcc36bbd,0.5848590768693,204.78
76e0fe0b-f5f3-4cf6-aec9-35cd6dacc3ef,0.58474028029885,206.77999999999997
fbbda0eb-10e1-4ab7-88a8-8b0179b02c4a,0.58450895532515,230.77999999999997
d06adbbc-a8c9-4d46-aa7c-b8791b769a63,0.58495767582075,168.77999999999997
79fa99b4-c26a-44c7-b1e3-cc5e08d7a4d7,0.5846956609125,249.78
0e7dda32-60de-4e22-a6ac-92675cea138a,0.58548438649255,218.77999999999997
99625b75-2431-44c1-8c47-13fff4860cbc,0.58516397202055,224.77999999999997
707daa7c-408f-4f82-9438-34a238a5dc71,0.5816027954991,213.77999999999997
24105306-9610-4775-a286-9a343491272e,0.58599188312205,168.77999999999997
aa9fd78f-563e-4e35-9a12-b41b4e4f6b5d,0.58307371813905,217.78
24d06b2b-25b8-43fb-92dc-0c5bafdcef4b,0.5842523534483,208.78
0472bfa2-efbd-4fc4-8631-b4e6d10f0cf3,0.58942839793595,235.77999999999997
c1e3050a-5707-4b57-91e2-0a475c40c263,0.58466709780995,238.77999999999997
245659bb-140c-477d-8159-3cf1fd07434f,0.58287070111235,233.78
f1a58766-ce40-4a71-be46-51323bba8049,0.58436590525875,232.77999999999997
3b7c05c6-3e45-4e73-bcb7-3840fd2e9538,0.581719660971,224.77999999999997
895bb7a9-b7a7-491e-9df1-897ed15a41dc,0.58074425010235,269.78000000000003
65a8f7bd-1fb3-4823-90d1-c5a83ca5cd3c,0.58595111045285,236.78
a1f36103-cb40-4e00-a5e3-c47e7e7df8a9,0.5837835835576,235.78
ff6e290c-9592-4045-8f38-360ef9c68388,0.58495767582075,168.77999999999997
9b409636-ffcb-4a5c-91b2-8f693d875120,0.5887104948965,286.78
ac186b90-dbff-44e7-a317-8efeaeac78b6,0.5814205838799,282.78
9f772d14-c83c-42be-9b09-12833d5afd7e,0.58284756053315,258.78000000000003
2acbbf11-4e68-4029-bbb5-81c24a81a253,0.58626604279825,211.77999999999997
86fcea5e-bb01-483d-8ef8-2b842b45a5c0,0.58599188312205,168.77999999999997
51527032-103c-4f72-a0a8-9580d6b07bf5,0.58414295974045,262.78000000000003
0daef7f6-bca9-4344-b70f-747bff7922a9,0.58359645835745,227.77999999999997
dbd5750a-e4f5-4faa-b75b-e9b0b2b2b2e6,0.5874497034829,206.77999999999997
9e874eb9-26c2-49eb-a59b-f2223f5c5f9e,0.58466709780995,238.77999999999997
72bc0325-ee61-4328-81be-c240db8a2efa,0.58287070111235,233.78
0de83cd3-820d-4fa2-8cd5-edaec2770771,0.5855180434062,275.78
4a55d72d-b3c9-4f8b-abba-f42f9c1d3e35,0.581719660971,224.77999999999997
593e36ca-8cc2-4cff-ae18-ce853a881149,0.58478943467065,237.77999999999997
b3833565-9c78-4377-8b7b-4f753741bc58,0.5842285274956,219.77999999999997
80a10d3b-cfed-4130-816b-ae3d85e71700,0.58942839793595,235.77999999999997
133ebe82-401d-48ea-b8bb-20a4b519e95b,0.58495767582075,168.77999999999997
7a3b265f-be31-4ecc-adaf-ce9f674d6962,0.58466709780995,238.77999999999997
79efb575-8318-4010-87f6-0f082554eb84,0.58942839793595,235.77999999999997
4c2e3fa4-97b7-448f-8042-07db0dad0761,0.58209458902365,225.78
9e932839-3339-4270-baf7-34a77f926573,0.58626604279825,211.77999999999997
67bba435-4926-496b-af11-d96221c064e6,0.58599188312205,168.77999999999997
e9e06a98-a7be-4a81-8511-e9ac827ae508,0.58466709780995,238.77999999999997
650c0f8b-9e57-4232-9c81-7cb91fbb7748,0.58359645835745,227.77999999999997
03912487-1693-450b-ac7a-b036f6f60464,0.58155426071955,261.78
46bd249e-1b8c-4feb-bc88-f42e7c79c6d5,0.5828703506087,240.77999999999997
d22c429b-5283-4d9b-8a65-e4314de6b619,0.5796120372159,207.77999999999997
9f25ad6a-6cdb-4784-b41b-ad87cb81b26d,0.5806782788239,267.78000000000003
fb68d460-bfa1-4188-9b93-3611f45e3213,0.58270694120055,227.77999999999997
60c24b48-38b3-4646-83e1-9a5957887bc6,0.58279312500625,229.77999999999997
e164c7db-e54b-4371-95dd-5d5f134a4a52,0.5819813133895,254.78
abc35134-c360-4d51-a6ba-e540026417e6,0.58610765948605,258.78000000000003
1ef3828e-dbf9-42f3-9a3e-333cf69df20c,0.58495767582075,168.77999999999997
cc2fc0ba-3d3b-4950-b1ec-bf587a972c85,0.58130240333925,247.78
6934d714-eb4c-4384-8b8a-07f8476fc487,0.58871283023845,222.77999999999997
2969f8ad-2fca-4909-a8f9-e1890506fa7e,0.5844595933684,267.78000000000003
d2564527-4917-4d2f-85d7-ae823d7b4907,0.58222449107735,259.78000000000003
e1f4c502-9c6a-4d69-ac82-3e8ff76afb00,0.58599188312205,168.77999999999997
104957cf-b1bf-49ba-b4e2-4977138f4402,0.5860766907496,245.77999999999997
22c8d737-bc4a-4191-8ac3-a43bf0f62e05,0.58617016197955,202.77999999999997
5f5f79c7-33db-469b-a8c0-b4a766077eca,0.5828703506087,240.77999999999997
e8f0511a-3d86-4abc-8046-a4c70d336e49,0.5855934855374,223.77999999999997
6b0fc514-58a0-44a5-a76a-cf5d9f147e9d,0.5796120372159,207.77999999999997
69cb4515-19e5-40f7-9055-2ed18f91ae6a,0.58293722316185,260.78000000000003
8a50ddb2-8d02-4127-b0c4-d884632e1e48,0.58270694120055,227.77999999999997
0badedf6-3c84-4f24-a493-71acba736aa1,0.58155426071955,261.78
8c9c0733-bfd5-4a17-9ce4-e6334965656c,0.58510089019085,242.77999999999997
b385fdca-e2e3-4805-bd80-88aacafe0d86,0.58155426071955,261.78
c1f14097-c36d-4cad-b316-4d448c7ef246,0.58495767582075,168.77999999999997
06237ed5-d1b8-4eaa-9d48-609531aeed1c,0.5828703506087,240.77999999999997
bd76b1b4-be58-48f6-9b4c-0302f45cf836,0.58871283023845,222.77999999999997
77bdba91-acab-4074-aa57-fdf5c1eb2592,0.58155426071955,261.78
429ef0d6-462d-4e3d-93d1-6e91d2010999,0.58457525023755,225.77999999999997
0bab7e92-6d18-4f26-b447-d8c6c1acaadb,0.58599188312205,168.77999999999997
19e70da5-e037-4c0f-af5c-28987b1fc5ac,0.58241945944885,252.77999999999997
60229db6-1f25-4a4a-8955-1902e1bc0126,0.58617016197955,202.77999999999997
52964034-c951-4bbf-84c1-0f400f4b7bc0,0.5853422563178,202.77999999999997
c0ff49b5-cc92-4b60-80a8-1490ba44cfd4,0.5852064633393,230.77999999999997
4958a55d-c40f-4740-9fbc-6d1f2915c501,0.585076433486,267.7800000000001
0f1c5065-9f06-4b31-a183-c81ce59c3c7d,0.58081784853375,256.78000000000003
533cdfbf-a64d-40aa-a206-81df658bc625,0.57716561704965,234.78
4f56bc0e-74a5-429c-a179-ef6a06a1016d,0.5862486985987,243.78000000000003
a617b8c1-d454-4585-9aa1-ae763592a4b8,0.58549012679775,237.77999999999997
e0c4ef2b-19af-4f8d-adff-6616ac0bb391,0.58304984306195,263.78
8b5644ab-414d-4acc-8ad3-cb15800e359b,0.58495767582075,168.77999999999997
70a32f4a-38fe-44ee-b6e1-f58bdc5e1e92,0.58780968940385,209.77999999999997
51af13f8-207c-4b05-8b65-eaf54d28f960,0.58398188210885,252.78
88462232-432e-4f33-9970-785d6d72e9dd,0.585839882111,250.77999999999997
d85def0e-cf36-4e2c-a7ee-2985b2153d55,0.58397424997715,226.78
912c4136-b5f7-4f61-b90c-5e010a3f5366,0.58599188312205,168.77999999999997
c7e744eb-c731-47ad-b832-2c14cb6d125d,0.5854667050062,233.77999999999997
16cdddf4-bbe8-42a1-889c-7e44f38eab5f,0.58579543659525,192.77999999999997
8b6a7b36-0064-4e99-b743-8de1b3f623c6,0.5853422563178,202.77999999999997
51d7d6c2-a24e-4e5a-833d-ced2b1dd7236,0.58475568666235,245.78000000000003
aadcd674-63d1-4833-8a2b-8b902a057a27,0.5872470154277,239.77999999999997
8dd11428-46b7-460f-8c52-c9f2aa28daf0,0.5849396700913,207.77999999999997
15f02e11-1077-401f-b0ed-7a91d69f2b35,0.58285153128825,244.78
982f7771-5b6a-449c-90a9-22b16695847f,0.5853422563178,202.77999999999997
7f28159b-1308-4550-8a85-d4ce88c99a50,0.58309018747795,228.78
03161515-cabf-4cff-94b2-c5e72e60c6e0,0.58184184125565,208.77999999999997
b4f12885-565c-47b5-ac09-e790cf6756b6,0.58495767582075,168.77999999999997
caaefec8-f0f6-476a-9f0e-64de232f6032,0.58780968940385,209.77999999999997
7e893b3a-87c1-4b39-83dc-0eac64a43268,0.583054188392,218.77999999999997
830d75fd-7e14-44f4-830d-585bb1d172a7,0.5853422563178,202.77999999999997
847cd925-ebd6-4f41-ab1f-d2b3c2bb70e4,0.58397424997715,226.78
f6bf3de8-6772-4746-8d24-13f948f6a826,0.58599188312205,168.77999999999997
19922455-e430-44a6-ae8b-044f20076229,0.58502165373565,223.77999999999997
c5395525-3680-41ce-82fb-5ca225dd03c6,0.58579543659525,192.77999999999997
3bfa61d6-e628-471f-8a57-bef981f5c91e,0.5813329634299,203.78
598e9a25-75da-4d89-a3d1-d08d023a19fe,0.5827903015859,224.77999999999997
d05a5299-b9ba-48dd-9a92-a335e4fa1256,0.58149864298195,249.77999999999997
a8900912-4297-4cd2-b021-c3b211a78b44,0.58627989470395,246.78
d394b6fe-1d2e-4204-8bd0-a45326bd248e,0.58441643031105,247.78
e763211d-954f-492c-a71b-5c421878af30,0.58459174527335,268.78000000000003
4c2cb63e-ccd3-4f6e-bc25-6b86d84060b6,0.58692650584325,234.78
9dbd5d6e-2f5f-41f8-8e35-fbe5233548bb,0.58447724983855,242.77999999999997
ccde0293-ea72-4e48-a50d-b84e3cf0f65a,0.58495767582075,168.77999999999997
2b68b994-3f86-4416-a82f-431500dd23aa,0.5833296095012,239.78
daa6672f-952d-49cd-bbb6-0fc6c2b72677,0.5839787570397,234.77999999999997
7cbee7dd-715a-4a3a-b3b5-2bb61f7f846d,0.58205984859985,266.78000000000003
f715fa08-9760-4a71-a15b-b840c42ad6b7,0.58501892887125,272.78
67dcdb3f-724e-4885-8781-0aae4653db7a,0.58599188312205,168.77999999999997
d7c3b494-5d92-4fe7-837b-6e7dc6fe344b,0.5858555240478,270.78000000000003
fe1f0632-6568-4026-b9ba-f2a6873ec138,0.5841696252416,234.78
ab41e300-f461-4ddf-8470-c5b726285694,0.5813329634299,203.78
595bebd1-1342-4279-b2c6-2160823e46c0,0.5827903015859,224.77999999999997
b28cc0f8-3e78-404c-bf87-ceaea01eddae,0.58656943861625,226.77999999999997
9868e5e5-7104-47e4-a152-815cb7305f3d,0.5864039276522,212.77999999999997
a288409b-caec-4d66-b225-1138461c3f43,0.58500216419125,247.78
b6f1b9c3-46a3-4b00-a1a2-5761abbd24a2,0.58631440520275,220.77999999999997
1178b141-0d85-4f84-936e-3e62aafc8f56,0.58345745772255,241.77999999999997
a4d952ad-34c2-4243-afbb-35dc3c5da423,0.5813329634299,203.78
5665b5e7-7987-47e1-bcd4-211d3909d9f8,0.58495767582075,168.77999999999997
a9b90abe-32aa-4266-a398-d5e6a0b9a34b,0.58426519674935,205.77999999999997
9cf6e81d-5d84-4056-a714-82ab8eaaacef,0.5839787570397,234.77999999999997
104d3902-72e2-4fe5-8ab7-5d413aa8e357,0.58575666184,240.78
3a4976e1-6845-4e76-8d0c-01f35dcb3a70,0.58149864298195,249.77999999999997
0daf8cd5-0994-4964-a5e5-36db3e6528c0,0.58599188312205,168.77999999999997
2e8311eb-4331-44f0-8725-837ea4b11398,0.58627989470395,246.78
1e5b33aa-6845-470a-88b7-8d884572ebe7,0.5841696252416,234.78
7bc2ab2d-50bc-4e65-853f-3a38d713045b,0.5839865977359,204.77999999999997
004d685a-a587-4658-a41e-1d7e3b9d73e1,0.5837379544514,218.78
54228775-98c0-4eff-9c46-5fc3cb551342,0.5829723727459,223.78
0799a11e-f3fa-46ba-ae63-e58026eeefd9,0.58331743422605,221.77999999999997
2c8fc2fa-f82f-446a-9cdf-41cf464f5ac2,0.5849503950803,222.78
ecb0aa08-7ba2-430e-9860-8cd92b5ab2b2,0.5843546625302,224.77999999999997
28dd9762-4e5b-4ae9-82cf-0483c5b9f494,0.5870555874184,218.77999999999997
7e7ae84a-fa1f-4d64-b3ee-115823bb8c86,0.5833308859898,227.77999999999997
d87d5a99-6170-4f26-8a20-975a3e8108bd,0.58495767582075,168.77999999999997
b2510d09-d4d6-4e28-8c1f-f46d4ec6e914,0.5823438413683,223.77999999999997
70d48278-ef90-4511-af31-b2a750456b06,0.5847996550525,250.78
9433badb-fc16-4c7a-b43c-be5933008386,0.58679919743645,194.77999999999997
69fb7f92-047b-40f9-b8e1-6ccfe7c9e94e,0.58283709002935,212.77999999999997
d53e9d86-2985-4b6b-975a-3a0d51f6ffe8,0.58599188312205,168.77999999999997
9f259376-35d9-4631-935e-1024edf52bc9,0.58453134984575,206.77999999999997
ccafd4ac-beb0-40c1-905f-46258e32d8ca,0.58717772686635,239.77999999999997
52b6b51a-52ea-4fd3-9f2e-074c1fa1d727,0.5839865977359,204.77999999999997
7f78d063-0f6d-4a2e-9716-887bae7f3723,0.5837379544514,218.78
b84f1b86-6a33-483b-ad5f-5aed203f7298,0.584210050936,243.78
2fe18f73-8278-49be-9972-6c35f2aa01eb,0.58554684542555,197.77999999999997
680aa3f0-97d8-44f8-9cb4-caff3bd9e0fe,0.58384206870935,226.77999999999997
3d141f36-35cb-42e9-ad66-eb3144dfd7c0,0.5829723727459,223.78
afff0ccf-500b-4df1-b0ea-0ea093b7def6,0.58170537813355,252.78
ff2aad54-55a4-40ba-9703-3a2e3d9d4f9b,0.5837379544514,218.78
ceecd98c-2567-42b7-923e-049473a7a6f9,0.58495767582075,168.77999999999997
b186cf05-4726-4002-9ee4-9af0cbf02b20,0.5848546389902,218.78
45694809-077d-4060-82b6-d98b473c53ae,0.58531210394095,194.77999999999997
85184234-a48c-4a8e-b365-77a1ecd85934,0.58679919743645,194.77999999999997
f894b960-949a-4e14-8f43-bcba279ae4be,0.58283709002935,212.77999999999997
f3db8cd6-55a7-40e7-95b5-b5b310ac0535,0.58599188312205,168.77999999999997
48e5d20e-23d8-4b6b-bdaa-5f176ebe185f,0.58453134984575,206.77999999999997
12ca6147-6ee3-45eb-9e46-2c0b728055c9,0.58465529208735,220.77999999999997
04f5af92-a434-4915-bac5-ae7d1ef31a3f,0.58596998397345,209.77999999999997
de4c67b2-96e1-4b56-840f-d81970882e12,0.5835583735212,229.77999999999997
ca38ffca-05c4-451e-96bd-56721d536c1d,0.5853803291869,244.77999999999997
fbb83fb9-658b-4ea7-967f-200fce760e63,0.5830340252082,256.78000000000003
15952719-c705-4285-8dc9-9f0d424a1c90,0.5835629496354,221.77999999999997
b8c9aa4a-945e-4810-b5a9-80bcaf2a22dd,0.5842381233415,258.78000000000003
38023656-75ae-4894-bac7-d04b2785aa97,0.5841123996568,249.78
8d1082e4-52eb-4488-9a3d-954f3e45a65c,0.58532183863455,229.77999999999997
ef3e76fe-9ec9-4390-938a-5b3e80c13749,0.58495767582075,168.77999999999997
ec60efa9-f12a-4ba0-a16b-f067187bebd3,0.58290862828635,263.78000000000003
302739c5-37fb-4212-b5ed-905b27982df1,0.58522568075535,201.78
b53c2d5d-67f8-4907-b171-5365a94e63a4,0.58527019440865,259.78000000000003
0fb6940a-1dac-4312-b75e-7812680a75eb,0.5839744345109,225.78
14cf6cd6-663c-4d12-b7e0-891a55c54b9d,0.58599188312205,168.77999999999997
15300bc4-4c6e-46e8-b04a-a18ab87f5e81,0.5845127170236,244.77999999999997
d2a75f47-183b-42e6-b647-2211bf34d3de,0.58234824038035,264.7800000000001
f6a27306-3329-44a6-8ce4-3ac74970b41f,0.58596998397345,209.77999999999997
0ad2d30b-6fac-4ec4-9894-22f5dbfc1aea,0.5846057955208,219.78
a19593de-8445-4a0d-8dd6-c00619156901,0.5835583735212,229.77999999999997
2a31a283-5597-46b8-947c-046c0fcd64b0,0.58286012069515,222.77999999999997
e90b3ffd-a902-42b6-9087-02a60b2da147,0.5835629496354,221.77999999999997
34738534-df89-4692-9ee4-141beccf9cb5,0.58590129952175,229.78
ebe3c378-9c3d-475f-9341-291fa24af2ea,0.58146365121375,240.77999999999997
27bbaa28-82e7-495f-9de0-faba87f1b980,0.58596998397345,209.77999999999997
e3c4a1e4-5501-46dd-b14e-ee3ccf17dbd0,0.58495767582075,168.77999999999997
bd4aa75a-2765-4991-b9e0-ed33e2e389f4,0.58653115259875,218.77999999999997
053b8294-2e54-4da6-956e-d4fae927b1f7,0.58522568075535,201.78
10b774d3-f909-4e3a-bc94-96ca932243f1,0.5853803291869,244.77999999999997
dfe22d2b-535a-4863-93f1-f2e91876e901,0.5839744345109,225.78
e0b896dc-b99a-4e2a-8854-6a9bc2438a15,0.58599188312205,168.77999999999997
93fe698d-78b5-4115-92a5-05d1ee5b19cf,0.58649842254525,218.77999999999997
f2708b92-9742-468d-8c71-e451554e4e98,0.5839266323236,243.77999999999997
3a7f25f1-6d68-42b0-b570-d3e6948bd850,0.58586833365335,233.78
8e055d7c-a3cb-4032-a50d-4ad422adef34,0.5810333621848,222.78
7e31213a-94ad-4e40-b3b8-2f1689393d47,0.5846974169441,239.78
18bceed9-1985-424b-89d6-9da72a7c9227,0.58275547401565,219.78
728ef80e-43b6-4d9b-be51-7c1d9cb5bb1a,0.58478573511215,214.77999999999997
98aaf62f-de0b-4600-bf75-c1e9947e9b76,0.5801481523337,292.78
a93ca7f5-ef6e-4be2-b647-afa39f6d949d,0.58506737898485,258.78000000000003
1a4a570f-d83f-4460-9350-52ac3276b6cb,0.58357662571865,267.78000000000003
865388d0-2b7d-4a6d-b94a-640403433e6e,0.58495767582075,168.77999999999997
7cb7312b-63a8-43ed-a85e-6f667eff0b3a,0.58898451595695,249.78
23d8f280-06a8-445d-8a47-8a5640b2ec5c,0.5864728033286,197.77999999999997
fc3538fc-8bf2-4df1-820d-1605dd4f971b,0.5814000890833,196.78
b7a94c8b-36f6-4f33-a38b-81592a6f9240,0.5835316680312,205.77999999999997
b0402838-36ca-446b-a9e3-ebc263673a77,0.58599188312205,168.77999999999997
dd0e4e98-3e1e-4b09-bc0d-013007b04ff1,0.58573116712895,226.78
ca8990a6-28f3-4699-a983-20d798578294,0.5831006193715,215.77999999999997
9871c091-37d9-49d2-ad11-508f87298122,0.58189670844125,237.77999999999997
4c0739be-26c2-4aaf-b298-1151facd04ba,0.5810333621848,222.78
e840b4d1-e387-476b-b881-3689576a5352,0.5843217272088,244.77999999999997
d18cb834-c0f3-4cad-9f3e-551bbcf5b223,0.5839657688606,216.77999999999997
9c0fc76d-df79-48ee-9ed2-85bc0b66830f,0.5826933207331,245.78
326ae0bf-6dfb-47af-91f9-2294177ad6bf,0.58486195416125,234.77999999999997
7908e0d0-945e-48d7-a7db-6a3086b217a1,0.5849232181957,226.78
4275d6a6-a8be-4469-a270-817621aea69b,0.58253811767925,237.78
d1d9c2b0-4253-4d95-9a4a-3f77dd98b5c2,0.58495767582075,168.77999999999997
682f9575-0804-4492-9e52-2cfd709e1c81,0.5831865123348,220.78
e1319e45-95ca-45b4-bc45-fcce214aa526,0.5864728033286,197.77999999999997
dd15823c-c2d6-495f-9f21-2a90c0e382a3,0.5814000890833,196.78
1c28a760-5cef-4582-9bf0-52f8c8df86ac,0.5835316680312,205.77999999999997
dc7f2b3d-1d03-46c9-b47f-450367d22397,0.58599188312205,168.77999999999997
fe984b6e-3fb4-49d6-8278-2b6ae1a19460,0.58313094034155,214.78
c93adff0-0091-4d1e-9de1-4eed7e2ced82,0.5831006193715,215.77999999999997
7500416e-da39-46d1-beb4-80c21eab2690,0.5852688789405,228.78
fc5856a8-18cb-4d9b-9cf7-d6e81d390a87,0.58156492694135,229.78
026f7fcf-f05c-422d-9d48-19147bdf0b7f,0.58338830455055,255.78
bbc512bb-e207-409d-be4b-9c89693f023a,0.58503965228,229.77999999999997
000a6106-c29a-4232-81f0-b8a97029834e,0.58286077737805,225.77999999999997
60b25c6a-11ca-47d6-a9a7-8d18fcd92d6f,0.58458069177945,213.77999999999997
13b52f0a-bc8b-4508-bb7d-e94d586ab453,0.5848434562695,215.77999999999997
d27b0058-91e9-46a2-b5e6-2da1c39c5c3f,0.5799067643547,247.78
b9f36ebc-d1c3-41c3-98b5-883cd36d9163,0.58495767582075,168.77999999999997
2c6121ee-a1aa-42f4-99f5-0f58bf0f1039,0.58546406791435,226.77999999999997
860886f6-7b9b-4ff9-a0e9-6522eb47d59c,0.5855487916136,192.77999999999997
cc1f512c-ad0b-44da-845d-6cb508dc6eec,0.5859846934124,196.77999999999997
7c1602a5-b66d-445e-8ef4-9a70687c5e0d,0.58869621830505,201.77999999999997
86bce783-c957-4c66-9e7f-6e21f8ada0f2,0.58599188312205,168.77999999999997
0c99ec2d-e35c-4cce-b49d-f3ea8b9a297e,0.5837598065046,210.77999999999997
30928f4c-ab74-4e4c-ad24-262f24f6603c,0.5848344533333,220.77999999999997
d58785c6-5818-4276-9fda-0439e52f42fd,0.5791858720663,219.77999999999997
2f60b873-02ee-4148-b0b5-ed28dc1bf010,0.5847686942544,239.77999999999997
814a9934-82ed-4c76-b8b0-f05521766304,0.58156492694135,229.78
6bab5e09-75c8-49e8-87ad-8751df76c923,0.5839759366028,221.78
f72ed1ae-8994-42ee-8c9e-69a1f3b3b7bf,0.585462150094,227.77999999999997
b35e24f1-c18f-4e00-a664-b31681fc8b66,0.5852688789405,228.78
3df0af86-933d-464f-9b27-4768c4480d3c,0.58156492694135,229.78
fb576347-0873-4146-8ed8-d4b557fb7477,0.58214002809665,243.78000000000003
8b5665aa-da23-4b15-9753-4148daa106aa,0.58495767582075,168.77999999999997
0ebd6ad6-c651-4705-9135-3f7f341fa10f,0.5845273530422,206.77999999999997
eb1d7f80-3f6d-454a-a3a7-ebd8a4c1ab3e,0.5855487916136,192.77999999999997
74a4cb36-e2f6-48ad-98c4-26f281e861c6,0.5859846934124,196.77999999999997
b5dff003-76b3-49eb-91a4-a59e4d7cd8d5,0.58869621830505,201.77999999999997
ba3c4c3d-2569-4e93-bb07-21921f8a3fe3,0.58599188312205,168.77999999999997
4955a020-b531-4204-9af0-f2377c4abb8e,0.5837598065046,210.77999999999997
b1ea8f03-80bd-4038-8b14-50436d53d25b,0.58065831487085,247.78
f5b1d9c3-6380-40e4-87f6-17fb2ef43859,0.5839822430296,211.77999999999997
ece40682-2e0c-4c30-b34f-696222f5234a,0.5823311409139,252.77999999999997
f09416c3-465c-4e0b-adb6-8102cd4a6eb2,0.58270219523835,276.78
35871e2b-53cd-4902-849f-bfa05c9076c1,0.585604746434,241.78
dfa73435-16aa-4bf3-a7b6-9ecd14900712,0.58386964669395,226.77999999999997
60692a26-f047-45c5-bc4b-1b9c34a31325,0.5860598825248,222.77999999999997
acd75bde-eb97-43bb-bcb7-0c5704fea136,0.58244092700155,250.77999999999997
63f0d620-b0af-4af5-bc70-3989bab1e729,0.58155924818375,203.78
d3c4d0c7-3524-450f-bab3-5d097b264306,0.58495767582075,168.77999999999997
da4409aa-5119-425a-981d-a097992d62d3,0.5820431533563,212.77999999999997
7daa9f06-6634-4c89-acdb-59965f2443e7,0.58168708527405,215.77999999999997
08f66dc3-f795-4a0e-9e0d-9ffcf19d4a88,0.5876631030104,252.78
b0d98582-24b4-41fc-b320-871eb4ecadf3,0.58738849062695,219.77999999999997
a644d2a2-a29a-4577-af53-ed69e51b3f00,0.58599188312205,168.77999999999997
dff87af3-d13b-49de-97a8-a96bcfdf4e8f,0.58424784779155,242.78
d3aa0248-ae80-4e3d-8c11-6397d076f786,0.5808854608462,241.78
e0e2d05c-cb7d-4c8b-8208-79189491ea89,0.5839822430296,211.77999999999997
1f61150d-0b74-4584-ac42-0e64183e6380,0.5823311409139,252.77999999999997
5ef655ed-e9c6-4a13-831c-fb644bd01eaf,0.58095566967365,254.78
74cb6b73-4515-4624-94e7-97b1df4e2919,0.5839137123704,241.77999999999997
d94ddcac-071d-44d1-aab6-672221df2222,0.5839822430296,211.77999999999997
1cca1bf5-e5f5-4dff-bcfd-6d1b0a31afc6,0.5823311409139,252.77999999999997
e7232317-26c4-47ca-8de7-297c642832b8,0.5844036288091,237.77999999999997
980e27ef-3f98-4392-a0df-e3f26e3cedbe,0.58155924818375,203.78
8294c14d-9f41-4dff-b477-ae1a1bcb8e56,0.58495767582075,168.77999999999997
7c7e18d9-d909-48eb-bd1b-b77777f1c1ed,0.5820431533563,212.77999999999997
2f834232-e309-4021-9b31-731737924132,0.58168708527405,215.77999999999997
5ddbc6ba-c149-45a3-ae41-f41d27f156d5,0.5862364775199,248.77999999999997
78630993-ee1a-40bb-bb39-0b40c058e882,0.5876274782423,227.77999999999997
d418973c-92ef-4e77-b788-fab5e9a70839,0.58599188312205,168.77999999999997
93146729-8ab5-46a1-9c6e-6461c18d9ec7,0.5854968102061,255.77999999999997
3375f6b6-b95a-4756-9b2f-abc07e258879,0.58162171367745,219.77999999999997
04aae3a3-75e4-46d6-bf51-514d176d83dd,0.5828045828592,262.78000000000003
b474fe4f-8ba5-4b5d-b50c-2fd03986e243,0.58559439322245,250.77999999999997
80991bc2-a247-4077-bd75-f0687b721ab9,0.57964795689935,247.78
cfea3588-5da9-4902-bcc2-757a674c17e8,0.5843238724299,250.77999999999997
7203a0b2-ebb0-4957-b472-ff55e31018c5,0.5876932633761,232.77999999999997
02019ec0-8f97-4bd9-ba1b-b087e6610c59,0.5835795786593,214.77999999999997
f8d1806e-0bd6-44e5-b83c-e5c7b2b878f2,0.58583852218975,227.77999999999997
01fd4bd1-bc22-4d1e-8ba5-44e8cfd3e3a0,0.58685983054745,221.77999999999997
e44b3b4d-e89c-4c50-92d0-743ecceba916,0.58495767582075,168.77999999999997
a775f1e3-11c6-4698-9b0f-8605ebccd253,0.5870790361939,264.78000000000003
d3005396-a5f9-452b-8334-dc02bffe448a,0.5818616273835,283.78
cbaab454-69bf-412c-9f2f-b84a42fa9c7e,0.5825405740481,226.78
1c64cb71-5b2d-4e61-b656-ab6aa45ad441,0.5862911260141,233.78000000000003
ff87d676-91a2-4aa5-afff-93e207195ea6,0.58599188312205,168.77999999999997
56b77d0a-9484-4e85-b234-5937b754b1df,0.5854078977436,223.78
a929cf68-232b-4d46-8bd5-20c987485d39,0.5838414752397,228.78
c2c4174a-a75c-4de6-bb91-be7fd7c97c18,0.58559439322245,250.77999999999997
d9e3cd72-9c6e-49a7-81dd-23482c6f4845,0.5828045828592,262.78000000000003
05ceb027-3fed-40e1-8c3a-daf97c04d78b,0.58130494045835,241.78
70233aeb-8218-4e9e-8ea6-93269d22875f,0.57964795689935,247.78
88ac74a1-2af0-45da-97e3-b2c651404f75,0.5836363496852,246.78
a32fcb40-8578-480d-b927-103b024220f6,0.5835795786593,214.77999999999997
64e897f8-adbc-47be-9b4d-4eee71f06981,0.58460034021345,251.78
f371f4d7-9606-47d0-a5f0-57874623bce5,0.58685983054745,221.77999999999997
660e8cda-a606-4f83-9c97-953005982f9d,0.58495767582075,168.77999999999997
dc2c2308-2250-4555-b9b0-e9256099cf3e,0.5828045828592,262.78000000000003
cc72777d-c438-445c-9e70-e0f483bdf615,0.5828045828592,262.78000000000003
6cab5722-6661-488a-a359-ef356fa6826c,0.5825405740481,226.78
3c8d5c33-7f98-48b3-a15d-b24e91a22232,0.5842632977597,242.78
2c067164-fc54-4287-b8f3-1cc9c5e82794,0.58599188312205,168.77999999999997
2d9243ce-d80c-4486-9fda-97a45be3c0b7,0.5854078977436,223.78
7a544afa-24a1-484c-b7c7-d02f9ccdd758,0.5828045828592,262.78000000000003
30158ca1-f42b-4ae7-9b6a-5157c25db41e,0.58596227456565,235.78000000000003
04bb5f6c-f6b6-48db-a69f-796c86dd56a0,0.58678108184305,211.77999999999997
5bdd8c02-3f6c-4d90-a6ec-958e6dde5d88,0.58294829933435,251.78
a03ed0cf-f795-48a3-a88f-383fe5b8b41d,0.58261708842815,246.78
ba627a87-10e7-4dde-8b6b-87b295141a82,0.5849784687079,211.77999999999997
0ef86331-0e8e-4afa-9164-025912e63135,0.5821773201251,252.78
0ab4c70f-e215-456c-8693-3c7d1e7484a1,0.58460034021345,251.78
b5b62340-5075-47bc-9ab5-df9c8c5d5246,0.5855892914739,250.78
02fde07b-b531-4342-aa47-05adf0485146,0.58495767582075,168.77999999999997
b453860f-6e12-427c-9982-f00bdfdb7e86,0.58440583596435,213.78
dc1895d1-89fe-46a3-9f8e-30f2a9c35acd,0.58072275584575,277.78
bdbf3bdf-1ed9-40b7-b4c8-593777d5a189,0.5856103579802,205.77999999999997
428f95af-da42-4636-824a-b0b53bf63621,0.582506269905,221.77999999999997
31057720-e4fa-4f6d-837e-e6d01ac1472e,0.58599188312205,168.77999999999997
8d3ee387-6967-43ff-821f-cf1b525e5f1e,0.58570956239575,226.78
5102082e-d80b-4b1d-9604-2aee92f42aa9,0.5819428957406,276.78000000000003
01d660b0-b17e-4ad5-a74d-59d63ed61692,0.5862363598655,249.78
1923a04e-8647-4c31-b70c-0221a6397485,0.58678108184305,211.77999999999997
c4e9d888-c58f-4397-92f9-1c30dc238c44,0.58596227456565,235.78000000000003
dae2b5af-fe39-4757-8f34-044426e7f70e,0.58678108184305,211.77999999999997
9988619a-4724-4d88-8463-08ae43753b01,0.5849784687079,211.77999999999997
442eff0d-9380-4671-acb2-cb921fc03693,0.5840460031077,266.78000000000003
90a4c42c-38ec-443c-87e8-df23d06e4bb4,0.58415932876295,234.78
fa222c63-55e8-4e3a-aab6-0ed5f0b0a877,0.58609231890945,218.78
c4785e22-a62a-4fc6-8a37-8181e8b8a660,0.58495767582075,168.77999999999997
300d7ccb-28ce-4ace-94cf-b86d88400fb8,0.58440583596435,213.78
05dfd44c-c518-4832-97a3-d6ee4f938c12,0.58678108184305,211.77999999999997
771c5ddb-9678-4835-9700-754aa03943a4,0.5856103579802,205.77999999999997
15aba7a7-42e5-4923-b80f-4ecbf32fe7af,0.58247634348195,210.77999999999997
7d0bc7e5-64a6-428a-a558-86eb0a839ff7,0.58599188312205,168.77999999999997
a5a17c84-56a0-4875-abb5-36957cf5a3fd,0.58752261584205,252.78
26b60262-d376-4068-bd23-54c7b81824ac,0.58031111986995,220.78
4bca40ac-ade9-4d15-a70c-8fd1c363657b,0.58680012985455,184.77999999999997
a5ef0175-7881-49dd-b7e2-ebfe693f0fd5,0.58658567853625,188.77999999999997
c3f03269-d035-47a5-971f-da724f9d1d72,0.58643543616385,239.78
0b036341-0346-4fd8-8adb-471b7fcb0ee3,0.5824776662331,264.78000000000003
fe35fe5c-6f2b-4fe9-97b1-06e4ebf16e75,0.58357760818225,219.77999999999997
6cffc4f1-9243-42a8-9f24-3f7977e9aa78,0.57971361757265,254.78
6e224aa5-b1ce-40f5-891c-06288879769b,0.5831405763957,233.78
3e836302-74a1-476b-be59-7f1742b56553,0.58947656857635,204.77999999999997
df7878e0-0504-4db4-a70e-72dcd17d3b45,0.58495767582075,168.77999999999997
5bba51db-4ae8-42a2-94ae-1bba25cdfd90,0.5840561604237,273.78000000000003
d38d1c98-2f9e-4be0-b933-0ac11fe36d64,0.5843124851941,226.78
7ae6dd89-3ab1-440e-a0a2-7f751c76eef6,0.5826888557508,286.78
4de72ebd-8c61-4140-9bba-a84f4e3c32bc,0.5853257205945,254.77999999999997
e5d6efcc-8e7f-47d6-92db-e9e5e2b40cb5,0.58599188312205,168.77999999999997
d6371a14-d3df-4a2a-8019-44e70dd7ad2b,0.58596942563195,177.78
779fc577-8c81-4342-a12c-80ad8437d20e,0.58321276439075,223.78
9bbe330e-2caa-40d1-8cba-f80ab4c2a1cd,0.58680012985455,184.77999999999997
46cb93ba-7be4-4e41-9a14-cb860a00e7ef,0.58658567853625,188.77999999999997
4d3d9d47-3a23-448b-8a10-3bd355262293,0.58581929065775,224.78
6cc11d65-a793-49bc-944b-6dedebb1dc02,0.587506582115,199.78
a4f9507d-0ded-444b-81ef-531d25cbdb26,0.58831300977575,206.77999999999997
9d1d749e-8402-4f2a-b369-1611698495fd,0.58703486350385,213.77999999999997
bb3a1ccf-8306-449c-82c3-40f0e12a9de0,0.58643543616385,239.78
96a38c6e-3abc-44da-83f2-6ed86efec9b2,0.58947656857635,204.77999999999997
275364de-efec-4438-acd2-0825e10f68ba,0.58495767582075,168.77999999999997
57339bfc-a812-4279-999e-d66f57d7bebd,0.58680012985455,184.77999999999997
0a8442f0-e72b-4756-912c-1376717612da,0.5857197801769,210.77999999999997
744c1c64-0314-47d3-999b-82648f293a78,0.5869414226195,178.77999999999997
7b5d33a6-ed9f-4df8-995c-ddb7ead56a32,0.58333681778905,225.77999999999997
e7af1506-2b38-496a-b6a5-42ffe8c760c2,0.58599188312205,168.77999999999997
19878583-ff47-4ec1-b732-f4a5a1dbab5b,0.58596942563195,177.78
73c8aa30-4088-45ad-ab4a-76e8f3135279,0.58538247485495,227.78
4fce6b3a-8435-4719-b073-a8ac734e0db6,0.5856363057916,214.77999999999997
59eaa8e4-53d4-468f-a839-f28113a85cca,0.58329619906315,216.77999999999997
0c5c4465-bc5c-47d6-a117-ba3e943c71bc,0.5815631905029,288.78000000000003
0d5ac6eb-79ff-469f-80fe-ebcd57766bfb,0.5830398262128,268.78000000000003
a02ac12f-2e41-45c5-a344-dbac2fef078d,0.58304111557815,259.78000000000003
b68c65a8-30b3-4abb-bc40-7a53ee47ce65,0.5857503107475,214.78
a6ae40b2-758a-4668-9bbf-4c03865fe3f4,0.584088369629,221.77999999999997
f787269e-7a67-4ea8-928a-f30aa0c72855,0.58156217616745,224.78
2a402e93-4696-4836-9a00-6a5e17935faa,0.58495767582075,168.77999999999997
f31812fe-7af1-4fb1-ac51-f2bac4a989b9,0.5865456016481,213.77999999999997
ffab2268-3f0d-46b6-9ebc-ad8a3babd8aa,0.5862463404793,206.77999999999997
b7e8f0c9-ce76-4388-9622-1f611b9626f6,0.58360738297825,210.78
08b1d9ab-cba5-47b3-8d6e-14b6e646e6fb,0.5855927776201,191.78
3b0d8885-2841-4cb8-8531-49bf7b6caa3f,0.58599188312205,168.77999999999997
24647845-d72a-40e8-91d3-eeaacb9d217a,0.5871291063026,217.77999999999997
e47de48b-09a7-4120-9dfa-b3bc8b56d072,0.585428773155,207.77999999999997
e5e77a24-aa1e-4279-b60e-8e261ec4f250,0.58199196182715,226.77999999999997
4cf5bcb9-4956-4b48-acd4-586dbde8464b,0.5856363057916,214.77999999999997
48380a25-e48b-4f38-8ba8-dd89b645aa82,0.5846627609438,256.78
d301e455-1ae7-40c3-b66b-e391c9496f34,0.58329619906315,216.77999999999997
a4eeff09-1771-4317-a5cf-ac5c07d5da88,0.58298802268835,214.77999999999997
13eaac72-7b9a-4b72-9835-b2e36b1ae0b8,0.5856363057916,214.77999999999997
806e2490-d5cc-4b59-b3ae-3482e9bc459d,0.585738713303,200.77999999999997
0f58ef8e-4a6f-497e-a363-1a21afe8275f,0.58253992874105,250.78000000000003
ffd8cb37-fef3-4f50-b9c2-acce601da5e1,0.58495767582075,168.77999999999997
f7ea9436-b8c9-41b2-9c64-11bbfbd43d4b,0.5856512381886,221.78
50bd536d-99bd-4938-aaf3-9c86875919b9,0.5862463404793,206.77999999999997
aa0d574c-832a-415c-8736-89b82302edda,0.58360738297825,210.78
356771f1-ab33-4e55-a029-949c170ae6cd,0.5855927776201,191.78
7895460f-b9d9-4c9e-b568-5fb0ce13ec99,0.58599188312205,168.77999999999997
bfe27baf-278a-4226-99df-c85eb3d3d410,0.5888407356349,275.78
401c6d62-e745-4526-a8b4-ff0bbeb8e75e,0.585428773155,207.77999999999997
6a1c0207-4947-4105-afed-f1b9380c572a,0.5828953510521,238.78
68b85716-ac01-45e2-89d8-27f3b41f2fca,0.58141020146235,255.77999999999997
4d6f19c2-fe68-4637-967a-3c2ab9bb18ef,0.5835633337796,268.78000000000003
609ce436-1931-45a9-879c-26bdc0a543d4,0.58416327687055,258.78000000000003
581f1973-d755-4fcd-9858-944b742dfcff,0.5869674811644,183.78
51583572-5b1c-4fff-98c7-1538f7d45eed,0.58645617757375,211.77999999999997
31539931-da0d-40c4-997f-2d6991cbc70e,0.5855598226704,196.77999999999997
7fdde3e1-7287-47eb-bc33-695140975490,0.58513961343475,206.77999999999997
9eb8a008-4fc5-4c55-b576-fb518c1308cb,0.58495767582075,168.77999999999997
1f24080a-f2bd-4919-8829-50568bfed72e,0.5858977476181,217.78
1d86ff0f-b19d-4660-8e9f-67b5d998c407,0.5865529551389,203.77999999999997
9cbe8719-6a1c-4e62-903b-a2632610e342,0.58462954429975,256.78000000000003
fb8d9f67-968f-4e38-9d9d-5490ff390f2d,0.5798198123634,215.77999999999997
2631506c-429c-497a-b547-0a396065bcec,0.58599188312205,168.77999999999997
c0192d68-422e-4502-8609-6174cff3bdd8,0.58592108623505,210.78
04d929b2-5cf9-4458-ab6b-c2d6082715a6,0.58142474367345,230.78
66dc5157-aaac-4030-881e-8f7e1a4fe273,0.5832671854074,249.78
becb1f89-c52e-402a-b817-3c8633f681c3,0.5845162687636,274.78
ac2747dd-6d8e-411b-94e0-31866d481655,0.5838200093619,256.78000000000003
bbee78a5-17ec-45a3-945a-a17608589008,0.5851692983609,245.78
868928e3-caad-4163-8bfb-d50f5883685f,0.5869674811644,183.78
17461575-8b90-49c5-9cbe-2572dfb9104b,0.58288888202275,221.77999999999997
5c14839e-dadf-4a1f-86b1-10cd6ba50f3e,0.5855598226704,196.77999999999997
4d85dd1b-a4e5-4055-bb22-0ba4bd9c1302,0.58513961343475,206.77999999999997
90dbab69-7984-4c4f-968f-2cd5ba0c5b5e,0.58495767582075,168.77999999999997
cf279d97-ebb5-4c03-95fa-9662ed430b18,0.58141020146235,255.77999999999997
9edd6a33-76fd-41fa-b5e0-bfbbe3456680,0.5865529551389,203.77999999999997
a7ab7916-1390-4d5f-8795-693d5c1eb1c0,0.5827749788502,237.77999999999997
2e6bd1ba-dd58-4812-b9b6-ca8119741945,0.5856459028391,237.77999999999997
e745b1c8-00b5-4151-ba7d-7edd614f3792,0.58599188312205,168.77999999999997
f035c4ee-f0c2-407d-9d90-c046c2d2437e,0.5828953510521,238.78
c54e3d60-bddf-4880-8470-734529d6c246,0.58141020146235,255.77999999999997
a8564115-eb39-409a-973b-2aeb461f7bc4,0.58244770088985,254.78
dee4e9de-afac-40d9-b277-20f0af6d30e2,0.58317510001565,233.77999999999997
d9a2720e-bc13-4fcf-a406-c4d6cff32bd1,0.58352273384225,259.78000000000003
d8259c18-28f8-4721-b0ef-95db69b2f183,0.58481702359735,250.77999999999997
a48b6b5e-17ef-49cf-b75b-89c1871d6823,0.58249413646105,224.78
808cb236-5d59-4283-8518-c1b5f74affe8,0.5829458391768,231.77999999999997
7be3dd3b-2ce6-4427-ab6d-b7ead1f3d854,0.58213650166505,210.78
d60253ac-8d70-4371-aef8-90b694b725d8,0.58521961294895,265.78000000000003
969cdb77-f62c-4941-b938-b791f5840bb0,0.58495767582075,168.77999999999997
ab388d83-77fd-4df0-a965-5a1633c9b400,0.58529926846925,239.77999999999997
f7a0434e-84a7-405a-9980-d3970f9409b8,0.5847224700285,218.77999999999997
1d5319ae-5168-4fe0-9afb-5ad443103067,0.5871287653616,228.77999999999997
dc09bb56-2e15-46aa-a6ee-c8151dfe6247,0.5817966854168,262.78000000000003
f26974e0-ba5d-4a8f-b3e8-8db35190b54c,0.58599188312205,168.77999999999997
859ab1b8-e855-4117-9a10-a50822c94b47,0.5822819969047,280.78
bd087718-ba71-45eb-a702-881809101edb,0.58190606953515,262.78000000000003
446a2e68-639a-4e1b-8ac3-40ee3b5d913a,0.58317510001565,233.77999999999997
4e373a97-3e7b-495b-915d-b5f8281ee8a1,0.5837103442449,245.78
b9da8921-4b7a-4504-83ce-acd27a026993,0.58231111923105,253.77999999999997
474ef6da-f1d5-40f2-81a9-ef54d00ab1a9,0.58317510001565,233.77999999999997
71c8646e-de87-41b5-8613-b1afd5be5490,0.58249413646105,224.78
c0c2ece2-aad9-4c39-8693-16e7c19d2d7e,0.5829458391768,231.77999999999997
74fc70bf-14c3-4d0b-aef5-f354ec288eb0,0.58213650166505,210.78
5ffbd683-e101-4e79-b89e-4869e56acb19,0.5868613183658,212.78
5bb98d88-3732-4c27-bd1c-b6378bf0fc7d,0.58495767582075,168.77999999999997
d174d2a8-ceed-4496-b873-371c7dadaef4,0.58276083937065,280.78
5330b46f-aac5-4b5c-afcd-88fba684e071,0.5847224700285,218.77999999999997
cd9d62e6-fad6-41db-b0a4-7aba6f017aa8,0.58147526729365,237.77999999999997
109b6097-56e0-4af0-bef0-d598a2f3cb19,0.58317510001565,233.77999999999997
03c272f6-f22f-4454-bc8d-d1606f88c7ea,0.58599188312205,168.77999999999997
9b97eb17-6e4f-42ac-8a40-b32eba241bcc,0.58681492826385,243.77999999999997
d538020e-ccb5-4cd6-a2d8-76c2ee5a8052,0.58317510001565,233.77999999999997
db77a70c-6686-49e4-8d62-fad12824ef8b,0.58362631640515,220.77999999999997
a13ab79f-6762-4e57-b879-e6c37f4132d7,0.5835504544068,272.78
f7b6b079-4ed6-46bf-8982-1029bfec68e9,0.58249991277235,251.78
5ca0493f-51c3-45d5-a29a-aaf280c8992f,0.5822746028162,256.78000000000003
fc63e3a5-a868-4b54-99bf-67081f316880,0.58805127554515,206.77999999999997
ea83ea17-a04a-405d-a092-b3ae854c088d,0.5826783407736,208.77999999999997
55edb2a8-63c5-4d9e-a652-79c689f8a7c2,0.58410538179435,216.77999999999997
11f0a1c1-2a2f-425b-a755-9cf87689c281,0.5833892119842,276.78
052763e2-6b64-4684-a0de-5e30f774951b,0.58495767582075,168.77999999999997
924b9fe9-d6c0-4fd9-aeb1-d096de078f98,0.58214144936605,263.78000000000003
1be05b7d-56c3-4187-ac1e-484af3d2637e,0.58433578695895,202.78
7fae7bd8-ea4d-4b8c-94e7-ebe882f31b2f,0.5852095842197,291.78
b52d02bb-da1f-47c5-9f20-d218ed163443,0.58584108396685,266.78000000000003
c3062e29-00ac-4f55-90dc-84f917741aec,0.58599188312205,168.77999999999997
aa736f8d-09e3-4cae-bf09-1216edfd78db,0.5831119427109,285.78
3554de4f-13f3-449c-a588-7dab4a245ade,0.58215060321985,243.78
ffb7798a-deb4-4d43-84bd-56c0ea1e44b2,0.5831008831629,261.78000000000003
7129b20c-f653-4f3a-9eee-a572837b3aa9,0.5802127879546,234.77999999999997
71adc575-168e-4b2f-8ccd-6aae3daca3c7,0.58507120652925,207.77999999999997
c817334e-01a5-416b-b44d-47a5ad2c0d8c,0.58362732900515,273.78000000000003
868394e9-c63a-49cf-a312-45a09a4839f5,0.58805127554515,206.77999999999997
8d7d5c21-e768-4132-8bc1-4e5697a061f9,0.5826783407736,208.77999999999997
540a43b2-4b8f-4226-87e1-a5982d48b76b,0.58410538179435,216.77999999999997
4a69ea32-acc5-4b3d-b601-51b62689cbc6,0.5852144675492,260.78000000000003
ef706979-061e-4952-8711-21128aa540d2,0.58495767582075,168.77999999999997
e5cb4d8a-829e-4344-a5e8-9efe9482e1c8,0.58362631640515,220.77999999999997
eda653b9-40b4-43b9-8301-afef43164712,0.58433578695895,202.78
f08cd542-6227-4bef-aebe-26c8d0f3b547,0.5888615936961,183.77999999999997
ad63c4e7-c20a-4a86-8093-0ed5583f13e8,0.5840944119014,191.78
f48acb78-4a57-416a-b857-af4ab4b0c1cb,0.58599188312205,168.77999999999997
b0c6848e-a505-430f-84c8-a0e0b116e0d7,0.5872860017716,158.78
08fc1ad5-5418-471c-85f7-14fef075904d,0.5857695521829,248.78
9645544a-131c-4140-9096-b5d8997e94f2,0.5826290756421,227.78
c3495572-d7bf-499e-9020-244dbf462fc7,0.5822281669201,185.77999999999997
318c3fb4-a1df-4222-be9c-fb5524405c14,0.58431413165755,240.78
b45c112b-7ac2-48ec-9b0e-ec78f4176f7d,0.5808413752287,242.77999999999997
ee64ed3e-b6ab-4509-8c80-aeddc55a923e,0.58643983451365,223.77999999999997
843203d2-939e-4ad2-b8e5-dd22e5af9cdc,0.5850358475153,243.78
f55494cc-2ea4-4193-8eed-502597a09c6b,0.58437031286865,184.77999999999997
751149cc-1815-4171-926a-e3450fdf9439,0.5802643020498,292.78
6f9402cc-21d1-442a-8bf2-2fd2491f3d8b,0.58495767582075,168.77999999999997
0a0adb68-f46d-4949-88b5-4efdee846c93,0.5837787623313,240.78
e50a787c-3144-4f64-b7f9-5b05763a12d9,0.58435654052075,221.77999999999997
68eb7249-42fd-4cd9-a712-0f8dcfd82d16,0.58507254828545,244.78
1070083d-faab-4412-bd65-3b179b4d59c3,0.5879868391433,185.78
e2e09cc4-55ec-4617-a19f-9ab3921ea6fc,0.58455800695385,203.77999999999997
f4bfdc5d-de40-489f-a358-2ee38faa9f24,0.5872860017716,158.78
aa4c8e21-77a8-4532-a29c-97f754fa91ef,0.58618486262225,247.78
2d1b2375-7a1f-4561-8124-81c9248f2cb9,0.58614573753315,181.77999999999997
73c450ae-03c0-43a8-aec1-c2ef90615b22,0.5822281669201,185.77999999999997
e37d786e-e2e0-435d-a39d-cdd2d8be46f0,0.58555943816345,229.77999999999997
3d638e48-8750-4b9d-a206-4c01549202f3,0.5826290756421,227.78
9052db09-6003-4151-9e61-0eb47035d6a7,0.58443780082585,229.77999999999997
fdd207fc-0d05-4ee5-a099-3b5d77ef36fa,0.5847173782405,247.78
f528bc3a-fcfe-4ec7-a798-e7dd82bbe227,0.58437031286865,184.77999999999997
858de49b-032d-4254-86a7-7623e4bf7f19,0.5822281669201,185.77999999999997
9bd44250-2008-4879-ad17-a604fc31dfbb,0.58495767582075,168.77999999999997
f2ede8b7-0a23-464d-8086-478c9b7b5015,0.5859132205464,199.77999999999997
0cfa3124-0a69-4340-9d86-97d5922da30c,0.5829799589184,244.78
597352bd-0382-439e-9fb5-5ef3bbbb5c1e,0.5857796573086,252.78
8b2970bd-b088-448b-9752-ee39316fdff8,0.5879868391433,185.78
093d3501-eb3c-40c4-9f5f-65b41e929616,0.58455800695385,203.77999999999997
f7d28ca0-d30a-4a73-9a84-6641d23cbe07,0.5872860017716,158.78
0c91d22f-5338-40d6-859d-28f493249517,0.5836775547557,235.78
fbe410a4-fdd5-4491-aa86-86ecd294faa5,0.57857465030955,213.77999999999997
a46d5428-262a-427e-84c9-3119edcc802a,0.5821381135934,192.78
0ade5c25-d599-4af3-a7e0-b518bc1fe038,0.5860817444427,236.78
8d7367cf-5fd1-47e4-8266-bd43e7f3dcde,0.58542717123165,241.77999999999997
eb7a2563-b32e-4081-9d0f-5cf8a8413c3a,0.5783297191629,236.78
ba38ded2-f714-4b46-b3a0-d15ca38b21fc,0.58672538399755,236.78
5c3cfaaf-18ce-491f-8e6a-82732d637b17,0.58663013530295,182.77999999999997
b56b0300-7717-4ed3-997a-67e42f94cf59,0.5859833418445,246.78
9dfdcf6e-5a55-48df-b51f-6996556931e3,0.58495767582075,168.77999999999997
ba87f393-209b-4885-919a-9a6bd1786ed8,0.58298798501055,208.77999999999997
07f6d155-faed-46cc-a333-a5f7c156d0fc,0.5837815948716,196.77999999999997
c31a41a6-71ac-43cf-96a3-c7c8d2abe66b,0.5869514452768,226.78
b25203c3-6bfa-4ff4-897d-88c1d6f3c9c7,0.5874474585985,230.77999999999997
34a2ddc2-db7e-4e3f-92b2-175f76efdca5,0.58426677023785,224.78
00a8dad9-d941-412b-9992-b267ce27fc4f,0.5872860017716,158.78
a09d9426-5bc4-4970-b9bd-b087b8835165,0.58703532292225,223.78
f534f132-20ba-4163-861a-0750a48dc9e2,0.5819296272161,227.78
625c7e61-ed2b-4451-b44b-8dc37c21bce0,0.5821381135934,192.78
ec63d49f-6d48-419b-8945-dc6626fe05b5,0.5849639823212,203.77999999999997
c8de5263-70ab-40b9-a228-157d34514940,0.58545595960105,185.78
9f2f12ae-b971-48dc-8129-9546fc5cf1d5,0.5860817444427,236.78
701945d3-efa6-44f6-92cb-791530daf20f,0.57857465030955,213.77999999999997
db3557dd-fad3-4c0a-ad26-db44d4659aed,0.58663013530295,182.77999999999997
c4c2fbc6-67f3-4824-b6b7-bf281968b818,0.5821381135934,192.78
146d8654-904c-4cc4-937c-066f66de4c29,0.58495767582075,168.77999999999997
a63d1e52-c39a-4791-932f-e5c04651c9db,0.58298798501055,208.77999999999997
a8f38eb5-12f3-40b0-8e68-13cf55760e80,0.5837815948716,196.77999999999997
7e3db4eb-653d-4b3d-8c9f-399f3d7bda0a,0.58441797778655,221.78
a88f1e85-ee86-4afa-afb1-04dcc75bfc4f,0.58242308505065,196.77999999999997
96c4ed52-985c-4184-9b4e-9b151340568b,0.5843059513625,225.77999999999997
6be4353e-3da8-46c7-b8eb-12aaf19bb53d,0.5872860017716,158.78
43ba278e-8812-46bf-a1d6-74e1b9282454,0.58482847392465,233.77999999999997
3e747b2c-504b-4a7d-b034-6cacd3056e76,0.58483591243355,235.77999999999997
0285ebbd-b362-495a-89db-98bf996bd456,0.5824196610923,230.78
f510ffb9-35bd-4e3f-96c8-677b3419946f,0.5836490739849,236.77999999999997
acac0d30-d929-4a82-8a61-bc59de3e2329,0.5842516020985,223.77999999999997
afeac06c-2ac0-4941-846d-25555b849020,0.58292331041685,225.77999999999997
7a8e6acd-7514-4883-be7d-d6b0ba6dfdf5,0.58481516484985,243.77999999999997
783b9726-5df7-449a-a645-275dd49ed4aa,0.58430045357415,239.78
ac29e45c-dc87-4f95-af66-1458916ca5a8,0.58617877612785,189.77999999999997
aaf5ea0d-6ba4-4317-bb79-fce94d362ed0,0.58495767582075,168.77999999999997
25b1adb6-bfba-43fb-9201-7cc3b64b26f5,0.5825323257643,247.78
fd1ba8fb-d7cd-451f-856c-4e19e003732e,0.58228100201575,215.77999999999997
0fea19ab-2121-4109-a87e-618f8c307837,0.58369119556305,237.78
98e7367d-0183-4be9-92c2-57402e2c0bb4,0.58219844178515,223.77999999999997
d981e549-cba6-4afc-9e2b-2ce6729f690f,0.58519119356905,258.78
66e9dd4d-d491-460c-afa5-828d8d337437,0.5872860017716,158.78
79a44999-c00d-4d15-af04-f77f20f26be2,0.58392516664375,208.78
4b14606e-8b77-480f-82be-72d372ec0087,0.5851240587444,236.77999999999997
bac03016-68dc-4858-9a1d-720c665e5247,0.5807875539983,226.77999999999997
e6393467-feb5-444f-a91c-67ac23a283c6,0.58483591243355,235.77999999999997
d4362b71-e3b9-4d35-a4e9-5219abb06230,0.58266840767755,238.78
127a6a3d-32d6-40a4-9ecc-ff44414efba5,0.58608176813235,244.78
a5d05dc7-0c20-489a-b78f-ee34006ade84,0.5827040171108,241.78
8c3e715d-ef70-4312-850f-8f5e66152336,0.5861982284053,240.78
2e3604ae-65eb-4a2c-98aa-2ddfe2b95891,0.58617877612785,189.77999999999997
9a344d66-6076-4cf5-a36d-274e098ea01e,0.58495767582075,168.77999999999997
c473d697-176a-4d69-a698-6f675c87e51b,0.58483591243355,235.77999999999997
c49a72fb-d4f3-46d9-bcae-95966042912a,0.58228100201575,215.77999999999997
27d8afb1-6cf7-4ccf-a932-dce6b6a953c8,0.5842516020985,223.77999999999997
6f46e5f9-37a8-4144-9db7-e9597456d336,0.58219844178515,223.77999999999997
b27a096a-11cf-4963-85bd-5fd4724e7bf3,0.5824218319799,229.77999999999997
0a51e3de-01a0-4fd8-8eae-73a2f7c43c80,0.5872860017716,158.78
dfe8e251-6989-4319-b0ac-cc2ac3e6849b,0.58392516664375,208.78
0a38c543-5575-48d0-b245-6492fd983179,0.5857134590119,213.77999999999997
1786f1fd-7b5e-4ab9-89ee-f4c3a18d79b2,0.584811763486,258.78000000000003
2ee51264-c6c7-4b30-9e25-0fd49a4f0571,0.58186169663285,238.77999999999997
527474bf-d57c-4119-b7ac-33d6b5613fdd,0.5819829612524,264.7800000000001
f8416fc2-5fe4-45f9-8a6d-3711d61e132b,0.5857879008473,240.78
fc1ff042-7b4d-4cf4-80ee-a5f46a4cd222,0.58745720294925,220.77999999999997
5dd131ee-77b8-462b-b31e-ff553d89350a,0.58448142214525,236.78
c7d44745-eb1e-41b9-97d7-cb5233f2430c,0.5828908044665,240.77999999999997
a0d03a0b-8d33-4f3f-ad99-fedb48a95462,0.58495767582075,168.77999999999997
26b8a0a4-75c3-4944-a44b-5b97dd35dbed,0.58334008894735,234.77999999999997
ea7a25f0-6125-4d33-9056-1563eb4c4ea7,0.585692680497,272.78
89a6fcbe-8240-47ed-9234-a58273639fdd,0.5841220330388,224.77999999999997
ec457e6d-7cf0-4454-b032-6b8ddf123a44,0.58249008036775,228.77999999999997
4b6549b6-c210-44d7-b107-9e97ca07136b,0.58700566405475,196.77999999999997
a6fc9d61-c96b-45cf-b1f6-b2547386add5,0.5872860017716,158.78
608d49f3-1f06-45ca-8adb-00d874ae9071,0.58502690489245,234.78
bed0f46d-35dc-48bd-9b49-57dcc777e1cd,0.5857134590119,213.77999999999997
c4e1e96d-cc66-448e-a167-cb191e956495,0.58186169663285,238.77999999999997
3cdcf6ef-ae68-4716-93a1-ea46ddbc2ed4,0.58027252671945,210.78
1dbdd9f4-a4de-4ed5-8cd0-23fcdd30c023,0.58238401097805,238.77999999999997
f5b6ac61-f099-4911-8e7d-cf9d66b03cab,0.5857134590119,213.77999999999997
6a0035f5-d6d1-4f5e-9b7d-5605f9915a6f,0.58745720294925,220.77999999999997
0746a0e1-4c1d-4263-93b6-27d532483f67,0.5857134590119,213.77999999999997
dff9253c-7e0b-4129-9b5d-23d4b2ea37b2,0.5857134590119,213.77999999999997
66b892d8-b7b1-4c5b-84ee-622fc686fb24,0.58495767582075,168.77999999999997
56c3406d-ceae-4304-82b1-1113aaead293,0.5857179932937,201.77999999999997
62be7f74-fbf8-463d-9fe8-f1a4bc7b34f3,0.5829991559711,247.77999999999997
07bc6163-69c9-4c19-8ea2-b693c3f32385,0.5841220330388,224.77999999999997
a1571305-c9d8-45e2-aab5-2fe3c2eabb99,0.5857134590119,213.77999999999997
2f66e66b-27fc-4ffe-aae7-e08108c940d0,0.58700566405475,196.77999999999997
3482226b-cf30-49f2-94dd-afe615825cfe,0.5872860017716,158.78
a5487211-a675-4b6d-892a-5bff6c3096b8,0.584811763486,258.78000000000003
6bcf1333-914e-4b02-8602-68d2715925fd,0.5841261118563,220.77999999999997
184a439d-8885-4f8e-8b71-9bb30971ac17,0.58440167074545,201.77999999999997
52f1337a-1d7a-447b-989e-c81b799ce009,0.5856631333521,206.77999999999997
ce4b1a0e-88ff-4361-8fa6-af2e0abd3936,0.5828514451308,232.78000000000003
1bdcaae2-eb4d-4a4c-bc33-3ac4241ee77f,0.58440926052845,251.78
bb331316-e22e-4713-99b7-bce54846aca9,0.58447205467605,268.78000000000003
8a0bc80a-70e4-4c25-98bc-d25f7fb61cfe,0.58537277114365,232.77999999999997
515fa10a-76c3-4b37-bf2c-feb9747e5edc,0.58552221286075,209.78000000000003
a550a747-7e52-4bce-bc60-5abf286e3089,0.58495767582075,168.77999999999997
c60e66ca-e1f7-420e-ac99-78d5a841085f,0.58751816600145,219.77999999999997
e2b4302b-4ee6-4522-9939-2a5a12f0e4b2,0.58246719873215,220.77999999999997
8970687b-14b6-43b4-ba1a-12110a9b7bb5,0.5872898931239,243.77999999999997
37924b03-80bb-4c92-8711-56005923f3da,0.58260271783205,277.78
1d89254e-888c-4026-afe1-d2c0818169f7,0.5867496483743,199.77999999999997
8e1fb6f4-c166-49e3-994f-fb5fdcab8429,0.5872860017716,158.78
c04f5e33-f15d-46e7-8157-535391d168c2,0.585620610879,213.77999999999997
9451da64-8e02-4ade-8d41-13e270ae4af1,0.5860984163481,200.77999999999997
0606ecdb-b5c9-474c-aff2-4a78b377d15e,0.58440167074545,201.77999999999997
2caee2f5-80b6-45e2-808d-9d44377e8755,0.5856631333521,206.77999999999997
383f97b4-9dcf-4cfa-92c2-ecab9191447f,0.5849514148255,203.77999999999997
1c8f2dd2-57c9-4ceb-be5e-4005e43ac9c7,0.5866664632491,196.77999999999997
af688665-d8e5-4cd4-8e1d-3912a5f46c6e,0.5852040634244,234.78
5b44deb8-0cbb-42b9-aa9a-bb534e0c223c,0.585488843332,232.78
9c97a529-183b-4c34-a5dd-650f655fc054,0.58552221286075,209.78000000000003
359599de-a1ff-4a71-ad68-e0d0dbb5bc71,0.58495767582075,168.77999999999997
ed393b21-d236-4291-8e09-b411db436136,0.58578314496645,196.77999999999997
69918e5b-037b-43f3-b702-064664caa833,0.5881338583145,204.77999999999997
daef9203-4296-4f19-841e-088b3496128e,0.58507049938575,194.77999999999997
7681ca63-70ad-4e3e-8f9d-e0d0c3a5e056,0.58440167074545,201.77999999999997
a1cc4d27-ef87-4861-aa85-400f04f904eb,0.5867496483743,199.77999999999997
f3ef83fd-91a9-4f02-a266-2d986a5fb0a4,0.5872860017716,158.78
0d1a25e6-db3c-4331-b208-3a8d6b66bb65,0.5856460527997,210.77999999999997
3fda75f4-d479-42e2-94ee-40ed95a0bab4,0.5856725520391,199.77999999999997
1f83867e-d408-40f8-8b5a-ab306b3c082d,0.5833316535974,187.77999999999997
b949e5a4-ab75-4a2f-9e99-abea576c952b,0.58463249005365,228.77999999999997
b155e33e-a76e-45cf-b5cf-9538c90265c3,0.58980668366155,228.77999999999997
b2cca05c-0e90-41e6-a98f-9a96b170e3f6,0.58500370301395,248.78
31ef2bc0-6983-4546-bd90-9374d96d64f7,0.58228107471615,291.78
8d633d04-f47a-4eb4-8b85-7f6d6f2e6c76,0.5852541992839,236.78000000000003
89157395-cd16-4d6d-afd6-2c021e71aee6,0.58419457029325,247.78
c79b8fdb-3d61-4a06-9150-c83014f16614,0.58495767582075,168.77999999999997
c9de5961-b019-4d4f-91c9-d6a36154e2ab,0.58876663216655,227.78
42d63c89-bec6-469d-8e4e-b05eec5d106c,0.58593974284325,205.77999999999997
1e301dba-4b74-4fef-911f-bd15e996c080,0.5835901500819,250.78
06649f20-56f7-489a-9064-f1127605026f,0.58185221846615,223.78
3ba80614-ef2e-4335-b911-ca9f466ac691,0.58415705760575,233.78
041fec97-c73f-42f2-aa9c-dba53d3708be,0.5872860017716,158.78
4d3b7687-2a69-4b84-8200-c52f5ec719ac,0.5846514860777,236.78000000000003
74b914e5-2491-4530-b1ee-76284fdd091d,0.5856725520391,199.77999999999997
7e343d65-b15b-4c3e-8dc2-0379d68490f9,0.5833316535974,187.77999999999997
854ec9b2-d32b-4f0d-b143-e6b6728fe60b,0.58357778419265,184.77999999999997
04df019c-0801-4b8f-b669-589d456daac8,0.58415443589455,189.77999999999997
23db188e-4524-42eb-a526-565cd742708c,0.583965926836,170.77999999999997
e9681296-a3a6-4f47-af77-e6d04fac76e3,0.5836812247783,237.77999999999997
e6770664-ecca-4311-8367-afcd2d33ecd6,0.58626400641095,217.78
06996cf9-a728-4f5c-b498-18f862c730be,0.58406959540505,208.77999999999997
66916186-92ce-45f9-834b-187ac65ab975,0.58495767582075,168.77999999999997
2199bfac-2233-4e0c-ae3d-a0ba33a244dd,0.5852406408306,224.78
43621e9f-9633-4dc9-ada4-61e4b49003f8,0.58593974284325,205.77999999999997
6c887af5-eb24-44b9-82c7-bf53876ac133,0.58335721770245,272.78
fb65b64e-d141-4d31-aba6-61a44046faa9,0.58185221846615,223.78
4eab05df-39cc-4b1a-bab9-eb953589e637,0.58306469173705,241.77999999999997
a4c8f37a-e0c8-4afa-9e27-cd99ca24cc56,0.5872860017716,158.78
e1b0b83f-8ca8-47e2-9c91-ccfac4e2a44e,0.5892259802878,214.78
de0e978c-398a-45e1-be52-6e0b33774bfb,0.5872052944285,244.78
d9e40baa-6df8-44b6-8326-9322bcce8bbc,0.5861399647866,246.78
4c57c3bd-329e-46ea-bf85-31e0c6daf929,0.58602592552815,223.77999999999997
d8d541f6-18c1-4a9c-ac2b-c1d6fb74ba1a,0.5835497496191,214.77999999999997
54b6b372-ed45-4b6f-bc24-d49a2b6272d0,0.58589909560995,225.77999999999997
51b045e7-f285-45b0-bd93-be7e80936d1d,0.58755370071555,228.77999999999997
eac12f3c-e8a2-41dc-a2e3-dd3f01c369a1,0.5835726915259,238.77999999999997
f1792183-195f-4e9a-bc9a-d70972a02f52,0.5816384989136,246.77999999999997
adcb4b1e-3ac5-4557-b515-03b5366b76dc,0.58495767582075,168.77999999999997
7e9f1ad7-7923-4d04-ad11-764dfc8ea37b,0.5866664458214,230.78
bb4330e5-ba52-4aa0-8a8e-27076dea0923,0.5884160997505,233.78
69c14891-6e9f-46e8-bedc-173e117d5af3,0.58470431750335,233.78
8c0beacb-4827-4aec-92f9-8964e12d0cf3,0.5846411313819,251.78
d3952c0c-1887-4db9-9418-4ea03b0a254f,0.58035080765415,260.78000000000003
fac9b062-3980-4070-91bb-10fa2ad92845,0.5872860017716,158.78
468603ab-8a22-41c7-bd51-807607438782,0.5821601722598,186.77999999999997
6e868b9a-7663-46c9-b3cf-68f13b0a9a96,0.5857674462271,242.77999999999997
f970cd91-c7cf-4cda-8c7a-953e1a8d44d6,0.5847609259429,232.77999999999997
1de36bb8-f5b5-4c8a-a117-d6dcd2f65be9,0.58602592552815,223.77999999999997
a5a9d246-d869-47fe-a228-d6d48780a43d,0.5835497496191,214.77999999999997
114e0f5f-d4fb-486c-8835-ccd0190d1e00,0.58589909560995,225.77999999999997
b2ca4358-435f-4404-98a8-4b4422c98ef0,0.5872052944285,244.78
700f7765-a403-4919-9390-6f458626b3bb,0.58682318745335,251.78
6ccac9e5-95f9-4399-a5d7-f80d5226cd48,0.5837108721298,224.77999999999997
63847f99-4ddc-4e8d-971a-0ef803e9783d,0.58495767582075,168.77999999999997
62c1d541-c430-4a6b-b60e-9affa70ee1cb,0.5861399647866,246.78
5a58112f-5fcd-4bf1-8783-a095ea44f70d,0.5822943056495,241.78
df5111b5-794b-4331-b278-1dde2ea9e24a,0.5872052944285,244.78
28b9da36-f841-48db-88ab-82f60de6b4b0,0.58455970078,246.78
ab74dd28-e480-44f0-8ac2-0723509b6c1d,0.5818983638957,252.78
e34e73d7-3add-4ebd-9319-8f03ded3d695,0.5872860017716,158.78
ec02ad22-87ec-4471-9137-2023fc95bace,0.5821601722598,186.77999999999997
fd57ab88-2d0e-4c8e-8def-37b86ea4acfb,0.58287549684115,248.77999999999997
12bddd2c-25c6-47c1-93b7-af3185774bf1,0.5856067921671,284.78
111ba78e-524c-4651-83c9-62930cf65e6a,0.58374445958895,257.78000000000003
bc73c4f8-4700-40be-8a48-570dc8cf9d0e,0.5831689947533,224.77999999999997
db7ff5b8-e206-416b-b924-3eee90f45d89,0.58537405593485,222.78
22dfa9d7-d048-47a9-b1b2-c784d7b35a66,0.5815242566243,249.78
c13abca4-c646-4074-b0fb-91909d945045,0.58541138587705,213.78
d3c33e1d-aae2-49ad-94ed-b0d8346efec5,0.58439915141895,230.77999999999997
967e3a64-668c-44a3-8584-2898c1296aa0,0.58495767582075,168.77999999999997
d31caa85-fd7c-4d88-9a0c-3740097297cb,0.585377093549,254.77999999999997
cf689521-e2d4-48e2-9f36-5fd84ead9c6a,0.58494547699505,247.78
41bbb1e7-8050-43fa-97ef-e74530224d95,0.5833196578054,260.78000000000003
12b39b0f-b373-4c8f-965f-3aeb7b970ec3,0.5835405856155,276.78
648d55b6-b8c7-44a8-b25e-1190e2941acb,0.5836561466063,233.78000000000003
62b70697-954d-4ebd-9ac5-e93c147f0601,0.5872860017716,158.78
6f5ced31-bd3c-4c36-bfbe-97c435683bec,0.58360392435325,213.77999999999997
7ee7b146-5403-496f-b418-d8f46d487237,0.5816232518504,261.78
5b83ecbb-c9da-4640-8bfd-7decb36ed457,0.5812442344912,267.78000000000003
8dffd10d-f113-4d93-8ba5-bfe54698f134,0.5856067921671,284.78
9f7124f2-4beb-403e-a3b2-36ae7143cde4,0.5831689947533,224.77999999999997
e98891d7-7193-4c48-bade-1755957e585f,0.58537405593485,222.78
8a7721bc-af1e-4e68-bc21-9be5515690a7,0.5831638710184,294.78
0a343bcb-c085-416a-a86e-5b22631c911c,0.58541138587705,213.78
e7f01cd6-3dce-4411-bdc2-249dc9b80e01,0.5848136362901,254.77999999999997
8e4bde94-9ff3-47c5-aa0f-24740c9ae881,0.58495767582075,168.77999999999997
593a18ca-01fd-4d59-89f6-a33591387330,0.5856067921671,284.78
2551a3f0-a294-4ff8-a188-a28c44e0830d,0.58502677322155,219.77999999999997
9021dd47-d4a3-4afa-8168-4b3a31489ebf,0.584606315595,274.78000000000003
0a5d2f64-31d2-4ca4-9708-929093745119,0.5856067921671,284.78
78d7691a-5d57-4c3a-80df-6a25747ad659,0.58488466863285,284.78
7d4b1244-185b-44df-9d4e-cacd0781c2ee,0.5872860017716,158.78
6f4e3345-a3a0-4886-91f8-e330f31f2931,0.58360392435325,213.77999999999997
6a9dcc8e-c802-4312-b955-5a9d495b9bb4,0.58460856337085,243.77999999999997
b389e6b5-99ec-4847-bb80-20946717c38d,0.582612003105,222.77999999999997
5fd3485b-d592-449a-a070-5b4d641aad56,0.58499272016305,235.77999999999997
3661af93-fbe9-4594-8be8-2ef9ec87de3a,0.5843593630753,225.78
7ab38264-92c4-4442-b405-c1d6021b982d,0.5832649678733,262.78000000000003
60ffccfe-0676-4ec4-bfb2-8a6089cd578e,0.5829705494534,242.78
753050a6-2a3a-4787-8b36-ceeaaec6e87c,0.58596074286565,233.77999999999997
16174955-f086-45d2-bf19-f6aae2286fe7,0.5838509833888,276.78
597f8a3c-7e0d-48dc-86bb-9baa60cfe640,0.58495767582075,168.77999999999997
c8347a20-11f6-42bf-9a81-22b749f66c5d,0.5842110201827,225.77999999999997
e8abf2a2-5931-4d6a-b3ce-47f39624c68e,0.5849506572613,211.77999999999997
5e2b975a-1bb6-4619-93f0-2d03ab001d00,0.58375069466845,263.78
84a6c7b6-a3e2-4fa7-b72e-95473ac2954f,0.5821698078147,247.77999999999997
df3d3ca5-9bf4-48ca-88e8-c8ec378e472f,0.58442328982575,254.78
2e73273e-1a80-4308-a677-2359bf959142,0.5872860017716,158.78
434cb1cb-b095-4180-80ff-497211c45706,0.58687854177995,251.77999999999997
137c8421-0406-4da9-b043-1b10172cf54c,0.58233496181955,238.77999999999997
c2e9edb3-12e7-40c7-9df4-de8e12476c88,0.582612003105,222.77999999999997
5fa3c087-fa12-40fb-aa7d-476a90fd2920,0.5837141683288,271.78000000000003
73a3cd69-9bd0-4479-9a26-cbac1fa9df70,0.5843593630753,225.78
f2dcc4b9-2fdf-48e8-8ad6-f95affea31e8,0.58340787586255,217.77999999999997
878d2a58-9741-4d35-9c67-0474507c6c6b,0.5831780229865,219.77999999999997
1014095b-abd5-40e6-9d1b-86d0bde4298d,0.58331510057845,256.78
aee07757-cbcc-44d6-8148-1c60c89a8005,0.58460856337085,243.77999999999997
0250b26b-a54b-4e99-b3dd-ec4ad143d5a4,0.58495767582075,168.77999999999997
b13975ad-6016-46fa-a4cd-ce6cd472065c,0.5842110201827,225.77999999999997
67483094-a2e6-4fd9-aabf-9eb31cfc4b9b,0.5849506572613,211.77999999999997
70988b0d-26d9-4cda-8ff0-6e696b28aa55,0.582612003105,222.77999999999997
66eab3f3-d66f-43f7-adc2-62d71bab7e8a,0.58471526219055,220.78
8f44ced5-218a-4c42-9c6e-e381938dd953,0.5850324314984,242.77999999999997
5dffa632-4b64-478a-9aa8-975fe9783606,0.5872860017716,158.78
bb96d914-2651-4c88-8bc7-cb6ca7ce7436,0.5855006181517,228.78
c7a18eca-fe2b-44a4-8ca2-1d581f3ec6c5,0.5837153365257,240.78000000000003
b280e110-26d8-4537-a552-586d3c301b2e,0.5847038674089,264.78000000000003
b6a81a8a-d95d-4ca4-8c5d-ceca4a6b2fbc,0.58452172759905,269.78000000000003
17d7fa9e-74f1-4582-815a-5a270f78581b,0.5836707076513,219.78
adfe0245-ec30-428c-8242-0300909fa83a,0.5838351379392,250.77999999999997
0df1f1b3-70d2-4fba-88ff-b0cad56cb42e,0.58275338281685,260.78000000000003
5e72f0e0-b3d9-4725-af1f-dd28f12a85c4,0.5844174245551,261.78000000000003
b510060a-a213-49fc-aadf-7dbd3257df43,0.5850622834791,241.78
37958e34-b21f-4677-8cea-ea46194b52fc,0.58495767582075,168.77999999999997
fc5cf315-c73d-4963-b5e8-322f2a6e65fb,0.5829814483076,207.77999999999997
c67c44bf-47d5-438c-aae1-b0e980e01876,0.5844950440755,194.77999999999997
6c92dc72-f733-4ce1-b2b0-20699ea9f16b,0.5883749011982,199.77999999999997
4a9145d7-a21b-46ed-8b8e-9bb03b31f398,0.5839476193334,228.77999999999997
80ab378c-04f4-4e4d-a53b-f7c58a25c50a,0.582373562232,262.78000000000003
06bc6ae9-7f72-437b-ae04-e29ac5934195,0.5872860017716,158.78
76eda79d-c4aa-49c6-8396-2401862ecee4,0.583264927519,229.78
e33b057e-c32a-4ede-a003-d531e9a8f8bd,0.5843406150496,258.78
7739176d-707d-422b-bb99-c75fc532321c,0.5815034521923,271.78000000000003
dde0d273-8318-4c6b-a50f-ad1329d8c85f,0.58293259195435,252.78
c5fe879d-671c-46be-b686-3e18c461ce7c,0.5836707076513,219.78
bd63c221-d1a6-4793-b821-99e5c929cc1c,0.58435344804765,242.78
b91920c7-86e0-4d24-aec3-4e0eb6375162,0.5829810788313,266.78000000000003
c3d5e5a1-7e3a-401b-8866-dba480eb5dc0,0.585975928044,261.78000000000003
16963eac-a834-4170-83cf-fd796b60e29b,0.583064170555,260.78
ab376416-2156-4b5d-880d-72922beafa81,0.58495767582075,168.77999999999997
dc20672f-bfc9-44b1-b002-92f1b6b1bac9,0.5829814483076,207.77999999999997
0703c373-456c-45d5-8260-12ae881148cf,0.5844950440755,194.77999999999997
144bf783-0b23-42f6-8eec-b46d59c76320,0.5883749011982,199.77999999999997
12c01cf5-c332-4991-ba36-683630acafbf,0.5850548701301,275.78
c63df8af-39d3-4860-9da7-01a6bdd89468,0.5837153365257,240.78000000000003
8acf2d9c-a7e7-4889-9631-13b4c4de3e98,0.5872860017716,158.78
bdb584be-72dc-4fab-9bfe-cae4c217c59b,0.58452172759905,269.78000000000003
20e4931a-1a6b-4d8d-beae-642846f367d4,0.5830198452455,218.78
d4535729-3427-4a63-9ea4-5b3b294e665c,0.5839903931491,253.78
6d6c64b8-7635-42e7-bd1a-0e125b8dba53,0.5830531149165,245.78
f400e497-f0f7-401c-8eab-092a10e23668,0.5854470515294,257.78000000000003
4a708cc3-2518-491a-b960-ab4212e271a4,0.5866067749355,189.77999999999997
13cf706d-56fd-49d2-9e30-34ca6e4f2aa9,0.5855880299262,229.78
b5f10cfd-a1b1-45d6-9a3b-32af06a15d76,0.5864050619671,207.77999999999997
c5b9465d-4823-4c73-907e-365540dea46a,0.57823976488395,250.78
32e40078-5f8d-41e7-9946-2497bcd3d4f7,0.58495767582075,168.77999999999997
7dbc4797-a7b5-49fa-b9e9-48800074b53f,0.58776512940455,194.77999999999997
3cc182f2-07fa-4bbe-b0b5-9db03af30954,0.58227549915595,213.77999999999997
8ddf39ce-4f4a-4e5f-8861-4203aab57d16,0.5864822917147,237.77999999999997
f93d6e8b-f4da-4f7c-b769-590ebaa83e28,0.58470120820285,241.77999999999997
bc8c3e61-ed0d-4df7-a4ce-7bd79ba5aca0,0.5851059000628,232.78
7ae32d46-8194-40cf-9712-d7249e281da7,0.5872860017716,158.78
f1617b15-bdad-4c65-89af-9b27f3900d73,0.5876276843373,259.78
9074c6fc-237c-4b58-9888-9f4b892c32b3,0.5850567378573,227.77999999999997
6643dd79-b34f-404d-ac15-b7c1a15877f2,0.585709864546,246.78
810c9ef8-9703-4f7f-8f68-1583076f3372,0.5858058835919,241.77999999999997
cd35fa84-9b10-4177-9261-290688ba7c5a,0.5830531149165,245.78
e6bc38d2-85e2-4d40-9725-b2cab18b44ac,0.5866067749355,189.77999999999997
b4690018-05f2-4a10-a250-3cf18b165c16,0.58404614777375,268.78000000000003
340dca80-c333-4328-a66b-1fb29a90534a,0.5864050619671,207.77999999999997
e9f3840b-647e-4fc2-a1c0-925a040fef98,0.5838632952532,210.77999999999997
6b3c2e92-75bf-4ee8-bab1-296b932fa387,0.58495767582075,168.77999999999997
15d79d7b-37f7-4340-beba-2b1599088beb,0.58776512940455,194.77999999999997
c2448e08-2303-4b9a-b97c-6a14ace92bbb,0.58227549915595,213.77999999999997
d9cf2b7b-d7ee-4c4a-8c75-b10d73fa0415,0.5830198452455,218.78
123608f8-a2bf-4254-a789-b6879d3599d2,0.5804885379275,236.78
94468858-246b-47a2-bf93-6f4de60af588,0.586555910578,195.77999999999997
362e7c54-0853-4ead-aea4-7ad91bda98a8,0.5872860017716,158.78
ff818a98-a62b-4b06-a482-51b59800534a,0.5831954187466,228.77999999999997
ba290b24-0e58-43dc-9da1-0f7c3e8ece29,0.5875511184944,184.77999999999997
9f3e981b-4cc9-4d80-9674-aacacb1c060c,0.5836559046373,224.78
7dd156c9-0394-48bf-accb-964b8bef25b2,0.58255381085355,244.78
c4e421cb-0716-4e06-a479-1f16cd140498,0.58640888284165,243.78
dd6b730f-23f0-4f95-afe8-fdb9aa939b72,0.5878532620872,210.77999999999997
972ff7a0-9a48-4ed3-bfd5-c5b3d2a9e83b,0.584908707396,189.77999999999997
60d14ff6-26c0-4a18-a638-023dd1e90faa,0.58772403825725,219.77999999999997
895ac33f-b3ec-4536-9eef-b3354f17aeb8,0.58384077778905,262.78000000000003
d8a8e392-83a3-4319-b2d3-cdcaf6314b23,0.58495767582075,168.77999999999997
26db33aa-ea24-4c4d-b35e-29729760be78,0.5863092396611,211.77999999999997
94bb8337-e720-4cef-8f8f-d50978332d12,0.5853649829887,285.78000000000003
dfe9b628-77ee-4a58-9a62-51525cc3ceec,0.5844137821319,241.77999999999997
8373e50b-92b2-4d34-b051-e54cc875ece5,0.58381702675115,275.78000000000003
2dda9e8b-6252-4951-96e6-c5089000af42,0.5844574423381,243.77999999999997
c56a3775-4851-49de-ba4d-096da5398716,0.5872860017716,158.78
e685a0b0-cfa7-4aff-9419-6a4d7297891a,0.5863148636615,209.77999999999997
450b8b66-552a-42fd-a7fe-3dd0083a32a9,0.5875511184944,184.77999999999997
e5b13022-2353-4da6-b5d2-0ec68e056d21,0.5875511184944,184.77999999999997
183b2859-1c38-4ed0-9376-08de971604e3,0.58255381085355,244.78
c48f4678-82ae-486f-a3bd-a380936223e3,0.5875511184944,184.77999999999997
295d223d-45a3-4a2a-ab9c-1b1c58ea38d8,0.5875511184944,184.77999999999997
1d0fe830-e4bc-4c5e-bbc4-c545a017c3a2,0.584908707396,189.77999999999997
c6d04b3b-ca7c-4be5-a057-bc84ac38f1c7,0.58393059603835,197.77999999999997
3fee71e7-328f-4cf0-b06e-13009f96b542,0.5810900638743,226.78
6735253d-cae1-494d-925d-7d207e376ad9,0.58495767582075,168.77999999999997
23ef644a-3994-4bb5-a801-e62ac0d43732,0.5863092396611,211.77999999999997
d9d732be-a4f2-4718-92a4-1024762c5060,0.58492160269775,196.77999999999997
a3fa2a43-bb0f-4e6a-8667-b67c73a0b966,0.5819492462848,217.77999999999997
0c58cb31-7bd8-4e3f-aa05-82645737de04,0.58647743955745,189.78
7b682ee7-be07-45ec-b7ec-f90a286e55c2,0.5826755054891,157.77999999999997
fa1bbcd1-6d87-49a4-84e3-b7b374a8638a,0.5872860017716,158.78
1e57c4d1-3a63-4d83-a6a0-eaa281fe9008,0.5863148636615,209.77999999999997
d4055252-e769-4660-b260-b6d83e0e75e6,0.5860461658481,207.77999999999997
2e1d3f37-7ae2-4567-a0cc-3d40b4b2eb3e,0.5845703663176,212.77999999999997
a6975bd1-e978-411c-a8b4-32679553ed00,0.58656388884865,198.78
74ad86fe-519c-4f66-935e-bafb3ec158ed,0.5859652031464,197.77999999999997
ebf711e1-7612-4a97-b8f0-998399ae46ab,0.5843000017016,259.78
f689ca26-2a8e-4abb-af88-5b0b02afa799,0.58626814823155,219.77999999999997
19b127ad-92c5-4af9-9bb3-87ccf573e199,0.5850427800109,208.78
3f3e3a3f-a777-4365-9413-afae6ff96718,0.5874558300297,221.77999999999997
6aee817c-548c-423e-a059-e77b1015d4f7,0.584422941309,228.77999999999997
f2b2a159-2f4b-4437-af1a-961d71d224ba,0.5832423376576,224.78
8219b38b-8e9f-447b-8f65-d29f4fbf06f0,0.58413221828925,240.78
55296029-4a5f-4f04-911a-9b9b2d5a07a6,0.58443029987315,214.77999999999997
64cf7dd4-6e51-4ca8-8ee8-ded9a12c088b,0.58836528165895,219.77999999999997
a4b32b05-d2bd-4c4a-8d02-51834957ef1b,0.5826755054891,157.77999999999997
40b70622-cd9c-4433-a59b-df7e2b51a31e,0.5872860017716,158.78
84de7260-72ed-44f2-87b4-1ab7f275ac89,0.5830906694688,248.78
854866fd-1aed-48fd-9e01-f7cdef5a600e,0.5860461658481,207.77999999999997
96e10271-b28b-4553-9ef5-0339d5edaf09,0.5845703663176,212.77999999999997
1db94e58-1262-4d64-b8f6-2240421cfb72,0.58656388884865,198.78
74982cba-cced-4b78-b8e1-f94f033adc1c,0.5859652031464,197.77999999999997
6eec4282-2296-4d28-acc5-6b51922132b2,0.5885422325465,209.77999999999997
e5a2d0e3-ef8e-4d3b-b1f1-68ed0676849c,0.58665781288995,205.77999999999997
aea125a0-07ed-4edf-a304-59d87a44cf5c,0.5850427800109,208.78
25584a03-97e8-4af1-a6d9-c1e2e3793b44,0.5850078063114,188.77999999999997
90c14d73-f204-452a-ab69-fee05d9e87c5,0.5845703663176,212.77999999999997
cceacd16-ce28-4649-b097-43e15da465e3,0.58707597490925,204.78000000000003
ee824e95-feff-488a-beee-4a7abcc94f5d,0.5833628141551,209.77999999999997
66df53cf-1521-44c5-b109-2b443ce00019,0.58689951728975,195.77999999999997
d64d86d8-4597-4017-baec-d1d714c4d92c,0.5860461658481,207.77999999999997
2e61e353-1979-4f3e-b260-e744537b1e77,0.5826755054891,157.77999999999997
c4c06189-1735-470c-88ab-bde09d805d22,0.5872860017716,158.78
ab40e446-e037-4fda-802f-9f690a2b5fd3,0.5850687296294,200.77999999999997
2102a21d-e75c-4e2f-b680-952b2791cdee,0.58469102823465,252.78
15fc60c0-4806-4480-8169-a2f3f042d950,0.58463173192925,237.78
a59ba9d8-d304-4753-a7f9-b93208108426,0.5814802429181,223.78
0524b0f5-997c-4780-804f-b741298e5650,0.5839573762302,214.77999999999997
999a2f4b-6e04-4ebf-840a-f7b27ac5a9c3,0.58344836131285,234.77999999999997
77de6d56-c34c-46cd-8a37-aa69871a20de,0.58844984999765,222.78
64629df0-5bba-430e-afea-c48246eb2562,0.5819268298561,248.77999999999997
fe53ec45-3d07-40fe-bf05-55c3ee30a7e2,0.5891379333368,176.77999999999997
9610b850-451e-4215-8cf9-a64c787edcb0,0.5840475625641,196.77999999999997
c1d51df8-60e9-47d8-9c14-24a9a9ef0a56,0.58560776696755,248.77999999999997
0b0ab757-533d-4dca-8c17-5643ed801bdf,0.5860369605462,186.77999999999997
5bed5dad-bfd5-44e8-8dd1-59f0f15bd535,0.5826993459048,220.77999999999997
e5c65416-854e-4547-a07d-d5589c3c7bc0,0.58392794296065,273.78
cc515c78-538a-496f-88d0-fb64cebc40ce,0.5826755054891,157.77999999999997
b02729fc-7ab3-4ab6-a214-a71cc81d73f3,0.5872860017716,158.78
efda3a08-2e57-4d3f-87a9-c7824a33330a,0.58266393969805,210.77999999999997
adc94bff-9290-4ee0-979e-2048148fb6d9,0.58255345585035,257.78
77e04139-2fb1-43ab-b1df-3615b780f670,0.58549785859205,220.78
e9638b51-c4e7-40f1-af6e-6f9c1cad9149,0.5838291336346,247.77999999999997
9ea9f635-4ca7-401e-8636-15b555ff9a96,0.58469102823465,252.78
03685f13-50f5-4fb5-9d7f-f3bab8326ac6,0.58347607115775,244.78000000000003
e2a24c3b-fc97-41b8-9810-f9511c3e7b42,0.58602027070005,219.78
125ba570-ce0c-4ad6-99e7-be22bd9067a8,0.58467926030825,227.78
d2f73f15-006e-4594-8034-77c4a939a91e,0.5891379333368,176.77999999999997
cd8da6e5-c487-4a85-bddd-8c0b1e339c5e,0.5840475625641,196.77999999999997
826e520e-7a8c-4140-9156-62fa07c817e2,0.5813082555773,242.77999999999997
b4c13eb8-bc66-4ac7-b181-0ce6480e8238,0.5860369605462,186.77999999999997
13864a3d-29fa-41d3-801c-376beb36d292,0.58037749978965,217.77999999999997
15760faa-be53-4ccb-ac80-2ccb03ed177b,0.58463173192925,237.78
46b44ee8-3c01-41ea-9e17-906e3cb6b08d,0.5826755054891,157.77999999999997
b133621f-d9a3-4c53-ace6-f796cfdffdcd,0.5872860017716,158.78
c37b57f1-2c03-4283-8171-41d831325952,0.58266393969805,210.77999999999997
99cc9179-a7a0-482d-afed-29a38328b322,0.585864828759,256.78000000000003
ae50b774-e347-4010-95a0-a37926db48d5,0.58298689052625,228.77999999999997
4cf99305-0237-41e1-9ee9-bc1230b1fe77,0.5854318967804,219.77999999999997
35d14e30-67d6-4373-9f06-5318a4ab0db3,0.58039321021535,235.77999999999997
062a27b0-443a-4b62-892d-bb360819b58e,0.5867247032516,252.78
0585f602-b09d-4441-8632-55759195cc31,0.58696748530275,248.78
16ac175a-24cb-4c07-baa5-5ce5e9aa875b,0.583562204728,223.78
ef72aeda-3457-4604-b828-032afc9c009f,0.58421883057945,309.78
42aaa831-f54f-4ade-8720-057b381708ca,0.58474508935755,233.77999999999997
0684c48e-ffc9-4510-a0e3-ef500a371c83,0.58405490316855,235.77999999999997
1afa2c1d-8a75-4ce9-adaf-756110ead3a1,0.58485347728835,216.77999999999997
93d11249-db3f-4ed4-be4f-df7279bb4f59,0.5833264796958,270.78000000000003
7d3b1994-0803-4af6-8833-20f8a90851ff,0.5826797781771,241.77999999999997
8d57533c-3751-4220-b5cd-39461e149fab,0.5826755054891,157.77999999999997
0df307cf-dcd6-43ad-b8ef-e819beeb7d13,0.5872860017716,158.78
4ed3453b-273d-4949-ad1d-a94fac6d78eb,0.58368668489855,238.78
867af262-9576-4464-bcbe-f5b92b94c070,0.585864828759,256.78000000000003
09998252-a290-4b4c-8c09-41b96fb0d1b8,0.58298689052625,228.77999999999997
4a998e3e-4bd3-4807-b77d-c3a4f651836f,0.5854318967804,219.77999999999997
3d818ae6-46c3-4ee8-a61c-38bf88af5af9,0.5843539260565,206.77999999999997
0b82002f-cd4d-488e-afae-e482b1ca1258,0.585864828759,256.78000000000003
865cb0f1-5314-4571-af08-d98543ccaab7,0.5820718612215,244.77999999999997
dc05fa57-df0f-4a33-b816-ef6fe3438cb4,0.583562204728,223.78
8d4ef5e0-3cf8-4964-abec-9305e7cdcc36,0.5854404738287,231.77999999999997
0369cd7b-ef2d-45e6-944a-664060a13a32,0.58298689052625,228.77999999999997
4355c911-f4c3-470f-90ab-fc297d166e44,0.5857048456396,233.78
04f9e6ff-a7c0-45fe-bfe4-496108467b7a,0.58485347728835,216.77999999999997
612dd1db-b655-4dfe-a846-f36d023da851,0.5839213053411,215.78
65e6bef6-55eb-41fd-bb36-ab4221c0dbd4,0.5887463949343,199.77999999999997
a168ce1e-4bfc-48ee-9089-e86f01d8c315,0.5826755054891,157.77999999999997
cf098c30-31ee-4e24-951a-5c0469a530ce,0.5872860017716,158.78
b4da75ae-f01a-4b33-8041-c3e8ecd2b2e2,0.58327360983265,236.77999999999997
8f62533e-66dd-4931-b774-0cbed56e1c6a,0.58755511427115,220.78
49bb5ad8-66f8-43b7-8878-557371e283f3,0.58750786909835,203.77999999999997
e77c9497-45c7-4489-8618-ebb3b0ef8828,0.58339873182085,216.77999999999997
bb17e6ed-52a3-4db4-9fc3-4ab78e59d8ba,0.5849624730499,187.77999999999997
f331497c-4714-4572-9ccd-96952785a237,0.5844275134598,254.78
1fae4b5b-07ff-45a3-ba60-6a5a975e208c,0.5861430046421,258.78
f5baa8e7-c8bf-408f-ac00-152689ec6035,0.5843512363415,218.77999999999997
1b26d97b-03e6-403a-bd81-89720000d99f,0.58434354321625,250.77999999999997
b0b07523-3b86-4988-8c27-e2ff685b6500,0.58305914517925,246.78
52abe628-a1b7-47d4-8eeb-e19d0e8351c4,0.5829026312465,209.78
a207f24b-fda4-40de-b2f3-f8867ed91f09,0.58147665198905,213.77999999999997
5ee05be0-f34d-4d0a-a18c-0070d216e1c6,0.58422337641435,258.78000000000003
22dd116b-29b3-4f7f-9909-e5cd09cdec44,0.5844381888238,238.78000000000003
a099f5dd-09fa-42d2-9435-a5212b45a995,0.5826755054891,157.77999999999997
1c616a96-1e8a-4684-a5dd-1ee71941f7b2,0.5872860017716,158.78
1f297599-ef85-4c92-a348-8bf5f4781857,0.58492270614235,217.78
387f434a-2fc0-411a-95de-ca9f7bc795ef,0.58108687991375,208.77999999999997
04b197b0-cce0-40c9-9516-955e7dd42279,0.58750786909835,203.77999999999997
18674d2c-12cc-4a75-8042-9c5cfb25ed2a,0.58553754246945,219.78
b73bf428-4210-4335-a701-2367779abd76,0.5849624730499,187.77999999999997
4d03f22b-0397-44b7-85f5-a9c4f9e033ee,0.58755511427115,220.78
810197d8-6a28-4256-9587-1d23466df95f,0.58570364133545,208.78
4778a431-66e7-4cc3-a4b0-916227c95fa0,0.5828062828606,241.78
c6b06fc3-beba-4c2a-b960-d096e7c66410,0.5853446111195,216.78
5c9dce80-d77b-40c3-8bb6-6403fc5d8c4e,0.58827975462585,202.77999999999997
d96c8e34-d7fc-4274-93b7-ae29d2883b19,0.5829026312465,209.78
e5418cd6-0811-4a98-9bb4-dcacff55b7e3,0.58147665198905,213.77999999999997
0b7f8d12-8998-46b4-a10b-530d34ffad64,0.5825600758862,182.77999999999997
8de44b1c-e47d-480e-966f-4556d1325696,0.5832083437426,237.77999999999997
3f807648-9c79-49c7-86e8-f0a172192fc9,0.5826755054891,157.77999999999997
2614b68a-d536-44f4-a4d0-c437392320df,0.5872860017716,158.78
bb150ca2-81b0-4553-a43f-259e958ec499,0.58653252219925,196.78
d6458eed-54c2-40a6-a692-0b0469888da9,0.5859727951932,229.77999999999997
65936018-cf22-46c8-a76c-ca57e1cf26dc,0.5884362138374,197.77999999999997
3c71aa49-d321-468c-bf51-4827cd6a508a,0.5870650818065,226.77999999999997
d32d0493-6e22-42e6-b431-ea15c30aca24,0.5835860571224,220.77999999999997
cd7a4d2f-8c3d-402c-b9b3-17210d97d3f8,0.5861329863578,230.78
79de914f-fc30-4a35-ae4e-e86cbad0c28b,0.58348415531625,280.78
ab29654d-835e-428e-ab95-a793413f78c6,0.58288958016905,247.78
539774bd-b8af-4f04-bfb4-108bcecbdb55,0.5889388820677,212.78
c0cd9b91-b065-43b8-b60a-747ed4b6abc0,0.58688320516705,194.77999999999997
68fd642f-2f8f-4398-ba92-752aead5be1b,0.58192586569445,251.77999999999997
daac2aa3-6de0-4d04-814e-83a6fb40e50b,0.58291186171015,232.77999999999997
e6b20233-bfaa-420b-bf7c-d12f2cf60fa5,0.58504509459685,248.77999999999997
911fedd2-644c-459d-86e4-0273a9b2de95,0.58456001329985,210.77999999999997
a0d4bd3c-1df8-4e3a-b984-21f16bce131f,0.5826755054891,157.77999999999997
78bb255f-ef39-4580-8869-22e934df92b1,0.5872860017716,158.78
44d3832a-3f2d-45df-931b-354e172bee86,0.58355762534015,246.77999999999997
76dd6fdc-29c6-4ea4-98c9-f030beac60f7,0.5817441677003,234.77999999999997
530effe4-4a39-4fc0-945c-e5c270add707,0.5884362138374,197.77999999999997
9854ddaa-9ed7-4acc-9be6-f3ffb349368d,0.58823513771905,197.77999999999997
ed835577-f965-40ec-aedc-69ea589103cb,0.5884362138374,197.77999999999997
33f266a1-fc9f-451c-beea-f0922c226e42,0.58449369929635,196.77999999999997
dd04a929-76db-492a-8c08-e3796eaccb36,0.5846152742326,207.77999999999997
4419b68f-f55a-4c57-8cf4-ab72fe5c88f9,0.5884362138374,197.77999999999997
118b1b46-6501-44f7-a54c-3f11e71a9c34,0.5889388820677,212.78
75087953-3118-446b-b645-84d445dd8831,0.58688320516705,194.77999999999997
60b87f11-6501-4d5b-9a44-8041e56e909e,0.58549660572785,205.77999999999997
2d774e04-5307-42fa-9bcd-6a78d7c7f18e,0.58592142861425,189.77999999999997
37e60fc9-8d2d-4f60-bc12-ed5d76413d30,0.58612522315055,222.77999999999997
9d0fef75-f66e-4501-8bad-14f1d55df3da,0.58456001329985,210.77999999999997
8e5bf386-a1d7-47cb-845a-d401397552bf,0.5826755054891,157.77999999999997
33fd168a-e473-47c5-babf-a15dd9309b6e,0.5872860017716,158.78
e3fdcc31-d188-499d-92e2-2c2b4fda53aa,0.5884362138374,197.77999999999997
7e55414b-ba6f-46d7-ba0e-a01b40616e03,0.5821947606279,223.77999999999997
fa169250-e79c-4042-a7ea-6f9c7a61bbbd,0.58201032402495,241.77999999999997
ceeb5b20-8a64-4883-a3ba-9950e083ea20,0.58490496746205,221.77999999999997
27a01e58-25fa-4475-a1ee-37ecc568ea1c,0.5841533323297,231.78
b1896c07-1aba-4cc0-a7d1-fdf78b376b77,0.58194903366895,241.78
6e938731-3203-479c-a51a-0a104e25c816,0.58399887554555,221.77999999999997
37ffbded-5801-480a-acf1-96a497dd7b1b,0.5841200360495,256.78
bdff9dce-4853-4f83-94d3-5f6c887f4d09,0.5883901926295,239.77999999999997
69901514-9a74-44a3-b2d7-9232179b9947,0.5837595140203,225.78
ebdbf79f-3f79-4d03-857c-182360685898,0.58079425259105,269.78000000000003
793148c2-e826-43dc-b813-4a5ae011b6f5,0.5828547798563,232.77999999999997
a1799b47-7c9d-4f96-a791-f3ab80f77df2,0.58573090355445,189.77999999999997
08153c0a-7361-4d5a-bc9a-45befe65a397,0.58553209683155,224.78
aea4b349-34da-46bf-aa68-a3d0796ac7df,0.5826755054891,157.77999999999997
685eaf4f-bf04-49f9-a161-534953c7536d,0.5872860017716,158.78
21a93290-812a-40ac-b23a-b88c9cf0d825,0.58510070153545,222.77999999999997
9bb59684-f0c8-4632-b0b8-f29e5af36231,0.5821947606279,223.77999999999997
7059aecf-9461-41ba-be83-9b2dccb4eb6f,0.58490496746205,221.77999999999997
67b87f48-4983-4d09-b4be-a9da58ee29a8,0.58490496746205,221.77999999999997
da8a226e-d7cf-4169-827b-9ea8c1d12d33,0.5850727041899,225.78
29630cb3-fe24-4102-9e6c-a79ec73259e9,0.5821947606279,223.77999999999997
341316d2-07ed-4dcc-97d8-f1e8d9e358c9,0.58399887554555,221.77999999999997
da6a5cfa-bf87-4aa7-95a3-37113fdc62c6,0.58499201514895,225.77999999999997
da4691b0-1d04-43f8-8ce5-3b2ee17f04d7,0.58490496746205,221.77999999999997
00cc86e7-518a-4b73-a3b1-0224bd1b7145,0.5821947606279,223.77999999999997
b4143161-81c9-41a7-b540-dbe637c7be21,0.58471617313095,210.77999999999997
b48af906-c8cc-4216-a3e6-6f49b6dac668,0.5820318211521,241.77999999999997
c5e38bb0-74ea-42df-b72f-3e67fbf2a488,0.58573090355445,189.77999999999997
0844917e-c53b-478e-9b44-ab38d3b5bd84,0.5830914607187,257.78
89f67e83-8b4c-469a-ac43-231cd80ce14e,0.5826755054891,157.77999999999997
886888f1-3d6e-4b88-964f-8d15065c7c44,0.5872860017716,158.78
10ab66b6-3d7d-4bd7-a285-a96d26594692,0.58385768298625,233.78
70fc1c42-0e92-4739-ac28-7130e36d01d7,0.5858298485704,217.77999999999997
fadb7a35-c655-4c12-af47-e5d18bbfaa1b,0.58219773436835,265.78000000000003
9f296b4d-023a-41ac-b609-dea8321ca9e6,0.58607267718685,231.77999999999997
ee9d6d0f-3b90-408a-903e-43c7b0b50cb4,0.5798743196549,204.77999999999997
51f52cf4-75b6-4584-8aa1-73ce21c96b02,0.58692853029315,237.77999999999997
ce5aa117-66f0-4ce2-b84e-b07180ab223a,0.584503603348,205.78
e6bf21c8-8889-45ac-a921-ee50d39407bb,0.5830094995701,235.78
5c6fece3-21a8-4096-91be-9dff9aa7963f,0.5845204712984,239.77999999999997
b41134e7-776b-45dc-af07-8ea9e6d4033c,0.5875715042006,243.77999999999997
bff5423b-e440-4bc3-bd4e-19c3116d3f7a,0.5846135036746,257.78000000000003
8d0de5ca-4918-4ef8-86ca-a1aa332c686b,0.58779496510875,226.78
7ebedf4f-167e-451c-b26e-9f315c2a974e,0.58650968029065,188.77999999999997
47b0ce33-f481-4591-af42-1deef6ebebfb,0.58484475497365,226.78
1e76c8d7-efd0-4094-9040-3bee8659dbe1,0.5826755054891,157.77999999999997
24550470-8b00-4eba-a36c-6d9f6aaae185,0.5872860017716,158.78
d433e96c-3355-436b-ac8c-64fef57d76ad,0.5815487460082,259.78000000000003
a819b724-aa55-4eef-a266-08e5f8404044,0.5858298485704,217.77999999999997
9b1bf82e-5e89-4024-bd78-8c553b2727aa,0.583785401069,206.77999999999997
ca6e7832-3f15-4ba7-a76b-b55f8007ca13,0.58432213125285,225.77999999999997
1c5522c1-47f0-49e2-853a-b442c31f2e82,0.5798743196549,204.77999999999997
70064e3f-8e14-492b-8c15-a9d960bed7f6,0.58601157957905,214.77999999999997
bd824c16-e42b-4524-95d0-cc5bf2ad11ec,0.584503603348,205.78
53ea37dc-f4b3-4b20-af49-ebdff46ffe85,0.5854103665806,226.77999999999997
29d6cae4-bb88-4479-8b21-90a5a3f2c819,0.5836538919662,232.77999999999997
839d6541-0d75-4d16-a377-c1fe044d9d25,0.5822755342307,243.77999999999997
85f8f504-43cd-461e-b104-b67b60c2f885,0.58713463470165,214.77999999999997
356734ed-31fa-480b-b8f8-13b9df368945,0.58411964122005,253.77999999999997
e2bc6704-6d38-431d-a022-8b8d0d5212d9,0.58650968029065,188.77999999999997
b77e5828-ea1d-4663-bad2-f91f404a82aa,0.58243543977395,241.77999999999997
c1ea6c1e-066e-43ac-a0b3-a03382c54373,0.5826755054891,157.77999999999997
e3166a04-5939-4b6d-b1b5-15b6c302772e,0.5872860017716,158.78
df58b231-8cbd-4d88-9fc9-2f6e5ca53dff,0.58219773436835,265.78000000000003
972c3110-7973-4033-a89b-b6336f7be03c,0.5830562150288,219.77999999999997
81642dc0-847a-4838-bff3-5711ecc87c79,0.58708312819965,234.77999999999997
16d616d8-d84c-4a99-9339-09f0c66cab3c,0.5847222421375,237.78
55fa55d0-d27d-4e6e-9466-e662069872b1,0.58469447481845,268.7800000000001
b44358ec-d1c5-4c47-8feb-cf2b177f24b1,0.58258203275805,261.78000000000003
e17d1ff0-90e9-4a91-a478-b434a0aec3fc,0.58242082185805,233.77999999999997
b8089c2b-0abe-487b-8099-1c96595a754d,0.5846566295761,315.78
b1d5236f-4717-4564-b034-3e424158524b,0.58260692383015,254.78
45870934-7990-4841-bbf8-d1968296adbf,0.5858659864227,248.78
64733163-847e-45c0-a623-ff0cbe7d30f3,0.580591482785,257.78000000000003
fea5de32-a903-49f9-b7af-11f7c2e4405b,0.58228157472985,245.78
7a42b12a-3464-4780-970e-b3cb1a0a6b51,0.58555029596265,222.77999999999997
6c59ab48-11ad-4af4-99f8-70d01a9b6bcb,0.5812859875063,246.78
18750e20-00c6-4d00-996c-5d597cd0d833,0.5826755054891,157.77999999999997
086654a0-73d1-4ba7-b05b-c1e9f11e28ab,0.5872860017716,158.78
f0b2c9e9-4d88-42fb-8f60-302d73f7cb4c,0.5850138028731,259.78000000000003
40773f51-c767-4a4e-80b5-0baf70c71445,0.5830562150288,219.77999999999997
d318b714-5681-46ba-a4f8-207eca47ddee,0.58708312819965,234.77999999999997
eb2bf047-8fd0-4a8c-91d8-7170e9fdb4d0,0.58536596998955,243.77999999999997
85125ff5-b31d-4a23-8e89-3a8345aae128,0.58708312819965,234.77999999999997
a653ae39-36ad-47a7-b202-d39e5c421362,0.5851871553397,232.77999999999997
acb6a0ae-d546-4f5a-b3c2-7ce309dce1d4,0.58242082185805,233.77999999999997
2a77f503-d61d-4bb3-bf01-05a4605c3eab,0.5830562150288,219.77999999999997
f8019904-d8c3-4ac3-8365-839c93a64a45,0.5853716909045,215.77999999999997
827a6234-d3b0-48ba-9eef-be3ef769f07a,0.58633691273925,231.78
8ac7f9c8-60fc-492e-b675-c5b147ee9409,0.58708312819965,234.77999999999997
f7f09369-80b4-4fdc-9a98-8a081d9f427c,0.58560749644185,224.77999999999997
3018faef-fc30-41ad-a083-d6ae449bccf4,0.58555029596265,222.77999999999997
64fa4974-af70-4309-bc3e-e3d0dc967ce9,0.5837875845014,264.78000000000003
f8ef11e1-2cb9-4bb3-8024-3e924c518e42,0.5826755054891,157.77999999999997
81c6c7e5-e647-481e-bc60-5c25dbf610c4,0.5872860017716,158.78
06cac9a7-fdc7-41ef-91c3-9f7952e6e6f3,0.58584580492015,250.77999999999997
32de5cb0-3055-403f-9197-936b36d53200,0.5829775532301,181.77999999999997
d291b09f-d3b1-44de-9162-44d043a0fbf6,0.5872978655565,264.78000000000003
4d26dab7-a200-4905-9596-8efd5f156a5f,0.5854471946934,221.78
ea4e52fc-98b5-4565-93f4-c9ae44422dcc,0.5871030495831,247.78
e94c3d32-9ce3-42f7-8e2e-54b1f6aac72d,0.5845837418007,271.78000000000003
28f45f26-b19a-4a1d-8b13-156bf3ee81ec,0.58107211935965,243.77999999999997
22d5d0ed-7179-4125-af5f-9528dd0eee0e,0.582712660396,240.77999999999997
8d3a16dc-2902-4961-b62a-6c677d404ef4,0.5838446780899,240.77999999999997
befe45d0-a007-43cd-b4dd-6ace701756c4,0.58446700918845,242.78000000000003
dc170ca0-46c3-4eba-86b5-6b96a491a337,0.5841962688595,257.78
19b95372-d75c-4526-8c66-fb07a0b0058f,0.586010044971,221.77999999999997
89803e97-31cb-4da0-b29a-b975c0634ddc,0.58568181407675,251.77999999999997
05fe0d82-b152-4ab0-bda0-344588417873,0.5862920673272,221.77999999999997
942b5645-ceca-4671-b395-1233929938a0,0.5826755054891,157.77999999999997
46c0b9a8-475a-4920-8563-e6fbfad9a330,0.5872860017716,158.78
0f8f30b2-462e-4f68-becf-e9209888d8c8,0.5815783714104,221.77999999999997
c4e00c26-ebbf-4a38-826f-766e1b765b96,0.5829775532301,181.77999999999997
34226987-fca0-4a5f-a049-679a70647fb4,0.58349046697595,228.77999999999997
b2c99225-6727-4a88-98ee-ba93426af199,0.5854471946934,221.78
ef41063c-3199-4b20-bd6f-880e350af4d8,0.5872978655565,264.78000000000003
b816c26b-84da-4ab9-9112-f5303f84ee78,0.5829775532301,181.77999999999997
838390b0-37f6-4ddc-99b1-9d15b599c957,0.5872978655565,264.78000000000003
4530d840-4aa9-49ee-aaa5-529a88a3b7fe,0.581103332621,260.78000000000003
435262a6-28c9-4c16-9b4e-4baf488ceafd,0.58366900139215,210.77999999999997
3dc3c1b2-3610-4bb3-b26e-798814354574,0.5872978655565,264.78000000000003
32a3cbce-30e9-4834-80c3-7e846e1dc331,0.5872978655565,264.78000000000003
1b2d2e2b-8770-4635-8cc1-fb9ab27caf46,0.586010044971,221.77999999999997
b3124685-e435-4fda-946a-863fc2cd75e4,0.5872978655565,264.78000000000003
afc46af1-1f2e-46b9-8592-c296ab3908d8,0.5814717355404,220.78
d4abeef5-c349-470e-8917-f96314349ed7,0.5826755054891,157.77999999999997
679ff622-e8d8-4337-8950-d3aef5176438,0.5872860017716,158.78
840e3101-c4df-456d-9596-6b7558e2045b,0.5815783714104,221.77999999999997
4761e264-2666-4651-9990-9caf09cb1421,0.58112640414465,229.78
8f8d5363-5d6e-4be7-b789-2c34e7eeb39e,0.57861756439215,257.78000000000003
b8387c49-4b59-478e-9cdc-14c37b2a5730,0.58294289038085,248.77999999999997
4e9f45bb-1ffa-4a81-a65f-1ca66e7608cb,0.58192193051245,267.78000000000003
597ffd20-c9ca-45c3-ad64-c8b072eb2fb9,0.5867360219434,242.78
477a7426-2049-4999-81bc-feda95f20952,0.5824083716746,226.77999999999997
e9a9b083-d11f-42f9-b3cb-a670bbda25c2,0.58493354907635,229.77999999999997
52208483-b4c5-499c-abb4-e24351f33108,0.58386401524975,266.78000000000003
ede33a94-5855-4607-9c5d-b48feaca03f5,0.5847222306278,235.77999999999997
371c011f-7676-49cd-86e9-031e68b38481,0.5840804506774,247.78
c319902b-237b-4b7e-9dba-c275615d42c8,0.58841089281495,252.77999999999997
f52abd8a-d229-49aa-a09c-ac22d6a1f375,0.5815127118751,246.77999999999997
16c1ad95-120f-4a77-9223-0362ea49bf67,0.58356920799435,253.77999999999997
b81e2365-1669-453d-ae1b-e36c9344d5cf,0.5826755054891,157.77999999999997
7243b7bf-b5f2-4459-a928-06560231521e,0.5872860017716,158.78
a4546995-4769-45be-b4ee-80ac9d767b7c,0.584321572149,267.78000000000003
0fcfc62f-c663-4551-ab5c-11b2e64ad2d6,0.58112640414465,229.78
3867f0c0-0fd9-4df6-b8b7-3911db119454,0.5860869837055,229.77999999999997
8df8fc7f-3558-4ea9-86fa-f6184821728a,0.58292858763505,233.77999999999997
a18f2824-bbf6-4bfd-a600-b5d1bd769e8a,0.57861756439215,257.78000000000003
4f946ab2-3977-45fb-9585-0bbc07965a83,0.5848601572221,234.77999999999997
4e4e6859-627c-45b0-b269-f02077648db8,0.5824083716746,226.77999999999997
660ce667-c855-4d04-a12c-f3ebbecd368b,0.58493354907635,229.77999999999997
98a699a1-b360-4b7b-ab49-edbb0f25fa39,0.58700406639535,229.77999999999997
8ef64c35-7706-48d5-b79b-4b21165dc50b,0.5847222306278,235.77999999999997
36d5f76e-4e81-4c00-b0de-db5acbf2abbb,0.58326084158775,252.78
827369b2-adf1-44f2-8cdf-3894ce1ba1d0,0.58716203217775,256.78000000000003
cec03a62-6175-4cba-a3b7-f02a090aa023,0.58177851251895,230.78
e1af979b-32e1-44b3-be8e-cc4b8df569ac,0.58112640414465,229.78
095434a8-1f07-49da-aab7-e182668a3f20,0.5826755054891,157.77999999999997
ee3b0710-2d1d-42b4-910f-e3d420000c91,0.5872860017716,158.78
a44d7f54-2298-4da0-8b17-d95524b6ce79,0.583444961045,267.78000000000003
0b38c848-1def-418f-a1fd-0fa41b07d8c0,0.58496481446305,252.78000000000003
21b4b9f6-9c0d-4781-85e6-e16d8b715ad2,0.58312193767395,293.78
747e466c-0677-4410-bfa9-2f38133a187e,0.5830998354205,244.77999999999997
14a7c22a-c865-4860-bfb2-0249b1760ba1,0.58370378071045,249.77999999999997
a8f0b628-07a7-4eb8-9f1e-579a6db5b9e9,0.5840185496137,265.78000000000003
279f58de-8164-4ac6-a8e5-dd8ae1250402,0.58647708784245,202.77999999999997
775fbbb3-7414-4281-91a9-aa67d87f191b,0.5841428990387,259.78000000000003
d7dfb1cb-207a-4080-a453-113e7fe32381,0.58592544382025,223.77999999999997
de749770-d521-4680-8a5b-56fc643ef9e8,0.5835350742817,209.78
fb2de06e-ff67-48a2-8f97-9b1afda112f5,0.5835014400118,211.77999999999997
d41aa55f-4aa9-4421-b819-415cfa2f882a,0.5823175532714,266.78000000000003
387bdef6-f70f-4866-b554-15f267a68610,0.5830182104021,204.77999999999997
90cdea41-b8ab-4a9e-acf1-a5343731fe3f,0.58742370723625,284.78
df843ed2-a27f-4280-8fd3-c53c05c983f1,0.5826755054891,157.77999999999997
73b4d583-cbdd-4c97-845b-c0adf7332cba,0.5872860017716,158.78
c4572296-23b2-4d4e-ba7e-a1bf70af2f7c,0.58489018168075,266.78000000000003
9b828e57-15cc-499e-bbc0-6d42e8c8ed11,0.58496481446305,252.78000000000003
4812092b-84ed-469b-9956-328640cf1b3d,0.58400291024035,286.78
315d5eb4-0263-49e6-bbf7-7adf2dbe5044,0.5828123778277,283.78
c6a4176f-512a-4d1d-88d5-2d31fcc02f8e,0.5830998354205,244.77999999999997
a94b33aa-1f90-403d-8661-e96f5da799c9,0.58370378071045,249.77999999999997
2d270d26-4f6d-4a62-a87b-b16f5bdd50bc,0.58647708784245,202.77999999999997
cab66c0a-61cd-4aa7-91be-2c1f0ce93a3a,0.58296870243625,259.78000000000003
1f6d5dfe-ea74-4a99-84bf-638bcd7e4767,0.58519719099385,251.78
509b4a59-fcf1-4a08-84ca-a2a5d990f4c3,0.5835350742817,209.78
cbc3ba9f-d4dc-46a1-9268-432d1f80ab02,0.5835014400118,211.77999999999997
c6c27d1b-dbe5-447a-9255-b90570ef2c3d,0.58604871324375,285.78
4d0e98d1-012c-47e7-a5dd-25f10660a136,0.5830182104021,204.77999999999997
bb12d333-9c4d-41ff-ab76-72daf0aa8d06,0.58467029873705,264.78000000000003
42036ae2-975f-4f2d-84f0-4d42a321139a,0.5826755054891,157.77999999999997
bd3b7b0f-cf21-4006-9536-32034d545ec3,0.5872860017716,158.78
d11fdd78-6f41-4f52-be19-9f5e2148c701,0.5837554290028,250.77999999999997
b301ddf1-6603-45c6-bc97-3c5c48bead79,0.58468709313835,235.78
9ace0ae6-a684-42ef-9d0f-05594cbdde3c,0.5859504183976,235.78
16453e29-3b0a-4cf7-b2cc-39b748935b70,0.5808608272454,233.78
b1e4d09c-afb4-4112-a879-e112f11ea7b6,0.5852886298672,249.78
93e7d32d-0fbc-4d95-841f-a4d5aefedbe7,0.58227506346285,253.78
4da6e49d-16a7-453a-892b-6aac363a853e,0.58315547451045,236.78
1c516dff-57f3-4522-8330-280b359c6456,0.5819536543197,235.77999999999997
0aefd421-3c8b-4198-8b90-174b94a71bc6,0.5852118994989,241.77999999999997
1cea76ae-2258-486e-bfa5-184257b89f87,0.5832210569511,231.77999999999997
60b2fc8d-6f10-4535-83bd-3a0e0cb6691e,0.5841263970417,242.78
f7436d6f-c5e1-47f3-b79a-88c57dc1e9e0,0.58529872929665,239.78
7d2204f2-5032-4b7e-80d3-540d592f14f6,0.58200691276145,197.77999999999997
e7bc6ed8-dbe9-4e3c-b1cc-a6bfb8f5e53f,0.58259616044125,272.78
3a9a6c0a-9d73-4292-82c9-ab728a82cad0,0.5826755054891,157.77999999999997
2ddc83b3-a809-4b3c-ba9d-ea4b2ae435ce,0.5872860017716,158.78
3b0cb55b-cc7c-43a0-a502-bd8102fcb071,0.58851245474575,214.77999999999997
9b09453f-2e19-4ec8-af99-26f9209624cd,0.58390269687465,226.77999999999997
d1c552d1-6782-4fca-817d-d7c5b82ddb03,0.58338745942455,222.77999999999997
f4c0bf7f-da55-46ef-b969-1daa076ed9ef,0.5808608272454,233.78
1541ec71-6b5f-459a-8197-f37c88859cf3,0.5838974139033,215.77999999999997
8b97aede-d21f-4453-ade3-fcb85509f245,0.58227506346285,253.78
cdeecd6a-04c1-4cb4-8636-99b685cc1f73,0.5859504183976,235.78
963df5e0-72ae-435e-8c1b-6d8c9d0405ba,0.58226673818905,238.78
1e7825d3-9023-487e-a970-33a6bf5d2fbc,0.5855148330904,249.78
da0f867c-0e29-4d11-844c-4a43873440ea,0.5832210569511,231.77999999999997
28656054-b9b7-4a7f-bb32-d7bc464e2b15,0.5859504183976,235.78
2609d114-80ca-4df7-a8f4-fa03797a0ba1,0.5810666731405,257.78000000000003
0aee362d-b3df-40f9-bbd1-50ff1eb5fb15,0.58200691276145,197.77999999999997
4e8bf517-db4f-4f66-b261-79696c69e923,0.5859504183976,235.78
2064d342-7b5b-4631-a55b-ef5fc109cafb,0.5826755054891,157.77999999999997
ff4a24d4-dc81-4340-92ce-e0f023acf9fc,0.5872860017716,158.78
e9320c3b-c12e-4aaa-9388-e168c11bd7da,0.58851245474575,214.77999999999997
43a4e911-caed-404c-91f9-96aac1658e25,0.58389066118685,262.78000000000003
34f35789-530d-4466-964f-46b39181e62a,0.58686673593275,196.77999999999997
ba2a3783-0c13-41dd-a8a9-d0bd51957218,0.58272414525865,236.77999999999997
d7a5cb39-eacc-4e2f-83bc-bad7a61b4bf3,0.58475369686,246.78
a49d2cd8-70a4-450d-b880-d6e5344b3689,0.58462624338975,246.77999999999997
9c2666d9-79e4-4d8e-be99-8ff263b9352a,0.58194560411405,216.77999999999997
ffb0a264-c04e-4dd5-915f-98011eb6c7d2,0.58489450496855,224.77999999999997
692cae4b-6666-4203-ad20-b7e4f8fa1435,0.58435099733205,202.77999999999997
0ff068d3-7211-4d98-a3c5-96722de1c2f7,0.58315679303905,228.77999999999997
ea604875-f509-4bc3-a449-18c1416a0bd3,0.5831659905003,213.78
2805d45e-833a-4e99-8f9f-3d2397630dcc,0.58610713856385,260.78
204827a0-b56e-412c-9779-a10cd7a3a5ea,0.58412489536525,234.77999999999997
e5e62a73-bfe1-4363-8aed-798a7f3f2b55,0.5853394413931,213.77999999999997
36144080-d144-4bf2-9767-671bd644620b,0.5826755054891,157.77999999999997
ea358319-888d-42cf-a51b-98a136d449ea,0.5872860017716,158.78
3d24813a-8da1-47c8-8fe1-ddfb739b3b35,0.58779526800975,223.78
828e770a-de61-4a0f-bc4c-5808d5453d1d,0.5848388857961,212.77999999999997
118eff70-bea7-4921-b1ae-23662a305a3c,0.58686673593275,196.77999999999997
5ec16c98-82fe-4b7e-a4c0-ba35a8dbba7c,0.58563440001685,225.78
03de78f2-4cfe-45f6-a65e-ba964f33e580,0.5849751725164,216.77999999999997
d1be87ce-0f26-477f-853f-eae34707f5d6,0.58669657793385,192.77999999999997
d4ced536-1c22-4001-ae59-398ebe10fc23,0.5820557037789,282.78
926ace7b-4409-4efa-998e-cdbb4903eb14,0.58686673593275,196.77999999999997
f7f36acd-2037-4662-b318-2664e2b544e3,0.58435099733205,202.77999999999997
6db48f92-8d3f-4b00-b0df-223206cc7d2c,0.58398062113425,236.78
3c719e11-be78-40f4-b419-ea58adc0ab19,0.5831659905003,213.78
41399bf2-ba03-48d9-8278-aae5c752177d,0.5832154890887,235.78
b769a6b6-1fd0-4297-92e3-7001ff4f3d56,0.58385359351805,239.78
b27a4bc4-ea7a-483d-bc8a-e2d32f464186,0.5853394413931,213.77999999999997
7eca7e2a-3713-455c-86a4-f04fa5b0c933,0.5826755054891,157.77999999999997
5ab802d7-7a57-439e-923b-f4d154470fb1,0.5872860017716,158.78
fe3e3371-82a3-4d57-a4c3-5f9f59e61bc3,0.58686673593275,196.77999999999997
d2fdfbd8-cf48-4f4d-980c-2b906785b1b8,0.5844670821012,228.77999999999997
30f56ce5-5322-403e-972b-51f914c8cb47,0.58696156869885,209.77999999999997
00ca82f2-e358-4811-bb26-2f48a9d396eb,0.5831271362439,234.78
b8336760-dbe2-407a-8aa5-aaeebfcabdf6,0.58382426715675,233.77999999999997
cd21a6ff-b360-4b13-801a-24998ec7b1c1,0.5841214378162,260.78000000000003
260eb160-5999-479a-82d4-c9470bcbe9ab,0.58322233141495,256.78000000000003
93b387df-165e-4298-afac-679484941bb3,0.58403112589135,187.77999999999997
d06b0ae3-6327-4fde-a787-b24fde6359fc,0.581401142204,251.78
0b06b27a-4988-43e5-b2ee-acca6b42a977,0.58669606207265,232.77999999999997
910e37ff-0469-45e8-8b30-dc40196c6bd4,0.5830084650457,255.77999999999997
c984d32c-6c5c-4b9d-b2b1-f44323a2c79e,0.58455626521295,235.77999999999997
70fdc021-8814-401e-aa7e-5fef4784965d,0.58392734605965,222.77999999999997
47073a76-0021-4427-8237-93ba309b7da4,0.5818958632179,238.78
32f5eae0-4320-4c7f-b4a6-56c91bb71dcd,0.5826755054891,157.77999999999997
356efeb1-f137-4c34-af9d-f7399509101d,0.5872860017716,158.78
4598e2d5-4cf2-4e4d-99d3-90582f870d40,0.58373009944985,204.77999999999997
c113e8f5-35c7-4004-ab71-817bec287160,0.58423999562925,266.78000000000003
6eec2225-0d8f-48c0-a35f-33f824ba0630,0.58696156869885,209.77999999999997
f8f67f36-c093-413c-b0fc-c9852851441c,0.5844670821012,228.77999999999997
5dc21ddc-41d1-4b21-9676-ea7483310188,0.5844670821012,228.77999999999997
9e144223-5351-4ce8-af47-0c596fbfdd0a,0.58683385366495,221.77999999999997
b09a31c9-5245-43c7-9800-24afdd63e456,0.58696156869885,209.77999999999997
0b163510-84fc-4e51-b734-50906406e654,0.58403112589135,187.77999999999997
5a03cd53-5641-4ead-9c6d-eb0c3631a9e3,0.58724997975,237.78
9ab807f5-49c2-441f-94bc-4141bb60aa46,0.5831234081065,249.78
94267f07-51f5-4265-a76b-6b0f82b989b9,0.5844670821012,228.77999999999997
dd339380-2f9f-48a4-8d1a-89db7b17447b,0.58518728140705,237.78
816fa35c-66fc-493c-9176-efd1b8364c66,0.58392734605965,222.77999999999997
81faf4e6-7315-46e8-be1b-074485eee7d6,0.58696156869885,209.77999999999997
0e96891d-e6ee-495d-afe7-290c911f8e49,0.5826755054891,157.77999999999997
d54f2329-87e5-4b99-9f71-b3cba4e817de,0.5872860017716,158.78
6cf0607a-fbbf-4ded-b346-8a7f2a682fc7,0.58373009944985,204.77999999999997
3f8a1260-0375-44f1-baaa-2706c4f86385,0.58387141998345,224.77999999999997
af46059a-d48e-4c9d-9068-5326feecccc3,0.58547331494135,209.77999999999997
b8080677-448f-4b21-82c1-82dd52b51171,0.5848058095295,233.77999999999997
7667f7fb-a70a-4a9d-b32f-5096b0d3b575,0.5842628395155,232.77999999999997
9431531b-05a8-45c5-a7f7-63059ee5e77a,0.58579297305505,240.78
fcddc84a-ec04-4d9c-a5c8-f5de72bf9e70,0.58317635061565,250.77999999999997
8bf9a780-b9cb-4f60-a542-829643c77ba2,0.58429752630415,275.78
8a0eb45c-5cf5-4189-90c5-66879387d07f,0.58403671807175,237.78
9e974c9a-4cb9-4012-a9b3-b8574d613549,0.5848016179256,205.77999999999997
88b35d86-4c0b-4fd8-88b2-485a0f4beb8b,0.58676550748955,228.77999999999997
128844e1-ac04-4f89-a745-29ca0d0ca6b1,0.58342307193735,237.77999999999997
29ead1f3-5d9f-4418-8f91-f21e97a03678,0.5834619214575,251.78
d9c7bf70-8d43-4044-baa6-2754f6a2ac8e,0.5857748403075,220.77999999999997
02efa977-69c0-43d9-9b16-14320caf6f60,0.5826755054891,157.77999999999997
f0be30e3-1ca0-4797-aade-a8ce5c06e3d4,0.5872860017716,158.78
51eac108-a6f9-403c-b8c1-adad594053b6,0.5821687803259,266.78000000000003
fc647348-e0d2-4785-858f-150036ee6ea9,0.58387141998345,224.77999999999997
050565bb-d7f3-412c-855f-1724813d9ca6,0.58547331494135,209.77999999999997
7df4d380-3c89-4a5b-bc4f-8d5d340fae8e,0.58459784203325,224.77999999999997
d86ea748-135a-41fc-a615-03af9e1059a9,0.58390179991325,209.78
c6b095c2-f3c8-4f8c-9a4b-0ee41da45b3d,0.5845158227519,227.77999999999997
e19ca34b-ce89-4f65-b888-5e5c3145c15f,0.58503958312215,217.77999999999997
c9e3c640-bede-4754-a0d9-b91affb62a88,0.587486664175,213.77999999999997
a20aa761-fda2-456e-ac3e-3b11005a0b0f,0.58383523942485,231.78000000000003
bc6c4135-743a-428e-868b-195fce0fedaa,0.5848016179256,205.77999999999997
de7af091-424d-4ad1-89ae-5935fcea6363,0.58662360938745,229.77999999999997
d6ba8bdb-204a-435f-8e4d-264fec3ad7b4,0.58618946268495,260.78000000000003
ebea2613-2a93-47a5-9ba3-08665ea23cc2,0.58002650533945,271.78000000000003
ab53b7d8-4342-4f6b-a81e-67c5f53d76e5,0.5857748403075,220.77999999999997
3c193b22-2317-4e9c-a0ce-3130578debd6,0.5826755054891,157.77999999999997
534b23d7-3aa5-48bf-8aca-ce22f5f31cb5,0.5872860017716,158.78
f7405fcf-75ce-45bc-b2ef-dc833e0031f6,0.58435187525485,254.78
266819ee-e760-4908-aab5-7d46b93e83dd,0.58315241234255,253.78
7620ae3e-7962-44c8-be29-5fe82ecf173a,0.5847546987841,259.78000000000003
42aff2cf-4166-47cd-91d8-0bd20c33a260,0.5854177614842,270.78000000000003
5b840614-27b0-4666-a6a9-5e15e1250c59,0.5840451275611,215.77999999999997
22efd737-6165-4d7b-8648-fcbd6745fbed,0.58563829560155,266.78000000000003
f6ba78c1-e467-42d0-8cfc-3d5c98eb21aa,0.58479506420725,233.77999999999997
fecbc3cb-8419-475c-9e31-f54e54c14188,0.5831868029285,255.77999999999997
e97a487d-ad5c-4f02-8866-3c8aebbc3268,0.584115989048,253.77999999999997
8937495c-1067-43d3-aee4-b44956dfd18f,0.58430792425625,250.78
91f2596d-f432-4801-b0c8-c87dba0b50d3,0.58290082481255,253.78
07ac272d-09db-42e7-80e0-bff27dadac0c,0.58826038595845,229.78
04b88c44-9c27-40b9-9e4f-26b9660b8a36,0.58576300065405,196.77999999999997
35fc0e91-4caf-441d-8cb9-c776290be9da,0.5861722526544,211.78
3924eb80-8973-4979-afc4-4dcd347ff5fe,0.5826755054891,157.77999999999997
9850a007-e942-4642-b1ac-853dc3ac7add,0.5872860017716,158.78
d2c97b31-5a82-4f31-aa2e-2adfb24e4d98,0.58247032490785,247.77999999999997
ea841ab4-1eaa-424a-9137-08cea5436c01,0.58318941343845,217.77999999999997
edbe21b3-a78b-4eaf-938c-fac0c3758da1,0.58587395459375,249.77999999999997
5d3d30fc-7d17-4215-8458-bf68b9728d66,0.5839159245052,279.78
18c2043d-a4b0-475c-bc83-c789c6279b23,0.5840451275611,215.77999999999997
3aa766f6-de4e-4922-9585-a38b3148ab2d,0.5847546987841,259.78000000000003
7773fda3-674e-47ac-a4e5-7b2c26a1a171,0.58389850078835,283.78
66a01219-c6df-47ac-a12e-c015a711791e,0.5853909703168,273.78
21ed5fdc-cd36-4776-8ecc-e20adf581d4c,0.58620758010825,246.77999999999997
1bc30f7f-71ca-438e-a53c-f2dd6bf8fdb8,0.58684536686405,239.77999999999997
afe7161c-f3a6-4fb2-9e31-fffd69b9d897,0.58494129832835,264.78000000000003
3e8b45fe-4e9a-44c1-991e-38a234f5dc0f,0.58826038595845,229.78
6cb07e77-8d54-49ce-869c-0d1ef7724197,0.58576300065405,196.77999999999997
6fd662fa-bfe9-4037-bdad-da22fe401bd5,0.5861722526544,211.78
6e9cb09f-ef64-4e78-a54b-ab3312a77f45,0.5826755054891,157.77999999999997
10d3917c-39ae-4cd4-b07b-b94aa96b6bfb,0.5872860017716,158.78
ace8ff2c-4322-4178-9dd7-e4c624a84fb1,0.5837264895631,270.78000000000003
1a0c2056-c4ed-481f-96fb-889fa6240e19,0.5834692718308,221.77999999999997
12392607-a802-41fe-8205-92abef38c8eb,0.58004861624085,213.77999999999997
c73c6fa7-ac68-412d-af17-fcb77d465154,0.58318909520015,255.78
c05eb1b1-af89-49d3-9649-3e977bb05815,0.5839489789898,225.77999999999997
9190bb48-dc9f-4698-89ed-04487568fafc,0.5837059206256,239.78
1eb6d679-31f0-4496-a5eb-1577047bbdac,0.5832129575538,255.77999999999997
1b15a242-296f-4708-bfbe-a3c1dbc61f75,0.58450326203395,197.77999999999997
bfd12279-0600-4bb0-8352-9a0446b6d01d,0.5859981416795,243.78
9f56ed13-d364-4a09-9b07-a0b995176b70,0.58146578229025,248.77999999999997
8993f1e9-68ae-4f57-9267-e1117032dd1b,0.5826416490165,199.77999999999997
0b8456c1-a2c4-4b25-a07a-813b4d67d429,0.58351857412825,259.78
31efb4a7-8d3f-4603-8c24-98667152097e,0.58494723793745,248.78
d8379811-fd8c-4293-821d-d3ab801213d4,0.5855851795212,207.77999999999997
7d5c0387-5dd0-42e1-bd39-83869a07131d,0.5826755054891,157.77999999999997
da5cc87b-81ee-4c70-91bf-6d8d5ca7a7d0,0.5872860017716,158.78
a63d8a37-8d01-4378-ba08-8d6a26b95782,0.5834997782746,203.78
ee9314cb-ee4a-461a-821d-0d1a57a205db,0.5834692718308,221.77999999999997
2c828202-34eb-48fb-99c3-c86af869efda,0.58251040986285,188.77999999999997
674a2539-8ce9-43e4-b391-e78039aee7c9,0.5827767790047,249.77999999999997
aa27e5ee-e3f6-4f2f-a74f-24324478569b,0.58774811826615,214.77999999999997
5b1673ad-e7ba-44ab-92f1-a18645222eaf,0.58004861624085,213.77999999999997
2247035e-4123-400b-afc4-b3ee4d7adeac,0.5891514137768,224.78
cb07eae5-33d0-47e2-a6a3-a10572b66a23,0.58450326203395,197.77999999999997
a3a40bae-a3e5-481b-8dca-44fb73821105,0.5845080709188,230.78
e9dca053-0ba4-4eb7-af4e-0e5faec62f3d,0.5823141664749,194.77999999999997
8e716877-b29b-457f-ab0e-07cadfe6ee17,0.5826416490165,199.77999999999997
38b9b969-611d-4842-af0a-ebba61516554,0.58591677719945,251.77999999999997
c5b733b1-fdfd-4dda-b431-f2082e2b82d3,0.58343344603425,215.77999999999997
b9b741b7-1ea9-4a41-a20d-52f1c6d782c6,0.5855851795212,207.77999999999997
c6365209-b4a3-4d0b-a890-0a7d3580dc46,0.5826755054891,157.77999999999997
0f61f684-a02e-4351-9f6e-d99694b31944,0.5872860017716,158.78
d5fbf787-19d7-42cf-892c-cfccad8bbd48,0.5834997782746,203.78
580da11d-00a8-4a7d-9d00-3d54ee16f988,0.5840481800592,258.78000000000003
0bb64bf7-474c-4a1a-a170-cf2202c9668c,0.5844706834475,202.77999999999997
4a7543c8-26eb-4121-bf79-10e5ef60c4f6,0.58500933969005,224.77999999999997
a158f28b-2a04-4ba9-82ae-4f65f0b7b7c9,0.58532039021325,207.77999999999997
3edbde03-e71e-4ab0-92c8-b5be68316a4a,0.582929010342,212.77999999999997
f62cbb2e-14f7-439a-8428-537d2dc47139,0.5874692769664,220.77999999999997
8c5b4ee6-70b4-4f70-8b9d-426ef15f6be6,0.5861896209128,210.78
a7283c49-8970-40a3-acc1-f5d7a69c216a,0.5819889746096,248.78
67dae95e-28c6-48fb-8e36-8e1c226713a0,0.5844878533249,214.78
d1b9ef48-517f-46d7-8100-1b602ab157cf,0.58787303617265,248.78
8d7a8daa-f2cd-4814-944a-b45794e89fb2,0.5881989640596,196.77999999999997
99160aa9-1e2a-4fc6-bf9c-4b49644759a3,0.5818534986137,260.78000000000003
b7a06838-baa7-4f12-9615-70db700c3394,0.5867908471705,194.77999999999997
9265b555-61f0-4e2d-81dd-981e9456bb8d,0.5826755054891,157.77999999999997
187c3ad5-837b-4a25-8b56-29f8bd00d726,0.5872860017716,158.78
df87c9a6-269e-4593-a85e-388d2cbd3469,0.5854629252344,220.77999999999997
87aaade1-3ed0-4d6d-b3b8-e1ab229f6195,0.5859914187795,248.77999999999997
6b4ec06f-6488-4019-8e4a-290b21988b1a,0.5844706834475,202.77999999999997
d3cc6050-19a8-4c00-8501-e7a819592f5e,0.5844706834475,202.77999999999997
54197bc3-f2e4-4e20-b52c-5cd6e3604a80,0.58532039021325,207.77999999999997
125c63e9-efaf-4c71-8d97-34939d306301,0.58458922875835,221.77999999999997
f1b4c156-c951-4ded-9d0c-d0c1dc87090c,0.58589342051615,256.78000000000003
2b030c1e-4785-46da-8b2f-ec551299e71e,0.58353246970875,190.77999999999997
ca69b2d7-bd26-485a-84b6-449a43b0e782,0.5868749730151,176.77999999999997
bcc1c963-c775-41f4-b90e-6d2d36c7c50f,0.57920944528435,230.77999999999997
25a322d7-503e-400d-bc94-95447ef14ec0,0.5843678869111,255.78
8a21a7da-97d7-432a-b74a-9d9ab22fd6b7,0.5881989640596,196.77999999999997
471da7b0-fce1-44f6-beb8-d5af44836669,0.5857660946368,202.77999999999997
37e765cb-9e5b-42cd-b170-1cc2f788ac3e,0.5867908471705,194.77999999999997
7c68165f-169a-47bc-b080-b27aaf927e89,0.5826755054891,157.77999999999997
1ba263dd-f0fa-43ea-b504-1a9b55972d35,0.5872860017716,158.78
6b8a234b-22c4-4284-ba2c-542ec4d281bc,0.5840481800592,258.78000000000003
0199d646-03bd-4493-86d9-75ddae42faaf,0.5849478963888,273.78
c2078470-ec87-4a07-909c-078858d50cde,0.59001696562025,192.77999999999997
83446e0b-82d8-42d3-9c84-2340d3f56ef9,0.5811477951514,199.77999999999997
b12aba3e-94a6-4f30-a81e-050ee65b7fb7,0.5873147678851,224.77999999999997
7db91bf8-e904-497a-b489-c8fbadb0cfa4,0.581878380263,260.78
d9fe5e63-b30b-47e9-a49b-9008b23b0906,0.5818160722029,224.78
6dd8a419-b825-446b-84a8-7144c9d25bbb,0.5874105827664,218.77999999999997
70a7ca5f-de6e-4b44-b6ec-e37f589bbb7f,0.5870506058952,275.78
2f237a46-26b5-4ad2-81b5-6eadf8bd8e5f,0.58492900196465,256.78000000000003
fe891ebd-d360-4cff-8eb5-f602bf9f0af7,0.58509834607735,238.78
2bf65875-b627-47fa-aa50-10a1a1434bad,0.5878989696593,209.77999999999997
1836796c-cddf-419b-abff-d30d8b64d647,0.5805319634156,262.78
77363ddc-4958-4e34-b492-eeba69069259,0.5871311224553,204.77999999999997
28afde4d-5d5b-4511-8596-e42be63bcb0f,0.5826755054891,157.77999999999997
611f92af-08a0-4e95-b785-e0811755627e,0.5872860017716,158.78
42a7d2e2-2137-4523-917d-9db0cb7eb5e2,0.5821243719775,267.78000000000003
bdf31616-0157-4692-9872-f6d47a8433e4,0.59001696562025,192.77999999999997
91ba38b6-c14d-463f-8c55-ce509726a986,0.59001696562025,192.77999999999997
aecb51af-2208-4a9c-8a66-dd2e013022e2,0.5811477951514,199.77999999999997
62c5eb49-c1eb-4fdb-90db-827c190ed816,0.583478344033,240.77999999999997
41725d54-12f5-4df2-86ab-6bf6fa37cf9d,0.5878254090455,237.78
0a165836-3535-4fa0-b4ec-6670de8a93ad,0.5849478963888,273.78
3b7a77ee-d092-4df8-b197-c471a5ed297c,0.5849478963888,273.78
681528a6-e805-43ab-a412-103b3e09449c,0.58679069275525,232.77999999999997
38fb2943-8051-446f-bb7d-6f530eb5bf6f,0.58654347329125,194.77999999999997
2bcdc916-25d7-43bc-b52d-c0b8bc0b55ca,0.5822612910195,215.78
53122be1-dc11-4135-abdc-eb81cd61e55a,0.5878989696593,209.77999999999997
a9ecce81-dce0-44e1-a47e-dc9045ae7002,0.58852629286245,194.77999999999997
030c1044-cafb-48c1-a2f0-612cded3e65f,0.5871311224553,204.77999999999997
7bdfad94-1b38-44b9-9c90-39773cae97de,0.5826755054891,157.77999999999997
ce6ef813-a318-48a2-897d-d3dd6a84caca,0.5872860017716,158.78
2881841f-9e4d-433d-abcd-0d50bf3cc1a8,0.58575027492895,232.77999999999997
b9a087d3-fa8b-48d6-a32b-1966d4a79a8a,0.5882712838845,234.77999999999997
43ae394c-37c5-4ea2-8d25-c7e82f77aab7,0.5861732579658,227.77999999999997
eef0f577-56ff-4999-bbfc-677df666a389,0.5843290541287,223.77999999999997
6bccf7cc-e973-40ad-9f42-afb9be4ca0d8,0.58369771569635,243.77999999999997
bce51509-505f-403c-ba7d-3a758e74cb18,0.58172154674475,250.77999999999997
d5a0d075-86ce-4a67-9fb9-a4d3a7ee46dc,0.5819788675278,270.78000000000003
a1cc003b-a326-4834-abbb-cbf33813b4fb,0.5841564886624,235.78
920fcb63-d1f1-4d53-aa7f-2f23472d9e81,0.5852598823213,219.77999999999997
dc2570d5-5afd-47eb-8aea-95bcdb426aed,0.58584671685825,211.77999999999997
2f24a5db-68b9-4b4f-b4fa-8883aeae2e6d,0.58330825597455,183.78
0f14c22c-0069-48fa-b300-d990d1d3fc72,0.5877883390872,218.78
54321ece-ce71-4623-affd-5c6aad64d025,0.5840154468889,193.77999999999997
fa9a6e0d-1660-46e0-ab97-f09b8d415a4d,0.5832324835719,206.77999999999997
c3a9178c-e839-4d23-bc3d-b1fe0675ad88,0.5826755054891,157.77999999999997
9ccfa869-03b5-4e0c-9799-1e004f974ebb,0.5872860017716,158.78
cd7f69dc-8e2b-4c71-b580-645ae5a2655d,0.5808140583916,264.78000000000003
04cc4013-d20a-45d8-b071-e12da5ddca5e,0.58454927267955,214.77999999999997
4d46b1ac-0dae-4d56-bb9c-72675d1a5232,0.58547799661265,267.7800000000001
dbd40951-bbb4-4c18-9f11-bcc035b4e2a7,0.5852191553755,210.77999999999997
43181c84-7237-4b08-a2e7-4942f8a07516,0.58767167304815,225.78
9a229b8a-4be5-4194-a523-2ad564f316f6,0.5852088141582,214.77999999999997
66073de9-adfe-4cdc-b8a5-422486b3b124,0.58603085435935,240.77999999999997
c18ab056-9cfb-49c3-b25d-8a4454ce8499,0.58441906669085,234.78
b12e22cc-f484-4e97-8e88-1ebb98054d66,0.5882712838845,234.77999999999997
74339cce-7b3b-4043-9ab5-a250e55cb0eb,0.58584671685825,211.77999999999997
f4a2f61f-f8d8-4139-916e-2a20753536cf,0.58330825597455,183.78
476d1e0c-a87b-4d0c-941b-efae95499ada,0.5861732579658,227.77999999999997
4204c8c7-1045-4971-8a83-e5cb617d64de,0.5840154468889,193.77999999999997
839a9f1f-d1b5-4fc0-b426-1ed21958e4d7,0.5832324835719,206.77999999999997
e251d9d6-3e19-4355-aee8-70f35e4f06e6,0.5826755054891,157.77999999999997
8083c354-7ecb-487e-bb0a-1d9fb3534136,0.5872860017716,158.78
3792d363-9241-4468-8dfc-c829edf44b82,0.58473177320125,235.77999999999997
b40630a3-245f-4d85-8334-3ac82dbf0f3f,0.5872240644869,248.78
ebb20e33-7323-45da-948b-39f3d6ef06d5,0.58507171891845,223.77999999999997
3e9c5385-dcd8-4a20-8eb5-7c62aba586bb,0.5871393297529,221.77999999999997
c0422f0e-b934-4e64-b231-1df3ba12cfa3,0.5874528907435,212.77999999999997
e8ffebd5-2aaf-45f4-b3aa-0122da3d8e4a,0.5874410533365,216.78000000000003
45894a72-bbdc-47cd-88be-5e13a40227c9,0.58307077312405,231.78
c4cd47da-a81a-4f5a-85f6-098e4faa2cf8,0.5812845977114,219.78
602ce5ad-131b-4ffb-8dc3-1fd343be90e9,0.58373413871835,234.78
f8374104-1794-4af9-a614-6c887f883b55,0.5843891760289,213.78
02ba0a0f-54f0-4ce2-b11f-1b4605faa563,0.5870690887258,234.78
d388d972-c189-4a22-917f-109209620180,0.58638248033645,219.78
d0b2e8cc-dd98-41d7-94af-e09fab36965f,0.58596757055325,220.77999999999997
0dde0f64-1067-4cbc-8036-4d679bbe5471,0.582422616168,175.77999999999997
8a21b57f-f142-4d6b-9ff2-536932cae89e,0.5826755054891,157.77999999999997
0a88d43e-d122-4362-aa0a-88e421f63049,0.5872860017716,158.78
e6765073-1f49-46f4-916d-0959183b52e2,0.58514351492425,191.77999999999997
ad357ddb-f8bf-4327-b2c6-1f8c9ef9a187,0.5872240644869,248.78
066e24de-4994-4f77-b9a3-b795211c0dc8,0.58507171891845,223.77999999999997
1ef0bd77-523b-4bf2-9a2b-f67342a3d43a,0.5844125689833,266.78000000000003
aa8fef0c-dd3e-4460-8a07-e668185a591d,0.5874528907435,212.77999999999997
5c7ab1f9-41c6-4982-9157-c7c140376c9b,0.58484018712975,207.77999999999997
bfc1f5d3-217e-42ed-8693-0b59206571ad,0.58492003999915,235.78
271036b9-f572-4d75-8eac-e5e9523eb615,0.5872240644869,248.78
e0ce53fc-1373-4b70-b405-b29371b35961,0.5853454321655,230.77999999999997
e20eb056-5421-4bfa-8ba7-4062f12d71c3,0.5843891760289,213.78
71726fb1-1ffb-4ae9-9980-da289258f5cf,0.5872240644869,248.78
bf399fe7-424e-4617-a856-0598e1d93a64,0.58393374082255,236.77999999999997
cc463b74-65a5-4cf6-8914-6fb336014931,0.5854714618355,218.78
4f2f5fb7-e5d5-47d8-aa7e-6445570ea5c9,0.582422616168,175.77999999999997
d11ba37c-69d5-418f-8625-dabe29e4a553,0.5826755054891,157.77999999999997
97e7f209-e395-46f0-afe7-45907c65d83a,0.5872860017716,158.78
71722f0b-febd-4cdf-89d0-a4ee8e22c2cf,0.58514351492425,191.77999999999997
79b27e24-b021-47d4-96ee-6c2ce0893a19,0.58191883587905,218.78
642c104e-a4de-4423-909c-97521d804920,0.58463725332015,251.77999999999997
b1fa5477-34c9-4ae5-a6f0-5b178df84621,0.5854791200867,221.77999999999997
0c36d705-79df-4b64-a3ff-91a3f51e396e,0.58520226493305,218.77999999999997
c34c65a9-afb5-4d71-a952-79eedf0e56bd,0.5861406247155,222.77999999999997
176e3226-0897-422d-9abf-cd6446434e1a,0.58484899330065,241.78
b80cddd2-1cc1-4111-933c-aa64613671a9,0.584231431999,207.77999999999997
08a1a865-85ac-4cea-bd89-07478aac84a7,0.58374689479865,265.78000000000003
e96003df-a0d0-4eae-a6ae-4b4eb1fe71fc,0.5847682398649,258.78000000000003
8bcfc987-e8c8-4f0a-9fa1-6c36b02a6d0a,0.581595463059,226.78
9eb69616-f3a7-4d85-882d-9dc02f398550,0.5822389795756,268.78000000000003
84f99621-b264-456c-a152-eb5afb5d545c,0.58591340649585,236.77999999999997
acebaa5e-c6d2-4e13-9428-a85d6abe4bf7,0.58428469927495,249.78
30ef6ab3-2001-40b9-8319-3a2f1b39af04,0.5826755054891,157.77999999999997
c8f2237c-4d8d-4b27-a9b4-bece0e03876e,0.5872860017716,158.78
c4af0cf9-96fe-4040-89ab-c67256bdc6ee,0.5817452965684,214.78
